[roslaunch][INFO] 2025-12-17 19:08:01,347: Checking log directory for disk usage. This may take a while.
Press Ctrl-C to interrupt
[roslaunch][INFO] 2025-12-17 19:08:01,356: Done checking log file disk usage. Usage is <1GB.
[roslaunch][INFO] 2025-12-17 19:08:01,356: roslaunch starting with args ['/opt/ros/noetic/bin/roslaunch', 'tiago_gazebo.launch']
[roslaunch][INFO] 2025-12-17 19:08:01,357: roslaunch env is environ({'ROS_VERSION': '1', 'DISABLE_ROS1_EOL_WARNINGS': '1', 'PKG_CONFIG_PATH': '/opt/pal/gallium/lib/pkgconfig:/opt/pal/gallium/lib/x86_64-linux-gnu/pkgconfig:/opt/ros/noetic/lib/pkgconfig:/opt/ros/noetic/lib/x86_64-linux-gnu/pkgconfig', 'ROS_PYTHON_VERSION': '3', 'HOSTNAME': 'epan-tiago-noetic-ssh', 'VISP_WS': '/home/pal/visp-ws', 'ROS_PACKAGE_PATH': '/home/pal/ros_ws/src:/opt/pal/gallium/share:/opt/ros/noetic/share', 'ROSLISP_PACKAGE_DIRECTORIES': '/home/pal/ros_ws/devel/share/common-lisp', 'PWD': '/home/pal/ros_ws/src', 'XAUTHORITY': '', 'TZ': 'Europe/Paris', 'ROS_IP': '127.0.0.1', 'HOME': '/home/pal', 'ROS_ETC_DIR': '/opt/ros/noetic/etc/ros', 'LS_COLORS': 'rs=0:di=01;34:ln=01;36:mh=00:pi=40;33:so=01;35:do=01;35:bd=40;33;01:cd=40;33;01:or=40;31;01:mi=00:su=37;41:sg=30;43:ca=30;41:tw=30;42:ow=34;42:st=37;44:ex=01;32:*.tar=01;31:*.tgz=01;31:*.arc=01;31:*.arj=01;31:*.taz=01;31:*.lha=01;31:*.lz4=01;31:*.lzh=01;31:*.lzma=01;31:*.tlz=01;31:*.txz=01;31:*.tzo=01;31:*.t7z=01;31:*.zip=01;31:*.z=01;31:*.dz=01;31:*.gz=01;31:*.lrz=01;31:*.lz=01;31:*.lzo=01;31:*.xz=01;31:*.zst=01;31:*.tzst=01;31:*.bz2=01;31:*.bz=01;31:*.tbz=01;31:*.tbz2=01;31:*.tz=01;31:*.deb=01;31:*.rpm=01;31:*.jar=01;31:*.war=01;31:*.ear=01;31:*.sar=01;31:*.rar=01;31:*.alz=01;31:*.ace=01;31:*.zoo=01;31:*.cpio=01;31:*.7z=01;31:*.rz=01;31:*.cab=01;31:*.wim=01;31:*.swm=01;31:*.dwm=01;31:*.esd=01;31:*.jpg=01;35:*.jpeg=01;35:*.mjpg=01;35:*.mjpeg=01;35:*.gif=01;35:*.bmp=01;35:*.pbm=01;35:*.pgm=01;35:*.ppm=01;35:*.tga=01;35:*.xbm=01;35:*.xpm=01;35:*.tif=01;35:*.tiff=01;35:*.png=01;35:*.svg=01;35:*.svgz=01;35:*.mng=01;35:*.pcx=01;35:*.mov=01;35:*.mpg=01;35:*.mpeg=01;35:*.m2v=01;35:*.mkv=01;35:*.webm=01;35:*.ogm=01;35:*.mp4=01;35:*.m4v=01;35:*.mp4v=01;35:*.vob=01;35:*.qt=01;35:*.nuv=01;35:*.wmv=01;35:*.asf=01;35:*.rm=01;35:*.rmvb=01;35:*.flc=01;35:*.avi=01;35:*.fli=01;35:*.flv=01;35:*.gl=01;35:*.dl=01;35:*.xcf=01;35:*.xwd=01;35:*.yuv=01;35:*.cgm=01;35:*.emf=01;35:*.ogv=01;35:*.ogx=01;35:*.aac=00;36:*.au=00;36:*.flac=00;36:*.m4a=00;36:*.mid=00;36:*.midi=00;36:*.mka=00;36:*.mp3=00;36:*.mpc=00;36:*.ogg=00;36:*.ra=00;36:*.wav=00;36:*.oga=00;36:*.opus=00;36:*.spx=00;36:*.xspf=00;36:', 'OROCOS_TARGET': 'gnulinux', 'CMAKE_PREFIX_PATH': '/home/pal/ros_ws/devel:/opt/pal/gallium:/opt/ros/noetic', 'GAZEBO_RESOURCE_PATH': '/home/pal/ros_ws/src/va50:', 'ROS_WORKSPACE': '/home/pal/ros_ws', 'LESSCLOSE': '/usr/bin/lesspipe %s %s', 'PYTHONPATH': '/opt/pal/gallium/lib/python3/dist-packages:/opt/ros/noetic/lib/python3/dist-packages', 'TERM': 'xterm', 'VISP_INPUT_IMAGE_PATH': '/home/pal/visp-ws/visp-images', 'LESSOPEN': '| /usr/bin/lesspipe %s', 'USER': 'pal', 'RTT_COMPONENT_PATH': '/opt/pal/gallium/lib/orocos', 'DISPLAY': ':0', 'SHLVL': '1', 'PAL_DISTRO': 'gallium', 'ROS_MASTER_URI': 'http://localhost:11311/', 'LD_LIBRARY_PATH': '/opt/pal/gallium/lib:/opt/pal/gallium/lib/x86_64-linux-gnu:/opt/ros/noetic/lib:/opt/ros/noetic/lib/x86_64-linux-gnu:/usr/local/lib', 'GAZEBO_MODEL_PATH': '/home/pal/ros_ws/src/va50/models:', 'PATH': '/opt/pal/gallium/bin:/opt/ros/noetic/bin:/opt/pal/gallium/lib/pal_debian_utils/:/usr/local/sbin:/usr/local/bin:/usr/sbin:/usr/bin:/sbin:/bin', 'LUA_PATH': ';;/opt/pal/gallium/share/lua/5.1/?.lua;/opt/pal/gallium/share/lua/5.1/?.lua', 'DEBIAN_FRONTEND': 'noninteractive', 'ROS_ROOT': '/opt/ros/noetic/share/ros', 'ROS_DISTRO': 'noetic', 'QT_X11_NO_MITSHM': '1', '_': '/opt/ros/noetic/bin/roslaunch', 'OLDPWD': '/home/pal/ros_ws', 'LC_CTYPE': 'C.UTF-8', 'ROS_LOG_FILENAME': '/home/pal/.ros/log/5320f078-db73-11f0-9699-0028f8234b19/roslaunch-epan-tiago-noetic-ssh-120.log'})
[roslaunch][INFO] 2025-12-17 19:08:01,357: starting in server mode
[roslaunch.parent][INFO] 2025-12-17 19:08:01,357: starting roslaunch parent run
[roslaunch][INFO] 2025-12-17 19:08:01,358: loading roscore config file /opt/ros/noetic/etc/ros/roscore.xml
[roslaunch][INFO] 2025-12-17 19:08:01,615: Added core node of type [rosout/rosout] in namespace [/]
[roslaunch.config][INFO] 2025-12-17 19:08:01,616: loading config file tiago_gazebo.launch
[roslaunch][INFO] 2025-12-17 19:08:01,690: Added node of type [gazebo_ros/gzserver] in namespace [/]
[roslaunch][INFO] 2025-12-17 19:08:01,691: Added node of type [gazebo_ros/gzclient] in namespace [/]
[roslaunch][INFO] 2025-12-17 19:08:02,462: Added node of type [gazebo_ros/spawn_model] in namespace [/]
[roslaunch][INFO] 2025-12-17 19:08:02,480: Added node of type [controller_manager/spawner] in namespace [/]
[roslaunch][INFO] 2025-12-17 19:08:02,480: Added node of type [head_action/head_action] in namespace [/head_controller/]
[roslaunch][INFO] 2025-12-17 19:08:02,482: Added node of type [controller_manager/spawner] in namespace [/]
[roslaunch][INFO] 2025-12-17 19:08:02,483: Added node of type [controller_manager/spawner] in namespace [/]
[roslaunch][INFO] 2025-12-17 19:08:02,486: Added node of type [controller_manager/spawner] in namespace [/]
[roslaunch][INFO] 2025-12-17 19:08:02,486: Added node of type [pal_gripper_controller_configuration/home_gripper.py] in namespace [/]
[roslaunch][INFO] 2025-12-17 19:08:02,545: Added node of type [play_motion/play_motion] in namespace [/]
[roslaunch][INFO] 2025-12-17 19:08:02,545: Added node of type [play_motion/is_already_there.py] in namespace [/]
[roslaunch][INFO] 2025-12-17 19:08:02,569: Added node of type [moveit_ros_move_group/move_group] in namespace [/]
[roslaunch][INFO] 2025-12-17 19:08:02,570: Added node of type [robot_state_publisher/robot_state_publisher] in namespace [/]
[roslaunch][INFO] 2025-12-17 19:08:02,570: Added node of type [tf_lookup/tf_lookup] in namespace [/]
[roslaunch][INFO] 2025-12-17 19:08:02,578: Added node of type [twist_mux/twist_mux] in namespace [/]
[roslaunch][INFO] 2025-12-17 19:08:02,579: Added node of type [twist_mux/twist_marker] in namespace [/]
[roslaunch][INFO] 2025-12-17 19:08:02,580: Added node of type [twist_mux/joystick_relay.py] in namespace [/]
[roslaunch][INFO] 2025-12-17 19:08:02,592: Added node of type [dynamic_footprint/dynamic_footprint_publisher.py] in namespace [/]
[roslaunch][INFO] 2025-12-17 19:08:02,593: Added node of type [topic_tools/relay] in namespace [/]
[roslaunch][INFO] 2025-12-17 19:08:02,594: Added node of type [pal_pcl_points_throttle_and_filter/throttle_filtering_points] in namespace [/]
[roslaunch][INFO] 2025-12-17 19:08:02,594: Added node of type [tiago_gazebo/tuck_arm.py] in namespace [/]
[roslaunch][INFO] 2025-12-17 19:08:02,595: Added node of type [image_proc/image_proc] in namespace [/xtion/rgb/]
[roslaunch][INFO] 2025-12-17 19:08:02,630: ... selected machine [] for node of type [gazebo_ros/gzserver]
[roslaunch][INFO] 2025-12-17 19:08:02,630: ... selected machine [] for node of type [gazebo_ros/gzclient]
[roslaunch][INFO] 2025-12-17 19:08:02,630: ... selected machine [] for node of type [gazebo_ros/spawn_model]
[roslaunch][INFO] 2025-12-17 19:08:02,630: ... selected machine [] for node of type [controller_manager/spawner]
[roslaunch][INFO] 2025-12-17 19:08:02,630: ... selected machine [] for node of type [head_action/head_action]
[roslaunch][INFO] 2025-12-17 19:08:02,630: ... selected machine [] for node of type [controller_manager/spawner]
[roslaunch][INFO] 2025-12-17 19:08:02,630: ... selected machine [] for node of type [controller_manager/spawner]
[roslaunch][INFO] 2025-12-17 19:08:02,630: ... selected machine [] for node of type [controller_manager/spawner]
[roslaunch][INFO] 2025-12-17 19:08:02,630: ... selected machine [] for node of type [pal_gripper_controller_configuration/home_gripper.py]
[roslaunch][INFO] 2025-12-17 19:08:02,630: ... selected machine [] for node of type [play_motion/play_motion]
[roslaunch][INFO] 2025-12-17 19:08:02,630: ... selected machine [] for node of type [play_motion/is_already_there.py]
[roslaunch][INFO] 2025-12-17 19:08:02,630: ... selected machine [] for node of type [moveit_ros_move_group/move_group]
[roslaunch][INFO] 2025-12-17 19:08:02,630: ... selected machine [] for node of type [robot_state_publisher/robot_state_publisher]
[roslaunch][INFO] 2025-12-17 19:08:02,630: ... selected machine [] for node of type [tf_lookup/tf_lookup]
[roslaunch][INFO] 2025-12-17 19:08:02,630: ... selected machine [] for node of type [twist_mux/twist_mux]
[roslaunch][INFO] 2025-12-17 19:08:02,630: ... selected machine [] for node of type [twist_mux/twist_marker]
[roslaunch][INFO] 2025-12-17 19:08:02,630: ... selected machine [] for node of type [twist_mux/joystick_relay.py]
[roslaunch][INFO] 2025-12-17 19:08:02,630: ... selected machine [] for node of type [dynamic_footprint/dynamic_footprint_publisher.py]
[roslaunch][INFO] 2025-12-17 19:08:02,630: ... selected machine [] for node of type [topic_tools/relay]
[roslaunch][INFO] 2025-12-17 19:08:02,630: ... selected machine [] for node of type [pal_pcl_points_throttle_and_filter/throttle_filtering_points]
[roslaunch][INFO] 2025-12-17 19:08:02,630: ... selected machine [] for node of type [tiago_gazebo/tuck_arm.py]
[roslaunch][INFO] 2025-12-17 19:08:02,630: ... selected machine [] for node of type [image_proc/image_proc]
[roslaunch.pmon][INFO] 2025-12-17 19:08:02,632: start_process_monitor: creating ProcessMonitor
[roslaunch.pmon][INFO] 2025-12-17 19:08:02,632: created process monitor <ProcessMonitor(ProcessMonitor-1, initial daemon)>
[roslaunch.pmon][INFO] 2025-12-17 19:08:02,632: start_process_monitor: ProcessMonitor started
[roslaunch.parent][INFO] 2025-12-17 19:08:02,632: starting parent XML-RPC server
[roslaunch.server][INFO] 2025-12-17 19:08:02,632: starting roslaunch XML-RPC server
[roslaunch.server][INFO] 2025-12-17 19:08:02,632: waiting for roslaunch XML-RPC server to initialize
[xmlrpc][INFO] 2025-12-17 19:08:02,632: XML-RPC server binding to 127.0.0.1:0
[xmlrpc][INFO] 2025-12-17 19:08:02,633: Started XML-RPC server [http://127.0.0.1:34085/]
[xmlrpc][INFO] 2025-12-17 19:08:02,633: xml rpc node: starting XML-RPC server
[roslaunch][INFO] 2025-12-17 19:08:02,644: started roslaunch server http://127.0.0.1:34085/
[roslaunch.parent][INFO] 2025-12-17 19:08:02,644: ... parent XML-RPC server started
[roslaunch][INFO] 2025-12-17 19:08:02,649: master.is_running[http://localhost:11311/]
[roslaunch][INFO] 2025-12-17 19:08:02,650: auto-starting new master
[roslaunch][INFO] 2025-12-17 19:08:02,650: create_master_process: rosmaster, /opt/ros/noetic/share/ros, 11311, 3, None, False
[roslaunch][INFO] 2025-12-17 19:08:02,650: process[master]: launching with args [['rosmaster', '--core', '-p', '11311', '-w', '3']]
[roslaunch.pmon][INFO] 2025-12-17 19:08:02,650: ProcessMonitor.register[master]
[roslaunch.pmon][INFO] 2025-12-17 19:08:02,650: ProcessMonitor.register[master] complete
[roslaunch][INFO] 2025-12-17 19:08:02,650: process[master]: starting os process
[roslaunch][INFO] 2025-12-17 19:08:02,651: process[master]: start w/ args [['rosmaster', '--core', '-p', '11311', '-w', '3', '__log:=/home/pal/.ros/log/5320f078-db73-11f0-9699-0028f8234b19/master.log']]
[roslaunch][INFO] 2025-12-17 19:08:02,651: process[master]: cwd will be [/home/pal/.ros]
[roslaunch][INFO] 2025-12-17 19:08:02,656: process[master]: started with pid [140]
[roslaunch][INFO] 2025-12-17 19:08:02,656: master.is_running[http://localhost:11311/]
[roslaunch][INFO] 2025-12-17 19:08:02,758: master.is_running[http://localhost:11311/]
[roslaunch][INFO] 2025-12-17 19:08:02,858: master.is_running[http://localhost:11311/]
[roslaunch][INFO] 2025-12-17 19:08:02,959: master.is_running[http://localhost:11311/]
[roslaunch][INFO] 2025-12-17 19:08:02,961: master.is_running[http://localhost:11311/]
[roslaunch][INFO] 2025-12-17 19:08:02,962: ROS_MASTER_URI=http://localhost:11311/
[roslaunch][INFO] 2025-12-17 19:08:02,963: setting /run_id to 5320f078-db73-11f0-9699-0028f8234b19
[roslaunch][INFO] 2025-12-17 19:08:02,964: setting /roslaunch/uris/host_127_0_0_1__34085' to http://127.0.0.1:34085/
[roslaunch][INFO] 2025-12-17 19:08:02,966: ... preparing to launch node of type [rosout/rosout]
[roslaunch][INFO] 2025-12-17 19:08:02,967: create_node_process: package[rosout] type[rosout] machine[Machine(name[] env_loader[None] address[localhost] ssh_port[22] user[None] assignable[True] timeout[10.0])] master_uri[http://localhost:11311/]
[roslaunch][INFO] 2025-12-17 19:08:02,967: process[rosout-1]: env[{'ROS_VERSION': '1', 'DISABLE_ROS1_EOL_WARNINGS': '1', 'PKG_CONFIG_PATH': '/opt/pal/gallium/lib/pkgconfig:/opt/pal/gallium/lib/x86_64-linux-gnu/pkgconfig:/opt/ros/noetic/lib/pkgconfig:/opt/ros/noetic/lib/x86_64-linux-gnu/pkgconfig', 'ROS_PYTHON_VERSION': '3', 'HOSTNAME': 'epan-tiago-noetic-ssh', 'VISP_WS': '/home/pal/visp-ws', 'ROS_PACKAGE_PATH': '/home/pal/ros_ws/src:/opt/pal/gallium/share:/opt/ros/noetic/share', 'ROSLISP_PACKAGE_DIRECTORIES': '/home/pal/ros_ws/devel/share/common-lisp', 'PWD': '/home/pal/ros_ws/src', 'XAUTHORITY': '', 'TZ': 'Europe/Paris', 'ROS_IP': '127.0.0.1', 'HOME': '/home/pal', 'ROS_ETC_DIR': '/opt/ros/noetic/etc/ros', 'LS_COLORS': 'rs=0:di=01;34:ln=01;36:mh=00:pi=40;33:so=01;35:do=01;35:bd=40;33;01:cd=40;33;01:or=40;31;01:mi=00:su=37;41:sg=30;43:ca=30;41:tw=30;42:ow=34;42:st=37;44:ex=01;32:*.tar=01;31:*.tgz=01;31:*.arc=01;31:*.arj=01;31:*.taz=01;31:*.lha=01;31:*.lz4=01;31:*.lzh=01;31:*.lzma=01;31:*.tlz=01;31:*.txz=01;31:*.tzo=01;31:*.t7z=01;31:*.zip=01;31:*.z=01;31:*.dz=01;31:*.gz=01;31:*.lrz=01;31:*.lz=01;31:*.lzo=01;31:*.xz=01;31:*.zst=01;31:*.tzst=01;31:*.bz2=01;31:*.bz=01;31:*.tbz=01;31:*.tbz2=01;31:*.tz=01;31:*.deb=01;31:*.rpm=01;31:*.jar=01;31:*.war=01;31:*.ear=01;31:*.sar=01;31:*.rar=01;31:*.alz=01;31:*.ace=01;31:*.zoo=01;31:*.cpio=01;31:*.7z=01;31:*.rz=01;31:*.cab=01;31:*.wim=01;31:*.swm=01;31:*.dwm=01;31:*.esd=01;31:*.jpg=01;35:*.jpeg=01;35:*.mjpg=01;35:*.mjpeg=01;35:*.gif=01;35:*.bmp=01;35:*.pbm=01;35:*.pgm=01;35:*.ppm=01;35:*.tga=01;35:*.xbm=01;35:*.xpm=01;35:*.tif=01;35:*.tiff=01;35:*.png=01;35:*.svg=01;35:*.svgz=01;35:*.mng=01;35:*.pcx=01;35:*.mov=01;35:*.mpg=01;35:*.mpeg=01;35:*.m2v=01;35:*.mkv=01;35:*.webm=01;35:*.ogm=01;35:*.mp4=01;35:*.m4v=01;35:*.mp4v=01;35:*.vob=01;35:*.qt=01;35:*.nuv=01;35:*.wmv=01;35:*.asf=01;35:*.rm=01;35:*.rmvb=01;35:*.flc=01;35:*.avi=01;35:*.fli=01;35:*.flv=01;35:*.gl=01;35:*.dl=01;35:*.xcf=01;35:*.xwd=01;35:*.yuv=01;35:*.cgm=01;35:*.emf=01;35:*.ogv=01;35:*.ogx=01;35:*.aac=00;36:*.au=00;36:*.flac=00;36:*.m4a=00;36:*.mid=00;36:*.midi=00;36:*.mka=00;36:*.mp3=00;36:*.mpc=00;36:*.ogg=00;36:*.ra=00;36:*.wav=00;36:*.oga=00;36:*.opus=00;36:*.spx=00;36:*.xspf=00;36:', 'OROCOS_TARGET': 'gnulinux', 'CMAKE_PREFIX_PATH': '/home/pal/ros_ws/devel:/opt/pal/gallium:/opt/ros/noetic', 'GAZEBO_RESOURCE_PATH': '/home/pal/ros_ws/src/va50:', 'ROS_WORKSPACE': '/home/pal/ros_ws', 'LESSCLOSE': '/usr/bin/lesspipe %s %s', 'PYTHONPATH': '/opt/pal/gallium/lib/python3/dist-packages:/opt/ros/noetic/lib/python3/dist-packages', 'TERM': 'xterm', 'VISP_INPUT_IMAGE_PATH': '/home/pal/visp-ws/visp-images', 'LESSOPEN': '| /usr/bin/lesspipe %s', 'USER': 'pal', 'RTT_COMPONENT_PATH': '/opt/pal/gallium/lib/orocos', 'DISPLAY': ':0', 'SHLVL': '1', 'PAL_DISTRO': 'gallium', 'ROS_MASTER_URI': 'http://localhost:11311/', 'LD_LIBRARY_PATH': '/opt/pal/gallium/lib:/opt/pal/gallium/lib/x86_64-linux-gnu:/opt/ros/noetic/lib:/opt/ros/noetic/lib/x86_64-linux-gnu:/usr/local/lib', 'GAZEBO_MODEL_PATH': '/home/pal/ros_ws/src/va50/models:', 'PATH': '/opt/pal/gallium/bin:/opt/ros/noetic/bin:/opt/pal/gallium/lib/pal_debian_utils/:/usr/local/sbin:/usr/local/bin:/usr/sbin:/usr/bin:/sbin:/bin', 'LUA_PATH': ';;/opt/pal/gallium/share/lua/5.1/?.lua;/opt/pal/gallium/share/lua/5.1/?.lua', 'DEBIAN_FRONTEND': 'noninteractive', 'ROS_ROOT': '/opt/ros/noetic/share/ros', 'ROS_DISTRO': 'noetic', 'QT_X11_NO_MITSHM': '1', '_': '/opt/ros/noetic/bin/roslaunch', 'OLDPWD': '/home/pal/ros_ws', 'LC_CTYPE': 'C.UTF-8', 'ROS_LOG_FILENAME': '/home/pal/.ros/log/5320f078-db73-11f0-9699-0028f8234b19/roslaunch-epan-tiago-noetic-ssh-120.log'}]
[roslaunch][INFO] 2025-12-17 19:08:03,040: process[rosout-1]: args[['/opt/ros/noetic/lib/rosout/rosout', '__name:=rosout']]
[roslaunch][INFO] 2025-12-17 19:08:03,040: ... created process [rosout-1]
[roslaunch.pmon][INFO] 2025-12-17 19:08:03,040: ProcessMonitor.register[rosout-1]
[roslaunch.pmon][INFO] 2025-12-17 19:08:03,040: ProcessMonitor.register[rosout-1] complete
[roslaunch][INFO] 2025-12-17 19:08:03,040: ... registered process [rosout-1]
[roslaunch][INFO] 2025-12-17 19:08:03,040: process[rosout-1]: starting os process
[roslaunch][INFO] 2025-12-17 19:08:03,040: process[rosout-1]: start w/ args [['/opt/ros/noetic/lib/rosout/rosout', '__name:=rosout', '__log:=/home/pal/.ros/log/5320f078-db73-11f0-9699-0028f8234b19/rosout-1.log']]
[roslaunch][INFO] 2025-12-17 19:08:03,040: process[rosout-1]: cwd will be [/home/pal/.ros]
[roslaunch][INFO] 2025-12-17 19:08:03,044: process[rosout-1]: started with pid [150]
[roslaunch][INFO] 2025-12-17 19:08:03,045: ... successfully launched [rosout-1]
[roslaunch][INFO] 2025-12-17 19:08:03,045: load_parameters starting ...
[roslaunch][INFO] 2025-12-17 19:08:03,176: ... load_parameters complete
[roslaunch][INFO] 2025-12-17 19:08:03,176: launch_nodes: launching local nodes ...
[roslaunch][INFO] 2025-12-17 19:08:03,178: ... preparing to launch node of type [gazebo_ros/gzserver]
[roslaunch][INFO] 2025-12-17 19:08:03,178: create_node_process: package[gazebo_ros] type[gzserver] machine[Machine(name[] env_loader[None] address[localhost] ssh_port[22] user[None] assignable[True] timeout[10.0])] master_uri[http://localhost:11311/]
[roslaunch][INFO] 2025-12-17 19:08:03,178: process[gazebo-2]: env[{'ROS_VERSION': '1', 'DISABLE_ROS1_EOL_WARNINGS': '1', 'PKG_CONFIG_PATH': '/opt/pal/gallium/lib/pkgconfig:/opt/pal/gallium/lib/x86_64-linux-gnu/pkgconfig:/opt/ros/noetic/lib/pkgconfig:/opt/ros/noetic/lib/x86_64-linux-gnu/pkgconfig', 'ROS_PYTHON_VERSION': '3', 'HOSTNAME': 'epan-tiago-noetic-ssh', 'VISP_WS': '/home/pal/visp-ws', 'ROS_PACKAGE_PATH': '/home/pal/ros_ws/src:/opt/pal/gallium/share:/opt/ros/noetic/share', 'ROSLISP_PACKAGE_DIRECTORIES': '/home/pal/ros_ws/devel/share/common-lisp', 'PWD': '/home/pal/ros_ws/src', 'XAUTHORITY': '', 'TZ': 'Europe/Paris', 'ROS_IP': '127.0.0.1', 'HOME': '/home/pal', 'ROS_ETC_DIR': '/opt/ros/noetic/etc/ros', 'LS_COLORS': 'rs=0:di=01;34:ln=01;36:mh=00:pi=40;33:so=01;35:do=01;35:bd=40;33;01:cd=40;33;01:or=40;31;01:mi=00:su=37;41:sg=30;43:ca=30;41:tw=30;42:ow=34;42:st=37;44:ex=01;32:*.tar=01;31:*.tgz=01;31:*.arc=01;31:*.arj=01;31:*.taz=01;31:*.lha=01;31:*.lz4=01;31:*.lzh=01;31:*.lzma=01;31:*.tlz=01;31:*.txz=01;31:*.tzo=01;31:*.t7z=01;31:*.zip=01;31:*.z=01;31:*.dz=01;31:*.gz=01;31:*.lrz=01;31:*.lz=01;31:*.lzo=01;31:*.xz=01;31:*.zst=01;31:*.tzst=01;31:*.bz2=01;31:*.bz=01;31:*.tbz=01;31:*.tbz2=01;31:*.tz=01;31:*.deb=01;31:*.rpm=01;31:*.jar=01;31:*.war=01;31:*.ear=01;31:*.sar=01;31:*.rar=01;31:*.alz=01;31:*.ace=01;31:*.zoo=01;31:*.cpio=01;31:*.7z=01;31:*.rz=01;31:*.cab=01;31:*.wim=01;31:*.swm=01;31:*.dwm=01;31:*.esd=01;31:*.jpg=01;35:*.jpeg=01;35:*.mjpg=01;35:*.mjpeg=01;35:*.gif=01;35:*.bmp=01;35:*.pbm=01;35:*.pgm=01;35:*.ppm=01;35:*.tga=01;35:*.xbm=01;35:*.xpm=01;35:*.tif=01;35:*.tiff=01;35:*.png=01;35:*.svg=01;35:*.svgz=01;35:*.mng=01;35:*.pcx=01;35:*.mov=01;35:*.mpg=01;35:*.mpeg=01;35:*.m2v=01;35:*.mkv=01;35:*.webm=01;35:*.ogm=01;35:*.mp4=01;35:*.m4v=01;35:*.mp4v=01;35:*.vob=01;35:*.qt=01;35:*.nuv=01;35:*.wmv=01;35:*.asf=01;35:*.rm=01;35:*.rmvb=01;35:*.flc=01;35:*.avi=01;35:*.fli=01;35:*.flv=01;35:*.gl=01;35:*.dl=01;35:*.xcf=01;35:*.xwd=01;35:*.yuv=01;35:*.cgm=01;35:*.emf=01;35:*.ogv=01;35:*.ogx=01;35:*.aac=00;36:*.au=00;36:*.flac=00;36:*.m4a=00;36:*.mid=00;36:*.midi=00;36:*.mka=00;36:*.mp3=00;36:*.mpc=00;36:*.ogg=00;36:*.ra=00;36:*.wav=00;36:*.oga=00;36:*.opus=00;36:*.spx=00;36:*.xspf=00;36:', 'OROCOS_TARGET': 'gnulinux', 'CMAKE_PREFIX_PATH': '/home/pal/ros_ws/devel:/opt/pal/gallium:/opt/ros/noetic', 'GAZEBO_RESOURCE_PATH': '/opt/pal/gallium/share/tiago_gazebo:/opt/pal/gallium/share/pal_gazebo_worlds/../pal_gazebo_worlds_private:/opt/pal/gallium/share/pal_gazebo_worlds/:/home/pal/ros_ws/src/va50:', 'ROS_WORKSPACE': '/home/pal/ros_ws', 'LESSCLOSE': '/usr/bin/lesspipe %s %s', 'PYTHONPATH': '/opt/pal/gallium/lib/python3/dist-packages:/opt/ros/noetic/lib/python3/dist-packages', 'TERM': 'xterm', 'VISP_INPUT_IMAGE_PATH': '/home/pal/visp-ws/visp-images', 'LESSOPEN': '| /usr/bin/lesspipe %s', 'USER': 'pal', 'RTT_COMPONENT_PATH': '/opt/pal/gallium/lib/orocos', 'DISPLAY': ':0', 'SHLVL': '1', 'PAL_DISTRO': 'gallium', 'ROS_MASTER_URI': 'http://localhost:11311/', 'LD_LIBRARY_PATH': '/opt/pal/gallium/lib:/opt/pal/gallium/lib/x86_64-linux-gnu:/opt/ros/noetic/lib:/opt/ros/noetic/lib/x86_64-linux-gnu:/usr/local/lib', 'GAZEBO_MODEL_PATH': '/opt/pal/gallium/share/tiago_gazebo/models:/opt/pal/gallium/share/pal_gazebo_worlds/../pal_gazebo_worlds_private/models:/opt/pal/gallium/share/pal_gazebo_worlds/models:/home/pal/ros_ws/src/va50/models:', 'PATH': '/opt/pal/gallium/bin:/opt/ros/noetic/bin:/opt/pal/gallium/lib/pal_debian_utils/:/usr/local/sbin:/usr/local/bin:/usr/sbin:/usr/bin:/sbin:/bin', 'LUA_PATH': ';;/opt/pal/gallium/share/lua/5.1/?.lua;/opt/pal/gallium/share/lua/5.1/?.lua', 'DEBIAN_FRONTEND': 'noninteractive', 'ROS_ROOT': '/opt/ros/noetic/share/ros', 'ROS_DISTRO': 'noetic', 'QT_X11_NO_MITSHM': '1', '_': '/opt/ros/noetic/bin/roslaunch', 'OLDPWD': '/home/pal/ros_ws', 'LC_CTYPE': 'C.UTF-8', 'ROS_LOG_FILENAME': '/home/pal/.ros/log/5320f078-db73-11f0-9699-0028f8234b19/roslaunch-epan-tiago-noetic-ssh-120.log', 'LC_NUMERIC': 'C'}]
[roslaunch][INFO] 2025-12-17 19:08:03,187: process[gazebo-2]: args[['/opt/pal/gallium/lib/gazebo_ros/gzserver', '-e', 'ode', 'worlds/table_plate_fork_knife.world', '__name:=gazebo']]
[roslaunch][INFO] 2025-12-17 19:08:03,187: ... created process [gazebo-2]
[roslaunch.pmon][INFO] 2025-12-17 19:08:03,188: ProcessMonitor.register[gazebo-2]
[roslaunch.pmon][INFO] 2025-12-17 19:08:03,188: ProcessMonitor.register[gazebo-2] complete
[roslaunch][INFO] 2025-12-17 19:08:03,188: ... registered process [gazebo-2]
[roslaunch][INFO] 2025-12-17 19:08:03,188: process[gazebo-2]: starting os process
[roslaunch][INFO] 2025-12-17 19:08:03,188: process[gazebo-2]: start w/ args [['/opt/pal/gallium/lib/gazebo_ros/gzserver', '-e', 'ode', 'worlds/table_plate_fork_knife.world', '__name:=gazebo', '__log:=/home/pal/.ros/log/5320f078-db73-11f0-9699-0028f8234b19/gazebo-2.log']]
[roslaunch][INFO] 2025-12-17 19:08:03,188: process[gazebo-2]: cwd will be [/home/pal/.ros]
[roslaunch][INFO] 2025-12-17 19:08:03,192: process[gazebo-2]: started with pid [157]
[roslaunch][INFO] 2025-12-17 19:08:03,192: ... successfully launched [gazebo-2]
[roslaunch][INFO] 2025-12-17 19:08:03,192: ... preparing to launch node of type [gazebo_ros/gzclient]
[roslaunch][INFO] 2025-12-17 19:08:03,192: create_node_process: package[gazebo_ros] type[gzclient] machine[Machine(name[] env_loader[None] address[localhost] ssh_port[22] user[None] assignable[True] timeout[10.0])] master_uri[http://localhost:11311/]
[roslaunch][INFO] 2025-12-17 19:08:03,193: process[gazebo_gui-3]: env[{'ROS_VERSION': '1', 'DISABLE_ROS1_EOL_WARNINGS': '1', 'PKG_CONFIG_PATH': '/opt/pal/gallium/lib/pkgconfig:/opt/pal/gallium/lib/x86_64-linux-gnu/pkgconfig:/opt/ros/noetic/lib/pkgconfig:/opt/ros/noetic/lib/x86_64-linux-gnu/pkgconfig', 'ROS_PYTHON_VERSION': '3', 'HOSTNAME': 'epan-tiago-noetic-ssh', 'VISP_WS': '/home/pal/visp-ws', 'ROS_PACKAGE_PATH': '/home/pal/ros_ws/src:/opt/pal/gallium/share:/opt/ros/noetic/share', 'ROSLISP_PACKAGE_DIRECTORIES': '/home/pal/ros_ws/devel/share/common-lisp', 'PWD': '/home/pal/ros_ws/src', 'XAUTHORITY': '', 'TZ': 'Europe/Paris', 'ROS_IP': '127.0.0.1', 'HOME': '/home/pal', 'ROS_ETC_DIR': '/opt/ros/noetic/etc/ros', 'LS_COLORS': 'rs=0:di=01;34:ln=01;36:mh=00:pi=40;33:so=01;35:do=01;35:bd=40;33;01:cd=40;33;01:or=40;31;01:mi=00:su=37;41:sg=30;43:ca=30;41:tw=30;42:ow=34;42:st=37;44:ex=01;32:*.tar=01;31:*.tgz=01;31:*.arc=01;31:*.arj=01;31:*.taz=01;31:*.lha=01;31:*.lz4=01;31:*.lzh=01;31:*.lzma=01;31:*.tlz=01;31:*.txz=01;31:*.tzo=01;31:*.t7z=01;31:*.zip=01;31:*.z=01;31:*.dz=01;31:*.gz=01;31:*.lrz=01;31:*.lz=01;31:*.lzo=01;31:*.xz=01;31:*.zst=01;31:*.tzst=01;31:*.bz2=01;31:*.bz=01;31:*.tbz=01;31:*.tbz2=01;31:*.tz=01;31:*.deb=01;31:*.rpm=01;31:*.jar=01;31:*.war=01;31:*.ear=01;31:*.sar=01;31:*.rar=01;31:*.alz=01;31:*.ace=01;31:*.zoo=01;31:*.cpio=01;31:*.7z=01;31:*.rz=01;31:*.cab=01;31:*.wim=01;31:*.swm=01;31:*.dwm=01;31:*.esd=01;31:*.jpg=01;35:*.jpeg=01;35:*.mjpg=01;35:*.mjpeg=01;35:*.gif=01;35:*.bmp=01;35:*.pbm=01;35:*.pgm=01;35:*.ppm=01;35:*.tga=01;35:*.xbm=01;35:*.xpm=01;35:*.tif=01;35:*.tiff=01;35:*.png=01;35:*.svg=01;35:*.svgz=01;35:*.mng=01;35:*.pcx=01;35:*.mov=01;35:*.mpg=01;35:*.mpeg=01;35:*.m2v=01;35:*.mkv=01;35:*.webm=01;35:*.ogm=01;35:*.mp4=01;35:*.m4v=01;35:*.mp4v=01;35:*.vob=01;35:*.qt=01;35:*.nuv=01;35:*.wmv=01;35:*.asf=01;35:*.rm=01;35:*.rmvb=01;35:*.flc=01;35:*.avi=01;35:*.fli=01;35:*.flv=01;35:*.gl=01;35:*.dl=01;35:*.xcf=01;35:*.xwd=01;35:*.yuv=01;35:*.cgm=01;35:*.emf=01;35:*.ogv=01;35:*.ogx=01;35:*.aac=00;36:*.au=00;36:*.flac=00;36:*.m4a=00;36:*.mid=00;36:*.midi=00;36:*.mka=00;36:*.mp3=00;36:*.mpc=00;36:*.ogg=00;36:*.ra=00;36:*.wav=00;36:*.oga=00;36:*.opus=00;36:*.spx=00;36:*.xspf=00;36:', 'OROCOS_TARGET': 'gnulinux', 'CMAKE_PREFIX_PATH': '/home/pal/ros_ws/devel:/opt/pal/gallium:/opt/ros/noetic', 'GAZEBO_RESOURCE_PATH': '/opt/pal/gallium/share/tiago_gazebo:/opt/pal/gallium/share/pal_gazebo_worlds/../pal_gazebo_worlds_private:/opt/pal/gallium/share/pal_gazebo_worlds/:/home/pal/ros_ws/src/va50:', 'ROS_WORKSPACE': '/home/pal/ros_ws', 'LESSCLOSE': '/usr/bin/lesspipe %s %s', 'PYTHONPATH': '/opt/pal/gallium/lib/python3/dist-packages:/opt/ros/noetic/lib/python3/dist-packages', 'TERM': 'xterm', 'VISP_INPUT_IMAGE_PATH': '/home/pal/visp-ws/visp-images', 'LESSOPEN': '| /usr/bin/lesspipe %s', 'USER': 'pal', 'RTT_COMPONENT_PATH': '/opt/pal/gallium/lib/orocos', 'DISPLAY': ':0', 'SHLVL': '1', 'PAL_DISTRO': 'gallium', 'ROS_MASTER_URI': 'http://localhost:11311/', 'LD_LIBRARY_PATH': '/opt/pal/gallium/lib:/opt/pal/gallium/lib/x86_64-linux-gnu:/opt/ros/noetic/lib:/opt/ros/noetic/lib/x86_64-linux-gnu:/usr/local/lib', 'GAZEBO_MODEL_PATH': '/opt/pal/gallium/share/tiago_gazebo/models:/opt/pal/gallium/share/pal_gazebo_worlds/../pal_gazebo_worlds_private/models:/opt/pal/gallium/share/pal_gazebo_worlds/models:/home/pal/ros_ws/src/va50/models:', 'PATH': '/opt/pal/gallium/bin:/opt/ros/noetic/bin:/opt/pal/gallium/lib/pal_debian_utils/:/usr/local/sbin:/usr/local/bin:/usr/sbin:/usr/bin:/sbin:/bin', 'LUA_PATH': ';;/opt/pal/gallium/share/lua/5.1/?.lua;/opt/pal/gallium/share/lua/5.1/?.lua', 'DEBIAN_FRONTEND': 'noninteractive', 'ROS_ROOT': '/opt/ros/noetic/share/ros', 'ROS_DISTRO': 'noetic', 'QT_X11_NO_MITSHM': '1', '_': '/opt/ros/noetic/bin/roslaunch', 'OLDPWD': '/home/pal/ros_ws', 'LC_CTYPE': 'C.UTF-8', 'ROS_LOG_FILENAME': '/home/pal/.ros/log/5320f078-db73-11f0-9699-0028f8234b19/roslaunch-epan-tiago-noetic-ssh-120.log', 'LC_NUMERIC': 'C'}]
[roslaunch][INFO] 2025-12-17 19:08:03,193: process[gazebo_gui-3]: args[['/opt/pal/gallium/lib/gazebo_ros/gzclient', '__name:=gazebo_gui']]
[roslaunch][INFO] 2025-12-17 19:08:03,193: ... created process [gazebo_gui-3]
[roslaunch.pmon][INFO] 2025-12-17 19:08:03,193: ProcessMonitor.register[gazebo_gui-3]
[roslaunch.pmon][INFO] 2025-12-17 19:08:03,194: ProcessMonitor.register[gazebo_gui-3] complete
[roslaunch][INFO] 2025-12-17 19:08:03,194: ... registered process [gazebo_gui-3]
[roslaunch][INFO] 2025-12-17 19:08:03,194: process[gazebo_gui-3]: starting os process
[roslaunch][INFO] 2025-12-17 19:08:03,194: process[gazebo_gui-3]: start w/ args [['/opt/pal/gallium/lib/gazebo_ros/gzclient', '__name:=gazebo_gui', '__log:=/home/pal/.ros/log/5320f078-db73-11f0-9699-0028f8234b19/gazebo_gui-3.log']]
[roslaunch][INFO] 2025-12-17 19:08:03,194: process[gazebo_gui-3]: cwd will be [/home/pal/.ros]
[roslaunch][INFO] 2025-12-17 19:08:03,198: process[gazebo_gui-3]: started with pid [161]
[roslaunch][INFO] 2025-12-17 19:08:03,198: ... successfully launched [gazebo_gui-3]
[roslaunch][INFO] 2025-12-17 19:08:03,198: ... preparing to launch node of type [gazebo_ros/spawn_model]
[roslaunch][INFO] 2025-12-17 19:08:03,198: create_node_process: package[gazebo_ros] type[spawn_model] machine[Machine(name[] env_loader[None] address[localhost] ssh_port[22] user[None] assignable[True] timeout[10.0])] master_uri[http://localhost:11311/]
[roslaunch][INFO] 2025-12-17 19:08:03,198: process[spawn_model-4]: env[{'ROS_VERSION': '1', 'DISABLE_ROS1_EOL_WARNINGS': '1', 'PKG_CONFIG_PATH': '/opt/pal/gallium/lib/pkgconfig:/opt/pal/gallium/lib/x86_64-linux-gnu/pkgconfig:/opt/ros/noetic/lib/pkgconfig:/opt/ros/noetic/lib/x86_64-linux-gnu/pkgconfig', 'ROS_PYTHON_VERSION': '3', 'HOSTNAME': 'epan-tiago-noetic-ssh', 'VISP_WS': '/home/pal/visp-ws', 'ROS_PACKAGE_PATH': '/home/pal/ros_ws/src:/opt/pal/gallium/share:/opt/ros/noetic/share', 'ROSLISP_PACKAGE_DIRECTORIES': '/home/pal/ros_ws/devel/share/common-lisp', 'PWD': '/home/pal/ros_ws/src', 'XAUTHORITY': '', 'TZ': 'Europe/Paris', 'ROS_IP': '127.0.0.1', 'HOME': '/home/pal', 'ROS_ETC_DIR': '/opt/ros/noetic/etc/ros', 'LS_COLORS': 'rs=0:di=01;34:ln=01;36:mh=00:pi=40;33:so=01;35:do=01;35:bd=40;33;01:cd=40;33;01:or=40;31;01:mi=00:su=37;41:sg=30;43:ca=30;41:tw=30;42:ow=34;42:st=37;44:ex=01;32:*.tar=01;31:*.tgz=01;31:*.arc=01;31:*.arj=01;31:*.taz=01;31:*.lha=01;31:*.lz4=01;31:*.lzh=01;31:*.lzma=01;31:*.tlz=01;31:*.txz=01;31:*.tzo=01;31:*.t7z=01;31:*.zip=01;31:*.z=01;31:*.dz=01;31:*.gz=01;31:*.lrz=01;31:*.lz=01;31:*.lzo=01;31:*.xz=01;31:*.zst=01;31:*.tzst=01;31:*.bz2=01;31:*.bz=01;31:*.tbz=01;31:*.tbz2=01;31:*.tz=01;31:*.deb=01;31:*.rpm=01;31:*.jar=01;31:*.war=01;31:*.ear=01;31:*.sar=01;31:*.rar=01;31:*.alz=01;31:*.ace=01;31:*.zoo=01;31:*.cpio=01;31:*.7z=01;31:*.rz=01;31:*.cab=01;31:*.wim=01;31:*.swm=01;31:*.dwm=01;31:*.esd=01;31:*.jpg=01;35:*.jpeg=01;35:*.mjpg=01;35:*.mjpeg=01;35:*.gif=01;35:*.bmp=01;35:*.pbm=01;35:*.pgm=01;35:*.ppm=01;35:*.tga=01;35:*.xbm=01;35:*.xpm=01;35:*.tif=01;35:*.tiff=01;35:*.png=01;35:*.svg=01;35:*.svgz=01;35:*.mng=01;35:*.pcx=01;35:*.mov=01;35:*.mpg=01;35:*.mpeg=01;35:*.m2v=01;35:*.mkv=01;35:*.webm=01;35:*.ogm=01;35:*.mp4=01;35:*.m4v=01;35:*.mp4v=01;35:*.vob=01;35:*.qt=01;35:*.nuv=01;35:*.wmv=01;35:*.asf=01;35:*.rm=01;35:*.rmvb=01;35:*.flc=01;35:*.avi=01;35:*.fli=01;35:*.flv=01;35:*.gl=01;35:*.dl=01;35:*.xcf=01;35:*.xwd=01;35:*.yuv=01;35:*.cgm=01;35:*.emf=01;35:*.ogv=01;35:*.ogx=01;35:*.aac=00;36:*.au=00;36:*.flac=00;36:*.m4a=00;36:*.mid=00;36:*.midi=00;36:*.mka=00;36:*.mp3=00;36:*.mpc=00;36:*.ogg=00;36:*.ra=00;36:*.wav=00;36:*.oga=00;36:*.opus=00;36:*.spx=00;36:*.xspf=00;36:', 'OROCOS_TARGET': 'gnulinux', 'CMAKE_PREFIX_PATH': '/home/pal/ros_ws/devel:/opt/pal/gallium:/opt/ros/noetic', 'GAZEBO_RESOURCE_PATH': '/home/pal/ros_ws/src/va50:', 'ROS_WORKSPACE': '/home/pal/ros_ws', 'LESSCLOSE': '/usr/bin/lesspipe %s %s', 'PYTHONPATH': '/opt/pal/gallium/lib/python3/dist-packages:/opt/ros/noetic/lib/python3/dist-packages', 'TERM': 'xterm', 'VISP_INPUT_IMAGE_PATH': '/home/pal/visp-ws/visp-images', 'LESSOPEN': '| /usr/bin/lesspipe %s', 'USER': 'pal', 'RTT_COMPONENT_PATH': '/opt/pal/gallium/lib/orocos', 'DISPLAY': ':0', 'SHLVL': '1', 'PAL_DISTRO': 'gallium', 'ROS_MASTER_URI': 'http://localhost:11311/', 'LD_LIBRARY_PATH': '/opt/pal/gallium/lib:/opt/pal/gallium/lib/x86_64-linux-gnu:/opt/ros/noetic/lib:/opt/ros/noetic/lib/x86_64-linux-gnu:/usr/local/lib', 'GAZEBO_MODEL_PATH': '/home/pal/ros_ws/src/va50/models:', 'PATH': '/opt/pal/gallium/bin:/opt/ros/noetic/bin:/opt/pal/gallium/lib/pal_debian_utils/:/usr/local/sbin:/usr/local/bin:/usr/sbin:/usr/bin:/sbin:/bin', 'LUA_PATH': ';;/opt/pal/gallium/share/lua/5.1/?.lua;/opt/pal/gallium/share/lua/5.1/?.lua', 'DEBIAN_FRONTEND': 'noninteractive', 'ROS_ROOT': '/opt/ros/noetic/share/ros', 'ROS_DISTRO': 'noetic', 'QT_X11_NO_MITSHM': '1', '_': '/opt/ros/noetic/bin/roslaunch', 'OLDPWD': '/home/pal/ros_ws', 'LC_CTYPE': 'C.UTF-8', 'ROS_LOG_FILENAME': '/home/pal/.ros/log/5320f078-db73-11f0-9699-0028f8234b19/roslaunch-epan-tiago-noetic-ssh-120.log', 'LC_NUMERIC': 'C'}]
[roslaunch][INFO] 2025-12-17 19:08:03,199: process[spawn_model-4]: args[['/opt/pal/gallium/lib/gazebo_ros/spawn_model', '-urdf', '-param', 'robot_description', '-x', '0.0', '-y', '0.0', '-z', '0.0', '-R', '0.0', '-P', '0.0', '-Y', '0.0', '-model', 'tiago', '__name:=spawn_model']]
[roslaunch][INFO] 2025-12-17 19:08:03,199: ... created process [spawn_model-4]
[roslaunch.pmon][INFO] 2025-12-17 19:08:03,199: ProcessMonitor.register[spawn_model-4]
[roslaunch.pmon][INFO] 2025-12-17 19:08:03,199: ProcessMonitor.register[spawn_model-4] complete
[roslaunch][INFO] 2025-12-17 19:08:03,200: ... registered process [spawn_model-4]
[roslaunch][INFO] 2025-12-17 19:08:03,200: process[spawn_model-4]: starting os process
[roslaunch][INFO] 2025-12-17 19:08:03,200: process[spawn_model-4]: start w/ args [['/opt/pal/gallium/lib/gazebo_ros/spawn_model', '-urdf', '-param', 'robot_description', '-x', '0.0', '-y', '0.0', '-z', '0.0', '-R', '0.0', '-P', '0.0', '-Y', '0.0', '-model', 'tiago', '__name:=spawn_model', '__log:=/home/pal/.ros/log/5320f078-db73-11f0-9699-0028f8234b19/spawn_model-4.log']]
[roslaunch][INFO] 2025-12-17 19:08:03,200: process[spawn_model-4]: cwd will be [/home/pal/.ros]
[roslaunch][INFO] 2025-12-17 19:08:03,205: process[spawn_model-4]: started with pid [166]
[roslaunch][INFO] 2025-12-17 19:08:03,205: ... successfully launched [spawn_model-4]
[roslaunch][INFO] 2025-12-17 19:08:03,205: ... preparing to launch node of type [controller_manager/spawner]
[roslaunch][INFO] 2025-12-17 19:08:03,205: create_node_process: package[controller_manager] type[spawner] machine[Machine(name[] env_loader[None] address[localhost] ssh_port[22] user[None] assignable[True] timeout[10.0])] master_uri[http://localhost:11311/]
[roslaunch][INFO] 2025-12-17 19:08:03,206: process[default_controllers_spawner-5]: env[{'ROS_VERSION': '1', 'DISABLE_ROS1_EOL_WARNINGS': '1', 'PKG_CONFIG_PATH': '/opt/pal/gallium/lib/pkgconfig:/opt/pal/gallium/lib/x86_64-linux-gnu/pkgconfig:/opt/ros/noetic/lib/pkgconfig:/opt/ros/noetic/lib/x86_64-linux-gnu/pkgconfig', 'ROS_PYTHON_VERSION': '3', 'HOSTNAME': 'epan-tiago-noetic-ssh', 'VISP_WS': '/home/pal/visp-ws', 'ROS_PACKAGE_PATH': '/home/pal/ros_ws/src:/opt/pal/gallium/share:/opt/ros/noetic/share', 'ROSLISP_PACKAGE_DIRECTORIES': '/home/pal/ros_ws/devel/share/common-lisp', 'PWD': '/home/pal/ros_ws/src', 'XAUTHORITY': '', 'TZ': 'Europe/Paris', 'ROS_IP': '127.0.0.1', 'HOME': '/home/pal', 'ROS_ETC_DIR': '/opt/ros/noetic/etc/ros', 'LS_COLORS': 'rs=0:di=01;34:ln=01;36:mh=00:pi=40;33:so=01;35:do=01;35:bd=40;33;01:cd=40;33;01:or=40;31;01:mi=00:su=37;41:sg=30;43:ca=30;41:tw=30;42:ow=34;42:st=37;44:ex=01;32:*.tar=01;31:*.tgz=01;31:*.arc=01;31:*.arj=01;31:*.taz=01;31:*.lha=01;31:*.lz4=01;31:*.lzh=01;31:*.lzma=01;31:*.tlz=01;31:*.txz=01;31:*.tzo=01;31:*.t7z=01;31:*.zip=01;31:*.z=01;31:*.dz=01;31:*.gz=01;31:*.lrz=01;31:*.lz=01;31:*.lzo=01;31:*.xz=01;31:*.zst=01;31:*.tzst=01;31:*.bz2=01;31:*.bz=01;31:*.tbz=01;31:*.tbz2=01;31:*.tz=01;31:*.deb=01;31:*.rpm=01;31:*.jar=01;31:*.war=01;31:*.ear=01;31:*.sar=01;31:*.rar=01;31:*.alz=01;31:*.ace=01;31:*.zoo=01;31:*.cpio=01;31:*.7z=01;31:*.rz=01;31:*.cab=01;31:*.wim=01;31:*.swm=01;31:*.dwm=01;31:*.esd=01;31:*.jpg=01;35:*.jpeg=01;35:*.mjpg=01;35:*.mjpeg=01;35:*.gif=01;35:*.bmp=01;35:*.pbm=01;35:*.pgm=01;35:*.ppm=01;35:*.tga=01;35:*.xbm=01;35:*.xpm=01;35:*.tif=01;35:*.tiff=01;35:*.png=01;35:*.svg=01;35:*.svgz=01;35:*.mng=01;35:*.pcx=01;35:*.mov=01;35:*.mpg=01;35:*.mpeg=01;35:*.m2v=01;35:*.mkv=01;35:*.webm=01;35:*.ogm=01;35:*.mp4=01;35:*.m4v=01;35:*.mp4v=01;35:*.vob=01;35:*.qt=01;35:*.nuv=01;35:*.wmv=01;35:*.asf=01;35:*.rm=01;35:*.rmvb=01;35:*.flc=01;35:*.avi=01;35:*.fli=01;35:*.flv=01;35:*.gl=01;35:*.dl=01;35:*.xcf=01;35:*.xwd=01;35:*.yuv=01;35:*.cgm=01;35:*.emf=01;35:*.ogv=01;35:*.ogx=01;35:*.aac=00;36:*.au=00;36:*.flac=00;36:*.m4a=00;36:*.mid=00;36:*.midi=00;36:*.mka=00;36:*.mp3=00;36:*.mpc=00;36:*.ogg=00;36:*.ra=00;36:*.wav=00;36:*.oga=00;36:*.opus=00;36:*.spx=00;36:*.xspf=00;36:', 'OROCOS_TARGET': 'gnulinux', 'CMAKE_PREFIX_PATH': '/home/pal/ros_ws/devel:/opt/pal/gallium:/opt/ros/noetic', 'GAZEBO_RESOURCE_PATH': '/home/pal/ros_ws/src/va50:', 'ROS_WORKSPACE': '/home/pal/ros_ws', 'LESSCLOSE': '/usr/bin/lesspipe %s %s', 'PYTHONPATH': '/opt/pal/gallium/lib/python3/dist-packages:/opt/ros/noetic/lib/python3/dist-packages', 'TERM': 'xterm', 'VISP_INPUT_IMAGE_PATH': '/home/pal/visp-ws/visp-images', 'LESSOPEN': '| /usr/bin/lesspipe %s', 'USER': 'pal', 'RTT_COMPONENT_PATH': '/opt/pal/gallium/lib/orocos', 'DISPLAY': ':0', 'SHLVL': '1', 'PAL_DISTRO': 'gallium', 'ROS_MASTER_URI': 'http://localhost:11311/', 'LD_LIBRARY_PATH': '/opt/pal/gallium/lib:/opt/pal/gallium/lib/x86_64-linux-gnu:/opt/ros/noetic/lib:/opt/ros/noetic/lib/x86_64-linux-gnu:/usr/local/lib', 'GAZEBO_MODEL_PATH': '/home/pal/ros_ws/src/va50/models:', 'PATH': '/opt/pal/gallium/bin:/opt/ros/noetic/bin:/opt/pal/gallium/lib/pal_debian_utils/:/usr/local/sbin:/usr/local/bin:/usr/sbin:/usr/bin:/sbin:/bin', 'LUA_PATH': ';;/opt/pal/gallium/share/lua/5.1/?.lua;/opt/pal/gallium/share/lua/5.1/?.lua', 'DEBIAN_FRONTEND': 'noninteractive', 'ROS_ROOT': '/opt/ros/noetic/share/ros', 'ROS_DISTRO': 'noetic', 'QT_X11_NO_MITSHM': '1', '_': '/opt/ros/noetic/bin/roslaunch', 'OLDPWD': '/home/pal/ros_ws', 'LC_CTYPE': 'C.UTF-8', 'ROS_LOG_FILENAME': '/home/pal/.ros/log/5320f078-db73-11f0-9699-0028f8234b19/roslaunch-epan-tiago-noetic-ssh-120.log', 'LC_NUMERIC': 'C'}]
[roslaunch][INFO] 2025-12-17 19:08:03,207: process[default_controllers_spawner-5]: args[['/opt/pal/gallium/lib/controller_manager/spawner', '--timeout', '120', 'joint_state_controller', 'torso_controller', 'head_controller', 'arm_controller', 'mobile_base_controller', '__name:=default_controllers_spawner']]
[roslaunch][INFO] 2025-12-17 19:08:03,208: ... created process [default_controllers_spawner-5]
[roslaunch.pmon][INFO] 2025-12-17 19:08:03,208: ProcessMonitor.register[default_controllers_spawner-5]
[roslaunch.pmon][INFO] 2025-12-17 19:08:03,208: ProcessMonitor.register[default_controllers_spawner-5] complete
[roslaunch][INFO] 2025-12-17 19:08:03,208: ... registered process [default_controllers_spawner-5]
[roslaunch][INFO] 2025-12-17 19:08:03,208: process[default_controllers_spawner-5]: starting os process
[roslaunch][INFO] 2025-12-17 19:08:03,208: process[default_controllers_spawner-5]: start w/ args [['/opt/pal/gallium/lib/controller_manager/spawner', '--timeout', '120', 'joint_state_controller', 'torso_controller', 'head_controller', 'arm_controller', 'mobile_base_controller', '__name:=default_controllers_spawner', '__log:=/home/pal/.ros/log/5320f078-db73-11f0-9699-0028f8234b19/default_controllers_spawner-5.log']]
[roslaunch][INFO] 2025-12-17 19:08:03,208: process[default_controllers_spawner-5]: cwd will be [/home/pal/.ros]
[roslaunch][INFO] 2025-12-17 19:08:03,214: process[default_controllers_spawner-5]: started with pid [168]
[roslaunch][INFO] 2025-12-17 19:08:03,215: ... successfully launched [default_controllers_spawner-5]
[roslaunch][INFO] 2025-12-17 19:08:03,215: ... preparing to launch node of type [head_action/head_action]
[roslaunch][INFO] 2025-12-17 19:08:03,215: create_node_process: package[head_action] type[head_action] machine[Machine(name[] env_loader[None] address[localhost] ssh_port[22] user[None] assignable[True] timeout[10.0])] master_uri[http://localhost:11311/]
[roslaunch][INFO] 2025-12-17 19:08:03,215: process[head_controller/point_head_action-6]: env[{'ROS_VERSION': '1', 'DISABLE_ROS1_EOL_WARNINGS': '1', 'PKG_CONFIG_PATH': '/opt/pal/gallium/lib/pkgconfig:/opt/pal/gallium/lib/x86_64-linux-gnu/pkgconfig:/opt/ros/noetic/lib/pkgconfig:/opt/ros/noetic/lib/x86_64-linux-gnu/pkgconfig', 'ROS_PYTHON_VERSION': '3', 'HOSTNAME': 'epan-tiago-noetic-ssh', 'VISP_WS': '/home/pal/visp-ws', 'ROS_PACKAGE_PATH': '/home/pal/ros_ws/src:/opt/pal/gallium/share:/opt/ros/noetic/share', 'ROSLISP_PACKAGE_DIRECTORIES': '/home/pal/ros_ws/devel/share/common-lisp', 'PWD': '/home/pal/ros_ws/src', 'XAUTHORITY': '', 'TZ': 'Europe/Paris', 'ROS_IP': '127.0.0.1', 'HOME': '/home/pal', 'ROS_ETC_DIR': '/opt/ros/noetic/etc/ros', 'LS_COLORS': 'rs=0:di=01;34:ln=01;36:mh=00:pi=40;33:so=01;35:do=01;35:bd=40;33;01:cd=40;33;01:or=40;31;01:mi=00:su=37;41:sg=30;43:ca=30;41:tw=30;42:ow=34;42:st=37;44:ex=01;32:*.tar=01;31:*.tgz=01;31:*.arc=01;31:*.arj=01;31:*.taz=01;31:*.lha=01;31:*.lz4=01;31:*.lzh=01;31:*.lzma=01;31:*.tlz=01;31:*.txz=01;31:*.tzo=01;31:*.t7z=01;31:*.zip=01;31:*.z=01;31:*.dz=01;31:*.gz=01;31:*.lrz=01;31:*.lz=01;31:*.lzo=01;31:*.xz=01;31:*.zst=01;31:*.tzst=01;31:*.bz2=01;31:*.bz=01;31:*.tbz=01;31:*.tbz2=01;31:*.tz=01;31:*.deb=01;31:*.rpm=01;31:*.jar=01;31:*.war=01;31:*.ear=01;31:*.sar=01;31:*.rar=01;31:*.alz=01;31:*.ace=01;31:*.zoo=01;31:*.cpio=01;31:*.7z=01;31:*.rz=01;31:*.cab=01;31:*.wim=01;31:*.swm=01;31:*.dwm=01;31:*.esd=01;31:*.jpg=01;35:*.jpeg=01;35:*.mjpg=01;35:*.mjpeg=01;35:*.gif=01;35:*.bmp=01;35:*.pbm=01;35:*.pgm=01;35:*.ppm=01;35:*.tga=01;35:*.xbm=01;35:*.xpm=01;35:*.tif=01;35:*.tiff=01;35:*.png=01;35:*.svg=01;35:*.svgz=01;35:*.mng=01;35:*.pcx=01;35:*.mov=01;35:*.mpg=01;35:*.mpeg=01;35:*.m2v=01;35:*.mkv=01;35:*.webm=01;35:*.ogm=01;35:*.mp4=01;35:*.m4v=01;35:*.mp4v=01;35:*.vob=01;35:*.qt=01;35:*.nuv=01;35:*.wmv=01;35:*.asf=01;35:*.rm=01;35:*.rmvb=01;35:*.flc=01;35:*.avi=01;35:*.fli=01;35:*.flv=01;35:*.gl=01;35:*.dl=01;35:*.xcf=01;35:*.xwd=01;35:*.yuv=01;35:*.cgm=01;35:*.emf=01;35:*.ogv=01;35:*.ogx=01;35:*.aac=00;36:*.au=00;36:*.flac=00;36:*.m4a=00;36:*.mid=00;36:*.midi=00;36:*.mka=00;36:*.mp3=00;36:*.mpc=00;36:*.ogg=00;36:*.ra=00;36:*.wav=00;36:*.oga=00;36:*.opus=00;36:*.spx=00;36:*.xspf=00;36:', 'OROCOS_TARGET': 'gnulinux', 'CMAKE_PREFIX_PATH': '/home/pal/ros_ws/devel:/opt/pal/gallium:/opt/ros/noetic', 'GAZEBO_RESOURCE_PATH': '/home/pal/ros_ws/src/va50:', 'ROS_WORKSPACE': '/home/pal/ros_ws', 'LESSCLOSE': '/usr/bin/lesspipe %s %s', 'PYTHONPATH': '/opt/pal/gallium/lib/python3/dist-packages:/opt/ros/noetic/lib/python3/dist-packages', 'TERM': 'xterm', 'VISP_INPUT_IMAGE_PATH': '/home/pal/visp-ws/visp-images', 'LESSOPEN': '| /usr/bin/lesspipe %s', 'USER': 'pal', 'RTT_COMPONENT_PATH': '/opt/pal/gallium/lib/orocos', 'DISPLAY': ':0', 'SHLVL': '1', 'PAL_DISTRO': 'gallium', 'ROS_MASTER_URI': 'http://localhost:11311/', 'LD_LIBRARY_PATH': '/opt/pal/gallium/lib:/opt/pal/gallium/lib/x86_64-linux-gnu:/opt/ros/noetic/lib:/opt/ros/noetic/lib/x86_64-linux-gnu:/usr/local/lib', 'GAZEBO_MODEL_PATH': '/home/pal/ros_ws/src/va50/models:', 'PATH': '/opt/pal/gallium/bin:/opt/ros/noetic/bin:/opt/pal/gallium/lib/pal_debian_utils/:/usr/local/sbin:/usr/local/bin:/usr/sbin:/usr/bin:/sbin:/bin', 'LUA_PATH': ';;/opt/pal/gallium/share/lua/5.1/?.lua;/opt/pal/gallium/share/lua/5.1/?.lua', 'DEBIAN_FRONTEND': 'noninteractive', 'ROS_ROOT': '/opt/ros/noetic/share/ros', 'ROS_DISTRO': 'noetic', 'QT_X11_NO_MITSHM': '1', '_': '/opt/ros/noetic/bin/roslaunch', 'OLDPWD': '/home/pal/ros_ws', 'LC_CTYPE': 'C.UTF-8', 'ROS_LOG_FILENAME': '/home/pal/.ros/log/5320f078-db73-11f0-9699-0028f8234b19/roslaunch-epan-tiago-noetic-ssh-120.log', 'ROS_NAMESPACE': '/head_controller', 'LC_NUMERIC': 'C'}]
[roslaunch][INFO] 2025-12-17 19:08:03,217: process[head_controller/point_head_action-6]: args[['/opt/pal/gallium/lib/head_action/head_action', '__name:=point_head_action']]
[roslaunch][INFO] 2025-12-17 19:08:03,218: ... created process [head_controller/point_head_action-6]
[roslaunch.pmon][INFO] 2025-12-17 19:08:03,218: ProcessMonitor.register[head_controller/point_head_action-6]
[roslaunch.pmon][INFO] 2025-12-17 19:08:03,218: ProcessMonitor.register[head_controller/point_head_action-6] complete
[roslaunch][INFO] 2025-12-17 19:08:03,218: ... registered process [head_controller/point_head_action-6]
[roslaunch][INFO] 2025-12-17 19:08:03,218: process[head_controller/point_head_action-6]: starting os process
[roslaunch][INFO] 2025-12-17 19:08:03,218: process[head_controller/point_head_action-6]: start w/ args [['/opt/pal/gallium/lib/head_action/head_action', '__name:=point_head_action', '__log:=/home/pal/.ros/log/5320f078-db73-11f0-9699-0028f8234b19/head_controller-point_head_action-6.log']]
[roslaunch][INFO] 2025-12-17 19:08:03,218: process[head_controller/point_head_action-6]: cwd will be [/home/pal/.ros]
[roslaunch][INFO] 2025-12-17 19:08:03,225: process[head_controller/point_head_action-6]: started with pid [169]
[roslaunch][INFO] 2025-12-17 19:08:03,225: ... successfully launched [head_controller/point_head_action-6]
[roslaunch][INFO] 2025-12-17 19:08:03,225: ... preparing to launch node of type [controller_manager/spawner]
[roslaunch][INFO] 2025-12-17 19:08:03,226: create_node_process: package[controller_manager] type[spawner] machine[Machine(name[] env_loader[None] address[localhost] ssh_port[22] user[None] assignable[True] timeout[10.0])] master_uri[http://localhost:11311/]
[roslaunch][INFO] 2025-12-17 19:08:03,226: process[bringup_controllers_spawner_imu-7]: env[{'ROS_VERSION': '1', 'DISABLE_ROS1_EOL_WARNINGS': '1', 'PKG_CONFIG_PATH': '/opt/pal/gallium/lib/pkgconfig:/opt/pal/gallium/lib/x86_64-linux-gnu/pkgconfig:/opt/ros/noetic/lib/pkgconfig:/opt/ros/noetic/lib/x86_64-linux-gnu/pkgconfig', 'ROS_PYTHON_VERSION': '3', 'HOSTNAME': 'epan-tiago-noetic-ssh', 'VISP_WS': '/home/pal/visp-ws', 'ROS_PACKAGE_PATH': '/home/pal/ros_ws/src:/opt/pal/gallium/share:/opt/ros/noetic/share', 'ROSLISP_PACKAGE_DIRECTORIES': '/home/pal/ros_ws/devel/share/common-lisp', 'PWD': '/home/pal/ros_ws/src', 'XAUTHORITY': '', 'TZ': 'Europe/Paris', 'ROS_IP': '127.0.0.1', 'HOME': '/home/pal', 'ROS_ETC_DIR': '/opt/ros/noetic/etc/ros', 'LS_COLORS': 'rs=0:di=01;34:ln=01;36:mh=00:pi=40;33:so=01;35:do=01;35:bd=40;33;01:cd=40;33;01:or=40;31;01:mi=00:su=37;41:sg=30;43:ca=30;41:tw=30;42:ow=34;42:st=37;44:ex=01;32:*.tar=01;31:*.tgz=01;31:*.arc=01;31:*.arj=01;31:*.taz=01;31:*.lha=01;31:*.lz4=01;31:*.lzh=01;31:*.lzma=01;31:*.tlz=01;31:*.txz=01;31:*.tzo=01;31:*.t7z=01;31:*.zip=01;31:*.z=01;31:*.dz=01;31:*.gz=01;31:*.lrz=01;31:*.lz=01;31:*.lzo=01;31:*.xz=01;31:*.zst=01;31:*.tzst=01;31:*.bz2=01;31:*.bz=01;31:*.tbz=01;31:*.tbz2=01;31:*.tz=01;31:*.deb=01;31:*.rpm=01;31:*.jar=01;31:*.war=01;31:*.ear=01;31:*.sar=01;31:*.rar=01;31:*.alz=01;31:*.ace=01;31:*.zoo=01;31:*.cpio=01;31:*.7z=01;31:*.rz=01;31:*.cab=01;31:*.wim=01;31:*.swm=01;31:*.dwm=01;31:*.esd=01;31:*.jpg=01;35:*.jpeg=01;35:*.mjpg=01;35:*.mjpeg=01;35:*.gif=01;35:*.bmp=01;35:*.pbm=01;35:*.pgm=01;35:*.ppm=01;35:*.tga=01;35:*.xbm=01;35:*.xpm=01;35:*.tif=01;35:*.tiff=01;35:*.png=01;35:*.svg=01;35:*.svgz=01;35:*.mng=01;35:*.pcx=01;35:*.mov=01;35:*.mpg=01;35:*.mpeg=01;35:*.m2v=01;35:*.mkv=01;35:*.webm=01;35:*.ogm=01;35:*.mp4=01;35:*.m4v=01;35:*.mp4v=01;35:*.vob=01;35:*.qt=01;35:*.nuv=01;35:*.wmv=01;35:*.asf=01;35:*.rm=01;35:*.rmvb=01;35:*.flc=01;35:*.avi=01;35:*.fli=01;35:*.flv=01;35:*.gl=01;35:*.dl=01;35:*.xcf=01;35:*.xwd=01;35:*.yuv=01;35:*.cgm=01;35:*.emf=01;35:*.ogv=01;35:*.ogx=01;35:*.aac=00;36:*.au=00;36:*.flac=00;36:*.m4a=00;36:*.mid=00;36:*.midi=00;36:*.mka=00;36:*.mp3=00;36:*.mpc=00;36:*.ogg=00;36:*.ra=00;36:*.wav=00;36:*.oga=00;36:*.opus=00;36:*.spx=00;36:*.xspf=00;36:', 'OROCOS_TARGET': 'gnulinux', 'CMAKE_PREFIX_PATH': '/home/pal/ros_ws/devel:/opt/pal/gallium:/opt/ros/noetic', 'GAZEBO_RESOURCE_PATH': '/home/pal/ros_ws/src/va50:', 'ROS_WORKSPACE': '/home/pal/ros_ws', 'LESSCLOSE': '/usr/bin/lesspipe %s %s', 'PYTHONPATH': '/opt/pal/gallium/lib/python3/dist-packages:/opt/ros/noetic/lib/python3/dist-packages', 'TERM': 'xterm', 'VISP_INPUT_IMAGE_PATH': '/home/pal/visp-ws/visp-images', 'LESSOPEN': '| /usr/bin/lesspipe %s', 'USER': 'pal', 'RTT_COMPONENT_PATH': '/opt/pal/gallium/lib/orocos', 'DISPLAY': ':0', 'SHLVL': '1', 'PAL_DISTRO': 'gallium', 'ROS_MASTER_URI': 'http://localhost:11311/', 'LD_LIBRARY_PATH': '/opt/pal/gallium/lib:/opt/pal/gallium/lib/x86_64-linux-gnu:/opt/ros/noetic/lib:/opt/ros/noetic/lib/x86_64-linux-gnu:/usr/local/lib', 'GAZEBO_MODEL_PATH': '/home/pal/ros_ws/src/va50/models:', 'PATH': '/opt/pal/gallium/bin:/opt/ros/noetic/bin:/opt/pal/gallium/lib/pal_debian_utils/:/usr/local/sbin:/usr/local/bin:/usr/sbin:/usr/bin:/sbin:/bin', 'LUA_PATH': ';;/opt/pal/gallium/share/lua/5.1/?.lua;/opt/pal/gallium/share/lua/5.1/?.lua', 'DEBIAN_FRONTEND': 'noninteractive', 'ROS_ROOT': '/opt/ros/noetic/share/ros', 'ROS_DISTRO': 'noetic', 'QT_X11_NO_MITSHM': '1', '_': '/opt/ros/noetic/bin/roslaunch', 'OLDPWD': '/home/pal/ros_ws', 'LC_CTYPE': 'C.UTF-8', 'ROS_LOG_FILENAME': '/home/pal/.ros/log/5320f078-db73-11f0-9699-0028f8234b19/roslaunch-epan-tiago-noetic-ssh-120.log', 'LC_NUMERIC': 'C'}]
[roslaunch][INFO] 2025-12-17 19:08:03,227: process[bringup_controllers_spawner_imu-7]: args[['/opt/pal/gallium/lib/controller_manager/spawner', 'imu_sensor_controller', '__name:=bringup_controllers_spawner_imu']]
[roslaunch][INFO] 2025-12-17 19:08:03,227: ... created process [bringup_controllers_spawner_imu-7]
[roslaunch.pmon][INFO] 2025-12-17 19:08:03,228: ProcessMonitor.register[bringup_controllers_spawner_imu-7]
[roslaunch.pmon][INFO] 2025-12-17 19:08:03,228: ProcessMonitor.register[bringup_controllers_spawner_imu-7] complete
[roslaunch][INFO] 2025-12-17 19:08:03,228: ... registered process [bringup_controllers_spawner_imu-7]
[roslaunch][INFO] 2025-12-17 19:08:03,228: process[bringup_controllers_spawner_imu-7]: starting os process
[roslaunch][INFO] 2025-12-17 19:08:03,228: process[bringup_controllers_spawner_imu-7]: start w/ args [['/opt/pal/gallium/lib/controller_manager/spawner', 'imu_sensor_controller', '__name:=bringup_controllers_spawner_imu', '__log:=/home/pal/.ros/log/5320f078-db73-11f0-9699-0028f8234b19/bringup_controllers_spawner_imu-7.log']]
[roslaunch][INFO] 2025-12-17 19:08:03,228: process[bringup_controllers_spawner_imu-7]: cwd will be [/home/pal/.ros]
[roslaunch][INFO] 2025-12-17 19:08:03,236: process[bringup_controllers_spawner_imu-7]: started with pid [170]
[roslaunch][INFO] 2025-12-17 19:08:03,236: ... successfully launched [bringup_controllers_spawner_imu-7]
[roslaunch][INFO] 2025-12-17 19:08:03,236: ... preparing to launch node of type [controller_manager/spawner]
[roslaunch][INFO] 2025-12-17 19:08:03,236: create_node_process: package[controller_manager] type[spawner] machine[Machine(name[] env_loader[None] address[localhost] ssh_port[22] user[None] assignable[True] timeout[10.0])] master_uri[http://localhost:11311/]
[roslaunch][INFO] 2025-12-17 19:08:03,237: process[bringup_controllers_spawner_ft-8]: env[{'ROS_VERSION': '1', 'DISABLE_ROS1_EOL_WARNINGS': '1', 'PKG_CONFIG_PATH': '/opt/pal/gallium/lib/pkgconfig:/opt/pal/gallium/lib/x86_64-linux-gnu/pkgconfig:/opt/ros/noetic/lib/pkgconfig:/opt/ros/noetic/lib/x86_64-linux-gnu/pkgconfig', 'ROS_PYTHON_VERSION': '3', 'HOSTNAME': 'epan-tiago-noetic-ssh', 'VISP_WS': '/home/pal/visp-ws', 'ROS_PACKAGE_PATH': '/home/pal/ros_ws/src:/opt/pal/gallium/share:/opt/ros/noetic/share', 'ROSLISP_PACKAGE_DIRECTORIES': '/home/pal/ros_ws/devel/share/common-lisp', 'PWD': '/home/pal/ros_ws/src', 'XAUTHORITY': '', 'TZ': 'Europe/Paris', 'ROS_IP': '127.0.0.1', 'HOME': '/home/pal', 'ROS_ETC_DIR': '/opt/ros/noetic/etc/ros', 'LS_COLORS': 'rs=0:di=01;34:ln=01;36:mh=00:pi=40;33:so=01;35:do=01;35:bd=40;33;01:cd=40;33;01:or=40;31;01:mi=00:su=37;41:sg=30;43:ca=30;41:tw=30;42:ow=34;42:st=37;44:ex=01;32:*.tar=01;31:*.tgz=01;31:*.arc=01;31:*.arj=01;31:*.taz=01;31:*.lha=01;31:*.lz4=01;31:*.lzh=01;31:*.lzma=01;31:*.tlz=01;31:*.txz=01;31:*.tzo=01;31:*.t7z=01;31:*.zip=01;31:*.z=01;31:*.dz=01;31:*.gz=01;31:*.lrz=01;31:*.lz=01;31:*.lzo=01;31:*.xz=01;31:*.zst=01;31:*.tzst=01;31:*.bz2=01;31:*.bz=01;31:*.tbz=01;31:*.tbz2=01;31:*.tz=01;31:*.deb=01;31:*.rpm=01;31:*.jar=01;31:*.war=01;31:*.ear=01;31:*.sar=01;31:*.rar=01;31:*.alz=01;31:*.ace=01;31:*.zoo=01;31:*.cpio=01;31:*.7z=01;31:*.rz=01;31:*.cab=01;31:*.wim=01;31:*.swm=01;31:*.dwm=01;31:*.esd=01;31:*.jpg=01;35:*.jpeg=01;35:*.mjpg=01;35:*.mjpeg=01;35:*.gif=01;35:*.bmp=01;35:*.pbm=01;35:*.pgm=01;35:*.ppm=01;35:*.tga=01;35:*.xbm=01;35:*.xpm=01;35:*.tif=01;35:*.tiff=01;35:*.png=01;35:*.svg=01;35:*.svgz=01;35:*.mng=01;35:*.pcx=01;35:*.mov=01;35:*.mpg=01;35:*.mpeg=01;35:*.m2v=01;35:*.mkv=01;35:*.webm=01;35:*.ogm=01;35:*.mp4=01;35:*.m4v=01;35:*.mp4v=01;35:*.vob=01;35:*.qt=01;35:*.nuv=01;35:*.wmv=01;35:*.asf=01;35:*.rm=01;35:*.rmvb=01;35:*.flc=01;35:*.avi=01;35:*.fli=01;35:*.flv=01;35:*.gl=01;35:*.dl=01;35:*.xcf=01;35:*.xwd=01;35:*.yuv=01;35:*.cgm=01;35:*.emf=01;35:*.ogv=01;35:*.ogx=01;35:*.aac=00;36:*.au=00;36:*.flac=00;36:*.m4a=00;36:*.mid=00;36:*.midi=00;36:*.mka=00;36:*.mp3=00;36:*.mpc=00;36:*.ogg=00;36:*.ra=00;36:*.wav=00;36:*.oga=00;36:*.opus=00;36:*.spx=00;36:*.xspf=00;36:', 'OROCOS_TARGET': 'gnulinux', 'CMAKE_PREFIX_PATH': '/home/pal/ros_ws/devel:/opt/pal/gallium:/opt/ros/noetic', 'GAZEBO_RESOURCE_PATH': '/home/pal/ros_ws/src/va50:', 'ROS_WORKSPACE': '/home/pal/ros_ws', 'LESSCLOSE': '/usr/bin/lesspipe %s %s', 'PYTHONPATH': '/opt/pal/gallium/lib/python3/dist-packages:/opt/ros/noetic/lib/python3/dist-packages', 'TERM': 'xterm', 'VISP_INPUT_IMAGE_PATH': '/home/pal/visp-ws/visp-images', 'LESSOPEN': '| /usr/bin/lesspipe %s', 'USER': 'pal', 'RTT_COMPONENT_PATH': '/opt/pal/gallium/lib/orocos', 'DISPLAY': ':0', 'SHLVL': '1', 'PAL_DISTRO': 'gallium', 'ROS_MASTER_URI': 'http://localhost:11311/', 'LD_LIBRARY_PATH': '/opt/pal/gallium/lib:/opt/pal/gallium/lib/x86_64-linux-gnu:/opt/ros/noetic/lib:/opt/ros/noetic/lib/x86_64-linux-gnu:/usr/local/lib', 'GAZEBO_MODEL_PATH': '/home/pal/ros_ws/src/va50/models:', 'PATH': '/opt/pal/gallium/bin:/opt/ros/noetic/bin:/opt/pal/gallium/lib/pal_debian_utils/:/usr/local/sbin:/usr/local/bin:/usr/sbin:/usr/bin:/sbin:/bin', 'LUA_PATH': ';;/opt/pal/gallium/share/lua/5.1/?.lua;/opt/pal/gallium/share/lua/5.1/?.lua', 'DEBIAN_FRONTEND': 'noninteractive', 'ROS_ROOT': '/opt/ros/noetic/share/ros', 'ROS_DISTRO': 'noetic', 'QT_X11_NO_MITSHM': '1', '_': '/opt/ros/noetic/bin/roslaunch', 'OLDPWD': '/home/pal/ros_ws', 'LC_CTYPE': 'C.UTF-8', 'ROS_LOG_FILENAME': '/home/pal/.ros/log/5320f078-db73-11f0-9699-0028f8234b19/roslaunch-epan-tiago-noetic-ssh-120.log', 'LC_NUMERIC': 'C'}]
[roslaunch][INFO] 2025-12-17 19:08:03,238: process[bringup_controllers_spawner_ft-8]: args[['/opt/pal/gallium/lib/controller_manager/spawner', 'force_torque_sensor_controller', '__name:=bringup_controllers_spawner_ft']]
[roslaunch][INFO] 2025-12-17 19:08:03,238: ... created process [bringup_controllers_spawner_ft-8]
[roslaunch.pmon][INFO] 2025-12-17 19:08:03,238: ProcessMonitor.register[bringup_controllers_spawner_ft-8]
[roslaunch.pmon][INFO] 2025-12-17 19:08:03,239: ProcessMonitor.register[bringup_controllers_spawner_ft-8] complete
[roslaunch][INFO] 2025-12-17 19:08:03,239: ... registered process [bringup_controllers_spawner_ft-8]
[roslaunch][INFO] 2025-12-17 19:08:03,239: process[bringup_controllers_spawner_ft-8]: starting os process
[roslaunch][INFO] 2025-12-17 19:08:03,243: process[bringup_controllers_spawner_ft-8]: start w/ args [['/opt/pal/gallium/lib/controller_manager/spawner', 'force_torque_sensor_controller', '__name:=bringup_controllers_spawner_ft', '__log:=/home/pal/.ros/log/5320f078-db73-11f0-9699-0028f8234b19/bringup_controllers_spawner_ft-8.log']]
[roslaunch][INFO] 2025-12-17 19:08:03,243: process[bringup_controllers_spawner_ft-8]: cwd will be [/home/pal/.ros]
[roslaunch][INFO] 2025-12-17 19:08:03,262: process[bringup_controllers_spawner_ft-8]: started with pid [171]
[roslaunch][INFO] 2025-12-17 19:08:03,263: ... successfully launched [bringup_controllers_spawner_ft-8]
[roslaunch][INFO] 2025-12-17 19:08:03,263: ... preparing to launch node of type [controller_manager/spawner]
[roslaunch][INFO] 2025-12-17 19:08:03,264: create_node_process: package[controller_manager] type[spawner] machine[Machine(name[] env_loader[None] address[localhost] ssh_port[22] user[None] assignable[True] timeout[10.0])] master_uri[http://localhost:11311/]
[roslaunch][INFO] 2025-12-17 19:08:03,264: process[gripper_controllers_spawner-9]: env[{'ROS_VERSION': '1', 'DISABLE_ROS1_EOL_WARNINGS': '1', 'PKG_CONFIG_PATH': '/opt/pal/gallium/lib/pkgconfig:/opt/pal/gallium/lib/x86_64-linux-gnu/pkgconfig:/opt/ros/noetic/lib/pkgconfig:/opt/ros/noetic/lib/x86_64-linux-gnu/pkgconfig', 'ROS_PYTHON_VERSION': '3', 'HOSTNAME': 'epan-tiago-noetic-ssh', 'VISP_WS': '/home/pal/visp-ws', 'ROS_PACKAGE_PATH': '/home/pal/ros_ws/src:/opt/pal/gallium/share:/opt/ros/noetic/share', 'ROSLISP_PACKAGE_DIRECTORIES': '/home/pal/ros_ws/devel/share/common-lisp', 'PWD': '/home/pal/ros_ws/src', 'XAUTHORITY': '', 'TZ': 'Europe/Paris', 'ROS_IP': '127.0.0.1', 'HOME': '/home/pal', 'ROS_ETC_DIR': '/opt/ros/noetic/etc/ros', 'LS_COLORS': 'rs=0:di=01;34:ln=01;36:mh=00:pi=40;33:so=01;35:do=01;35:bd=40;33;01:cd=40;33;01:or=40;31;01:mi=00:su=37;41:sg=30;43:ca=30;41:tw=30;42:ow=34;42:st=37;44:ex=01;32:*.tar=01;31:*.tgz=01;31:*.arc=01;31:*.arj=01;31:*.taz=01;31:*.lha=01;31:*.lz4=01;31:*.lzh=01;31:*.lzma=01;31:*.tlz=01;31:*.txz=01;31:*.tzo=01;31:*.t7z=01;31:*.zip=01;31:*.z=01;31:*.dz=01;31:*.gz=01;31:*.lrz=01;31:*.lz=01;31:*.lzo=01;31:*.xz=01;31:*.zst=01;31:*.tzst=01;31:*.bz2=01;31:*.bz=01;31:*.tbz=01;31:*.tbz2=01;31:*.tz=01;31:*.deb=01;31:*.rpm=01;31:*.jar=01;31:*.war=01;31:*.ear=01;31:*.sar=01;31:*.rar=01;31:*.alz=01;31:*.ace=01;31:*.zoo=01;31:*.cpio=01;31:*.7z=01;31:*.rz=01;31:*.cab=01;31:*.wim=01;31:*.swm=01;31:*.dwm=01;31:*.esd=01;31:*.jpg=01;35:*.jpeg=01;35:*.mjpg=01;35:*.mjpeg=01;35:*.gif=01;35:*.bmp=01;35:*.pbm=01;35:*.pgm=01;35:*.ppm=01;35:*.tga=01;35:*.xbm=01;35:*.xpm=01;35:*.tif=01;35:*.tiff=01;35:*.png=01;35:*.svg=01;35:*.svgz=01;35:*.mng=01;35:*.pcx=01;35:*.mov=01;35:*.mpg=01;35:*.mpeg=01;35:*.m2v=01;35:*.mkv=01;35:*.webm=01;35:*.ogm=01;35:*.mp4=01;35:*.m4v=01;35:*.mp4v=01;35:*.vob=01;35:*.qt=01;35:*.nuv=01;35:*.wmv=01;35:*.asf=01;35:*.rm=01;35:*.rmvb=01;35:*.flc=01;35:*.avi=01;35:*.fli=01;35:*.flv=01;35:*.gl=01;35:*.dl=01;35:*.xcf=01;35:*.xwd=01;35:*.yuv=01;35:*.cgm=01;35:*.emf=01;35:*.ogv=01;35:*.ogx=01;35:*.aac=00;36:*.au=00;36:*.flac=00;36:*.m4a=00;36:*.mid=00;36:*.midi=00;36:*.mka=00;36:*.mp3=00;36:*.mpc=00;36:*.ogg=00;36:*.ra=00;36:*.wav=00;36:*.oga=00;36:*.opus=00;36:*.spx=00;36:*.xspf=00;36:', 'OROCOS_TARGET': 'gnulinux', 'CMAKE_PREFIX_PATH': '/home/pal/ros_ws/devel:/opt/pal/gallium:/opt/ros/noetic', 'GAZEBO_RESOURCE_PATH': '/home/pal/ros_ws/src/va50:', 'ROS_WORKSPACE': '/home/pal/ros_ws', 'LESSCLOSE': '/usr/bin/lesspipe %s %s', 'PYTHONPATH': '/opt/pal/gallium/lib/python3/dist-packages:/opt/ros/noetic/lib/python3/dist-packages', 'TERM': 'xterm', 'VISP_INPUT_IMAGE_PATH': '/home/pal/visp-ws/visp-images', 'LESSOPEN': '| /usr/bin/lesspipe %s', 'USER': 'pal', 'RTT_COMPONENT_PATH': '/opt/pal/gallium/lib/orocos', 'DISPLAY': ':0', 'SHLVL': '1', 'PAL_DISTRO': 'gallium', 'ROS_MASTER_URI': 'http://localhost:11311/', 'LD_LIBRARY_PATH': '/opt/pal/gallium/lib:/opt/pal/gallium/lib/x86_64-linux-gnu:/opt/ros/noetic/lib:/opt/ros/noetic/lib/x86_64-linux-gnu:/usr/local/lib', 'GAZEBO_MODEL_PATH': '/home/pal/ros_ws/src/va50/models:', 'PATH': '/opt/pal/gallium/bin:/opt/ros/noetic/bin:/opt/pal/gallium/lib/pal_debian_utils/:/usr/local/sbin:/usr/local/bin:/usr/sbin:/usr/bin:/sbin:/bin', 'LUA_PATH': ';;/opt/pal/gallium/share/lua/5.1/?.lua;/opt/pal/gallium/share/lua/5.1/?.lua', 'DEBIAN_FRONTEND': 'noninteractive', 'ROS_ROOT': '/opt/ros/noetic/share/ros', 'ROS_DISTRO': 'noetic', 'QT_X11_NO_MITSHM': '1', '_': '/opt/ros/noetic/bin/roslaunch', 'OLDPWD': '/home/pal/ros_ws', 'LC_CTYPE': 'C.UTF-8', 'ROS_LOG_FILENAME': '/home/pal/.ros/log/5320f078-db73-11f0-9699-0028f8234b19/roslaunch-epan-tiago-noetic-ssh-120.log', 'LC_NUMERIC': 'C'}]
[roslaunch][INFO] 2025-12-17 19:08:03,266: process[gripper_controllers_spawner-9]: args[['/opt/pal/gallium/lib/controller_manager/spawner', '--timeout', '120', 'gripper_controller', '__name:=gripper_controllers_spawner']]
[roslaunch][INFO] 2025-12-17 19:08:03,267: ... created process [gripper_controllers_spawner-9]
[roslaunch.pmon][INFO] 2025-12-17 19:08:03,267: ProcessMonitor.register[gripper_controllers_spawner-9]
[roslaunch.pmon][INFO] 2025-12-17 19:08:03,267: ProcessMonitor.register[gripper_controllers_spawner-9] complete
[roslaunch][INFO] 2025-12-17 19:08:03,267: ... registered process [gripper_controllers_spawner-9]
[roslaunch][INFO] 2025-12-17 19:08:03,267: process[gripper_controllers_spawner-9]: starting os process
[roslaunch][INFO] 2025-12-17 19:08:03,267: process[gripper_controllers_spawner-9]: start w/ args [['/opt/pal/gallium/lib/controller_manager/spawner', '--timeout', '120', 'gripper_controller', '__name:=gripper_controllers_spawner', '__log:=/home/pal/.ros/log/5320f078-db73-11f0-9699-0028f8234b19/gripper_controllers_spawner-9.log']]
[roslaunch][INFO] 2025-12-17 19:08:03,267: process[gripper_controllers_spawner-9]: cwd will be [/home/pal/.ros]
[roslaunch][INFO] 2025-12-17 19:08:03,275: process[gripper_controllers_spawner-9]: started with pid [176]
[roslaunch][INFO] 2025-12-17 19:08:03,276: ... successfully launched [gripper_controllers_spawner-9]
[roslaunch][INFO] 2025-12-17 19:08:03,277: ... preparing to launch node of type [pal_gripper_controller_configuration/home_gripper.py]
[roslaunch][INFO] 2025-12-17 19:08:03,277: create_node_process: package[pal_gripper_controller_configuration] type[home_gripper.py] machine[Machine(name[] env_loader[None] address[localhost] ssh_port[22] user[None] assignable[True] timeout[10.0])] master_uri[http://localhost:11311/]
[roslaunch][INFO] 2025-12-17 19:08:03,277: process[home_gripper-10]: env[{'ROS_VERSION': '1', 'DISABLE_ROS1_EOL_WARNINGS': '1', 'PKG_CONFIG_PATH': '/opt/pal/gallium/lib/pkgconfig:/opt/pal/gallium/lib/x86_64-linux-gnu/pkgconfig:/opt/ros/noetic/lib/pkgconfig:/opt/ros/noetic/lib/x86_64-linux-gnu/pkgconfig', 'ROS_PYTHON_VERSION': '3', 'HOSTNAME': 'epan-tiago-noetic-ssh', 'VISP_WS': '/home/pal/visp-ws', 'ROS_PACKAGE_PATH': '/home/pal/ros_ws/src:/opt/pal/gallium/share:/opt/ros/noetic/share', 'ROSLISP_PACKAGE_DIRECTORIES': '/home/pal/ros_ws/devel/share/common-lisp', 'PWD': '/home/pal/ros_ws/src', 'XAUTHORITY': '', 'TZ': 'Europe/Paris', 'ROS_IP': '127.0.0.1', 'HOME': '/home/pal', 'ROS_ETC_DIR': '/opt/ros/noetic/etc/ros', 'LS_COLORS': 'rs=0:di=01;34:ln=01;36:mh=00:pi=40;33:so=01;35:do=01;35:bd=40;33;01:cd=40;33;01:or=40;31;01:mi=00:su=37;41:sg=30;43:ca=30;41:tw=30;42:ow=34;42:st=37;44:ex=01;32:*.tar=01;31:*.tgz=01;31:*.arc=01;31:*.arj=01;31:*.taz=01;31:*.lha=01;31:*.lz4=01;31:*.lzh=01;31:*.lzma=01;31:*.tlz=01;31:*.txz=01;31:*.tzo=01;31:*.t7z=01;31:*.zip=01;31:*.z=01;31:*.dz=01;31:*.gz=01;31:*.lrz=01;31:*.lz=01;31:*.lzo=01;31:*.xz=01;31:*.zst=01;31:*.tzst=01;31:*.bz2=01;31:*.bz=01;31:*.tbz=01;31:*.tbz2=01;31:*.tz=01;31:*.deb=01;31:*.rpm=01;31:*.jar=01;31:*.war=01;31:*.ear=01;31:*.sar=01;31:*.rar=01;31:*.alz=01;31:*.ace=01;31:*.zoo=01;31:*.cpio=01;31:*.7z=01;31:*.rz=01;31:*.cab=01;31:*.wim=01;31:*.swm=01;31:*.dwm=01;31:*.esd=01;31:*.jpg=01;35:*.jpeg=01;35:*.mjpg=01;35:*.mjpeg=01;35:*.gif=01;35:*.bmp=01;35:*.pbm=01;35:*.pgm=01;35:*.ppm=01;35:*.tga=01;35:*.xbm=01;35:*.xpm=01;35:*.tif=01;35:*.tiff=01;35:*.png=01;35:*.svg=01;35:*.svgz=01;35:*.mng=01;35:*.pcx=01;35:*.mov=01;35:*.mpg=01;35:*.mpeg=01;35:*.m2v=01;35:*.mkv=01;35:*.webm=01;35:*.ogm=01;35:*.mp4=01;35:*.m4v=01;35:*.mp4v=01;35:*.vob=01;35:*.qt=01;35:*.nuv=01;35:*.wmv=01;35:*.asf=01;35:*.rm=01;35:*.rmvb=01;35:*.flc=01;35:*.avi=01;35:*.fli=01;35:*.flv=01;35:*.gl=01;35:*.dl=01;35:*.xcf=01;35:*.xwd=01;35:*.yuv=01;35:*.cgm=01;35:*.emf=01;35:*.ogv=01;35:*.ogx=01;35:*.aac=00;36:*.au=00;36:*.flac=00;36:*.m4a=00;36:*.mid=00;36:*.midi=00;36:*.mka=00;36:*.mp3=00;36:*.mpc=00;36:*.ogg=00;36:*.ra=00;36:*.wav=00;36:*.oga=00;36:*.opus=00;36:*.spx=00;36:*.xspf=00;36:', 'OROCOS_TARGET': 'gnulinux', 'CMAKE_PREFIX_PATH': '/home/pal/ros_ws/devel:/opt/pal/gallium:/opt/ros/noetic', 'GAZEBO_RESOURCE_PATH': '/home/pal/ros_ws/src/va50:', 'ROS_WORKSPACE': '/home/pal/ros_ws', 'LESSCLOSE': '/usr/bin/lesspipe %s %s', 'PYTHONPATH': '/opt/pal/gallium/lib/python3/dist-packages:/opt/ros/noetic/lib/python3/dist-packages', 'TERM': 'xterm', 'VISP_INPUT_IMAGE_PATH': '/home/pal/visp-ws/visp-images', 'LESSOPEN': '| /usr/bin/lesspipe %s', 'USER': 'pal', 'RTT_COMPONENT_PATH': '/opt/pal/gallium/lib/orocos', 'DISPLAY': ':0', 'SHLVL': '1', 'PAL_DISTRO': 'gallium', 'ROS_MASTER_URI': 'http://localhost:11311/', 'LD_LIBRARY_PATH': '/opt/pal/gallium/lib:/opt/pal/gallium/lib/x86_64-linux-gnu:/opt/ros/noetic/lib:/opt/ros/noetic/lib/x86_64-linux-gnu:/usr/local/lib', 'GAZEBO_MODEL_PATH': '/home/pal/ros_ws/src/va50/models:', 'PATH': '/opt/pal/gallium/bin:/opt/ros/noetic/bin:/opt/pal/gallium/lib/pal_debian_utils/:/usr/local/sbin:/usr/local/bin:/usr/sbin:/usr/bin:/sbin:/bin', 'LUA_PATH': ';;/opt/pal/gallium/share/lua/5.1/?.lua;/opt/pal/gallium/share/lua/5.1/?.lua', 'DEBIAN_FRONTEND': 'noninteractive', 'ROS_ROOT': '/opt/ros/noetic/share/ros', 'ROS_DISTRO': 'noetic', 'QT_X11_NO_MITSHM': '1', '_': '/opt/ros/noetic/bin/roslaunch', 'OLDPWD': '/home/pal/ros_ws', 'LC_CTYPE': 'C.UTF-8', 'ROS_LOG_FILENAME': '/home/pal/.ros/log/5320f078-db73-11f0-9699-0028f8234b19/roslaunch-epan-tiago-noetic-ssh-120.log', 'LC_NUMERIC': 'C'}]
[roslaunch][INFO] 2025-12-17 19:08:03,280: process[home_gripper-10]: args[['/opt/pal/gallium/lib/pal_gripper_controller_configuration/home_gripper.py', '__name:=home_gripper']]
[roslaunch][INFO] 2025-12-17 19:08:03,280: ... created process [home_gripper-10]
[roslaunch.pmon][INFO] 2025-12-17 19:08:03,280: ProcessMonitor.register[home_gripper-10]
[roslaunch.pmon][INFO] 2025-12-17 19:08:03,280: ProcessMonitor.register[home_gripper-10] complete
[roslaunch][INFO] 2025-12-17 19:08:03,281: ... registered process [home_gripper-10]
[roslaunch][INFO] 2025-12-17 19:08:03,281: process[home_gripper-10]: starting os process
[roslaunch][INFO] 2025-12-17 19:08:03,281: process[home_gripper-10]: start w/ args [['/opt/pal/gallium/lib/pal_gripper_controller_configuration/home_gripper.py', '__name:=home_gripper', '__log:=/home/pal/.ros/log/5320f078-db73-11f0-9699-0028f8234b19/home_gripper-10.log']]
[roslaunch][INFO] 2025-12-17 19:08:03,281: process[home_gripper-10]: cwd will be [/home/pal/.ros]
[roslaunch][INFO] 2025-12-17 19:08:03,294: process[home_gripper-10]: started with pid [177]
[roslaunch][INFO] 2025-12-17 19:08:03,295: ... successfully launched [home_gripper-10]
[roslaunch][INFO] 2025-12-17 19:08:03,296: ... preparing to launch node of type [play_motion/play_motion]
[roslaunch][INFO] 2025-12-17 19:08:03,298: create_node_process: package[play_motion] type[play_motion] machine[Machine(name[] env_loader[None] address[localhost] ssh_port[22] user[None] assignable[True] timeout[10.0])] master_uri[http://localhost:11311/]
[roslaunch][INFO] 2025-12-17 19:08:03,299: process[play_motion-11]: env[{'ROS_VERSION': '1', 'DISABLE_ROS1_EOL_WARNINGS': '1', 'PKG_CONFIG_PATH': '/opt/pal/gallium/lib/pkgconfig:/opt/pal/gallium/lib/x86_64-linux-gnu/pkgconfig:/opt/ros/noetic/lib/pkgconfig:/opt/ros/noetic/lib/x86_64-linux-gnu/pkgconfig', 'ROS_PYTHON_VERSION': '3', 'HOSTNAME': 'epan-tiago-noetic-ssh', 'VISP_WS': '/home/pal/visp-ws', 'ROS_PACKAGE_PATH': '/home/pal/ros_ws/src:/opt/pal/gallium/share:/opt/ros/noetic/share', 'ROSLISP_PACKAGE_DIRECTORIES': '/home/pal/ros_ws/devel/share/common-lisp', 'PWD': '/home/pal/ros_ws/src', 'XAUTHORITY': '', 'TZ': 'Europe/Paris', 'ROS_IP': '127.0.0.1', 'HOME': '/home/pal', 'ROS_ETC_DIR': '/opt/ros/noetic/etc/ros', 'LS_COLORS': 'rs=0:di=01;34:ln=01;36:mh=00:pi=40;33:so=01;35:do=01;35:bd=40;33;01:cd=40;33;01:or=40;31;01:mi=00:su=37;41:sg=30;43:ca=30;41:tw=30;42:ow=34;42:st=37;44:ex=01;32:*.tar=01;31:*.tgz=01;31:*.arc=01;31:*.arj=01;31:*.taz=01;31:*.lha=01;31:*.lz4=01;31:*.lzh=01;31:*.lzma=01;31:*.tlz=01;31:*.txz=01;31:*.tzo=01;31:*.t7z=01;31:*.zip=01;31:*.z=01;31:*.dz=01;31:*.gz=01;31:*.lrz=01;31:*.lz=01;31:*.lzo=01;31:*.xz=01;31:*.zst=01;31:*.tzst=01;31:*.bz2=01;31:*.bz=01;31:*.tbz=01;31:*.tbz2=01;31:*.tz=01;31:*.deb=01;31:*.rpm=01;31:*.jar=01;31:*.war=01;31:*.ear=01;31:*.sar=01;31:*.rar=01;31:*.alz=01;31:*.ace=01;31:*.zoo=01;31:*.cpio=01;31:*.7z=01;31:*.rz=01;31:*.cab=01;31:*.wim=01;31:*.swm=01;31:*.dwm=01;31:*.esd=01;31:*.jpg=01;35:*.jpeg=01;35:*.mjpg=01;35:*.mjpeg=01;35:*.gif=01;35:*.bmp=01;35:*.pbm=01;35:*.pgm=01;35:*.ppm=01;35:*.tga=01;35:*.xbm=01;35:*.xpm=01;35:*.tif=01;35:*.tiff=01;35:*.png=01;35:*.svg=01;35:*.svgz=01;35:*.mng=01;35:*.pcx=01;35:*.mov=01;35:*.mpg=01;35:*.mpeg=01;35:*.m2v=01;35:*.mkv=01;35:*.webm=01;35:*.ogm=01;35:*.mp4=01;35:*.m4v=01;35:*.mp4v=01;35:*.vob=01;35:*.qt=01;35:*.nuv=01;35:*.wmv=01;35:*.asf=01;35:*.rm=01;35:*.rmvb=01;35:*.flc=01;35:*.avi=01;35:*.fli=01;35:*.flv=01;35:*.gl=01;35:*.dl=01;35:*.xcf=01;35:*.xwd=01;35:*.yuv=01;35:*.cgm=01;35:*.emf=01;35:*.ogv=01;35:*.ogx=01;35:*.aac=00;36:*.au=00;36:*.flac=00;36:*.m4a=00;36:*.mid=00;36:*.midi=00;36:*.mka=00;36:*.mp3=00;36:*.mpc=00;36:*.ogg=00;36:*.ra=00;36:*.wav=00;36:*.oga=00;36:*.opus=00;36:*.spx=00;36:*.xspf=00;36:', 'OROCOS_TARGET': 'gnulinux', 'CMAKE_PREFIX_PATH': '/home/pal/ros_ws/devel:/opt/pal/gallium:/opt/ros/noetic', 'GAZEBO_RESOURCE_PATH': '/home/pal/ros_ws/src/va50:', 'ROS_WORKSPACE': '/home/pal/ros_ws', 'LESSCLOSE': '/usr/bin/lesspipe %s %s', 'PYTHONPATH': '/opt/pal/gallium/lib/python3/dist-packages:/opt/ros/noetic/lib/python3/dist-packages', 'TERM': 'xterm', 'VISP_INPUT_IMAGE_PATH': '/home/pal/visp-ws/visp-images', 'LESSOPEN': '| /usr/bin/lesspipe %s', 'USER': 'pal', 'RTT_COMPONENT_PATH': '/opt/pal/gallium/lib/orocos', 'DISPLAY': ':0', 'SHLVL': '1', 'PAL_DISTRO': 'gallium', 'ROS_MASTER_URI': 'http://localhost:11311/', 'LD_LIBRARY_PATH': '/opt/pal/gallium/lib:/opt/pal/gallium/lib/x86_64-linux-gnu:/opt/ros/noetic/lib:/opt/ros/noetic/lib/x86_64-linux-gnu:/usr/local/lib', 'GAZEBO_MODEL_PATH': '/home/pal/ros_ws/src/va50/models:', 'PATH': '/opt/pal/gallium/bin:/opt/ros/noetic/bin:/opt/pal/gallium/lib/pal_debian_utils/:/usr/local/sbin:/usr/local/bin:/usr/sbin:/usr/bin:/sbin:/bin', 'LUA_PATH': ';;/opt/pal/gallium/share/lua/5.1/?.lua;/opt/pal/gallium/share/lua/5.1/?.lua', 'DEBIAN_FRONTEND': 'noninteractive', 'ROS_ROOT': '/opt/ros/noetic/share/ros', 'ROS_DISTRO': 'noetic', 'QT_X11_NO_MITSHM': '1', '_': '/opt/ros/noetic/bin/roslaunch', 'OLDPWD': '/home/pal/ros_ws', 'LC_CTYPE': 'C.UTF-8', 'ROS_LOG_FILENAME': '/home/pal/.ros/log/5320f078-db73-11f0-9699-0028f8234b19/roslaunch-epan-tiago-noetic-ssh-120.log', 'LC_NUMERIC': 'C'}]
[roslaunch][INFO] 2025-12-17 19:08:03,300: process[play_motion-11]: args[['/opt/pal/gallium/lib/play_motion/play_motion', '__name:=play_motion']]
[roslaunch][INFO] 2025-12-17 19:08:03,300: ... created process [play_motion-11]
[roslaunch.pmon][INFO] 2025-12-17 19:08:03,300: ProcessMonitor.register[play_motion-11]
[roslaunch.pmon][INFO] 2025-12-17 19:08:03,303: ProcessMonitor.register[play_motion-11] complete
[roslaunch][INFO] 2025-12-17 19:08:03,303: ... registered process [play_motion-11]
[roslaunch][INFO] 2025-12-17 19:08:03,303: process[play_motion-11]: starting os process
[roslaunch][INFO] 2025-12-17 19:08:03,303: process[play_motion-11]: start w/ args [['/opt/pal/gallium/lib/play_motion/play_motion', '__name:=play_motion', '__log:=/home/pal/.ros/log/5320f078-db73-11f0-9699-0028f8234b19/play_motion-11.log']]
[roslaunch][INFO] 2025-12-17 19:08:03,304: process[play_motion-11]: cwd will be [/home/pal/.ros]
[roslaunch][INFO] 2025-12-17 19:08:03,357: process[play_motion-11]: started with pid [180]
[roslaunch][INFO] 2025-12-17 19:08:03,358: ... successfully launched [play_motion-11]
[roslaunch][INFO] 2025-12-17 19:08:03,358: ... preparing to launch node of type [play_motion/is_already_there.py]
[roslaunch][INFO] 2025-12-17 19:08:03,359: create_node_process: package[play_motion] type[is_already_there.py] machine[Machine(name[] env_loader[None] address[localhost] ssh_port[22] user[None] assignable[True] timeout[10.0])] master_uri[http://localhost:11311/]
[roslaunch][INFO] 2025-12-17 19:08:03,359: process[is_already_there-12]: env[{'ROS_VERSION': '1', 'DISABLE_ROS1_EOL_WARNINGS': '1', 'PKG_CONFIG_PATH': '/opt/pal/gallium/lib/pkgconfig:/opt/pal/gallium/lib/x86_64-linux-gnu/pkgconfig:/opt/ros/noetic/lib/pkgconfig:/opt/ros/noetic/lib/x86_64-linux-gnu/pkgconfig', 'ROS_PYTHON_VERSION': '3', 'HOSTNAME': 'epan-tiago-noetic-ssh', 'VISP_WS': '/home/pal/visp-ws', 'ROS_PACKAGE_PATH': '/home/pal/ros_ws/src:/opt/pal/gallium/share:/opt/ros/noetic/share', 'ROSLISP_PACKAGE_DIRECTORIES': '/home/pal/ros_ws/devel/share/common-lisp', 'PWD': '/home/pal/ros_ws/src', 'XAUTHORITY': '', 'TZ': 'Europe/Paris', 'ROS_IP': '127.0.0.1', 'HOME': '/home/pal', 'ROS_ETC_DIR': '/opt/ros/noetic/etc/ros', 'LS_COLORS': 'rs=0:di=01;34:ln=01;36:mh=00:pi=40;33:so=01;35:do=01;35:bd=40;33;01:cd=40;33;01:or=40;31;01:mi=00:su=37;41:sg=30;43:ca=30;41:tw=30;42:ow=34;42:st=37;44:ex=01;32:*.tar=01;31:*.tgz=01;31:*.arc=01;31:*.arj=01;31:*.taz=01;31:*.lha=01;31:*.lz4=01;31:*.lzh=01;31:*.lzma=01;31:*.tlz=01;31:*.txz=01;31:*.tzo=01;31:*.t7z=01;31:*.zip=01;31:*.z=01;31:*.dz=01;31:*.gz=01;31:*.lrz=01;31:*.lz=01;31:*.lzo=01;31:*.xz=01;31:*.zst=01;31:*.tzst=01;31:*.bz2=01;31:*.bz=01;31:*.tbz=01;31:*.tbz2=01;31:*.tz=01;31:*.deb=01;31:*.rpm=01;31:*.jar=01;31:*.war=01;31:*.ear=01;31:*.sar=01;31:*.rar=01;31:*.alz=01;31:*.ace=01;31:*.zoo=01;31:*.cpio=01;31:*.7z=01;31:*.rz=01;31:*.cab=01;31:*.wim=01;31:*.swm=01;31:*.dwm=01;31:*.esd=01;31:*.jpg=01;35:*.jpeg=01;35:*.mjpg=01;35:*.mjpeg=01;35:*.gif=01;35:*.bmp=01;35:*.pbm=01;35:*.pgm=01;35:*.ppm=01;35:*.tga=01;35:*.xbm=01;35:*.xpm=01;35:*.tif=01;35:*.tiff=01;35:*.png=01;35:*.svg=01;35:*.svgz=01;35:*.mng=01;35:*.pcx=01;35:*.mov=01;35:*.mpg=01;35:*.mpeg=01;35:*.m2v=01;35:*.mkv=01;35:*.webm=01;35:*.ogm=01;35:*.mp4=01;35:*.m4v=01;35:*.mp4v=01;35:*.vob=01;35:*.qt=01;35:*.nuv=01;35:*.wmv=01;35:*.asf=01;35:*.rm=01;35:*.rmvb=01;35:*.flc=01;35:*.avi=01;35:*.fli=01;35:*.flv=01;35:*.gl=01;35:*.dl=01;35:*.xcf=01;35:*.xwd=01;35:*.yuv=01;35:*.cgm=01;35:*.emf=01;35:*.ogv=01;35:*.ogx=01;35:*.aac=00;36:*.au=00;36:*.flac=00;36:*.m4a=00;36:*.mid=00;36:*.midi=00;36:*.mka=00;36:*.mp3=00;36:*.mpc=00;36:*.ogg=00;36:*.ra=00;36:*.wav=00;36:*.oga=00;36:*.opus=00;36:*.spx=00;36:*.xspf=00;36:', 'OROCOS_TARGET': 'gnulinux', 'CMAKE_PREFIX_PATH': '/home/pal/ros_ws/devel:/opt/pal/gallium:/opt/ros/noetic', 'GAZEBO_RESOURCE_PATH': '/home/pal/ros_ws/src/va50:', 'ROS_WORKSPACE': '/home/pal/ros_ws', 'LESSCLOSE': '/usr/bin/lesspipe %s %s', 'PYTHONPATH': '/opt/pal/gallium/lib/python3/dist-packages:/opt/ros/noetic/lib/python3/dist-packages', 'TERM': 'xterm', 'VISP_INPUT_IMAGE_PATH': '/home/pal/visp-ws/visp-images', 'LESSOPEN': '| /usr/bin/lesspipe %s', 'USER': 'pal', 'RTT_COMPONENT_PATH': '/opt/pal/gallium/lib/orocos', 'DISPLAY': ':0', 'SHLVL': '1', 'PAL_DISTRO': 'gallium', 'ROS_MASTER_URI': 'http://localhost:11311/', 'LD_LIBRARY_PATH': '/opt/pal/gallium/lib:/opt/pal/gallium/lib/x86_64-linux-gnu:/opt/ros/noetic/lib:/opt/ros/noetic/lib/x86_64-linux-gnu:/usr/local/lib', 'GAZEBO_MODEL_PATH': '/home/pal/ros_ws/src/va50/models:', 'PATH': '/opt/pal/gallium/bin:/opt/ros/noetic/bin:/opt/pal/gallium/lib/pal_debian_utils/:/usr/local/sbin:/usr/local/bin:/usr/sbin:/usr/bin:/sbin:/bin', 'LUA_PATH': ';;/opt/pal/gallium/share/lua/5.1/?.lua;/opt/pal/gallium/share/lua/5.1/?.lua', 'DEBIAN_FRONTEND': 'noninteractive', 'ROS_ROOT': '/opt/ros/noetic/share/ros', 'ROS_DISTRO': 'noetic', 'QT_X11_NO_MITSHM': '1', '_': '/opt/ros/noetic/bin/roslaunch', 'OLDPWD': '/home/pal/ros_ws', 'LC_CTYPE': 'C.UTF-8', 'ROS_LOG_FILENAME': '/home/pal/.ros/log/5320f078-db73-11f0-9699-0028f8234b19/roslaunch-epan-tiago-noetic-ssh-120.log', 'LC_NUMERIC': 'C'}]
[roslaunch][INFO] 2025-12-17 19:08:03,361: process[is_already_there-12]: args[['/opt/pal/gallium/lib/play_motion/is_already_there.py', '__name:=is_already_there']]
[roslaunch][INFO] 2025-12-17 19:08:03,362: ... created process [is_already_there-12]
[roslaunch.pmon][INFO] 2025-12-17 19:08:03,362: ProcessMonitor.register[is_already_there-12]
[roslaunch.pmon][INFO] 2025-12-17 19:08:03,362: ProcessMonitor.register[is_already_there-12] complete
[roslaunch][INFO] 2025-12-17 19:08:03,363: ... registered process [is_already_there-12]
[roslaunch][INFO] 2025-12-17 19:08:03,363: process[is_already_there-12]: starting os process
[roslaunch][INFO] 2025-12-17 19:08:03,363: process[is_already_there-12]: start w/ args [['/opt/pal/gallium/lib/play_motion/is_already_there.py', '__name:=is_already_there', '__log:=/home/pal/.ros/log/5320f078-db73-11f0-9699-0028f8234b19/is_already_there-12.log']]
[roslaunch][INFO] 2025-12-17 19:08:03,363: process[is_already_there-12]: cwd will be [/home/pal/.ros]
[roslaunch][INFO] 2025-12-17 19:08:03,378: process[is_already_there-12]: started with pid [181]
[roslaunch][INFO] 2025-12-17 19:08:03,381: ... successfully launched [is_already_there-12]
[roslaunch][INFO] 2025-12-17 19:08:03,383: ... preparing to launch node of type [moveit_ros_move_group/move_group]
[roslaunch][INFO] 2025-12-17 19:08:03,383: create_node_process: package[moveit_ros_move_group] type[move_group] machine[Machine(name[] env_loader[None] address[localhost] ssh_port[22] user[None] assignable[True] timeout[10.0])] master_uri[http://localhost:11311/]
[roslaunch][INFO] 2025-12-17 19:08:03,384: process[move_group-13]: env[{'ROS_VERSION': '1', 'DISABLE_ROS1_EOL_WARNINGS': '1', 'PKG_CONFIG_PATH': '/opt/pal/gallium/lib/pkgconfig:/opt/pal/gallium/lib/x86_64-linux-gnu/pkgconfig:/opt/ros/noetic/lib/pkgconfig:/opt/ros/noetic/lib/x86_64-linux-gnu/pkgconfig', 'ROS_PYTHON_VERSION': '3', 'HOSTNAME': 'epan-tiago-noetic-ssh', 'VISP_WS': '/home/pal/visp-ws', 'ROS_PACKAGE_PATH': '/home/pal/ros_ws/src:/opt/pal/gallium/share:/opt/ros/noetic/share', 'ROSLISP_PACKAGE_DIRECTORIES': '/home/pal/ros_ws/devel/share/common-lisp', 'PWD': '/home/pal/ros_ws/src', 'XAUTHORITY': '', 'TZ': 'Europe/Paris', 'ROS_IP': '127.0.0.1', 'HOME': '/home/pal', 'ROS_ETC_DIR': '/opt/ros/noetic/etc/ros', 'LS_COLORS': 'rs=0:di=01;34:ln=01;36:mh=00:pi=40;33:so=01;35:do=01;35:bd=40;33;01:cd=40;33;01:or=40;31;01:mi=00:su=37;41:sg=30;43:ca=30;41:tw=30;42:ow=34;42:st=37;44:ex=01;32:*.tar=01;31:*.tgz=01;31:*.arc=01;31:*.arj=01;31:*.taz=01;31:*.lha=01;31:*.lz4=01;31:*.lzh=01;31:*.lzma=01;31:*.tlz=01;31:*.txz=01;31:*.tzo=01;31:*.t7z=01;31:*.zip=01;31:*.z=01;31:*.dz=01;31:*.gz=01;31:*.lrz=01;31:*.lz=01;31:*.lzo=01;31:*.xz=01;31:*.zst=01;31:*.tzst=01;31:*.bz2=01;31:*.bz=01;31:*.tbz=01;31:*.tbz2=01;31:*.tz=01;31:*.deb=01;31:*.rpm=01;31:*.jar=01;31:*.war=01;31:*.ear=01;31:*.sar=01;31:*.rar=01;31:*.alz=01;31:*.ace=01;31:*.zoo=01;31:*.cpio=01;31:*.7z=01;31:*.rz=01;31:*.cab=01;31:*.wim=01;31:*.swm=01;31:*.dwm=01;31:*.esd=01;31:*.jpg=01;35:*.jpeg=01;35:*.mjpg=01;35:*.mjpeg=01;35:*.gif=01;35:*.bmp=01;35:*.pbm=01;35:*.pgm=01;35:*.ppm=01;35:*.tga=01;35:*.xbm=01;35:*.xpm=01;35:*.tif=01;35:*.tiff=01;35:*.png=01;35:*.svg=01;35:*.svgz=01;35:*.mng=01;35:*.pcx=01;35:*.mov=01;35:*.mpg=01;35:*.mpeg=01;35:*.m2v=01;35:*.mkv=01;35:*.webm=01;35:*.ogm=01;35:*.mp4=01;35:*.m4v=01;35:*.mp4v=01;35:*.vob=01;35:*.qt=01;35:*.nuv=01;35:*.wmv=01;35:*.asf=01;35:*.rm=01;35:*.rmvb=01;35:*.flc=01;35:*.avi=01;35:*.fli=01;35:*.flv=01;35:*.gl=01;35:*.dl=01;35:*.xcf=01;35:*.xwd=01;35:*.yuv=01;35:*.cgm=01;35:*.emf=01;35:*.ogv=01;35:*.ogx=01;35:*.aac=00;36:*.au=00;36:*.flac=00;36:*.m4a=00;36:*.mid=00;36:*.midi=00;36:*.mka=00;36:*.mp3=00;36:*.mpc=00;36:*.ogg=00;36:*.ra=00;36:*.wav=00;36:*.oga=00;36:*.opus=00;36:*.spx=00;36:*.xspf=00;36:', 'OROCOS_TARGET': 'gnulinux', 'CMAKE_PREFIX_PATH': '/home/pal/ros_ws/devel:/opt/pal/gallium:/opt/ros/noetic', 'GAZEBO_RESOURCE_PATH': '/home/pal/ros_ws/src/va50:', 'ROS_WORKSPACE': '/home/pal/ros_ws', 'LESSCLOSE': '/usr/bin/lesspipe %s %s', 'PYTHONPATH': '/opt/pal/gallium/lib/python3/dist-packages:/opt/ros/noetic/lib/python3/dist-packages', 'TERM': 'xterm', 'VISP_INPUT_IMAGE_PATH': '/home/pal/visp-ws/visp-images', 'LESSOPEN': '| /usr/bin/lesspipe %s', 'USER': 'pal', 'RTT_COMPONENT_PATH': '/opt/pal/gallium/lib/orocos', 'DISPLAY': ':0', 'SHLVL': '1', 'PAL_DISTRO': 'gallium', 'ROS_MASTER_URI': 'http://localhost:11311/', 'LD_LIBRARY_PATH': '/opt/pal/gallium/lib:/opt/pal/gallium/lib/x86_64-linux-gnu:/opt/ros/noetic/lib:/opt/ros/noetic/lib/x86_64-linux-gnu:/usr/local/lib', 'GAZEBO_MODEL_PATH': '/home/pal/ros_ws/src/va50/models:', 'PATH': '/opt/pal/gallium/bin:/opt/ros/noetic/bin:/opt/pal/gallium/lib/pal_debian_utils/:/usr/local/sbin:/usr/local/bin:/usr/sbin:/usr/bin:/sbin:/bin', 'LUA_PATH': ';;/opt/pal/gallium/share/lua/5.1/?.lua;/opt/pal/gallium/share/lua/5.1/?.lua', 'DEBIAN_FRONTEND': 'noninteractive', 'ROS_ROOT': '/opt/ros/noetic/share/ros', 'ROS_DISTRO': 'noetic', 'QT_X11_NO_MITSHM': '1', '_': '/opt/ros/noetic/bin/roslaunch', 'OLDPWD': '/home/pal/ros_ws', 'LC_CTYPE': 'C.UTF-8', 'ROS_LOG_FILENAME': '/home/pal/.ros/log/5320f078-db73-11f0-9699-0028f8234b19/roslaunch-epan-tiago-noetic-ssh-120.log', 'LC_NUMERIC': 'C'}]
[roslaunch][INFO] 2025-12-17 19:08:03,388: process[move_group-13]: args[['/opt/ros/noetic/lib/moveit_ros_move_group/move_group', '__name:=move_group']]
[roslaunch][INFO] 2025-12-17 19:08:03,389: ... created process [move_group-13]
[roslaunch.pmon][INFO] 2025-12-17 19:08:03,389: ProcessMonitor.register[move_group-13]
[roslaunch.pmon][INFO] 2025-12-17 19:08:03,389: ProcessMonitor.register[move_group-13] complete
[roslaunch][INFO] 2025-12-17 19:08:03,389: ... registered process [move_group-13]
[roslaunch][INFO] 2025-12-17 19:08:03,389: process[move_group-13]: starting os process
[roslaunch][INFO] 2025-12-17 19:08:03,389: process[move_group-13]: start w/ args [['/opt/ros/noetic/lib/moveit_ros_move_group/move_group', '__name:=move_group', '__log:=/home/pal/.ros/log/5320f078-db73-11f0-9699-0028f8234b19/move_group-13.log']]
[roslaunch][INFO] 2025-12-17 19:08:03,390: process[move_group-13]: cwd will be [/home/pal/.ros]
[roslaunch][INFO] 2025-12-17 19:08:03,401: process[move_group-13]: started with pid [183]
[roslaunch][INFO] 2025-12-17 19:08:03,404: ... successfully launched [move_group-13]
[roslaunch][INFO] 2025-12-17 19:08:03,405: ... preparing to launch node of type [robot_state_publisher/robot_state_publisher]
[roslaunch][INFO] 2025-12-17 19:08:03,405: create_node_process: package[robot_state_publisher] type[robot_state_publisher] machine[Machine(name[] env_loader[None] address[localhost] ssh_port[22] user[None] assignable[True] timeout[10.0])] master_uri[http://localhost:11311/]
[roslaunch][INFO] 2025-12-17 19:08:03,405: process[robot_state_publisher-14]: env[{'ROS_VERSION': '1', 'DISABLE_ROS1_EOL_WARNINGS': '1', 'PKG_CONFIG_PATH': '/opt/pal/gallium/lib/pkgconfig:/opt/pal/gallium/lib/x86_64-linux-gnu/pkgconfig:/opt/ros/noetic/lib/pkgconfig:/opt/ros/noetic/lib/x86_64-linux-gnu/pkgconfig', 'ROS_PYTHON_VERSION': '3', 'HOSTNAME': 'epan-tiago-noetic-ssh', 'VISP_WS': '/home/pal/visp-ws', 'ROS_PACKAGE_PATH': '/home/pal/ros_ws/src:/opt/pal/gallium/share:/opt/ros/noetic/share', 'ROSLISP_PACKAGE_DIRECTORIES': '/home/pal/ros_ws/devel/share/common-lisp', 'PWD': '/home/pal/ros_ws/src', 'XAUTHORITY': '', 'TZ': 'Europe/Paris', 'ROS_IP': '127.0.0.1', 'HOME': '/home/pal', 'ROS_ETC_DIR': '/opt/ros/noetic/etc/ros', 'LS_COLORS': 'rs=0:di=01;34:ln=01;36:mh=00:pi=40;33:so=01;35:do=01;35:bd=40;33;01:cd=40;33;01:or=40;31;01:mi=00:su=37;41:sg=30;43:ca=30;41:tw=30;42:ow=34;42:st=37;44:ex=01;32:*.tar=01;31:*.tgz=01;31:*.arc=01;31:*.arj=01;31:*.taz=01;31:*.lha=01;31:*.lz4=01;31:*.lzh=01;31:*.lzma=01;31:*.tlz=01;31:*.txz=01;31:*.tzo=01;31:*.t7z=01;31:*.zip=01;31:*.z=01;31:*.dz=01;31:*.gz=01;31:*.lrz=01;31:*.lz=01;31:*.lzo=01;31:*.xz=01;31:*.zst=01;31:*.tzst=01;31:*.bz2=01;31:*.bz=01;31:*.tbz=01;31:*.tbz2=01;31:*.tz=01;31:*.deb=01;31:*.rpm=01;31:*.jar=01;31:*.war=01;31:*.ear=01;31:*.sar=01;31:*.rar=01;31:*.alz=01;31:*.ace=01;31:*.zoo=01;31:*.cpio=01;31:*.7z=01;31:*.rz=01;31:*.cab=01;31:*.wim=01;31:*.swm=01;31:*.dwm=01;31:*.esd=01;31:*.jpg=01;35:*.jpeg=01;35:*.mjpg=01;35:*.mjpeg=01;35:*.gif=01;35:*.bmp=01;35:*.pbm=01;35:*.pgm=01;35:*.ppm=01;35:*.tga=01;35:*.xbm=01;35:*.xpm=01;35:*.tif=01;35:*.tiff=01;35:*.png=01;35:*.svg=01;35:*.svgz=01;35:*.mng=01;35:*.pcx=01;35:*.mov=01;35:*.mpg=01;35:*.mpeg=01;35:*.m2v=01;35:*.mkv=01;35:*.webm=01;35:*.ogm=01;35:*.mp4=01;35:*.m4v=01;35:*.mp4v=01;35:*.vob=01;35:*.qt=01;35:*.nuv=01;35:*.wmv=01;35:*.asf=01;35:*.rm=01;35:*.rmvb=01;35:*.flc=01;35:*.avi=01;35:*.fli=01;35:*.flv=01;35:*.gl=01;35:*.dl=01;35:*.xcf=01;35:*.xwd=01;35:*.yuv=01;35:*.cgm=01;35:*.emf=01;35:*.ogv=01;35:*.ogx=01;35:*.aac=00;36:*.au=00;36:*.flac=00;36:*.m4a=00;36:*.mid=00;36:*.midi=00;36:*.mka=00;36:*.mp3=00;36:*.mpc=00;36:*.ogg=00;36:*.ra=00;36:*.wav=00;36:*.oga=00;36:*.opus=00;36:*.spx=00;36:*.xspf=00;36:', 'OROCOS_TARGET': 'gnulinux', 'CMAKE_PREFIX_PATH': '/home/pal/ros_ws/devel:/opt/pal/gallium:/opt/ros/noetic', 'GAZEBO_RESOURCE_PATH': '/home/pal/ros_ws/src/va50:', 'ROS_WORKSPACE': '/home/pal/ros_ws', 'LESSCLOSE': '/usr/bin/lesspipe %s %s', 'PYTHONPATH': '/opt/pal/gallium/lib/python3/dist-packages:/opt/ros/noetic/lib/python3/dist-packages', 'TERM': 'xterm', 'VISP_INPUT_IMAGE_PATH': '/home/pal/visp-ws/visp-images', 'LESSOPEN': '| /usr/bin/lesspipe %s', 'USER': 'pal', 'RTT_COMPONENT_PATH': '/opt/pal/gallium/lib/orocos', 'DISPLAY': ':0', 'SHLVL': '1', 'PAL_DISTRO': 'gallium', 'ROS_MASTER_URI': 'http://localhost:11311/', 'LD_LIBRARY_PATH': '/opt/pal/gallium/lib:/opt/pal/gallium/lib/x86_64-linux-gnu:/opt/ros/noetic/lib:/opt/ros/noetic/lib/x86_64-linux-gnu:/usr/local/lib', 'GAZEBO_MODEL_PATH': '/home/pal/ros_ws/src/va50/models:', 'PATH': '/opt/pal/gallium/bin:/opt/ros/noetic/bin:/opt/pal/gallium/lib/pal_debian_utils/:/usr/local/sbin:/usr/local/bin:/usr/sbin:/usr/bin:/sbin:/bin', 'LUA_PATH': ';;/opt/pal/gallium/share/lua/5.1/?.lua;/opt/pal/gallium/share/lua/5.1/?.lua', 'DEBIAN_FRONTEND': 'noninteractive', 'ROS_ROOT': '/opt/ros/noetic/share/ros', 'ROS_DISTRO': 'noetic', 'QT_X11_NO_MITSHM': '1', '_': '/opt/ros/noetic/bin/roslaunch', 'OLDPWD': '/home/pal/ros_ws', 'LC_CTYPE': 'C.UTF-8', 'ROS_LOG_FILENAME': '/home/pal/.ros/log/5320f078-db73-11f0-9699-0028f8234b19/roslaunch-epan-tiago-noetic-ssh-120.log', 'LC_NUMERIC': 'C'}]
[roslaunch][INFO] 2025-12-17 19:08:03,412: process[robot_state_publisher-14]: args[['/opt/ros/noetic/lib/robot_state_publisher/robot_state_publisher', '__name:=robot_state_publisher']]
[roslaunch][INFO] 2025-12-17 19:08:03,412: ... created process [robot_state_publisher-14]
[roslaunch.pmon][INFO] 2025-12-17 19:08:03,412: ProcessMonitor.register[robot_state_publisher-14]
[roslaunch.pmon][INFO] 2025-12-17 19:08:03,412: ProcessMonitor.register[robot_state_publisher-14] complete
[roslaunch][INFO] 2025-12-17 19:08:03,412: ... registered process [robot_state_publisher-14]
[roslaunch][INFO] 2025-12-17 19:08:03,412: process[robot_state_publisher-14]: starting os process
[roslaunch][INFO] 2025-12-17 19:08:03,414: process[robot_state_publisher-14]: start w/ args [['/opt/ros/noetic/lib/robot_state_publisher/robot_state_publisher', '__name:=robot_state_publisher', '__log:=/home/pal/.ros/log/5320f078-db73-11f0-9699-0028f8234b19/robot_state_publisher-14.log']]
[roslaunch][INFO] 2025-12-17 19:08:03,415: process[robot_state_publisher-14]: cwd will be [/home/pal/.ros]
[roslaunch][INFO] 2025-12-17 19:08:03,435: process[robot_state_publisher-14]: started with pid [187]
[roslaunch][INFO] 2025-12-17 19:08:03,437: ... successfully launched [robot_state_publisher-14]
[roslaunch][INFO] 2025-12-17 19:08:03,437: ... preparing to launch node of type [tf_lookup/tf_lookup]
[roslaunch][INFO] 2025-12-17 19:08:03,437: create_node_process: package[tf_lookup] type[tf_lookup] machine[Machine(name[] env_loader[None] address[localhost] ssh_port[22] user[None] assignable[True] timeout[10.0])] master_uri[http://localhost:11311/]
[roslaunch][INFO] 2025-12-17 19:08:03,441: process[tf_lookup-15]: env[{'ROS_VERSION': '1', 'DISABLE_ROS1_EOL_WARNINGS': '1', 'PKG_CONFIG_PATH': '/opt/pal/gallium/lib/pkgconfig:/opt/pal/gallium/lib/x86_64-linux-gnu/pkgconfig:/opt/ros/noetic/lib/pkgconfig:/opt/ros/noetic/lib/x86_64-linux-gnu/pkgconfig', 'ROS_PYTHON_VERSION': '3', 'HOSTNAME': 'epan-tiago-noetic-ssh', 'VISP_WS': '/home/pal/visp-ws', 'ROS_PACKAGE_PATH': '/home/pal/ros_ws/src:/opt/pal/gallium/share:/opt/ros/noetic/share', 'ROSLISP_PACKAGE_DIRECTORIES': '/home/pal/ros_ws/devel/share/common-lisp', 'PWD': '/home/pal/ros_ws/src', 'XAUTHORITY': '', 'TZ': 'Europe/Paris', 'ROS_IP': '127.0.0.1', 'HOME': '/home/pal', 'ROS_ETC_DIR': '/opt/ros/noetic/etc/ros', 'LS_COLORS': 'rs=0:di=01;34:ln=01;36:mh=00:pi=40;33:so=01;35:do=01;35:bd=40;33;01:cd=40;33;01:or=40;31;01:mi=00:su=37;41:sg=30;43:ca=30;41:tw=30;42:ow=34;42:st=37;44:ex=01;32:*.tar=01;31:*.tgz=01;31:*.arc=01;31:*.arj=01;31:*.taz=01;31:*.lha=01;31:*.lz4=01;31:*.lzh=01;31:*.lzma=01;31:*.tlz=01;31:*.txz=01;31:*.tzo=01;31:*.t7z=01;31:*.zip=01;31:*.z=01;31:*.dz=01;31:*.gz=01;31:*.lrz=01;31:*.lz=01;31:*.lzo=01;31:*.xz=01;31:*.zst=01;31:*.tzst=01;31:*.bz2=01;31:*.bz=01;31:*.tbz=01;31:*.tbz2=01;31:*.tz=01;31:*.deb=01;31:*.rpm=01;31:*.jar=01;31:*.war=01;31:*.ear=01;31:*.sar=01;31:*.rar=01;31:*.alz=01;31:*.ace=01;31:*.zoo=01;31:*.cpio=01;31:*.7z=01;31:*.rz=01;31:*.cab=01;31:*.wim=01;31:*.swm=01;31:*.dwm=01;31:*.esd=01;31:*.jpg=01;35:*.jpeg=01;35:*.mjpg=01;35:*.mjpeg=01;35:*.gif=01;35:*.bmp=01;35:*.pbm=01;35:*.pgm=01;35:*.ppm=01;35:*.tga=01;35:*.xbm=01;35:*.xpm=01;35:*.tif=01;35:*.tiff=01;35:*.png=01;35:*.svg=01;35:*.svgz=01;35:*.mng=01;35:*.pcx=01;35:*.mov=01;35:*.mpg=01;35:*.mpeg=01;35:*.m2v=01;35:*.mkv=01;35:*.webm=01;35:*.ogm=01;35:*.mp4=01;35:*.m4v=01;35:*.mp4v=01;35:*.vob=01;35:*.qt=01;35:*.nuv=01;35:*.wmv=01;35:*.asf=01;35:*.rm=01;35:*.rmvb=01;35:*.flc=01;35:*.avi=01;35:*.fli=01;35:*.flv=01;35:*.gl=01;35:*.dl=01;35:*.xcf=01;35:*.xwd=01;35:*.yuv=01;35:*.cgm=01;35:*.emf=01;35:*.ogv=01;35:*.ogx=01;35:*.aac=00;36:*.au=00;36:*.flac=00;36:*.m4a=00;36:*.mid=00;36:*.midi=00;36:*.mka=00;36:*.mp3=00;36:*.mpc=00;36:*.ogg=00;36:*.ra=00;36:*.wav=00;36:*.oga=00;36:*.opus=00;36:*.spx=00;36:*.xspf=00;36:', 'OROCOS_TARGET': 'gnulinux', 'CMAKE_PREFIX_PATH': '/home/pal/ros_ws/devel:/opt/pal/gallium:/opt/ros/noetic', 'GAZEBO_RESOURCE_PATH': '/home/pal/ros_ws/src/va50:', 'ROS_WORKSPACE': '/home/pal/ros_ws', 'LESSCLOSE': '/usr/bin/lesspipe %s %s', 'PYTHONPATH': '/opt/pal/gallium/lib/python3/dist-packages:/opt/ros/noetic/lib/python3/dist-packages', 'TERM': 'xterm', 'VISP_INPUT_IMAGE_PATH': '/home/pal/visp-ws/visp-images', 'LESSOPEN': '| /usr/bin/lesspipe %s', 'USER': 'pal', 'RTT_COMPONENT_PATH': '/opt/pal/gallium/lib/orocos', 'DISPLAY': ':0', 'SHLVL': '1', 'PAL_DISTRO': 'gallium', 'ROS_MASTER_URI': 'http://localhost:11311/', 'LD_LIBRARY_PATH': '/opt/pal/gallium/lib:/opt/pal/gallium/lib/x86_64-linux-gnu:/opt/ros/noetic/lib:/opt/ros/noetic/lib/x86_64-linux-gnu:/usr/local/lib', 'GAZEBO_MODEL_PATH': '/home/pal/ros_ws/src/va50/models:', 'PATH': '/opt/pal/gallium/bin:/opt/ros/noetic/bin:/opt/pal/gallium/lib/pal_debian_utils/:/usr/local/sbin:/usr/local/bin:/usr/sbin:/usr/bin:/sbin:/bin', 'LUA_PATH': ';;/opt/pal/gallium/share/lua/5.1/?.lua;/opt/pal/gallium/share/lua/5.1/?.lua', 'DEBIAN_FRONTEND': 'noninteractive', 'ROS_ROOT': '/opt/ros/noetic/share/ros', 'ROS_DISTRO': 'noetic', 'QT_X11_NO_MITSHM': '1', '_': '/opt/ros/noetic/bin/roslaunch', 'OLDPWD': '/home/pal/ros_ws', 'LC_CTYPE': 'C.UTF-8', 'ROS_LOG_FILENAME': '/home/pal/.ros/log/5320f078-db73-11f0-9699-0028f8234b19/roslaunch-epan-tiago-noetic-ssh-120.log', 'LC_NUMERIC': 'C'}]
[roslaunch][INFO] 2025-12-17 19:08:03,445: process[tf_lookup-15]: args[['/opt/pal/gallium/lib/tf_lookup/tf_lookup', '__name:=tf_lookup']]
[roslaunch][INFO] 2025-12-17 19:08:03,445: ... created process [tf_lookup-15]
[roslaunch.pmon][INFO] 2025-12-17 19:08:03,445: ProcessMonitor.register[tf_lookup-15]
[roslaunch.pmon][INFO] 2025-12-17 19:08:03,445: ProcessMonitor.register[tf_lookup-15] complete
[roslaunch][INFO] 2025-12-17 19:08:03,445: ... registered process [tf_lookup-15]
[roslaunch][INFO] 2025-12-17 19:08:03,445: process[tf_lookup-15]: starting os process
[roslaunch][INFO] 2025-12-17 19:08:03,446: process[tf_lookup-15]: start w/ args [['/opt/pal/gallium/lib/tf_lookup/tf_lookup', '__name:=tf_lookup', '__log:=/home/pal/.ros/log/5320f078-db73-11f0-9699-0028f8234b19/tf_lookup-15.log']]
[roslaunch][INFO] 2025-12-17 19:08:03,446: process[tf_lookup-15]: cwd will be [/home/pal/.ros]
[roslaunch][INFO] 2025-12-17 19:08:03,461: process[tf_lookup-15]: started with pid [195]
[roslaunch][INFO] 2025-12-17 19:08:03,462: ... successfully launched [tf_lookup-15]
[roslaunch][INFO] 2025-12-17 19:08:03,462: ... preparing to launch node of type [twist_mux/twist_mux]
[roslaunch][INFO] 2025-12-17 19:08:03,463: create_node_process: package[twist_mux] type[twist_mux] machine[Machine(name[] env_loader[None] address[localhost] ssh_port[22] user[None] assignable[True] timeout[10.0])] master_uri[http://localhost:11311/]
[roslaunch][INFO] 2025-12-17 19:08:03,463: process[twist_mux-16]: env[{'ROS_VERSION': '1', 'DISABLE_ROS1_EOL_WARNINGS': '1', 'PKG_CONFIG_PATH': '/opt/pal/gallium/lib/pkgconfig:/opt/pal/gallium/lib/x86_64-linux-gnu/pkgconfig:/opt/ros/noetic/lib/pkgconfig:/opt/ros/noetic/lib/x86_64-linux-gnu/pkgconfig', 'ROS_PYTHON_VERSION': '3', 'HOSTNAME': 'epan-tiago-noetic-ssh', 'VISP_WS': '/home/pal/visp-ws', 'ROS_PACKAGE_PATH': '/home/pal/ros_ws/src:/opt/pal/gallium/share:/opt/ros/noetic/share', 'ROSLISP_PACKAGE_DIRECTORIES': '/home/pal/ros_ws/devel/share/common-lisp', 'PWD': '/home/pal/ros_ws/src', 'XAUTHORITY': '', 'TZ': 'Europe/Paris', 'ROS_IP': '127.0.0.1', 'HOME': '/home/pal', 'ROS_ETC_DIR': '/opt/ros/noetic/etc/ros', 'LS_COLORS': 'rs=0:di=01;34:ln=01;36:mh=00:pi=40;33:so=01;35:do=01;35:bd=40;33;01:cd=40;33;01:or=40;31;01:mi=00:su=37;41:sg=30;43:ca=30;41:tw=30;42:ow=34;42:st=37;44:ex=01;32:*.tar=01;31:*.tgz=01;31:*.arc=01;31:*.arj=01;31:*.taz=01;31:*.lha=01;31:*.lz4=01;31:*.lzh=01;31:*.lzma=01;31:*.tlz=01;31:*.txz=01;31:*.tzo=01;31:*.t7z=01;31:*.zip=01;31:*.z=01;31:*.dz=01;31:*.gz=01;31:*.lrz=01;31:*.lz=01;31:*.lzo=01;31:*.xz=01;31:*.zst=01;31:*.tzst=01;31:*.bz2=01;31:*.bz=01;31:*.tbz=01;31:*.tbz2=01;31:*.tz=01;31:*.deb=01;31:*.rpm=01;31:*.jar=01;31:*.war=01;31:*.ear=01;31:*.sar=01;31:*.rar=01;31:*.alz=01;31:*.ace=01;31:*.zoo=01;31:*.cpio=01;31:*.7z=01;31:*.rz=01;31:*.cab=01;31:*.wim=01;31:*.swm=01;31:*.dwm=01;31:*.esd=01;31:*.jpg=01;35:*.jpeg=01;35:*.mjpg=01;35:*.mjpeg=01;35:*.gif=01;35:*.bmp=01;35:*.pbm=01;35:*.pgm=01;35:*.ppm=01;35:*.tga=01;35:*.xbm=01;35:*.xpm=01;35:*.tif=01;35:*.tiff=01;35:*.png=01;35:*.svg=01;35:*.svgz=01;35:*.mng=01;35:*.pcx=01;35:*.mov=01;35:*.mpg=01;35:*.mpeg=01;35:*.m2v=01;35:*.mkv=01;35:*.webm=01;35:*.ogm=01;35:*.mp4=01;35:*.m4v=01;35:*.mp4v=01;35:*.vob=01;35:*.qt=01;35:*.nuv=01;35:*.wmv=01;35:*.asf=01;35:*.rm=01;35:*.rmvb=01;35:*.flc=01;35:*.avi=01;35:*.fli=01;35:*.flv=01;35:*.gl=01;35:*.dl=01;35:*.xcf=01;35:*.xwd=01;35:*.yuv=01;35:*.cgm=01;35:*.emf=01;35:*.ogv=01;35:*.ogx=01;35:*.aac=00;36:*.au=00;36:*.flac=00;36:*.m4a=00;36:*.mid=00;36:*.midi=00;36:*.mka=00;36:*.mp3=00;36:*.mpc=00;36:*.ogg=00;36:*.ra=00;36:*.wav=00;36:*.oga=00;36:*.opus=00;36:*.spx=00;36:*.xspf=00;36:', 'OROCOS_TARGET': 'gnulinux', 'CMAKE_PREFIX_PATH': '/home/pal/ros_ws/devel:/opt/pal/gallium:/opt/ros/noetic', 'GAZEBO_RESOURCE_PATH': '/home/pal/ros_ws/src/va50:', 'ROS_WORKSPACE': '/home/pal/ros_ws', 'LESSCLOSE': '/usr/bin/lesspipe %s %s', 'PYTHONPATH': '/opt/pal/gallium/lib/python3/dist-packages:/opt/ros/noetic/lib/python3/dist-packages', 'TERM': 'xterm', 'VISP_INPUT_IMAGE_PATH': '/home/pal/visp-ws/visp-images', 'LESSOPEN': '| /usr/bin/lesspipe %s', 'USER': 'pal', 'RTT_COMPONENT_PATH': '/opt/pal/gallium/lib/orocos', 'DISPLAY': ':0', 'SHLVL': '1', 'PAL_DISTRO': 'gallium', 'ROS_MASTER_URI': 'http://localhost:11311/', 'LD_LIBRARY_PATH': '/opt/pal/gallium/lib:/opt/pal/gallium/lib/x86_64-linux-gnu:/opt/ros/noetic/lib:/opt/ros/noetic/lib/x86_64-linux-gnu:/usr/local/lib', 'GAZEBO_MODEL_PATH': '/home/pal/ros_ws/src/va50/models:', 'PATH': '/opt/pal/gallium/bin:/opt/ros/noetic/bin:/opt/pal/gallium/lib/pal_debian_utils/:/usr/local/sbin:/usr/local/bin:/usr/sbin:/usr/bin:/sbin:/bin', 'LUA_PATH': ';;/opt/pal/gallium/share/lua/5.1/?.lua;/opt/pal/gallium/share/lua/5.1/?.lua', 'DEBIAN_FRONTEND': 'noninteractive', 'ROS_ROOT': '/opt/ros/noetic/share/ros', 'ROS_DISTRO': 'noetic', 'QT_X11_NO_MITSHM': '1', '_': '/opt/ros/noetic/bin/roslaunch', 'OLDPWD': '/home/pal/ros_ws', 'LC_CTYPE': 'C.UTF-8', 'ROS_LOG_FILENAME': '/home/pal/.ros/log/5320f078-db73-11f0-9699-0028f8234b19/roslaunch-epan-tiago-noetic-ssh-120.log', 'LC_NUMERIC': 'C'}]
[roslaunch][INFO] 2025-12-17 19:08:03,471: process[twist_mux-16]: args[['/opt/ros/noetic/lib/twist_mux/twist_mux', 'cmd_vel_out:=mobile_base_controller/cmd_vel', '__name:=twist_mux']]
[roslaunch][INFO] 2025-12-17 19:08:03,471: ... created process [twist_mux-16]
[roslaunch.pmon][INFO] 2025-12-17 19:08:03,472: ProcessMonitor.register[twist_mux-16]
[roslaunch.pmon][INFO] 2025-12-17 19:08:03,472: ProcessMonitor.register[twist_mux-16] complete
[roslaunch][INFO] 2025-12-17 19:08:03,472: ... registered process [twist_mux-16]
[roslaunch][INFO] 2025-12-17 19:08:03,472: process[twist_mux-16]: starting os process
[roslaunch][INFO] 2025-12-17 19:08:03,472: process[twist_mux-16]: start w/ args [['/opt/ros/noetic/lib/twist_mux/twist_mux', 'cmd_vel_out:=mobile_base_controller/cmd_vel', '__name:=twist_mux', '__log:=/home/pal/.ros/log/5320f078-db73-11f0-9699-0028f8234b19/twist_mux-16.log']]
[roslaunch][INFO] 2025-12-17 19:08:03,472: process[twist_mux-16]: cwd will be [/home/pal/.ros]
[roslaunch][INFO] 2025-12-17 19:08:03,494: process[twist_mux-16]: started with pid [205]
[roslaunch][INFO] 2025-12-17 19:08:03,496: ... successfully launched [twist_mux-16]
[roslaunch][INFO] 2025-12-17 19:08:03,496: ... preparing to launch node of type [twist_mux/twist_marker]
[roslaunch][INFO] 2025-12-17 19:08:03,496: create_node_process: package[twist_mux] type[twist_marker] machine[Machine(name[] env_loader[None] address[localhost] ssh_port[22] user[None] assignable[True] timeout[10.0])] master_uri[http://localhost:11311/]
[roslaunch][INFO] 2025-12-17 19:08:03,496: process[twist_marker-17]: env[{'ROS_VERSION': '1', 'DISABLE_ROS1_EOL_WARNINGS': '1', 'PKG_CONFIG_PATH': '/opt/pal/gallium/lib/pkgconfig:/opt/pal/gallium/lib/x86_64-linux-gnu/pkgconfig:/opt/ros/noetic/lib/pkgconfig:/opt/ros/noetic/lib/x86_64-linux-gnu/pkgconfig', 'ROS_PYTHON_VERSION': '3', 'HOSTNAME': 'epan-tiago-noetic-ssh', 'VISP_WS': '/home/pal/visp-ws', 'ROS_PACKAGE_PATH': '/home/pal/ros_ws/src:/opt/pal/gallium/share:/opt/ros/noetic/share', 'ROSLISP_PACKAGE_DIRECTORIES': '/home/pal/ros_ws/devel/share/common-lisp', 'PWD': '/home/pal/ros_ws/src', 'XAUTHORITY': '', 'TZ': 'Europe/Paris', 'ROS_IP': '127.0.0.1', 'HOME': '/home/pal', 'ROS_ETC_DIR': '/opt/ros/noetic/etc/ros', 'LS_COLORS': 'rs=0:di=01;34:ln=01;36:mh=00:pi=40;33:so=01;35:do=01;35:bd=40;33;01:cd=40;33;01:or=40;31;01:mi=00:su=37;41:sg=30;43:ca=30;41:tw=30;42:ow=34;42:st=37;44:ex=01;32:*.tar=01;31:*.tgz=01;31:*.arc=01;31:*.arj=01;31:*.taz=01;31:*.lha=01;31:*.lz4=01;31:*.lzh=01;31:*.lzma=01;31:*.tlz=01;31:*.txz=01;31:*.tzo=01;31:*.t7z=01;31:*.zip=01;31:*.z=01;31:*.dz=01;31:*.gz=01;31:*.lrz=01;31:*.lz=01;31:*.lzo=01;31:*.xz=01;31:*.zst=01;31:*.tzst=01;31:*.bz2=01;31:*.bz=01;31:*.tbz=01;31:*.tbz2=01;31:*.tz=01;31:*.deb=01;31:*.rpm=01;31:*.jar=01;31:*.war=01;31:*.ear=01;31:*.sar=01;31:*.rar=01;31:*.alz=01;31:*.ace=01;31:*.zoo=01;31:*.cpio=01;31:*.7z=01;31:*.rz=01;31:*.cab=01;31:*.wim=01;31:*.swm=01;31:*.dwm=01;31:*.esd=01;31:*.jpg=01;35:*.jpeg=01;35:*.mjpg=01;35:*.mjpeg=01;35:*.gif=01;35:*.bmp=01;35:*.pbm=01;35:*.pgm=01;35:*.ppm=01;35:*.tga=01;35:*.xbm=01;35:*.xpm=01;35:*.tif=01;35:*.tiff=01;35:*.png=01;35:*.svg=01;35:*.svgz=01;35:*.mng=01;35:*.pcx=01;35:*.mov=01;35:*.mpg=01;35:*.mpeg=01;35:*.m2v=01;35:*.mkv=01;35:*.webm=01;35:*.ogm=01;35:*.mp4=01;35:*.m4v=01;35:*.mp4v=01;35:*.vob=01;35:*.qt=01;35:*.nuv=01;35:*.wmv=01;35:*.asf=01;35:*.rm=01;35:*.rmvb=01;35:*.flc=01;35:*.avi=01;35:*.fli=01;35:*.flv=01;35:*.gl=01;35:*.dl=01;35:*.xcf=01;35:*.xwd=01;35:*.yuv=01;35:*.cgm=01;35:*.emf=01;35:*.ogv=01;35:*.ogx=01;35:*.aac=00;36:*.au=00;36:*.flac=00;36:*.m4a=00;36:*.mid=00;36:*.midi=00;36:*.mka=00;36:*.mp3=00;36:*.mpc=00;36:*.ogg=00;36:*.ra=00;36:*.wav=00;36:*.oga=00;36:*.opus=00;36:*.spx=00;36:*.xspf=00;36:', 'OROCOS_TARGET': 'gnulinux', 'CMAKE_PREFIX_PATH': '/home/pal/ros_ws/devel:/opt/pal/gallium:/opt/ros/noetic', 'GAZEBO_RESOURCE_PATH': '/home/pal/ros_ws/src/va50:', 'ROS_WORKSPACE': '/home/pal/ros_ws', 'LESSCLOSE': '/usr/bin/lesspipe %s %s', 'PYTHONPATH': '/opt/pal/gallium/lib/python3/dist-packages:/opt/ros/noetic/lib/python3/dist-packages', 'TERM': 'xterm', 'VISP_INPUT_IMAGE_PATH': '/home/pal/visp-ws/visp-images', 'LESSOPEN': '| /usr/bin/lesspipe %s', 'USER': 'pal', 'RTT_COMPONENT_PATH': '/opt/pal/gallium/lib/orocos', 'DISPLAY': ':0', 'SHLVL': '1', 'PAL_DISTRO': 'gallium', 'ROS_MASTER_URI': 'http://localhost:11311/', 'LD_LIBRARY_PATH': '/opt/pal/gallium/lib:/opt/pal/gallium/lib/x86_64-linux-gnu:/opt/ros/noetic/lib:/opt/ros/noetic/lib/x86_64-linux-gnu:/usr/local/lib', 'GAZEBO_MODEL_PATH': '/home/pal/ros_ws/src/va50/models:', 'PATH': '/opt/pal/gallium/bin:/opt/ros/noetic/bin:/opt/pal/gallium/lib/pal_debian_utils/:/usr/local/sbin:/usr/local/bin:/usr/sbin:/usr/bin:/sbin:/bin', 'LUA_PATH': ';;/opt/pal/gallium/share/lua/5.1/?.lua;/opt/pal/gallium/share/lua/5.1/?.lua', 'DEBIAN_FRONTEND': 'noninteractive', 'ROS_ROOT': '/opt/ros/noetic/share/ros', 'ROS_DISTRO': 'noetic', 'QT_X11_NO_MITSHM': '1', '_': '/opt/ros/noetic/bin/roslaunch', 'OLDPWD': '/home/pal/ros_ws', 'LC_CTYPE': 'C.UTF-8', 'ROS_LOG_FILENAME': '/home/pal/.ros/log/5320f078-db73-11f0-9699-0028f8234b19/roslaunch-epan-tiago-noetic-ssh-120.log', 'LC_NUMERIC': 'C'}]
[roslaunch][INFO] 2025-12-17 19:08:03,498: process[twist_marker-17]: args[['/opt/ros/noetic/lib/twist_mux/twist_marker', 'twist:=mobile_base_controller/cmd_vel', 'marker:=twist_marker', '__name:=twist_marker']]
[roslaunch][INFO] 2025-12-17 19:08:03,504: ... created process [twist_marker-17]
[roslaunch.pmon][INFO] 2025-12-17 19:08:03,505: ProcessMonitor.register[twist_marker-17]
[roslaunch.pmon][INFO] 2025-12-17 19:08:03,505: ProcessMonitor.register[twist_marker-17] complete
[roslaunch][INFO] 2025-12-17 19:08:03,506: ... registered process [twist_marker-17]
[roslaunch][INFO] 2025-12-17 19:08:03,506: process[twist_marker-17]: starting os process
[roslaunch][INFO] 2025-12-17 19:08:03,506: process[twist_marker-17]: start w/ args [['/opt/ros/noetic/lib/twist_mux/twist_marker', 'twist:=mobile_base_controller/cmd_vel', 'marker:=twist_marker', '__name:=twist_marker', '__log:=/home/pal/.ros/log/5320f078-db73-11f0-9699-0028f8234b19/twist_marker-17.log']]
[roslaunch][INFO] 2025-12-17 19:08:03,506: process[twist_marker-17]: cwd will be [/home/pal/.ros]
[roslaunch][INFO] 2025-12-17 19:08:03,549: process[twist_marker-17]: started with pid [220]
[roslaunch][INFO] 2025-12-17 19:08:03,550: ... successfully launched [twist_marker-17]
[roslaunch][INFO] 2025-12-17 19:08:03,550: ... preparing to launch node of type [twist_mux/joystick_relay.py]
[roslaunch][INFO] 2025-12-17 19:08:03,550: create_node_process: package[twist_mux] type[joystick_relay.py] machine[Machine(name[] env_loader[None] address[localhost] ssh_port[22] user[None] assignable[True] timeout[10.0])] master_uri[http://localhost:11311/]
[roslaunch][INFO] 2025-12-17 19:08:03,551: process[joystick_relay-18]: env[{'ROS_VERSION': '1', 'DISABLE_ROS1_EOL_WARNINGS': '1', 'PKG_CONFIG_PATH': '/opt/pal/gallium/lib/pkgconfig:/opt/pal/gallium/lib/x86_64-linux-gnu/pkgconfig:/opt/ros/noetic/lib/pkgconfig:/opt/ros/noetic/lib/x86_64-linux-gnu/pkgconfig', 'ROS_PYTHON_VERSION': '3', 'HOSTNAME': 'epan-tiago-noetic-ssh', 'VISP_WS': '/home/pal/visp-ws', 'ROS_PACKAGE_PATH': '/home/pal/ros_ws/src:/opt/pal/gallium/share:/opt/ros/noetic/share', 'ROSLISP_PACKAGE_DIRECTORIES': '/home/pal/ros_ws/devel/share/common-lisp', 'PWD': '/home/pal/ros_ws/src', 'XAUTHORITY': '', 'TZ': 'Europe/Paris', 'ROS_IP': '127.0.0.1', 'HOME': '/home/pal', 'ROS_ETC_DIR': '/opt/ros/noetic/etc/ros', 'LS_COLORS': 'rs=0:di=01;34:ln=01;36:mh=00:pi=40;33:so=01;35:do=01;35:bd=40;33;01:cd=40;33;01:or=40;31;01:mi=00:su=37;41:sg=30;43:ca=30;41:tw=30;42:ow=34;42:st=37;44:ex=01;32:*.tar=01;31:*.tgz=01;31:*.arc=01;31:*.arj=01;31:*.taz=01;31:*.lha=01;31:*.lz4=01;31:*.lzh=01;31:*.lzma=01;31:*.tlz=01;31:*.txz=01;31:*.tzo=01;31:*.t7z=01;31:*.zip=01;31:*.z=01;31:*.dz=01;31:*.gz=01;31:*.lrz=01;31:*.lz=01;31:*.lzo=01;31:*.xz=01;31:*.zst=01;31:*.tzst=01;31:*.bz2=01;31:*.bz=01;31:*.tbz=01;31:*.tbz2=01;31:*.tz=01;31:*.deb=01;31:*.rpm=01;31:*.jar=01;31:*.war=01;31:*.ear=01;31:*.sar=01;31:*.rar=01;31:*.alz=01;31:*.ace=01;31:*.zoo=01;31:*.cpio=01;31:*.7z=01;31:*.rz=01;31:*.cab=01;31:*.wim=01;31:*.swm=01;31:*.dwm=01;31:*.esd=01;31:*.jpg=01;35:*.jpeg=01;35:*.mjpg=01;35:*.mjpeg=01;35:*.gif=01;35:*.bmp=01;35:*.pbm=01;35:*.pgm=01;35:*.ppm=01;35:*.tga=01;35:*.xbm=01;35:*.xpm=01;35:*.tif=01;35:*.tiff=01;35:*.png=01;35:*.svg=01;35:*.svgz=01;35:*.mng=01;35:*.pcx=01;35:*.mov=01;35:*.mpg=01;35:*.mpeg=01;35:*.m2v=01;35:*.mkv=01;35:*.webm=01;35:*.ogm=01;35:*.mp4=01;35:*.m4v=01;35:*.mp4v=01;35:*.vob=01;35:*.qt=01;35:*.nuv=01;35:*.wmv=01;35:*.asf=01;35:*.rm=01;35:*.rmvb=01;35:*.flc=01;35:*.avi=01;35:*.fli=01;35:*.flv=01;35:*.gl=01;35:*.dl=01;35:*.xcf=01;35:*.xwd=01;35:*.yuv=01;35:*.cgm=01;35:*.emf=01;35:*.ogv=01;35:*.ogx=01;35:*.aac=00;36:*.au=00;36:*.flac=00;36:*.m4a=00;36:*.mid=00;36:*.midi=00;36:*.mka=00;36:*.mp3=00;36:*.mpc=00;36:*.ogg=00;36:*.ra=00;36:*.wav=00;36:*.oga=00;36:*.opus=00;36:*.spx=00;36:*.xspf=00;36:', 'OROCOS_TARGET': 'gnulinux', 'CMAKE_PREFIX_PATH': '/home/pal/ros_ws/devel:/opt/pal/gallium:/opt/ros/noetic', 'GAZEBO_RESOURCE_PATH': '/home/pal/ros_ws/src/va50:', 'ROS_WORKSPACE': '/home/pal/ros_ws', 'LESSCLOSE': '/usr/bin/lesspipe %s %s', 'PYTHONPATH': '/opt/pal/gallium/lib/python3/dist-packages:/opt/ros/noetic/lib/python3/dist-packages', 'TERM': 'xterm', 'VISP_INPUT_IMAGE_PATH': '/home/pal/visp-ws/visp-images', 'LESSOPEN': '| /usr/bin/lesspipe %s', 'USER': 'pal', 'RTT_COMPONENT_PATH': '/opt/pal/gallium/lib/orocos', 'DISPLAY': ':0', 'SHLVL': '1', 'PAL_DISTRO': 'gallium', 'ROS_MASTER_URI': 'http://localhost:11311/', 'LD_LIBRARY_PATH': '/opt/pal/gallium/lib:/opt/pal/gallium/lib/x86_64-linux-gnu:/opt/ros/noetic/lib:/opt/ros/noetic/lib/x86_64-linux-gnu:/usr/local/lib', 'GAZEBO_MODEL_PATH': '/home/pal/ros_ws/src/va50/models:', 'PATH': '/opt/pal/gallium/bin:/opt/ros/noetic/bin:/opt/pal/gallium/lib/pal_debian_utils/:/usr/local/sbin:/usr/local/bin:/usr/sbin:/usr/bin:/sbin:/bin', 'LUA_PATH': ';;/opt/pal/gallium/share/lua/5.1/?.lua;/opt/pal/gallium/share/lua/5.1/?.lua', 'DEBIAN_FRONTEND': 'noninteractive', 'ROS_ROOT': '/opt/ros/noetic/share/ros', 'ROS_DISTRO': 'noetic', 'QT_X11_NO_MITSHM': '1', '_': '/opt/ros/noetic/bin/roslaunch', 'OLDPWD': '/home/pal/ros_ws', 'LC_CTYPE': 'C.UTF-8', 'ROS_LOG_FILENAME': '/home/pal/.ros/log/5320f078-db73-11f0-9699-0028f8234b19/roslaunch-epan-tiago-noetic-ssh-120.log', 'LC_NUMERIC': 'C'}]
[roslaunch][INFO] 2025-12-17 19:08:03,556: process[joystick_relay-18]: args[['/opt/ros/noetic/lib/twist_mux/joystick_relay.py', 'joy_vel_in:=input_joy/cmd_vel', 'joy_vel_out:=joy_vel', '__name:=joystick_relay']]
[roslaunch][INFO] 2025-12-17 19:08:03,556: ... created process [joystick_relay-18]
[roslaunch.pmon][INFO] 2025-12-17 19:08:03,556: ProcessMonitor.register[joystick_relay-18]
[roslaunch.pmon][INFO] 2025-12-17 19:08:03,557: ProcessMonitor.register[joystick_relay-18] complete
[roslaunch][INFO] 2025-12-17 19:08:03,557: ... registered process [joystick_relay-18]
[roslaunch][INFO] 2025-12-17 19:08:03,557: process[joystick_relay-18]: starting os process
[roslaunch][INFO] 2025-12-17 19:08:03,557: process[joystick_relay-18]: start w/ args [['/opt/ros/noetic/lib/twist_mux/joystick_relay.py', 'joy_vel_in:=input_joy/cmd_vel', 'joy_vel_out:=joy_vel', '__name:=joystick_relay', '__log:=/home/pal/.ros/log/5320f078-db73-11f0-9699-0028f8234b19/joystick_relay-18.log']]
[roslaunch][INFO] 2025-12-17 19:08:03,559: process[joystick_relay-18]: cwd will be [/home/pal/.ros]
[roslaunch][INFO] 2025-12-17 19:08:03,570: process[joystick_relay-18]: started with pid [221]
[roslaunch][INFO] 2025-12-17 19:08:03,571: ... successfully launched [joystick_relay-18]
[roslaunch][INFO] 2025-12-17 19:08:03,571: ... preparing to launch node of type [dynamic_footprint/dynamic_footprint_publisher.py]
[roslaunch][INFO] 2025-12-17 19:08:03,572: create_node_process: package[dynamic_footprint] type[dynamic_footprint_publisher.py] machine[Machine(name[] env_loader[None] address[localhost] ssh_port[22] user[None] assignable[True] timeout[10.0])] master_uri[http://localhost:11311/]
[roslaunch][INFO] 2025-12-17 19:08:03,574: process[dynamic_footprint_publisher-19]: env[{'ROS_VERSION': '1', 'DISABLE_ROS1_EOL_WARNINGS': '1', 'PKG_CONFIG_PATH': '/opt/pal/gallium/lib/pkgconfig:/opt/pal/gallium/lib/x86_64-linux-gnu/pkgconfig:/opt/ros/noetic/lib/pkgconfig:/opt/ros/noetic/lib/x86_64-linux-gnu/pkgconfig', 'ROS_PYTHON_VERSION': '3', 'HOSTNAME': 'epan-tiago-noetic-ssh', 'VISP_WS': '/home/pal/visp-ws', 'ROS_PACKAGE_PATH': '/home/pal/ros_ws/src:/opt/pal/gallium/share:/opt/ros/noetic/share', 'ROSLISP_PACKAGE_DIRECTORIES': '/home/pal/ros_ws/devel/share/common-lisp', 'PWD': '/home/pal/ros_ws/src', 'XAUTHORITY': '', 'TZ': 'Europe/Paris', 'ROS_IP': '127.0.0.1', 'HOME': '/home/pal', 'ROS_ETC_DIR': '/opt/ros/noetic/etc/ros', 'LS_COLORS': 'rs=0:di=01;34:ln=01;36:mh=00:pi=40;33:so=01;35:do=01;35:bd=40;33;01:cd=40;33;01:or=40;31;01:mi=00:su=37;41:sg=30;43:ca=30;41:tw=30;42:ow=34;42:st=37;44:ex=01;32:*.tar=01;31:*.tgz=01;31:*.arc=01;31:*.arj=01;31:*.taz=01;31:*.lha=01;31:*.lz4=01;31:*.lzh=01;31:*.lzma=01;31:*.tlz=01;31:*.txz=01;31:*.tzo=01;31:*.t7z=01;31:*.zip=01;31:*.z=01;31:*.dz=01;31:*.gz=01;31:*.lrz=01;31:*.lz=01;31:*.lzo=01;31:*.xz=01;31:*.zst=01;31:*.tzst=01;31:*.bz2=01;31:*.bz=01;31:*.tbz=01;31:*.tbz2=01;31:*.tz=01;31:*.deb=01;31:*.rpm=01;31:*.jar=01;31:*.war=01;31:*.ear=01;31:*.sar=01;31:*.rar=01;31:*.alz=01;31:*.ace=01;31:*.zoo=01;31:*.cpio=01;31:*.7z=01;31:*.rz=01;31:*.cab=01;31:*.wim=01;31:*.swm=01;31:*.dwm=01;31:*.esd=01;31:*.jpg=01;35:*.jpeg=01;35:*.mjpg=01;35:*.mjpeg=01;35:*.gif=01;35:*.bmp=01;35:*.pbm=01;35:*.pgm=01;35:*.ppm=01;35:*.tga=01;35:*.xbm=01;35:*.xpm=01;35:*.tif=01;35:*.tiff=01;35:*.png=01;35:*.svg=01;35:*.svgz=01;35:*.mng=01;35:*.pcx=01;35:*.mov=01;35:*.mpg=01;35:*.mpeg=01;35:*.m2v=01;35:*.mkv=01;35:*.webm=01;35:*.ogm=01;35:*.mp4=01;35:*.m4v=01;35:*.mp4v=01;35:*.vob=01;35:*.qt=01;35:*.nuv=01;35:*.wmv=01;35:*.asf=01;35:*.rm=01;35:*.rmvb=01;35:*.flc=01;35:*.avi=01;35:*.fli=01;35:*.flv=01;35:*.gl=01;35:*.dl=01;35:*.xcf=01;35:*.xwd=01;35:*.yuv=01;35:*.cgm=01;35:*.emf=01;35:*.ogv=01;35:*.ogx=01;35:*.aac=00;36:*.au=00;36:*.flac=00;36:*.m4a=00;36:*.mid=00;36:*.midi=00;36:*.mka=00;36:*.mp3=00;36:*.mpc=00;36:*.ogg=00;36:*.ra=00;36:*.wav=00;36:*.oga=00;36:*.opus=00;36:*.spx=00;36:*.xspf=00;36:', 'OROCOS_TARGET': 'gnulinux', 'CMAKE_PREFIX_PATH': '/home/pal/ros_ws/devel:/opt/pal/gallium:/opt/ros/noetic', 'GAZEBO_RESOURCE_PATH': '/home/pal/ros_ws/src/va50:', 'ROS_WORKSPACE': '/home/pal/ros_ws', 'LESSCLOSE': '/usr/bin/lesspipe %s %s', 'PYTHONPATH': '/opt/pal/gallium/lib/python3/dist-packages:/opt/ros/noetic/lib/python3/dist-packages', 'TERM': 'xterm', 'VISP_INPUT_IMAGE_PATH': '/home/pal/visp-ws/visp-images', 'LESSOPEN': '| /usr/bin/lesspipe %s', 'USER': 'pal', 'RTT_COMPONENT_PATH': '/opt/pal/gallium/lib/orocos', 'DISPLAY': ':0', 'SHLVL': '1', 'PAL_DISTRO': 'gallium', 'ROS_MASTER_URI': 'http://localhost:11311/', 'LD_LIBRARY_PATH': '/opt/pal/gallium/lib:/opt/pal/gallium/lib/x86_64-linux-gnu:/opt/ros/noetic/lib:/opt/ros/noetic/lib/x86_64-linux-gnu:/usr/local/lib', 'GAZEBO_MODEL_PATH': '/home/pal/ros_ws/src/va50/models:', 'PATH': '/opt/pal/gallium/bin:/opt/ros/noetic/bin:/opt/pal/gallium/lib/pal_debian_utils/:/usr/local/sbin:/usr/local/bin:/usr/sbin:/usr/bin:/sbin:/bin', 'LUA_PATH': ';;/opt/pal/gallium/share/lua/5.1/?.lua;/opt/pal/gallium/share/lua/5.1/?.lua', 'DEBIAN_FRONTEND': 'noninteractive', 'ROS_ROOT': '/opt/ros/noetic/share/ros', 'ROS_DISTRO': 'noetic', 'QT_X11_NO_MITSHM': '1', '_': '/opt/ros/noetic/bin/roslaunch', 'OLDPWD': '/home/pal/ros_ws', 'LC_CTYPE': 'C.UTF-8', 'ROS_LOG_FILENAME': '/home/pal/.ros/log/5320f078-db73-11f0-9699-0028f8234b19/roslaunch-epan-tiago-noetic-ssh-120.log', 'LC_NUMERIC': 'C'}]
[roslaunch][INFO] 2025-12-17 19:08:03,581: process[dynamic_footprint_publisher-19]: args[['/opt/pal/gallium/lib/dynamic_footprint/dynamic_footprint_publisher.py', '__name:=dynamic_footprint_publisher']]
[roslaunch][INFO] 2025-12-17 19:08:03,582: ... created process [dynamic_footprint_publisher-19]
[roslaunch.pmon][INFO] 2025-12-17 19:08:03,585: ProcessMonitor.register[dynamic_footprint_publisher-19]
[roslaunch.pmon][INFO] 2025-12-17 19:08:03,585: ProcessMonitor.register[dynamic_footprint_publisher-19] complete
[roslaunch][INFO] 2025-12-17 19:08:03,585: ... registered process [dynamic_footprint_publisher-19]
[roslaunch][INFO] 2025-12-17 19:08:03,586: process[dynamic_footprint_publisher-19]: starting os process
[roslaunch][INFO] 2025-12-17 19:08:03,586: process[dynamic_footprint_publisher-19]: start w/ args [['/opt/pal/gallium/lib/dynamic_footprint/dynamic_footprint_publisher.py', '__name:=dynamic_footprint_publisher', '__log:=/home/pal/.ros/log/5320f078-db73-11f0-9699-0028f8234b19/dynamic_footprint_publisher-19.log']]
[roslaunch][INFO] 2025-12-17 19:08:03,586: process[dynamic_footprint_publisher-19]: cwd will be [/home/pal/.ros]
[roslaunch][INFO] 2025-12-17 19:08:03,607: process[dynamic_footprint_publisher-19]: started with pid [226]
[roslaunch][INFO] 2025-12-17 19:08:03,614: ... successfully launched [dynamic_footprint_publisher-19]
[roslaunch][INFO] 2025-12-17 19:08:03,614: ... preparing to launch node of type [topic_tools/relay]
[roslaunch][INFO] 2025-12-17 19:08:03,614: create_node_process: package[topic_tools] type[relay] machine[Machine(name[] env_loader[None] address[localhost] ssh_port[22] user[None] assignable[True] timeout[10.0])] master_uri[http://localhost:11311/]
[roslaunch][INFO] 2025-12-17 19:08:03,614: process[image_raw_to_rect_color_relay-20]: env[{'ROS_VERSION': '1', 'DISABLE_ROS1_EOL_WARNINGS': '1', 'PKG_CONFIG_PATH': '/opt/pal/gallium/lib/pkgconfig:/opt/pal/gallium/lib/x86_64-linux-gnu/pkgconfig:/opt/ros/noetic/lib/pkgconfig:/opt/ros/noetic/lib/x86_64-linux-gnu/pkgconfig', 'ROS_PYTHON_VERSION': '3', 'HOSTNAME': 'epan-tiago-noetic-ssh', 'VISP_WS': '/home/pal/visp-ws', 'ROS_PACKAGE_PATH': '/home/pal/ros_ws/src:/opt/pal/gallium/share:/opt/ros/noetic/share', 'ROSLISP_PACKAGE_DIRECTORIES': '/home/pal/ros_ws/devel/share/common-lisp', 'PWD': '/home/pal/ros_ws/src', 'XAUTHORITY': '', 'TZ': 'Europe/Paris', 'ROS_IP': '127.0.0.1', 'HOME': '/home/pal', 'ROS_ETC_DIR': '/opt/ros/noetic/etc/ros', 'LS_COLORS': 'rs=0:di=01;34:ln=01;36:mh=00:pi=40;33:so=01;35:do=01;35:bd=40;33;01:cd=40;33;01:or=40;31;01:mi=00:su=37;41:sg=30;43:ca=30;41:tw=30;42:ow=34;42:st=37;44:ex=01;32:*.tar=01;31:*.tgz=01;31:*.arc=01;31:*.arj=01;31:*.taz=01;31:*.lha=01;31:*.lz4=01;31:*.lzh=01;31:*.lzma=01;31:*.tlz=01;31:*.txz=01;31:*.tzo=01;31:*.t7z=01;31:*.zip=01;31:*.z=01;31:*.dz=01;31:*.gz=01;31:*.lrz=01;31:*.lz=01;31:*.lzo=01;31:*.xz=01;31:*.zst=01;31:*.tzst=01;31:*.bz2=01;31:*.bz=01;31:*.tbz=01;31:*.tbz2=01;31:*.tz=01;31:*.deb=01;31:*.rpm=01;31:*.jar=01;31:*.war=01;31:*.ear=01;31:*.sar=01;31:*.rar=01;31:*.alz=01;31:*.ace=01;31:*.zoo=01;31:*.cpio=01;31:*.7z=01;31:*.rz=01;31:*.cab=01;31:*.wim=01;31:*.swm=01;31:*.dwm=01;31:*.esd=01;31:*.jpg=01;35:*.jpeg=01;35:*.mjpg=01;35:*.mjpeg=01;35:*.gif=01;35:*.bmp=01;35:*.pbm=01;35:*.pgm=01;35:*.ppm=01;35:*.tga=01;35:*.xbm=01;35:*.xpm=01;35:*.tif=01;35:*.tiff=01;35:*.png=01;35:*.svg=01;35:*.svgz=01;35:*.mng=01;35:*.pcx=01;35:*.mov=01;35:*.mpg=01;35:*.mpeg=01;35:*.m2v=01;35:*.mkv=01;35:*.webm=01;35:*.ogm=01;35:*.mp4=01;35:*.m4v=01;35:*.mp4v=01;35:*.vob=01;35:*.qt=01;35:*.nuv=01;35:*.wmv=01;35:*.asf=01;35:*.rm=01;35:*.rmvb=01;35:*.flc=01;35:*.avi=01;35:*.fli=01;35:*.flv=01;35:*.gl=01;35:*.dl=01;35:*.xcf=01;35:*.xwd=01;35:*.yuv=01;35:*.cgm=01;35:*.emf=01;35:*.ogv=01;35:*.ogx=01;35:*.aac=00;36:*.au=00;36:*.flac=00;36:*.m4a=00;36:*.mid=00;36:*.midi=00;36:*.mka=00;36:*.mp3=00;36:*.mpc=00;36:*.ogg=00;36:*.ra=00;36:*.wav=00;36:*.oga=00;36:*.opus=00;36:*.spx=00;36:*.xspf=00;36:', 'OROCOS_TARGET': 'gnulinux', 'CMAKE_PREFIX_PATH': '/home/pal/ros_ws/devel:/opt/pal/gallium:/opt/ros/noetic', 'GAZEBO_RESOURCE_PATH': '/home/pal/ros_ws/src/va50:', 'ROS_WORKSPACE': '/home/pal/ros_ws', 'LESSCLOSE': '/usr/bin/lesspipe %s %s', 'PYTHONPATH': '/opt/pal/gallium/lib/python3/dist-packages:/opt/ros/noetic/lib/python3/dist-packages', 'TERM': 'xterm', 'VISP_INPUT_IMAGE_PATH': '/home/pal/visp-ws/visp-images', 'LESSOPEN': '| /usr/bin/lesspipe %s', 'USER': 'pal', 'RTT_COMPONENT_PATH': '/opt/pal/gallium/lib/orocos', 'DISPLAY': ':0', 'SHLVL': '1', 'PAL_DISTRO': 'gallium', 'ROS_MASTER_URI': 'http://localhost:11311/', 'LD_LIBRARY_PATH': '/opt/pal/gallium/lib:/opt/pal/gallium/lib/x86_64-linux-gnu:/opt/ros/noetic/lib:/opt/ros/noetic/lib/x86_64-linux-gnu:/usr/local/lib', 'GAZEBO_MODEL_PATH': '/home/pal/ros_ws/src/va50/models:', 'PATH': '/opt/pal/gallium/bin:/opt/ros/noetic/bin:/opt/pal/gallium/lib/pal_debian_utils/:/usr/local/sbin:/usr/local/bin:/usr/sbin:/usr/bin:/sbin:/bin', 'LUA_PATH': ';;/opt/pal/gallium/share/lua/5.1/?.lua;/opt/pal/gallium/share/lua/5.1/?.lua', 'DEBIAN_FRONTEND': 'noninteractive', 'ROS_ROOT': '/opt/ros/noetic/share/ros', 'ROS_DISTRO': 'noetic', 'QT_X11_NO_MITSHM': '1', '_': '/opt/ros/noetic/bin/roslaunch', 'OLDPWD': '/home/pal/ros_ws', 'LC_CTYPE': 'C.UTF-8', 'ROS_LOG_FILENAME': '/home/pal/.ros/log/5320f078-db73-11f0-9699-0028f8234b19/roslaunch-epan-tiago-noetic-ssh-120.log', 'LC_NUMERIC': 'C'}]
[roslaunch][INFO] 2025-12-17 19:08:03,625: process[image_raw_to_rect_color_relay-20]: args[['/opt/ros/noetic/lib/topic_tools/relay', 'xtion/rgb/image_raw', 'xtion/rgb/image_rect_color', '__name:=image_raw_to_rect_color_relay']]
[roslaunch][INFO] 2025-12-17 19:08:03,625: ... created process [image_raw_to_rect_color_relay-20]
[roslaunch.pmon][INFO] 2025-12-17 19:08:03,625: ProcessMonitor.register[image_raw_to_rect_color_relay-20]
[roslaunch.pmon][INFO] 2025-12-17 19:08:03,626: ProcessMonitor.register[image_raw_to_rect_color_relay-20] complete
[roslaunch][INFO] 2025-12-17 19:08:03,626: ... registered process [image_raw_to_rect_color_relay-20]
[roslaunch][INFO] 2025-12-17 19:08:03,626: process[image_raw_to_rect_color_relay-20]: starting os process
[roslaunch][INFO] 2025-12-17 19:08:03,626: process[image_raw_to_rect_color_relay-20]: start w/ args [['/opt/ros/noetic/lib/topic_tools/relay', 'xtion/rgb/image_raw', 'xtion/rgb/image_rect_color', '__name:=image_raw_to_rect_color_relay', '__log:=/home/pal/.ros/log/5320f078-db73-11f0-9699-0028f8234b19/image_raw_to_rect_color_relay-20.log']]
[roslaunch][INFO] 2025-12-17 19:08:03,626: process[image_raw_to_rect_color_relay-20]: cwd will be [/home/pal/.ros]
[roslaunch][INFO] 2025-12-17 19:08:03,649: process[image_raw_to_rect_color_relay-20]: started with pid [239]
[roslaunch][INFO] 2025-12-17 19:08:03,650: ... successfully launched [image_raw_to_rect_color_relay-20]
[roslaunch][INFO] 2025-12-17 19:08:03,651: ... preparing to launch node of type [pal_pcl_points_throttle_and_filter/throttle_filtering_points]
[roslaunch][INFO] 2025-12-17 19:08:03,651: create_node_process: package[pal_pcl_points_throttle_and_filter] type[throttle_filtering_points] machine[Machine(name[] env_loader[None] address[localhost] ssh_port[22] user[None] assignable[True] timeout[10.0])] master_uri[http://localhost:11311/]
[roslaunch][INFO] 2025-12-17 19:08:03,651: process[throttle_filtering_points-21]: env[{'ROS_VERSION': '1', 'DISABLE_ROS1_EOL_WARNINGS': '1', 'PKG_CONFIG_PATH': '/opt/pal/gallium/lib/pkgconfig:/opt/pal/gallium/lib/x86_64-linux-gnu/pkgconfig:/opt/ros/noetic/lib/pkgconfig:/opt/ros/noetic/lib/x86_64-linux-gnu/pkgconfig', 'ROS_PYTHON_VERSION': '3', 'HOSTNAME': 'epan-tiago-noetic-ssh', 'VISP_WS': '/home/pal/visp-ws', 'ROS_PACKAGE_PATH': '/home/pal/ros_ws/src:/opt/pal/gallium/share:/opt/ros/noetic/share', 'ROSLISP_PACKAGE_DIRECTORIES': '/home/pal/ros_ws/devel/share/common-lisp', 'PWD': '/home/pal/ros_ws/src', 'XAUTHORITY': '', 'TZ': 'Europe/Paris', 'ROS_IP': '127.0.0.1', 'HOME': '/home/pal', 'ROS_ETC_DIR': '/opt/ros/noetic/etc/ros', 'LS_COLORS': 'rs=0:di=01;34:ln=01;36:mh=00:pi=40;33:so=01;35:do=01;35:bd=40;33;01:cd=40;33;01:or=40;31;01:mi=00:su=37;41:sg=30;43:ca=30;41:tw=30;42:ow=34;42:st=37;44:ex=01;32:*.tar=01;31:*.tgz=01;31:*.arc=01;31:*.arj=01;31:*.taz=01;31:*.lha=01;31:*.lz4=01;31:*.lzh=01;31:*.lzma=01;31:*.tlz=01;31:*.txz=01;31:*.tzo=01;31:*.t7z=01;31:*.zip=01;31:*.z=01;31:*.dz=01;31:*.gz=01;31:*.lrz=01;31:*.lz=01;31:*.lzo=01;31:*.xz=01;31:*.zst=01;31:*.tzst=01;31:*.bz2=01;31:*.bz=01;31:*.tbz=01;31:*.tbz2=01;31:*.tz=01;31:*.deb=01;31:*.rpm=01;31:*.jar=01;31:*.war=01;31:*.ear=01;31:*.sar=01;31:*.rar=01;31:*.alz=01;31:*.ace=01;31:*.zoo=01;31:*.cpio=01;31:*.7z=01;31:*.rz=01;31:*.cab=01;31:*.wim=01;31:*.swm=01;31:*.dwm=01;31:*.esd=01;31:*.jpg=01;35:*.jpeg=01;35:*.mjpg=01;35:*.mjpeg=01;35:*.gif=01;35:*.bmp=01;35:*.pbm=01;35:*.pgm=01;35:*.ppm=01;35:*.tga=01;35:*.xbm=01;35:*.xpm=01;35:*.tif=01;35:*.tiff=01;35:*.png=01;35:*.svg=01;35:*.svgz=01;35:*.mng=01;35:*.pcx=01;35:*.mov=01;35:*.mpg=01;35:*.mpeg=01;35:*.m2v=01;35:*.mkv=01;35:*.webm=01;35:*.ogm=01;35:*.mp4=01;35:*.m4v=01;35:*.mp4v=01;35:*.vob=01;35:*.qt=01;35:*.nuv=01;35:*.wmv=01;35:*.asf=01;35:*.rm=01;35:*.rmvb=01;35:*.flc=01;35:*.avi=01;35:*.fli=01;35:*.flv=01;35:*.gl=01;35:*.dl=01;35:*.xcf=01;35:*.xwd=01;35:*.yuv=01;35:*.cgm=01;35:*.emf=01;35:*.ogv=01;35:*.ogx=01;35:*.aac=00;36:*.au=00;36:*.flac=00;36:*.m4a=00;36:*.mid=00;36:*.midi=00;36:*.mka=00;36:*.mp3=00;36:*.mpc=00;36:*.ogg=00;36:*.ra=00;36:*.wav=00;36:*.oga=00;36:*.opus=00;36:*.spx=00;36:*.xspf=00;36:', 'OROCOS_TARGET': 'gnulinux', 'CMAKE_PREFIX_PATH': '/home/pal/ros_ws/devel:/opt/pal/gallium:/opt/ros/noetic', 'GAZEBO_RESOURCE_PATH': '/home/pal/ros_ws/src/va50:', 'ROS_WORKSPACE': '/home/pal/ros_ws', 'LESSCLOSE': '/usr/bin/lesspipe %s %s', 'PYTHONPATH': '/opt/pal/gallium/lib/python3/dist-packages:/opt/ros/noetic/lib/python3/dist-packages', 'TERM': 'xterm', 'VISP_INPUT_IMAGE_PATH': '/home/pal/visp-ws/visp-images', 'LESSOPEN': '| /usr/bin/lesspipe %s', 'USER': 'pal', 'RTT_COMPONENT_PATH': '/opt/pal/gallium/lib/orocos', 'DISPLAY': ':0', 'SHLVL': '1', 'PAL_DISTRO': 'gallium', 'ROS_MASTER_URI': 'http://localhost:11311/', 'LD_LIBRARY_PATH': '/opt/pal/gallium/lib:/opt/pal/gallium/lib/x86_64-linux-gnu:/opt/ros/noetic/lib:/opt/ros/noetic/lib/x86_64-linux-gnu:/usr/local/lib', 'GAZEBO_MODEL_PATH': '/home/pal/ros_ws/src/va50/models:', 'PATH': '/opt/pal/gallium/bin:/opt/ros/noetic/bin:/opt/pal/gallium/lib/pal_debian_utils/:/usr/local/sbin:/usr/local/bin:/usr/sbin:/usr/bin:/sbin:/bin', 'LUA_PATH': ';;/opt/pal/gallium/share/lua/5.1/?.lua;/opt/pal/gallium/share/lua/5.1/?.lua', 'DEBIAN_FRONTEND': 'noninteractive', 'ROS_ROOT': '/opt/ros/noetic/share/ros', 'ROS_DISTRO': 'noetic', 'QT_X11_NO_MITSHM': '1', '_': '/opt/ros/noetic/bin/roslaunch', 'OLDPWD': '/home/pal/ros_ws', 'LC_CTYPE': 'C.UTF-8', 'ROS_LOG_FILENAME': '/home/pal/.ros/log/5320f078-db73-11f0-9699-0028f8234b19/roslaunch-epan-tiago-noetic-ssh-120.log', 'LC_NUMERIC': 'C'}]
[roslaunch][INFO] 2025-12-17 19:08:03,660: process[throttle_filtering_points-21]: args[['/opt/pal/gallium/lib/pal_pcl_points_throttle_and_filter/throttle_filtering_points', 'cloud:=/xtion/depth_registered/points', '__name:=throttle_filtering_points']]
[roslaunch][INFO] 2025-12-17 19:08:03,661: ... created process [throttle_filtering_points-21]
[roslaunch.pmon][INFO] 2025-12-17 19:08:03,661: ProcessMonitor.register[throttle_filtering_points-21]
[roslaunch.pmon][INFO] 2025-12-17 19:08:03,661: ProcessMonitor.register[throttle_filtering_points-21] complete
[roslaunch][INFO] 2025-12-17 19:08:03,661: ... registered process [throttle_filtering_points-21]
[roslaunch][INFO] 2025-12-17 19:08:03,661: process[throttle_filtering_points-21]: starting os process
[roslaunch][INFO] 2025-12-17 19:08:03,661: process[throttle_filtering_points-21]: start w/ args [['/opt/pal/gallium/lib/pal_pcl_points_throttle_and_filter/throttle_filtering_points', 'cloud:=/xtion/depth_registered/points', '__name:=throttle_filtering_points', '__log:=/home/pal/.ros/log/5320f078-db73-11f0-9699-0028f8234b19/throttle_filtering_points-21.log']]
[roslaunch][INFO] 2025-12-17 19:08:03,661: process[throttle_filtering_points-21]: cwd will be [/home/pal/.ros]
[roslaunch][INFO] 2025-12-17 19:08:03,679: process[throttle_filtering_points-21]: started with pid [248]
[roslaunch][INFO] 2025-12-17 19:08:03,682: ... successfully launched [throttle_filtering_points-21]
[roslaunch][INFO] 2025-12-17 19:08:03,682: ... preparing to launch node of type [tiago_gazebo/tuck_arm.py]
[roslaunch][INFO] 2025-12-17 19:08:03,683: create_node_process: package[tiago_gazebo] type[tuck_arm.py] machine[Machine(name[] env_loader[None] address[localhost] ssh_port[22] user[None] assignable[True] timeout[10.0])] master_uri[http://localhost:11311/]
[roslaunch][INFO] 2025-12-17 19:08:03,683: process[tuck_arm-22]: env[{'ROS_VERSION': '1', 'DISABLE_ROS1_EOL_WARNINGS': '1', 'PKG_CONFIG_PATH': '/opt/pal/gallium/lib/pkgconfig:/opt/pal/gallium/lib/x86_64-linux-gnu/pkgconfig:/opt/ros/noetic/lib/pkgconfig:/opt/ros/noetic/lib/x86_64-linux-gnu/pkgconfig', 'ROS_PYTHON_VERSION': '3', 'HOSTNAME': 'epan-tiago-noetic-ssh', 'VISP_WS': '/home/pal/visp-ws', 'ROS_PACKAGE_PATH': '/home/pal/ros_ws/src:/opt/pal/gallium/share:/opt/ros/noetic/share', 'ROSLISP_PACKAGE_DIRECTORIES': '/home/pal/ros_ws/devel/share/common-lisp', 'PWD': '/home/pal/ros_ws/src', 'XAUTHORITY': '', 'TZ': 'Europe/Paris', 'ROS_IP': '127.0.0.1', 'HOME': '/home/pal', 'ROS_ETC_DIR': '/opt/ros/noetic/etc/ros', 'LS_COLORS': 'rs=0:di=01;34:ln=01;36:mh=00:pi=40;33:so=01;35:do=01;35:bd=40;33;01:cd=40;33;01:or=40;31;01:mi=00:su=37;41:sg=30;43:ca=30;41:tw=30;42:ow=34;42:st=37;44:ex=01;32:*.tar=01;31:*.tgz=01;31:*.arc=01;31:*.arj=01;31:*.taz=01;31:*.lha=01;31:*.lz4=01;31:*.lzh=01;31:*.lzma=01;31:*.tlz=01;31:*.txz=01;31:*.tzo=01;31:*.t7z=01;31:*.zip=01;31:*.z=01;31:*.dz=01;31:*.gz=01;31:*.lrz=01;31:*.lz=01;31:*.lzo=01;31:*.xz=01;31:*.zst=01;31:*.tzst=01;31:*.bz2=01;31:*.bz=01;31:*.tbz=01;31:*.tbz2=01;31:*.tz=01;31:*.deb=01;31:*.rpm=01;31:*.jar=01;31:*.war=01;31:*.ear=01;31:*.sar=01;31:*.rar=01;31:*.alz=01;31:*.ace=01;31:*.zoo=01;31:*.cpio=01;31:*.7z=01;31:*.rz=01;31:*.cab=01;31:*.wim=01;31:*.swm=01;31:*.dwm=01;31:*.esd=01;31:*.jpg=01;35:*.jpeg=01;35:*.mjpg=01;35:*.mjpeg=01;35:*.gif=01;35:*.bmp=01;35:*.pbm=01;35:*.pgm=01;35:*.ppm=01;35:*.tga=01;35:*.xbm=01;35:*.xpm=01;35:*.tif=01;35:*.tiff=01;35:*.png=01;35:*.svg=01;35:*.svgz=01;35:*.mng=01;35:*.pcx=01;35:*.mov=01;35:*.mpg=01;35:*.mpeg=01;35:*.m2v=01;35:*.mkv=01;35:*.webm=01;35:*.ogm=01;35:*.mp4=01;35:*.m4v=01;35:*.mp4v=01;35:*.vob=01;35:*.qt=01;35:*.nuv=01;35:*.wmv=01;35:*.asf=01;35:*.rm=01;35:*.rmvb=01;35:*.flc=01;35:*.avi=01;35:*.fli=01;35:*.flv=01;35:*.gl=01;35:*.dl=01;35:*.xcf=01;35:*.xwd=01;35:*.yuv=01;35:*.cgm=01;35:*.emf=01;35:*.ogv=01;35:*.ogx=01;35:*.aac=00;36:*.au=00;36:*.flac=00;36:*.m4a=00;36:*.mid=00;36:*.midi=00;36:*.mka=00;36:*.mp3=00;36:*.mpc=00;36:*.ogg=00;36:*.ra=00;36:*.wav=00;36:*.oga=00;36:*.opus=00;36:*.spx=00;36:*.xspf=00;36:', 'OROCOS_TARGET': 'gnulinux', 'CMAKE_PREFIX_PATH': '/home/pal/ros_ws/devel:/opt/pal/gallium:/opt/ros/noetic', 'GAZEBO_RESOURCE_PATH': '/home/pal/ros_ws/src/va50:', 'ROS_WORKSPACE': '/home/pal/ros_ws', 'LESSCLOSE': '/usr/bin/lesspipe %s %s', 'PYTHONPATH': '/opt/pal/gallium/lib/python3/dist-packages:/opt/ros/noetic/lib/python3/dist-packages', 'TERM': 'xterm', 'VISP_INPUT_IMAGE_PATH': '/home/pal/visp-ws/visp-images', 'LESSOPEN': '| /usr/bin/lesspipe %s', 'USER': 'pal', 'RTT_COMPONENT_PATH': '/opt/pal/gallium/lib/orocos', 'DISPLAY': ':0', 'SHLVL': '1', 'PAL_DISTRO': 'gallium', 'ROS_MASTER_URI': 'http://localhost:11311/', 'LD_LIBRARY_PATH': '/opt/pal/gallium/lib:/opt/pal/gallium/lib/x86_64-linux-gnu:/opt/ros/noetic/lib:/opt/ros/noetic/lib/x86_64-linux-gnu:/usr/local/lib', 'GAZEBO_MODEL_PATH': '/home/pal/ros_ws/src/va50/models:', 'PATH': '/opt/pal/gallium/bin:/opt/ros/noetic/bin:/opt/pal/gallium/lib/pal_debian_utils/:/usr/local/sbin:/usr/local/bin:/usr/sbin:/usr/bin:/sbin:/bin', 'LUA_PATH': ';;/opt/pal/gallium/share/lua/5.1/?.lua;/opt/pal/gallium/share/lua/5.1/?.lua', 'DEBIAN_FRONTEND': 'noninteractive', 'ROS_ROOT': '/opt/ros/noetic/share/ros', 'ROS_DISTRO': 'noetic', 'QT_X11_NO_MITSHM': '1', '_': '/opt/ros/noetic/bin/roslaunch', 'OLDPWD': '/home/pal/ros_ws', 'LC_CTYPE': 'C.UTF-8', 'ROS_LOG_FILENAME': '/home/pal/.ros/log/5320f078-db73-11f0-9699-0028f8234b19/roslaunch-epan-tiago-noetic-ssh-120.log', 'LC_NUMERIC': 'C'}]
[roslaunch][INFO] 2025-12-17 19:08:03,731: process[tuck_arm-22]: args[['/opt/pal/gallium/lib/tiago_gazebo/tuck_arm.py', '__name:=tuck_arm']]
[roslaunch][INFO] 2025-12-17 19:08:03,731: ... created process [tuck_arm-22]
[roslaunch.pmon][INFO] 2025-12-17 19:08:03,731: ProcessMonitor.register[tuck_arm-22]
[roslaunch.pmon][INFO] 2025-12-17 19:08:03,731: ProcessMonitor.register[tuck_arm-22] complete
[roslaunch][INFO] 2025-12-17 19:08:03,731: ... registered process [tuck_arm-22]
[roslaunch][INFO] 2025-12-17 19:08:03,732: process[tuck_arm-22]: starting os process
[roslaunch][INFO] 2025-12-17 19:08:03,732: process[tuck_arm-22]: start w/ args [['/opt/pal/gallium/lib/tiago_gazebo/tuck_arm.py', '__name:=tuck_arm', '__log:=/home/pal/.ros/log/5320f078-db73-11f0-9699-0028f8234b19/tuck_arm-22.log']]
[roslaunch][INFO] 2025-12-17 19:08:03,732: process[tuck_arm-22]: cwd will be [/home/pal/.ros]
[roslaunch][INFO] 2025-12-17 19:08:03,754: process[tuck_arm-22]: started with pid [280]
[roslaunch][INFO] 2025-12-17 19:08:03,754: ... successfully launched [tuck_arm-22]
[roslaunch][INFO] 2025-12-17 19:08:03,757: ... preparing to launch node of type [image_proc/image_proc]
[roslaunch][INFO] 2025-12-17 19:08:03,757: create_node_process: package[image_proc] type[image_proc] machine[Machine(name[] env_loader[None] address[localhost] ssh_port[22] user[None] assignable[True] timeout[10.0])] master_uri[http://localhost:11311/]
[roslaunch][INFO] 2025-12-17 19:08:03,757: process[xtion/rgb/image_proc-23]: env[{'ROS_VERSION': '1', 'DISABLE_ROS1_EOL_WARNINGS': '1', 'PKG_CONFIG_PATH': '/opt/pal/gallium/lib/pkgconfig:/opt/pal/gallium/lib/x86_64-linux-gnu/pkgconfig:/opt/ros/noetic/lib/pkgconfig:/opt/ros/noetic/lib/x86_64-linux-gnu/pkgconfig', 'ROS_PYTHON_VERSION': '3', 'HOSTNAME': 'epan-tiago-noetic-ssh', 'VISP_WS': '/home/pal/visp-ws', 'ROS_PACKAGE_PATH': '/home/pal/ros_ws/src:/opt/pal/gallium/share:/opt/ros/noetic/share', 'ROSLISP_PACKAGE_DIRECTORIES': '/home/pal/ros_ws/devel/share/common-lisp', 'PWD': '/home/pal/ros_ws/src', 'XAUTHORITY': '', 'TZ': 'Europe/Paris', 'ROS_IP': '127.0.0.1', 'HOME': '/home/pal', 'ROS_ETC_DIR': '/opt/ros/noetic/etc/ros', 'LS_COLORS': 'rs=0:di=01;34:ln=01;36:mh=00:pi=40;33:so=01;35:do=01;35:bd=40;33;01:cd=40;33;01:or=40;31;01:mi=00:su=37;41:sg=30;43:ca=30;41:tw=30;42:ow=34;42:st=37;44:ex=01;32:*.tar=01;31:*.tgz=01;31:*.arc=01;31:*.arj=01;31:*.taz=01;31:*.lha=01;31:*.lz4=01;31:*.lzh=01;31:*.lzma=01;31:*.tlz=01;31:*.txz=01;31:*.tzo=01;31:*.t7z=01;31:*.zip=01;31:*.z=01;31:*.dz=01;31:*.gz=01;31:*.lrz=01;31:*.lz=01;31:*.lzo=01;31:*.xz=01;31:*.zst=01;31:*.tzst=01;31:*.bz2=01;31:*.bz=01;31:*.tbz=01;31:*.tbz2=01;31:*.tz=01;31:*.deb=01;31:*.rpm=01;31:*.jar=01;31:*.war=01;31:*.ear=01;31:*.sar=01;31:*.rar=01;31:*.alz=01;31:*.ace=01;31:*.zoo=01;31:*.cpio=01;31:*.7z=01;31:*.rz=01;31:*.cab=01;31:*.wim=01;31:*.swm=01;31:*.dwm=01;31:*.esd=01;31:*.jpg=01;35:*.jpeg=01;35:*.mjpg=01;35:*.mjpeg=01;35:*.gif=01;35:*.bmp=01;35:*.pbm=01;35:*.pgm=01;35:*.ppm=01;35:*.tga=01;35:*.xbm=01;35:*.xpm=01;35:*.tif=01;35:*.tiff=01;35:*.png=01;35:*.svg=01;35:*.svgz=01;35:*.mng=01;35:*.pcx=01;35:*.mov=01;35:*.mpg=01;35:*.mpeg=01;35:*.m2v=01;35:*.mkv=01;35:*.webm=01;35:*.ogm=01;35:*.mp4=01;35:*.m4v=01;35:*.mp4v=01;35:*.vob=01;35:*.qt=01;35:*.nuv=01;35:*.wmv=01;35:*.asf=01;35:*.rm=01;35:*.rmvb=01;35:*.flc=01;35:*.avi=01;35:*.fli=01;35:*.flv=01;35:*.gl=01;35:*.dl=01;35:*.xcf=01;35:*.xwd=01;35:*.yuv=01;35:*.cgm=01;35:*.emf=01;35:*.ogv=01;35:*.ogx=01;35:*.aac=00;36:*.au=00;36:*.flac=00;36:*.m4a=00;36:*.mid=00;36:*.midi=00;36:*.mka=00;36:*.mp3=00;36:*.mpc=00;36:*.ogg=00;36:*.ra=00;36:*.wav=00;36:*.oga=00;36:*.opus=00;36:*.spx=00;36:*.xspf=00;36:', 'OROCOS_TARGET': 'gnulinux', 'CMAKE_PREFIX_PATH': '/home/pal/ros_ws/devel:/opt/pal/gallium:/opt/ros/noetic', 'GAZEBO_RESOURCE_PATH': '/home/pal/ros_ws/src/va50:', 'ROS_WORKSPACE': '/home/pal/ros_ws', 'LESSCLOSE': '/usr/bin/lesspipe %s %s', 'PYTHONPATH': '/opt/pal/gallium/lib/python3/dist-packages:/opt/ros/noetic/lib/python3/dist-packages', 'TERM': 'xterm', 'VISP_INPUT_IMAGE_PATH': '/home/pal/visp-ws/visp-images', 'LESSOPEN': '| /usr/bin/lesspipe %s', 'USER': 'pal', 'RTT_COMPONENT_PATH': '/opt/pal/gallium/lib/orocos', 'DISPLAY': ':0', 'SHLVL': '1', 'PAL_DISTRO': 'gallium', 'ROS_MASTER_URI': 'http://localhost:11311/', 'LD_LIBRARY_PATH': '/opt/pal/gallium/lib:/opt/pal/gallium/lib/x86_64-linux-gnu:/opt/ros/noetic/lib:/opt/ros/noetic/lib/x86_64-linux-gnu:/usr/local/lib', 'GAZEBO_MODEL_PATH': '/home/pal/ros_ws/src/va50/models:', 'PATH': '/opt/pal/gallium/bin:/opt/ros/noetic/bin:/opt/pal/gallium/lib/pal_debian_utils/:/usr/local/sbin:/usr/local/bin:/usr/sbin:/usr/bin:/sbin:/bin', 'LUA_PATH': ';;/opt/pal/gallium/share/lua/5.1/?.lua;/opt/pal/gallium/share/lua/5.1/?.lua', 'DEBIAN_FRONTEND': 'noninteractive', 'ROS_ROOT': '/opt/ros/noetic/share/ros', 'ROS_DISTRO': 'noetic', 'QT_X11_NO_MITSHM': '1', '_': '/opt/ros/noetic/bin/roslaunch', 'OLDPWD': '/home/pal/ros_ws', 'LC_CTYPE': 'C.UTF-8', 'ROS_LOG_FILENAME': '/home/pal/.ros/log/5320f078-db73-11f0-9699-0028f8234b19/roslaunch-epan-tiago-noetic-ssh-120.log', 'ROS_NAMESPACE': '/xtion/rgb', 'LC_NUMERIC': 'C'}]
[roslaunch][INFO] 2025-12-17 19:08:03,767: process[xtion/rgb/image_proc-23]: args[['/opt/ros/noetic/lib/image_proc/image_proc', '__name:=image_proc']]
[roslaunch][INFO] 2025-12-17 19:08:03,768: ... created process [xtion/rgb/image_proc-23]
[roslaunch.pmon][INFO] 2025-12-17 19:08:03,769: ProcessMonitor.register[xtion/rgb/image_proc-23]
[roslaunch.pmon][INFO] 2025-12-17 19:08:03,769: ProcessMonitor.register[xtion/rgb/image_proc-23] complete
[roslaunch][INFO] 2025-12-17 19:08:03,769: ... registered process [xtion/rgb/image_proc-23]
[roslaunch][INFO] 2025-12-17 19:08:03,769: process[xtion/rgb/image_proc-23]: starting os process
[roslaunch][INFO] 2025-12-17 19:08:03,769: process[xtion/rgb/image_proc-23]: start w/ args [['/opt/ros/noetic/lib/image_proc/image_proc', '__name:=image_proc', '__log:=/home/pal/.ros/log/5320f078-db73-11f0-9699-0028f8234b19/xtion-rgb-image_proc-23.log']]
[roslaunch][INFO] 2025-12-17 19:08:03,771: process[xtion/rgb/image_proc-23]: cwd will be [/home/pal/.ros]
[roslaunch][INFO] 2025-12-17 19:08:03,809: process[xtion/rgb/image_proc-23]: started with pid [287]
[roslaunch][INFO] 2025-12-17 19:08:03,812: ... successfully launched [xtion/rgb/image_proc-23]
[roslaunch][INFO] 2025-12-17 19:08:03,812: ... launch_nodes complete
[roslaunch.pmon][INFO] 2025-12-17 19:08:03,813: registrations completed <ProcessMonitor(ProcessMonitor-1, started daemon 138554939483904)>
[roslaunch.parent][INFO] 2025-12-17 19:08:03,813: ... roslaunch parent running, waiting for process exit
[roslaunch][INFO] 2025-12-17 19:08:03,815: spin
[roslaunch][INFO] 2025-12-17 19:08:06,901: [spawn_model-4] process has finished cleanly
log file: /home/pal/.ros/log/5320f078-db73-11f0-9699-0028f8234b19/spawn_model-4*.log
[roslaunch.pmon][INFO] 2025-12-17 19:08:06,902: ProcessMonitor.unregister[spawn_model-4] starting
[roslaunch.pmon][INFO] 2025-12-17 19:08:06,902: ProcessMonitor.unregister[spawn_model-4] complete
[roslaunch][INFO] 2025-12-17 19:08:13,106: [home_gripper-10] process has finished cleanly
log file: /home/pal/.ros/log/5320f078-db73-11f0-9699-0028f8234b19/home_gripper-10*.log
[roslaunch.pmon][INFO] 2025-12-17 19:08:13,108: ProcessMonitor.unregister[home_gripper-10] starting
[roslaunch.pmon][INFO] 2025-12-17 19:08:13,111: ProcessMonitor.unregister[home_gripper-10] complete
[roslaunch][INFO] 2025-12-17 19:08:31,737: [tuck_arm-22] process has finished cleanly
log file: /home/pal/.ros/log/5320f078-db73-11f0-9699-0028f8234b19/tuck_arm-22*.log
[roslaunch.pmon][INFO] 2025-12-17 19:08:31,737: ProcessMonitor.unregister[tuck_arm-22] starting
[roslaunch.pmon][INFO] 2025-12-17 19:08:31,737: ProcessMonitor.unregister[tuck_arm-22] complete
[roslaunch.pmon][INFO] 2025-12-17 19:47:51,634: ProcessMonitor.shutdown <ProcessMonitor(ProcessMonitor-1, started daemon 138554939483904)>
[roslaunch.pmon][INFO] 2025-12-17 19:47:51,702: ProcessMonitor._post_run <ProcessMonitor(ProcessMonitor-1, started daemon 138554939483904)>
[roslaunch.pmon][INFO] 2025-12-17 19:47:51,703: ProcessMonitor._post_run <ProcessMonitor(ProcessMonitor-1, started daemon 138554939483904)>: remaining procs are [<roslaunch.nodeprocess.LocalProcess object at 0x7e03d602f610>, <roslaunch.nodeprocess.LocalProcess object at 0x7e03d602faf0>, <roslaunch.nodeprocess.LocalProcess object at 0x7e03d602fd60>, <roslaunch.nodeprocess.LocalProcess object at 0x7e03d602ff70>, <roslaunch.nodeprocess.LocalProcess object at 0x7e03d602fdc0>, <roslaunch.nodeprocess.LocalProcess object at 0x7e03d602f9d0>, <roslaunch.nodeprocess.LocalProcess object at 0x7e03d602fd30>, <roslaunch.nodeprocess.LocalProcess object at 0x7e03d602fe50>, <roslaunch.nodeprocess.LocalProcess object at 0x7e03d602fb50>, <roslaunch.nodeprocess.LocalProcess object at 0x7e03d602fc10>, <roslaunch.nodeprocess.LocalProcess object at 0x7e03d602fd00>, <roslaunch.nodeprocess.LocalProcess object at 0x7e03d5fb71f0>, <roslaunch.nodeprocess.LocalProcess object at 0x7e03d5fb7160>, <roslaunch.nodeprocess.LocalProcess object at 0x7e03d5fb73a0>, <roslaunch.nodeprocess.LocalProcess object at 0x7e03d5fb7370>, <roslaunch.nodeprocess.LocalProcess object at 0x7e03d5fb7040>, <roslaunch.nodeprocess.LocalProcess object at 0x7e03d5fb75e0>, <roslaunch.nodeprocess.LocalProcess object at 0x7e03d5fb7280>, <roslaunch.nodeprocess.LocalProcess object at 0x7e03d5fb76a0>, <roslaunch.nodeprocess.LocalProcess object at 0x7e03d5fb7580>, <roslaunch.nodeprocess.LocalProcess object at 0x7e03d5fb7790>]
[roslaunch.pmon][INFO] 2025-12-17 19:47:51,705: ProcessMonitor exit: killing xtion/rgb/image_proc-23
[roslaunch][INFO] 2025-12-17 19:47:51,705: [xtion/rgb/image_proc-23] killing on exit
[roslaunch][INFO] 2025-12-17 19:47:51,706: process[xtion/rgb/image_proc-23]: killing os process with pid[287] pgid[287]
[roslaunch][INFO] 2025-12-17 19:47:51,706: [xtion/rgb/image_proc-23] sending SIGINT to pgid [287]
[roslaunch][INFO] 2025-12-17 19:47:51,706: [xtion/rgb/image_proc-23] sent SIGINT to pgid [287]
[roslaunch.pmon][INFO] 2025-12-17 19:47:51,706: ProcessMonitor exit: killing throttle_filtering_points-21
[roslaunch][INFO] 2025-12-17 19:47:51,706: [throttle_filtering_points-21] killing on exit
[roslaunch][INFO] 2025-12-17 19:47:51,707: process[throttle_filtering_points-21]: killing os process with pid[248] pgid[248]
[roslaunch][INFO] 2025-12-17 19:47:51,707: [throttle_filtering_points-21] sending SIGINT to pgid [248]
[roslaunch][INFO] 2025-12-17 19:47:51,707: [throttle_filtering_points-21] sent SIGINT to pgid [248]
[roslaunch.pmon][INFO] 2025-12-17 19:47:51,708: ProcessMonitor exit: killing image_raw_to_rect_color_relay-20
[roslaunch][INFO] 2025-12-17 19:47:51,709: [image_raw_to_rect_color_relay-20] killing on exit
[roslaunch][INFO] 2025-12-17 19:47:51,715: process[image_raw_to_rect_color_relay-20]: killing os process with pid[239] pgid[239]
[roslaunch.pmon][INFO] 2025-12-17 19:47:51,712: ProcessMonitor exit: killing dynamic_footprint_publisher-19
[roslaunch][INFO] 2025-12-17 19:47:51,720: [dynamic_footprint_publisher-19] killing on exit
[roslaunch][INFO] 2025-12-17 19:47:51,716: [image_raw_to_rect_color_relay-20] sending SIGINT to pgid [239]
[roslaunch.pmon][INFO] 2025-12-17 19:47:51,716: ProcessMonitor exit: killing joystick_relay-18
[roslaunch.pmon][INFO] 2025-12-17 19:47:51,721: ProcessMonitor exit: killing twist_marker-17
[roslaunch][INFO] 2025-12-17 19:47:51,722: [twist_marker-17] killing on exit
[roslaunch][INFO] 2025-12-17 19:47:51,721: process[dynamic_footprint_publisher-19]: killing os process with pid[226] pgid[226]
[roslaunch][INFO] 2025-12-17 19:47:51,723: [dynamic_footprint_publisher-19] sending SIGINT to pgid [226]
[roslaunch][INFO] 2025-12-17 19:47:51,723: [dynamic_footprint_publisher-19] sent SIGINT to pgid [226]
[roslaunch.pmon][INFO] 2025-12-17 19:47:51,722: ProcessMonitor exit: killing twist_mux-16
[roslaunch][INFO] 2025-12-17 19:47:51,723: process[twist_marker-17]: killing os process with pid[220] pgid[220]
[roslaunch.pmon][INFO] 2025-12-17 19:47:51,723: ProcessMonitor exit: killing tf_lookup-15
[roslaunch][INFO] 2025-12-17 19:47:51,721: [image_raw_to_rect_color_relay-20] sent SIGINT to pgid [239]
[roslaunch][INFO] 2025-12-17 19:47:51,722: [joystick_relay-18] killing on exit
[roslaunch][INFO] 2025-12-17 19:47:51,725: process[joystick_relay-18]: killing os process with pid[221] pgid[221]
[roslaunch][INFO] 2025-12-17 19:47:51,726: [joystick_relay-18] sending SIGINT to pgid [221]
[roslaunch][INFO] 2025-12-17 19:47:51,725: [twist_marker-17] sending SIGINT to pgid [220]
[roslaunch.pmon][INFO] 2025-12-17 19:47:51,725: ProcessMonitor exit: killing move_group-13
[roslaunch][INFO] 2025-12-17 19:47:51,725: [tf_lookup-15] killing on exit
[roslaunch][INFO] 2025-12-17 19:47:51,724: [twist_mux-16] killing on exit
[roslaunch][INFO] 2025-12-17 19:47:51,728: process[twist_mux-16]: killing os process with pid[205] pgid[205]
[roslaunch][INFO] 2025-12-17 19:47:51,726: [joystick_relay-18] sent SIGINT to pgid [221]
[roslaunch][INFO] 2025-12-17 19:47:51,727: [move_group-13] killing on exit
[roslaunch.pmon][INFO] 2025-12-17 19:47:51,724: ProcessMonitor exit: killing robot_state_publisher-14
[roslaunch][INFO] 2025-12-17 19:47:51,729: [robot_state_publisher-14] killing on exit
[roslaunch][INFO] 2025-12-17 19:47:51,728: [twist_mux-16] sending SIGINT to pgid [205]
[roslaunch][INFO] 2025-12-17 19:47:51,730: [twist_mux-16] sent SIGINT to pgid [205]
[roslaunch][INFO] 2025-12-17 19:47:51,730: process[move_group-13]: killing os process with pid[183] pgid[183]
[roslaunch][INFO] 2025-12-17 19:47:51,730: [move_group-13] sending SIGINT to pgid [183]
[roslaunch][INFO] 2025-12-17 19:47:51,730: [move_group-13] sent SIGINT to pgid [183]
[roslaunch][INFO] 2025-12-17 19:47:51,727: process[tf_lookup-15]: killing os process with pid[195] pgid[195]
[roslaunch][INFO] 2025-12-17 19:47:51,731: [tf_lookup-15] sending SIGINT to pgid [195]
[roslaunch][INFO] 2025-12-17 19:47:51,731: [tf_lookup-15] sent SIGINT to pgid [195]
[roslaunch][INFO] 2025-12-17 19:47:51,731: process[robot_state_publisher-14]: killing os process with pid[187] pgid[187]
[roslaunch][INFO] 2025-12-17 19:47:51,726: [twist_marker-17] sent SIGINT to pgid [220]
[roslaunch][INFO] 2025-12-17 19:47:51,735: [robot_state_publisher-14] sending SIGINT to pgid [187]
[roslaunch][INFO] 2025-12-17 19:47:51,739: [robot_state_publisher-14] sent SIGINT to pgid [187]
[roslaunch][INFO] 2025-12-17 19:47:52,039: process[twist_marker-17]: SIGINT killed with return value 0
[roslaunch.pmon][INFO] 2025-12-17 19:47:52,040: ProcessMonitor exit: killing is_already_there-12
[roslaunch][INFO] 2025-12-17 19:47:52,041: [is_already_there-12] killing on exit
[roslaunch][INFO] 2025-12-17 19:47:52,042: process[is_already_there-12]: killing os process with pid[181] pgid[181]
[roslaunch][INFO] 2025-12-17 19:47:52,052: [is_already_there-12] sending SIGINT to pgid [181]
[roslaunch][INFO] 2025-12-17 19:47:52,052: [is_already_there-12] sent SIGINT to pgid [181]
[roslaunch][INFO] 2025-12-17 19:47:52,109: process[throttle_filtering_points-21]: SIGINT killed with return value 0
[roslaunch.pmon][INFO] 2025-12-17 19:47:52,110: ProcessMonitor exit: killing play_motion-11
[roslaunch][INFO] 2025-12-17 19:47:52,112: [play_motion-11] killing on exit
[roslaunch][INFO] 2025-12-17 19:47:52,119: process[play_motion-11]: killing os process with pid[180] pgid[180]
[roslaunch][INFO] 2025-12-17 19:47:52,119: [play_motion-11] sending SIGINT to pgid [180]
[roslaunch][INFO] 2025-12-17 19:47:52,122: [play_motion-11] sent SIGINT to pgid [180]
[roslaunch][INFO] 2025-12-17 19:47:52,128: process[image_raw_to_rect_color_relay-20]: SIGINT killed with return value 0
[roslaunch.pmon][INFO] 2025-12-17 19:47:52,128: ProcessMonitor exit: killing gripper_controllers_spawner-9
[roslaunch][INFO] 2025-12-17 19:47:52,129: [gripper_controllers_spawner-9] killing on exit
[roslaunch][INFO] 2025-12-17 19:47:52,129: process[gripper_controllers_spawner-9]: killing os process with pid[176] pgid[176]
[roslaunch][INFO] 2025-12-17 19:47:52,130: [gripper_controllers_spawner-9] sending SIGINT to pgid [176]
[roslaunch][INFO] 2025-12-17 19:47:52,135: [gripper_controllers_spawner-9] sent SIGINT to pgid [176]
[roslaunch][INFO] 2025-12-17 19:47:52,152: process[robot_state_publisher-14]: SIGINT killed with return value 0
[roslaunch.pmon][INFO] 2025-12-17 19:47:52,154: ProcessMonitor exit: killing bringup_controllers_spawner_ft-8
[roslaunch][INFO] 2025-12-17 19:47:52,155: [bringup_controllers_spawner_ft-8] killing on exit
[roslaunch][INFO] 2025-12-17 19:47:52,161: process[bringup_controllers_spawner_ft-8]: killing os process with pid[171] pgid[171]
[roslaunch][INFO] 2025-12-17 19:47:52,161: [bringup_controllers_spawner_ft-8] sending SIGINT to pgid [171]
[roslaunch][INFO] 2025-12-17 19:47:52,162: [bringup_controllers_spawner_ft-8] sent SIGINT to pgid [171]
[roslaunch][INFO] 2025-12-17 19:47:52,343: process[tf_lookup-15]: SIGINT killed with return value 0
[roslaunch.pmon][INFO] 2025-12-17 19:47:52,344: ProcessMonitor exit: killing bringup_controllers_spawner_imu-7
[roslaunch][INFO] 2025-12-17 19:47:52,345: [bringup_controllers_spawner_imu-7] killing on exit
[roslaunch][INFO] 2025-12-17 19:47:52,344: process[twist_mux-16]: SIGINT killed with return value 0
[roslaunch.pmon][INFO] 2025-12-17 19:47:52,346: ProcessMonitor exit: killing head_controller/point_head_action-6
[roslaunch][INFO] 2025-12-17 19:47:52,347: [head_controller/point_head_action-6] killing on exit
[roslaunch][INFO] 2025-12-17 19:47:52,348: process[bringup_controllers_spawner_imu-7]: killing os process with pid[170] pgid[170]
[roslaunch][INFO] 2025-12-17 19:47:52,348: [bringup_controllers_spawner_imu-7] sending SIGINT to pgid [170]
[roslaunch][INFO] 2025-12-17 19:47:52,349: [bringup_controllers_spawner_imu-7] sent SIGINT to pgid [170]
[roslaunch][INFO] 2025-12-17 19:47:52,350: process[head_controller/point_head_action-6]: killing os process with pid[169] pgid[169]
[roslaunch][INFO] 2025-12-17 19:47:52,350: [head_controller/point_head_action-6] sending SIGINT to pgid [169]
[roslaunch][INFO] 2025-12-17 19:47:52,351: [head_controller/point_head_action-6] sent SIGINT to pgid [169]
[roslaunch][INFO] 2025-12-17 19:47:52,545: process[joystick_relay-18]: SIGINT killed with return value 0
[roslaunch.pmon][INFO] 2025-12-17 19:47:52,546: ProcessMonitor exit: killing default_controllers_spawner-5
[roslaunch][INFO] 2025-12-17 19:47:52,547: [default_controllers_spawner-5] killing on exit
[roslaunch][INFO] 2025-12-17 19:47:52,549: process[default_controllers_spawner-5]: killing os process with pid[168] pgid[168]
[roslaunch][INFO] 2025-12-17 19:47:52,550: [default_controllers_spawner-5] sending SIGINT to pgid [168]
[roslaunch][INFO] 2025-12-17 19:47:52,557: [default_controllers_spawner-5] sent SIGINT to pgid [168]
[roslaunch][INFO] 2025-12-17 19:47:52,833: process[xtion/rgb/image_proc-23]: SIGINT killed with return value 0
[roslaunch.pmon][INFO] 2025-12-17 19:47:52,833: ProcessMonitor exit: killing gazebo_gui-3
[roslaunch][INFO] 2025-12-17 19:47:52,833: [gazebo_gui-3] killing on exit
[roslaunch][INFO] 2025-12-17 19:47:52,834: process[gazebo_gui-3]: killing os process with pid[161] pgid[161]
[roslaunch][INFO] 2025-12-17 19:47:52,835: [gazebo_gui-3] sending SIGINT to pgid [161]
[roslaunch][INFO] 2025-12-17 19:47:52,835: [gazebo_gui-3] sent SIGINT to pgid [161]
[roslaunch][INFO] 2025-12-17 19:47:52,861: process[head_controller/point_head_action-6]: SIGINT killed with return value 0
[roslaunch.pmon][INFO] 2025-12-17 19:47:52,861: ProcessMonitor exit: killing gazebo-2
[roslaunch][INFO] 2025-12-17 19:47:52,861: [gazebo-2] killing on exit
[roslaunch][INFO] 2025-12-17 19:47:52,861: process[gazebo-2]: killing os process with pid[157] pgid[157]
[roslaunch][INFO] 2025-12-17 19:47:52,862: [gazebo-2] sending SIGINT to pgid [157]
[roslaunch][INFO] 2025-12-17 19:47:52,862: [gazebo-2] sent SIGINT to pgid [157]
[roslaunch][INFO] 2025-12-17 19:47:52,970: process[is_already_there-12]: SIGINT killed with return value 0
[roslaunch][INFO] 2025-12-17 19:47:53,048: process[move_group-13]: SIGINT killed with return value 0
[roslaunch][INFO] 2025-12-17 19:47:53,131: process[play_motion-11]: SIGINT killed with return value 0
[roslaunch][INFO] 2025-12-17 19:47:53,336: process[gazebo_gui-3]: SIGINT killed with return value -2
[roslaunch][INFO] 2025-12-17 19:47:53,436: process[dynamic_footprint_publisher-19]: SIGINT killed with return value 1
[roslaunch][INFO] 2025-12-17 19:47:53,463: process[gazebo-2]: SIGINT killed with return value -2
[roslaunch][ERROR] 2025-12-17 19:48:07,181: [gripper_controllers_spawner-9] escalating to SIGTERM
[roslaunch][INFO] 2025-12-17 19:48:07,182: [gripper_controllers_spawner-9] sent SIGTERM to pgid [176]
[roslaunch][ERROR] 2025-12-17 19:48:07,202: [bringup_controllers_spawner_ft-8] escalating to SIGTERM
[roslaunch][INFO] 2025-12-17 19:48:07,203: [bringup_controllers_spawner_ft-8] sent SIGTERM to pgid [171]
[roslaunch][ERROR] 2025-12-17 19:48:07,402: [bringup_controllers_spawner_imu-7] escalating to SIGTERM
[roslaunch][INFO] 2025-12-17 19:48:07,402: [bringup_controllers_spawner_imu-7] sent SIGTERM to pgid [170]
[roslaunch][ERROR] 2025-12-17 19:48:07,602: [default_controllers_spawner-5] escalating to SIGTERM
[roslaunch][INFO] 2025-12-17 19:48:07,603: [default_controllers_spawner-5] sent SIGTERM to pgid [168]
[roslaunch][ERROR] 2025-12-17 19:48:09,185: [gripper_controllers_spawner-9] escalating to SIGKILL
[roslaunch][INFO] 2025-12-17 19:48:09,185: [gripper_controllers_spawner-9] sent SIGKILL to pgid [176]
[roslaunch][INFO] 2025-12-17 19:48:09,185: process[gripper_controllers_spawner-9]: sent SIGKILL
[roslaunch][ERROR] 2025-12-17 19:48:09,206: [bringup_controllers_spawner_ft-8] escalating to SIGKILL
[roslaunch][INFO] 2025-12-17 19:48:09,206: [bringup_controllers_spawner_ft-8] sent SIGKILL to pgid [171]
[roslaunch][INFO] 2025-12-17 19:48:09,206: process[bringup_controllers_spawner_ft-8]: sent SIGKILL
[roslaunch][ERROR] 2025-12-17 19:48:09,405: [bringup_controllers_spawner_imu-7] escalating to SIGKILL
[roslaunch][INFO] 2025-12-17 19:48:09,406: [bringup_controllers_spawner_imu-7] sent SIGKILL to pgid [170]
[roslaunch][INFO] 2025-12-17 19:48:09,406: process[bringup_controllers_spawner_imu-7]: sent SIGKILL
[roslaunch][ERROR] 2025-12-17 19:48:09,606: [default_controllers_spawner-5] escalating to SIGKILL
[roslaunch][INFO] 2025-12-17 19:48:09,607: [default_controllers_spawner-5] sent SIGKILL to pgid [168]
[roslaunch][INFO] 2025-12-17 19:48:09,607: process[default_controllers_spawner-5]: sent SIGKILL
[roslaunch.pmon][INFO] 2025-12-17 19:48:09,607: ProcessMonitor exit: killing rosout-1
[roslaunch][INFO] 2025-12-17 19:48:09,607: [rosout-1] killing on exit
[roslaunch][INFO] 2025-12-17 19:48:09,608: process[rosout-1]: killing os process with pid[150] pgid[150]
[roslaunch][INFO] 2025-12-17 19:48:09,608: [rosout-1] sending SIGINT to pgid [150]
[roslaunch][INFO] 2025-12-17 19:48:09,608: [rosout-1] sent SIGINT to pgid [150]
[roslaunch][INFO] 2025-12-17 19:48:09,808: process[rosout-1]: SIGINT killed with return value 0
[roslaunch.pmon][INFO] 2025-12-17 19:48:09,809: ProcessMonitor exit: killing master
[roslaunch][INFO] 2025-12-17 19:48:09,809: [master] killing on exit
[roslaunch][INFO] 2025-12-17 19:48:09,809: process[master]: killing os process with pid[140] pgid[140]
[roslaunch][INFO] 2025-12-17 19:48:09,809: [master] sending SIGINT to pgid [140]
[roslaunch][INFO] 2025-12-17 19:48:09,809: [master] sent SIGINT to pgid [140]
[roslaunch][INFO] 2025-12-17 19:48:10,010: process[master]: SIGINT killed with return value 0
[roslaunch.pmon][INFO] 2025-12-17 19:48:10,010: ProcessMonitor exit: cleaning up data structures and signals
[roslaunch.pmon][INFO] 2025-12-17 19:48:10,011: ProcessMonitor exit: pmon has shutdown
[roslaunch][ERROR] 2025-12-17 19:48:10,011: Shutdown errors:
 * process[gripper_controllers_spawner-9, pid 176]: required SIGKILL. May still be running.
 * process[default_controllers_spawner-5, pid 168]: required SIGKILL. May still be running.
 * process[bringup_controllers_spawner_imu-7, pid 170]: required SIGKILL. May still be running.
 * process[bringup_controllers_spawner_ft-8, pid 171]: required SIGKILL. May still be running.
[roslaunch][INFO] 2025-12-17 19:48:10,011: process monitor is done spinning, initiating full shutdown
[roslaunch][INFO] 2025-12-17 19:48:10,011: runner.stop()
[roslaunch][INFO] 2025-12-17 19:48:10,011: shutting down processing monitor...
[roslaunch][INFO] 2025-12-17 19:48:10,011: shutting down processing monitor <ProcessMonitor(ProcessMonitor-1, stopped daemon 138554939483904)>
[roslaunch.pmon][INFO] 2025-12-17 19:48:10,011: ProcessMonitor.shutdown <ProcessMonitor(ProcessMonitor-1, stopped daemon 138554939483904)>
[roslaunch][INFO] 2025-12-17 19:48:10,012: ... shutting down processing monitor complete
[roslaunch][INFO] 2025-12-17 19:48:10,012: done
[roslaunch.pmon][INFO] 2025-12-17 19:48:10,012: ProcessMonitor.shutdown <ProcessMonitor(ProcessMonitor-1, stopped daemon 138554939483904)>
[rospy.core][INFO] 2025-12-17 19:48:10,012: signal_shutdown [atexit]
