[rosmaster.main][INFO] 2025-12-18 08:18:03,075: initialization complete, waiting for shutdown
[rosmaster.main][INFO] 2025-12-18 08:18:03,075: Starting ROS Master Node
[xmlrpc][INFO] 2025-12-18 08:18:03,076: XML-RPC server binding to 127.0.0.1:11311
[xmlrpc][INFO] 2025-12-18 08:18:03,076: Started XML-RPC server [http://127.0.0.1:11311/]
[rosmaster.master][INFO] 2025-12-18 08:18:03,076: Master initialized: port[11311], uri[http://127.0.0.1:11311/]
[xmlrpc][INFO] 2025-12-18 08:18:03,077: xml rpc node: starting XML-RPC server
[rosmaster.master][INFO] 2025-12-18 08:18:03,108: +PARAM [/run_id] by /roslaunch
[rosmaster.master][INFO] 2025-12-18 08:18:03,109: +PARAM [/roslaunch/uris/host_127_0_0_1__41981] by /roslaunch
[rosmaster.master][INFO] 2025-12-18 08:18:03,195: +SERVICE [/rosout/get_loggers] /rosout http://127.0.0.1:34819/
[rosmaster.master][INFO] 2025-12-18 08:18:03,196: +SERVICE [/rosout/set_logger_level] /rosout http://127.0.0.1:34819/
[rosmaster.master][INFO] 2025-12-18 08:18:03,207: +PUB [/rosout_agg] /rosout http://127.0.0.1:34819/
[rosmaster.master][INFO] 2025-12-18 08:18:03,229: +PARAM [/rosversion] by /roslaunch
[rosmaster.master][INFO] 2025-12-18 08:18:03,229: +PARAM [/rosdistro] by /roslaunch
[rosmaster.master][INFO] 2025-12-18 08:18:03,229: +PARAM [/use_sim_time] by /roslaunch
[rosmaster.master][INFO] 2025-12-18 08:18:03,229: +PARAM [/pal_robot_info/type] by /roslaunch
[rosmaster.master][INFO] 2025-12-18 08:18:03,229: +PARAM [/pal_robot_info/end_effector] by /roslaunch
[rosmaster.master][INFO] 2025-12-18 08:18:03,229: +PARAM [/pal_robot_info/ft_sensor] by /roslaunch
[rosmaster.master][INFO] 2025-12-18 08:18:03,229: +PARAM [/pal_robot_info/laser_model] by /roslaunch
[rosmaster.master][INFO] 2025-12-18 08:18:03,229: +PARAM [/pal_robot_info/camera_model] by /roslaunch
[rosmaster.master][INFO] 2025-12-18 08:18:03,230: +PARAM [/pal_robot_info/base_type] by /roslaunch
[rosmaster.master][INFO] 2025-12-18 08:18:03,230: +PARAM [/pal_robot_info/arm] by /roslaunch
[rosmaster.master][INFO] 2025-12-18 08:18:03,230: +PARAM [/gains/suspension_left_joint/p] by /roslaunch
[rosmaster.master][INFO] 2025-12-18 08:18:03,230: +SUB [/rosout] /rosout http://127.0.0.1:34819/
[rosmaster.master][INFO] 2025-12-18 08:18:03,230: +PARAM [/gains/suspension_left_joint/d] by /roslaunch
[rosmaster.master][INFO] 2025-12-18 08:18:03,231: +PARAM [/gains/suspension_left_joint/i] by /roslaunch
[rosmaster.master][INFO] 2025-12-18 08:18:03,231: +PARAM [/gains/suspension_left_joint/i_clamp] by /roslaunch
[rosmaster.master][INFO] 2025-12-18 08:18:03,231: +PARAM [/gains/suspension_right_joint/p] by /roslaunch
[rosmaster.master][INFO] 2025-12-18 08:18:03,231: +PARAM [/gains/suspension_right_joint/d] by /roslaunch
[rosmaster.master][INFO] 2025-12-18 08:18:03,231: +PARAM [/gains/suspension_right_joint/i] by /roslaunch
[rosmaster.master][INFO] 2025-12-18 08:18:03,231: +PARAM [/gains/suspension_right_joint/i_clamp] by /roslaunch
[rosmaster.master][INFO] 2025-12-18 08:18:03,231: +PARAM [/gains/torso_lift_joint/p] by /roslaunch
[rosmaster.master][INFO] 2025-12-18 08:18:03,231: +PARAM [/gains/torso_lift_joint/d] by /roslaunch
[rosmaster.master][INFO] 2025-12-18 08:18:03,231: +PARAM [/gains/torso_lift_joint/i] by /roslaunch
[rosmaster.master][INFO] 2025-12-18 08:18:03,231: +PARAM [/gains/torso_lift_joint/i_clamp] by /roslaunch
[rosmaster.master][INFO] 2025-12-18 08:18:03,231: +PARAM [/gains/head_1_joint/p] by /roslaunch
[rosmaster.master][INFO] 2025-12-18 08:18:03,231: +PARAM [/gains/head_1_joint/d] by /roslaunch
[rosmaster.master][INFO] 2025-12-18 08:18:03,231: +PARAM [/gains/head_1_joint/i] by /roslaunch
[rosmaster.master][INFO] 2025-12-18 08:18:03,231: +PARAM [/gains/head_1_joint/i_clamp] by /roslaunch
[rosmaster.master][INFO] 2025-12-18 08:18:03,231: +PARAM [/gains/head_2_joint/p] by /roslaunch
[rosmaster.master][INFO] 2025-12-18 08:18:03,231: +PARAM [/gains/head_2_joint/d] by /roslaunch
[rosmaster.master][INFO] 2025-12-18 08:18:03,231: +PARAM [/gains/head_2_joint/i] by /roslaunch
[rosmaster.master][INFO] 2025-12-18 08:18:03,231: +PARAM [/gains/head_2_joint/i_clamp] by /roslaunch
[rosmaster.master][INFO] 2025-12-18 08:18:03,232: +PARAM [/gains/xtion_frame_joint/p] by /roslaunch
[rosmaster.master][INFO] 2025-12-18 08:18:03,232: +PARAM [/gains/xtion_frame_joint/d] by /roslaunch
[rosmaster.master][INFO] 2025-12-18 08:18:03,232: +PARAM [/gains/xtion_frame_joint/i] by /roslaunch
[rosmaster.master][INFO] 2025-12-18 08:18:03,232: +PARAM [/gains/xtion_frame_joint/i_clamp] by /roslaunch
[rosmaster.master][INFO] 2025-12-18 08:18:03,232: +PARAM [/gains/arm_1_joint/p] by /roslaunch
[rosmaster.master][INFO] 2025-12-18 08:18:03,232: +PARAM [/gains/arm_1_joint/d] by /roslaunch
[rosmaster.master][INFO] 2025-12-18 08:18:03,232: +PARAM [/gains/arm_1_joint/i] by /roslaunch
[rosmaster.master][INFO] 2025-12-18 08:18:03,232: +PARAM [/gains/arm_1_joint/i_clamp] by /roslaunch
[rosmaster.master][INFO] 2025-12-18 08:18:03,232: +PARAM [/gains/arm_1_joint/torque_clamp] by /roslaunch
[rosmaster.master][INFO] 2025-12-18 08:18:03,232: +PARAM [/gains/arm_2_joint/p] by /roslaunch
[rosmaster.master][INFO] 2025-12-18 08:18:03,232: +PARAM [/gains/arm_2_joint/d] by /roslaunch
[rosmaster.master][INFO] 2025-12-18 08:18:03,232: +PARAM [/gains/arm_2_joint/i] by /roslaunch
[rosmaster.master][INFO] 2025-12-18 08:18:03,232: +PARAM [/gains/arm_2_joint/i_clamp] by /roslaunch
[rosmaster.master][INFO] 2025-12-18 08:18:03,232: +PARAM [/gains/arm_2_joint/torque_clamp] by /roslaunch
[rosmaster.master][INFO] 2025-12-18 08:18:03,232: +PARAM [/gains/arm_3_joint/p] by /roslaunch
[rosmaster.master][INFO] 2025-12-18 08:18:03,232: +PARAM [/gains/arm_3_joint/d] by /roslaunch
[rosmaster.master][INFO] 2025-12-18 08:18:03,232: +PARAM [/gains/arm_3_joint/i] by /roslaunch
[rosmaster.master][INFO] 2025-12-18 08:18:03,232: +PARAM [/gains/arm_3_joint/i_clamp] by /roslaunch
[rosmaster.master][INFO] 2025-12-18 08:18:03,232: +PARAM [/gains/arm_3_joint/torque_clamp] by /roslaunch
[rosmaster.master][INFO] 2025-12-18 08:18:03,233: +PARAM [/gains/arm_4_joint/p] by /roslaunch
[rosmaster.master][INFO] 2025-12-18 08:18:03,233: +PARAM [/gains/arm_4_joint/d] by /roslaunch
[rosmaster.master][INFO] 2025-12-18 08:18:03,233: +PARAM [/gains/arm_4_joint/i] by /roslaunch
[rosmaster.master][INFO] 2025-12-18 08:18:03,233: +PARAM [/gains/arm_4_joint/i_clamp] by /roslaunch
[rosmaster.master][INFO] 2025-12-18 08:18:03,233: +PARAM [/gains/arm_4_joint/torque_clamp] by /roslaunch
[rosmaster.master][INFO] 2025-12-18 08:18:03,233: +PARAM [/gains/arm_5_joint/p] by /roslaunch
[rosmaster.master][INFO] 2025-12-18 08:18:03,233: +PARAM [/gains/arm_5_joint/d] by /roslaunch
[rosmaster.master][INFO] 2025-12-18 08:18:03,233: +PARAM [/gains/arm_5_joint/i] by /roslaunch
[rosmaster.master][INFO] 2025-12-18 08:18:03,233: +PARAM [/gains/arm_5_joint/i_clamp] by /roslaunch
[rosmaster.master][INFO] 2025-12-18 08:18:03,233: +PARAM [/gains/arm_5_joint/torque_clamp] by /roslaunch
[rosmaster.master][INFO] 2025-12-18 08:18:03,233: +PARAM [/gains/arm_6_joint/p] by /roslaunch
[rosmaster.master][INFO] 2025-12-18 08:18:03,233: +PARAM [/gains/arm_6_joint/d] by /roslaunch
[rosmaster.master][INFO] 2025-12-18 08:18:03,233: +PARAM [/gains/arm_6_joint/i] by /roslaunch
[rosmaster.master][INFO] 2025-12-18 08:18:03,233: +PARAM [/gains/arm_6_joint/i_clamp] by /roslaunch
[rosmaster.master][INFO] 2025-12-18 08:18:03,233: +PARAM [/gains/arm_6_joint/torque_clamp] by /roslaunch
[rosmaster.master][INFO] 2025-12-18 08:18:03,233: +PARAM [/gains/arm_7_joint/p] by /roslaunch
[rosmaster.master][INFO] 2025-12-18 08:18:03,233: +PARAM [/gains/arm_7_joint/d] by /roslaunch
[rosmaster.master][INFO] 2025-12-18 08:18:03,233: +PARAM [/gains/arm_7_joint/i] by /roslaunch
[rosmaster.master][INFO] 2025-12-18 08:18:03,233: +PARAM [/gains/arm_7_joint/i_clamp] by /roslaunch
[rosmaster.master][INFO] 2025-12-18 08:18:03,234: +PARAM [/gains/arm_7_joint/torque_clamp] by /roslaunch
[rosmaster.master][INFO] 2025-12-18 08:18:03,234: +PARAM [/gains/hand_index_joint/p] by /roslaunch
[rosmaster.master][INFO] 2025-12-18 08:18:03,234: +PARAM [/gains/hand_index_joint/d] by /roslaunch
[rosmaster.master][INFO] 2025-12-18 08:18:03,234: +PARAM [/gains/hand_index_joint/i] by /roslaunch
[rosmaster.master][INFO] 2025-12-18 08:18:03,234: +PARAM [/gains/hand_index_joint/i_clamp] by /roslaunch
[rosmaster.master][INFO] 2025-12-18 08:18:03,234: +PARAM [/gains/hand_thumb_joint/p] by /roslaunch
[rosmaster.master][INFO] 2025-12-18 08:18:03,234: +PARAM [/gains/hand_thumb_joint/d] by /roslaunch
[rosmaster.master][INFO] 2025-12-18 08:18:03,234: +PARAM [/gains/hand_thumb_joint/i] by /roslaunch
[rosmaster.master][INFO] 2025-12-18 08:18:03,234: +PARAM [/gains/hand_thumb_joint/i_clamp] by /roslaunch
[rosmaster.master][INFO] 2025-12-18 08:18:03,234: +PARAM [/gains/hand_mrl_joint/p] by /roslaunch
[rosmaster.master][INFO] 2025-12-18 08:18:03,234: +PARAM [/gains/hand_mrl_joint/d] by /roslaunch
[rosmaster.master][INFO] 2025-12-18 08:18:03,234: +PARAM [/gains/hand_mrl_joint/i] by /roslaunch
[rosmaster.master][INFO] 2025-12-18 08:18:03,234: +PARAM [/gains/hand_mrl_joint/i_clamp] by /roslaunch
[rosmaster.master][INFO] 2025-12-18 08:18:03,234: +PARAM [/gains/hand_index_abd_joint/p] by /roslaunch
[rosmaster.master][INFO] 2025-12-18 08:18:03,234: +PARAM [/gains/hand_index_abd_joint/d] by /roslaunch
[rosmaster.master][INFO] 2025-12-18 08:18:03,234: +PARAM [/gains/hand_index_abd_joint/i] by /roslaunch
[rosmaster.master][INFO] 2025-12-18 08:18:03,234: +PARAM [/gains/hand_index_abd_joint/i_clamp] by /roslaunch
[rosmaster.master][INFO] 2025-12-18 08:18:03,234: +PARAM [/gains/hand_index_virtual_1_joint/p] by /roslaunch
[rosmaster.master][INFO] 2025-12-18 08:18:03,234: +PARAM [/gains/hand_index_virtual_1_joint/d] by /roslaunch
[rosmaster.master][INFO] 2025-12-18 08:18:03,235: +PARAM [/gains/hand_index_virtual_1_joint/i] by /roslaunch
[rosmaster.master][INFO] 2025-12-18 08:18:03,235: +PARAM [/gains/hand_index_virtual_1_joint/i_clamp] by /roslaunch
[rosmaster.master][INFO] 2025-12-18 08:18:03,235: +PARAM [/gains/hand_index_virtual_2_joint/p] by /roslaunch
[rosmaster.master][INFO] 2025-12-18 08:18:03,235: +PARAM [/gains/hand_index_virtual_2_joint/d] by /roslaunch
[rosmaster.master][INFO] 2025-12-18 08:18:03,235: +PARAM [/gains/hand_index_virtual_2_joint/i] by /roslaunch
[rosmaster.master][INFO] 2025-12-18 08:18:03,235: +PARAM [/gains/hand_index_virtual_2_joint/i_clamp] by /roslaunch
[rosmaster.master][INFO] 2025-12-18 08:18:03,235: +PARAM [/gains/hand_index_virtual_3_joint/p] by /roslaunch
[rosmaster.master][INFO] 2025-12-18 08:18:03,235: +PARAM [/gains/hand_index_virtual_3_joint/d] by /roslaunch
[rosmaster.master][INFO] 2025-12-18 08:18:03,235: +PARAM [/gains/hand_index_virtual_3_joint/i] by /roslaunch
[rosmaster.master][INFO] 2025-12-18 08:18:03,235: +PARAM [/gains/hand_index_virtual_3_joint/i_clamp] by /roslaunch
[rosmaster.master][INFO] 2025-12-18 08:18:03,235: +PARAM [/gains/hand_index_flex_1_joint/p] by /roslaunch
[rosmaster.master][INFO] 2025-12-18 08:18:03,235: +PARAM [/gains/hand_index_flex_1_joint/d] by /roslaunch
[rosmaster.master][INFO] 2025-12-18 08:18:03,235: +PARAM [/gains/hand_index_flex_1_joint/i] by /roslaunch
[rosmaster.master][INFO] 2025-12-18 08:18:03,235: +PARAM [/gains/hand_index_flex_1_joint/i_clamp] by /roslaunch
[rosmaster.master][INFO] 2025-12-18 08:18:03,235: +PARAM [/gains/hand_index_flex_2_joint/p] by /roslaunch
[rosmaster.master][INFO] 2025-12-18 08:18:03,235: +PARAM [/gains/hand_index_flex_2_joint/d] by /roslaunch
[rosmaster.master][INFO] 2025-12-18 08:18:03,235: +PARAM [/gains/hand_index_flex_2_joint/i] by /roslaunch
[rosmaster.master][INFO] 2025-12-18 08:18:03,235: +PARAM [/gains/hand_index_flex_2_joint/i_clamp] by /roslaunch
[rosmaster.master][INFO] 2025-12-18 08:18:03,235: +PARAM [/gains/hand_index_flex_3_joint/p] by /roslaunch
[rosmaster.master][INFO] 2025-12-18 08:18:03,235: +PARAM [/gains/hand_index_flex_3_joint/d] by /roslaunch
[rosmaster.master][INFO] 2025-12-18 08:18:03,236: +PARAM [/gains/hand_index_flex_3_joint/i] by /roslaunch
[rosmaster.master][INFO] 2025-12-18 08:18:03,236: +PARAM [/gains/hand_index_flex_3_joint/i_clamp] by /roslaunch
[rosmaster.master][INFO] 2025-12-18 08:18:03,236: +PARAM [/gains/hand_little_abd_joint/p] by /roslaunch
[rosmaster.master][INFO] 2025-12-18 08:18:03,236: +PARAM [/gains/hand_little_abd_joint/d] by /roslaunch
[rosmaster.master][INFO] 2025-12-18 08:18:03,236: +PARAM [/gains/hand_little_abd_joint/i] by /roslaunch
[rosmaster.master][INFO] 2025-12-18 08:18:03,236: +PARAM [/gains/hand_little_abd_joint/i_clamp] by /roslaunch
[rosmaster.master][INFO] 2025-12-18 08:18:03,236: +PARAM [/gains/hand_little_virtual_1_joint/p] by /roslaunch
[rosmaster.master][INFO] 2025-12-18 08:18:03,236: +PARAM [/gains/hand_little_virtual_1_joint/d] by /roslaunch
[rosmaster.master][INFO] 2025-12-18 08:18:03,236: +PARAM [/gains/hand_little_virtual_1_joint/i] by /roslaunch
[rosmaster.master][INFO] 2025-12-18 08:18:03,236: +PARAM [/gains/hand_little_virtual_1_joint/i_clamp] by /roslaunch
[rosmaster.master][INFO] 2025-12-18 08:18:03,236: +PARAM [/gains/hand_little_virtual_2_joint/p] by /roslaunch
[rosmaster.master][INFO] 2025-12-18 08:18:03,236: +PARAM [/gains/hand_little_virtual_2_joint/d] by /roslaunch
[rosmaster.master][INFO] 2025-12-18 08:18:03,236: +PARAM [/gains/hand_little_virtual_2_joint/i] by /roslaunch
[rosmaster.master][INFO] 2025-12-18 08:18:03,236: +PARAM [/gains/hand_little_virtual_2_joint/i_clamp] by /roslaunch
[rosmaster.master][INFO] 2025-12-18 08:18:03,236: +PARAM [/gains/hand_little_virtual_3_joint/p] by /roslaunch
[rosmaster.master][INFO] 2025-12-18 08:18:03,236: +PARAM [/gains/hand_little_virtual_3_joint/d] by /roslaunch
[rosmaster.master][INFO] 2025-12-18 08:18:03,236: +PARAM [/gains/hand_little_virtual_3_joint/i] by /roslaunch
[rosmaster.master][INFO] 2025-12-18 08:18:03,236: +PARAM [/gains/hand_little_virtual_3_joint/i_clamp] by /roslaunch
[rosmaster.master][INFO] 2025-12-18 08:18:03,236: +PARAM [/gains/hand_little_flex_1_joint/p] by /roslaunch
[rosmaster.master][INFO] 2025-12-18 08:18:03,236: +PARAM [/gains/hand_little_flex_1_joint/d] by /roslaunch
[rosmaster.master][INFO] 2025-12-18 08:18:03,236: +PARAM [/gains/hand_little_flex_1_joint/i] by /roslaunch
[rosmaster.master][INFO] 2025-12-18 08:18:03,237: +PARAM [/gains/hand_little_flex_1_joint/i_clamp] by /roslaunch
[rosmaster.master][INFO] 2025-12-18 08:18:03,237: +PARAM [/gains/hand_little_flex_2_joint/p] by /roslaunch
[rosmaster.master][INFO] 2025-12-18 08:18:03,237: +PARAM [/gains/hand_little_flex_2_joint/d] by /roslaunch
[rosmaster.master][INFO] 2025-12-18 08:18:03,237: +PARAM [/gains/hand_little_flex_2_joint/i] by /roslaunch
[rosmaster.master][INFO] 2025-12-18 08:18:03,237: +PARAM [/gains/hand_little_flex_2_joint/i_clamp] by /roslaunch
[rosmaster.master][INFO] 2025-12-18 08:18:03,237: +PARAM [/gains/hand_little_flex_3_joint/p] by /roslaunch
[rosmaster.master][INFO] 2025-12-18 08:18:03,237: +PARAM [/gains/hand_little_flex_3_joint/d] by /roslaunch
[rosmaster.master][INFO] 2025-12-18 08:18:03,237: +PARAM [/gains/hand_little_flex_3_joint/i] by /roslaunch
[rosmaster.master][INFO] 2025-12-18 08:18:03,237: +PARAM [/gains/hand_little_flex_3_joint/i_clamp] by /roslaunch
[rosmaster.master][INFO] 2025-12-18 08:18:03,237: +PARAM [/gains/hand_middle_abd_joint/p] by /roslaunch
[rosmaster.master][INFO] 2025-12-18 08:18:03,237: +PARAM [/gains/hand_middle_abd_joint/d] by /roslaunch
[rosmaster.master][INFO] 2025-12-18 08:18:03,237: +PARAM [/gains/hand_middle_abd_joint/i] by /roslaunch
[rosmaster.master][INFO] 2025-12-18 08:18:03,237: +PARAM [/gains/hand_middle_abd_joint/i_clamp] by /roslaunch
[rosmaster.master][INFO] 2025-12-18 08:18:03,237: +PARAM [/gains/hand_middle_virtual_1_joint/p] by /roslaunch
[rosmaster.master][INFO] 2025-12-18 08:18:03,237: +PARAM [/gains/hand_middle_virtual_1_joint/d] by /roslaunch
[rosmaster.master][INFO] 2025-12-18 08:18:03,237: +PARAM [/gains/hand_middle_virtual_1_joint/i] by /roslaunch
[rosmaster.master][INFO] 2025-12-18 08:18:03,237: +PARAM [/gains/hand_middle_virtual_1_joint/i_clamp] by /roslaunch
[rosmaster.master][INFO] 2025-12-18 08:18:03,237: +PARAM [/gains/hand_middle_virtual_2_joint/p] by /roslaunch
[rosmaster.master][INFO] 2025-12-18 08:18:03,237: +PARAM [/gains/hand_middle_virtual_2_joint/d] by /roslaunch
[rosmaster.master][INFO] 2025-12-18 08:18:03,238: +PARAM [/gains/hand_middle_virtual_2_joint/i] by /roslaunch
[rosmaster.master][INFO] 2025-12-18 08:18:03,238: +PARAM [/gains/hand_middle_virtual_2_joint/i_clamp] by /roslaunch
[rosmaster.master][INFO] 2025-12-18 08:18:03,238: +PARAM [/gains/hand_middle_virtual_3_joint/p] by /roslaunch
[rosmaster.master][INFO] 2025-12-18 08:18:03,238: +PARAM [/gains/hand_middle_virtual_3_joint/d] by /roslaunch
[rosmaster.master][INFO] 2025-12-18 08:18:03,238: +PARAM [/gains/hand_middle_virtual_3_joint/i] by /roslaunch
[rosmaster.master][INFO] 2025-12-18 08:18:03,238: +PARAM [/gains/hand_middle_virtual_3_joint/i_clamp] by /roslaunch
[rosmaster.master][INFO] 2025-12-18 08:18:03,238: +PARAM [/gains/hand_middle_flex_1_joint/p] by /roslaunch
[rosmaster.master][INFO] 2025-12-18 08:18:03,238: +PARAM [/gains/hand_middle_flex_1_joint/d] by /roslaunch
[rosmaster.master][INFO] 2025-12-18 08:18:03,238: +PARAM [/gains/hand_middle_flex_1_joint/i] by /roslaunch
[rosmaster.master][INFO] 2025-12-18 08:18:03,238: +PARAM [/gains/hand_middle_flex_1_joint/i_clamp] by /roslaunch
[rosmaster.master][INFO] 2025-12-18 08:18:03,238: +PARAM [/gains/hand_middle_flex_2_joint/p] by /roslaunch
[rosmaster.master][INFO] 2025-12-18 08:18:03,238: +PARAM [/gains/hand_middle_flex_2_joint/d] by /roslaunch
[rosmaster.master][INFO] 2025-12-18 08:18:03,238: +PARAM [/gains/hand_middle_flex_2_joint/i] by /roslaunch
[rosmaster.master][INFO] 2025-12-18 08:18:03,238: +PARAM [/gains/hand_middle_flex_2_joint/i_clamp] by /roslaunch
[rosmaster.master][INFO] 2025-12-18 08:18:03,238: +PARAM [/gains/hand_middle_flex_3_joint/p] by /roslaunch
[rosmaster.master][INFO] 2025-12-18 08:18:03,238: +PARAM [/gains/hand_middle_flex_3_joint/d] by /roslaunch
[rosmaster.master][INFO] 2025-12-18 08:18:03,238: +PARAM [/gains/hand_middle_flex_3_joint/i] by /roslaunch
[rosmaster.master][INFO] 2025-12-18 08:18:03,238: +PARAM [/gains/hand_middle_flex_3_joint/i_clamp] by /roslaunch
[rosmaster.master][INFO] 2025-12-18 08:18:03,239: +PARAM [/gains/hand_ring_abd_joint/p] by /roslaunch
[rosmaster.master][INFO] 2025-12-18 08:18:03,239: +PARAM [/gains/hand_ring_abd_joint/d] by /roslaunch
[rosmaster.master][INFO] 2025-12-18 08:18:03,239: +PARAM [/gains/hand_ring_abd_joint/i] by /roslaunch
[rosmaster.master][INFO] 2025-12-18 08:18:03,239: +PARAM [/gains/hand_ring_abd_joint/i_clamp] by /roslaunch
[rosmaster.master][INFO] 2025-12-18 08:18:03,239: +PARAM [/gains/hand_ring_virtual_1_joint/p] by /roslaunch
[rosmaster.master][INFO] 2025-12-18 08:18:03,239: +PARAM [/gains/hand_ring_virtual_1_joint/d] by /roslaunch
[rosmaster.master][INFO] 2025-12-18 08:18:03,239: +PARAM [/gains/hand_ring_virtual_1_joint/i] by /roslaunch
[rosmaster.master][INFO] 2025-12-18 08:18:03,239: +PARAM [/gains/hand_ring_virtual_1_joint/i_clamp] by /roslaunch
[rosmaster.master][INFO] 2025-12-18 08:18:03,239: +PARAM [/gains/hand_ring_virtual_2_joint/p] by /roslaunch
[rosmaster.master][INFO] 2025-12-18 08:18:03,239: +PARAM [/gains/hand_ring_virtual_2_joint/d] by /roslaunch
[rosmaster.master][INFO] 2025-12-18 08:18:03,239: +PARAM [/gains/hand_ring_virtual_2_joint/i] by /roslaunch
[rosmaster.master][INFO] 2025-12-18 08:18:03,239: +PARAM [/gains/hand_ring_virtual_2_joint/i_clamp] by /roslaunch
[rosmaster.master][INFO] 2025-12-18 08:18:03,239: +PARAM [/gains/hand_ring_virtual_3_joint/p] by /roslaunch
[rosmaster.master][INFO] 2025-12-18 08:18:03,239: +PARAM [/gains/hand_ring_virtual_3_joint/d] by /roslaunch
[rosmaster.master][INFO] 2025-12-18 08:18:03,239: +PARAM [/gains/hand_ring_virtual_3_joint/i] by /roslaunch
[rosmaster.master][INFO] 2025-12-18 08:18:03,239: +PARAM [/gains/hand_ring_virtual_3_joint/i_clamp] by /roslaunch
[rosmaster.master][INFO] 2025-12-18 08:18:03,240: +PARAM [/gains/hand_ring_flex_1_joint/p] by /roslaunch
[rosmaster.master][INFO] 2025-12-18 08:18:03,240: +PARAM [/gains/hand_ring_flex_1_joint/d] by /roslaunch
[rosmaster.master][INFO] 2025-12-18 08:18:03,240: +PARAM [/gains/hand_ring_flex_1_joint/i] by /roslaunch
[rosmaster.master][INFO] 2025-12-18 08:18:03,240: +PARAM [/gains/hand_ring_flex_1_joint/i_clamp] by /roslaunch
[rosmaster.master][INFO] 2025-12-18 08:18:03,240: +PARAM [/gains/hand_ring_flex_2_joint/p] by /roslaunch
[rosmaster.master][INFO] 2025-12-18 08:18:03,240: +PARAM [/gains/hand_ring_flex_2_joint/d] by /roslaunch
[rosmaster.master][INFO] 2025-12-18 08:18:03,240: +PARAM [/gains/hand_ring_flex_2_joint/i] by /roslaunch
[rosmaster.master][INFO] 2025-12-18 08:18:03,240: +PARAM [/gains/hand_ring_flex_2_joint/i_clamp] by /roslaunch
[rosmaster.master][INFO] 2025-12-18 08:18:03,240: +PARAM [/gains/hand_ring_flex_3_joint/p] by /roslaunch
[rosmaster.master][INFO] 2025-12-18 08:18:03,240: +PARAM [/gains/hand_ring_flex_3_joint/d] by /roslaunch
[rosmaster.master][INFO] 2025-12-18 08:18:03,240: +PARAM [/gains/hand_ring_flex_3_joint/i] by /roslaunch
[rosmaster.master][INFO] 2025-12-18 08:18:03,240: +PARAM [/gains/hand_ring_flex_3_joint/i_clamp] by /roslaunch
[rosmaster.master][INFO] 2025-12-18 08:18:03,240: +PARAM [/gains/hand_thumb_abd_joint/p] by /roslaunch
[rosmaster.master][INFO] 2025-12-18 08:18:03,240: +PARAM [/gains/hand_thumb_abd_joint/d] by /roslaunch
[rosmaster.master][INFO] 2025-12-18 08:18:03,240: +PARAM [/gains/hand_thumb_abd_joint/i] by /roslaunch
[rosmaster.master][INFO] 2025-12-18 08:18:03,240: +PARAM [/gains/hand_thumb_abd_joint/i_clamp] by /roslaunch
[rosmaster.master][INFO] 2025-12-18 08:18:03,240: +PARAM [/gains/hand_thumb_virtual_1_joint/p] by /roslaunch
[rosmaster.master][INFO] 2025-12-18 08:18:03,240: +PARAM [/gains/hand_thumb_virtual_1_joint/d] by /roslaunch
[rosmaster.master][INFO] 2025-12-18 08:18:03,240: +PARAM [/gains/hand_thumb_virtual_1_joint/i] by /roslaunch
[rosmaster.master][INFO] 2025-12-18 08:18:03,240: +PARAM [/gains/hand_thumb_virtual_1_joint/i_clamp] by /roslaunch
[rosmaster.master][INFO] 2025-12-18 08:18:03,241: +PARAM [/gains/hand_thumb_virtual_2_joint/p] by /roslaunch
[rosmaster.master][INFO] 2025-12-18 08:18:03,241: +PARAM [/gains/hand_thumb_virtual_2_joint/d] by /roslaunch
[rosmaster.master][INFO] 2025-12-18 08:18:03,241: +PARAM [/gains/hand_thumb_virtual_2_joint/i] by /roslaunch
[rosmaster.master][INFO] 2025-12-18 08:18:03,241: +PARAM [/gains/hand_thumb_virtual_2_joint/i_clamp] by /roslaunch
[rosmaster.master][INFO] 2025-12-18 08:18:03,241: +PARAM [/gains/hand_thumb_virtual_3_joint/p] by /roslaunch
[rosmaster.master][INFO] 2025-12-18 08:18:03,241: +PARAM [/gains/hand_thumb_virtual_3_joint/d] by /roslaunch
[rosmaster.master][INFO] 2025-12-18 08:18:03,241: +PARAM [/gains/hand_thumb_virtual_3_joint/i] by /roslaunch
[rosmaster.master][INFO] 2025-12-18 08:18:03,241: +PARAM [/gains/hand_thumb_virtual_3_joint/i_clamp] by /roslaunch
[rosmaster.master][INFO] 2025-12-18 08:18:03,241: +PARAM [/gains/hand_thumb_flex_1_joint/p] by /roslaunch
[rosmaster.master][INFO] 2025-12-18 08:18:03,241: +PARAM [/gains/hand_thumb_flex_1_joint/d] by /roslaunch
[rosmaster.master][INFO] 2025-12-18 08:18:03,241: +PARAM [/gains/hand_thumb_flex_1_joint/i] by /roslaunch
[rosmaster.master][INFO] 2025-12-18 08:18:03,241: +PARAM [/gains/hand_thumb_flex_1_joint/i_clamp] by /roslaunch
[rosmaster.master][INFO] 2025-12-18 08:18:03,241: +PARAM [/gains/hand_thumb_flex_2_joint/p] by /roslaunch
[rosmaster.master][INFO] 2025-12-18 08:18:03,241: +PARAM [/gains/hand_thumb_flex_2_joint/d] by /roslaunch
[rosmaster.master][INFO] 2025-12-18 08:18:03,241: +PARAM [/gains/hand_thumb_flex_2_joint/i] by /roslaunch
[rosmaster.master][INFO] 2025-12-18 08:18:03,241: +PARAM [/gains/hand_thumb_flex_2_joint/i_clamp] by /roslaunch
[rosmaster.master][INFO] 2025-12-18 08:18:03,241: +PARAM [/gains/hand_thumb_flex_3_joint/p] by /roslaunch
[rosmaster.master][INFO] 2025-12-18 08:18:03,241: +PARAM [/gains/hand_thumb_flex_3_joint/d] by /roslaunch
[rosmaster.master][INFO] 2025-12-18 08:18:03,241: +PARAM [/gains/hand_thumb_flex_3_joint/i] by /roslaunch
[rosmaster.master][INFO] 2025-12-18 08:18:03,241: +PARAM [/gains/hand_thumb_flex_3_joint/i_clamp] by /roslaunch
[rosmaster.master][INFO] 2025-12-18 08:18:03,242: +PARAM [/gains/gripper_left_finger_joint/p] by /roslaunch
[rosmaster.master][INFO] 2025-12-18 08:18:03,242: +PARAM [/gains/gripper_left_finger_joint/d] by /roslaunch
[rosmaster.master][INFO] 2025-12-18 08:18:03,242: +PARAM [/gains/gripper_left_finger_joint/i] by /roslaunch
[rosmaster.master][INFO] 2025-12-18 08:18:03,242: +PARAM [/gains/gripper_left_finger_joint/p_gain] by /roslaunch
[rosmaster.master][INFO] 2025-12-18 08:18:03,242: +PARAM [/gains/gripper_right_finger_joint/p] by /roslaunch
[rosmaster.master][INFO] 2025-12-18 08:18:03,242: +PARAM [/gains/gripper_right_finger_joint/d] by /roslaunch
[rosmaster.master][INFO] 2025-12-18 08:18:03,242: +PARAM [/gains/gripper_right_finger_joint/i] by /roslaunch
[rosmaster.master][INFO] 2025-12-18 08:18:03,242: +PARAM [/gains/gripper_right_finger_joint/p_gain] by /roslaunch
[rosmaster.master][INFO] 2025-12-18 08:18:03,242: +PARAM [/gains/gripper_finger_joint/p] by /roslaunch
[rosmaster.master][INFO] 2025-12-18 08:18:03,242: +PARAM [/gains/gripper_finger_joint/d] by /roslaunch
[rosmaster.master][INFO] 2025-12-18 08:18:03,242: +PARAM [/gains/gripper_finger_joint/i] by /roslaunch
[rosmaster.master][INFO] 2025-12-18 08:18:03,242: +PARAM [/gains/gripper_finger_joint/p_gain] by /roslaunch
[rosmaster.master][INFO] 2025-12-18 08:18:03,242: +PARAM [/gains/FFJ4/p] by /roslaunch
[rosmaster.master][INFO] 2025-12-18 08:18:03,242: +PARAM [/gains/FFJ4/d] by /roslaunch
[rosmaster.master][INFO] 2025-12-18 08:18:03,242: +PARAM [/gains/FFJ4/i] by /roslaunch
[rosmaster.master][INFO] 2025-12-18 08:18:03,242: +PARAM [/gains/FFJ3/p] by /roslaunch
[rosmaster.master][INFO] 2025-12-18 08:18:03,242: +PARAM [/gains/FFJ3/d] by /roslaunch
[rosmaster.master][INFO] 2025-12-18 08:18:03,242: +PARAM [/gains/FFJ3/i] by /roslaunch
[rosmaster.master][INFO] 2025-12-18 08:18:03,242: +PARAM [/gains/FFJ2/p] by /roslaunch
[rosmaster.master][INFO] 2025-12-18 08:18:03,243: +PARAM [/gains/FFJ2/d] by /roslaunch
[rosmaster.master][INFO] 2025-12-18 08:18:03,243: +PARAM [/gains/FFJ2/i] by /roslaunch
[rosmaster.master][INFO] 2025-12-18 08:18:03,243: +PARAM [/gains/FFJ1/p] by /roslaunch
[rosmaster.master][INFO] 2025-12-18 08:18:03,243: +PARAM [/gains/FFJ1/d] by /roslaunch
[rosmaster.master][INFO] 2025-12-18 08:18:03,243: +PARAM [/gains/FFJ1/i] by /roslaunch
[rosmaster.master][INFO] 2025-12-18 08:18:03,243: +PARAM [/gains/MFJ4/p] by /roslaunch
[rosmaster.master][INFO] 2025-12-18 08:18:03,243: +PARAM [/gains/MFJ4/d] by /roslaunch
[rosmaster.master][INFO] 2025-12-18 08:18:03,243: +PARAM [/gains/MFJ4/i] by /roslaunch
[rosmaster.master][INFO] 2025-12-18 08:18:03,243: +PARAM [/gains/MFJ3/p] by /roslaunch
[rosmaster.master][INFO] 2025-12-18 08:18:03,243: +PARAM [/gains/MFJ3/d] by /roslaunch
[rosmaster.master][INFO] 2025-12-18 08:18:03,243: +PARAM [/gains/MFJ3/i] by /roslaunch
[rosmaster.master][INFO] 2025-12-18 08:18:03,243: +PARAM [/gains/MFJ2/p] by /roslaunch
[rosmaster.master][INFO] 2025-12-18 08:18:03,243: +PARAM [/gains/MFJ2/d] by /roslaunch
[rosmaster.master][INFO] 2025-12-18 08:18:03,243: +PARAM [/gains/MFJ2/i] by /roslaunch
[rosmaster.master][INFO] 2025-12-18 08:18:03,243: +PARAM [/gains/MFJ1/p] by /roslaunch
[rosmaster.master][INFO] 2025-12-18 08:18:03,243: +PARAM [/gains/MFJ1/d] by /roslaunch
[rosmaster.master][INFO] 2025-12-18 08:18:03,243: +PARAM [/gains/MFJ1/i] by /roslaunch
[rosmaster.master][INFO] 2025-12-18 08:18:03,243: +PARAM [/gains/RFJ4/p] by /roslaunch
[rosmaster.master][INFO] 2025-12-18 08:18:03,243: +PARAM [/gains/RFJ4/d] by /roslaunch
[rosmaster.master][INFO] 2025-12-18 08:18:03,243: +PARAM [/gains/RFJ4/i] by /roslaunch
[rosmaster.master][INFO] 2025-12-18 08:18:03,244: +PARAM [/gains/RFJ3/p] by /roslaunch
[rosmaster.master][INFO] 2025-12-18 08:18:03,244: +PARAM [/gains/RFJ3/d] by /roslaunch
[rosmaster.master][INFO] 2025-12-18 08:18:03,244: +PARAM [/gains/RFJ3/i] by /roslaunch
[rosmaster.master][INFO] 2025-12-18 08:18:03,244: +PARAM [/gains/RFJ2/p] by /roslaunch
[rosmaster.master][INFO] 2025-12-18 08:18:03,244: +PARAM [/gains/RFJ2/d] by /roslaunch
[rosmaster.master][INFO] 2025-12-18 08:18:03,244: +PARAM [/gains/RFJ2/i] by /roslaunch
[rosmaster.master][INFO] 2025-12-18 08:18:03,244: +PARAM [/gains/RFJ1/p] by /roslaunch
[rosmaster.master][INFO] 2025-12-18 08:18:03,244: +PARAM [/gains/RFJ1/d] by /roslaunch
[rosmaster.master][INFO] 2025-12-18 08:18:03,244: +PARAM [/gains/RFJ1/i] by /roslaunch
[rosmaster.master][INFO] 2025-12-18 08:18:03,244: +PARAM [/gains/THJ5/p] by /roslaunch
[rosmaster.master][INFO] 2025-12-18 08:18:03,244: +PARAM [/gains/THJ5/d] by /roslaunch
[rosmaster.master][INFO] 2025-12-18 08:18:03,244: +PARAM [/gains/THJ5/i] by /roslaunch
[rosmaster.master][INFO] 2025-12-18 08:18:03,244: +PARAM [/gains/THJ4/p] by /roslaunch
[rosmaster.master][INFO] 2025-12-18 08:18:03,244: +PARAM [/gains/THJ4/d] by /roslaunch
[rosmaster.master][INFO] 2025-12-18 08:18:03,244: +PARAM [/gains/THJ4/i] by /roslaunch
[rosmaster.master][INFO] 2025-12-18 08:18:03,244: +PARAM [/gains/THJ2/p] by /roslaunch
[rosmaster.master][INFO] 2025-12-18 08:18:03,244: +PARAM [/gains/THJ2/d] by /roslaunch
[rosmaster.master][INFO] 2025-12-18 08:18:03,244: +PARAM [/gains/THJ2/i] by /roslaunch
[rosmaster.master][INFO] 2025-12-18 08:18:03,244: +PARAM [/gains/THJ1/p] by /roslaunch
[rosmaster.master][INFO] 2025-12-18 08:18:03,245: +PARAM [/gains/THJ1/d] by /roslaunch
[rosmaster.master][INFO] 2025-12-18 08:18:03,245: +PARAM [/gains/THJ1/i] by /roslaunch
[rosmaster.master][INFO] 2025-12-18 08:18:03,245: +PARAM [/velocity/pid_gains/wheel_right_joint/p] by /roslaunch
[rosmaster.master][INFO] 2025-12-18 08:18:03,245: +PARAM [/velocity/pid_gains/wheel_right_joint/d] by /roslaunch
[rosmaster.master][INFO] 2025-12-18 08:18:03,245: +PARAM [/velocity/pid_gains/wheel_right_joint/i] by /roslaunch
[rosmaster.master][INFO] 2025-12-18 08:18:03,245: +PARAM [/velocity/pid_gains/wheel_right_joint/i_clamp] by /roslaunch
[rosmaster.master][INFO] 2025-12-18 08:18:03,245: +PARAM [/velocity/pid_gains/wheel_left_joint/p] by /roslaunch
[rosmaster.master][INFO] 2025-12-18 08:18:03,245: +PARAM [/velocity/pid_gains/wheel_left_joint/d] by /roslaunch
[rosmaster.master][INFO] 2025-12-18 08:18:03,245: +PARAM [/velocity/pid_gains/wheel_left_joint/i] by /roslaunch
[rosmaster.master][INFO] 2025-12-18 08:18:03,245: +PARAM [/velocity/pid_gains/wheel_left_joint/i_clamp] by /roslaunch
[rosmaster.master][INFO] 2025-12-18 08:18:03,245: +PARAM [/velocity/pid_gains/caster_front_right_1_joint/p] by /roslaunch
[rosmaster.master][INFO] 2025-12-18 08:18:03,245: +PARAM [/velocity/pid_gains/caster_front_right_1_joint/d] by /roslaunch
[rosmaster.master][INFO] 2025-12-18 08:18:03,245: +PARAM [/velocity/pid_gains/caster_front_right_1_joint/i] by /roslaunch
[rosmaster.master][INFO] 2025-12-18 08:18:03,245: +PARAM [/velocity/pid_gains/caster_front_right_1_joint/i_clamp] by /roslaunch
[rosmaster.master][INFO] 2025-12-18 08:18:03,245: +PARAM [/velocity/pid_gains/caster_front_right_2_joint/p] by /roslaunch
[rosmaster.master][INFO] 2025-12-18 08:18:03,245: +PARAM [/velocity/pid_gains/caster_front_right_2_joint/d] by /roslaunch
[rosmaster.master][INFO] 2025-12-18 08:18:03,245: +PARAM [/velocity/pid_gains/caster_front_right_2_joint/i] by /roslaunch
[rosmaster.master][INFO] 2025-12-18 08:18:03,245: +PARAM [/velocity/pid_gains/caster_front_right_2_joint/i_clamp] by /roslaunch
[rosmaster.master][INFO] 2025-12-18 08:18:03,245: +PARAM [/velocity/pid_gains/caster_front_left_1_joint/p] by /roslaunch
[rosmaster.master][INFO] 2025-12-18 08:18:03,245: +PARAM [/velocity/pid_gains/caster_front_left_1_joint/d] by /roslaunch
[rosmaster.master][INFO] 2025-12-18 08:18:03,245: +PARAM [/velocity/pid_gains/caster_front_left_1_joint/i] by /roslaunch
[rosmaster.master][INFO] 2025-12-18 08:18:03,246: +PARAM [/velocity/pid_gains/caster_front_left_1_joint/i_clamp] by /roslaunch
[rosmaster.master][INFO] 2025-12-18 08:18:03,246: +PARAM [/velocity/pid_gains/caster_front_left_2_joint/p] by /roslaunch
[rosmaster.master][INFO] 2025-12-18 08:18:03,246: +PARAM [/velocity/pid_gains/caster_front_left_2_joint/d] by /roslaunch
[rosmaster.master][INFO] 2025-12-18 08:18:03,246: +PARAM [/velocity/pid_gains/caster_front_left_2_joint/i] by /roslaunch
[rosmaster.master][INFO] 2025-12-18 08:18:03,246: +PARAM [/velocity/pid_gains/caster_front_left_2_joint/i_clamp] by /roslaunch
[rosmaster.master][INFO] 2025-12-18 08:18:03,246: +PARAM [/velocity/pid_gains/caster_back_right_1_joint/p] by /roslaunch
[rosmaster.master][INFO] 2025-12-18 08:18:03,246: +PARAM [/velocity/pid_gains/caster_back_right_1_joint/d] by /roslaunch
[rosmaster.master][INFO] 2025-12-18 08:18:03,246: +PARAM [/velocity/pid_gains/caster_back_right_1_joint/i] by /roslaunch
[rosmaster.master][INFO] 2025-12-18 08:18:03,246: +PARAM [/velocity/pid_gains/caster_back_right_1_joint/i_clamp] by /roslaunch
[rosmaster.master][INFO] 2025-12-18 08:18:03,246: +PARAM [/velocity/pid_gains/caster_back_right_2_joint/p] by /roslaunch
[rosmaster.master][INFO] 2025-12-18 08:18:03,246: +PARAM [/velocity/pid_gains/caster_back_right_2_joint/d] by /roslaunch
[rosmaster.master][INFO] 2025-12-18 08:18:03,246: +PARAM [/velocity/pid_gains/caster_back_right_2_joint/i] by /roslaunch
[rosmaster.master][INFO] 2025-12-18 08:18:03,246: +PARAM [/velocity/pid_gains/caster_back_right_2_joint/i_clamp] by /roslaunch
[rosmaster.master][INFO] 2025-12-18 08:18:03,246: +PARAM [/velocity/pid_gains/caster_back_left_1_joint/p] by /roslaunch
[rosmaster.master][INFO] 2025-12-18 08:18:03,246: +PARAM [/velocity/pid_gains/caster_back_left_1_joint/d] by /roslaunch
[rosmaster.master][INFO] 2025-12-18 08:18:03,246: +PARAM [/velocity/pid_gains/caster_back_left_1_joint/i] by /roslaunch
[rosmaster.master][INFO] 2025-12-18 08:18:03,246: +PARAM [/velocity/pid_gains/caster_back_left_1_joint/i_clamp] by /roslaunch
[rosmaster.master][INFO] 2025-12-18 08:18:03,246: +PARAM [/velocity/pid_gains/caster_back_left_2_joint/p] by /roslaunch
[rosmaster.master][INFO] 2025-12-18 08:18:03,246: +PARAM [/velocity/pid_gains/caster_back_left_2_joint/d] by /roslaunch
[rosmaster.master][INFO] 2025-12-18 08:18:03,246: +PARAM [/velocity/pid_gains/caster_back_left_2_joint/i] by /roslaunch
[rosmaster.master][INFO] 2025-12-18 08:18:03,247: +PARAM [/velocity/pid_gains/caster_back_left_2_joint/i_clamp] by /roslaunch
[rosmaster.master][INFO] 2025-12-18 08:18:03,247: +PARAM [/force_torque/wrist_ft/sensor_joint] by /roslaunch
[rosmaster.master][INFO] 2025-12-18 08:18:03,247: +PARAM [/force_torque/wrist_ft/frame] by /roslaunch
[rosmaster.master][INFO] 2025-12-18 08:18:03,247: +PARAM [/imu/base_imu/frame] by /roslaunch
[rosmaster.master][INFO] 2025-12-18 08:18:03,247: +PARAM [/imu/base_imu/gazebo_sensor_name] by /roslaunch
[rosmaster.master][INFO] 2025-12-18 08:18:03,247: +PARAM [/robot_description] by /roslaunch
[rosmaster.master][INFO] 2025-12-18 08:18:03,247: +PARAM [/collision_model_parameters/padding] by /roslaunch
[rosmaster.master][INFO] 2025-12-18 08:18:03,247: +PARAM [/collision_model_parameters/links_with_padding] by /roslaunch
[rosmaster.master][INFO] 2025-12-18 08:18:03,247: +PARAM [/collision_model_parameters/blacklist/default] by /roslaunch
[rosmaster.master][INFO] 2025-12-18 08:18:03,247: +PARAM [/mobile_base_controller/type] by /roslaunch
[rosmaster.master][INFO] 2025-12-18 08:18:03,247: +PARAM [/mobile_base_controller/left_front_wheel] by /roslaunch
[rosmaster.master][INFO] 2025-12-18 08:18:03,247: +PARAM [/mobile_base_controller/left_back_wheel] by /roslaunch
[rosmaster.master][INFO] 2025-12-18 08:18:03,247: +PARAM [/mobile_base_controller/right_front_wheel] by /roslaunch
[rosmaster.master][INFO] 2025-12-18 08:18:03,247: +PARAM [/mobile_base_controller/right_back_wheel] by /roslaunch
[rosmaster.master][INFO] 2025-12-18 08:18:03,247: +PARAM [/mobile_base_controller/publish_rate] by /roslaunch
[rosmaster.master][INFO] 2025-12-18 08:18:03,247: +PARAM [/mobile_base_controller/pose_covariance_diagonal] by /roslaunch
[rosmaster.master][INFO] 2025-12-18 08:18:03,247: +PARAM [/mobile_base_controller/twist_covariance_diagonal] by /roslaunch
[rosmaster.master][INFO] 2025-12-18 08:18:03,247: +PARAM [/mobile_base_controller/enable_pose_covariance_update] by /roslaunch
[rosmaster.master][INFO] 2025-12-18 08:18:03,247: +PARAM [/mobile_base_controller/error_constant_left] by /roslaunch
[rosmaster.master][INFO] 2025-12-18 08:18:03,247: +PARAM [/mobile_base_controller/error_constant_right] by /roslaunch
[rosmaster.master][INFO] 2025-12-18 08:18:03,247: +PARAM [/mobile_base_controller/cmd_vel_timeout] by /roslaunch
[rosmaster.master][INFO] 2025-12-18 08:18:03,248: +PARAM [/mobile_base_controller/base_frame_id] by /roslaunch
[rosmaster.master][INFO] 2025-12-18 08:18:03,248: +PARAM [/mobile_base_controller/odom_frame_id] by /roslaunch
[rosmaster.master][INFO] 2025-12-18 08:18:03,248: +PARAM [/mobile_base_controller/preserve_turning_radius] by /roslaunch
[rosmaster.master][INFO] 2025-12-18 08:18:03,248: +PARAM [/mobile_base_controller/publish_cmd] by /roslaunch
[rosmaster.master][INFO] 2025-12-18 08:18:03,248: +PARAM [/mobile_base_controller/publish_wheel_data] by /roslaunch
[rosmaster.master][INFO] 2025-12-18 08:18:03,248: +PARAM [/mobile_base_controller/linear/x/has_velocity_limits] by /roslaunch
[rosmaster.master][INFO] 2025-12-18 08:18:03,248: +PARAM [/mobile_base_controller/linear/x/max_velocity] by /roslaunch
[rosmaster.master][INFO] 2025-12-18 08:18:03,248: +PARAM [/mobile_base_controller/linear/x/min_velocity] by /roslaunch
[rosmaster.master][INFO] 2025-12-18 08:18:03,248: +PARAM [/mobile_base_controller/linear/x/has_acceleration_limits] by /roslaunch
[rosmaster.master][INFO] 2025-12-18 08:18:03,248: +PARAM [/mobile_base_controller/linear/x/max_acceleration] by /roslaunch
[rosmaster.master][INFO] 2025-12-18 08:18:03,248: +PARAM [/mobile_base_controller/linear/x/has_jerk_limits] by /roslaunch
[rosmaster.master][INFO] 2025-12-18 08:18:03,248: +PARAM [/mobile_base_controller/linear/x/max_jerk] by /roslaunch
[rosmaster.master][INFO] 2025-12-18 08:18:03,248: +PARAM [/mobile_base_controller/linear/y/has_velocity_limits] by /roslaunch
[rosmaster.master][INFO] 2025-12-18 08:18:03,248: +PARAM [/mobile_base_controller/linear/y/max_velocity] by /roslaunch
[rosmaster.master][INFO] 2025-12-18 08:18:03,248: +PARAM [/mobile_base_controller/linear/y/min_velocity] by /roslaunch
[rosmaster.master][INFO] 2025-12-18 08:18:03,248: +PARAM [/mobile_base_controller/linear/y/has_acceleration_limits] by /roslaunch
[rosmaster.master][INFO] 2025-12-18 08:18:03,248: +PARAM [/mobile_base_controller/linear/y/max_acceleration] by /roslaunch
[rosmaster.master][INFO] 2025-12-18 08:18:03,248: +PARAM [/mobile_base_controller/linear/y/has_jerk_limits] by /roslaunch
[rosmaster.master][INFO] 2025-12-18 08:18:03,248: +PARAM [/mobile_base_controller/linear/y/max_jerk] by /roslaunch
[rosmaster.master][INFO] 2025-12-18 08:18:03,248: +PARAM [/mobile_base_controller/angular/z/has_velocity_limits] by /roslaunch
[rosmaster.master][INFO] 2025-12-18 08:18:03,248: +PARAM [/mobile_base_controller/angular/z/max_velocity] by /roslaunch
[rosmaster.master][INFO] 2025-12-18 08:18:03,249: +PARAM [/mobile_base_controller/angular/z/has_acceleration_limits] by /roslaunch
[rosmaster.master][INFO] 2025-12-18 08:18:03,249: +PARAM [/mobile_base_controller/angular/z/max_acceleration] by /roslaunch
[rosmaster.master][INFO] 2025-12-18 08:18:03,249: +PARAM [/mobile_base_controller/angular/z/has_jerk_limits] by /roslaunch
[rosmaster.master][INFO] 2025-12-18 08:18:03,249: +PARAM [/mobile_base_controller/angular/z/max_jerk] by /roslaunch
[rosmaster.master][INFO] 2025-12-18 08:18:03,249: +PARAM [/mobile_base_controller/space/xy/max_velocity] by /roslaunch
[rosmaster.master][INFO] 2025-12-18 08:18:03,249: +PARAM [/mobile_base_controller/space/xz/max_velocity] by /roslaunch
[rosmaster.master][INFO] 2025-12-18 08:18:03,249: +PARAM [/mobile_base_controller/space/xyz/max_velocity] by /roslaunch
[rosmaster.master][INFO] 2025-12-18 08:18:03,249: +PARAM [/torso_controller/type] by /roslaunch
[rosmaster.master][INFO] 2025-12-18 08:18:03,249: +PARAM [/torso_controller/joints] by /roslaunch
[rosmaster.master][INFO] 2025-12-18 08:18:03,249: +PARAM [/torso_controller/constraints/goal_time] by /roslaunch
[rosmaster.master][INFO] 2025-12-18 08:18:03,249: +PARAM [/torso_controller/constraints/stopped_velocity_tolerance] by /roslaunch
[rosmaster.master][INFO] 2025-12-18 08:18:03,249: +PARAM [/torso_controller/constraints/torso_lift_joint/goal] by /roslaunch
[rosmaster.master][INFO] 2025-12-18 08:18:03,249: +PARAM [/head_controller/type] by /roslaunch
[rosmaster.master][INFO] 2025-12-18 08:18:03,249: +PARAM [/head_controller/joints] by /roslaunch
[rosmaster.master][INFO] 2025-12-18 08:18:03,249: +PARAM [/head_controller/constraints/goal_time] by /roslaunch
[rosmaster.master][INFO] 2025-12-18 08:18:03,249: +PARAM [/head_controller/constraints/stopped_velocity_tolerance] by /roslaunch
[rosmaster.master][INFO] 2025-12-18 08:18:03,249: +PARAM [/head_controller/constraints/head_1_joint/goal] by /roslaunch
[rosmaster.master][INFO] 2025-12-18 08:18:03,249: +PARAM [/head_controller/constraints/head_2_joint/goal] by /roslaunch
[rosmaster.master][INFO] 2025-12-18 08:18:03,249: +PARAM [/arm_controller/type] by /roslaunch
[rosmaster.master][INFO] 2025-12-18 08:18:03,249: +PARAM [/arm_controller/joints] by /roslaunch
[rosmaster.master][INFO] 2025-12-18 08:18:03,249: +PARAM [/arm_controller/constraints/goal_time] by /roslaunch
[rosmaster.master][INFO] 2025-12-18 08:18:03,250: +PARAM [/arm_controller/constraints/stopped_velocity_tolerance] by /roslaunch
[rosmaster.master][INFO] 2025-12-18 08:18:03,250: +PARAM [/arm_controller/constraints/arm_1_joint/goal] by /roslaunch
[rosmaster.master][INFO] 2025-12-18 08:18:03,250: +PARAM [/arm_controller/constraints/arm_2_joint/goal] by /roslaunch
[rosmaster.master][INFO] 2025-12-18 08:18:03,250: +PARAM [/arm_controller/constraints/arm_3_joint/goal] by /roslaunch
[rosmaster.master][INFO] 2025-12-18 08:18:03,250: +PARAM [/arm_controller/constraints/arm_4_joint/goal] by /roslaunch
[rosmaster.master][INFO] 2025-12-18 08:18:03,250: +PARAM [/arm_controller/constraints/arm_5_joint/goal] by /roslaunch
[rosmaster.master][INFO] 2025-12-18 08:18:03,250: +PARAM [/arm_controller/constraints/arm_6_joint/goal] by /roslaunch
[rosmaster.master][INFO] 2025-12-18 08:18:03,250: +PARAM [/arm_controller/constraints/arm_7_joint/goal] by /roslaunch
[rosmaster.master][INFO] 2025-12-18 08:18:03,250: +PARAM [/joint_state_controller/type] by /roslaunch
[rosmaster.master][INFO] 2025-12-18 08:18:03,250: +PARAM [/joint_state_controller/publish_rate] by /roslaunch
[rosmaster.master][INFO] 2025-12-18 08:18:03,250: +PARAM [/head_controller/point_head_action/pan_link] by /roslaunch
[rosmaster.master][INFO] 2025-12-18 08:18:03,250: +PARAM [/head_controller/point_head_action/tilt_link] by /roslaunch
[rosmaster.master][INFO] 2025-12-18 08:18:03,250: +PARAM [/head_controller/point_head_action/success_angle_threshold] by /roslaunch
[rosmaster.master][INFO] 2025-12-18 08:18:03,250: +PARAM [/imu_sensor_controller/type] by /roslaunch
[rosmaster.master][INFO] 2025-12-18 08:18:03,250: +PARAM [/imu_sensor_controller/publish_rate] by /roslaunch
[rosmaster.master][INFO] 2025-12-18 08:18:03,250: +PARAM [/force_torque_sensor_controller/type] by /roslaunch
[rosmaster.master][INFO] 2025-12-18 08:18:03,250: +PARAM [/force_torque_sensor_controller/publish_rate] by /roslaunch
[rosmaster.master][INFO] 2025-12-18 08:18:03,250: +PARAM [/gripper_controller/type] by /roslaunch
[rosmaster.master][INFO] 2025-12-18 08:18:03,250: +PARAM [/gripper_controller/joints] by /roslaunch
[rosmaster.master][INFO] 2025-12-18 08:18:03,250: +PARAM [/gripper_controller/constraints/goal_time] by /roslaunch
[rosmaster.master][INFO] 2025-12-18 08:18:03,251: +PARAM [/gripper_controller/constraints/stopped_velocity_tolerance] by /roslaunch
[rosmaster.master][INFO] 2025-12-18 08:18:03,251: +PARAM [/gripper_controller/constraints/gripper_right_finger_joint/goal] by /roslaunch
[rosmaster.master][INFO] 2025-12-18 08:18:03,251: +PARAM [/gripper_controller/constraints/gripper_left_finger_joint/goal] by /roslaunch
[rosmaster.master][INFO] 2025-12-18 08:18:03,251: +PARAM [/home_gripper/suffix] by /roslaunch
[rosmaster.master][INFO] 2025-12-18 08:18:03,251: +PARAM [/play_motion/controllers] by /roslaunch
[rosmaster.master][INFO] 2025-12-18 08:18:03,251: +PARAM [/play_motion/motions/home/joints] by /roslaunch
[rosmaster.master][INFO] 2025-12-18 08:18:03,251: +PARAM [/play_motion/motions/home/points] by /roslaunch
[rosmaster.master][INFO] 2025-12-18 08:18:03,251: +PARAM [/play_motion/motions/home/meta/name] by /roslaunch
[rosmaster.master][INFO] 2025-12-18 08:18:03,251: +PARAM [/play_motion/motions/home/meta/usage] by /roslaunch
[rosmaster.master][INFO] 2025-12-18 08:18:03,251: +PARAM [/play_motion/motions/home/meta/description] by /roslaunch
[rosmaster.master][INFO] 2025-12-18 08:18:03,251: +PARAM [/play_motion/motions/unfold_arm/joints] by /roslaunch
[rosmaster.master][INFO] 2025-12-18 08:18:03,251: +PARAM [/play_motion/motions/unfold_arm/points] by /roslaunch
[rosmaster.master][INFO] 2025-12-18 08:18:03,251: +PARAM [/play_motion/motions/unfold_arm/meta/name] by /roslaunch
[rosmaster.master][INFO] 2025-12-18 08:18:03,251: +PARAM [/play_motion/motions/unfold_arm/meta/usage] by /roslaunch
[rosmaster.master][INFO] 2025-12-18 08:18:03,251: +PARAM [/play_motion/motions/unfold_arm/meta/description] by /roslaunch
[rosmaster.master][INFO] 2025-12-18 08:18:03,251: +PARAM [/play_motion/motions/reach_floor/joints] by /roslaunch
[rosmaster.master][INFO] 2025-12-18 08:18:03,251: +PARAM [/play_motion/motions/reach_floor/points] by /roslaunch
[rosmaster.master][INFO] 2025-12-18 08:18:03,251: +PARAM [/play_motion/motions/reach_floor/meta/name] by /roslaunch
[rosmaster.master][INFO] 2025-12-18 08:18:03,251: +PARAM [/play_motion/motions/reach_floor/meta/usage] by /roslaunch
[rosmaster.master][INFO] 2025-12-18 08:18:03,251: +PARAM [/play_motion/motions/reach_floor/meta/description] by /roslaunch
[rosmaster.master][INFO] 2025-12-18 08:18:03,251: +PARAM [/play_motion/motions/reach_max/joints] by /roslaunch
[rosmaster.master][INFO] 2025-12-18 08:18:03,252: +PARAM [/play_motion/motions/reach_max/points] by /roslaunch
[rosmaster.master][INFO] 2025-12-18 08:18:03,252: +PARAM [/play_motion/motions/reach_max/meta/name] by /roslaunch
[rosmaster.master][INFO] 2025-12-18 08:18:03,252: +PARAM [/play_motion/motions/reach_max/meta/usage] by /roslaunch
[rosmaster.master][INFO] 2025-12-18 08:18:03,252: +PARAM [/play_motion/motions/reach_max/meta/description] by /roslaunch
[rosmaster.master][INFO] 2025-12-18 08:18:03,252: +PARAM [/play_motion/motions/prepare_grasp/joints] by /roslaunch
[rosmaster.master][INFO] 2025-12-18 08:18:03,252: +PARAM [/play_motion/motions/prepare_grasp/points] by /roslaunch
[rosmaster.master][INFO] 2025-12-18 08:18:03,252: +PARAM [/play_motion/motions/prepare_grasp/meta/name] by /roslaunch
[rosmaster.master][INFO] 2025-12-18 08:18:03,252: +PARAM [/play_motion/motions/prepare_grasp/meta/usage] by /roslaunch
[rosmaster.master][INFO] 2025-12-18 08:18:03,252: +PARAM [/play_motion/motions/prepare_grasp/meta/description] by /roslaunch
[rosmaster.master][INFO] 2025-12-18 08:18:03,252: +PARAM [/play_motion/motions/inspect_surroundings/joints] by /roslaunch
[rosmaster.master][INFO] 2025-12-18 08:18:03,252: +PARAM [/play_motion/motions/inspect_surroundings/points] by /roslaunch
[rosmaster.master][INFO] 2025-12-18 08:18:03,252: +PARAM [/play_motion/motions/inspect_surroundings/meta/name] by /roslaunch
[rosmaster.master][INFO] 2025-12-18 08:18:03,252: +PARAM [/play_motion/motions/inspect_surroundings/meta/usage] by /roslaunch
[rosmaster.master][INFO] 2025-12-18 08:18:03,252: +PARAM [/play_motion/motions/inspect_surroundings/meta/description] by /roslaunch
[rosmaster.master][INFO] 2025-12-18 08:18:03,252: +PARAM [/play_motion/motions/close_gripper/joints] by /roslaunch
[rosmaster.master][INFO] 2025-12-18 08:18:03,252: +PARAM [/play_motion/motions/close_gripper/points] by /roslaunch
[rosmaster.master][INFO] 2025-12-18 08:18:03,252: +PARAM [/play_motion/motions/close/joints] by /roslaunch
[rosmaster.master][INFO] 2025-12-18 08:18:03,252: +PARAM [/play_motion/motions/close/points] by /roslaunch
[rosmaster.master][INFO] 2025-12-18 08:18:03,252: +PARAM [/play_motion/motions/close/meta/name] by /roslaunch
[rosmaster.master][INFO] 2025-12-18 08:18:03,252: +PARAM [/play_motion/motions/close/meta/usage] by /roslaunch
[rosmaster.master][INFO] 2025-12-18 08:18:03,253: +PARAM [/play_motion/motions/close/meta/description] by /roslaunch
[rosmaster.master][INFO] 2025-12-18 08:18:03,253: +PARAM [/play_motion/motions/close_gripper_half/joints] by /roslaunch
[rosmaster.master][INFO] 2025-12-18 08:18:03,253: +PARAM [/play_motion/motions/close_gripper_half/points] by /roslaunch
[rosmaster.master][INFO] 2025-12-18 08:18:03,253: +PARAM [/play_motion/motions/close_half/joints] by /roslaunch
[rosmaster.master][INFO] 2025-12-18 08:18:03,253: +PARAM [/play_motion/motions/close_half/points] by /roslaunch
[rosmaster.master][INFO] 2025-12-18 08:18:03,253: +PARAM [/play_motion/motions/close_half/meta/name] by /roslaunch
[rosmaster.master][INFO] 2025-12-18 08:18:03,253: +PARAM [/play_motion/motions/close_half/meta/usage] by /roslaunch
[rosmaster.master][INFO] 2025-12-18 08:18:03,253: +PARAM [/play_motion/motions/close_half/meta/description] by /roslaunch
[rosmaster.master][INFO] 2025-12-18 08:18:03,253: +PARAM [/play_motion/motions/open_gripper/joints] by /roslaunch
[rosmaster.master][INFO] 2025-12-18 08:18:03,253: +PARAM [/play_motion/motions/open_gripper/points] by /roslaunch
[rosmaster.master][INFO] 2025-12-18 08:18:03,253: +PARAM [/play_motion/motions/open/joints] by /roslaunch
[rosmaster.master][INFO] 2025-12-18 08:18:03,253: +PARAM [/play_motion/motions/open/points] by /roslaunch
[rosmaster.master][INFO] 2025-12-18 08:18:03,253: +PARAM [/play_motion/motions/open/meta/name] by /roslaunch
[rosmaster.master][INFO] 2025-12-18 08:18:03,253: +PARAM [/play_motion/motions/open/meta/usage] by /roslaunch
[rosmaster.master][INFO] 2025-12-18 08:18:03,253: +PARAM [/play_motion/motions/open/meta/description] by /roslaunch
[rosmaster.master][INFO] 2025-12-18 08:18:03,253: +PARAM [/play_motion/motions/point/joints] by /roslaunch
[rosmaster.master][INFO] 2025-12-18 08:18:03,253: +PARAM [/play_motion/motions/point/points] by /roslaunch
[rosmaster.master][INFO] 2025-12-18 08:18:03,253: +PARAM [/play_motion/motions/point/meta/name] by /roslaunch
[rosmaster.master][INFO] 2025-12-18 08:18:03,253: +PARAM [/play_motion/motions/point/meta/usage] by /roslaunch
[rosmaster.master][INFO] 2025-12-18 08:18:03,254: +PARAM [/play_motion/motions/point/meta/description] by /roslaunch
[rosmaster.master][INFO] 2025-12-18 08:18:03,254: +PARAM [/play_motion/motions/wave/joints] by /roslaunch
[rosmaster.master][INFO] 2025-12-18 08:18:03,254: +PARAM [/play_motion/motions/wave/points] by /roslaunch
[rosmaster.master][INFO] 2025-12-18 08:18:03,254: +PARAM [/play_motion/motions/wave/meta/name] by /roslaunch
[rosmaster.master][INFO] 2025-12-18 08:18:03,254: +PARAM [/play_motion/motions/wave/meta/usage] by /roslaunch
[rosmaster.master][INFO] 2025-12-18 08:18:03,254: +PARAM [/play_motion/motions/wave/meta/description] by /roslaunch
[rosmaster.master][INFO] 2025-12-18 08:18:03,254: +PARAM [/play_motion/motions/pregrasp_weight/joints] by /roslaunch
[rosmaster.master][INFO] 2025-12-18 08:18:03,254: +PARAM [/play_motion/motions/pregrasp_weight/points] by /roslaunch
[rosmaster.master][INFO] 2025-12-18 08:18:03,254: +PARAM [/play_motion/motions/pregrasp_weight/meta/name] by /roslaunch
[rosmaster.master][INFO] 2025-12-18 08:18:03,254: +PARAM [/play_motion/motions/pregrasp_weight/meta/usage] by /roslaunch
[rosmaster.master][INFO] 2025-12-18 08:18:03,254: +PARAM [/play_motion/motions/pregrasp_weight/meta/description] by /roslaunch
[rosmaster.master][INFO] 2025-12-18 08:18:03,254: +PARAM [/play_motion/motions/do_weights/joints] by /roslaunch
[rosmaster.master][INFO] 2025-12-18 08:18:03,254: +PARAM [/play_motion/motions/do_weights/points] by /roslaunch
[rosmaster.master][INFO] 2025-12-18 08:18:03,254: +PARAM [/play_motion/motions/do_weights/meta/name] by /roslaunch
[rosmaster.master][INFO] 2025-12-18 08:18:03,254: +PARAM [/play_motion/motions/do_weights/meta/usage] by /roslaunch
[rosmaster.master][INFO] 2025-12-18 08:18:03,254: +PARAM [/play_motion/motions/do_weights/meta/description] by /roslaunch
[rosmaster.master][INFO] 2025-12-18 08:18:03,254: +PARAM [/play_motion/motions/offer_gripper/joints] by /roslaunch
[rosmaster.master][INFO] 2025-12-18 08:18:03,254: +PARAM [/play_motion/motions/offer_gripper/points] by /roslaunch
[rosmaster.master][INFO] 2025-12-18 08:18:03,254: +PARAM [/play_motion/motions/offer/joints] by /roslaunch
[rosmaster.master][INFO] 2025-12-18 08:18:03,254: +PARAM [/play_motion/motions/offer/points] by /roslaunch
[rosmaster.master][INFO] 2025-12-18 08:18:03,254: +PARAM [/play_motion/motions/offer/meta/name] by /roslaunch
[rosmaster.master][INFO] 2025-12-18 08:18:03,255: +PARAM [/play_motion/motions/offer/meta/usage] by /roslaunch
[rosmaster.master][INFO] 2025-12-18 08:18:03,255: +PARAM [/play_motion/motions/offer/meta/description] by /roslaunch
[rosmaster.master][INFO] 2025-12-18 08:18:03,255: +PARAM [/play_motion/motions/shake_hands/joints] by /roslaunch
[rosmaster.master][INFO] 2025-12-18 08:18:03,255: +PARAM [/play_motion/motions/shake_hands/points] by /roslaunch
[rosmaster.master][INFO] 2025-12-18 08:18:03,255: +PARAM [/play_motion/motions/shake_hands/meta/name] by /roslaunch
[rosmaster.master][INFO] 2025-12-18 08:18:03,255: +PARAM [/play_motion/motions/shake_hands/meta/usage] by /roslaunch
[rosmaster.master][INFO] 2025-12-18 08:18:03,255: +PARAM [/play_motion/motions/shake_hands/meta/description] by /roslaunch
[rosmaster.master][INFO] 2025-12-18 08:18:03,255: +PARAM [/play_motion/motions/pick_from_floor/joints] by /roslaunch
[rosmaster.master][INFO] 2025-12-18 08:18:03,255: +PARAM [/play_motion/motions/pick_from_floor/points] by /roslaunch
[rosmaster.master][INFO] 2025-12-18 08:18:03,255: +PARAM [/play_motion/motions/pick_from_floor/meta/name] by /roslaunch
[rosmaster.master][INFO] 2025-12-18 08:18:03,255: +PARAM [/play_motion/motions/pick_from_floor/meta/usage] by /roslaunch
[rosmaster.master][INFO] 2025-12-18 08:18:03,255: +PARAM [/play_motion/motions/pick_from_floor/meta/description] by /roslaunch
[rosmaster.master][INFO] 2025-12-18 08:18:03,255: +PARAM [/play_motion/motions/head_tour/joints] by /roslaunch
[rosmaster.master][INFO] 2025-12-18 08:18:03,255: +PARAM [/play_motion/motions/head_tour/points] by /roslaunch
[rosmaster.master][INFO] 2025-12-18 08:18:03,255: +PARAM [/play_motion/motions/head_tour/meta/name] by /roslaunch
[rosmaster.master][INFO] 2025-12-18 08:18:03,255: +PARAM [/play_motion/motions/head_tour/meta/usage] by /roslaunch
[rosmaster.master][INFO] 2025-12-18 08:18:03,255: +PARAM [/play_motion/motions/head_tour/meta/description] by /roslaunch
[rosmaster.master][INFO] 2025-12-18 08:18:03,255: +PARAM [/play_motion/disable_motion_planning] by /roslaunch
[rosmaster.master][INFO] 2025-12-18 08:18:03,255: +PARAM [/play_motion/approach_planner/planning_groups] by /roslaunch
[rosmaster.master][INFO] 2025-12-18 08:18:03,255: +PARAM [/play_motion/approach_planner/exclude_from_planning_joints] by /roslaunch
[rosmaster.master][INFO] 2025-12-18 08:18:03,255: +PARAM [/play_motion/approach_planner/joint_tolerance] by /roslaunch
[rosmaster.master][INFO] 2025-12-18 08:18:03,256: +PARAM [/play_motion/approach_planner/skip_planning_approach_vel] by /roslaunch
[rosmaster.master][INFO] 2025-12-18 08:18:03,256: +PARAM [/play_motion/approach_planner/skip_planning_approach_min_dur] by /roslaunch
[rosmaster.master][INFO] 2025-12-18 08:18:03,256: +PARAM [/robot_description_semantic] by /roslaunch
[rosmaster.master][INFO] 2025-12-18 08:18:03,256: +PARAM [/move_group/robot_description_planning/default_robot_link_padding/arm_5_link] by /roslaunch
[rosmaster.master][INFO] 2025-12-18 08:18:03,256: +PARAM [/robot_description_planning/default_velocity_scaling_factor] by /roslaunch
[rosmaster.master][INFO] 2025-12-18 08:18:03,256: +PARAM [/robot_description_planning/joint_limits/arm_2_joint/has_velocity_limits] by /roslaunch
[rosmaster.master][INFO] 2025-12-18 08:18:03,256: +PARAM [/robot_description_planning/joint_limits/arm_2_joint/max_velocity] by /roslaunch
[rosmaster.master][INFO] 2025-12-18 08:18:03,256: +PARAM [/robot_description_planning/joint_limits/arm_2_joint/has_acceleration_limits] by /roslaunch
[rosmaster.master][INFO] 2025-12-18 08:18:03,256: +PARAM [/robot_description_planning/joint_limits/arm_2_joint/max_acceleration] by /roslaunch
[rosmaster.master][INFO] 2025-12-18 08:18:03,256: +PARAM [/robot_description_planning/joint_limits/arm_1_joint/has_velocity_limits] by /roslaunch
[rosmaster.master][INFO] 2025-12-18 08:18:03,256: +PARAM [/robot_description_planning/joint_limits/arm_1_joint/max_velocity] by /roslaunch
[rosmaster.master][INFO] 2025-12-18 08:18:03,256: +PARAM [/robot_description_planning/joint_limits/arm_1_joint/has_acceleration_limits] by /roslaunch
[rosmaster.master][INFO] 2025-12-18 08:18:03,256: +PARAM [/robot_description_planning/joint_limits/arm_1_joint/max_acceleration] by /roslaunch
[rosmaster.master][INFO] 2025-12-18 08:18:03,256: +PARAM [/robot_description_planning/joint_limits/arm_6_joint/has_velocity_limits] by /roslaunch
[rosmaster.master][INFO] 2025-12-18 08:18:03,256: +PARAM [/robot_description_planning/joint_limits/arm_6_joint/max_velocity] by /roslaunch
[rosmaster.master][INFO] 2025-12-18 08:18:03,256: +PARAM [/robot_description_planning/joint_limits/arm_6_joint/has_acceleration_limits] by /roslaunch
[rosmaster.master][INFO] 2025-12-18 08:18:03,256: +PARAM [/robot_description_planning/joint_limits/arm_6_joint/max_acceleration] by /roslaunch
[rosmaster.master][INFO] 2025-12-18 08:18:03,256: +PARAM [/robot_description_planning/joint_limits/arm_7_joint/has_velocity_limits] by /roslaunch
[rosmaster.master][INFO] 2025-12-18 08:18:03,256: +PARAM [/robot_description_planning/joint_limits/arm_7_joint/max_velocity] by /roslaunch
[rosmaster.master][INFO] 2025-12-18 08:18:03,256: +PARAM [/robot_description_planning/joint_limits/arm_7_joint/has_acceleration_limits] by /roslaunch
[rosmaster.master][INFO] 2025-12-18 08:18:03,256: +PARAM [/robot_description_planning/joint_limits/arm_7_joint/max_acceleration] by /roslaunch
[rosmaster.master][INFO] 2025-12-18 08:18:03,256: +PARAM [/robot_description_planning/joint_limits/arm_4_joint/has_velocity_limits] by /roslaunch
[rosmaster.master][INFO] 2025-12-18 08:18:03,257: +PARAM [/robot_description_planning/joint_limits/arm_4_joint/max_velocity] by /roslaunch
[rosmaster.master][INFO] 2025-12-18 08:18:03,257: +PARAM [/robot_description_planning/joint_limits/arm_4_joint/has_acceleration_limits] by /roslaunch
[rosmaster.master][INFO] 2025-12-18 08:18:03,257: +PARAM [/robot_description_planning/joint_limits/arm_4_joint/max_acceleration] by /roslaunch
[rosmaster.master][INFO] 2025-12-18 08:18:03,257: +PARAM [/robot_description_planning/joint_limits/arm_5_joint/has_velocity_limits] by /roslaunch
[rosmaster.master][INFO] 2025-12-18 08:18:03,257: +PARAM [/robot_description_planning/joint_limits/arm_5_joint/max_velocity] by /roslaunch
[rosmaster.master][INFO] 2025-12-18 08:18:03,257: +PARAM [/robot_description_planning/joint_limits/arm_5_joint/has_acceleration_limits] by /roslaunch
[rosmaster.master][INFO] 2025-12-18 08:18:03,257: +PARAM [/robot_description_planning/joint_limits/arm_5_joint/max_acceleration] by /roslaunch
[rosmaster.master][INFO] 2025-12-18 08:18:03,257: +PARAM [/robot_description_planning/joint_limits/arm_3_joint/has_velocity_limits] by /roslaunch
[rosmaster.master][INFO] 2025-12-18 08:18:03,257: +PARAM [/robot_description_planning/joint_limits/arm_3_joint/max_velocity] by /roslaunch
[rosmaster.master][INFO] 2025-12-18 08:18:03,257: +PARAM [/robot_description_planning/joint_limits/arm_3_joint/has_acceleration_limits] by /roslaunch
[rosmaster.master][INFO] 2025-12-18 08:18:03,257: +PARAM [/robot_description_planning/joint_limits/arm_3_joint/max_acceleration] by /roslaunch
[rosmaster.master][INFO] 2025-12-18 08:18:03,257: +PARAM [/robot_description_planning/joint_limits/torso_lift_joint/has_velocity_limits] by /roslaunch
[rosmaster.master][INFO] 2025-12-18 08:18:03,257: +PARAM [/robot_description_planning/joint_limits/torso_lift_joint/max_velocity] by /roslaunch
[rosmaster.master][INFO] 2025-12-18 08:18:03,257: +PARAM [/robot_description_planning/joint_limits/torso_lift_joint/has_acceleration_limits] by /roslaunch
[rosmaster.master][INFO] 2025-12-18 08:18:03,257: +PARAM [/robot_description_planning/joint_limits/torso_lift_joint/max_acceleration] by /roslaunch
[rosmaster.master][INFO] 2025-12-18 08:18:03,257: +PARAM [/robot_description_planning/joint_limits/gripper_left_finger_joint/has_velocity_limits] by /roslaunch
[rosmaster.master][INFO] 2025-12-18 08:18:03,257: +PARAM [/robot_description_planning/joint_limits/gripper_left_finger_joint/max_velocity] by /roslaunch
[rosmaster.master][INFO] 2025-12-18 08:18:03,257: +PARAM [/robot_description_planning/joint_limits/gripper_left_finger_joint/has_acceleration_limits] by /roslaunch
[rosmaster.master][INFO] 2025-12-18 08:18:03,257: +PARAM [/robot_description_planning/joint_limits/gripper_left_finger_joint/max_acceleration] by /roslaunch
[rosmaster.master][INFO] 2025-12-18 08:18:03,257: +PARAM [/robot_description_planning/joint_limits/gripper_right_finger_joint/has_velocity_limits] by /roslaunch
[rosmaster.master][INFO] 2025-12-18 08:18:03,258: +PARAM [/robot_description_planning/joint_limits/gripper_right_finger_joint/max_velocity] by /roslaunch
[rosmaster.master][INFO] 2025-12-18 08:18:03,258: +PARAM [/robot_description_planning/joint_limits/gripper_right_finger_joint/has_acceleration_limits] by /roslaunch
[rosmaster.master][INFO] 2025-12-18 08:18:03,258: +PARAM [/robot_description_planning/joint_limits/gripper_right_finger_joint/max_acceleration] by /roslaunch
[rosmaster.master][INFO] 2025-12-18 08:18:03,258: +PARAM [/robot_description_planning/joint_limits/gripper_finger_joint/has_velocity_limits] by /roslaunch
[rosmaster.master][INFO] 2025-12-18 08:18:03,258: +PARAM [/robot_description_planning/joint_limits/gripper_finger_joint/max_velocity] by /roslaunch
[rosmaster.master][INFO] 2025-12-18 08:18:03,258: +PARAM [/robot_description_planning/joint_limits/gripper_finger_joint/has_acceleration_limits] by /roslaunch
[rosmaster.master][INFO] 2025-12-18 08:18:03,258: +PARAM [/robot_description_planning/joint_limits/gripper_finger_joint/max_acceleration] by /roslaunch
[rosmaster.master][INFO] 2025-12-18 08:18:03,258: +PARAM [/robot_description_kinematics/arm_torso/kinematics_solver] by /roslaunch
[rosmaster.master][INFO] 2025-12-18 08:18:03,258: +PARAM [/robot_description_kinematics/arm_torso/kinematics_solver_search_resolution] by /roslaunch
[rosmaster.master][INFO] 2025-12-18 08:18:03,258: +PARAM [/robot_description_kinematics/arm_torso/kinematics_solver_timeout] by /roslaunch
[rosmaster.master][INFO] 2025-12-18 08:18:03,258: +PARAM [/robot_description_kinematics/arm_torso/kinematics_solver_attempts] by /roslaunch
[rosmaster.master][INFO] 2025-12-18 08:18:03,258: +PARAM [/robot_description_kinematics/arm/kinematics_solver] by /roslaunch
[rosmaster.master][INFO] 2025-12-18 08:18:03,258: +PARAM [/robot_description_kinematics/arm/kinematics_solver_search_resolution] by /roslaunch
[rosmaster.master][INFO] 2025-12-18 08:18:03,258: +PARAM [/robot_description_kinematics/arm/kinematics_solver_timeout] by /roslaunch
[rosmaster.master][INFO] 2025-12-18 08:18:03,258: +PARAM [/robot_description_kinematics/arm/kinematics_solver_attempts] by /roslaunch
[rosmaster.master][INFO] 2025-12-18 08:18:03,258: +PARAM [/move_group/planning_plugin] by /roslaunch
[rosmaster.master][INFO] 2025-12-18 08:18:03,258: +PARAM [/move_group/request_adapters] by /roslaunch
[rosmaster.master][INFO] 2025-12-18 08:18:03,258: +PARAM [/move_group/start_state_max_bounds_error] by /roslaunch
[rosmaster.master][INFO] 2025-12-18 08:18:03,258: +PARAM [/move_group/planner_configs/SBLkConfigDefault/type] by /roslaunch
[rosmaster.master][INFO] 2025-12-18 08:18:03,258: +PARAM [/move_group/planner_configs/ESTkConfigDefault/type] by /roslaunch
[rosmaster.master][INFO] 2025-12-18 08:18:03,259: +PARAM [/move_group/planner_configs/LBKPIECEkConfigDefault/type] by /roslaunch
[rosmaster.master][INFO] 2025-12-18 08:18:03,259: +PARAM [/move_group/planner_configs/BKPIECEkConfigDefault/type] by /roslaunch
[rosmaster.master][INFO] 2025-12-18 08:18:03,259: +PARAM [/move_group/planner_configs/KPIECEkConfigDefault/type] by /roslaunch
[rosmaster.master][INFO] 2025-12-18 08:18:03,259: +PARAM [/move_group/planner_configs/RRTkConfigDefault/type] by /roslaunch
[rosmaster.master][INFO] 2025-12-18 08:18:03,259: +PARAM [/move_group/planner_configs/RRTConnectkConfigDefault/type] by /roslaunch
[rosmaster.master][INFO] 2025-12-18 08:18:03,259: +PARAM [/move_group/planner_configs/RRTstarkConfigDefault/type] by /roslaunch
[rosmaster.master][INFO] 2025-12-18 08:18:03,259: +PARAM [/move_group/planner_configs/TRRTkConfigDefault/type] by /roslaunch
[rosmaster.master][INFO] 2025-12-18 08:18:03,259: +PARAM [/move_group/planner_configs/PRMkConfigDefault/type] by /roslaunch
[rosmaster.master][INFO] 2025-12-18 08:18:03,259: +PARAM [/move_group/planner_configs/PRMstarkConfigDefault/type] by /roslaunch
[rosmaster.master][INFO] 2025-12-18 08:18:03,259: +PARAM [/move_group/arm_torso/planner_configs] by /roslaunch
[rosmaster.master][INFO] 2025-12-18 08:18:03,259: +PARAM [/move_group/arm_torso/projection_evaluator] by /roslaunch
[rosmaster.master][INFO] 2025-12-18 08:18:03,259: +PARAM [/move_group/arm_torso/longest_valid_segment_fraction] by /roslaunch
[rosmaster.master][INFO] 2025-12-18 08:18:03,259: +PARAM [/move_group/arm/planner_configs] by /roslaunch
[rosmaster.master][INFO] 2025-12-18 08:18:03,259: +PARAM [/move_group/arm/projection_evaluator] by /roslaunch
[rosmaster.master][INFO] 2025-12-18 08:18:03,259: +PARAM [/move_group/arm/longest_valid_segment_fraction] by /roslaunch
[rosmaster.master][INFO] 2025-12-18 08:18:03,259: +PARAM [/move_group/moveit_manage_controllers] by /roslaunch
[rosmaster.master][INFO] 2025-12-18 08:18:03,259: +PARAM [/move_group/trajectory_execution/allowed_execution_duration_scaling] by /roslaunch
[rosmaster.master][INFO] 2025-12-18 08:18:03,259: +PARAM [/move_group/trajectory_execution/allowed_goal_duration_margin] by /roslaunch
[rosmaster.master][INFO] 2025-12-18 08:18:03,259: +PARAM [/move_group/moveit_controller_manager] by /roslaunch
[rosmaster.master][INFO] 2025-12-18 08:18:03,259: +PARAM [/move_group/controller_manager_name] by /roslaunch
[rosmaster.master][INFO] 2025-12-18 08:18:03,260: +PARAM [/move_group/use_controller_manager] by /roslaunch
[rosmaster.master][INFO] 2025-12-18 08:18:03,260: +PARAM [/move_group/controller_manager_ns] by /roslaunch
[rosmaster.master][INFO] 2025-12-18 08:18:03,260: +PARAM [/move_group/controller_list] by /roslaunch
[rosmaster.master][INFO] 2025-12-18 08:18:03,260: +PARAM [/move_group/allow_trajectory_execution] by /roslaunch
[rosmaster.master][INFO] 2025-12-18 08:18:03,260: +PARAM [/move_group/max_safe_path_cost] by /roslaunch
[rosmaster.master][INFO] 2025-12-18 08:18:03,260: +PARAM [/move_group/jiggle_fraction] by /roslaunch
[rosmaster.master][INFO] 2025-12-18 08:18:03,260: +PARAM [/move_group/capabilities] by /roslaunch
[rosmaster.master][INFO] 2025-12-18 08:18:03,260: +PARAM [/move_group/disable_capabilities] by /roslaunch
[rosmaster.master][INFO] 2025-12-18 08:18:03,260: +PARAM [/move_group/planning_scene_monitor/publish_planning_scene] by /roslaunch
[rosmaster.master][INFO] 2025-12-18 08:18:03,260: +PARAM [/move_group/planning_scene_monitor/publish_geometry_updates] by /roslaunch
[rosmaster.master][INFO] 2025-12-18 08:18:03,260: +PARAM [/move_group/planning_scene_monitor/publish_state_updates] by /roslaunch
[rosmaster.master][INFO] 2025-12-18 08:18:03,260: +PARAM [/move_group/planning_scene_monitor/publish_transforms_updates] by /roslaunch
[rosmaster.master][INFO] 2025-12-18 08:18:03,260: +PARAM [/robot_state_publisher/publish_frequency] by /roslaunch
[rosmaster.master][INFO] 2025-12-18 08:18:03,260: +PARAM [/robot_state_publisher/tf_prefix] by /roslaunch
[rosmaster.master][INFO] 2025-12-18 08:18:03,260: +PARAM [/twist_mux/locks] by /roslaunch
[rosmaster.master][INFO] 2025-12-18 08:18:03,260: +PARAM [/twist_mux/topics] by /roslaunch
[rosmaster.master][INFO] 2025-12-18 08:18:03,260: +PARAM [/joystick_relay/priority] by /roslaunch
[rosmaster.master][INFO] 2025-12-18 08:18:03,260: +PARAM [/joystick_relay/turbo/linear_forward_min] by /roslaunch
[rosmaster.master][INFO] 2025-12-18 08:18:03,260: +PARAM [/joystick_relay/turbo/linear_forward_max] by /roslaunch
[rosmaster.master][INFO] 2025-12-18 08:18:03,260: +PARAM [/joystick_relay/turbo/linear_backward_min] by /roslaunch
[rosmaster.master][INFO] 2025-12-18 08:18:03,260: +PARAM [/joystick_relay/turbo/linear_backward_max] by /roslaunch
[rosmaster.master][INFO] 2025-12-18 08:18:03,260: +PARAM [/joystick_relay/turbo/angular_min] by /roslaunch
[rosmaster.master][INFO] 2025-12-18 08:18:03,261: +PARAM [/joystick_relay/turbo/angular_max] by /roslaunch
[rosmaster.master][INFO] 2025-12-18 08:18:03,261: +PARAM [/joystick_relay/turbo/steps] by /roslaunch
[rosmaster.master][INFO] 2025-12-18 08:18:03,261: +PARAM [/dynamic_footprint_publisher/footprint] by /roslaunch
[rosmaster.master][INFO] 2025-12-18 08:18:03,261: +PARAM [/dynamic_footprint_publisher/link_list] by /roslaunch
[rosmaster.master][INFO] 2025-12-18 08:18:03,261: +PARAM [/dynamic_footprint_publisher/padding] by /roslaunch
[rosmaster.master][INFO] 2025-12-18 08:18:03,261: +PARAM [/collision_decomposition_description] by /roslaunch
[rosmaster.master][INFO] 2025-12-18 08:18:03,261: +PARAM [/extra_capsule_descriptions/arm_7_link/position] by /roslaunch
[rosmaster.master][INFO] 2025-12-18 08:18:03,261: +PARAM [/extra_capsule_descriptions/arm_7_link/orientation] by /roslaunch
[rosmaster.master][INFO] 2025-12-18 08:18:03,261: +PARAM [/extra_capsule_descriptions/arm_7_link/l] by /roslaunch
[rosmaster.master][INFO] 2025-12-18 08:18:03,261: +PARAM [/extra_capsule_descriptions/arm_7_link/r] by /roslaunch
[rosmaster.master][INFO] 2025-12-18 08:18:03,261: +PARAM [/capsule_collision_operations] by /roslaunch
[rosmaster.master][INFO] 2025-12-18 08:18:03,261: +PARAM [/whole_body_kinematic_controller/type] by /roslaunch
[rosmaster.master][INFO] 2025-12-18 08:18:03,261: +PARAM [/whole_body_kinematic_controller/useHead] by /roslaunch
[rosmaster.master][INFO] 2025-12-18 08:18:03,261: +PARAM [/whole_body_kinematic_controller/force_torque/wrist_ft/frame] by /roslaunch
[rosmaster.master][INFO] 2025-12-18 08:18:03,261: +PARAM [/whole_body_kinematic_controller/dt] by /roslaunch
[rosmaster.master][INFO] 2025-12-18 08:18:03,261: +PARAM [/whole_body_kinematic_controller/floating_base] by /roslaunch
[rosmaster.master][INFO] 2025-12-18 08:18:03,261: +PARAM [/whole_body_kinematic_controller/formulation] by /roslaunch
[rosmaster.master][INFO] 2025-12-18 08:18:03,261: +PARAM [/whole_body_kinematic_controller/stack_configuration] by /roslaunch
[rosmaster.master][INFO] 2025-12-18 08:18:03,261: +PARAM [/whole_body_kinematic_controller/solver_type] by /roslaunch
[rosmaster.master][INFO] 2025-12-18 08:18:03,261: +PARAM [/whole_body_kinematic_controller/initialize_bfp_tf] by /roslaunch
[rosmaster.master][INFO] 2025-12-18 08:18:03,261: +PARAM [/whole_body_kinematic_controller/use_home_posture] by /roslaunch
[rosmaster.master][INFO] 2025-12-18 08:18:03,262: +PARAM [/whole_body_kinematic_controller/use_odom] by /roslaunch
[rosmaster.master][INFO] 2025-12-18 08:18:03,262: +PARAM [/whole_body_kinematic_controller/robot_model_chains] by /roslaunch
[rosmaster.master][INFO] 2025-12-18 08:18:03,262: +PARAM [/whole_body_kinematic_controller/default_configuration/arm_1_joint] by /roslaunch
[rosmaster.master][INFO] 2025-12-18 08:18:03,262: +PARAM [/whole_body_kinematic_controller/default_configuration/arm_2_joint] by /roslaunch
[rosmaster.master][INFO] 2025-12-18 08:18:03,262: +PARAM [/whole_body_kinematic_controller/default_configuration/arm_3_joint] by /roslaunch
[rosmaster.master][INFO] 2025-12-18 08:18:03,262: +PARAM [/whole_body_kinematic_controller/default_configuration/arm_4_joint] by /roslaunch
[rosmaster.master][INFO] 2025-12-18 08:18:03,262: +PARAM [/whole_body_kinematic_controller/default_configuration/arm_5_joint] by /roslaunch
[rosmaster.master][INFO] 2025-12-18 08:18:03,262: +PARAM [/whole_body_kinematic_controller/default_configuration/arm_6_joint] by /roslaunch
[rosmaster.master][INFO] 2025-12-18 08:18:03,262: +PARAM [/whole_body_kinematic_controller/default_configuration/arm_7_joint] by /roslaunch
[rosmaster.master][INFO] 2025-12-18 08:18:03,262: +PARAM [/whole_body_kinematic_controller/default_configuration/head_1_joint] by /roslaunch
[rosmaster.master][INFO] 2025-12-18 08:18:03,262: +PARAM [/whole_body_kinematic_controller/default_configuration/head_2_joint] by /roslaunch
[rosmaster.master][INFO] 2025-12-18 08:18:03,262: +PARAM [/whole_body_kinematic_controller/default_configuration/torso_lift_joint] by /roslaunch
[rosmaster.master][INFO] 2025-12-18 08:18:03,262: +PARAM [/whole_body_kinematic_controller/joints/arm_1_joint/actuator_params/ball_screw_efficiency] by /roslaunch
[rosmaster.master][INFO] 2025-12-18 08:18:03,262: +PARAM [/whole_body_kinematic_controller/joints/arm_1_joint/actuator_params/ball_screw_lead] by /roslaunch
[rosmaster.master][INFO] 2025-12-18 08:18:03,262: +PARAM [/whole_body_kinematic_controller/joints/arm_1_joint/actuator_params/motor_torque_constant] by /roslaunch
[rosmaster.master][INFO] 2025-12-18 08:18:03,262: +PARAM [/whole_body_kinematic_controller/joints/arm_1_joint/actuator_params/torque_sensor_offset] by /roslaunch
[rosmaster.master][INFO] 2025-12-18 08:18:03,262: +PARAM [/whole_body_kinematic_controller/joints/arm_1_joint/actuator_params/reduction_ratio] by /roslaunch
[rosmaster.master][INFO] 2025-12-18 08:18:03,262: +PARAM [/whole_body_kinematic_controller/joints/arm_1_joint/actuator_params/actuator_names] by /roslaunch
[rosmaster.master][INFO] 2025-12-18 08:18:03,262: +PARAM [/whole_body_kinematic_controller/joints/arm_1_joint/actuator_params/check_mode] by /roslaunch
[rosmaster.master][INFO] 2025-12-18 08:18:03,263: +PARAM [/whole_body_kinematic_controller/joints/arm_1_joint/actuator_params/motor_inertia] by /roslaunch
[rosmaster.master][INFO] 2025-12-18 08:18:03,263: +PARAM [/whole_body_kinematic_controller/joints/arm_1_joint/actuator_params/static_friction] by /roslaunch
[rosmaster.master][INFO] 2025-12-18 08:18:03,263: +PARAM [/whole_body_kinematic_controller/joints/arm_1_joint/actuator_params/viscous_friction] by /roslaunch
[rosmaster.master][INFO] 2025-12-18 08:18:03,263: +PARAM [/whole_body_kinematic_controller/joints/arm_1_joint/actuator_params/joint_elasticity] by /roslaunch
[rosmaster.master][INFO] 2025-12-18 08:18:03,263: +PARAM [/whole_body_kinematic_controller/joints/arm_1_joint/actuator_params/joint_elasticity_damping] by /roslaunch
[rosmaster.master][INFO] 2025-12-18 08:18:03,263: +PARAM [/whole_body_kinematic_controller/joints/arm_1_joint/type] by /roslaunch
[rosmaster.master][INFO] 2025-12-18 08:18:03,263: +PARAM [/whole_body_kinematic_controller/joints/arm_1_joint/check_mode] by /roslaunch
[rosmaster.master][INFO] 2025-12-18 08:18:03,263: +PARAM [/whole_body_kinematic_controller/joints/arm_1_joint/open_loop] by /roslaunch
[rosmaster.master][INFO] 2025-12-18 08:18:03,263: +PARAM [/whole_body_kinematic_controller/joints/arm_2_joint/actuator_params/ball_screw_efficiency] by /roslaunch
[rosmaster.master][INFO] 2025-12-18 08:18:03,263: +PARAM [/whole_body_kinematic_controller/joints/arm_2_joint/actuator_params/ball_screw_lead] by /roslaunch
[rosmaster.master][INFO] 2025-12-18 08:18:03,263: +PARAM [/whole_body_kinematic_controller/joints/arm_2_joint/actuator_params/motor_torque_constant] by /roslaunch
[rosmaster.master][INFO] 2025-12-18 08:18:03,263: +PARAM [/whole_body_kinematic_controller/joints/arm_2_joint/actuator_params/torque_sensor_offset] by /roslaunch
[rosmaster.master][INFO] 2025-12-18 08:18:03,263: +PARAM [/whole_body_kinematic_controller/joints/arm_2_joint/actuator_params/reduction_ratio] by /roslaunch
[rosmaster.master][INFO] 2025-12-18 08:18:03,263: +PARAM [/whole_body_kinematic_controller/joints/arm_2_joint/actuator_params/actuator_names] by /roslaunch
[rosmaster.master][INFO] 2025-12-18 08:18:03,263: +PARAM [/whole_body_kinematic_controller/joints/arm_2_joint/actuator_params/check_mode] by /roslaunch
[rosmaster.master][INFO] 2025-12-18 08:18:03,263: +PARAM [/whole_body_kinematic_controller/joints/arm_2_joint/actuator_params/motor_inertia] by /roslaunch
[rosmaster.master][INFO] 2025-12-18 08:18:03,263: +PARAM [/whole_body_kinematic_controller/joints/arm_2_joint/actuator_params/static_friction] by /roslaunch
[rosmaster.master][INFO] 2025-12-18 08:18:03,263: +PARAM [/whole_body_kinematic_controller/joints/arm_2_joint/actuator_params/viscous_friction] by /roslaunch
[rosmaster.master][INFO] 2025-12-18 08:18:03,263: +PARAM [/whole_body_kinematic_controller/joints/arm_2_joint/actuator_params/joint_elasticity] by /roslaunch
[rosmaster.master][INFO] 2025-12-18 08:18:03,263: +PARAM [/whole_body_kinematic_controller/joints/arm_2_joint/actuator_params/joint_elasticity_damping] by /roslaunch
[rosmaster.master][INFO] 2025-12-18 08:18:03,264: +PARAM [/whole_body_kinematic_controller/joints/arm_2_joint/type] by /roslaunch
[rosmaster.master][INFO] 2025-12-18 08:18:03,264: +PARAM [/whole_body_kinematic_controller/joints/arm_2_joint/check_mode] by /roslaunch
[rosmaster.master][INFO] 2025-12-18 08:18:03,264: +PARAM [/whole_body_kinematic_controller/joints/arm_2_joint/open_loop] by /roslaunch
[rosmaster.master][INFO] 2025-12-18 08:18:03,264: +PARAM [/whole_body_kinematic_controller/joints/arm_3_joint/actuator_params/ball_screw_efficiency] by /roslaunch
[rosmaster.master][INFO] 2025-12-18 08:18:03,264: +PARAM [/whole_body_kinematic_controller/joints/arm_3_joint/actuator_params/ball_screw_lead] by /roslaunch
[rosmaster.master][INFO] 2025-12-18 08:18:03,264: +PARAM [/whole_body_kinematic_controller/joints/arm_3_joint/actuator_params/motor_torque_constant] by /roslaunch
[rosmaster.master][INFO] 2025-12-18 08:18:03,264: +PARAM [/whole_body_kinematic_controller/joints/arm_3_joint/actuator_params/torque_sensor_offset] by /roslaunch
[rosmaster.master][INFO] 2025-12-18 08:18:03,264: +PARAM [/whole_body_kinematic_controller/joints/arm_3_joint/actuator_params/reduction_ratio] by /roslaunch
[rosmaster.master][INFO] 2025-12-18 08:18:03,264: +PARAM [/whole_body_kinematic_controller/joints/arm_3_joint/actuator_params/actuator_names] by /roslaunch
[rosmaster.master][INFO] 2025-12-18 08:18:03,264: +PARAM [/whole_body_kinematic_controller/joints/arm_3_joint/actuator_params/check_mode] by /roslaunch
[rosmaster.master][INFO] 2025-12-18 08:18:03,264: +PARAM [/whole_body_kinematic_controller/joints/arm_3_joint/actuator_params/motor_inertia] by /roslaunch
[rosmaster.master][INFO] 2025-12-18 08:18:03,264: +PARAM [/whole_body_kinematic_controller/joints/arm_3_joint/actuator_params/static_friction] by /roslaunch
[rosmaster.master][INFO] 2025-12-18 08:18:03,264: +PARAM [/whole_body_kinematic_controller/joints/arm_3_joint/actuator_params/viscous_friction] by /roslaunch
[rosmaster.master][INFO] 2025-12-18 08:18:03,264: +PARAM [/whole_body_kinematic_controller/joints/arm_3_joint/actuator_params/joint_elasticity] by /roslaunch
[rosmaster.master][INFO] 2025-12-18 08:18:03,264: +PARAM [/whole_body_kinematic_controller/joints/arm_3_joint/actuator_params/joint_elasticity_damping] by /roslaunch
[rosmaster.master][INFO] 2025-12-18 08:18:03,264: +PARAM [/whole_body_kinematic_controller/joints/arm_3_joint/type] by /roslaunch
[rosmaster.master][INFO] 2025-12-18 08:18:03,264: +PARAM [/whole_body_kinematic_controller/joints/arm_3_joint/check_mode] by /roslaunch
[rosmaster.master][INFO] 2025-12-18 08:18:03,264: +PARAM [/whole_body_kinematic_controller/joints/arm_3_joint/open_loop] by /roslaunch
[rosmaster.master][INFO] 2025-12-18 08:18:03,264: +PARAM [/whole_body_kinematic_controller/joints/arm_4_joint/actuator_params/ball_screw_efficiency] by /roslaunch
[rosmaster.master][INFO] 2025-12-18 08:18:03,264: +PARAM [/whole_body_kinematic_controller/joints/arm_4_joint/actuator_params/ball_screw_lead] by /roslaunch
[rosmaster.master][INFO] 2025-12-18 08:18:03,265: +PARAM [/whole_body_kinematic_controller/joints/arm_4_joint/actuator_params/motor_torque_constant] by /roslaunch
[rosmaster.master][INFO] 2025-12-18 08:18:03,265: +PARAM [/whole_body_kinematic_controller/joints/arm_4_joint/actuator_params/torque_sensor_offset] by /roslaunch
[rosmaster.master][INFO] 2025-12-18 08:18:03,265: +PARAM [/whole_body_kinematic_controller/joints/arm_4_joint/actuator_params/reduction_ratio] by /roslaunch
[rosmaster.master][INFO] 2025-12-18 08:18:03,265: +PARAM [/whole_body_kinematic_controller/joints/arm_4_joint/actuator_params/actuator_names] by /roslaunch
[rosmaster.master][INFO] 2025-12-18 08:18:03,265: +PARAM [/whole_body_kinematic_controller/joints/arm_4_joint/actuator_params/check_mode] by /roslaunch
[rosmaster.master][INFO] 2025-12-18 08:18:03,265: +PARAM [/whole_body_kinematic_controller/joints/arm_4_joint/actuator_params/motor_inertia] by /roslaunch
[rosmaster.master][INFO] 2025-12-18 08:18:03,265: +PARAM [/whole_body_kinematic_controller/joints/arm_4_joint/actuator_params/static_friction] by /roslaunch
[rosmaster.master][INFO] 2025-12-18 08:18:03,265: +PARAM [/whole_body_kinematic_controller/joints/arm_4_joint/actuator_params/viscous_friction] by /roslaunch
[rosmaster.master][INFO] 2025-12-18 08:18:03,265: +PARAM [/whole_body_kinematic_controller/joints/arm_4_joint/actuator_params/joint_elasticity] by /roslaunch
[rosmaster.master][INFO] 2025-12-18 08:18:03,265: +PARAM [/whole_body_kinematic_controller/joints/arm_4_joint/actuator_params/joint_elasticity_damping] by /roslaunch
[rosmaster.master][INFO] 2025-12-18 08:18:03,265: +PARAM [/whole_body_kinematic_controller/joints/arm_4_joint/type] by /roslaunch
[rosmaster.master][INFO] 2025-12-18 08:18:03,265: +PARAM [/whole_body_kinematic_controller/joints/arm_4_joint/check_mode] by /roslaunch
[rosmaster.master][INFO] 2025-12-18 08:18:03,265: +PARAM [/whole_body_kinematic_controller/joints/arm_4_joint/open_loop] by /roslaunch
[rosmaster.master][INFO] 2025-12-18 08:18:03,265: +PARAM [/whole_body_kinematic_controller/joints/arm_5_joint/actuator_params/ball_screw_efficiency] by /roslaunch
[rosmaster.master][INFO] 2025-12-18 08:18:03,265: +PARAM [/whole_body_kinematic_controller/joints/arm_5_joint/actuator_params/ball_screw_lead] by /roslaunch
[rosmaster.master][INFO] 2025-12-18 08:18:03,265: +PARAM [/whole_body_kinematic_controller/joints/arm_5_joint/actuator_params/motor_torque_constant] by /roslaunch
[rosmaster.master][INFO] 2025-12-18 08:18:03,265: +PARAM [/whole_body_kinematic_controller/joints/arm_5_joint/actuator_params/torque_sensor_offset] by /roslaunch
[rosmaster.master][INFO] 2025-12-18 08:18:03,265: +PARAM [/whole_body_kinematic_controller/joints/arm_5_joint/actuator_params/reduction_ratio] by /roslaunch
[rosmaster.master][INFO] 2025-12-18 08:18:03,266: +PARAM [/whole_body_kinematic_controller/joints/arm_5_joint/actuator_params/actuator_names] by /roslaunch
[rosmaster.master][INFO] 2025-12-18 08:18:03,266: +PARAM [/whole_body_kinematic_controller/joints/arm_5_joint/actuator_params/check_mode] by /roslaunch
[rosmaster.master][INFO] 2025-12-18 08:18:03,266: +PARAM [/whole_body_kinematic_controller/joints/arm_5_joint/actuator_params/motor_inertia] by /roslaunch
[rosmaster.master][INFO] 2025-12-18 08:18:03,266: +PARAM [/whole_body_kinematic_controller/joints/arm_5_joint/actuator_params/static_friction] by /roslaunch
[rosmaster.master][INFO] 2025-12-18 08:18:03,266: +PARAM [/whole_body_kinematic_controller/joints/arm_5_joint/actuator_params/viscous_friction] by /roslaunch
[rosmaster.master][INFO] 2025-12-18 08:18:03,266: +PARAM [/whole_body_kinematic_controller/joints/arm_5_joint/actuator_params/joint_elasticity] by /roslaunch
[rosmaster.master][INFO] 2025-12-18 08:18:03,266: +PARAM [/whole_body_kinematic_controller/joints/arm_5_joint/actuator_params/joint_elasticity_damping] by /roslaunch
[rosmaster.master][INFO] 2025-12-18 08:18:03,266: +PARAM [/whole_body_kinematic_controller/joints/arm_5_joint/type] by /roslaunch
[rosmaster.master][INFO] 2025-12-18 08:18:03,266: +PARAM [/whole_body_kinematic_controller/joints/arm_5_joint/check_mode] by /roslaunch
[rosmaster.master][INFO] 2025-12-18 08:18:03,266: +PARAM [/whole_body_kinematic_controller/joints/arm_5_joint/open_loop] by /roslaunch
[rosmaster.master][INFO] 2025-12-18 08:18:03,266: +PARAM [/whole_body_kinematic_controller/joints/arm_6_joint/actuator_params/ball_screw_efficiency] by /roslaunch
[rosmaster.master][INFO] 2025-12-18 08:18:03,266: +PARAM [/whole_body_kinematic_controller/joints/arm_6_joint/actuator_params/ball_screw_lead] by /roslaunch
[rosmaster.master][INFO] 2025-12-18 08:18:03,266: +PARAM [/whole_body_kinematic_controller/joints/arm_6_joint/actuator_params/motor_torque_constant] by /roslaunch
[rosmaster.master][INFO] 2025-12-18 08:18:03,266: +PARAM [/whole_body_kinematic_controller/joints/arm_6_joint/actuator_params/torque_sensor_offset] by /roslaunch
[rosmaster.master][INFO] 2025-12-18 08:18:03,266: +PARAM [/whole_body_kinematic_controller/joints/arm_6_joint/actuator_params/reduction_ratio] by /roslaunch
[rosmaster.master][INFO] 2025-12-18 08:18:03,266: +PARAM [/whole_body_kinematic_controller/joints/arm_6_joint/actuator_params/actuator_names] by /roslaunch
[rosmaster.master][INFO] 2025-12-18 08:18:03,266: +PARAM [/whole_body_kinematic_controller/joints/arm_6_joint/actuator_params/check_mode] by /roslaunch
[rosmaster.master][INFO] 2025-12-18 08:18:03,266: +PARAM [/whole_body_kinematic_controller/joints/arm_6_joint/actuator_params/motor_inertia] by /roslaunch
[rosmaster.master][INFO] 2025-12-18 08:18:03,266: +PARAM [/whole_body_kinematic_controller/joints/arm_6_joint/actuator_params/static_friction] by /roslaunch
[rosmaster.master][INFO] 2025-12-18 08:18:03,266: +PARAM [/whole_body_kinematic_controller/joints/arm_6_joint/actuator_params/viscous_friction] by /roslaunch
[rosmaster.master][INFO] 2025-12-18 08:18:03,266: +PARAM [/whole_body_kinematic_controller/joints/arm_6_joint/actuator_params/joint_elasticity] by /roslaunch
[rosmaster.master][INFO] 2025-12-18 08:18:03,267: +PARAM [/whole_body_kinematic_controller/joints/arm_6_joint/actuator_params/joint_elasticity_damping] by /roslaunch
[rosmaster.master][INFO] 2025-12-18 08:18:03,267: +PARAM [/whole_body_kinematic_controller/joints/arm_6_joint/type] by /roslaunch
[rosmaster.master][INFO] 2025-12-18 08:18:03,267: +PARAM [/whole_body_kinematic_controller/joints/arm_6_joint/check_mode] by /roslaunch
[rosmaster.master][INFO] 2025-12-18 08:18:03,267: +PARAM [/whole_body_kinematic_controller/joints/arm_6_joint/open_loop] by /roslaunch
[rosmaster.master][INFO] 2025-12-18 08:18:03,267: +PARAM [/whole_body_kinematic_controller/joints/arm_7_joint/actuator_params/ball_screw_efficiency] by /roslaunch
[rosmaster.master][INFO] 2025-12-18 08:18:03,267: +PARAM [/whole_body_kinematic_controller/joints/arm_7_joint/actuator_params/ball_screw_lead] by /roslaunch
[rosmaster.master][INFO] 2025-12-18 08:18:03,267: +PARAM [/whole_body_kinematic_controller/joints/arm_7_joint/actuator_params/motor_torque_constant] by /roslaunch
[rosmaster.master][INFO] 2025-12-18 08:18:03,267: +PARAM [/whole_body_kinematic_controller/joints/arm_7_joint/actuator_params/torque_sensor_offset] by /roslaunch
[rosmaster.master][INFO] 2025-12-18 08:18:03,267: +PARAM [/whole_body_kinematic_controller/joints/arm_7_joint/actuator_params/reduction_ratio] by /roslaunch
[rosmaster.master][INFO] 2025-12-18 08:18:03,267: +PARAM [/whole_body_kinematic_controller/joints/arm_7_joint/actuator_params/actuator_names] by /roslaunch
[rosmaster.master][INFO] 2025-12-18 08:18:03,267: +PARAM [/whole_body_kinematic_controller/joints/arm_7_joint/actuator_params/check_mode] by /roslaunch
[rosmaster.master][INFO] 2025-12-18 08:18:03,267: +PARAM [/whole_body_kinematic_controller/joints/arm_7_joint/actuator_params/motor_inertia] by /roslaunch
[rosmaster.master][INFO] 2025-12-18 08:18:03,267: +PARAM [/whole_body_kinematic_controller/joints/arm_7_joint/actuator_params/static_friction] by /roslaunch
[rosmaster.master][INFO] 2025-12-18 08:18:03,267: +PARAM [/whole_body_kinematic_controller/joints/arm_7_joint/actuator_params/viscous_friction] by /roslaunch
[rosmaster.master][INFO] 2025-12-18 08:18:03,267: +PARAM [/whole_body_kinematic_controller/joints/arm_7_joint/actuator_params/joint_elasticity] by /roslaunch
[rosmaster.master][INFO] 2025-12-18 08:18:03,267: +PARAM [/whole_body_kinematic_controller/joints/arm_7_joint/actuator_params/joint_elasticity_damping] by /roslaunch
[rosmaster.master][INFO] 2025-12-18 08:18:03,267: +PARAM [/whole_body_kinematic_controller/joints/arm_7_joint/type] by /roslaunch
[rosmaster.master][INFO] 2025-12-18 08:18:03,267: +PARAM [/whole_body_kinematic_controller/joints/arm_7_joint/check_mode] by /roslaunch
[rosmaster.master][INFO] 2025-12-18 08:18:03,267: +PARAM [/whole_body_kinematic_controller/joints/arm_7_joint/open_loop] by /roslaunch
[rosmaster.master][INFO] 2025-12-18 08:18:03,267: +PARAM [/whole_body_kinematic_controller/joints/head_1_joint/actuator_params/ball_screw_efficiency] by /roslaunch
[rosmaster.master][INFO] 2025-12-18 08:18:03,268: +PARAM [/whole_body_kinematic_controller/joints/head_1_joint/actuator_params/ball_screw_lead] by /roslaunch
[rosmaster.master][INFO] 2025-12-18 08:18:03,268: +PARAM [/whole_body_kinematic_controller/joints/head_1_joint/actuator_params/motor_torque_constant] by /roslaunch
[rosmaster.master][INFO] 2025-12-18 08:18:03,268: +PARAM [/whole_body_kinematic_controller/joints/head_1_joint/actuator_params/torque_sensor_offset] by /roslaunch
[rosmaster.master][INFO] 2025-12-18 08:18:03,268: +PARAM [/whole_body_kinematic_controller/joints/head_1_joint/actuator_params/reduction_ratio] by /roslaunch
[rosmaster.master][INFO] 2025-12-18 08:18:03,268: +PARAM [/whole_body_kinematic_controller/joints/head_1_joint/actuator_params/actuator_names] by /roslaunch
[rosmaster.master][INFO] 2025-12-18 08:18:03,268: +PARAM [/whole_body_kinematic_controller/joints/head_1_joint/actuator_params/check_mode] by /roslaunch
[rosmaster.master][INFO] 2025-12-18 08:18:03,268: +PARAM [/whole_body_kinematic_controller/joints/head_1_joint/actuator_params/motor_inertia] by /roslaunch
[rosmaster.master][INFO] 2025-12-18 08:18:03,268: +PARAM [/whole_body_kinematic_controller/joints/head_1_joint/actuator_params/static_friction] by /roslaunch
[rosmaster.master][INFO] 2025-12-18 08:18:03,268: +PARAM [/whole_body_kinematic_controller/joints/head_1_joint/actuator_params/viscous_friction] by /roslaunch
[rosmaster.master][INFO] 2025-12-18 08:18:03,268: +PARAM [/whole_body_kinematic_controller/joints/head_1_joint/actuator_params/joint_elasticity] by /roslaunch
[rosmaster.master][INFO] 2025-12-18 08:18:03,268: +PARAM [/whole_body_kinematic_controller/joints/head_1_joint/actuator_params/joint_elasticity_damping] by /roslaunch
[rosmaster.master][INFO] 2025-12-18 08:18:03,268: +PARAM [/whole_body_kinematic_controller/joints/head_1_joint/type] by /roslaunch
[rosmaster.master][INFO] 2025-12-18 08:18:03,268: +PARAM [/whole_body_kinematic_controller/joints/head_1_joint/check_mode] by /roslaunch
[rosmaster.master][INFO] 2025-12-18 08:18:03,268: +PARAM [/whole_body_kinematic_controller/joints/head_1_joint/open_loop] by /roslaunch
[rosmaster.master][INFO] 2025-12-18 08:18:03,268: +PARAM [/whole_body_kinematic_controller/joints/head_2_joint/actuator_params/ball_screw_efficiency] by /roslaunch
[rosmaster.master][INFO] 2025-12-18 08:18:03,268: +PARAM [/whole_body_kinematic_controller/joints/head_2_joint/actuator_params/ball_screw_lead] by /roslaunch
[rosmaster.master][INFO] 2025-12-18 08:18:03,268: +PARAM [/whole_body_kinematic_controller/joints/head_2_joint/actuator_params/motor_torque_constant] by /roslaunch
[rosmaster.master][INFO] 2025-12-18 08:18:03,268: +PARAM [/whole_body_kinematic_controller/joints/head_2_joint/actuator_params/torque_sensor_offset] by /roslaunch
[rosmaster.master][INFO] 2025-12-18 08:18:03,268: +PARAM [/whole_body_kinematic_controller/joints/head_2_joint/actuator_params/reduction_ratio] by /roslaunch
[rosmaster.master][INFO] 2025-12-18 08:18:03,268: +PARAM [/whole_body_kinematic_controller/joints/head_2_joint/actuator_params/actuator_names] by /roslaunch
[rosmaster.master][INFO] 2025-12-18 08:18:03,268: +PARAM [/whole_body_kinematic_controller/joints/head_2_joint/actuator_params/check_mode] by /roslaunch
[rosmaster.master][INFO] 2025-12-18 08:18:03,269: +PARAM [/whole_body_kinematic_controller/joints/head_2_joint/actuator_params/motor_inertia] by /roslaunch
[rosmaster.master][INFO] 2025-12-18 08:18:03,269: +PARAM [/whole_body_kinematic_controller/joints/head_2_joint/actuator_params/static_friction] by /roslaunch
[rosmaster.master][INFO] 2025-12-18 08:18:03,269: +PARAM [/whole_body_kinematic_controller/joints/head_2_joint/actuator_params/viscous_friction] by /roslaunch
[rosmaster.master][INFO] 2025-12-18 08:18:03,269: +PARAM [/whole_body_kinematic_controller/joints/head_2_joint/actuator_params/joint_elasticity] by /roslaunch
[rosmaster.master][INFO] 2025-12-18 08:18:03,269: +PARAM [/whole_body_kinematic_controller/joints/head_2_joint/actuator_params/joint_elasticity_damping] by /roslaunch
[rosmaster.master][INFO] 2025-12-18 08:18:03,269: +PARAM [/whole_body_kinematic_controller/joints/head_2_joint/type] by /roslaunch
[rosmaster.master][INFO] 2025-12-18 08:18:03,269: +PARAM [/whole_body_kinematic_controller/joints/head_2_joint/check_mode] by /roslaunch
[rosmaster.master][INFO] 2025-12-18 08:18:03,269: +PARAM [/whole_body_kinematic_controller/joints/head_2_joint/open_loop] by /roslaunch
[rosmaster.master][INFO] 2025-12-18 08:18:03,269: +PARAM [/whole_body_kinematic_controller/joints/torso_lift_joint/actuator_params/ball_screw_efficiency] by /roslaunch
[rosmaster.master][INFO] 2025-12-18 08:18:03,269: +PARAM [/whole_body_kinematic_controller/joints/torso_lift_joint/actuator_params/ball_screw_lead] by /roslaunch
[rosmaster.master][INFO] 2025-12-18 08:18:03,269: +PARAM [/whole_body_kinematic_controller/joints/torso_lift_joint/actuator_params/motor_torque_constant] by /roslaunch
[rosmaster.master][INFO] 2025-12-18 08:18:03,269: +PARAM [/whole_body_kinematic_controller/joints/torso_lift_joint/actuator_params/torque_sensor_offset] by /roslaunch
[rosmaster.master][INFO] 2025-12-18 08:18:03,269: +PARAM [/whole_body_kinematic_controller/joints/torso_lift_joint/actuator_params/reduction_ratio] by /roslaunch
[rosmaster.master][INFO] 2025-12-18 08:18:03,269: +PARAM [/whole_body_kinematic_controller/joints/torso_lift_joint/actuator_params/actuator_names] by /roslaunch
[rosmaster.master][INFO] 2025-12-18 08:18:03,269: +PARAM [/whole_body_kinematic_controller/joints/torso_lift_joint/actuator_params/check_mode] by /roslaunch
[rosmaster.master][INFO] 2025-12-18 08:18:03,269: +PARAM [/whole_body_kinematic_controller/joints/torso_lift_joint/actuator_params/motor_inertia] by /roslaunch
[rosmaster.master][INFO] 2025-12-18 08:18:03,269: +PARAM [/whole_body_kinematic_controller/joints/torso_lift_joint/actuator_params/static_friction] by /roslaunch
[rosmaster.master][INFO] 2025-12-18 08:18:03,269: +PARAM [/whole_body_kinematic_controller/joints/torso_lift_joint/actuator_params/viscous_friction] by /roslaunch
[rosmaster.master][INFO] 2025-12-18 08:18:03,269: +PARAM [/whole_body_kinematic_controller/joints/torso_lift_joint/actuator_params/joint_elasticity] by /roslaunch
[rosmaster.master][INFO] 2025-12-18 08:18:03,269: +PARAM [/whole_body_kinematic_controller/joints/torso_lift_joint/actuator_params/joint_elasticity_damping] by /roslaunch
[rosmaster.master][INFO] 2025-12-18 08:18:03,269: +PARAM [/whole_body_kinematic_controller/joints/torso_lift_joint/type] by /roslaunch
[rosmaster.master][INFO] 2025-12-18 08:18:03,270: +PARAM [/whole_body_kinematic_controller/joints/torso_lift_joint/check_mode] by /roslaunch
[rosmaster.master][INFO] 2025-12-18 08:18:03,270: +PARAM [/whole_body_kinematic_controller/joints/torso_lift_joint/open_loop] by /roslaunch
[rosmaster.master][INFO] 2025-12-18 08:18:03,387: +PUB [/rosout] /head_controller/point_head_action http://127.0.0.1:42733/
[rosmaster.master][INFO] 2025-12-18 08:18:03,388: +SERVICE [/head_controller/point_head_action/get_loggers] /head_controller/point_head_action http://127.0.0.1:42733/
[rosmaster.master][INFO] 2025-12-18 08:18:03,389: +SERVICE [/head_controller/point_head_action/set_logger_level] /head_controller/point_head_action http://127.0.0.1:42733/
[rosmaster.master][INFO] 2025-12-18 08:18:03,393: +SUB [/clock] /head_controller/point_head_action http://127.0.0.1:42733/
[rosmaster.master][INFO] 2025-12-18 08:18:03,397: +SUB [/tf] /head_controller/point_head_action http://127.0.0.1:42733/
[rosmaster.master][INFO] 2025-12-18 08:18:03,400: +SUB [/tf_static] /head_controller/point_head_action http://127.0.0.1:42733/
[rosmaster.master][INFO] 2025-12-18 08:18:03,407: +PUB [/head_controller/command] /head_controller/point_head_action http://127.0.0.1:42733/
[rosmaster.master][INFO] 2025-12-18 08:18:03,409: +SUB [/head_controller/state] /head_controller/point_head_action http://127.0.0.1:42733/
[rosmaster.master][INFO] 2025-12-18 08:18:03,412: +CACHEDPARAM [/rosout_disable_topics_generation] by /head_controller/point_head_action
[rosmaster.master][INFO] 2025-12-18 08:18:03,439: +PUB [/head_controller/point_head_action/result] /head_controller/point_head_action http://127.0.0.1:42733/
[rosmaster.master][INFO] 2025-12-18 08:18:03,440: +PUB [/head_controller/point_head_action/feedback] /head_controller/point_head_action http://127.0.0.1:42733/
[rosmaster.master][INFO] 2025-12-18 08:18:03,441: +PUB [/head_controller/point_head_action/status] /head_controller/point_head_action http://127.0.0.1:42733/
[rosmaster.master][INFO] 2025-12-18 08:18:03,446: +SUB [/head_controller/point_head_action/goal] /head_controller/point_head_action http://127.0.0.1:42733/
[rosmaster.master][INFO] 2025-12-18 08:18:03,450: +SUB [/head_controller/point_head_action/cancel] /head_controller/point_head_action http://127.0.0.1:42733/
[rosmaster.master][INFO] 2025-12-18 08:18:03,477: publisherUpdate[/rosout] -> http://127.0.0.1:34819/ ['http://127.0.0.1:42733/']
[rosmaster.master][INFO] 2025-12-18 08:18:03,492: publisherUpdate[/rosout] -> http://127.0.0.1:34819/ ['http://127.0.0.1:42733/']: sec=0.01, result=[1, '', 0]
[rosmaster.master][INFO] 2025-12-18 08:18:03,596: +PUB [/rosout] /robot_state_publisher http://127.0.0.1:39391/
[rosmaster.master][INFO] 2025-12-18 08:18:03,598: +SERVICE [/robot_state_publisher/get_loggers] /robot_state_publisher http://127.0.0.1:39391/
[rosmaster.master][INFO] 2025-12-18 08:18:03,603: +SERVICE [/robot_state_publisher/set_logger_level] /robot_state_publisher http://127.0.0.1:39391/
[rosmaster.master][INFO] 2025-12-18 08:18:03,620: +SUB [/clock] /robot_state_publisher http://127.0.0.1:39391/
[rosmaster.master][INFO] 2025-12-18 08:18:03,631: +PUB [/rosout] /tf_lookup http://127.0.0.1:46741/
[rosmaster.master][INFO] 2025-12-18 08:18:03,632: +SERVICE [/tf_lookup/get_loggers] /tf_lookup http://127.0.0.1:46741/
[rosmaster.master][INFO] 2025-12-18 08:18:03,635: +SERVICE [/tf_lookup/set_logger_level] /tf_lookup http://127.0.0.1:46741/
[rosmaster.master][INFO] 2025-12-18 08:18:03,642: +PUB [/rosout] /twist_mux http://127.0.0.1:41781/
[rosmaster.master][INFO] 2025-12-18 08:18:03,647: +SERVICE [/twist_mux/get_loggers] /twist_mux http://127.0.0.1:41781/
[rosmaster.master][INFO] 2025-12-18 08:18:03,649: +SERVICE [/twist_mux/set_logger_level] /twist_mux http://127.0.0.1:41781/
[rosmaster.master][INFO] 2025-12-18 08:18:03,649: +PUB [/tf] /robot_state_publisher http://127.0.0.1:39391/
[rosmaster.master][INFO] 2025-12-18 08:18:03,653: +PUB [/tf_static] /robot_state_publisher http://127.0.0.1:39391/
[rosmaster.master][INFO] 2025-12-18 08:18:03,660: +SUB [/clock] /tf_lookup http://127.0.0.1:46741/
[rosmaster.master][INFO] 2025-12-18 08:18:03,667: +PUB [/rosout] /play_motion http://127.0.0.1:46063/
[rosmaster.master][INFO] 2025-12-18 08:18:03,669: +SERVICE [/play_motion/get_loggers] /play_motion http://127.0.0.1:46063/
[rosmaster.master][INFO] 2025-12-18 08:18:03,670: +SERVICE [/play_motion/set_logger_level] /play_motion http://127.0.0.1:46063/
[rosmaster.master][INFO] 2025-12-18 08:18:03,673: +SUB [/tf] /tf_lookup http://127.0.0.1:46741/
[rosmaster.master][INFO] 2025-12-18 08:18:03,674: +SUB [/clock] /twist_mux http://127.0.0.1:41781/
[rosmaster.master][INFO] 2025-12-18 08:18:03,678: +CACHEDPARAM [/twist_mux/topics] by /twist_mux
[rosmaster.master][INFO] 2025-12-18 08:18:03,683: +SUB [/joint_states] /robot_state_publisher http://127.0.0.1:39391/
[rosmaster.master][INFO] 2025-12-18 08:18:03,691: +SUB [/clock] /play_motion http://127.0.0.1:46063/
[rosmaster.master][INFO] 2025-12-18 08:18:03,691: publisherUpdate[/rosout] -> http://127.0.0.1:34819/ ['http://127.0.0.1:42733/', 'http://127.0.0.1:39391/']
[rosmaster.master][INFO] 2025-12-18 08:18:03,691: publisherUpdate[/tf] -> http://127.0.0.1:42733/ ['http://127.0.0.1:39391/']
[rosmaster.master][INFO] 2025-12-18 08:18:03,692: +SUB [/tf_static] /tf_lookup http://127.0.0.1:46741/
[rosmaster.master][INFO] 2025-12-18 08:18:03,699: +CACHEDPARAM [/rosout_disable_topics_generation] by /twist_mux
[rosmaster.master][INFO] 2025-12-18 08:18:03,703: publisherUpdate[/tf] -> http://127.0.0.1:42733/ ['http://127.0.0.1:39391/']: sec=0.00, result=[1, '', 0]
[rosmaster.master][INFO] 2025-12-18 08:18:03,706: publisherUpdate[/tf_static] -> http://127.0.0.1:42733/ ['http://127.0.0.1:39391/']
[rosmaster.master][INFO] 2025-12-18 08:18:03,708: publisherUpdate[/tf_static] -> http://127.0.0.1:42733/ ['http://127.0.0.1:39391/']: sec=0.00, result=[1, '', 0]
[rosmaster.master][INFO] 2025-12-18 08:18:03,704: +CACHEDPARAM [/rosout_disable_topics_generation] by /tf_lookup
[rosmaster.master][INFO] 2025-12-18 08:18:03,709: +SUB [/joint_states] /play_motion http://127.0.0.1:46063/
[rosmaster.master][INFO] 2025-12-18 08:18:03,723: +PUB [/rosout] /twist_marker http://127.0.0.1:43779/
[rosmaster.master][INFO] 2025-12-18 08:18:03,710: publisherUpdate[/rosout] -> http://127.0.0.1:34819/ ['http://127.0.0.1:42733/', 'http://127.0.0.1:39391/']: sec=0.02, result=[1, '', 0]
[rosmaster.master][INFO] 2025-12-18 08:18:03,730: publisherUpdate[/rosout] -> http://127.0.0.1:34819/ ['http://127.0.0.1:42733/', 'http://127.0.0.1:39391/', 'http://127.0.0.1:46741/']
[rosmaster.master][INFO] 2025-12-18 08:18:03,729: +PUB [/rosout] /move_group http://127.0.0.1:36173/
[rosmaster.master][INFO] 2025-12-18 08:18:03,732: publisherUpdate[/rosout] -> http://127.0.0.1:34819/ ['http://127.0.0.1:42733/', 'http://127.0.0.1:39391/', 'http://127.0.0.1:46741/']: sec=0.00, result=[1, '', 0]
[rosmaster.master][INFO] 2025-12-18 08:18:03,733: +SUB [/nav_vel] /twist_mux http://127.0.0.1:41781/
[rosmaster.master][INFO] 2025-12-18 08:18:03,734: publisherUpdate[/rosout] -> http://127.0.0.1:34819/ ['http://127.0.0.1:42733/', 'http://127.0.0.1:39391/', 'http://127.0.0.1:46741/', 'http://127.0.0.1:41781/']
[rosmaster.master][INFO] 2025-12-18 08:18:03,737: publisherUpdate[/rosout] -> http://127.0.0.1:34819/ ['http://127.0.0.1:42733/', 'http://127.0.0.1:39391/', 'http://127.0.0.1:46741/', 'http://127.0.0.1:41781/']: sec=0.00, result=[1, '', 0]
[rosmaster.master][INFO] 2025-12-18 08:18:03,737: publisherUpdate[/rosout] -> http://127.0.0.1:34819/ ['http://127.0.0.1:42733/', 'http://127.0.0.1:39391/', 'http://127.0.0.1:46741/', 'http://127.0.0.1:41781/', 'http://127.0.0.1:46063/']
[rosmaster.master][INFO] 2025-12-18 08:18:03,742: +SERVICE [/lookupTransform] /tf_lookup http://127.0.0.1:46741/
[rosmaster.master][INFO] 2025-12-18 08:18:03,745: +SERVICE [/twist_marker/get_loggers] /twist_marker http://127.0.0.1:43779/
[rosmaster.master][INFO] 2025-12-18 08:18:03,747: publisherUpdate[/rosout] -> http://127.0.0.1:34819/ ['http://127.0.0.1:42733/', 'http://127.0.0.1:39391/', 'http://127.0.0.1:46741/', 'http://127.0.0.1:41781/', 'http://127.0.0.1:46063/']: sec=0.01, result=[1, '', 0]
[rosmaster.master][INFO] 2025-12-18 08:18:03,753: publisherUpdate[/rosout] -> http://127.0.0.1:34819/ ['http://127.0.0.1:42733/', 'http://127.0.0.1:39391/', 'http://127.0.0.1:46741/', 'http://127.0.0.1:41781/', 'http://127.0.0.1:46063/', 'http://127.0.0.1:43779/']
[rosmaster.master][INFO] 2025-12-18 08:18:03,760: +SERVICE [/move_group/get_loggers] /move_group http://127.0.0.1:36173/
[rosmaster.master][INFO] 2025-12-18 08:18:03,762: +SERVICE [/move_group/set_logger_level] /move_group http://127.0.0.1:36173/
[rosmaster.master][INFO] 2025-12-18 08:18:03,764: +SERVICE [/twist_marker/set_logger_level] /twist_marker http://127.0.0.1:43779/
[rosmaster.master][INFO] 2025-12-18 08:18:03,763: publisherUpdate[/rosout] -> http://127.0.0.1:34819/ ['http://127.0.0.1:42733/', 'http://127.0.0.1:39391/', 'http://127.0.0.1:46741/', 'http://127.0.0.1:41781/', 'http://127.0.0.1:46063/', 'http://127.0.0.1:43779/']: sec=0.00, result=[1, '', 0]
[rosmaster.master][INFO] 2025-12-18 08:18:03,769: +PUB [/tf_lookup/result] /tf_lookup http://127.0.0.1:46741/
[rosmaster.master][INFO] 2025-12-18 08:18:03,773: publisherUpdate[/rosout] -> http://127.0.0.1:34819/ ['http://127.0.0.1:42733/', 'http://127.0.0.1:39391/', 'http://127.0.0.1:46741/', 'http://127.0.0.1:41781/', 'http://127.0.0.1:46063/', 'http://127.0.0.1:43779/', 'http://127.0.0.1:36173/']
[rosmaster.master][INFO] 2025-12-18 08:18:03,779: +SUB [/joy_vel] /twist_mux http://127.0.0.1:41781/
[rosmaster.master][INFO] 2025-12-18 08:18:03,780: +PUB [/tf_lookup/feedback] /tf_lookup http://127.0.0.1:46741/
[rosmaster.master][INFO] 2025-12-18 08:18:03,786: publisherUpdate[/rosout] -> http://127.0.0.1:34819/ ['http://127.0.0.1:42733/', 'http://127.0.0.1:39391/', 'http://127.0.0.1:46741/', 'http://127.0.0.1:41781/', 'http://127.0.0.1:46063/', 'http://127.0.0.1:43779/', 'http://127.0.0.1:36173/']: sec=0.01, result=[1, '', 0]
[rosmaster.master][INFO] 2025-12-18 08:18:03,792: +PUB [/tf_lookup/status] /tf_lookup http://127.0.0.1:46741/
[rosmaster.master][INFO] 2025-12-18 08:18:03,808: +SUB [/clock] /twist_marker http://127.0.0.1:43779/
[rosmaster.master][INFO] 2025-12-18 08:18:03,825: +PUB [/rosout] /image_raw_to_rect_color_relay http://127.0.0.1:40889/
[rosmaster.master][INFO] 2025-12-18 08:18:03,825: +SUB [/clock] /move_group http://127.0.0.1:36173/
[rosmaster.master][INFO] 2025-12-18 08:18:03,826: +PUB [/twist_marker] /twist_marker http://127.0.0.1:43779/
[rosmaster.master][INFO] 2025-12-18 08:18:03,828: +SUB [/tf] /play_motion http://127.0.0.1:46063/
[rosmaster.master][INFO] 2025-12-18 08:18:03,828: +SUB [/key_vel] /twist_mux http://127.0.0.1:41781/
[rosmaster.master][INFO] 2025-12-18 08:18:03,828: +SERVICE [/image_raw_to_rect_color_relay/get_loggers] /image_raw_to_rect_color_relay http://127.0.0.1:40889/
[rosmaster.master][INFO] 2025-12-18 08:18:03,834: +SERVICE [/image_raw_to_rect_color_relay/set_logger_level] /image_raw_to_rect_color_relay http://127.0.0.1:40889/
[rosmaster.master][INFO] 2025-12-18 08:18:03,842: +SUB [/tf_lookup/goal] /tf_lookup http://127.0.0.1:46741/
[rosmaster.master][INFO] 2025-12-18 08:18:03,965: publisherUpdate[/rosout] -> http://127.0.0.1:34819/ ['http://127.0.0.1:42733/', 'http://127.0.0.1:39391/', 'http://127.0.0.1:46741/', 'http://127.0.0.1:41781/', 'http://127.0.0.1:46063/', 'http://127.0.0.1:43779/', 'http://127.0.0.1:36173/', 'http://127.0.0.1:40889/']
[rosmaster.master][INFO] 2025-12-18 08:18:03,966: publisherUpdate[/rosout] -> http://127.0.0.1:34819/ ['http://127.0.0.1:42733/', 'http://127.0.0.1:39391/', 'http://127.0.0.1:46741/', 'http://127.0.0.1:41781/', 'http://127.0.0.1:46063/', 'http://127.0.0.1:43779/', 'http://127.0.0.1:36173/', 'http://127.0.0.1:40889/']: sec=0.00, result=[1, '', 0]
[rosmaster.master][INFO] 2025-12-18 08:18:03,972: +PUB [/rosout] /throttle_filtering_points http://127.0.0.1:40477/
[rosmaster.master][INFO] 2025-12-18 08:18:03,982: +SERVICE [/throttle_filtering_points/get_loggers] /throttle_filtering_points http://127.0.0.1:40477/
[rosmaster.master][INFO] 2025-12-18 08:18:03,986: +SUB [/tab_vel] /twist_mux http://127.0.0.1:41781/
[rosmaster.master][INFO] 2025-12-18 08:18:03,996: +SERVICE [/throttle_filtering_points/set_logger_level] /throttle_filtering_points http://127.0.0.1:40477/
[rosmaster.master][INFO] 2025-12-18 08:18:03,999: +SUB [/tf_static] /play_motion http://127.0.0.1:46063/
[rosmaster.master][INFO] 2025-12-18 08:18:04,012: +SUB [/mobile_base_controller/cmd_vel] /twist_marker http://127.0.0.1:43779/
[rosmaster.master][INFO] 2025-12-18 08:18:04,024: +SUB [/tf_lookup/cancel] /tf_lookup http://127.0.0.1:46741/
[rosmaster.master][INFO] 2025-12-18 08:18:04,028: +SUB [/clock] /image_raw_to_rect_color_relay http://127.0.0.1:40889/
[rosmaster.master][INFO] 2025-12-18 08:18:04,034: +CACHEDPARAM [/rosout_disable_topics_generation] by /move_group
[rosmaster.master][INFO] 2025-12-18 08:18:04,035: +SUB [/marker_vel] /twist_mux http://127.0.0.1:41781/
[rosmaster.master][INFO] 2025-12-18 08:18:04,053: +PARAM [/move_group/default_planning_pipeline] by /move_group
[rosmaster.master][INFO] 2025-12-18 08:18:04,056: +PUB [/tf_stream/result] /tf_lookup http://127.0.0.1:46741/
[rosmaster.master][INFO] 2025-12-18 08:18:04,064: +PUB [/tf_stream/feedback] /tf_lookup http://127.0.0.1:46741/
[rosmaster.master][INFO] 2025-12-18 08:18:04,068: publisherUpdate[/rosout] -> http://127.0.0.1:34819/ ['http://127.0.0.1:42733/', 'http://127.0.0.1:39391/', 'http://127.0.0.1:46741/', 'http://127.0.0.1:41781/', 'http://127.0.0.1:46063/', 'http://127.0.0.1:43779/', 'http://127.0.0.1:36173/', 'http://127.0.0.1:40889/', 'http://127.0.0.1:40477/']
[rosmaster.master][INFO] 2025-12-18 08:18:04,074: +SUB [/clock] /throttle_filtering_points http://127.0.0.1:40477/
[rosmaster.master][INFO] 2025-12-18 08:18:04,075: publisherUpdate[/rosout] -> http://127.0.0.1:34819/ ['http://127.0.0.1:42733/', 'http://127.0.0.1:39391/', 'http://127.0.0.1:46741/', 'http://127.0.0.1:41781/', 'http://127.0.0.1:46063/', 'http://127.0.0.1:43779/', 'http://127.0.0.1:36173/', 'http://127.0.0.1:40889/', 'http://127.0.0.1:40477/']: sec=0.00, result=[1, '', 0]
[rosmaster.master][INFO] 2025-12-18 08:18:04,076: +PUB [/tf_stream/status] /tf_lookup http://127.0.0.1:46741/
[rosmaster.master][INFO] 2025-12-18 08:18:04,090: +SUB [/xtion/rgb/image_raw] /image_raw_to_rect_color_relay http://127.0.0.1:40889/
[rosmaster.master][INFO] 2025-12-18 08:18:04,098: +SUB [/phone_vel] /twist_mux http://127.0.0.1:41781/
[rosmaster.master][INFO] 2025-12-18 08:18:04,100: +SUB [/tf_stream/goal] /tf_lookup http://127.0.0.1:46741/
[rosmaster.master][INFO] 2025-12-18 08:18:04,104: +CACHEDPARAM [/rosout/omit_topics] by /rosout
[rosmaster.master][INFO] 2025-12-18 08:18:04,118: +SUB [/rviz_joy_vel] /twist_mux http://127.0.0.1:41781/
[rosmaster.master][INFO] 2025-12-18 08:18:04,122: +SUB [/tf] /move_group http://127.0.0.1:36173/
[rosmaster.master][INFO] 2025-12-18 08:18:04,124: +SUB [/tf_stream/cancel] /tf_lookup http://127.0.0.1:46741/
[rosmaster.master][INFO] 2025-12-18 08:18:04,126: +CACHEDPARAM [/rosout_disable_topics_generation] by /play_motion
[rosmaster.master][INFO] 2025-12-18 08:18:04,129: +SUB [/tf_static] /move_group http://127.0.0.1:36173/
[rosmaster.master][INFO] 2025-12-18 08:18:04,131: +SUB [/servoing_cmd_vel] /twist_mux http://127.0.0.1:41781/
[rosmaster.master][INFO] 2025-12-18 08:18:04,133: +CACHEDPARAM [/twist_mux/locks] by /twist_mux
[rosmaster.master][INFO] 2025-12-18 08:18:04,151: +SUB [/pause_navigation] /twist_mux http://127.0.0.1:41781/
[rosmaster.master][INFO] 2025-12-18 08:18:04,168: +SUB [/stop_closing_loop] /twist_mux http://127.0.0.1:41781/
[rosmaster.master][INFO] 2025-12-18 08:18:04,180: +SUB [/joy_priority] /twist_mux http://127.0.0.1:41781/
[rosmaster.master][INFO] 2025-12-18 08:18:04,182: +PUB [/mobile_base_controller/cmd_vel] /twist_mux http://127.0.0.1:41781/
[rosmaster.master][INFO] 2025-12-18 08:18:04,186: +PUB [/diagnostics] /twist_mux http://127.0.0.1:41781/
[rosmaster.master][INFO] 2025-12-18 08:18:04,190: +CACHEDPARAM [/twist_mux/diagnostic_period] by /twist_mux
[rosmaster.master][INFO] 2025-12-18 08:18:04,275: publisherUpdate[/mobile_base_controller/cmd_vel] -> http://127.0.0.1:43779/ ['http://127.0.0.1:41781/']
[rosmaster.master][INFO] 2025-12-18 08:18:04,280: publisherUpdate[/mobile_base_controller/cmd_vel] -> http://127.0.0.1:43779/ ['http://127.0.0.1:41781/']: sec=0.01, result=[1, '', 0]
[rosmaster.master][INFO] 2025-12-18 08:18:04,458: +PUB [/rosout] /xtion/rgb/image_proc http://127.0.0.1:46821/
[rosmaster.master][INFO] 2025-12-18 08:18:04,461: +SERVICE [/xtion/rgb/image_proc/get_loggers] /xtion/rgb/image_proc http://127.0.0.1:46821/
[rosmaster.master][INFO] 2025-12-18 08:18:04,463: +SERVICE [/xtion/rgb/image_proc/set_logger_level] /xtion/rgb/image_proc http://127.0.0.1:46821/
[rosmaster.master][INFO] 2025-12-18 08:18:04,477: +SUB [/clock] /xtion/rgb/image_proc http://127.0.0.1:46821/
[rosmaster.master][INFO] 2025-12-18 08:18:04,479: publisherUpdate[/rosout] -> http://127.0.0.1:34819/ ['http://127.0.0.1:42733/', 'http://127.0.0.1:39391/', 'http://127.0.0.1:46741/', 'http://127.0.0.1:41781/', 'http://127.0.0.1:46063/', 'http://127.0.0.1:43779/', 'http://127.0.0.1:36173/', 'http://127.0.0.1:40889/', 'http://127.0.0.1:40477/', 'http://127.0.0.1:46821/']
[rosmaster.master][INFO] 2025-12-18 08:18:04,480: publisherUpdate[/rosout] -> http://127.0.0.1:34819/ ['http://127.0.0.1:42733/', 'http://127.0.0.1:39391/', 'http://127.0.0.1:46741/', 'http://127.0.0.1:41781/', 'http://127.0.0.1:46063/', 'http://127.0.0.1:43779/', 'http://127.0.0.1:36173/', 'http://127.0.0.1:40889/', 'http://127.0.0.1:40477/', 'http://127.0.0.1:46821/']: sec=0.00, result=[1, '', 0]
[rosmaster.master][INFO] 2025-12-18 08:18:04,694: +SERVICE [/move_group/planning_scene_monitor/set_parameters] /move_group http://127.0.0.1:36173/
[rosmaster.master][INFO] 2025-12-18 08:18:04,695: +PUB [/move_group/planning_scene_monitor/parameter_descriptions] /move_group http://127.0.0.1:36173/
[rosmaster.master][INFO] 2025-12-18 08:18:04,696: +PUB [/move_group/planning_scene_monitor/parameter_updates] /move_group http://127.0.0.1:36173/
[rosmaster.master][INFO] 2025-12-18 08:18:04,699: +PARAM [/move_group/planning_scene_monitor/publish_planning_scene] by /move_group
[rosmaster.master][INFO] 2025-12-18 08:18:04,700: +PARAM [/move_group/planning_scene_monitor/publish_planning_scene_hz] by /move_group
[rosmaster.master][INFO] 2025-12-18 08:18:04,700: +PARAM [/move_group/planning_scene_monitor/publish_geometry_updates] by /move_group
[rosmaster.master][INFO] 2025-12-18 08:18:04,701: +PARAM [/move_group/planning_scene_monitor/publish_state_updates] by /move_group
[rosmaster.master][INFO] 2025-12-18 08:18:04,702: +PARAM [/move_group/planning_scene_monitor/publish_transforms_updates] by /move_group
[rosmaster.master][INFO] 2025-12-18 08:18:04,703: +PUB [/move_group/monitored_planning_scene] /move_group http://127.0.0.1:36173/
[rosmaster.master][INFO] 2025-12-18 08:18:04,705: +PARAM [/move_group/planning_scene_monitor/publish_planning_scene] by /move_group
[rosmaster.master][INFO] 2025-12-18 08:18:04,705: +PARAM [/move_group/planning_scene_monitor/publish_planning_scene_hz] by /move_group
[rosmaster.master][INFO] 2025-12-18 08:18:04,706: +PARAM [/move_group/planning_scene_monitor/publish_geometry_updates] by /move_group
[rosmaster.master][INFO] 2025-12-18 08:18:04,707: +PARAM [/move_group/planning_scene_monitor/publish_state_updates] by /move_group
[rosmaster.master][INFO] 2025-12-18 08:18:04,708: +PARAM [/move_group/planning_scene_monitor/publish_transforms_updates] by /move_group
[rosmaster.master][INFO] 2025-12-18 08:18:04,711: +SUB [/joint_states] /move_group http://127.0.0.1:36173/
[rosmaster.master][INFO] 2025-12-18 08:18:04,716: +SUB [/attached_collision_object] /move_group http://127.0.0.1:36173/
[rosmaster.master][INFO] 2025-12-18 08:18:04,720: +SUB [/planning_scene] /move_group http://127.0.0.1:36173/
[rosmaster.master][INFO] 2025-12-18 08:18:04,725: +SUB [/collision_object] /move_group http://127.0.0.1:36173/
[rosmaster.master][INFO] 2025-12-18 08:18:04,728: +PUB [/rosout] /is_already_there http://127.0.0.1:41657/
[rosmaster.master][INFO] 2025-12-18 08:18:04,731: +SUB [/planning_scene_world] /move_group http://127.0.0.1:36173/
[rosmaster.master][INFO] 2025-12-18 08:18:04,739: +SERVICE [/move_group/save_map] /move_group http://127.0.0.1:36173/
[rosmaster.master][INFO] 2025-12-18 08:18:04,739: +SUB [/clock] /is_already_there http://127.0.0.1:41657/
[rosmaster.master][INFO] 2025-12-18 08:18:04,740: +SERVICE [/move_group/load_map] /move_group http://127.0.0.1:36173/
[rosmaster.master][INFO] 2025-12-18 08:18:04,746: +SERVICE [/is_already_there/get_loggers] /is_already_there http://127.0.0.1:41657/
[rosmaster.master][INFO] 2025-12-18 08:18:04,749: +SERVICE [/is_already_there/set_logger_level] /is_already_there http://127.0.0.1:41657/
[rosmaster.master][INFO] 2025-12-18 08:18:04,751: +SERVICE [/play_motion/is_already_there] /is_already_there http://127.0.0.1:41657/
[rosmaster.master][INFO] 2025-12-18 08:18:04,755: +SUB [/joint_states] /is_already_there http://127.0.0.1:41657/
[rosmaster.master][INFO] 2025-12-18 08:18:04,780: publisherUpdate[/rosout] -> http://127.0.0.1:34819/ ['http://127.0.0.1:42733/', 'http://127.0.0.1:39391/', 'http://127.0.0.1:46741/', 'http://127.0.0.1:41781/', 'http://127.0.0.1:46063/', 'http://127.0.0.1:43779/', 'http://127.0.0.1:36173/', 'http://127.0.0.1:40889/', 'http://127.0.0.1:40477/', 'http://127.0.0.1:46821/', 'http://127.0.0.1:41657/']
[rosmaster.master][INFO] 2025-12-18 08:18:04,782: publisherUpdate[/rosout] -> http://127.0.0.1:34819/ ['http://127.0.0.1:42733/', 'http://127.0.0.1:39391/', 'http://127.0.0.1:46741/', 'http://127.0.0.1:41781/', 'http://127.0.0.1:46063/', 'http://127.0.0.1:43779/', 'http://127.0.0.1:36173/', 'http://127.0.0.1:40889/', 'http://127.0.0.1:40477/', 'http://127.0.0.1:46821/', 'http://127.0.0.1:41657/']: sec=0.00, result=[1, '', 0]
[rosmaster.master][INFO] 2025-12-18 08:18:04,918: +SERVICE [/move_group/ompl/set_parameters] /move_group http://127.0.0.1:36173/
[rosmaster.master][INFO] 2025-12-18 08:18:04,920: +PUB [/move_group/ompl/parameter_descriptions] /move_group http://127.0.0.1:36173/
[rosmaster.master][INFO] 2025-12-18 08:18:04,921: +PUB [/move_group/ompl/parameter_updates] /move_group http://127.0.0.1:36173/
[rosmaster.master][INFO] 2025-12-18 08:18:04,929: +PARAM [/move_group/ompl/simplify_solutions] by /move_group
[rosmaster.master][INFO] 2025-12-18 08:18:04,931: +PARAM [/move_group/ompl/minimum_waypoint_count] by /move_group
[rosmaster.master][INFO] 2025-12-18 08:18:04,933: +PARAM [/move_group/ompl/maximum_waypoint_distance] by /move_group
[rosmaster.master][INFO] 2025-12-18 08:18:04,934: +PARAM [/move_group/ompl/link_for_exploration_tree] by /move_group
[rosmaster.master][INFO] 2025-12-18 08:18:04,936: +PARAM [/move_group/ompl/display_random_valid_states] by /move_group
[rosmaster.master][INFO] 2025-12-18 08:18:04,939: +PARAM [/move_group/ompl/simplify_solutions] by /move_group
[rosmaster.master][INFO] 2025-12-18 08:18:04,939: +PARAM [/move_group/ompl/minimum_waypoint_count] by /move_group
[rosmaster.master][INFO] 2025-12-18 08:18:04,941: +PARAM [/move_group/ompl/maximum_waypoint_distance] by /move_group
[rosmaster.master][INFO] 2025-12-18 08:18:04,946: +PARAM [/move_group/ompl/link_for_exploration_tree] by /move_group
[rosmaster.master][INFO] 2025-12-18 08:18:04,947: +PUB [/rosout] /tuck_arm http://127.0.0.1:37345/
[rosmaster.master][INFO] 2025-12-18 08:18:04,948: +PARAM [/move_group/ompl/display_random_valid_states] by /move_group
[rosmaster.master][INFO] 2025-12-18 08:18:04,968: +SERVICE [/xtion/rgb/image_proc_debayer/set_parameters] /xtion/rgb/image_proc http://127.0.0.1:46821/
[rosmaster.master][INFO] 2025-12-18 08:18:04,990: +PUB [/xtion/rgb/image_proc_debayer/parameter_descriptions] /xtion/rgb/image_proc http://127.0.0.1:46821/
[rosmaster.master][INFO] 2025-12-18 08:18:04,992: +SUB [/clock] /tuck_arm http://127.0.0.1:37345/
[rosmaster.master][INFO] 2025-12-18 08:18:04,990: publisherUpdate[/rosout] -> http://127.0.0.1:34819/ ['http://127.0.0.1:42733/', 'http://127.0.0.1:39391/', 'http://127.0.0.1:46741/', 'http://127.0.0.1:41781/', 'http://127.0.0.1:46063/', 'http://127.0.0.1:43779/', 'http://127.0.0.1:36173/', 'http://127.0.0.1:40889/', 'http://127.0.0.1:40477/', 'http://127.0.0.1:46821/', 'http://127.0.0.1:41657/', 'http://127.0.0.1:37345/']
[rosmaster.master][INFO] 2025-12-18 08:18:04,997: +PUB [/xtion/rgb/image_proc_debayer/parameter_updates] /xtion/rgb/image_proc http://127.0.0.1:46821/
[rosmaster.master][INFO] 2025-12-18 08:18:04,997: publisherUpdate[/rosout] -> http://127.0.0.1:34819/ ['http://127.0.0.1:42733/', 'http://127.0.0.1:39391/', 'http://127.0.0.1:46741/', 'http://127.0.0.1:41781/', 'http://127.0.0.1:46063/', 'http://127.0.0.1:43779/', 'http://127.0.0.1:36173/', 'http://127.0.0.1:40889/', 'http://127.0.0.1:40477/', 'http://127.0.0.1:46821/', 'http://127.0.0.1:41657/', 'http://127.0.0.1:37345/']: sec=0.00, result=[1, '', 0]
[rosmaster.master][INFO] 2025-12-18 08:18:04,999: +SERVICE [/tuck_arm/get_loggers] /tuck_arm http://127.0.0.1:37345/
[rosmaster.master][INFO] 2025-12-18 08:18:05,000: +PUB [/move_group/display_planned_path] /move_group http://127.0.0.1:36173/
[rosmaster.master][INFO] 2025-12-18 08:18:05,001: +PUB [/move_group/display_contacts] /move_group http://127.0.0.1:36173/
[rosmaster.master][INFO] 2025-12-18 08:18:05,005: +PUB [/rosout] /spawn_model http://127.0.0.1:45811/
[rosmaster.master][INFO] 2025-12-18 08:18:05,007: +PARAM [/xtion/rgb/image_proc_debayer/debayer] by /xtion/rgb/image_proc
[rosmaster.master][INFO] 2025-12-18 08:18:05,008: +SERVICE [/tuck_arm/set_logger_level] /tuck_arm http://127.0.0.1:37345/
[rosmaster.master][INFO] 2025-12-18 08:18:05,017: +CACHEDPARAM [/rosout_disable_topics_generation] by /tuck_arm
[rosmaster.master][INFO] 2025-12-18 08:18:05,017: +PARAM [/xtion/rgb/image_proc_debayer/debayer] by /xtion/rgb/image_proc
[rosmaster.master][INFO] 2025-12-18 08:18:05,020: +SUB [/clock] /spawn_model http://127.0.0.1:45811/
[rosmaster.master][INFO] 2025-12-18 08:18:05,024: +PUB [/xtion/rgb/image_mono/compressedDepth] /xtion/rgb/image_proc http://127.0.0.1:46821/
[rosmaster.master][INFO] 2025-12-18 08:18:05,024: +SERVICE [/spawn_model/get_loggers] /spawn_model http://127.0.0.1:45811/
[rosmaster.master][INFO] 2025-12-18 08:18:05,028: +PUB [/play_motion/goal] /tuck_arm http://127.0.0.1:37345/
[rosmaster.master][INFO] 2025-12-18 08:18:05,031: +SERVICE [/spawn_model/set_logger_level] /spawn_model http://127.0.0.1:45811/
[rosmaster.master][INFO] 2025-12-18 08:18:05,032: +SERVICE [/xtion/rgb/image_mono/compressedDepth/set_parameters] /xtion/rgb/image_proc http://127.0.0.1:46821/
[rosmaster.master][INFO] 2025-12-18 08:18:05,034: +PUB [/xtion/rgb/image_mono/compressedDepth/parameter_descriptions] /xtion/rgb/image_proc http://127.0.0.1:46821/
[rosmaster.master][INFO] 2025-12-18 08:18:05,036: +PUB [/play_motion/cancel] /tuck_arm http://127.0.0.1:37345/
[rosmaster.master][INFO] 2025-12-18 08:18:05,037: +CACHEDPARAM [/rosout_disable_topics_generation] by /spawn_model
[rosmaster.master][INFO] 2025-12-18 08:18:05,045: +PUB [/xtion/rgb/image_mono/compressedDepth/parameter_updates] /xtion/rgb/image_proc http://127.0.0.1:46821/
[rosmaster.master][INFO] 2025-12-18 08:18:05,052: +PARAM [/xtion/rgb/image_mono/compressedDepth/format] by /xtion/rgb/image_proc
[rosmaster.master][INFO] 2025-12-18 08:18:05,055: +SUB [/play_motion/status] /tuck_arm http://127.0.0.1:37345/
[rosmaster.master][INFO] 2025-12-18 08:18:05,056: +PARAM [/xtion/rgb/image_mono/compressedDepth/depth_max] by /xtion/rgb/image_proc
[rosmaster.master][INFO] 2025-12-18 08:18:05,060: +PARAM [/xtion/rgb/image_mono/compressedDepth/depth_quantization] by /xtion/rgb/image_proc
[rosmaster.master][INFO] 2025-12-18 08:18:05,064: +PARAM [/xtion/rgb/image_mono/compressedDepth/png_level] by /xtion/rgb/image_proc
[rosmaster.master][INFO] 2025-12-18 08:18:05,066: +PARAM [/xtion/rgb/image_mono/compressedDepth/format] by /xtion/rgb/image_proc
[rosmaster.master][INFO] 2025-12-18 08:18:05,068: +SUB [/play_motion/result] /tuck_arm http://127.0.0.1:37345/
[rosmaster.master][INFO] 2025-12-18 08:18:05,070: +PARAM [/xtion/rgb/image_mono/compressedDepth/depth_max] by /xtion/rgb/image_proc
[rosmaster.master][INFO] 2025-12-18 08:18:05,073: +PARAM [/xtion/rgb/image_mono/compressedDepth/depth_quantization] by /xtion/rgb/image_proc
[rosmaster.master][INFO] 2025-12-18 08:18:05,071: +CACHEDPARAM [/rosout_disable_topics_generation] by /spawn_model
[rosmaster.master][INFO] 2025-12-18 08:18:05,075: +PARAM [/xtion/rgb/image_mono/compressedDepth/png_level] by /xtion/rgb/image_proc
[rosmaster.master][INFO] 2025-12-18 08:18:05,079: +PUB [/xtion/rgb/image_mono/compressed] /xtion/rgb/image_proc http://127.0.0.1:46821/
[rosmaster.master][INFO] 2025-12-18 08:18:05,081: +SUB [/play_motion/feedback] /tuck_arm http://127.0.0.1:37345/
[rosmaster.master][INFO] 2025-12-18 08:18:05,085: +SERVICE [/xtion/rgb/image_mono/compressed/set_parameters] /xtion/rgb/image_proc http://127.0.0.1:46821/
[rosmaster.master][INFO] 2025-12-18 08:18:05,086: +PUB [/xtion/rgb/image_mono/compressed/parameter_descriptions] /xtion/rgb/image_proc http://127.0.0.1:46821/
[rosmaster.master][INFO] 2025-12-18 08:18:05,089: +PUB [/xtion/rgb/image_mono/compressed/parameter_updates] /xtion/rgb/image_proc http://127.0.0.1:46821/
[rosmaster.master][INFO] 2025-12-18 08:18:05,090: publisherUpdate[/rosout] -> http://127.0.0.1:34819/ ['http://127.0.0.1:42733/', 'http://127.0.0.1:39391/', 'http://127.0.0.1:46741/', 'http://127.0.0.1:41781/', 'http://127.0.0.1:46063/', 'http://127.0.0.1:43779/', 'http://127.0.0.1:36173/', 'http://127.0.0.1:40889/', 'http://127.0.0.1:40477/', 'http://127.0.0.1:46821/', 'http://127.0.0.1:41657/', 'http://127.0.0.1:37345/', 'http://127.0.0.1:45811/']
[rosmaster.master][INFO] 2025-12-18 08:18:05,093: publisherUpdate[/rosout] -> http://127.0.0.1:34819/ ['http://127.0.0.1:42733/', 'http://127.0.0.1:39391/', 'http://127.0.0.1:46741/', 'http://127.0.0.1:41781/', 'http://127.0.0.1:46063/', 'http://127.0.0.1:43779/', 'http://127.0.0.1:36173/', 'http://127.0.0.1:40889/', 'http://127.0.0.1:40477/', 'http://127.0.0.1:46821/', 'http://127.0.0.1:41657/', 'http://127.0.0.1:37345/', 'http://127.0.0.1:45811/']: sec=0.00, result=[1, '', 0]
[rosmaster.master][INFO] 2025-12-18 08:18:05,106: +PARAM [/xtion/rgb/image_mono/compressed/format] by /xtion/rgb/image_proc
[rosmaster.master][INFO] 2025-12-18 08:18:05,107: +PARAM [/xtion/rgb/image_mono/compressed/jpeg_quality] by /xtion/rgb/image_proc
[rosmaster.master][INFO] 2025-12-18 08:18:05,109: +PARAM [/xtion/rgb/image_mono/compressed/jpeg_progressive] by /xtion/rgb/image_proc
[rosmaster.master][INFO] 2025-12-18 08:18:05,111: +PARAM [/xtion/rgb/image_mono/compressed/jpeg_optimize] by /xtion/rgb/image_proc
[rosmaster.master][INFO] 2025-12-18 08:18:05,118: +PARAM [/xtion/rgb/image_mono/compressed/jpeg_restart_interval] by /xtion/rgb/image_proc
[rosmaster.master][INFO] 2025-12-18 08:18:05,119: +PARAM [/xtion/rgb/image_mono/compressed/png_level] by /xtion/rgb/image_proc
[rosmaster.master][INFO] 2025-12-18 08:18:05,120: +PARAM [/xtion/rgb/image_mono/compressed/format] by /xtion/rgb/image_proc
[rosmaster.master][INFO] 2025-12-18 08:18:05,124: +PARAM [/xtion/rgb/image_mono/compressed/jpeg_quality] by /xtion/rgb/image_proc
[rosmaster.master][INFO] 2025-12-18 08:18:05,126: +PARAM [/xtion/rgb/image_mono/compressed/jpeg_progressive] by /xtion/rgb/image_proc
[rosmaster.master][INFO] 2025-12-18 08:18:05,127: +PARAM [/xtion/rgb/image_mono/compressed/jpeg_optimize] by /xtion/rgb/image_proc
[rosmaster.master][INFO] 2025-12-18 08:18:05,129: +PARAM [/xtion/rgb/image_mono/compressed/jpeg_restart_interval] by /xtion/rgb/image_proc
[rosmaster.master][INFO] 2025-12-18 08:18:05,131: +PARAM [/xtion/rgb/image_mono/compressed/png_level] by /xtion/rgb/image_proc
[rosmaster.master][INFO] 2025-12-18 08:18:05,141: +PUB [/xtion/rgb/image_mono] /xtion/rgb/image_proc http://127.0.0.1:46821/
[rosmaster.master][INFO] 2025-12-18 08:18:05,168: +PUB [/xtion/rgb/image_mono/theora] /xtion/rgb/image_proc http://127.0.0.1:46821/
[rosmaster.master][INFO] 2025-12-18 08:18:05,171: +SERVICE [/xtion/rgb/image_mono/theora/set_parameters] /xtion/rgb/image_proc http://127.0.0.1:46821/
[rosmaster.master][INFO] 2025-12-18 08:18:05,174: +PUB [/xtion/rgb/image_mono/theora/parameter_descriptions] /xtion/rgb/image_proc http://127.0.0.1:46821/
[rosmaster.master][INFO] 2025-12-18 08:18:05,175: +PUB [/xtion/rgb/image_mono/theora/parameter_updates] /xtion/rgb/image_proc http://127.0.0.1:46821/
[rosmaster.master][INFO] 2025-12-18 08:18:05,184: +PARAM [/xtion/rgb/image_mono/theora/optimize_for] by /xtion/rgb/image_proc
[rosmaster.master][INFO] 2025-12-18 08:18:05,185: +PARAM [/xtion/rgb/image_mono/theora/target_bitrate] by /xtion/rgb/image_proc
[rosmaster.master][INFO] 2025-12-18 08:18:05,187: +PARAM [/xtion/rgb/image_mono/theora/quality] by /xtion/rgb/image_proc
[rosmaster.master][INFO] 2025-12-18 08:18:05,190: +PARAM [/xtion/rgb/image_mono/theora/keyframe_frequency] by /xtion/rgb/image_proc
[rosmaster.master][INFO] 2025-12-18 08:18:05,191: +PARAM [/xtion/rgb/image_mono/theora/optimize_for] by /xtion/rgb/image_proc
[rosmaster.master][INFO] 2025-12-18 08:18:05,193: +PARAM [/xtion/rgb/image_mono/theora/target_bitrate] by /xtion/rgb/image_proc
[rosmaster.master][INFO] 2025-12-18 08:18:05,197: +PARAM [/xtion/rgb/image_mono/theora/quality] by /xtion/rgb/image_proc
[rosmaster.master][INFO] 2025-12-18 08:18:05,199: +PARAM [/xtion/rgb/image_mono/theora/keyframe_frequency] by /xtion/rgb/image_proc
[rosmaster.master][INFO] 2025-12-18 08:18:05,205: +PUB [/xtion/rgb/image_color/compressedDepth] /xtion/rgb/image_proc http://127.0.0.1:46821/
[rosmaster.master][INFO] 2025-12-18 08:18:05,207: +SERVICE [/xtion/rgb/image_color/compressedDepth/set_parameters] /xtion/rgb/image_proc http://127.0.0.1:46821/
[rosmaster.master][INFO] 2025-12-18 08:18:05,209: +PUB [/xtion/rgb/image_color/compressedDepth/parameter_descriptions] /xtion/rgb/image_proc http://127.0.0.1:46821/
[rosmaster.master][INFO] 2025-12-18 08:18:05,212: +PUB [/xtion/rgb/image_color/compressedDepth/parameter_updates] /xtion/rgb/image_proc http://127.0.0.1:46821/
[rosmaster.master][INFO] 2025-12-18 08:18:05,221: +PARAM [/xtion/rgb/image_color/compressedDepth/format] by /xtion/rgb/image_proc
[rosmaster.master][INFO] 2025-12-18 08:18:05,224: +PARAM [/xtion/rgb/image_color/compressedDepth/depth_max] by /xtion/rgb/image_proc
[rosmaster.master][INFO] 2025-12-18 08:18:05,225: +PARAM [/xtion/rgb/image_color/compressedDepth/depth_quantization] by /xtion/rgb/image_proc
[rosmaster.master][INFO] 2025-12-18 08:18:05,227: +PARAM [/xtion/rgb/image_color/compressedDepth/png_level] by /xtion/rgb/image_proc
[rosmaster.master][INFO] 2025-12-18 08:18:05,229: +PARAM [/xtion/rgb/image_color/compressedDepth/format] by /xtion/rgb/image_proc
[rosmaster.master][INFO] 2025-12-18 08:18:05,232: +PARAM [/xtion/rgb/image_color/compressedDepth/depth_max] by /xtion/rgb/image_proc
[rosmaster.master][INFO] 2025-12-18 08:18:05,233: +PARAM [/xtion/rgb/image_color/compressedDepth/depth_quantization] by /xtion/rgb/image_proc
[rosmaster.master][INFO] 2025-12-18 08:18:05,235: +PARAM [/xtion/rgb/image_color/compressedDepth/png_level] by /xtion/rgb/image_proc
[rosmaster.master][INFO] 2025-12-18 08:18:05,236: +PUB [/xtion/rgb/image_color/compressed] /xtion/rgb/image_proc http://127.0.0.1:46821/
[rosmaster.master][INFO] 2025-12-18 08:18:05,238: +SERVICE [/xtion/rgb/image_color/compressed/set_parameters] /xtion/rgb/image_proc http://127.0.0.1:46821/
[rosmaster.master][INFO] 2025-12-18 08:18:05,239: +PUB [/xtion/rgb/image_color/compressed/parameter_descriptions] /xtion/rgb/image_proc http://127.0.0.1:46821/
[rosmaster.master][INFO] 2025-12-18 08:18:05,241: +PUB [/xtion/rgb/image_color/compressed/parameter_updates] /xtion/rgb/image_proc http://127.0.0.1:46821/
[rosmaster.master][INFO] 2025-12-18 08:18:05,246: +PUB [/trajectory_execution_event] /play_motion http://127.0.0.1:46063/
[rosmaster.master][INFO] 2025-12-18 08:18:05,248: +PUB [/attached_collision_object] /play_motion http://127.0.0.1:46063/
[rosmaster.master][INFO] 2025-12-18 08:18:05,249: +PARAM [/xtion/rgb/image_color/compressed/format] by /xtion/rgb/image_proc
[rosmaster.master][INFO] 2025-12-18 08:18:05,250: +PARAM [/xtion/rgb/image_color/compressed/jpeg_quality] by /xtion/rgb/image_proc
[rosmaster.master][INFO] 2025-12-18 08:18:05,250: +PARAM [/xtion/rgb/image_color/compressed/jpeg_progressive] by /xtion/rgb/image_proc
[rosmaster.master][INFO] 2025-12-18 08:18:05,251: +PARAM [/xtion/rgb/image_color/compressed/jpeg_optimize] by /xtion/rgb/image_proc
[rosmaster.master][INFO] 2025-12-18 08:18:05,252: +PARAM [/xtion/rgb/image_color/compressed/jpeg_restart_interval] by /xtion/rgb/image_proc
[rosmaster.master][INFO] 2025-12-18 08:18:05,253: +PARAM [/xtion/rgb/image_color/compressed/png_level] by /xtion/rgb/image_proc
[rosmaster.master][INFO] 2025-12-18 08:18:05,254: +PARAM [/xtion/rgb/image_color/compressed/format] by /xtion/rgb/image_proc
[rosmaster.master][INFO] 2025-12-18 08:18:05,254: +PARAM [/xtion/rgb/image_color/compressed/jpeg_quality] by /xtion/rgb/image_proc
[rosmaster.master][INFO] 2025-12-18 08:18:05,255: +PARAM [/xtion/rgb/image_color/compressed/jpeg_progressive] by /xtion/rgb/image_proc
[rosmaster.master][INFO] 2025-12-18 08:18:05,256: +PARAM [/xtion/rgb/image_color/compressed/jpeg_optimize] by /xtion/rgb/image_proc
[rosmaster.master][INFO] 2025-12-18 08:18:05,257: +PARAM [/xtion/rgb/image_color/compressed/jpeg_restart_interval] by /xtion/rgb/image_proc
[rosmaster.master][INFO] 2025-12-18 08:18:05,257: +PARAM [/xtion/rgb/image_color/compressed/png_level] by /xtion/rgb/image_proc
[rosmaster.master][INFO] 2025-12-18 08:18:05,258: +PUB [/xtion/rgb/image_color] /xtion/rgb/image_proc http://127.0.0.1:46821/
[rosmaster.master][INFO] 2025-12-18 08:18:05,259: +PUB [/xtion/rgb/image_color/theora] /xtion/rgb/image_proc http://127.0.0.1:46821/
[rosmaster.master][INFO] 2025-12-18 08:18:05,260: +SERVICE [/xtion/rgb/image_color/theora/set_parameters] /xtion/rgb/image_proc http://127.0.0.1:46821/
[rosmaster.master][INFO] 2025-12-18 08:18:05,261: +PUB [/xtion/rgb/image_color/theora/parameter_descriptions] /xtion/rgb/image_proc http://127.0.0.1:46821/
[rosmaster.master][INFO] 2025-12-18 08:18:05,262: +PUB [/xtion/rgb/image_color/theora/parameter_updates] /xtion/rgb/image_proc http://127.0.0.1:46821/
[rosmaster.master][INFO] 2025-12-18 08:18:05,265: +PARAM [/xtion/rgb/image_color/theora/optimize_for] by /xtion/rgb/image_proc
[rosmaster.master][INFO] 2025-12-18 08:18:05,265: +PARAM [/xtion/rgb/image_color/theora/target_bitrate] by /xtion/rgb/image_proc
[rosmaster.master][INFO] 2025-12-18 08:18:05,266: +PARAM [/xtion/rgb/image_color/theora/quality] by /xtion/rgb/image_proc
[rosmaster.master][INFO] 2025-12-18 08:18:05,266: +PARAM [/xtion/rgb/image_color/theora/keyframe_frequency] by /xtion/rgb/image_proc
[rosmaster.master][INFO] 2025-12-18 08:18:05,267: +PARAM [/xtion/rgb/image_color/theora/optimize_for] by /xtion/rgb/image_proc
[rosmaster.master][INFO] 2025-12-18 08:18:05,268: +PARAM [/xtion/rgb/image_color/theora/target_bitrate] by /xtion/rgb/image_proc
[rosmaster.master][INFO] 2025-12-18 08:18:05,268: +PARAM [/xtion/rgb/image_color/theora/quality] by /xtion/rgb/image_proc
[rosmaster.master][INFO] 2025-12-18 08:18:05,269: +PARAM [/xtion/rgb/image_color/theora/keyframe_frequency] by /xtion/rgb/image_proc
[rosmaster.master][INFO] 2025-12-18 08:18:05,272: +SERVICE [/xtion/rgb/image_proc_rectify_mono/set_parameters] /xtion/rgb/image_proc http://127.0.0.1:46821/
[rosmaster.master][INFO] 2025-12-18 08:18:05,273: +PUB [/xtion/rgb/image_proc_rectify_mono/parameter_descriptions] /xtion/rgb/image_proc http://127.0.0.1:46821/
[rosmaster.master][INFO] 2025-12-18 08:18:05,273: +PUB [/xtion/rgb/image_proc_rectify_mono/parameter_updates] /xtion/rgb/image_proc http://127.0.0.1:46821/
[rosmaster.master][INFO] 2025-12-18 08:18:05,274: +PARAM [/xtion/rgb/image_proc_rectify_mono/interpolation] by /xtion/rgb/image_proc
[rosmaster.master][INFO] 2025-12-18 08:18:05,275: +PARAM [/xtion/rgb/image_proc_rectify_mono/interpolation] by /xtion/rgb/image_proc
[rosmaster.master][INFO] 2025-12-18 08:18:05,276: +PUB [/xtion/rgb/image_rect/compressedDepth] /xtion/rgb/image_proc http://127.0.0.1:46821/
[rosmaster.master][INFO] 2025-12-18 08:18:05,277: +SERVICE [/xtion/rgb/image_rect/compressedDepth/set_parameters] /xtion/rgb/image_proc http://127.0.0.1:46821/
[rosmaster.master][INFO] 2025-12-18 08:18:05,278: +PUB [/xtion/rgb/image_rect/compressedDepth/parameter_descriptions] /xtion/rgb/image_proc http://127.0.0.1:46821/
[rosmaster.master][INFO] 2025-12-18 08:18:05,279: +PUB [/xtion/rgb/image_rect/compressedDepth/parameter_updates] /xtion/rgb/image_proc http://127.0.0.1:46821/
[rosmaster.master][INFO] 2025-12-18 08:18:05,292: publisherUpdate[/attached_collision_object] -> http://127.0.0.1:36173/ ['http://127.0.0.1:46063/']
[rosmaster.master][INFO] 2025-12-18 08:18:05,301: publisherUpdate[/attached_collision_object] -> http://127.0.0.1:36173/ ['http://127.0.0.1:46063/']: sec=0.00, result=[1, '', 0]
[rosmaster.master][INFO] 2025-12-18 08:18:05,301: +PARAM [/xtion/rgb/image_rect/compressedDepth/format] by /xtion/rgb/image_proc
[rosmaster.master][INFO] 2025-12-18 08:18:05,303: +PARAM [/xtion/rgb/image_rect/compressedDepth/depth_max] by /xtion/rgb/image_proc
[rosmaster.master][INFO] 2025-12-18 08:18:05,306: +PARAM [/xtion/rgb/image_rect/compressedDepth/depth_quantization] by /xtion/rgb/image_proc
[rosmaster.master][INFO] 2025-12-18 08:18:05,307: +PARAM [/xtion/rgb/image_rect/compressedDepth/png_level] by /xtion/rgb/image_proc
[rosmaster.master][INFO] 2025-12-18 08:18:05,307: +PARAM [/xtion/rgb/image_rect/compressedDepth/format] by /xtion/rgb/image_proc
[rosmaster.master][INFO] 2025-12-18 08:18:05,308: +PARAM [/xtion/rgb/image_rect/compressedDepth/depth_max] by /xtion/rgb/image_proc
[rosmaster.master][INFO] 2025-12-18 08:18:05,308: +PARAM [/xtion/rgb/image_rect/compressedDepth/depth_quantization] by /xtion/rgb/image_proc
[rosmaster.master][INFO] 2025-12-18 08:18:05,312: +PARAM [/xtion/rgb/image_rect/compressedDepth/png_level] by /xtion/rgb/image_proc
[rosmaster.master][INFO] 2025-12-18 08:18:05,313: +PUB [/xtion/rgb/image_rect/compressed] /xtion/rgb/image_proc http://127.0.0.1:46821/
[rosmaster.master][INFO] 2025-12-18 08:18:05,313: +SERVICE [/xtion/rgb/image_rect/compressed/set_parameters] /xtion/rgb/image_proc http://127.0.0.1:46821/
[rosmaster.master][INFO] 2025-12-18 08:18:05,314: +PUB [/xtion/rgb/image_rect/compressed/parameter_descriptions] /xtion/rgb/image_proc http://127.0.0.1:46821/
[rosmaster.master][INFO] 2025-12-18 08:18:05,315: +PUB [/xtion/rgb/image_rect/compressed/parameter_updates] /xtion/rgb/image_proc http://127.0.0.1:46821/
[rosmaster.master][INFO] 2025-12-18 08:18:05,321: +PARAM [/xtion/rgb/image_rect/compressed/format] by /xtion/rgb/image_proc
[rosmaster.master][INFO] 2025-12-18 08:18:05,322: +PARAM [/xtion/rgb/image_rect/compressed/jpeg_quality] by /xtion/rgb/image_proc
[rosmaster.master][INFO] 2025-12-18 08:18:05,326: +PARAM [/xtion/rgb/image_rect/compressed/jpeg_progressive] by /xtion/rgb/image_proc
[rosmaster.master][INFO] 2025-12-18 08:18:05,327: +PARAM [/xtion/rgb/image_rect/compressed/jpeg_optimize] by /xtion/rgb/image_proc
[rosmaster.master][INFO] 2025-12-18 08:18:05,327: +PARAM [/xtion/rgb/image_rect/compressed/jpeg_restart_interval] by /xtion/rgb/image_proc
[rosmaster.master][INFO] 2025-12-18 08:18:05,328: +PARAM [/xtion/rgb/image_rect/compressed/png_level] by /xtion/rgb/image_proc
[rosmaster.master][INFO] 2025-12-18 08:18:05,328: +PARAM [/xtion/rgb/image_rect/compressed/format] by /xtion/rgb/image_proc
[rosmaster.master][INFO] 2025-12-18 08:18:05,332: +PARAM [/xtion/rgb/image_rect/compressed/jpeg_quality] by /xtion/rgb/image_proc
[rosmaster.master][INFO] 2025-12-18 08:18:05,333: +PARAM [/xtion/rgb/image_rect/compressed/jpeg_progressive] by /xtion/rgb/image_proc
[rosmaster.master][INFO] 2025-12-18 08:18:05,333: +PARAM [/xtion/rgb/image_rect/compressed/jpeg_optimize] by /xtion/rgb/image_proc
[rosmaster.master][INFO] 2025-12-18 08:18:05,334: +PARAM [/xtion/rgb/image_rect/compressed/jpeg_restart_interval] by /xtion/rgb/image_proc
[rosmaster.master][INFO] 2025-12-18 08:18:05,334: +PARAM [/xtion/rgb/image_rect/compressed/png_level] by /xtion/rgb/image_proc
[rosmaster.master][INFO] 2025-12-18 08:18:05,338: +PUB [/xtion/rgb/image_rect] /xtion/rgb/image_proc http://127.0.0.1:46821/
[rosmaster.master][INFO] 2025-12-18 08:18:05,339: +PUB [/xtion/rgb/image_rect/theora] /xtion/rgb/image_proc http://127.0.0.1:46821/
[rosmaster.master][INFO] 2025-12-18 08:18:05,340: +SERVICE [/xtion/rgb/image_rect/theora/set_parameters] /xtion/rgb/image_proc http://127.0.0.1:46821/
[rosmaster.master][INFO] 2025-12-18 08:18:05,341: +PUB [/xtion/rgb/image_rect/theora/parameter_descriptions] /xtion/rgb/image_proc http://127.0.0.1:46821/
[rosmaster.master][INFO] 2025-12-18 08:18:05,345: +PUB [/xtion/rgb/image_rect/theora/parameter_updates] /xtion/rgb/image_proc http://127.0.0.1:46821/
[rosmaster.master][INFO] 2025-12-18 08:18:05,347: +PARAM [/xtion/rgb/image_rect/theora/optimize_for] by /xtion/rgb/image_proc
[rosmaster.master][INFO] 2025-12-18 08:18:05,348: +PARAM [/xtion/rgb/image_rect/theora/target_bitrate] by /xtion/rgb/image_proc
[rosmaster.master][INFO] 2025-12-18 08:18:05,349: +PARAM [/xtion/rgb/image_rect/theora/quality] by /xtion/rgb/image_proc
[rosmaster.master][INFO] 2025-12-18 08:18:05,351: +PARAM [/xtion/rgb/image_rect/theora/keyframe_frequency] by /xtion/rgb/image_proc
[rosmaster.master][INFO] 2025-12-18 08:18:05,352: +PUB [/rosout] /home_gripper http://127.0.0.1:45393/
[rosmaster.master][INFO] 2025-12-18 08:18:05,353: +PARAM [/xtion/rgb/image_rect/theora/optimize_for] by /xtion/rgb/image_proc
[rosmaster.master][INFO] 2025-12-18 08:18:05,354: +PARAM [/xtion/rgb/image_rect/theora/target_bitrate] by /xtion/rgb/image_proc
[rosmaster.master][INFO] 2025-12-18 08:18:05,355: +PARAM [/xtion/rgb/image_rect/theora/quality] by /xtion/rgb/image_proc
[rosmaster.master][INFO] 2025-12-18 08:18:05,356: +PARAM [/xtion/rgb/image_rect/theora/keyframe_frequency] by /xtion/rgb/image_proc
[rosmaster.master][INFO] 2025-12-18 08:18:05,361: +PUB [/rosout] /joystick_relay http://127.0.0.1:40555/
[rosmaster.master][INFO] 2025-12-18 08:18:05,362: +SUB [/clock] /home_gripper http://127.0.0.1:45393/
[rosmaster.master][INFO] 2025-12-18 08:18:05,362: +SERVICE [/xtion/rgb/image_proc_rectify_color/set_parameters] /xtion/rgb/image_proc http://127.0.0.1:46821/
[rosmaster.master][INFO] 2025-12-18 08:18:05,363: +PUB [/xtion/rgb/image_proc_rectify_color/parameter_descriptions] /xtion/rgb/image_proc http://127.0.0.1:46821/
[rosmaster.master][INFO] 2025-12-18 08:18:05,365: +PUB [/xtion/rgb/image_proc_rectify_color/parameter_updates] /xtion/rgb/image_proc http://127.0.0.1:46821/
[rosmaster.master][INFO] 2025-12-18 08:18:05,366: +SERVICE [/home_gripper/get_loggers] /home_gripper http://127.0.0.1:45393/
[rosmaster.master][INFO] 2025-12-18 08:18:05,368: +PARAM [/xtion/rgb/image_proc_rectify_color/interpolation] by /xtion/rgb/image_proc
[rosmaster.master][INFO] 2025-12-18 08:18:05,368: +SERVICE [/home_gripper/set_logger_level] /home_gripper http://127.0.0.1:45393/
[rosmaster.master][INFO] 2025-12-18 08:18:05,369: +SUB [/clock] /joystick_relay http://127.0.0.1:40555/
[rosmaster.master][INFO] 2025-12-18 08:18:05,371: +CACHEDPARAM [/rosout_disable_topics_generation] by /home_gripper
[rosmaster.master][INFO] 2025-12-18 08:18:05,372: +PARAM [/xtion/rgb/image_proc_rectify_color/interpolation] by /xtion/rgb/image_proc
[rosmaster.master][INFO] 2025-12-18 08:18:05,373: +SERVICE [/joystick_relay/get_loggers] /joystick_relay http://127.0.0.1:40555/
[rosmaster.master][INFO] 2025-12-18 08:18:05,375: +PUB [/xtion/rgb/image_rect_color/compressedDepth] /xtion/rgb/image_proc http://127.0.0.1:46821/
[rosmaster.master][INFO] 2025-12-18 08:18:05,376: +SERVICE [/joystick_relay/set_logger_level] /joystick_relay http://127.0.0.1:40555/
[rosmaster.master][INFO] 2025-12-18 08:18:05,377: +SERVICE [/xtion/rgb/image_rect_color/compressedDepth/set_parameters] /xtion/rgb/image_proc http://127.0.0.1:46821/
[rosmaster.master][INFO] 2025-12-18 08:18:05,378: +PUB [/gripper_controller/follow_joint_trajectory/goal] /home_gripper http://127.0.0.1:45393/
[rosmaster.master][INFO] 2025-12-18 08:18:05,380: +PUB [/xtion/rgb/image_rect_color/compressedDepth/parameter_descriptions] /xtion/rgb/image_proc http://127.0.0.1:46821/
[rosmaster.master][INFO] 2025-12-18 08:18:05,382: +PUB [/xtion/rgb/image_rect_color/compressedDepth/parameter_updates] /xtion/rgb/image_proc http://127.0.0.1:46821/
[rosmaster.master][INFO] 2025-12-18 08:18:05,383: +PUB [/gripper_controller/follow_joint_trajectory/cancel] /home_gripper http://127.0.0.1:45393/
[rosmaster.master][INFO] 2025-12-18 08:18:05,387: +SUB [/gripper_controller/follow_joint_trajectory/status] /home_gripper http://127.0.0.1:45393/
[rosmaster.master][INFO] 2025-12-18 08:18:05,390: +PARAM [/xtion/rgb/image_rect_color/compressedDepth/format] by /xtion/rgb/image_proc
[rosmaster.master][INFO] 2025-12-18 08:18:05,391: +PARAM [/xtion/rgb/image_rect_color/compressedDepth/depth_max] by /xtion/rgb/image_proc
[rosmaster.master][INFO] 2025-12-18 08:18:05,392: +SUB [/gripper_controller/follow_joint_trajectory/result] /home_gripper http://127.0.0.1:45393/
[rosmaster.master][INFO] 2025-12-18 08:18:05,393: +PARAM [/xtion/rgb/image_rect_color/compressedDepth/depth_quantization] by /xtion/rgb/image_proc
[rosmaster.master][INFO] 2025-12-18 08:18:05,395: +PARAM [/xtion/rgb/image_rect_color/compressedDepth/png_level] by /xtion/rgb/image_proc
[rosmaster.master][INFO] 2025-12-18 08:18:05,396: +SUB [/gripper_controller/follow_joint_trajectory/feedback] /home_gripper http://127.0.0.1:45393/
[rosmaster.master][INFO] 2025-12-18 08:18:05,397: +PARAM [/xtion/rgb/image_rect_color/compressedDepth/format] by /xtion/rgb/image_proc
[rosmaster.master][INFO] 2025-12-18 08:18:05,398: +PUB [/text_marker] /joystick_relay http://127.0.0.1:40555/
[rosmaster.master][INFO] 2025-12-18 08:18:05,398: +PARAM [/xtion/rgb/image_rect_color/compressedDepth/depth_max] by /xtion/rgb/image_proc
[rosmaster.master][INFO] 2025-12-18 08:18:05,399: +PARAM [/xtion/rgb/image_rect_color/compressedDepth/depth_quantization] by /xtion/rgb/image_proc
[rosmaster.master][INFO] 2025-12-18 08:18:05,400: +PUB [/joy_vel] /joystick_relay http://127.0.0.1:40555/
[rosmaster.master][INFO] 2025-12-18 08:18:05,400: +PARAM [/xtion/rgb/image_rect_color/compressedDepth/png_level] by /xtion/rgb/image_proc
[rosmaster.master][INFO] 2025-12-18 08:18:05,401: publisherUpdate[/rosout] -> http://127.0.0.1:34819/ ['http://127.0.0.1:42733/', 'http://127.0.0.1:39391/', 'http://127.0.0.1:46741/', 'http://127.0.0.1:41781/', 'http://127.0.0.1:46063/', 'http://127.0.0.1:43779/', 'http://127.0.0.1:36173/', 'http://127.0.0.1:40889/', 'http://127.0.0.1:40477/', 'http://127.0.0.1:46821/', 'http://127.0.0.1:41657/', 'http://127.0.0.1:37345/', 'http://127.0.0.1:45811/', 'http://127.0.0.1:45393/']
[rosmaster.master][INFO] 2025-12-18 08:18:05,402: publisherUpdate[/joy_vel] -> http://127.0.0.1:41781/ ['http://127.0.0.1:40555/']
[rosmaster.master][INFO] 2025-12-18 08:18:05,402: +PUB [/xtion/rgb/image_rect_color/compressed] /xtion/rgb/image_proc http://127.0.0.1:46821/
[rosmaster.master][INFO] 2025-12-18 08:18:05,403: +SUB [/input_joy/cmd_vel] /joystick_relay http://127.0.0.1:40555/
[rosmaster.master][INFO] 2025-12-18 08:18:05,403: publisherUpdate[/rosout] -> http://127.0.0.1:34819/ ['http://127.0.0.1:42733/', 'http://127.0.0.1:39391/', 'http://127.0.0.1:46741/', 'http://127.0.0.1:41781/', 'http://127.0.0.1:46063/', 'http://127.0.0.1:43779/', 'http://127.0.0.1:36173/', 'http://127.0.0.1:40889/', 'http://127.0.0.1:40477/', 'http://127.0.0.1:46821/', 'http://127.0.0.1:41657/', 'http://127.0.0.1:37345/', 'http://127.0.0.1:45811/', 'http://127.0.0.1:45393/']: sec=0.00, result=[1, '', 0]
[rosmaster.master][INFO] 2025-12-18 08:18:05,404: publisherUpdate[/rosout] -> http://127.0.0.1:34819/ ['http://127.0.0.1:42733/', 'http://127.0.0.1:39391/', 'http://127.0.0.1:46741/', 'http://127.0.0.1:41781/', 'http://127.0.0.1:46063/', 'http://127.0.0.1:43779/', 'http://127.0.0.1:36173/', 'http://127.0.0.1:40889/', 'http://127.0.0.1:40477/', 'http://127.0.0.1:46821/', 'http://127.0.0.1:41657/', 'http://127.0.0.1:37345/', 'http://127.0.0.1:45811/', 'http://127.0.0.1:45393/', 'http://127.0.0.1:40555/']
[rosmaster.master][INFO] 2025-12-18 08:18:05,404: +SERVICE [/xtion/rgb/image_rect_color/compressed/set_parameters] /xtion/rgb/image_proc http://127.0.0.1:46821/
[rosmaster.master][INFO] 2025-12-18 08:18:05,405: +PUB [/joy_priority] /joystick_relay http://127.0.0.1:40555/
[rosmaster.master][INFO] 2025-12-18 08:18:05,405: publisherUpdate[/joy_vel] -> http://127.0.0.1:41781/ ['http://127.0.0.1:40555/']: sec=0.00, result=[1, '', 0]
[rosmaster.master][INFO] 2025-12-18 08:18:05,406: publisherUpdate[/joy_priority] -> http://127.0.0.1:41781/ ['http://127.0.0.1:40555/']
[rosmaster.master][INFO] 2025-12-18 08:18:05,407: publisherUpdate[/rosout] -> http://127.0.0.1:34819/ ['http://127.0.0.1:42733/', 'http://127.0.0.1:39391/', 'http://127.0.0.1:46741/', 'http://127.0.0.1:41781/', 'http://127.0.0.1:46063/', 'http://127.0.0.1:43779/', 'http://127.0.0.1:36173/', 'http://127.0.0.1:40889/', 'http://127.0.0.1:40477/', 'http://127.0.0.1:46821/', 'http://127.0.0.1:41657/', 'http://127.0.0.1:37345/', 'http://127.0.0.1:45811/', 'http://127.0.0.1:45393/', 'http://127.0.0.1:40555/']: sec=0.00, result=[1, '', 0]
[rosmaster.master][INFO] 2025-12-18 08:18:05,408: publisherUpdate[/joy_priority] -> http://127.0.0.1:41781/ ['http://127.0.0.1:40555/']: sec=0.00, result=[1, '', 0]
[rosmaster.master][INFO] 2025-12-18 08:18:05,407: +PUB [/xtion/rgb/image_rect_color/compressed/parameter_descriptions] /xtion/rgb/image_proc http://127.0.0.1:46821/
[rosmaster.master][INFO] 2025-12-18 08:18:05,410: +PUB [/xtion/rgb/image_rect_color/compressed/parameter_updates] /xtion/rgb/image_proc http://127.0.0.1:46821/
[rosmaster.master][INFO] 2025-12-18 08:18:05,412: +PUB [/joy_priority_action/status] /joystick_relay http://127.0.0.1:40555/
[rosmaster.master][INFO] 2025-12-18 08:18:05,414: +PUB [/joy_priority_action/result] /joystick_relay http://127.0.0.1:40555/
[rosmaster.master][INFO] 2025-12-18 08:18:05,415: +PARAM [/xtion/rgb/image_rect_color/compressed/format] by /xtion/rgb/image_proc
[rosmaster.master][INFO] 2025-12-18 08:18:05,416: +PUB [/joy_priority_action/feedback] /joystick_relay http://127.0.0.1:40555/
[rosmaster.master][INFO] 2025-12-18 08:18:05,417: +PARAM [/xtion/rgb/image_rect_color/compressed/jpeg_quality] by /xtion/rgb/image_proc
[rosmaster.master][INFO] 2025-12-18 08:18:05,417: +PARAM [/xtion/rgb/image_rect_color/compressed/jpeg_progressive] by /xtion/rgb/image_proc
[rosmaster.master][INFO] 2025-12-18 08:18:05,418: +PARAM [/xtion/rgb/image_rect_color/compressed/jpeg_optimize] by /xtion/rgb/image_proc
[rosmaster.master][INFO] 2025-12-18 08:18:05,419: +SUB [/joy_priority_action/goal] /joystick_relay http://127.0.0.1:40555/
[rosmaster.master][INFO] 2025-12-18 08:18:05,419: +PARAM [/xtion/rgb/image_rect_color/compressed/jpeg_restart_interval] by /xtion/rgb/image_proc
[rosmaster.master][INFO] 2025-12-18 08:18:05,420: +PARAM [/xtion/rgb/image_rect_color/compressed/png_level] by /xtion/rgb/image_proc
[rosmaster.master][INFO] 2025-12-18 08:18:05,421: +PARAM [/xtion/rgb/image_rect_color/compressed/format] by /xtion/rgb/image_proc
[rosmaster.master][INFO] 2025-12-18 08:18:05,421: +SUB [/joy_priority_action/cancel] /joystick_relay http://127.0.0.1:40555/
[rosmaster.master][INFO] 2025-12-18 08:18:05,422: +PARAM [/xtion/rgb/image_rect_color/compressed/jpeg_quality] by /xtion/rgb/image_proc
[rosmaster.master][INFO] 2025-12-18 08:18:05,423: +PARAM [/xtion/rgb/image_rect_color/compressed/jpeg_progressive] by /xtion/rgb/image_proc
[rosmaster.master][INFO] 2025-12-18 08:18:05,423: +PARAM [/xtion/rgb/image_rect_color/compressed/jpeg_optimize] by /xtion/rgb/image_proc
[rosmaster.master][INFO] 2025-12-18 08:18:05,424: +PARAM [/xtion/rgb/image_rect_color/compressed/jpeg_restart_interval] by /xtion/rgb/image_proc
[rosmaster.master][INFO] 2025-12-18 08:18:05,425: +PARAM [/xtion/rgb/image_rect_color/compressed/png_level] by /xtion/rgb/image_proc
[rosmaster.master][INFO] 2025-12-18 08:18:05,426: +PUB [/xtion/rgb/image_rect_color] /xtion/rgb/image_proc http://127.0.0.1:46821/
[rosmaster.master][INFO] 2025-12-18 08:18:05,427: +PUB [/xtion/rgb/image_rect_color/theora] /xtion/rgb/image_proc http://127.0.0.1:46821/
[rosmaster.master][INFO] 2025-12-18 08:18:05,427: +PUB [/joy_turbo_increase/status] /joystick_relay http://127.0.0.1:40555/
[rosmaster.master][INFO] 2025-12-18 08:18:05,428: +SERVICE [/xtion/rgb/image_rect_color/theora/set_parameters] /xtion/rgb/image_proc http://127.0.0.1:46821/
[rosmaster.master][INFO] 2025-12-18 08:18:05,429: +PUB [/xtion/rgb/image_rect_color/theora/parameter_descriptions] /xtion/rgb/image_proc http://127.0.0.1:46821/
[rosmaster.master][INFO] 2025-12-18 08:18:05,429: +PUB [/joy_turbo_increase/result] /joystick_relay http://127.0.0.1:40555/
[rosmaster.master][INFO] 2025-12-18 08:18:05,430: +PUB [/xtion/rgb/image_rect_color/theora/parameter_updates] /xtion/rgb/image_proc http://127.0.0.1:46821/
[rosmaster.master][INFO] 2025-12-18 08:18:05,431: +PUB [/joy_turbo_increase/feedback] /joystick_relay http://127.0.0.1:40555/
[rosmaster.master][INFO] 2025-12-18 08:18:05,432: +PARAM [/xtion/rgb/image_rect_color/theora/optimize_for] by /xtion/rgb/image_proc
[rosmaster.master][INFO] 2025-12-18 08:18:05,433: +PARAM [/xtion/rgb/image_rect_color/theora/target_bitrate] by /xtion/rgb/image_proc
[rosmaster.master][INFO] 2025-12-18 08:18:05,434: +PARAM [/xtion/rgb/image_rect_color/theora/quality] by /xtion/rgb/image_proc
[rosmaster.master][INFO] 2025-12-18 08:18:05,434: +SUB [/joy_turbo_increase/goal] /joystick_relay http://127.0.0.1:40555/
[rosmaster.master][INFO] 2025-12-18 08:18:05,435: +PARAM [/xtion/rgb/image_rect_color/theora/keyframe_frequency] by /xtion/rgb/image_proc
[rosmaster.master][INFO] 2025-12-18 08:18:05,436: +PARAM [/xtion/rgb/image_rect_color/theora/optimize_for] by /xtion/rgb/image_proc
[rosmaster.master][INFO] 2025-12-18 08:18:05,436: +SUB [/joy_turbo_increase/cancel] /joystick_relay http://127.0.0.1:40555/
[rosmaster.master][INFO] 2025-12-18 08:18:05,436: +PARAM [/xtion/rgb/image_rect_color/theora/target_bitrate] by /xtion/rgb/image_proc
[rosmaster.master][INFO] 2025-12-18 08:18:05,437: +PARAM [/xtion/rgb/image_rect_color/theora/quality] by /xtion/rgb/image_proc
[rosmaster.master][INFO] 2025-12-18 08:18:05,438: +PARAM [/xtion/rgb/image_rect_color/theora/keyframe_frequency] by /xtion/rgb/image_proc
[rosmaster.master][INFO] 2025-12-18 08:18:05,441: +CACHEDPARAM [/rosout_disable_topics_generation] by /xtion/rgb/image_proc
[rosmaster.master][INFO] 2025-12-18 08:18:05,442: +PUB [/joy_turbo_decrease/status] /joystick_relay http://127.0.0.1:40555/
[rosmaster.master][INFO] 2025-12-18 08:18:05,443: +PUB [/joy_turbo_decrease/result] /joystick_relay http://127.0.0.1:40555/
[rosmaster.master][INFO] 2025-12-18 08:18:05,444: +PUB [/joy_turbo_decrease/feedback] /joystick_relay http://127.0.0.1:40555/
[rosmaster.master][INFO] 2025-12-18 08:18:05,449: +SUB [/joy_turbo_decrease/goal] /joystick_relay http://127.0.0.1:40555/
[rosmaster.master][INFO] 2025-12-18 08:18:05,451: +SUB [/joy_turbo_decrease/cancel] /joystick_relay http://127.0.0.1:40555/
[rosmaster.master][INFO] 2025-12-18 08:18:05,457: +PUB [/joy_turbo_angular_increase/status] /joystick_relay http://127.0.0.1:40555/
[rosmaster.master][INFO] 2025-12-18 08:18:05,459: +PUB [/joy_turbo_angular_increase/result] /joystick_relay http://127.0.0.1:40555/
[rosmaster.master][INFO] 2025-12-18 08:18:05,460: +PUB [/joy_turbo_angular_increase/feedback] /joystick_relay http://127.0.0.1:40555/
[rosmaster.master][INFO] 2025-12-18 08:18:05,463: +SUB [/joy_turbo_angular_increase/goal] /joystick_relay http://127.0.0.1:40555/
[rosmaster.master][INFO] 2025-12-18 08:18:05,465: +SUB [/joy_turbo_angular_increase/cancel] /joystick_relay http://127.0.0.1:40555/
[rosmaster.master][INFO] 2025-12-18 08:18:05,471: +PUB [/joy_turbo_angular_decrease/status] /joystick_relay http://127.0.0.1:40555/
[rosmaster.master][INFO] 2025-12-18 08:18:05,472: +PUB [/joy_turbo_angular_decrease/result] /joystick_relay http://127.0.0.1:40555/
[rosmaster.master][INFO] 2025-12-18 08:18:05,473: +PUB [/joy_turbo_angular_decrease/feedback] /joystick_relay http://127.0.0.1:40555/
[rosmaster.master][INFO] 2025-12-18 08:18:05,476: +SUB [/joy_turbo_angular_decrease/goal] /joystick_relay http://127.0.0.1:40555/
[rosmaster.master][INFO] 2025-12-18 08:18:05,479: +SUB [/joy_turbo_angular_decrease/cancel] /joystick_relay http://127.0.0.1:40555/
[rosmaster.master][INFO] 2025-12-18 08:18:05,484: +PUB [/joy_turbo_reset/status] /joystick_relay http://127.0.0.1:40555/
[rosmaster.master][INFO] 2025-12-18 08:18:05,485: +PUB [/joy_turbo_reset/result] /joystick_relay http://127.0.0.1:40555/
[rosmaster.master][INFO] 2025-12-18 08:18:05,486: +PUB [/joy_turbo_reset/feedback] /joystick_relay http://127.0.0.1:40555/
[rosmaster.master][INFO] 2025-12-18 08:18:05,489: +SUB [/joy_turbo_reset/goal] /joystick_relay http://127.0.0.1:40555/
[rosmaster.master][INFO] 2025-12-18 08:18:05,491: +SUB [/joy_turbo_reset/cancel] /joystick_relay http://127.0.0.1:40555/
[rosmaster.master][INFO] 2025-12-18 08:18:05,513: +PUB [/rosout] /dynamic_footprint_publisher http://127.0.0.1:40579/
[rosmaster.master][INFO] 2025-12-18 08:18:05,515: publisherUpdate[/rosout] -> http://127.0.0.1:34819/ ['http://127.0.0.1:42733/', 'http://127.0.0.1:39391/', 'http://127.0.0.1:46741/', 'http://127.0.0.1:41781/', 'http://127.0.0.1:46063/', 'http://127.0.0.1:43779/', 'http://127.0.0.1:36173/', 'http://127.0.0.1:40889/', 'http://127.0.0.1:40477/', 'http://127.0.0.1:46821/', 'http://127.0.0.1:41657/', 'http://127.0.0.1:37345/', 'http://127.0.0.1:45811/', 'http://127.0.0.1:45393/', 'http://127.0.0.1:40555/', 'http://127.0.0.1:40579/']
[rosmaster.master][INFO] 2025-12-18 08:18:05,516: publisherUpdate[/rosout] -> http://127.0.0.1:34819/ ['http://127.0.0.1:42733/', 'http://127.0.0.1:39391/', 'http://127.0.0.1:46741/', 'http://127.0.0.1:41781/', 'http://127.0.0.1:46063/', 'http://127.0.0.1:43779/', 'http://127.0.0.1:36173/', 'http://127.0.0.1:40889/', 'http://127.0.0.1:40477/', 'http://127.0.0.1:46821/', 'http://127.0.0.1:41657/', 'http://127.0.0.1:37345/', 'http://127.0.0.1:45811/', 'http://127.0.0.1:45393/', 'http://127.0.0.1:40555/', 'http://127.0.0.1:40579/']: sec=0.00, result=[1, '', 0]
[rosmaster.master][INFO] 2025-12-18 08:18:05,518: +SUB [/clock] /dynamic_footprint_publisher http://127.0.0.1:40579/
[rosmaster.master][INFO] 2025-12-18 08:18:05,519: +SERVICE [/dynamic_footprint_publisher/get_loggers] /dynamic_footprint_publisher http://127.0.0.1:40579/
[rosmaster.master][INFO] 2025-12-18 08:18:05,521: +SERVICE [/dynamic_footprint_publisher/set_logger_level] /dynamic_footprint_publisher http://127.0.0.1:40579/
[rosmaster.master][INFO] 2025-12-18 08:18:05,531: +PUB [/tf_stream/goal] /dynamic_footprint_publisher http://127.0.0.1:40579/
[rosmaster.master][INFO] 2025-12-18 08:18:05,532: +PUB [/tf_stream/cancel] /dynamic_footprint_publisher http://127.0.0.1:40579/
[rosmaster.master][INFO] 2025-12-18 08:18:05,536: +SUB [/tf_stream/status] /dynamic_footprint_publisher http://127.0.0.1:40579/
[rosmaster.master][INFO] 2025-12-18 08:18:05,538: +SUB [/tf_stream/result] /dynamic_footprint_publisher http://127.0.0.1:40579/
[rosmaster.master][INFO] 2025-12-18 08:18:05,543: +SUB [/tf_stream/feedback] /dynamic_footprint_publisher http://127.0.0.1:40579/
[rosmaster.master][INFO] 2025-12-18 08:18:05,549: +PUB [/dynamic_footprint_publisher/footprint] /dynamic_footprint_publisher http://127.0.0.1:40579/
[rosmaster.master][INFO] 2025-12-18 08:18:05,553: +PUB [/dynamic_footprint_publisher/footprint_stamped] /dynamic_footprint_publisher http://127.0.0.1:40579/
[rosmaster.master][INFO] 2025-12-18 08:18:05,555: +SERVICE [/dynamic_footprint_publisher/change_params] /dynamic_footprint_publisher http://127.0.0.1:40579/
[rosmaster.master][INFO] 2025-12-18 08:18:05,558: +CACHEDPARAM [/rosout_disable_topics_generation] by /dynamic_footprint_publisher
[rosmaster.master][INFO] 2025-12-18 08:18:05,577: +PUB [/rosout] /bringup_controllers_spawner_ft http://127.0.0.1:44263/
[rosmaster.master][INFO] 2025-12-18 08:18:05,582: +SUB [/clock] /bringup_controllers_spawner_ft http://127.0.0.1:44263/
[rosmaster.master][INFO] 2025-12-18 08:18:05,585: +SERVICE [/bringup_controllers_spawner_ft/get_loggers] /bringup_controllers_spawner_ft http://127.0.0.1:44263/
[rosmaster.master][INFO] 2025-12-18 08:18:05,587: +SERVICE [/bringup_controllers_spawner_ft/set_logger_level] /bringup_controllers_spawner_ft http://127.0.0.1:44263/
[rosmaster.master][INFO] 2025-12-18 08:18:05,593: +CACHEDPARAM [/rosout_disable_topics_generation] by /bringup_controllers_spawner_ft
[rosmaster.master][INFO] 2025-12-18 08:18:05,609: publisherUpdate[/tf_stream/goal] -> http://127.0.0.1:46741/ ['http://127.0.0.1:40579/']
[rosmaster.master][INFO] 2025-12-18 08:18:05,610: publisherUpdate[/rosout] -> http://127.0.0.1:34819/ ['http://127.0.0.1:42733/', 'http://127.0.0.1:39391/', 'http://127.0.0.1:46741/', 'http://127.0.0.1:41781/', 'http://127.0.0.1:46063/', 'http://127.0.0.1:43779/', 'http://127.0.0.1:36173/', 'http://127.0.0.1:40889/', 'http://127.0.0.1:40477/', 'http://127.0.0.1:46821/', 'http://127.0.0.1:41657/', 'http://127.0.0.1:37345/', 'http://127.0.0.1:45811/', 'http://127.0.0.1:45393/', 'http://127.0.0.1:40555/', 'http://127.0.0.1:40579/', 'http://127.0.0.1:44263/']
[rosmaster.master][INFO] 2025-12-18 08:18:05,612: publisherUpdate[/rosout] -> http://127.0.0.1:34819/ ['http://127.0.0.1:42733/', 'http://127.0.0.1:39391/', 'http://127.0.0.1:46741/', 'http://127.0.0.1:41781/', 'http://127.0.0.1:46063/', 'http://127.0.0.1:43779/', 'http://127.0.0.1:36173/', 'http://127.0.0.1:40889/', 'http://127.0.0.1:40477/', 'http://127.0.0.1:46821/', 'http://127.0.0.1:41657/', 'http://127.0.0.1:37345/', 'http://127.0.0.1:45811/', 'http://127.0.0.1:45393/', 'http://127.0.0.1:40555/', 'http://127.0.0.1:40579/', 'http://127.0.0.1:44263/']: sec=0.00, result=[1, '', 0]
[rosmaster.master][INFO] 2025-12-18 08:18:05,613: publisherUpdate[/tf_stream/goal] -> http://127.0.0.1:46741/ ['http://127.0.0.1:40579/']: sec=0.00, result=[1, '', 0]
[rosmaster.master][INFO] 2025-12-18 08:18:05,613: publisherUpdate[/tf_stream/cancel] -> http://127.0.0.1:46741/ ['http://127.0.0.1:40579/']
[rosmaster.master][INFO] 2025-12-18 08:18:05,618: publisherUpdate[/tf_stream/cancel] -> http://127.0.0.1:46741/ ['http://127.0.0.1:40579/']: sec=0.00, result=[1, '', 0]
[rosmaster.master][INFO] 2025-12-18 08:18:05,707: +PUB [/rosout] /default_controllers_spawner http://127.0.0.1:35029/
[rosmaster.master][INFO] 2025-12-18 08:18:05,712: +SUB [/clock] /default_controllers_spawner http://127.0.0.1:35029/
[rosmaster.master][INFO] 2025-12-18 08:18:05,713: publisherUpdate[/rosout] -> http://127.0.0.1:34819/ ['http://127.0.0.1:42733/', 'http://127.0.0.1:39391/', 'http://127.0.0.1:46741/', 'http://127.0.0.1:41781/', 'http://127.0.0.1:46063/', 'http://127.0.0.1:43779/', 'http://127.0.0.1:36173/', 'http://127.0.0.1:40889/', 'http://127.0.0.1:40477/', 'http://127.0.0.1:46821/', 'http://127.0.0.1:41657/', 'http://127.0.0.1:37345/', 'http://127.0.0.1:45811/', 'http://127.0.0.1:45393/', 'http://127.0.0.1:40555/', 'http://127.0.0.1:40579/', 'http://127.0.0.1:44263/', 'http://127.0.0.1:35029/']
[rosmaster.master][INFO] 2025-12-18 08:18:05,715: publisherUpdate[/rosout] -> http://127.0.0.1:34819/ ['http://127.0.0.1:42733/', 'http://127.0.0.1:39391/', 'http://127.0.0.1:46741/', 'http://127.0.0.1:41781/', 'http://127.0.0.1:46063/', 'http://127.0.0.1:43779/', 'http://127.0.0.1:36173/', 'http://127.0.0.1:40889/', 'http://127.0.0.1:40477/', 'http://127.0.0.1:46821/', 'http://127.0.0.1:41657/', 'http://127.0.0.1:37345/', 'http://127.0.0.1:45811/', 'http://127.0.0.1:45393/', 'http://127.0.0.1:40555/', 'http://127.0.0.1:40579/', 'http://127.0.0.1:44263/', 'http://127.0.0.1:35029/']: sec=0.00, result=[1, '', 0]
[rosmaster.master][INFO] 2025-12-18 08:18:05,716: +SERVICE [/default_controllers_spawner/get_loggers] /default_controllers_spawner http://127.0.0.1:35029/
[rosmaster.master][INFO] 2025-12-18 08:18:05,720: +SERVICE [/default_controllers_spawner/set_logger_level] /default_controllers_spawner http://127.0.0.1:35029/
[rosmaster.master][INFO] 2025-12-18 08:18:05,722: +CACHEDPARAM [/rosout_disable_topics_generation] by /default_controllers_spawner
[rosmaster.master][INFO] 2025-12-18 08:18:05,787: +PUB [/rosout] /gazebo http://127.0.0.1:41135/
[rosmaster.master][INFO] 2025-12-18 08:18:05,788: +SERVICE [/gazebo/get_loggers] /gazebo http://127.0.0.1:41135/
[rosmaster.master][INFO] 2025-12-18 08:18:05,789: +SERVICE [/gazebo/set_logger_level] /gazebo http://127.0.0.1:41135/
[rosmaster.master][INFO] 2025-12-18 08:18:05,792: +SUB [/clock] /gazebo http://127.0.0.1:41135/
[rosmaster.master][INFO] 2025-12-18 08:18:05,795: +CACHEDPARAM [/rosout_disable_topics_generation] by /gazebo
[rosmaster.master][INFO] 2025-12-18 08:18:05,817: publisherUpdate[/rosout] -> http://127.0.0.1:34819/ ['http://127.0.0.1:42733/', 'http://127.0.0.1:39391/', 'http://127.0.0.1:46741/', 'http://127.0.0.1:41781/', 'http://127.0.0.1:46063/', 'http://127.0.0.1:43779/', 'http://127.0.0.1:36173/', 'http://127.0.0.1:40889/', 'http://127.0.0.1:40477/', 'http://127.0.0.1:46821/', 'http://127.0.0.1:41657/', 'http://127.0.0.1:37345/', 'http://127.0.0.1:45811/', 'http://127.0.0.1:45393/', 'http://127.0.0.1:40555/', 'http://127.0.0.1:40579/', 'http://127.0.0.1:44263/', 'http://127.0.0.1:35029/', 'http://127.0.0.1:41135/']
[rosmaster.master][INFO] 2025-12-18 08:18:05,819: publisherUpdate[/rosout] -> http://127.0.0.1:34819/ ['http://127.0.0.1:42733/', 'http://127.0.0.1:39391/', 'http://127.0.0.1:46741/', 'http://127.0.0.1:41781/', 'http://127.0.0.1:46063/', 'http://127.0.0.1:43779/', 'http://127.0.0.1:36173/', 'http://127.0.0.1:40889/', 'http://127.0.0.1:40477/', 'http://127.0.0.1:46821/', 'http://127.0.0.1:41657/', 'http://127.0.0.1:37345/', 'http://127.0.0.1:45811/', 'http://127.0.0.1:45393/', 'http://127.0.0.1:40555/', 'http://127.0.0.1:40579/', 'http://127.0.0.1:44263/', 'http://127.0.0.1:35029/', 'http://127.0.0.1:41135/']: sec=0.00, result=[1, '', 0]
[rosmaster.master][INFO] 2025-12-18 08:18:05,832: +PUB [/rosout] /bringup_controllers_spawner_imu http://127.0.0.1:35309/
[rosmaster.master][INFO] 2025-12-18 08:18:05,836: +SUB [/clock] /bringup_controllers_spawner_imu http://127.0.0.1:35309/
[rosmaster.master][INFO] 2025-12-18 08:18:05,838: +SERVICE [/bringup_controllers_spawner_imu/get_loggers] /bringup_controllers_spawner_imu http://127.0.0.1:35309/
[rosmaster.master][INFO] 2025-12-18 08:18:05,839: +SERVICE [/bringup_controllers_spawner_imu/set_logger_level] /bringup_controllers_spawner_imu http://127.0.0.1:35309/
[rosmaster.master][INFO] 2025-12-18 08:18:05,840: +CACHEDPARAM [/rosout_disable_topics_generation] by /bringup_controllers_spawner_imu
[rosmaster.master][INFO] 2025-12-18 08:18:05,843: +PUB [/rosout] /gripper_controllers_spawner http://127.0.0.1:46771/
[rosmaster.master][INFO] 2025-12-18 08:18:05,847: +SUB [/clock] /gripper_controllers_spawner http://127.0.0.1:46771/
[rosmaster.master][INFO] 2025-12-18 08:18:05,849: +SERVICE [/gripper_controllers_spawner/get_loggers] /gripper_controllers_spawner http://127.0.0.1:46771/
[rosmaster.master][INFO] 2025-12-18 08:18:05,850: +SERVICE [/gripper_controllers_spawner/set_logger_level] /gripper_controllers_spawner http://127.0.0.1:46771/
[rosmaster.master][INFO] 2025-12-18 08:18:05,851: +CACHEDPARAM [/rosout_disable_topics_generation] by /gripper_controllers_spawner
[rosmaster.master][INFO] 2025-12-18 08:18:05,919: publisherUpdate[/rosout] -> http://127.0.0.1:34819/ ['http://127.0.0.1:42733/', 'http://127.0.0.1:39391/', 'http://127.0.0.1:46741/', 'http://127.0.0.1:41781/', 'http://127.0.0.1:46063/', 'http://127.0.0.1:43779/', 'http://127.0.0.1:36173/', 'http://127.0.0.1:40889/', 'http://127.0.0.1:40477/', 'http://127.0.0.1:46821/', 'http://127.0.0.1:41657/', 'http://127.0.0.1:37345/', 'http://127.0.0.1:45811/', 'http://127.0.0.1:45393/', 'http://127.0.0.1:40555/', 'http://127.0.0.1:40579/', 'http://127.0.0.1:44263/', 'http://127.0.0.1:35029/', 'http://127.0.0.1:41135/', 'http://127.0.0.1:35309/']
[rosmaster.master][INFO] 2025-12-18 08:18:05,921: publisherUpdate[/rosout] -> http://127.0.0.1:34819/ ['http://127.0.0.1:42733/', 'http://127.0.0.1:39391/', 'http://127.0.0.1:46741/', 'http://127.0.0.1:41781/', 'http://127.0.0.1:46063/', 'http://127.0.0.1:43779/', 'http://127.0.0.1:36173/', 'http://127.0.0.1:40889/', 'http://127.0.0.1:40477/', 'http://127.0.0.1:46821/', 'http://127.0.0.1:41657/', 'http://127.0.0.1:37345/', 'http://127.0.0.1:45811/', 'http://127.0.0.1:45393/', 'http://127.0.0.1:40555/', 'http://127.0.0.1:40579/', 'http://127.0.0.1:44263/', 'http://127.0.0.1:35029/', 'http://127.0.0.1:41135/', 'http://127.0.0.1:35309/']: sec=0.00, result=[1, '', 0]
[rosmaster.master][INFO] 2025-12-18 08:18:05,921: publisherUpdate[/rosout] -> http://127.0.0.1:34819/ ['http://127.0.0.1:42733/', 'http://127.0.0.1:39391/', 'http://127.0.0.1:46741/', 'http://127.0.0.1:41781/', 'http://127.0.0.1:46063/', 'http://127.0.0.1:43779/', 'http://127.0.0.1:36173/', 'http://127.0.0.1:40889/', 'http://127.0.0.1:40477/', 'http://127.0.0.1:46821/', 'http://127.0.0.1:41657/', 'http://127.0.0.1:37345/', 'http://127.0.0.1:45811/', 'http://127.0.0.1:45393/', 'http://127.0.0.1:40555/', 'http://127.0.0.1:40579/', 'http://127.0.0.1:44263/', 'http://127.0.0.1:35029/', 'http://127.0.0.1:41135/', 'http://127.0.0.1:35309/', 'http://127.0.0.1:46771/']
[rosmaster.master][INFO] 2025-12-18 08:18:05,922: publisherUpdate[/rosout] -> http://127.0.0.1:34819/ ['http://127.0.0.1:42733/', 'http://127.0.0.1:39391/', 'http://127.0.0.1:46741/', 'http://127.0.0.1:41781/', 'http://127.0.0.1:46063/', 'http://127.0.0.1:43779/', 'http://127.0.0.1:36173/', 'http://127.0.0.1:40889/', 'http://127.0.0.1:40477/', 'http://127.0.0.1:46821/', 'http://127.0.0.1:41657/', 'http://127.0.0.1:37345/', 'http://127.0.0.1:45811/', 'http://127.0.0.1:45393/', 'http://127.0.0.1:40555/', 'http://127.0.0.1:40579/', 'http://127.0.0.1:44263/', 'http://127.0.0.1:35029/', 'http://127.0.0.1:41135/', 'http://127.0.0.1:35309/', 'http://127.0.0.1:46771/']: sec=0.00, result=[1, '', 0]
[rosmaster.master][INFO] 2025-12-18 08:18:06,556: +PUB [/clock] /gazebo http://127.0.0.1:41135/
[rosmaster.master][INFO] 2025-12-18 08:18:06,557: +SERVICE [/gazebo/spawn_sdf_model] /gazebo http://127.0.0.1:41135/
[rosmaster.master][INFO] 2025-12-18 08:18:06,557: +SERVICE [/gazebo/spawn_urdf_model] /gazebo http://127.0.0.1:41135/
[rosmaster.master][INFO] 2025-12-18 08:18:06,558: +SERVICE [/gazebo/delete_model] /gazebo http://127.0.0.1:41135/
[rosmaster.master][INFO] 2025-12-18 08:18:06,559: +SERVICE [/gazebo/delete_light] /gazebo http://127.0.0.1:41135/
[rosmaster.master][INFO] 2025-12-18 08:18:06,559: +SERVICE [/gazebo/get_model_properties] /gazebo http://127.0.0.1:41135/
[rosmaster.master][INFO] 2025-12-18 08:18:06,560: +SERVICE [/gazebo/get_model_state] /gazebo http://127.0.0.1:41135/
[rosmaster.master][INFO] 2025-12-18 08:18:06,561: +SERVICE [/gazebo/get_world_properties] /gazebo http://127.0.0.1:41135/
[rosmaster.master][INFO] 2025-12-18 08:18:06,561: +SERVICE [/gazebo/get_joint_properties] /gazebo http://127.0.0.1:41135/
[rosmaster.master][INFO] 2025-12-18 08:18:06,562: +SERVICE [/gazebo/get_link_properties] /gazebo http://127.0.0.1:41135/
[rosmaster.master][INFO] 2025-12-18 08:18:06,563: +SERVICE [/gazebo/get_link_state] /gazebo http://127.0.0.1:41135/
[rosmaster.master][INFO] 2025-12-18 08:18:06,563: +SERVICE [/gazebo/get_light_properties] /gazebo http://127.0.0.1:41135/
[rosmaster.master][INFO] 2025-12-18 08:18:06,564: +SERVICE [/gazebo/set_light_properties] /gazebo http://127.0.0.1:41135/
[rosmaster.master][INFO] 2025-12-18 08:18:06,565: +SERVICE [/gazebo/get_physics_properties] /gazebo http://127.0.0.1:41135/
[rosmaster.master][INFO] 2025-12-18 08:18:06,565: +PUB [/gazebo/link_states] /gazebo http://127.0.0.1:41135/
[rosmaster.master][INFO] 2025-12-18 08:18:06,566: +PUB [/gazebo/model_states] /gazebo http://127.0.0.1:41135/
[rosmaster.master][INFO] 2025-12-18 08:18:06,568: +SERVICE [/gazebo/set_link_properties] /gazebo http://127.0.0.1:41135/
[rosmaster.master][INFO] 2025-12-18 08:18:06,569: +SERVICE [/gazebo/set_physics_properties] /gazebo http://127.0.0.1:41135/
[rosmaster.master][INFO] 2025-12-18 08:18:06,570: +SERVICE [/gazebo/set_model_state] /gazebo http://127.0.0.1:41135/
[rosmaster.master][INFO] 2025-12-18 08:18:06,571: +SERVICE [/gazebo/set_model_configuration] /gazebo http://127.0.0.1:41135/
[rosmaster.master][INFO] 2025-12-18 08:18:06,572: +SERVICE [/gazebo/set_joint_properties] /gazebo http://127.0.0.1:41135/
[rosmaster.master][INFO] 2025-12-18 08:18:06,572: +SERVICE [/gazebo/set_link_state] /gazebo http://127.0.0.1:41135/
[rosmaster.master][INFO] 2025-12-18 08:18:06,576: +SUB [/gazebo/set_link_state] /gazebo http://127.0.0.1:41135/
[rosmaster.master][INFO] 2025-12-18 08:18:06,579: +SUB [/gazebo/set_model_state] /gazebo http://127.0.0.1:41135/
[rosmaster.master][INFO] 2025-12-18 08:18:06,579: +SERVICE [/gazebo/pause_physics] /gazebo http://127.0.0.1:41135/
[rosmaster.master][INFO] 2025-12-18 08:18:06,580: +SERVICE [/gazebo/unpause_physics] /gazebo http://127.0.0.1:41135/
[rosmaster.master][INFO] 2025-12-18 08:18:06,581: +SERVICE [/gazebo/apply_body_wrench] /gazebo http://127.0.0.1:41135/
[rosmaster.master][INFO] 2025-12-18 08:18:06,581: +SERVICE [/gazebo/apply_joint_effort] /gazebo http://127.0.0.1:41135/
[rosmaster.master][INFO] 2025-12-18 08:18:06,582: +SERVICE [/gazebo/clear_joint_forces] /gazebo http://127.0.0.1:41135/
[rosmaster.master][INFO] 2025-12-18 08:18:06,582: +SERVICE [/gazebo/clear_body_wrenches] /gazebo http://127.0.0.1:41135/
[rosmaster.master][INFO] 2025-12-18 08:18:06,585: +SERVICE [/gazebo/reset_simulation] /gazebo http://127.0.0.1:41135/
[rosmaster.master][INFO] 2025-12-18 08:18:06,586: +SERVICE [/gazebo/reset_world] /gazebo http://127.0.0.1:41135/
[rosmaster.master][INFO] 2025-12-18 08:18:06,595: +CACHEDPARAM [/rosout_disable_topics_generation] by /spawn_model
[rosmaster.master][INFO] 2025-12-18 08:18:06,595: +SERVICE [/gazebo/set_parameters] /gazebo http://127.0.0.1:41135/
[rosmaster.master][INFO] 2025-12-18 08:18:06,598: +PUB [/gazebo/parameter_descriptions] /gazebo http://127.0.0.1:41135/
[rosmaster.master][INFO] 2025-12-18 08:18:06,599: +PUB [/gazebo/parameter_updates] /gazebo http://127.0.0.1:41135/
[rosmaster.master][INFO] 2025-12-18 08:18:06,620: publisherUpdate[/clock] -> http://127.0.0.1:42733/ ['http://127.0.0.1:41135/']
[rosmaster.master][INFO] 2025-12-18 08:18:06,622: publisherUpdate[/clock] -> http://127.0.0.1:42733/ ['http://127.0.0.1:41135/']: sec=0.00, result=[1, '', 0]
[rosmaster.master][INFO] 2025-12-18 08:18:06,622: publisherUpdate[/clock] -> http://127.0.0.1:39391/ ['http://127.0.0.1:41135/']
[rosmaster.master][INFO] 2025-12-18 08:18:06,622: publisherUpdate[/clock] -> http://127.0.0.1:46741/ ['http://127.0.0.1:41135/']
[rosmaster.master][INFO] 2025-12-18 08:18:06,624: publisherUpdate[/clock] -> http://127.0.0.1:39391/ ['http://127.0.0.1:41135/']: sec=0.00, result=[1, '', 0]
[rosmaster.master][INFO] 2025-12-18 08:18:06,624: publisherUpdate[/clock] -> http://127.0.0.1:41781/ ['http://127.0.0.1:41135/']
[rosmaster.master][INFO] 2025-12-18 08:18:06,625: publisherUpdate[/clock] -> http://127.0.0.1:46063/ ['http://127.0.0.1:41135/']
[rosmaster.master][INFO] 2025-12-18 08:18:06,627: publisherUpdate[/clock] -> http://127.0.0.1:41781/ ['http://127.0.0.1:41135/']: sec=0.00, result=[1, '', 0]
[rosmaster.master][INFO] 2025-12-18 08:18:06,627: publisherUpdate[/clock] -> http://127.0.0.1:43779/ ['http://127.0.0.1:41135/']
[rosmaster.master][INFO] 2025-12-18 08:18:06,628: publisherUpdate[/clock] -> http://127.0.0.1:46741/ ['http://127.0.0.1:41135/']: sec=0.01, result=[1, '', 0]
[rosmaster.master][INFO] 2025-12-18 08:18:06,628: publisherUpdate[/clock] -> http://127.0.0.1:36173/ ['http://127.0.0.1:41135/']
[rosmaster.master][INFO] 2025-12-18 08:18:06,629: +PARAM [/gazebo/time_step] by /gazebo
[rosmaster.master][INFO] 2025-12-18 08:18:06,630: publisherUpdate[/clock] -> http://127.0.0.1:46063/ ['http://127.0.0.1:41135/']: sec=0.00, result=[1, '', 0]
[rosmaster.master][INFO] 2025-12-18 08:18:06,630: publisherUpdate[/clock] -> http://127.0.0.1:40889/ ['http://127.0.0.1:41135/']
[rosmaster.master][INFO] 2025-12-18 08:18:06,631: publisherUpdate[/clock] -> http://127.0.0.1:36173/ ['http://127.0.0.1:41135/']: sec=0.00, result=[1, '', 0]
[rosmaster.master][INFO] 2025-12-18 08:18:06,631: publisherUpdate[/clock] -> http://127.0.0.1:40477/ ['http://127.0.0.1:41135/']
[rosmaster.master][INFO] 2025-12-18 08:18:06,631: +PARAM [/gazebo/max_update_rate] by /gazebo
[rosmaster.master][INFO] 2025-12-18 08:18:06,632: publisherUpdate[/clock] -> http://127.0.0.1:43779/ ['http://127.0.0.1:41135/']: sec=0.00, result=[1, '', 0]
[rosmaster.master][INFO] 2025-12-18 08:18:06,633: publisherUpdate[/clock] -> http://127.0.0.1:46821/ ['http://127.0.0.1:41135/']
[rosmaster.master][INFO] 2025-12-18 08:18:06,633: +PARAM [/gazebo/gravity_x] by /gazebo
[rosmaster.master][INFO] 2025-12-18 08:18:06,634: publisherUpdate[/clock] -> http://127.0.0.1:40889/ ['http://127.0.0.1:41135/']: sec=0.00, result=[1, '', 0]
[rosmaster.master][INFO] 2025-12-18 08:18:06,635: publisherUpdate[/clock] -> http://127.0.0.1:41657/ ['http://127.0.0.1:41135/']
[rosmaster.master][INFO] 2025-12-18 08:18:06,635: publisherUpdate[/clock] -> http://127.0.0.1:46821/ ['http://127.0.0.1:41135/']: sec=0.00, result=[1, '', 0]
[rosmaster.master][INFO] 2025-12-18 08:18:06,636: publisherUpdate[/clock] -> http://127.0.0.1:37345/ ['http://127.0.0.1:41135/']
[rosmaster.master][INFO] 2025-12-18 08:18:06,634: publisherUpdate[/clock] -> http://127.0.0.1:40477/ ['http://127.0.0.1:41135/']: sec=0.00, result=[1, '', 0]
[rosmaster.master][INFO] 2025-12-18 08:18:06,636: publisherUpdate[/clock] -> http://127.0.0.1:45811/ ['http://127.0.0.1:41135/']
[rosmaster.master][INFO] 2025-12-18 08:18:06,636: +PARAM [/gazebo/gravity_y] by /gazebo
[rosmaster.master][INFO] 2025-12-18 08:18:06,638: +PARAM [/gazebo/gravity_z] by /gazebo
[rosmaster.master][INFO] 2025-12-18 08:18:06,639: publisherUpdate[/clock] -> http://127.0.0.1:41657/ ['http://127.0.0.1:41135/']: sec=0.00, result=[1, '', 0]
[rosmaster.master][INFO] 2025-12-18 08:18:06,639: publisherUpdate[/clock] -> http://127.0.0.1:45393/ ['http://127.0.0.1:41135/']
[rosmaster.master][INFO] 2025-12-18 08:18:06,639: +PARAM [/gazebo/auto_disable_bodies] by /gazebo
[rosmaster.master][INFO] 2025-12-18 08:18:06,641: +PARAM [/gazebo/sor_pgs_precon_iters] by /gazebo
[rosmaster.master][INFO] 2025-12-18 08:18:06,642: publisherUpdate[/clock] -> http://127.0.0.1:45811/ ['http://127.0.0.1:41135/']: sec=0.01, result=[1, '', 0]
[rosmaster.master][INFO] 2025-12-18 08:18:06,643: publisherUpdate[/clock] -> http://127.0.0.1:40555/ ['http://127.0.0.1:41135/']
[rosmaster.master][INFO] 2025-12-18 08:18:06,645: publisherUpdate[/clock] -> http://127.0.0.1:37345/ ['http://127.0.0.1:41135/']: sec=0.01, result=[1, '', 0]
[rosmaster.master][INFO] 2025-12-18 08:18:06,650: publisherUpdate[/clock] -> http://127.0.0.1:40579/ ['http://127.0.0.1:41135/']
[rosmaster.master][INFO] 2025-12-18 08:18:06,650: publisherUpdate[/clock] -> http://127.0.0.1:45393/ ['http://127.0.0.1:41135/']: sec=0.01, result=[1, '', 0]
[rosmaster.master][INFO] 2025-12-18 08:18:06,648: +CACHEDPARAM [/rosout_disable_topics_generation] by /spawn_model
[rosmaster.master][INFO] 2025-12-18 08:18:06,651: publisherUpdate[/clock] -> http://127.0.0.1:40555/ ['http://127.0.0.1:41135/']: sec=0.00, result=[1, '', 0]
[rosmaster.master][INFO] 2025-12-18 08:18:06,651: +PARAM [/gazebo/sor_pgs_iters] by /gazebo
[rosmaster.master][INFO] 2025-12-18 08:18:06,651: publisherUpdate[/clock] -> http://127.0.0.1:44263/ ['http://127.0.0.1:41135/']
[rosmaster.master][INFO] 2025-12-18 08:18:06,653: publisherUpdate[/clock] -> http://127.0.0.1:35029/ ['http://127.0.0.1:41135/']
[rosmaster.master][INFO] 2025-12-18 08:18:06,655: -SUB [/clock] /spawn_model http://127.0.0.1:45811/
[rosmaster.master][INFO] 2025-12-18 08:18:06,657: -PUB [/rosout] /spawn_model http://127.0.0.1:45811/
[rosmaster.master][INFO] 2025-12-18 08:18:06,657: -SERVICE [/spawn_model/get_loggers] /spawn_model rosrpc://127.0.0.1:37209
[rosmaster.master][INFO] 2025-12-18 08:18:06,657: -SERVICE [/spawn_model/set_logger_level] /spawn_model rosrpc://127.0.0.1:37209
[rosmaster.master][INFO] 2025-12-18 08:18:06,656: +PARAM [/gazebo/sor_pgs_w] by /gazebo
[rosmaster.master][INFO] 2025-12-18 08:18:06,659: publisherUpdate[/clock] -> http://127.0.0.1:44263/ ['http://127.0.0.1:41135/']: sec=0.00, result=[1, '', 0]
[rosmaster.master][INFO] 2025-12-18 08:18:06,659: publisherUpdate[/clock] -> http://127.0.0.1:41135/ ['http://127.0.0.1:41135/']
[rosmaster.master][INFO] 2025-12-18 08:18:06,662: publisherUpdate[/clock] -> http://127.0.0.1:35029/ ['http://127.0.0.1:41135/']: sec=0.01, result=[1, '', 0]
[rosmaster.master][INFO] 2025-12-18 08:18:06,663: publisherUpdate[/clock] -> http://127.0.0.1:35309/ ['http://127.0.0.1:41135/']
[rosmaster.master][INFO] 2025-12-18 08:18:06,664: +PARAM [/gazebo/sor_pgs_rms_error_tol] by /gazebo
[rosmaster.master][INFO] 2025-12-18 08:18:06,665: publisherUpdate[/clock] -> http://127.0.0.1:40579/ ['http://127.0.0.1:41135/']: sec=0.02, result=[1, '', 0]
[rosmaster.master][INFO] 2025-12-18 08:18:06,665: publisherUpdate[/clock] -> http://127.0.0.1:46771/ ['http://127.0.0.1:41135/']
[rosmaster.master][INFO] 2025-12-18 08:18:06,666: publisherUpdate[/clock] -> http://127.0.0.1:41135/ ['http://127.0.0.1:41135/']: sec=0.01, result=[1, '', 0]
[rosmaster.master][INFO] 2025-12-18 08:18:06,666: publisherUpdate[/rosout] -> http://127.0.0.1:34819/ ['http://127.0.0.1:42733/', 'http://127.0.0.1:39391/', 'http://127.0.0.1:46741/', 'http://127.0.0.1:41781/', 'http://127.0.0.1:46063/', 'http://127.0.0.1:43779/', 'http://127.0.0.1:36173/', 'http://127.0.0.1:40889/', 'http://127.0.0.1:40477/', 'http://127.0.0.1:46821/', 'http://127.0.0.1:41657/', 'http://127.0.0.1:37345/', 'http://127.0.0.1:45393/', 'http://127.0.0.1:40555/', 'http://127.0.0.1:40579/', 'http://127.0.0.1:44263/', 'http://127.0.0.1:35029/', 'http://127.0.0.1:41135/', 'http://127.0.0.1:35309/', 'http://127.0.0.1:46771/']
[rosmaster.master][INFO] 2025-12-18 08:18:06,666: publisherUpdate[/clock] -> http://127.0.0.1:35309/ ['http://127.0.0.1:41135/']: sec=0.00, result=[1, '', 0]
[rosmaster.master][INFO] 2025-12-18 08:18:06,667: +PARAM [/gazebo/cfm] by /gazebo
[rosmaster.master][INFO] 2025-12-18 08:18:06,668: publisherUpdate[/clock] -> http://127.0.0.1:46771/ ['http://127.0.0.1:41135/']: sec=0.00, result=[1, '', 0]
[rosmaster.master][INFO] 2025-12-18 08:18:06,671: publisherUpdate[/rosout] -> http://127.0.0.1:34819/ ['http://127.0.0.1:42733/', 'http://127.0.0.1:39391/', 'http://127.0.0.1:46741/', 'http://127.0.0.1:41781/', 'http://127.0.0.1:46063/', 'http://127.0.0.1:43779/', 'http://127.0.0.1:36173/', 'http://127.0.0.1:40889/', 'http://127.0.0.1:40477/', 'http://127.0.0.1:46821/', 'http://127.0.0.1:41657/', 'http://127.0.0.1:37345/', 'http://127.0.0.1:45393/', 'http://127.0.0.1:40555/', 'http://127.0.0.1:40579/', 'http://127.0.0.1:44263/', 'http://127.0.0.1:35029/', 'http://127.0.0.1:41135/', 'http://127.0.0.1:35309/', 'http://127.0.0.1:46771/']: sec=0.00, result=[1, '', 0]
[rosmaster.master][INFO] 2025-12-18 08:18:06,672: +PARAM [/gazebo/erp] by /gazebo
[rosmaster.master][INFO] 2025-12-18 08:18:06,673: +PARAM [/gazebo/contact_surface_layer] by /gazebo
[rosmaster.master][INFO] 2025-12-18 08:18:06,674: +PARAM [/gazebo/contact_max_correcting_vel] by /gazebo
[rosmaster.master][INFO] 2025-12-18 08:18:06,675: +PARAM [/gazebo/max_contacts] by /gazebo
[rosmaster.master][INFO] 2025-12-18 08:18:06,678: +PARAM [/gazebo/time_step] by /gazebo
[rosmaster.master][INFO] 2025-12-18 08:18:06,679: +PARAM [/gazebo/max_update_rate] by /gazebo
[rosmaster.master][INFO] 2025-12-18 08:18:06,680: +PARAM [/gazebo/gravity_x] by /gazebo
[rosmaster.master][INFO] 2025-12-18 08:18:06,680: +PARAM [/gazebo/gravity_y] by /gazebo
[rosmaster.master][INFO] 2025-12-18 08:18:06,681: +PARAM [/gazebo/gravity_z] by /gazebo
[rosmaster.master][INFO] 2025-12-18 08:18:06,682: +PARAM [/gazebo/auto_disable_bodies] by /gazebo
[rosmaster.master][INFO] 2025-12-18 08:18:06,682: +PARAM [/gazebo/sor_pgs_precon_iters] by /gazebo
[rosmaster.master][INFO] 2025-12-18 08:18:06,683: +PARAM [/gazebo/sor_pgs_iters] by /gazebo
[rosmaster.master][INFO] 2025-12-18 08:18:06,683: +PARAM [/gazebo/sor_pgs_w] by /gazebo
[rosmaster.master][INFO] 2025-12-18 08:18:06,684: +PARAM [/gazebo/sor_pgs_rms_error_tol] by /gazebo
[rosmaster.master][INFO] 2025-12-18 08:18:06,684: +PARAM [/gazebo/cfm] by /gazebo
[rosmaster.master][INFO] 2025-12-18 08:18:06,685: +PARAM [/gazebo/erp] by /gazebo
[rosmaster.master][INFO] 2025-12-18 08:18:06,686: +PARAM [/gazebo/contact_surface_layer] by /gazebo
[rosmaster.master][INFO] 2025-12-18 08:18:06,686: +PARAM [/gazebo/contact_max_correcting_vel] by /gazebo
[rosmaster.master][INFO] 2025-12-18 08:18:06,687: +PARAM [/gazebo/max_contacts] by /gazebo
[rosmaster.master][ERROR] 2025-12-18 08:18:07,349: Traceback (most recent call last):
  File "/opt/ros/noetic/lib/python3/dist-packages/rosmaster/master_api.py", line 177, in validated_f
    code, msg, val = f(*newArgs, **kwds)
  File "/opt/ros/noetic/lib/python3/dist-packages/rosmaster/master_api.py", line 435, in searchParam
    search_key = self.param_server.search_param(caller_id, key)
  File "/opt/ros/noetic/lib/python3/dist-packages/rosmaster/paramserver.py", line 116, in search_param
    raise ValueError("namespace must be global")
ValueError: namespace must be global

[rosmaster.master][INFO] 2025-12-18 08:18:07,350: +PUB [/scan_front_raw] /gazebo http://127.0.0.1:41135/
[rosmaster.master][ERROR] 2025-12-18 08:18:07,354: Traceback (most recent call last):
  File "/opt/ros/noetic/lib/python3/dist-packages/rosmaster/master_api.py", line 177, in validated_f
    code, msg, val = f(*newArgs, **kwds)
  File "/opt/ros/noetic/lib/python3/dist-packages/rosmaster/master_api.py", line 435, in searchParam
    search_key = self.param_server.search_param(caller_id, key)
  File "/opt/ros/noetic/lib/python3/dist-packages/rosmaster/paramserver.py", line 116, in search_param
    raise ValueError("namespace must be global")
ValueError: namespace must be global

[rosmaster.master][INFO] 2025-12-18 08:18:07,355: +PUB [/scan_rear_raw] /gazebo http://127.0.0.1:41135/
[rosmaster.master][INFO] 2025-12-18 08:18:07,396: +SERVICE [/xtion/set_camera_info] /gazebo http://127.0.0.1:41135/
[rosmaster.master][INFO] 2025-12-18 08:18:07,399: +SERVICE [/xtion/set_parameters] /gazebo http://127.0.0.1:41135/
[rosmaster.master][INFO] 2025-12-18 08:18:07,400: +PUB [/xtion/parameter_descriptions] /gazebo http://127.0.0.1:41135/
[rosmaster.master][INFO] 2025-12-18 08:18:07,401: +PUB [/xtion/parameter_updates] /gazebo http://127.0.0.1:41135/
[rosmaster.master][INFO] 2025-12-18 08:18:07,402: +PARAM [/xtion/imager_rate] by /gazebo
[rosmaster.master][INFO] 2025-12-18 08:18:07,402: +PARAM [/xtion/imager_rate] by /gazebo
[rosmaster.master][INFO] 2025-12-18 08:18:07,459: +PUB [/xtion/rgb/image_raw/compressedDepth] /gazebo http://127.0.0.1:41135/
[rosmaster.master][INFO] 2025-12-18 08:18:07,460: +SERVICE [/xtion/rgb/image_raw/compressedDepth/set_parameters] /gazebo http://127.0.0.1:41135/
[rosmaster.master][INFO] 2025-12-18 08:18:07,461: +PUB [/xtion/rgb/image_raw/compressedDepth/parameter_descriptions] /gazebo http://127.0.0.1:41135/
[rosmaster.master][INFO] 2025-12-18 08:18:07,461: +PUB [/xtion/rgb/image_raw/compressedDepth/parameter_updates] /gazebo http://127.0.0.1:41135/
[rosmaster.master][INFO] 2025-12-18 08:18:07,463: +PARAM [/xtion/rgb/image_raw/compressedDepth/format] by /gazebo
[rosmaster.master][INFO] 2025-12-18 08:18:07,464: +PARAM [/xtion/rgb/image_raw/compressedDepth/depth_max] by /gazebo
[rosmaster.master][INFO] 2025-12-18 08:18:07,464: +PARAM [/xtion/rgb/image_raw/compressedDepth/depth_quantization] by /gazebo
[rosmaster.master][INFO] 2025-12-18 08:18:07,465: +PARAM [/xtion/rgb/image_raw/compressedDepth/png_level] by /gazebo
[rosmaster.master][INFO] 2025-12-18 08:18:07,465: +PARAM [/xtion/rgb/image_raw/compressedDepth/format] by /gazebo
[rosmaster.master][INFO] 2025-12-18 08:18:07,466: +PARAM [/xtion/rgb/image_raw/compressedDepth/depth_max] by /gazebo
[rosmaster.master][INFO] 2025-12-18 08:18:07,466: +PARAM [/xtion/rgb/image_raw/compressedDepth/depth_quantization] by /gazebo
[rosmaster.master][INFO] 2025-12-18 08:18:07,466: +PARAM [/xtion/rgb/image_raw/compressedDepth/png_level] by /gazebo
[rosmaster.master][INFO] 2025-12-18 08:18:07,470: +PUB [/xtion/rgb/image_raw/compressed] /gazebo http://127.0.0.1:41135/
[rosmaster.master][INFO] 2025-12-18 08:18:07,471: +SERVICE [/xtion/rgb/image_raw/compressed/set_parameters] /gazebo http://127.0.0.1:41135/
[rosmaster.master][INFO] 2025-12-18 08:18:07,471: +PUB [/xtion/rgb/image_raw/compressed/parameter_descriptions] /gazebo http://127.0.0.1:41135/
[rosmaster.master][INFO] 2025-12-18 08:18:07,472: +PUB [/xtion/rgb/image_raw/compressed/parameter_updates] /gazebo http://127.0.0.1:41135/
[rosmaster.master][INFO] 2025-12-18 08:18:07,474: +PARAM [/xtion/rgb/image_raw/compressed/format] by /gazebo
[rosmaster.master][INFO] 2025-12-18 08:18:07,475: +PARAM [/xtion/rgb/image_raw/compressed/jpeg_quality] by /gazebo
[rosmaster.master][INFO] 2025-12-18 08:18:07,475: +PARAM [/xtion/rgb/image_raw/compressed/jpeg_progressive] by /gazebo
[rosmaster.master][INFO] 2025-12-18 08:18:07,476: +PARAM [/xtion/rgb/image_raw/compressed/jpeg_optimize] by /gazebo
[rosmaster.master][INFO] 2025-12-18 08:18:07,476: +PARAM [/xtion/rgb/image_raw/compressed/jpeg_restart_interval] by /gazebo
[rosmaster.master][INFO] 2025-12-18 08:18:07,477: +PARAM [/xtion/rgb/image_raw/compressed/png_level] by /gazebo
[rosmaster.master][INFO] 2025-12-18 08:18:07,477: +PARAM [/xtion/rgb/image_raw/compressed/format] by /gazebo
[rosmaster.master][INFO] 2025-12-18 08:18:07,478: +PARAM [/xtion/rgb/image_raw/compressed/jpeg_quality] by /gazebo
[rosmaster.master][INFO] 2025-12-18 08:18:07,479: +PARAM [/xtion/rgb/image_raw/compressed/jpeg_progressive] by /gazebo
[rosmaster.master][INFO] 2025-12-18 08:18:07,479: +PARAM [/xtion/rgb/image_raw/compressed/jpeg_optimize] by /gazebo
[rosmaster.master][INFO] 2025-12-18 08:18:07,480: +PARAM [/xtion/rgb/image_raw/compressed/jpeg_restart_interval] by /gazebo
[rosmaster.master][INFO] 2025-12-18 08:18:07,480: +PARAM [/xtion/rgb/image_raw/compressed/png_level] by /gazebo
[rosmaster.master][INFO] 2025-12-18 08:18:07,484: +PUB [/xtion/rgb/image_raw] /gazebo http://127.0.0.1:41135/
[rosmaster.master][INFO] 2025-12-18 08:18:07,488: +PUB [/xtion/rgb/image_raw/theora] /gazebo http://127.0.0.1:41135/
[rosmaster.master][INFO] 2025-12-18 08:18:07,489: +SERVICE [/xtion/rgb/image_raw/theora/set_parameters] /gazebo http://127.0.0.1:41135/
[rosmaster.master][INFO] 2025-12-18 08:18:07,490: +PUB [/xtion/rgb/image_raw/theora/parameter_descriptions] /gazebo http://127.0.0.1:41135/
[rosmaster.master][INFO] 2025-12-18 08:18:07,491: +PUB [/xtion/rgb/image_raw/theora/parameter_updates] /gazebo http://127.0.0.1:41135/
[rosmaster.master][INFO] 2025-12-18 08:18:07,492: +PARAM [/xtion/rgb/image_raw/theora/optimize_for] by /gazebo
[rosmaster.master][INFO] 2025-12-18 08:18:07,493: +PARAM [/xtion/rgb/image_raw/theora/target_bitrate] by /gazebo
[rosmaster.master][INFO] 2025-12-18 08:18:07,493: +PARAM [/xtion/rgb/image_raw/theora/quality] by /gazebo
[rosmaster.master][INFO] 2025-12-18 08:18:07,494: +PARAM [/xtion/rgb/image_raw/theora/keyframe_frequency] by /gazebo
[rosmaster.master][INFO] 2025-12-18 08:18:07,494: +PARAM [/xtion/rgb/image_raw/theora/optimize_for] by /gazebo
[rosmaster.master][INFO] 2025-12-18 08:18:07,495: +PARAM [/xtion/rgb/image_raw/theora/target_bitrate] by /gazebo
[rosmaster.master][INFO] 2025-12-18 08:18:07,495: +PARAM [/xtion/rgb/image_raw/theora/quality] by /gazebo
[rosmaster.master][INFO] 2025-12-18 08:18:07,496: +PARAM [/xtion/rgb/image_raw/theora/keyframe_frequency] by /gazebo
[rosmaster.master][INFO] 2025-12-18 08:18:07,496: +PUB [/xtion/rgb/camera_info] /gazebo http://127.0.0.1:41135/
[rosmaster.master][INFO] 2025-12-18 08:18:07,497: +PUB [/xtion/depth_registered/points] /gazebo http://127.0.0.1:41135/
[rosmaster.master][INFO] 2025-12-18 08:18:07,497: +PUB [/xtion/depth_registered/image_raw] /gazebo http://127.0.0.1:41135/
[rosmaster.master][INFO] 2025-12-18 08:18:07,498: +PUB [/xtion/depth_registered/camera_info] /gazebo http://127.0.0.1:41135/
[rosmaster.master][INFO] 2025-12-18 08:18:07,573: publisherUpdate[/xtion/rgb/image_raw] -> http://127.0.0.1:40889/ ['http://127.0.0.1:41135/']
[rosmaster.master][INFO] 2025-12-18 08:18:07,575: publisherUpdate[/xtion/rgb/image_raw] -> http://127.0.0.1:40889/ ['http://127.0.0.1:41135/']: sec=0.00, result=[1, '', 0]
[rosmaster.master][INFO] 2025-12-18 08:18:07,577: +SERVICE [/gains/torso_lift_joint/set_parameters] /gazebo http://127.0.0.1:41135/
[rosmaster.master][INFO] 2025-12-18 08:18:07,578: +PUB [/gains/torso_lift_joint/parameter_descriptions] /gazebo http://127.0.0.1:41135/
[rosmaster.master][INFO] 2025-12-18 08:18:07,578: +PUB [/gains/torso_lift_joint/parameter_updates] /gazebo http://127.0.0.1:41135/
[rosmaster.master][INFO] 2025-12-18 08:18:07,581: +PARAM [/gains/torso_lift_joint/p] by /gazebo
[rosmaster.master][INFO] 2025-12-18 08:18:07,582: +PARAM [/gains/torso_lift_joint/i] by /gazebo
[rosmaster.master][INFO] 2025-12-18 08:18:07,582: +PARAM [/gains/torso_lift_joint/d] by /gazebo
[rosmaster.master][INFO] 2025-12-18 08:18:07,583: +PARAM [/gains/torso_lift_joint/i_clamp_min] by /gazebo
[rosmaster.master][INFO] 2025-12-18 08:18:07,583: +PARAM [/gains/torso_lift_joint/i_clamp_max] by /gazebo
[rosmaster.master][INFO] 2025-12-18 08:18:07,584: +PARAM [/gains/torso_lift_joint/antiwindup] by /gazebo
[rosmaster.master][INFO] 2025-12-18 08:18:07,584: +PARAM [/gains/torso_lift_joint/p] by /gazebo
[rosmaster.master][INFO] 2025-12-18 08:18:07,585: +PARAM [/gains/torso_lift_joint/i] by /gazebo
[rosmaster.master][INFO] 2025-12-18 08:18:07,585: +PARAM [/gains/torso_lift_joint/d] by /gazebo
[rosmaster.master][INFO] 2025-12-18 08:18:07,586: +PARAM [/gains/torso_lift_joint/i_clamp_min] by /gazebo
[rosmaster.master][INFO] 2025-12-18 08:18:07,586: +PARAM [/gains/torso_lift_joint/i_clamp_max] by /gazebo
[rosmaster.master][INFO] 2025-12-18 08:18:07,586: +PARAM [/gains/torso_lift_joint/antiwindup] by /gazebo
[rosmaster.master][INFO] 2025-12-18 08:18:07,587: +PARAM [/gains/torso_lift_joint/p] by /gazebo
[rosmaster.master][INFO] 2025-12-18 08:18:07,587: +PARAM [/gains/torso_lift_joint/i] by /gazebo
[rosmaster.master][INFO] 2025-12-18 08:18:07,588: +PARAM [/gains/torso_lift_joint/d] by /gazebo
[rosmaster.master][INFO] 2025-12-18 08:18:07,588: +PARAM [/gains/torso_lift_joint/i_clamp_min] by /gazebo
[rosmaster.master][INFO] 2025-12-18 08:18:07,588: +PARAM [/gains/torso_lift_joint/i_clamp_max] by /gazebo
[rosmaster.master][INFO] 2025-12-18 08:18:07,589: +PARAM [/gains/torso_lift_joint/antiwindup] by /gazebo
[rosmaster.master][INFO] 2025-12-18 08:18:07,589: +PARAM [/gains/torso_lift_joint/p] by /gazebo
[rosmaster.master][INFO] 2025-12-18 08:18:07,590: +PARAM [/gains/torso_lift_joint/i] by /gazebo
[rosmaster.master][INFO] 2025-12-18 08:18:07,590: +PARAM [/gains/torso_lift_joint/d] by /gazebo
[rosmaster.master][INFO] 2025-12-18 08:18:07,590: +PARAM [/gains/torso_lift_joint/i_clamp_min] by /gazebo
[rosmaster.master][INFO] 2025-12-18 08:18:07,591: +PARAM [/gains/torso_lift_joint/i_clamp_max] by /gazebo
[rosmaster.master][INFO] 2025-12-18 08:18:07,591: +PARAM [/gains/torso_lift_joint/antiwindup] by /gazebo
[rosmaster.master][INFO] 2025-12-18 08:18:07,595: +SERVICE [/gains/head_1_joint/set_parameters] /gazebo http://127.0.0.1:41135/
[rosmaster.master][INFO] 2025-12-18 08:18:07,596: +PUB [/gains/head_1_joint/parameter_descriptions] /gazebo http://127.0.0.1:41135/
[rosmaster.master][INFO] 2025-12-18 08:18:07,596: +PUB [/gains/head_1_joint/parameter_updates] /gazebo http://127.0.0.1:41135/
[rosmaster.master][INFO] 2025-12-18 08:18:07,598: +PARAM [/gains/head_1_joint/p] by /gazebo
[rosmaster.master][INFO] 2025-12-18 08:18:07,599: +PARAM [/gains/head_1_joint/i] by /gazebo
[rosmaster.master][INFO] 2025-12-18 08:18:07,599: +PARAM [/gains/head_1_joint/d] by /gazebo
[rosmaster.master][INFO] 2025-12-18 08:18:07,600: +PARAM [/gains/head_1_joint/i_clamp_min] by /gazebo
[rosmaster.master][INFO] 2025-12-18 08:18:07,600: +PARAM [/gains/head_1_joint/i_clamp_max] by /gazebo
[rosmaster.master][INFO] 2025-12-18 08:18:07,601: +PARAM [/gains/head_1_joint/antiwindup] by /gazebo
[rosmaster.master][INFO] 2025-12-18 08:18:07,601: +PARAM [/gains/head_1_joint/p] by /gazebo
[rosmaster.master][INFO] 2025-12-18 08:18:07,601: +PARAM [/gains/head_1_joint/i] by /gazebo
[rosmaster.master][INFO] 2025-12-18 08:18:07,602: +PARAM [/gains/head_1_joint/d] by /gazebo
[rosmaster.master][INFO] 2025-12-18 08:18:07,602: +PARAM [/gains/head_1_joint/i_clamp_min] by /gazebo
[rosmaster.master][INFO] 2025-12-18 08:18:07,603: +PARAM [/gains/head_1_joint/i_clamp_max] by /gazebo
[rosmaster.master][INFO] 2025-12-18 08:18:07,603: +PARAM [/gains/head_1_joint/antiwindup] by /gazebo
[rosmaster.master][INFO] 2025-12-18 08:18:07,603: +PARAM [/gains/head_1_joint/p] by /gazebo
[rosmaster.master][INFO] 2025-12-18 08:18:07,604: +PARAM [/gains/head_1_joint/i] by /gazebo
[rosmaster.master][INFO] 2025-12-18 08:18:07,604: +PARAM [/gains/head_1_joint/d] by /gazebo
[rosmaster.master][INFO] 2025-12-18 08:18:07,605: +PARAM [/gains/head_1_joint/i_clamp_min] by /gazebo
[rosmaster.master][INFO] 2025-12-18 08:18:07,605: +PARAM [/gains/head_1_joint/i_clamp_max] by /gazebo
[rosmaster.master][INFO] 2025-12-18 08:18:07,606: +PARAM [/gains/head_1_joint/antiwindup] by /gazebo
[rosmaster.master][INFO] 2025-12-18 08:18:07,606: +PARAM [/gains/head_1_joint/p] by /gazebo
[rosmaster.master][INFO] 2025-12-18 08:18:07,606: +PARAM [/gains/head_1_joint/i] by /gazebo
[rosmaster.master][INFO] 2025-12-18 08:18:07,607: +PARAM [/gains/head_1_joint/d] by /gazebo
[rosmaster.master][INFO] 2025-12-18 08:18:07,607: +PARAM [/gains/head_1_joint/i_clamp_min] by /gazebo
[rosmaster.master][INFO] 2025-12-18 08:18:07,608: +PARAM [/gains/head_1_joint/i_clamp_max] by /gazebo
[rosmaster.master][INFO] 2025-12-18 08:18:07,608: +PARAM [/gains/head_1_joint/antiwindup] by /gazebo
[rosmaster.master][INFO] 2025-12-18 08:18:07,612: +SERVICE [/gains/head_2_joint/set_parameters] /gazebo http://127.0.0.1:41135/
[rosmaster.master][INFO] 2025-12-18 08:18:07,613: +PUB [/gains/head_2_joint/parameter_descriptions] /gazebo http://127.0.0.1:41135/
[rosmaster.master][INFO] 2025-12-18 08:18:07,613: +PUB [/gains/head_2_joint/parameter_updates] /gazebo http://127.0.0.1:41135/
[rosmaster.master][INFO] 2025-12-18 08:18:07,615: +PARAM [/gains/head_2_joint/p] by /gazebo
[rosmaster.master][INFO] 2025-12-18 08:18:07,616: +PARAM [/gains/head_2_joint/i] by /gazebo
[rosmaster.master][INFO] 2025-12-18 08:18:07,616: +PARAM [/gains/head_2_joint/d] by /gazebo
[rosmaster.master][INFO] 2025-12-18 08:18:07,616: +PARAM [/gains/head_2_joint/i_clamp_min] by /gazebo
[rosmaster.master][INFO] 2025-12-18 08:18:07,617: +PARAM [/gains/head_2_joint/i_clamp_max] by /gazebo
[rosmaster.master][INFO] 2025-12-18 08:18:07,617: +PARAM [/gains/head_2_joint/antiwindup] by /gazebo
[rosmaster.master][INFO] 2025-12-18 08:18:07,617: +PARAM [/gains/head_2_joint/p] by /gazebo
[rosmaster.master][INFO] 2025-12-18 08:18:07,618: +PARAM [/gains/head_2_joint/i] by /gazebo
[rosmaster.master][INFO] 2025-12-18 08:18:07,618: +PARAM [/gains/head_2_joint/d] by /gazebo
[rosmaster.master][INFO] 2025-12-18 08:18:07,618: +PARAM [/gains/head_2_joint/i_clamp_min] by /gazebo
[rosmaster.master][INFO] 2025-12-18 08:18:07,619: +PARAM [/gains/head_2_joint/i_clamp_max] by /gazebo
[rosmaster.master][INFO] 2025-12-18 08:18:07,619: +PARAM [/gains/head_2_joint/antiwindup] by /gazebo
[rosmaster.master][INFO] 2025-12-18 08:18:07,619: +PARAM [/gains/head_2_joint/p] by /gazebo
[rosmaster.master][INFO] 2025-12-18 08:18:07,620: +PARAM [/gains/head_2_joint/i] by /gazebo
[rosmaster.master][INFO] 2025-12-18 08:18:07,620: +PARAM [/gains/head_2_joint/d] by /gazebo
[rosmaster.master][INFO] 2025-12-18 08:18:07,620: +PARAM [/gains/head_2_joint/i_clamp_min] by /gazebo
[rosmaster.master][INFO] 2025-12-18 08:18:07,621: +PARAM [/gains/head_2_joint/i_clamp_max] by /gazebo
[rosmaster.master][INFO] 2025-12-18 08:18:07,621: +PARAM [/gains/head_2_joint/antiwindup] by /gazebo
[rosmaster.master][INFO] 2025-12-18 08:18:07,622: +PARAM [/gains/head_2_joint/p] by /gazebo
[rosmaster.master][INFO] 2025-12-18 08:18:07,622: +PARAM [/gains/head_2_joint/i] by /gazebo
[rosmaster.master][INFO] 2025-12-18 08:18:07,623: +PARAM [/gains/head_2_joint/d] by /gazebo
[rosmaster.master][INFO] 2025-12-18 08:18:07,623: +PARAM [/gains/head_2_joint/i_clamp_min] by /gazebo
[rosmaster.master][INFO] 2025-12-18 08:18:07,624: +PARAM [/gains/head_2_joint/i_clamp_max] by /gazebo
[rosmaster.master][INFO] 2025-12-18 08:18:07,624: +PARAM [/gains/head_2_joint/antiwindup] by /gazebo
[rosmaster.master][INFO] 2025-12-18 08:18:07,627: +SERVICE [/gains/arm_5_joint/set_parameters] /gazebo http://127.0.0.1:41135/
[rosmaster.master][INFO] 2025-12-18 08:18:07,627: +PUB [/gains/arm_5_joint/parameter_descriptions] /gazebo http://127.0.0.1:41135/
[rosmaster.master][INFO] 2025-12-18 08:18:07,628: +PUB [/gains/arm_5_joint/parameter_updates] /gazebo http://127.0.0.1:41135/
[rosmaster.master][INFO] 2025-12-18 08:18:07,630: +PARAM [/gains/arm_5_joint/p] by /gazebo
[rosmaster.master][INFO] 2025-12-18 08:18:07,631: +PARAM [/gains/arm_5_joint/i] by /gazebo
[rosmaster.master][INFO] 2025-12-18 08:18:07,631: +PARAM [/gains/arm_5_joint/d] by /gazebo
[rosmaster.master][INFO] 2025-12-18 08:18:07,632: +PARAM [/gains/arm_5_joint/i_clamp_min] by /gazebo
[rosmaster.master][INFO] 2025-12-18 08:18:07,632: +PARAM [/gains/arm_5_joint/i_clamp_max] by /gazebo
[rosmaster.master][INFO] 2025-12-18 08:18:07,633: +PARAM [/gains/arm_5_joint/antiwindup] by /gazebo
[rosmaster.master][INFO] 2025-12-18 08:18:07,633: +PARAM [/gains/arm_5_joint/p] by /gazebo
[rosmaster.master][INFO] 2025-12-18 08:18:07,634: +PARAM [/gains/arm_5_joint/i] by /gazebo
[rosmaster.master][INFO] 2025-12-18 08:18:07,634: +PARAM [/gains/arm_5_joint/d] by /gazebo
[rosmaster.master][INFO] 2025-12-18 08:18:07,634: +PARAM [/gains/arm_5_joint/i_clamp_min] by /gazebo
[rosmaster.master][INFO] 2025-12-18 08:18:07,635: +PARAM [/gains/arm_5_joint/i_clamp_max] by /gazebo
[rosmaster.master][INFO] 2025-12-18 08:18:07,635: +PARAM [/gains/arm_5_joint/antiwindup] by /gazebo
[rosmaster.master][INFO] 2025-12-18 08:18:07,636: +PARAM [/gains/arm_5_joint/p] by /gazebo
[rosmaster.master][INFO] 2025-12-18 08:18:07,636: +PARAM [/gains/arm_5_joint/i] by /gazebo
[rosmaster.master][INFO] 2025-12-18 08:18:07,636: +PARAM [/gains/arm_5_joint/d] by /gazebo
[rosmaster.master][INFO] 2025-12-18 08:18:07,637: +PARAM [/gains/arm_5_joint/i_clamp_min] by /gazebo
[rosmaster.master][INFO] 2025-12-18 08:18:07,637: +PARAM [/gains/arm_5_joint/i_clamp_max] by /gazebo
[rosmaster.master][INFO] 2025-12-18 08:18:07,637: +PARAM [/gains/arm_5_joint/antiwindup] by /gazebo
[rosmaster.master][INFO] 2025-12-18 08:18:07,638: +PARAM [/gains/arm_5_joint/p] by /gazebo
[rosmaster.master][INFO] 2025-12-18 08:18:07,638: +PARAM [/gains/arm_5_joint/i] by /gazebo
[rosmaster.master][INFO] 2025-12-18 08:18:07,638: +PARAM [/gains/arm_5_joint/d] by /gazebo
[rosmaster.master][INFO] 2025-12-18 08:18:07,639: +PARAM [/gains/arm_5_joint/i_clamp_min] by /gazebo
[rosmaster.master][INFO] 2025-12-18 08:18:07,639: +PARAM [/gains/arm_5_joint/i_clamp_max] by /gazebo
[rosmaster.master][INFO] 2025-12-18 08:18:07,639: +PARAM [/gains/arm_5_joint/antiwindup] by /gazebo
[rosmaster.master][INFO] 2025-12-18 08:18:07,643: +SERVICE [/gains/arm_6_joint/set_parameters] /gazebo http://127.0.0.1:41135/
[rosmaster.master][INFO] 2025-12-18 08:18:07,644: +PUB [/gains/arm_6_joint/parameter_descriptions] /gazebo http://127.0.0.1:41135/
[rosmaster.master][INFO] 2025-12-18 08:18:07,644: +PUB [/gains/arm_6_joint/parameter_updates] /gazebo http://127.0.0.1:41135/
[rosmaster.master][INFO] 2025-12-18 08:18:07,646: +PARAM [/gains/arm_6_joint/p] by /gazebo
[rosmaster.master][INFO] 2025-12-18 08:18:07,646: +PARAM [/gains/arm_6_joint/i] by /gazebo
[rosmaster.master][INFO] 2025-12-18 08:18:07,647: +PARAM [/gains/arm_6_joint/d] by /gazebo
[rosmaster.master][INFO] 2025-12-18 08:18:07,647: +PARAM [/gains/arm_6_joint/i_clamp_min] by /gazebo
[rosmaster.master][INFO] 2025-12-18 08:18:07,647: +PARAM [/gains/arm_6_joint/i_clamp_max] by /gazebo
[rosmaster.master][INFO] 2025-12-18 08:18:07,648: +PARAM [/gains/arm_6_joint/antiwindup] by /gazebo
[rosmaster.master][INFO] 2025-12-18 08:18:07,648: +PARAM [/gains/arm_6_joint/p] by /gazebo
[rosmaster.master][INFO] 2025-12-18 08:18:07,648: +PARAM [/gains/arm_6_joint/i] by /gazebo
[rosmaster.master][INFO] 2025-12-18 08:18:07,649: +PARAM [/gains/arm_6_joint/d] by /gazebo
[rosmaster.master][INFO] 2025-12-18 08:18:07,649: +PARAM [/gains/arm_6_joint/i_clamp_min] by /gazebo
[rosmaster.master][INFO] 2025-12-18 08:18:07,649: +PARAM [/gains/arm_6_joint/i_clamp_max] by /gazebo
[rosmaster.master][INFO] 2025-12-18 08:18:07,650: +PARAM [/gains/arm_6_joint/antiwindup] by /gazebo
[rosmaster.master][INFO] 2025-12-18 08:18:07,650: +PARAM [/gains/arm_6_joint/p] by /gazebo
[rosmaster.master][INFO] 2025-12-18 08:18:07,650: +PARAM [/gains/arm_6_joint/i] by /gazebo
[rosmaster.master][INFO] 2025-12-18 08:18:07,651: +PARAM [/gains/arm_6_joint/d] by /gazebo
[rosmaster.master][INFO] 2025-12-18 08:18:07,651: +PARAM [/gains/arm_6_joint/i_clamp_min] by /gazebo
[rosmaster.master][INFO] 2025-12-18 08:18:07,652: +PARAM [/gains/arm_6_joint/i_clamp_max] by /gazebo
[rosmaster.master][INFO] 2025-12-18 08:18:07,652: +PARAM [/gains/arm_6_joint/antiwindup] by /gazebo
[rosmaster.master][INFO] 2025-12-18 08:18:07,653: +PARAM [/gains/arm_6_joint/p] by /gazebo
[rosmaster.master][INFO] 2025-12-18 08:18:07,654: +PARAM [/gains/arm_6_joint/i] by /gazebo
[rosmaster.master][INFO] 2025-12-18 08:18:07,654: +PARAM [/gains/arm_6_joint/d] by /gazebo
[rosmaster.master][INFO] 2025-12-18 08:18:07,654: +PARAM [/gains/arm_6_joint/i_clamp_min] by /gazebo
[rosmaster.master][INFO] 2025-12-18 08:18:07,655: +PARAM [/gains/arm_6_joint/i_clamp_max] by /gazebo
[rosmaster.master][INFO] 2025-12-18 08:18:07,655: +PARAM [/gains/arm_6_joint/antiwindup] by /gazebo
[rosmaster.master][INFO] 2025-12-18 08:18:07,660: +SERVICE [/gains/arm_7_joint/set_parameters] /gazebo http://127.0.0.1:41135/
[rosmaster.master][INFO] 2025-12-18 08:18:07,660: +PUB [/gains/arm_7_joint/parameter_descriptions] /gazebo http://127.0.0.1:41135/
[rosmaster.master][INFO] 2025-12-18 08:18:07,661: +PUB [/gains/arm_7_joint/parameter_updates] /gazebo http://127.0.0.1:41135/
[rosmaster.master][INFO] 2025-12-18 08:18:07,663: +PARAM [/gains/arm_7_joint/p] by /gazebo
[rosmaster.master][INFO] 2025-12-18 08:18:07,664: +PARAM [/gains/arm_7_joint/i] by /gazebo
[rosmaster.master][INFO] 2025-12-18 08:18:07,664: +PARAM [/gains/arm_7_joint/d] by /gazebo
[rosmaster.master][INFO] 2025-12-18 08:18:07,665: +PARAM [/gains/arm_7_joint/i_clamp_min] by /gazebo
[rosmaster.master][INFO] 2025-12-18 08:18:07,666: +PARAM [/gains/arm_7_joint/i_clamp_max] by /gazebo
[rosmaster.master][INFO] 2025-12-18 08:18:07,666: +PARAM [/gains/arm_7_joint/antiwindup] by /gazebo
[rosmaster.master][INFO] 2025-12-18 08:18:07,666: +PARAM [/gains/arm_7_joint/p] by /gazebo
[rosmaster.master][INFO] 2025-12-18 08:18:07,667: +PARAM [/gains/arm_7_joint/i] by /gazebo
[rosmaster.master][INFO] 2025-12-18 08:18:07,667: +PARAM [/gains/arm_7_joint/d] by /gazebo
[rosmaster.master][INFO] 2025-12-18 08:18:07,668: +PARAM [/gains/arm_7_joint/i_clamp_min] by /gazebo
[rosmaster.master][INFO] 2025-12-18 08:18:07,668: +PARAM [/gains/arm_7_joint/i_clamp_max] by /gazebo
[rosmaster.master][INFO] 2025-12-18 08:18:07,669: +PARAM [/gains/arm_7_joint/antiwindup] by /gazebo
[rosmaster.master][INFO] 2025-12-18 08:18:07,669: +PARAM [/gains/arm_7_joint/p] by /gazebo
[rosmaster.master][INFO] 2025-12-18 08:18:07,669: +PARAM [/gains/arm_7_joint/i] by /gazebo
[rosmaster.master][INFO] 2025-12-18 08:18:07,670: +PARAM [/gains/arm_7_joint/d] by /gazebo
[rosmaster.master][INFO] 2025-12-18 08:18:07,670: +PARAM [/gains/arm_7_joint/i_clamp_min] by /gazebo
[rosmaster.master][INFO] 2025-12-18 08:18:07,671: +PARAM [/gains/arm_7_joint/i_clamp_max] by /gazebo
[rosmaster.master][INFO] 2025-12-18 08:18:07,671: +PARAM [/gains/arm_7_joint/antiwindup] by /gazebo
[rosmaster.master][INFO] 2025-12-18 08:18:07,672: +PARAM [/gains/arm_7_joint/p] by /gazebo
[rosmaster.master][INFO] 2025-12-18 08:18:07,672: +PARAM [/gains/arm_7_joint/i] by /gazebo
[rosmaster.master][INFO] 2025-12-18 08:18:07,673: +PARAM [/gains/arm_7_joint/d] by /gazebo
[rosmaster.master][INFO] 2025-12-18 08:18:07,673: +PARAM [/gains/arm_7_joint/i_clamp_min] by /gazebo
[rosmaster.master][INFO] 2025-12-18 08:18:07,674: +PARAM [/gains/arm_7_joint/i_clamp_max] by /gazebo
[rosmaster.master][INFO] 2025-12-18 08:18:07,674: +PARAM [/gains/arm_7_joint/antiwindup] by /gazebo
[rosmaster.master][INFO] 2025-12-18 08:18:07,678: +SERVICE [/gains/arm_1_joint/set_parameters] /gazebo http://127.0.0.1:41135/
[rosmaster.master][INFO] 2025-12-18 08:18:07,678: +PUB [/gains/arm_1_joint/parameter_descriptions] /gazebo http://127.0.0.1:41135/
[rosmaster.master][INFO] 2025-12-18 08:18:07,678: +PUB [/gains/arm_1_joint/parameter_updates] /gazebo http://127.0.0.1:41135/
[rosmaster.master][INFO] 2025-12-18 08:18:07,680: +PARAM [/gains/arm_1_joint/p] by /gazebo
[rosmaster.master][INFO] 2025-12-18 08:18:07,681: +PARAM [/gains/arm_1_joint/i] by /gazebo
[rosmaster.master][INFO] 2025-12-18 08:18:07,681: +PARAM [/gains/arm_1_joint/d] by /gazebo
[rosmaster.master][INFO] 2025-12-18 08:18:07,681: +PARAM [/gains/arm_1_joint/i_clamp_min] by /gazebo
[rosmaster.master][INFO] 2025-12-18 08:18:07,682: +PARAM [/gains/arm_1_joint/i_clamp_max] by /gazebo
[rosmaster.master][INFO] 2025-12-18 08:18:07,682: +PARAM [/gains/arm_1_joint/antiwindup] by /gazebo
[rosmaster.master][INFO] 2025-12-18 08:18:07,683: +PARAM [/gains/arm_1_joint/p] by /gazebo
[rosmaster.master][INFO] 2025-12-18 08:18:07,683: +PARAM [/gains/arm_1_joint/i] by /gazebo
[rosmaster.master][INFO] 2025-12-18 08:18:07,684: +PARAM [/gains/arm_1_joint/d] by /gazebo
[rosmaster.master][INFO] 2025-12-18 08:18:07,684: +PARAM [/gains/arm_1_joint/i_clamp_min] by /gazebo
[rosmaster.master][INFO] 2025-12-18 08:18:07,685: +PARAM [/gains/arm_1_joint/i_clamp_max] by /gazebo
[rosmaster.master][INFO] 2025-12-18 08:18:07,685: +PARAM [/gains/arm_1_joint/antiwindup] by /gazebo
[rosmaster.master][INFO] 2025-12-18 08:18:07,686: +PARAM [/gains/arm_1_joint/p] by /gazebo
[rosmaster.master][INFO] 2025-12-18 08:18:07,686: +PARAM [/gains/arm_1_joint/i] by /gazebo
[rosmaster.master][INFO] 2025-12-18 08:18:07,686: +PARAM [/gains/arm_1_joint/d] by /gazebo
[rosmaster.master][INFO] 2025-12-18 08:18:07,687: +PARAM [/gains/arm_1_joint/i_clamp_min] by /gazebo
[rosmaster.master][INFO] 2025-12-18 08:18:07,687: +PARAM [/gains/arm_1_joint/i_clamp_max] by /gazebo
[rosmaster.master][INFO] 2025-12-18 08:18:07,688: +PARAM [/gains/arm_1_joint/antiwindup] by /gazebo
[rosmaster.master][INFO] 2025-12-18 08:18:07,688: +PARAM [/gains/arm_1_joint/p] by /gazebo
[rosmaster.master][INFO] 2025-12-18 08:18:07,689: +PARAM [/gains/arm_1_joint/i] by /gazebo
[rosmaster.master][INFO] 2025-12-18 08:18:07,689: +PARAM [/gains/arm_1_joint/d] by /gazebo
[rosmaster.master][INFO] 2025-12-18 08:18:07,690: +PARAM [/gains/arm_1_joint/i_clamp_min] by /gazebo
[rosmaster.master][INFO] 2025-12-18 08:18:07,690: +PARAM [/gains/arm_1_joint/i_clamp_max] by /gazebo
[rosmaster.master][INFO] 2025-12-18 08:18:07,690: +PARAM [/gains/arm_1_joint/antiwindup] by /gazebo
[rosmaster.master][INFO] 2025-12-18 08:18:07,695: +SERVICE [/gains/arm_2_joint/set_parameters] /gazebo http://127.0.0.1:41135/
[rosmaster.master][INFO] 2025-12-18 08:18:07,695: +PUB [/gains/arm_2_joint/parameter_descriptions] /gazebo http://127.0.0.1:41135/
[rosmaster.master][INFO] 2025-12-18 08:18:07,696: +PUB [/gains/arm_2_joint/parameter_updates] /gazebo http://127.0.0.1:41135/
[rosmaster.master][INFO] 2025-12-18 08:18:07,698: +PARAM [/gains/arm_2_joint/p] by /gazebo
[rosmaster.master][INFO] 2025-12-18 08:18:07,698: +PARAM [/gains/arm_2_joint/i] by /gazebo
[rosmaster.master][INFO] 2025-12-18 08:18:07,699: +PARAM [/gains/arm_2_joint/d] by /gazebo
[rosmaster.master][INFO] 2025-12-18 08:18:07,699: +PARAM [/gains/arm_2_joint/i_clamp_min] by /gazebo
[rosmaster.master][INFO] 2025-12-18 08:18:07,700: +PARAM [/gains/arm_2_joint/i_clamp_max] by /gazebo
[rosmaster.master][INFO] 2025-12-18 08:18:07,700: +PARAM [/gains/arm_2_joint/antiwindup] by /gazebo
[rosmaster.master][INFO] 2025-12-18 08:18:07,700: +PARAM [/gains/arm_2_joint/p] by /gazebo
[rosmaster.master][INFO] 2025-12-18 08:18:07,701: +PARAM [/gains/arm_2_joint/i] by /gazebo
[rosmaster.master][INFO] 2025-12-18 08:18:07,701: +PARAM [/gains/arm_2_joint/d] by /gazebo
[rosmaster.master][INFO] 2025-12-18 08:18:07,701: +PARAM [/gains/arm_2_joint/i_clamp_min] by /gazebo
[rosmaster.master][INFO] 2025-12-18 08:18:07,702: +PARAM [/gains/arm_2_joint/i_clamp_max] by /gazebo
[rosmaster.master][INFO] 2025-12-18 08:18:07,702: +PARAM [/gains/arm_2_joint/antiwindup] by /gazebo
[rosmaster.master][INFO] 2025-12-18 08:18:07,702: +PARAM [/gains/arm_2_joint/p] by /gazebo
[rosmaster.master][INFO] 2025-12-18 08:18:07,703: +PARAM [/gains/arm_2_joint/i] by /gazebo
[rosmaster.master][INFO] 2025-12-18 08:18:07,703: +PARAM [/gains/arm_2_joint/d] by /gazebo
[rosmaster.master][INFO] 2025-12-18 08:18:07,703: +PARAM [/gains/arm_2_joint/i_clamp_min] by /gazebo
[rosmaster.master][INFO] 2025-12-18 08:18:07,703: +PARAM [/gains/arm_2_joint/i_clamp_max] by /gazebo
[rosmaster.master][INFO] 2025-12-18 08:18:07,704: +PARAM [/gains/arm_2_joint/antiwindup] by /gazebo
[rosmaster.master][INFO] 2025-12-18 08:18:07,704: +PARAM [/gains/arm_2_joint/p] by /gazebo
[rosmaster.master][INFO] 2025-12-18 08:18:07,705: +PARAM [/gains/arm_2_joint/i] by /gazebo
[rosmaster.master][INFO] 2025-12-18 08:18:07,705: +PARAM [/gains/arm_2_joint/d] by /gazebo
[rosmaster.master][INFO] 2025-12-18 08:18:07,705: +PARAM [/gains/arm_2_joint/i_clamp_min] by /gazebo
[rosmaster.master][INFO] 2025-12-18 08:18:07,706: +PARAM [/gains/arm_2_joint/i_clamp_max] by /gazebo
[rosmaster.master][INFO] 2025-12-18 08:18:07,706: +PARAM [/gains/arm_2_joint/antiwindup] by /gazebo
[rosmaster.master][INFO] 2025-12-18 08:18:07,711: +SERVICE [/gains/arm_3_joint/set_parameters] /gazebo http://127.0.0.1:41135/
[rosmaster.master][INFO] 2025-12-18 08:18:07,711: +PUB [/gains/arm_3_joint/parameter_descriptions] /gazebo http://127.0.0.1:41135/
[rosmaster.master][INFO] 2025-12-18 08:18:07,711: +PUB [/gains/arm_3_joint/parameter_updates] /gazebo http://127.0.0.1:41135/
[rosmaster.master][INFO] 2025-12-18 08:18:07,713: +PARAM [/gains/arm_3_joint/p] by /gazebo
[rosmaster.master][INFO] 2025-12-18 08:18:07,714: +PARAM [/gains/arm_3_joint/i] by /gazebo
[rosmaster.master][INFO] 2025-12-18 08:18:07,714: +PARAM [/gains/arm_3_joint/d] by /gazebo
[rosmaster.master][INFO] 2025-12-18 08:18:07,714: +PARAM [/gains/arm_3_joint/i_clamp_min] by /gazebo
[rosmaster.master][INFO] 2025-12-18 08:18:07,715: +PARAM [/gains/arm_3_joint/i_clamp_max] by /gazebo
[rosmaster.master][INFO] 2025-12-18 08:18:07,715: +PARAM [/gains/arm_3_joint/antiwindup] by /gazebo
[rosmaster.master][INFO] 2025-12-18 08:18:07,715: +PARAM [/gains/arm_3_joint/p] by /gazebo
[rosmaster.master][INFO] 2025-12-18 08:18:07,716: +PARAM [/gains/arm_3_joint/i] by /gazebo
[rosmaster.master][INFO] 2025-12-18 08:18:07,716: +PARAM [/gains/arm_3_joint/d] by /gazebo
[rosmaster.master][INFO] 2025-12-18 08:18:07,717: +PARAM [/gains/arm_3_joint/i_clamp_min] by /gazebo
[rosmaster.master][INFO] 2025-12-18 08:18:07,717: +PARAM [/gains/arm_3_joint/i_clamp_max] by /gazebo
[rosmaster.master][INFO] 2025-12-18 08:18:07,718: +PARAM [/gains/arm_3_joint/antiwindup] by /gazebo
[rosmaster.master][INFO] 2025-12-18 08:18:07,718: +PARAM [/gains/arm_3_joint/p] by /gazebo
[rosmaster.master][INFO] 2025-12-18 08:18:07,719: +PARAM [/gains/arm_3_joint/i] by /gazebo
[rosmaster.master][INFO] 2025-12-18 08:18:07,719: +PARAM [/gains/arm_3_joint/d] by /gazebo
[rosmaster.master][INFO] 2025-12-18 08:18:07,719: +PARAM [/gains/arm_3_joint/i_clamp_min] by /gazebo
[rosmaster.master][INFO] 2025-12-18 08:18:07,720: +PARAM [/gains/arm_3_joint/i_clamp_max] by /gazebo
[rosmaster.master][INFO] 2025-12-18 08:18:07,720: +PARAM [/gains/arm_3_joint/antiwindup] by /gazebo
[rosmaster.master][INFO] 2025-12-18 08:18:07,721: +PARAM [/gains/arm_3_joint/p] by /gazebo
[rosmaster.master][INFO] 2025-12-18 08:18:07,721: +PARAM [/gains/arm_3_joint/i] by /gazebo
[rosmaster.master][INFO] 2025-12-18 08:18:07,722: +PARAM [/gains/arm_3_joint/d] by /gazebo
[rosmaster.master][INFO] 2025-12-18 08:18:07,722: +PARAM [/gains/arm_3_joint/i_clamp_min] by /gazebo
[rosmaster.master][INFO] 2025-12-18 08:18:07,723: +PARAM [/gains/arm_3_joint/i_clamp_max] by /gazebo
[rosmaster.master][INFO] 2025-12-18 08:18:07,723: +PARAM [/gains/arm_3_joint/antiwindup] by /gazebo
[rosmaster.master][INFO] 2025-12-18 08:18:07,727: +SERVICE [/gains/arm_4_joint/set_parameters] /gazebo http://127.0.0.1:41135/
[rosmaster.master][INFO] 2025-12-18 08:18:07,728: +PUB [/gains/arm_4_joint/parameter_descriptions] /gazebo http://127.0.0.1:41135/
[rosmaster.master][INFO] 2025-12-18 08:18:07,728: +PUB [/gains/arm_4_joint/parameter_updates] /gazebo http://127.0.0.1:41135/
[rosmaster.master][INFO] 2025-12-18 08:18:07,731: +PARAM [/gains/arm_4_joint/p] by /gazebo
[rosmaster.master][INFO] 2025-12-18 08:18:07,731: +PARAM [/gains/arm_4_joint/i] by /gazebo
[rosmaster.master][INFO] 2025-12-18 08:18:07,732: +PARAM [/gains/arm_4_joint/d] by /gazebo
[rosmaster.master][INFO] 2025-12-18 08:18:07,732: +PARAM [/gains/arm_4_joint/i_clamp_min] by /gazebo
[rosmaster.master][INFO] 2025-12-18 08:18:07,732: +PARAM [/gains/arm_4_joint/i_clamp_max] by /gazebo
[rosmaster.master][INFO] 2025-12-18 08:18:07,733: +PARAM [/gains/arm_4_joint/antiwindup] by /gazebo
[rosmaster.master][INFO] 2025-12-18 08:18:07,733: +PARAM [/gains/arm_4_joint/p] by /gazebo
[rosmaster.master][INFO] 2025-12-18 08:18:07,734: +PARAM [/gains/arm_4_joint/i] by /gazebo
[rosmaster.master][INFO] 2025-12-18 08:18:07,734: +PARAM [/gains/arm_4_joint/d] by /gazebo
[rosmaster.master][INFO] 2025-12-18 08:18:07,735: +PARAM [/gains/arm_4_joint/i_clamp_min] by /gazebo
[rosmaster.master][INFO] 2025-12-18 08:18:07,735: +PARAM [/gains/arm_4_joint/i_clamp_max] by /gazebo
[rosmaster.master][INFO] 2025-12-18 08:18:07,736: +PARAM [/gains/arm_4_joint/antiwindup] by /gazebo
[rosmaster.master][INFO] 2025-12-18 08:18:07,736: +PARAM [/gains/arm_4_joint/p] by /gazebo
[rosmaster.master][INFO] 2025-12-18 08:18:07,737: +PARAM [/gains/arm_4_joint/i] by /gazebo
[rosmaster.master][INFO] 2025-12-18 08:18:07,737: +PARAM [/gains/arm_4_joint/d] by /gazebo
[rosmaster.master][INFO] 2025-12-18 08:18:07,737: +PARAM [/gains/arm_4_joint/i_clamp_min] by /gazebo
[rosmaster.master][INFO] 2025-12-18 08:18:07,738: +PARAM [/gains/arm_4_joint/i_clamp_max] by /gazebo
[rosmaster.master][INFO] 2025-12-18 08:18:07,738: +PARAM [/gains/arm_4_joint/antiwindup] by /gazebo
[rosmaster.master][INFO] 2025-12-18 08:18:07,739: +PARAM [/gains/arm_4_joint/p] by /gazebo
[rosmaster.master][INFO] 2025-12-18 08:18:07,739: +PARAM [/gains/arm_4_joint/i] by /gazebo
[rosmaster.master][INFO] 2025-12-18 08:18:07,739: +PARAM [/gains/arm_4_joint/d] by /gazebo
[rosmaster.master][INFO] 2025-12-18 08:18:07,740: +PARAM [/gains/arm_4_joint/i_clamp_min] by /gazebo
[rosmaster.master][INFO] 2025-12-18 08:18:07,740: +PARAM [/gains/arm_4_joint/i_clamp_max] by /gazebo
[rosmaster.master][INFO] 2025-12-18 08:18:07,741: +PARAM [/gains/arm_4_joint/antiwindup] by /gazebo
[rosmaster.master][INFO] 2025-12-18 08:18:07,744: +SERVICE [/gains/gripper_left_finger_joint/set_parameters] /gazebo http://127.0.0.1:41135/
[rosmaster.master][INFO] 2025-12-18 08:18:07,745: +PUB [/gains/gripper_left_finger_joint/parameter_descriptions] /gazebo http://127.0.0.1:41135/
[rosmaster.master][INFO] 2025-12-18 08:18:07,745: +PUB [/gains/gripper_left_finger_joint/parameter_updates] /gazebo http://127.0.0.1:41135/
[rosmaster.master][INFO] 2025-12-18 08:18:07,747: +PARAM [/gains/gripper_left_finger_joint/p] by /gazebo
[rosmaster.master][INFO] 2025-12-18 08:18:07,748: +PARAM [/gains/gripper_left_finger_joint/i] by /gazebo
[rosmaster.master][INFO] 2025-12-18 08:18:07,748: +PARAM [/gains/gripper_left_finger_joint/d] by /gazebo
[rosmaster.master][INFO] 2025-12-18 08:18:07,748: +PARAM [/gains/gripper_left_finger_joint/i_clamp_min] by /gazebo
[rosmaster.master][INFO] 2025-12-18 08:18:07,749: +PARAM [/gains/gripper_left_finger_joint/i_clamp_max] by /gazebo
[rosmaster.master][INFO] 2025-12-18 08:18:07,749: +PARAM [/gains/gripper_left_finger_joint/antiwindup] by /gazebo
[rosmaster.master][INFO] 2025-12-18 08:18:07,749: +PARAM [/gains/gripper_left_finger_joint/p] by /gazebo
[rosmaster.master][INFO] 2025-12-18 08:18:07,750: +PARAM [/gains/gripper_left_finger_joint/i] by /gazebo
[rosmaster.master][INFO] 2025-12-18 08:18:07,750: +PARAM [/gains/gripper_left_finger_joint/d] by /gazebo
[rosmaster.master][INFO] 2025-12-18 08:18:07,750: +PARAM [/gains/gripper_left_finger_joint/i_clamp_min] by /gazebo
[rosmaster.master][INFO] 2025-12-18 08:18:07,751: +PARAM [/gains/gripper_left_finger_joint/i_clamp_max] by /gazebo
[rosmaster.master][INFO] 2025-12-18 08:18:07,751: +PARAM [/gains/gripper_left_finger_joint/antiwindup] by /gazebo
[rosmaster.master][INFO] 2025-12-18 08:18:07,751: +PARAM [/gains/gripper_left_finger_joint/p] by /gazebo
[rosmaster.master][INFO] 2025-12-18 08:18:07,752: +PARAM [/gains/gripper_left_finger_joint/i] by /gazebo
[rosmaster.master][INFO] 2025-12-18 08:18:07,752: +PARAM [/gains/gripper_left_finger_joint/d] by /gazebo
[rosmaster.master][INFO] 2025-12-18 08:18:07,753: +PARAM [/gains/gripper_left_finger_joint/i_clamp_min] by /gazebo
[rosmaster.master][INFO] 2025-12-18 08:18:07,753: +PARAM [/gains/gripper_left_finger_joint/i_clamp_max] by /gazebo
[rosmaster.master][INFO] 2025-12-18 08:18:07,753: +PARAM [/gains/gripper_left_finger_joint/antiwindup] by /gazebo
[rosmaster.master][INFO] 2025-12-18 08:18:07,754: +PARAM [/gains/gripper_left_finger_joint/p] by /gazebo
[rosmaster.master][INFO] 2025-12-18 08:18:07,754: +PARAM [/gains/gripper_left_finger_joint/i] by /gazebo
[rosmaster.master][INFO] 2025-12-18 08:18:07,755: +PARAM [/gains/gripper_left_finger_joint/d] by /gazebo
[rosmaster.master][INFO] 2025-12-18 08:18:07,755: +PARAM [/gains/gripper_left_finger_joint/i_clamp_min] by /gazebo
[rosmaster.master][INFO] 2025-12-18 08:18:07,755: +PARAM [/gains/gripper_left_finger_joint/i_clamp_max] by /gazebo
[rosmaster.master][INFO] 2025-12-18 08:18:07,756: +PARAM [/gains/gripper_left_finger_joint/antiwindup] by /gazebo
[rosmaster.master][INFO] 2025-12-18 08:18:07,758: +SERVICE [/gains/gripper_right_finger_joint/set_parameters] /gazebo http://127.0.0.1:41135/
[rosmaster.master][INFO] 2025-12-18 08:18:07,759: +PUB [/gains/gripper_right_finger_joint/parameter_descriptions] /gazebo http://127.0.0.1:41135/
[rosmaster.master][INFO] 2025-12-18 08:18:07,759: +PUB [/gains/gripper_right_finger_joint/parameter_updates] /gazebo http://127.0.0.1:41135/
[rosmaster.master][INFO] 2025-12-18 08:18:07,762: +PARAM [/gains/gripper_right_finger_joint/p] by /gazebo
[rosmaster.master][INFO] 2025-12-18 08:18:07,762: +PARAM [/gains/gripper_right_finger_joint/i] by /gazebo
[rosmaster.master][INFO] 2025-12-18 08:18:07,763: +PARAM [/gains/gripper_right_finger_joint/d] by /gazebo
[rosmaster.master][INFO] 2025-12-18 08:18:07,763: +PARAM [/gains/gripper_right_finger_joint/i_clamp_min] by /gazebo
[rosmaster.master][INFO] 2025-12-18 08:18:07,764: +PARAM [/gains/gripper_right_finger_joint/i_clamp_max] by /gazebo
[rosmaster.master][INFO] 2025-12-18 08:18:07,764: +PARAM [/gains/gripper_right_finger_joint/antiwindup] by /gazebo
[rosmaster.master][INFO] 2025-12-18 08:18:07,765: +PARAM [/gains/gripper_right_finger_joint/p] by /gazebo
[rosmaster.master][INFO] 2025-12-18 08:18:07,765: +PARAM [/gains/gripper_right_finger_joint/i] by /gazebo
[rosmaster.master][INFO] 2025-12-18 08:18:07,766: +PARAM [/gains/gripper_right_finger_joint/d] by /gazebo
[rosmaster.master][INFO] 2025-12-18 08:18:07,766: +PARAM [/gains/gripper_right_finger_joint/i_clamp_min] by /gazebo
[rosmaster.master][INFO] 2025-12-18 08:18:07,767: +PARAM [/gains/gripper_right_finger_joint/i_clamp_max] by /gazebo
[rosmaster.master][INFO] 2025-12-18 08:18:07,767: +PARAM [/gains/gripper_right_finger_joint/antiwindup] by /gazebo
[rosmaster.master][INFO] 2025-12-18 08:18:07,767: +PARAM [/gains/gripper_right_finger_joint/p] by /gazebo
[rosmaster.master][INFO] 2025-12-18 08:18:07,768: +PARAM [/gains/gripper_right_finger_joint/i] by /gazebo
[rosmaster.master][INFO] 2025-12-18 08:18:07,768: +PARAM [/gains/gripper_right_finger_joint/d] by /gazebo
[rosmaster.master][INFO] 2025-12-18 08:18:07,769: +PARAM [/gains/gripper_right_finger_joint/i_clamp_min] by /gazebo
[rosmaster.master][INFO] 2025-12-18 08:18:07,769: +PARAM [/gains/gripper_right_finger_joint/i_clamp_max] by /gazebo
[rosmaster.master][INFO] 2025-12-18 08:18:07,770: +PARAM [/gains/gripper_right_finger_joint/antiwindup] by /gazebo
[rosmaster.master][INFO] 2025-12-18 08:18:07,770: +PARAM [/gains/gripper_right_finger_joint/p] by /gazebo
[rosmaster.master][INFO] 2025-12-18 08:18:07,771: +PARAM [/gains/gripper_right_finger_joint/i] by /gazebo
[rosmaster.master][INFO] 2025-12-18 08:18:07,771: +PARAM [/gains/gripper_right_finger_joint/d] by /gazebo
[rosmaster.master][INFO] 2025-12-18 08:18:07,771: +PARAM [/gains/gripper_right_finger_joint/i_clamp_min] by /gazebo
[rosmaster.master][INFO] 2025-12-18 08:18:07,772: +PARAM [/gains/gripper_right_finger_joint/i_clamp_max] by /gazebo
[rosmaster.master][INFO] 2025-12-18 08:18:07,772: +PARAM [/gains/gripper_right_finger_joint/antiwindup] by /gazebo
[rosmaster.master][INFO] 2025-12-18 08:18:07,780: +SERVICE [/controller_manager/list_controllers] /gazebo http://127.0.0.1:41135/
[rosmaster.master][INFO] 2025-12-18 08:18:07,780: +SERVICE [/controller_manager/list_controller_types] /gazebo http://127.0.0.1:41135/
[rosmaster.master][INFO] 2025-12-18 08:18:07,781: +SERVICE [/controller_manager/load_controller] /gazebo http://127.0.0.1:41135/
[rosmaster.master][INFO] 2025-12-18 08:18:07,781: +SERVICE [/controller_manager/unload_controller] /gazebo http://127.0.0.1:41135/
[rosmaster.master][INFO] 2025-12-18 08:18:07,782: +SERVICE [/controller_manager/switch_controller] /gazebo http://127.0.0.1:41135/
[rosmaster.master][INFO] 2025-12-18 08:18:07,782: +SERVICE [/controller_manager/reload_controller_libraries] /gazebo http://127.0.0.1:41135/
[rosmaster.master][ERROR] 2025-12-18 08:18:07,795: Traceback (most recent call last):
  File "/opt/ros/noetic/lib/python3/dist-packages/rosmaster/master_api.py", line 177, in validated_f
    code, msg, val = f(*newArgs, **kwds)
  File "/opt/ros/noetic/lib/python3/dist-packages/rosmaster/master_api.py", line 435, in searchParam
    search_key = self.param_server.search_param(caller_id, key)
  File "/opt/ros/noetic/lib/python3/dist-packages/rosmaster/paramserver.py", line 116, in search_param
    raise ValueError("namespace must be global")
ValueError: namespace must be global

[rosmaster.master][INFO] 2025-12-18 08:18:07,796: +PUB [/tf] /gazebo http://127.0.0.1:41135/
[rosmaster.master][INFO] 2025-12-18 08:18:07,798: +SUB [/mobile_base_controller/cmd_vel] /gazebo http://127.0.0.1:41135/
[rosmaster.master][INFO] 2025-12-18 08:18:07,799: +PUB [/mobile_base_controller/odom] /gazebo http://127.0.0.1:41135/
[rosmaster.master][INFO] 2025-12-18 08:18:07,809: +PUB [/ground_truth_odom] /gazebo http://127.0.0.1:41135/
[rosmaster.master][INFO] 2025-12-18 08:18:07,821: +PUB [/gazebo/world_odometry/parameter_descriptions] /gazebo http://127.0.0.1:41135/
[rosmaster.master][INFO] 2025-12-18 08:18:07,822: +PUB [/gazebo/world_odometry/parameter_updates] /gazebo http://127.0.0.1:41135/
[rosmaster.master][INFO] 2025-12-18 08:18:07,822: +SERVICE [/gazebo/world_odometry/set_parameters] /gazebo http://127.0.0.1:41135/
[rosmaster.master][INFO] 2025-12-18 08:18:07,823: +PUB [/floating_base_pose_simulated] /gazebo http://127.0.0.1:41135/
[rosmaster.master][INFO] 2025-12-18 08:18:07,823: +PUB [/introspection_data/full] /gazebo http://127.0.0.1:41135/
[rosmaster.master][INFO] 2025-12-18 08:18:07,825: +PUB [/introspection_data/names] /gazebo http://127.0.0.1:41135/
[rosmaster.master][INFO] 2025-12-18 08:18:07,826: +PUB [/introspection_data/values] /gazebo http://127.0.0.1:41135/
[rosmaster.master][INFO] 2025-12-18 08:18:07,831: +SUB [/move_group/status] /play_motion http://127.0.0.1:46063/
[rosmaster.master][INFO] 2025-12-18 08:18:07,832: +SUB [/arm_controller/follow_joint_trajectory/status] /move_group http://127.0.0.1:36173/
[rosmaster.master][INFO] 2025-12-18 08:18:07,836: +PUB [/tfs_14596000000] /tf_lookup http://127.0.0.1:46741/
[rosmaster.master][INFO] 2025-12-18 08:18:07,837: +SERVICE [/throttle_filtering_points/set_parameters] /throttle_filtering_points http://127.0.0.1:40477/
[rosmaster.master][INFO] 2025-12-18 08:18:07,837: +SUB [/move_group/feedback] /play_motion http://127.0.0.1:46063/
[rosmaster.master][INFO] 2025-12-18 08:18:07,840: +PUB [/throttle_filtering_points/parameter_descriptions] /throttle_filtering_points http://127.0.0.1:40477/
[rosmaster.master][INFO] 2025-12-18 08:18:07,841: +PUB [/throttle_filtering_points/parameter_updates] /throttle_filtering_points http://127.0.0.1:40477/
[rosmaster.master][INFO] 2025-12-18 08:18:07,843: +SUB [/tfs_14596000000] /dynamic_footprint_publisher http://127.0.0.1:40579/
[rosmaster.master][INFO] 2025-12-18 08:18:07,844: +SUB [/arm_controller/follow_joint_trajectory/feedback] /move_group http://127.0.0.1:36173/
[rosmaster.master][INFO] 2025-12-18 08:18:07,845: +PARAM [/throttle_filtering_points/throttle_node_rate] by /throttle_filtering_points
[rosmaster.master][INFO] 2025-12-18 08:18:07,845: +CACHEDPARAM [/rosout_disable_topics_generation] by /default_controllers_spawner
[rosmaster.master][INFO] 2025-12-18 08:18:07,846: +SUB [/move_group/result] /play_motion http://127.0.0.1:46063/
[rosmaster.master][INFO] 2025-12-18 08:18:07,848: +PARAM [/throttle_filtering_points/downsampling_size] by /throttle_filtering_points
[rosmaster.master][INFO] 2025-12-18 08:18:07,850: +SUB [/arm_controller/follow_joint_trajectory/result] /move_group http://127.0.0.1:36173/
[rosmaster.master][INFO] 2025-12-18 08:18:07,853: +PUB [/move_group/goal] /play_motion http://127.0.0.1:46063/
[rosmaster.master][INFO] 2025-12-18 08:18:07,854: +CACHEDPARAM [/rosout_disable_topics_generation] by /throttle_filtering_points
[rosmaster.master][INFO] 2025-12-18 08:18:07,854: +PUB [/arm_controller/follow_joint_trajectory/goal] /move_group http://127.0.0.1:36173/
[rosmaster.master][INFO] 2025-12-18 08:18:07,854: +PUB [/move_group/cancel] /play_motion http://127.0.0.1:46063/
[rosmaster.master][INFO] 2025-12-18 08:18:07,855: +PUB [/arm_controller/follow_joint_trajectory/cancel] /move_group http://127.0.0.1:36173/
[rosmaster.master][INFO] 2025-12-18 08:18:07,857: +CACHEDPARAM [/rosout_disable_topics_generation] by /default_controllers_spawner
[rosmaster.master][INFO] 2025-12-18 08:18:07,858: +PUB [/throttle_filtering_points/filtered_points] /throttle_filtering_points http://127.0.0.1:40477/
[rosmaster.master][INFO] 2025-12-18 08:18:07,859: +PARAM [/throttle_filtering_points/throttle_node_rate] by /throttle_filtering_points
[rosmaster.master][INFO] 2025-12-18 08:18:07,860: +PARAM [/throttle_filtering_points/downsampling_size] by /throttle_filtering_points
[rosmaster.master][INFO] 2025-12-18 08:18:07,863: +CACHEDPARAM [/rosout_disable_topics_generation] by /default_controllers_spawner
[rosmaster.master][INFO] 2025-12-18 08:18:07,876: publisherUpdate[/tf] -> http://127.0.0.1:42733/ ['http://127.0.0.1:39391/', 'http://127.0.0.1:41135/']
[rosmaster.master][INFO] 2025-12-18 08:18:07,876: publisherUpdate[/tf] -> http://127.0.0.1:46741/ ['http://127.0.0.1:39391/', 'http://127.0.0.1:41135/']
[rosmaster.master][INFO] 2025-12-18 08:18:07,877: publisherUpdate[/tf] -> http://127.0.0.1:46063/ ['http://127.0.0.1:39391/', 'http://127.0.0.1:41135/']
[rosmaster.master][INFO] 2025-12-18 08:18:07,880: publisherUpdate[/tf] -> http://127.0.0.1:46741/ ['http://127.0.0.1:39391/', 'http://127.0.0.1:41135/']: sec=0.00, result=[1, '', 0]
[rosmaster.master][INFO] 2025-12-18 08:18:07,880: publisherUpdate[/tf] -> http://127.0.0.1:36173/ ['http://127.0.0.1:39391/', 'http://127.0.0.1:41135/']
[rosmaster.master][INFO] 2025-12-18 08:18:07,881: +PUB [/joint_states] /gazebo http://127.0.0.1:41135/
[rosmaster.master][INFO] 2025-12-18 08:18:07,881: publisherUpdate[/tf] -> http://127.0.0.1:46063/ ['http://127.0.0.1:39391/', 'http://127.0.0.1:41135/']: sec=0.00, result=[1, '', 0]
[rosmaster.master][INFO] 2025-12-18 08:18:07,883: publisherUpdate[/joint_states] -> http://127.0.0.1:39391/ ['http://127.0.0.1:41135/']
[rosmaster.master][INFO] 2025-12-18 08:18:07,883: publisherUpdate[/tf] -> http://127.0.0.1:42733/ ['http://127.0.0.1:39391/', 'http://127.0.0.1:41135/']: sec=0.01, result=[1, '', 0]
[rosmaster.master][INFO] 2025-12-18 08:18:07,884: publisherUpdate[/joint_states] -> http://127.0.0.1:46063/ ['http://127.0.0.1:41135/']
[rosmaster.master][INFO] 2025-12-18 08:18:07,885: publisherUpdate[/tf] -> http://127.0.0.1:36173/ ['http://127.0.0.1:39391/', 'http://127.0.0.1:41135/']: sec=0.00, result=[1, '', 0]
[rosmaster.master][INFO] 2025-12-18 08:18:07,885: publisherUpdate[/joint_states] -> http://127.0.0.1:39391/ ['http://127.0.0.1:41135/']: sec=0.00, result=[1, '', 0]
[rosmaster.master][INFO] 2025-12-18 08:18:07,886: publisherUpdate[/joint_states] -> http://127.0.0.1:41657/ ['http://127.0.0.1:41135/']
[rosmaster.master][INFO] 2025-12-18 08:18:07,886: publisherUpdate[/joint_states] -> http://127.0.0.1:46063/ ['http://127.0.0.1:41135/']: sec=0.00, result=[1, '', 0]
[rosmaster.master][INFO] 2025-12-18 08:18:07,885: publisherUpdate[/joint_states] -> http://127.0.0.1:36173/ ['http://127.0.0.1:41135/']
[rosmaster.master][INFO] 2025-12-18 08:18:07,887: +CACHEDPARAM [/rosout_disable_topics_generation] by /default_controllers_spawner
[rosmaster.master][INFO] 2025-12-18 08:18:07,888: publisherUpdate[/joint_states] -> http://127.0.0.1:36173/ ['http://127.0.0.1:41135/']: sec=0.00, result=[1, '', 0]
[rosmaster.master][INFO] 2025-12-18 08:18:07,896: publisherUpdate[/joint_states] -> http://127.0.0.1:41657/ ['http://127.0.0.1:41135/']: sec=0.01, result=[1, '', 0]
[rosmaster.master][INFO] 2025-12-18 08:18:07,931: +SUB [/torso_controller/command] /gazebo http://127.0.0.1:41135/
[rosmaster.master][INFO] 2025-12-18 08:18:07,932: +PUB [/torso_controller/state] /gazebo http://127.0.0.1:41135/
[rosmaster.master][INFO] 2025-12-18 08:18:07,934: +PUB [/torso_controller/follow_joint_trajectory/result] /gazebo http://127.0.0.1:41135/
[rosmaster.master][INFO] 2025-12-18 08:18:07,935: +PUB [/torso_controller/follow_joint_trajectory/feedback] /gazebo http://127.0.0.1:41135/
[rosmaster.master][INFO] 2025-12-18 08:18:07,936: +PUB [/torso_controller/follow_joint_trajectory/status] /gazebo http://127.0.0.1:41135/
[rosmaster.master][INFO] 2025-12-18 08:18:07,940: +SUB [/torso_controller/follow_joint_trajectory/goal] /gazebo http://127.0.0.1:41135/
[rosmaster.master][INFO] 2025-12-18 08:18:07,943: +SUB [/torso_controller/follow_joint_trajectory/cancel] /gazebo http://127.0.0.1:41135/
[rosmaster.master][INFO] 2025-12-18 08:18:07,944: +SERVICE [/torso_controller/query_state] /gazebo http://127.0.0.1:41135/
[rosmaster.master][INFO] 2025-12-18 08:18:07,947: +CACHEDPARAM [/rosout_disable_topics_generation] by /default_controllers_spawner
[rosmaster.master][INFO] 2025-12-18 08:18:07,958: +CACHEDPARAM [/rosout_disable_topics_generation] by /bringup_controllers_spawner_imu
[rosmaster.master][INFO] 2025-12-18 08:18:07,971: +CACHEDPARAM [/rosout_disable_topics_generation] by /bringup_controllers_spawner_imu
[rosmaster.master][INFO] 2025-12-18 08:18:07,973: +CACHEDPARAM [/rosout_disable_topics_generation] by /gripper_controllers_spawner
[rosmaster.master][INFO] 2025-12-18 08:18:07,981: +CACHEDPARAM [/rosout_disable_topics_generation] by /bringup_controllers_spawner_imu
[rosmaster.master][INFO] 2025-12-18 08:18:07,985: +CACHEDPARAM [/rosout_disable_topics_generation] by /gripper_controllers_spawner
[rosmaster.master][INFO] 2025-12-18 08:18:07,988: +SUB [/head_controller/command] /gazebo http://127.0.0.1:41135/
[rosmaster.master][INFO] 2025-12-18 08:18:07,989: +PUB [/head_controller/state] /gazebo http://127.0.0.1:41135/
[rosmaster.master][INFO] 2025-12-18 08:18:07,989: publisherUpdate[/head_controller/state] -> http://127.0.0.1:42733/ ['http://127.0.0.1:41135/']
[rosmaster.master][INFO] 2025-12-18 08:18:07,995: +PUB [/head_controller/follow_joint_trajectory/result] /gazebo http://127.0.0.1:41135/
[rosmaster.master][INFO] 2025-12-18 08:18:07,996: publisherUpdate[/head_controller/state] -> http://127.0.0.1:42733/ ['http://127.0.0.1:41135/']: sec=0.00, result=[1, '', 0]
[rosmaster.master][INFO] 2025-12-18 08:18:07,996: +CACHEDPARAM [/rosout_disable_topics_generation] by /gripper_controllers_spawner
[rosmaster.master][INFO] 2025-12-18 08:18:07,998: +PUB [/head_controller/follow_joint_trajectory/feedback] /gazebo http://127.0.0.1:41135/
[rosmaster.master][INFO] 2025-12-18 08:18:07,998: +PUB [/head_controller/follow_joint_trajectory/status] /gazebo http://127.0.0.1:41135/
[rosmaster.master][INFO] 2025-12-18 08:18:08,005: +SUB [/head_controller/follow_joint_trajectory/goal] /gazebo http://127.0.0.1:41135/
[rosmaster.master][INFO] 2025-12-18 08:18:08,008: +SUB [/head_controller/follow_joint_trajectory/cancel] /gazebo http://127.0.0.1:41135/
[rosmaster.master][INFO] 2025-12-18 08:18:08,008: +SERVICE [/head_controller/query_state] /gazebo http://127.0.0.1:41135/
[rosmaster.master][INFO] 2025-12-18 08:18:08,011: +CACHEDPARAM [/rosout_disable_topics_generation] by /default_controllers_spawner
[rosmaster.master][INFO] 2025-12-18 08:18:08,017: +CACHEDPARAM [/rosout_disable_topics_generation] by /bringup_controllers_spawner_ft
[rosmaster.master][INFO] 2025-12-18 08:18:08,020: +PUB [/base_imu] /gazebo http://127.0.0.1:41135/
[rosmaster.master][INFO] 2025-12-18 08:18:08,025: +CACHEDPARAM [/rosout_disable_topics_generation] by /bringup_controllers_spawner_ft
[rosmaster.master][INFO] 2025-12-18 08:18:08,027: +CACHEDPARAM [/rosout_disable_topics_generation] by /bringup_controllers_spawner_imu
[rosmaster.master][INFO] 2025-12-18 08:18:08,032: +CACHEDPARAM [/rosout_disable_topics_generation] by /bringup_controllers_spawner_ft
[rosmaster.master][INFO] 2025-12-18 08:18:08,055: +SUB [/arm_controller/command] /gazebo http://127.0.0.1:41135/
[rosmaster.master][INFO] 2025-12-18 08:18:08,056: +PUB [/arm_controller/state] /gazebo http://127.0.0.1:41135/
[rosmaster.master][INFO] 2025-12-18 08:18:08,057: +PUB [/arm_controller/follow_joint_trajectory/result] /gazebo http://127.0.0.1:41135/
[rosmaster.master][INFO] 2025-12-18 08:18:08,058: +PUB [/arm_controller/follow_joint_trajectory/feedback] /gazebo http://127.0.0.1:41135/
[rosmaster.master][INFO] 2025-12-18 08:18:08,058: +PUB [/arm_controller/follow_joint_trajectory/status] /gazebo http://127.0.0.1:41135/
[rosmaster.master][INFO] 2025-12-18 08:18:08,063: +SUB [/arm_controller/follow_joint_trajectory/goal] /gazebo http://127.0.0.1:41135/
[rosmaster.master][INFO] 2025-12-18 08:18:08,065: +SUB [/arm_controller/follow_joint_trajectory/cancel] /gazebo http://127.0.0.1:41135/
[rosmaster.master][INFO] 2025-12-18 08:18:08,066: +SERVICE [/arm_controller/query_state] /gazebo http://127.0.0.1:41135/
[rosmaster.master][INFO] 2025-12-18 08:18:08,069: +CACHEDPARAM [/rosout_disable_topics_generation] by /default_controllers_spawner
[rosmaster.master][INFO] 2025-12-18 08:18:08,088: publisherUpdate[/arm_controller/follow_joint_trajectory/result] -> http://127.0.0.1:36173/ ['http://127.0.0.1:41135/']
[rosmaster.master][INFO] 2025-12-18 08:18:08,089: +SUB [/gripper_controller/command] /gazebo http://127.0.0.1:41135/
[rosmaster.master][INFO] 2025-12-18 08:18:08,090: +PUB [/gripper_controller/state] /gazebo http://127.0.0.1:41135/
[rosmaster.master][INFO] 2025-12-18 08:18:08,091: publisherUpdate[/arm_controller/follow_joint_trajectory/result] -> http://127.0.0.1:36173/ ['http://127.0.0.1:41135/']: sec=0.00, result=[1, '', 0]
[rosmaster.master][INFO] 2025-12-18 08:18:08,092: publisherUpdate[/arm_controller/follow_joint_trajectory/feedback] -> http://127.0.0.1:36173/ ['http://127.0.0.1:41135/']
[rosmaster.master][INFO] 2025-12-18 08:18:08,094: +PUB [/gripper_controller/follow_joint_trajectory/result] /gazebo http://127.0.0.1:41135/
[rosmaster.master][INFO] 2025-12-18 08:18:08,094: publisherUpdate[/arm_controller/follow_joint_trajectory/feedback] -> http://127.0.0.1:36173/ ['http://127.0.0.1:41135/']: sec=0.00, result=[1, '', 0]
[rosmaster.master][INFO] 2025-12-18 08:18:08,094: publisherUpdate[/arm_controller/follow_joint_trajectory/status] -> http://127.0.0.1:36173/ ['http://127.0.0.1:41135/']
[rosmaster.master][INFO] 2025-12-18 08:18:08,095: +PUB [/gripper_controller/follow_joint_trajectory/feedback] /gazebo http://127.0.0.1:41135/
[rosmaster.master][INFO] 2025-12-18 08:18:08,096: publisherUpdate[/arm_controller/follow_joint_trajectory/status] -> http://127.0.0.1:36173/ ['http://127.0.0.1:41135/']: sec=0.00, result=[1, '', 0]
[rosmaster.master][INFO] 2025-12-18 08:18:08,096: publisherUpdate[/gripper_controller/follow_joint_trajectory/result] -> http://127.0.0.1:45393/ ['http://127.0.0.1:41135/']
[rosmaster.master][INFO] 2025-12-18 08:18:08,097: +PUB [/gripper_controller/follow_joint_trajectory/status] /gazebo http://127.0.0.1:41135/
[rosmaster.master][INFO] 2025-12-18 08:18:08,099: publisherUpdate[/gripper_controller/follow_joint_trajectory/result] -> http://127.0.0.1:45393/ ['http://127.0.0.1:41135/']: sec=0.00, result=[1, '', 0]
[rosmaster.master][INFO] 2025-12-18 08:18:08,100: publisherUpdate[/gripper_controller/follow_joint_trajectory/feedback] -> http://127.0.0.1:45393/ ['http://127.0.0.1:41135/']
[rosmaster.master][INFO] 2025-12-18 08:18:08,103: publisherUpdate[/gripper_controller/follow_joint_trajectory/feedback] -> http://127.0.0.1:45393/ ['http://127.0.0.1:41135/']: sec=0.00, result=[1, '', 0]
[rosmaster.master][INFO] 2025-12-18 08:18:08,104: publisherUpdate[/gripper_controller/follow_joint_trajectory/status] -> http://127.0.0.1:45393/ ['http://127.0.0.1:41135/']
[rosmaster.master][INFO] 2025-12-18 08:18:08,104: +SUB [/gripper_controller/follow_joint_trajectory/goal] /gazebo http://127.0.0.1:41135/
[rosmaster.master][INFO] 2025-12-18 08:18:08,107: publisherUpdate[/gripper_controller/follow_joint_trajectory/status] -> http://127.0.0.1:45393/ ['http://127.0.0.1:41135/']: sec=0.00, result=[1, '', 0]
[rosmaster.master][INFO] 2025-12-18 08:18:08,109: +SUB [/gripper_controller/follow_joint_trajectory/cancel] /gazebo http://127.0.0.1:41135/
[rosmaster.master][INFO] 2025-12-18 08:18:08,110: +SERVICE [/gripper_controller/query_state] /gazebo http://127.0.0.1:41135/
[rosmaster.master][INFO] 2025-12-18 08:18:08,113: +CACHEDPARAM [/rosout_disable_topics_generation] by /gripper_controllers_spawner
[rosmaster.master][INFO] 2025-12-18 08:18:08,115: +CACHEDPARAM [/rosout_disable_topics_generation] by /bringup_controllers_spawner_imu
[rosmaster.master][INFO] 2025-12-18 08:18:08,124: +PUB [/wrist_ft] /gazebo http://127.0.0.1:41135/
[rosmaster.master][INFO] 2025-12-18 08:18:08,125: +PUB [/wrist_ft_temperature] /gazebo http://127.0.0.1:41135/
[rosmaster.master][INFO] 2025-12-18 08:18:08,130: +CACHEDPARAM [/rosout_disable_topics_generation] by /bringup_controllers_spawner_ft
[rosmaster.master][INFO] 2025-12-18 08:18:08,218: +SERVICE [/mobile_base_controller/set_parameters] /gazebo http://127.0.0.1:41135/
[rosmaster.master][INFO] 2025-12-18 08:18:08,220: +PUB [/mobile_base_controller/parameter_descriptions] /gazebo http://127.0.0.1:41135/
[rosmaster.master][INFO] 2025-12-18 08:18:08,222: +PUB [/mobile_base_controller/parameter_updates] /gazebo http://127.0.0.1:41135/
[rosmaster.master][INFO] 2025-12-18 08:18:08,229: +PARAM [/mobile_base_controller/wheel_separation_multiplier] by /gazebo
[rosmaster.master][INFO] 2025-12-18 08:18:08,231: +PARAM [/mobile_base_controller/axis_separation_multiplier] by /gazebo
[rosmaster.master][INFO] 2025-12-18 08:18:08,233: +PARAM [/mobile_base_controller/wheel_radius_multiplier] by /gazebo
[rosmaster.master][INFO] 2025-12-18 08:18:08,235: +PARAM [/mobile_base_controller/publish_rate] by /gazebo
[rosmaster.master][INFO] 2025-12-18 08:18:08,236: +PARAM [/mobile_base_controller/enable_odom_tf] by /gazebo
[rosmaster.master][INFO] 2025-12-18 08:18:08,237: +PARAM [/mobile_base_controller/wheel_separation_multiplier] by /gazebo
[rosmaster.master][INFO] 2025-12-18 08:18:08,238: +PARAM [/mobile_base_controller/axis_separation_multiplier] by /gazebo
[rosmaster.master][INFO] 2025-12-18 08:18:08,239: +PARAM [/mobile_base_controller/wheel_radius_multiplier] by /gazebo
[rosmaster.master][INFO] 2025-12-18 08:18:08,240: +PARAM [/mobile_base_controller/publish_rate] by /gazebo
[rosmaster.master][INFO] 2025-12-18 08:18:08,242: +PARAM [/mobile_base_controller/enable_odom_tf] by /gazebo
[rosmaster.master][INFO] 2025-12-18 08:18:08,243: +PARAM [/mobile_base_controller/wheel_separation_multiplier] by /gazebo
[rosmaster.master][INFO] 2025-12-18 08:18:08,244: +PARAM [/mobile_base_controller/axis_separation_multiplier] by /gazebo
[rosmaster.master][INFO] 2025-12-18 08:18:08,246: +PARAM [/mobile_base_controller/wheel_radius_multiplier] by /gazebo
[rosmaster.master][INFO] 2025-12-18 08:18:08,247: +PARAM [/mobile_base_controller/publish_rate] by /gazebo
[rosmaster.master][INFO] 2025-12-18 08:18:08,247: +PARAM [/mobile_base_controller/enable_odom_tf] by /gazebo
[rosmaster.master][INFO] 2025-12-18 08:18:08,250: +CACHEDPARAM [/rosout_disable_topics_generation] by /default_controllers_spawner
[rosmaster.master][INFO] 2025-12-18 08:18:08,254: +CACHEDPARAM [/rosout_disable_topics_generation] by /gripper_controllers_spawner
[rosmaster.master][INFO] 2025-12-18 08:18:08,256: +CACHEDPARAM [/rosout_disable_topics_generation] by /bringup_controllers_spawner_ft
[rosmaster.master][INFO] 2025-12-18 08:18:08,266: +CACHEDPARAM [/rosout_disable_topics_generation] by /default_controllers_spawner
[rosmaster.master][INFO] 2025-12-18 08:18:08,310: +CACHEDPARAM [/rosout_disable_topics_generation] by /home_gripper
[rosmaster.master][INFO] 2025-12-18 08:18:08,320: +SUB [/joint_states] /home_gripper http://127.0.0.1:45393/
[rosmaster.master][INFO] 2025-12-18 08:18:08,376: -SUB [/joint_states] /home_gripper http://127.0.0.1:45393/
[rosmaster.master][INFO] 2025-12-18 08:18:08,379: +CACHEDPARAM [/rosout_disable_topics_generation] by /home_gripper
[rosmaster.master][INFO] 2025-12-18 08:18:08,587: +SUB [/torso_controller/follow_joint_trajectory/status] /move_group http://127.0.0.1:36173/
[rosmaster.master][INFO] 2025-12-18 08:18:08,593: +SUB [/torso_controller/follow_joint_trajectory/feedback] /move_group http://127.0.0.1:36173/
[rosmaster.master][INFO] 2025-12-18 08:18:08,603: +SUB [/torso_controller/follow_joint_trajectory/result] /move_group http://127.0.0.1:36173/
[rosmaster.master][INFO] 2025-12-18 08:18:08,604: +PUB [/torso_controller/follow_joint_trajectory/goal] /move_group http://127.0.0.1:36173/
[rosmaster.master][INFO] 2025-12-18 08:18:08,605: +PUB [/torso_controller/follow_joint_trajectory/cancel] /move_group http://127.0.0.1:36173/
[rosmaster.master][INFO] 2025-12-18 08:18:08,613: publisherUpdate[/torso_controller/follow_joint_trajectory/goal] -> http://127.0.0.1:41135/ ['http://127.0.0.1:36173/']
[rosmaster.master][INFO] 2025-12-18 08:18:08,614: publisherUpdate[/torso_controller/follow_joint_trajectory/goal] -> http://127.0.0.1:41135/ ['http://127.0.0.1:36173/']: sec=0.00, result=[1, '', 0]
[rosmaster.master][INFO] 2025-12-18 08:18:08,615: publisherUpdate[/torso_controller/follow_joint_trajectory/cancel] -> http://127.0.0.1:41135/ ['http://127.0.0.1:36173/']
[rosmaster.master][INFO] 2025-12-18 08:18:08,616: publisherUpdate[/torso_controller/follow_joint_trajectory/cancel] -> http://127.0.0.1:41135/ ['http://127.0.0.1:36173/']: sec=0.00, result=[1, '', 0]
[rosmaster.master][INFO] 2025-12-18 08:18:08,616: +PUB [/xtion/rgb/image_rect_color] /image_raw_to_rect_color_relay http://127.0.0.1:40889/
[rosmaster.master][INFO] 2025-12-18 08:18:08,623: +CACHEDPARAM [/rosout_disable_topics_generation] by /image_raw_to_rect_color_relay
[rosmaster.master][INFO] 2025-12-18 08:18:08,950: +SUB [/head_controller/follow_joint_trajectory/status] /move_group http://127.0.0.1:36173/
[rosmaster.master][INFO] 2025-12-18 08:18:08,953: +SUB [/head_controller/follow_joint_trajectory/feedback] /move_group http://127.0.0.1:36173/
[rosmaster.master][INFO] 2025-12-18 08:18:08,958: +SUB [/head_controller/follow_joint_trajectory/result] /move_group http://127.0.0.1:36173/
[rosmaster.master][INFO] 2025-12-18 08:18:08,959: +PUB [/head_controller/follow_joint_trajectory/goal] /move_group http://127.0.0.1:36173/
[rosmaster.master][INFO] 2025-12-18 08:18:08,959: +PUB [/head_controller/follow_joint_trajectory/cancel] /move_group http://127.0.0.1:36173/
[rosmaster.master][INFO] 2025-12-18 08:18:09,000: publisherUpdate[/head_controller/follow_joint_trajectory/goal] -> http://127.0.0.1:41135/ ['http://127.0.0.1:36173/']
[rosmaster.master][INFO] 2025-12-18 08:18:09,001: publisherUpdate[/head_controller/follow_joint_trajectory/goal] -> http://127.0.0.1:41135/ ['http://127.0.0.1:36173/']: sec=0.00, result=[1, '', 0]
[rosmaster.master][INFO] 2025-12-18 08:18:09,001: publisherUpdate[/head_controller/follow_joint_trajectory/cancel] -> http://127.0.0.1:41135/ ['http://127.0.0.1:36173/']
[rosmaster.master][INFO] 2025-12-18 08:18:09,002: publisherUpdate[/head_controller/follow_joint_trajectory/cancel] -> http://127.0.0.1:41135/ ['http://127.0.0.1:36173/']: sec=0.00, result=[1, '', 0]
[rosmaster.master][INFO] 2025-12-18 08:18:09,237: +SUB [/gripper_controller/follow_joint_trajectory/status] /move_group http://127.0.0.1:36173/
[rosmaster.master][INFO] 2025-12-18 08:18:09,240: +SUB [/gripper_controller/follow_joint_trajectory/feedback] /move_group http://127.0.0.1:36173/
[rosmaster.master][INFO] 2025-12-18 08:18:09,243: +SUB [/gripper_controller/follow_joint_trajectory/result] /move_group http://127.0.0.1:36173/
[rosmaster.master][INFO] 2025-12-18 08:18:09,244: +PUB [/gripper_controller/follow_joint_trajectory/goal] /move_group http://127.0.0.1:36173/
[rosmaster.master][INFO] 2025-12-18 08:18:09,245: +PUB [/gripper_controller/follow_joint_trajectory/cancel] /move_group http://127.0.0.1:36173/
[rosmaster.master][INFO] 2025-12-18 08:18:09,302: publisherUpdate[/gripper_controller/follow_joint_trajectory/goal] -> http://127.0.0.1:41135/ ['http://127.0.0.1:45393/', 'http://127.0.0.1:36173/']
[rosmaster.master][INFO] 2025-12-18 08:18:09,307: publisherUpdate[/gripper_controller/follow_joint_trajectory/goal] -> http://127.0.0.1:41135/ ['http://127.0.0.1:45393/', 'http://127.0.0.1:36173/']: sec=0.00, result=[1, '', 0]
[rosmaster.master][INFO] 2025-12-18 08:18:09,307: publisherUpdate[/gripper_controller/follow_joint_trajectory/cancel] -> http://127.0.0.1:41135/ ['http://127.0.0.1:45393/', 'http://127.0.0.1:36173/']
[rosmaster.master][INFO] 2025-12-18 08:18:09,310: publisherUpdate[/gripper_controller/follow_joint_trajectory/cancel] -> http://127.0.0.1:41135/ ['http://127.0.0.1:45393/', 'http://127.0.0.1:36173/']: sec=0.00, result=[1, '', 0]
[rosmaster.master][INFO] 2025-12-18 08:18:09,525: +SUB [/trajectory_execution_event] /move_group http://127.0.0.1:36173/
[rosmaster.master][INFO] 2025-12-18 08:18:09,527: +SERVICE [/move_group/trajectory_execution/set_parameters] /move_group http://127.0.0.1:36173/
[rosmaster.master][INFO] 2025-12-18 08:18:09,528: +PUB [/move_group/trajectory_execution/parameter_descriptions] /move_group http://127.0.0.1:36173/
[rosmaster.master][INFO] 2025-12-18 08:18:09,529: +PUB [/move_group/trajectory_execution/parameter_updates] /move_group http://127.0.0.1:36173/
[rosmaster.master][INFO] 2025-12-18 08:18:09,534: +PARAM [/move_group/trajectory_execution/execution_duration_monitoring] by /move_group
[rosmaster.master][INFO] 2025-12-18 08:18:09,540: +PARAM [/move_group/trajectory_execution/allowed_execution_duration_scaling] by /move_group
[rosmaster.master][INFO] 2025-12-18 08:18:09,541: +PARAM [/move_group/trajectory_execution/allowed_goal_duration_margin] by /move_group
[rosmaster.master][INFO] 2025-12-18 08:18:09,544: +PARAM [/move_group/trajectory_execution/execution_velocity_scaling] by /move_group
[rosmaster.master][INFO] 2025-12-18 08:18:09,545: +PARAM [/move_group/trajectory_execution/allowed_start_tolerance] by /move_group
[rosmaster.master][INFO] 2025-12-18 08:18:09,546: +PARAM [/move_group/trajectory_execution/wait_for_trajectory_completion] by /move_group
[rosmaster.master][INFO] 2025-12-18 08:18:09,547: +PARAM [/move_group/trajectory_execution/execution_duration_monitoring] by /move_group
[rosmaster.master][INFO] 2025-12-18 08:18:09,549: +PARAM [/move_group/trajectory_execution/allowed_execution_duration_scaling] by /move_group
[rosmaster.master][INFO] 2025-12-18 08:18:09,551: +PARAM [/move_group/trajectory_execution/allowed_goal_duration_margin] by /move_group
[rosmaster.master][INFO] 2025-12-18 08:18:09,552: +PARAM [/move_group/trajectory_execution/execution_velocity_scaling] by /move_group
[rosmaster.master][INFO] 2025-12-18 08:18:09,553: +PARAM [/move_group/trajectory_execution/allowed_start_tolerance] by /move_group
[rosmaster.master][INFO] 2025-12-18 08:18:09,553: +PARAM [/move_group/trajectory_execution/wait_for_trajectory_completion] by /move_group
[rosmaster.master][INFO] 2025-12-18 08:18:09,556: +SERVICE [/move_group/plan_execution/set_parameters] /move_group http://127.0.0.1:36173/
[rosmaster.master][INFO] 2025-12-18 08:18:09,557: +PUB [/move_group/plan_execution/parameter_descriptions] /move_group http://127.0.0.1:36173/
[rosmaster.master][INFO] 2025-12-18 08:18:09,557: +PUB [/move_group/plan_execution/parameter_updates] /move_group http://127.0.0.1:36173/
[rosmaster.master][INFO] 2025-12-18 08:18:09,559: +PARAM [/move_group/plan_execution/max_replan_attempts] by /move_group
[rosmaster.master][INFO] 2025-12-18 08:18:09,560: +PARAM [/move_group/plan_execution/record_trajectory_state_frequency] by /move_group
[rosmaster.master][INFO] 2025-12-18 08:18:09,560: +PARAM [/move_group/plan_execution/max_replan_attempts] by /move_group
[rosmaster.master][INFO] 2025-12-18 08:18:09,561: +PARAM [/move_group/plan_execution/record_trajectory_state_frequency] by /move_group
[rosmaster.master][INFO] 2025-12-18 08:18:09,562: +SERVICE [/move_group/sense_for_plan/set_parameters] /move_group http://127.0.0.1:36173/
[rosmaster.master][INFO] 2025-12-18 08:18:09,563: +PUB [/move_group/sense_for_plan/parameter_descriptions] /move_group http://127.0.0.1:36173/
[rosmaster.master][INFO] 2025-12-18 08:18:09,564: +PUB [/move_group/sense_for_plan/parameter_updates] /move_group http://127.0.0.1:36173/
[rosmaster.master][INFO] 2025-12-18 08:18:09,566: +PARAM [/move_group/sense_for_plan/max_safe_path_cost] by /move_group
[rosmaster.master][INFO] 2025-12-18 08:18:09,567: +PARAM [/move_group/sense_for_plan/max_look_attempts] by /move_group
[rosmaster.master][INFO] 2025-12-18 08:18:09,567: +PARAM [/move_group/sense_for_plan/max_cost_sources] by /move_group
[rosmaster.master][INFO] 2025-12-18 08:18:09,568: +PARAM [/move_group/sense_for_plan/discard_overlapping_cost_sources] by /move_group
[rosmaster.master][INFO] 2025-12-18 08:18:09,568: +PARAM [/move_group/sense_for_plan/max_safe_path_cost] by /move_group
[rosmaster.master][INFO] 2025-12-18 08:18:09,569: +PARAM [/move_group/sense_for_plan/max_look_attempts] by /move_group
[rosmaster.master][INFO] 2025-12-18 08:18:09,570: +PARAM [/move_group/sense_for_plan/max_cost_sources] by /move_group
[rosmaster.master][INFO] 2025-12-18 08:18:09,570: +PARAM [/move_group/sense_for_plan/discard_overlapping_cost_sources] by /move_group
[rosmaster.master][INFO] 2025-12-18 08:18:09,587: +SERVICE [/apply_planning_scene] /move_group http://127.0.0.1:36173/
[rosmaster.master][INFO] 2025-12-18 08:18:09,598: +SERVICE [/load_move_group_capabilities] /move_group http://127.0.0.1:36173/
[rosmaster.master][INFO] 2025-12-18 08:18:09,600: +SERVICE [/clear_octomap] /move_group http://127.0.0.1:36173/
[rosmaster.master][INFO] 2025-12-18 08:18:09,601: +SERVICE [/compute_cartesian_path] /move_group http://127.0.0.1:36173/
[rosmaster.master][INFO] 2025-12-18 08:18:09,608: +PUB [/execute_trajectory/result] /move_group http://127.0.0.1:36173/
[rosmaster.master][INFO] 2025-12-18 08:18:09,610: +PUB [/execute_trajectory/feedback] /move_group http://127.0.0.1:36173/
[rosmaster.master][INFO] 2025-12-18 08:18:09,613: +PUB [/execute_trajectory/status] /move_group http://127.0.0.1:36173/
[rosmaster.master][INFO] 2025-12-18 08:18:09,620: +SUB [/execute_trajectory/goal] /move_group http://127.0.0.1:36173/
[rosmaster.master][INFO] 2025-12-18 08:18:09,626: +SUB [/execute_trajectory/cancel] /move_group http://127.0.0.1:36173/
[rosmaster.master][INFO] 2025-12-18 08:18:09,627: +SERVICE [/get_planning_scene] /move_group http://127.0.0.1:36173/
[rosmaster.master][INFO] 2025-12-18 08:18:09,630: +SERVICE [/compute_fk] /move_group http://127.0.0.1:36173/
[rosmaster.master][INFO] 2025-12-18 08:18:09,645: +SERVICE [/compute_ik] /move_group http://127.0.0.1:36173/
[rosmaster.master][INFO] 2025-12-18 08:18:09,648: +PUB [/move_group/result] /move_group http://127.0.0.1:36173/
[rosmaster.master][INFO] 2025-12-18 08:18:09,649: +PUB [/move_group/feedback] /move_group http://127.0.0.1:36173/
[rosmaster.master][INFO] 2025-12-18 08:18:09,650: +PUB [/move_group/status] /move_group http://127.0.0.1:36173/
[rosmaster.master][INFO] 2025-12-18 08:18:09,657: +SUB [/move_group/goal] /move_group http://127.0.0.1:36173/
[rosmaster.master][INFO] 2025-12-18 08:18:09,660: +SUB [/move_group/cancel] /move_group http://127.0.0.1:36173/
[rosmaster.master][INFO] 2025-12-18 08:18:09,671: +PUB [/pickup/result] /move_group http://127.0.0.1:36173/
[rosmaster.master][INFO] 2025-12-18 08:18:09,672: +PUB [/pickup/feedback] /move_group http://127.0.0.1:36173/
[rosmaster.master][INFO] 2025-12-18 08:18:09,674: +PUB [/pickup/status] /move_group http://127.0.0.1:36173/
[rosmaster.master][INFO] 2025-12-18 08:18:09,684: +SUB [/pickup/goal] /move_group http://127.0.0.1:36173/
[rosmaster.master][INFO] 2025-12-18 08:18:09,691: +SUB [/pickup/cancel] /move_group http://127.0.0.1:36173/
[rosmaster.master][INFO] 2025-12-18 08:18:09,693: +PUB [/place/result] /move_group http://127.0.0.1:36173/
[rosmaster.master][INFO] 2025-12-18 08:18:09,695: +PUB [/place/feedback] /move_group http://127.0.0.1:36173/
[rosmaster.master][INFO] 2025-12-18 08:18:09,696: +PUB [/place/status] /move_group http://127.0.0.1:36173/
[rosmaster.master][INFO] 2025-12-18 08:18:09,702: +SUB [/place/goal] /move_group http://127.0.0.1:36173/
[rosmaster.master][INFO] 2025-12-18 08:18:09,705: +SUB [/place/cancel] /move_group http://127.0.0.1:36173/
[rosmaster.master][INFO] 2025-12-18 08:18:09,706: +SERVICE [/plan_kinematic_path] /move_group http://127.0.0.1:36173/
[rosmaster.master][INFO] 2025-12-18 08:18:09,707: publisherUpdate[/move_group/result] -> http://127.0.0.1:46063/ ['http://127.0.0.1:36173/']
[rosmaster.master][INFO] 2025-12-18 08:18:09,709: +SERVICE [/query_planner_interface] /move_group http://127.0.0.1:36173/
[rosmaster.master][INFO] 2025-12-18 08:18:09,710: publisherUpdate[/move_group/result] -> http://127.0.0.1:46063/ ['http://127.0.0.1:36173/']: sec=0.00, result=[1, '', 0]
[rosmaster.master][INFO] 2025-12-18 08:18:09,711: +SERVICE [/get_planner_params] /move_group http://127.0.0.1:36173/
[rosmaster.master][INFO] 2025-12-18 08:18:09,711: publisherUpdate[/move_group/feedback] -> http://127.0.0.1:46063/ ['http://127.0.0.1:36173/']
[rosmaster.master][INFO] 2025-12-18 08:18:09,713: +SERVICE [/set_planner_params] /move_group http://127.0.0.1:36173/
[rosmaster.master][INFO] 2025-12-18 08:18:09,713: publisherUpdate[/move_group/feedback] -> http://127.0.0.1:46063/ ['http://127.0.0.1:36173/']: sec=0.00, result=[1, '', 0]
[rosmaster.master][INFO] 2025-12-18 08:18:09,713: publisherUpdate[/move_group/status] -> http://127.0.0.1:46063/ ['http://127.0.0.1:36173/']
[rosmaster.master][INFO] 2025-12-18 08:18:09,714: +SERVICE [/check_state_validity] /move_group http://127.0.0.1:36173/
[rosmaster.master][INFO] 2025-12-18 08:18:09,716: publisherUpdate[/move_group/status] -> http://127.0.0.1:46063/ ['http://127.0.0.1:36173/']: sec=0.00, result=[1, '', 0]
[rosmaster.master][INFO] 2025-12-18 08:18:09,930: +SUB [/pickup/status] /play_motion http://127.0.0.1:46063/
[rosmaster.master][INFO] 2025-12-18 08:18:09,934: +SUB [/pickup/feedback] /play_motion http://127.0.0.1:46063/
[rosmaster.master][INFO] 2025-12-18 08:18:09,938: +SUB [/pickup/result] /play_motion http://127.0.0.1:46063/
[rosmaster.master][INFO] 2025-12-18 08:18:09,939: +PUB [/pickup/goal] /play_motion http://127.0.0.1:46063/
[rosmaster.master][INFO] 2025-12-18 08:18:09,941: +PUB [/pickup/cancel] /play_motion http://127.0.0.1:46063/
[rosmaster.master][INFO] 2025-12-18 08:18:10,015: publisherUpdate[/pickup/goal] -> http://127.0.0.1:36173/ ['http://127.0.0.1:46063/']
[rosmaster.master][INFO] 2025-12-18 08:18:10,036: publisherUpdate[/pickup/goal] -> http://127.0.0.1:36173/ ['http://127.0.0.1:46063/']: sec=0.01, result=[1, '', 0]
[rosmaster.master][INFO] 2025-12-18 08:18:10,037: publisherUpdate[/pickup/cancel] -> http://127.0.0.1:36173/ ['http://127.0.0.1:46063/']
[rosmaster.master][INFO] 2025-12-18 08:18:10,039: publisherUpdate[/pickup/cancel] -> http://127.0.0.1:36173/ ['http://127.0.0.1:46063/']: sec=0.00, result=[1, '', 0]
[rosmaster.master][INFO] 2025-12-18 08:18:10,280: +SUB [/place/status] /play_motion http://127.0.0.1:46063/
[rosmaster.master][INFO] 2025-12-18 08:18:10,299: +SUB [/place/feedback] /play_motion http://127.0.0.1:46063/
[rosmaster.master][INFO] 2025-12-18 08:18:10,314: +SUB [/place/result] /play_motion http://127.0.0.1:46063/
[rosmaster.master][INFO] 2025-12-18 08:18:10,316: +PUB [/place/goal] /play_motion http://127.0.0.1:46063/
[rosmaster.master][INFO] 2025-12-18 08:18:10,321: +PUB [/place/cancel] /play_motion http://127.0.0.1:46063/
[rosmaster.master][INFO] 2025-12-18 08:18:10,330: publisherUpdate[/place/goal] -> http://127.0.0.1:36173/ ['http://127.0.0.1:46063/']
[rosmaster.master][INFO] 2025-12-18 08:18:10,331: publisherUpdate[/place/goal] -> http://127.0.0.1:36173/ ['http://127.0.0.1:46063/']: sec=0.00, result=[1, '', 0]
[rosmaster.master][INFO] 2025-12-18 08:18:10,331: publisherUpdate[/place/cancel] -> http://127.0.0.1:36173/ ['http://127.0.0.1:46063/']
[rosmaster.master][INFO] 2025-12-18 08:18:10,332: publisherUpdate[/place/cancel] -> http://127.0.0.1:36173/ ['http://127.0.0.1:46063/']: sec=0.00, result=[1, '', 0]
[rosmaster.master][INFO] 2025-12-18 08:18:10,569: +SUB [/execute_trajectory/status] /play_motion http://127.0.0.1:46063/
[rosmaster.master][INFO] 2025-12-18 08:18:10,585: +SUB [/execute_trajectory/feedback] /play_motion http://127.0.0.1:46063/
[rosmaster.master][INFO] 2025-12-18 08:18:10,595: +SUB [/execute_trajectory/result] /play_motion http://127.0.0.1:46063/
[rosmaster.master][INFO] 2025-12-18 08:18:10,599: +PUB [/execute_trajectory/goal] /play_motion http://127.0.0.1:46063/
[rosmaster.master][INFO] 2025-12-18 08:18:10,603: +PUB [/execute_trajectory/cancel] /play_motion http://127.0.0.1:46063/
[rosmaster.master][INFO] 2025-12-18 08:18:10,632: publisherUpdate[/execute_trajectory/goal] -> http://127.0.0.1:36173/ ['http://127.0.0.1:46063/']
[rosmaster.master][INFO] 2025-12-18 08:18:10,633: publisherUpdate[/execute_trajectory/goal] -> http://127.0.0.1:36173/ ['http://127.0.0.1:46063/']: sec=0.00, result=[1, '', 0]
[rosmaster.master][INFO] 2025-12-18 08:18:10,633: publisherUpdate[/execute_trajectory/cancel] -> http://127.0.0.1:36173/ ['http://127.0.0.1:46063/']
[rosmaster.master][INFO] 2025-12-18 08:18:10,634: publisherUpdate[/execute_trajectory/cancel] -> http://127.0.0.1:36173/ ['http://127.0.0.1:46063/']: sec=0.00, result=[1, '', 0]
[rosmaster.master][INFO] 2025-12-18 08:18:11,924: +CACHEDPARAM [/rosout_disable_topics_generation] by /home_gripper
[rosmaster.master][INFO] 2025-12-18 08:18:11,937: -SUB [/clock] /home_gripper http://127.0.0.1:45393/
[rosmaster.master][INFO] 2025-12-18 08:18:11,938: -SUB [/gripper_controller/follow_joint_trajectory/status] /home_gripper http://127.0.0.1:45393/
[rosmaster.master][INFO] 2025-12-18 08:18:11,942: -SUB [/gripper_controller/follow_joint_trajectory/result] /home_gripper http://127.0.0.1:45393/
[rosmaster.master][INFO] 2025-12-18 08:18:11,942: -SUB [/gripper_controller/follow_joint_trajectory/feedback] /home_gripper http://127.0.0.1:45393/
[rosmaster.master][INFO] 2025-12-18 08:18:11,942: -PUB [/rosout] /home_gripper http://127.0.0.1:45393/
[rosmaster.master][INFO] 2025-12-18 08:18:11,942: -PUB [/gripper_controller/follow_joint_trajectory/goal] /home_gripper http://127.0.0.1:45393/
[rosmaster.master][INFO] 2025-12-18 08:18:11,943: -PUB [/gripper_controller/follow_joint_trajectory/cancel] /home_gripper http://127.0.0.1:45393/
[rosmaster.master][INFO] 2025-12-18 08:18:11,943: -SERVICE [/home_gripper/get_loggers] /home_gripper rosrpc://127.0.0.1:34957
[rosmaster.master][INFO] 2025-12-18 08:18:11,944: -SERVICE [/home_gripper/set_logger_level] /home_gripper rosrpc://127.0.0.1:34957
[rosmaster.master][INFO] 2025-12-18 08:18:11,945: publisherUpdate[/rosout] -> http://127.0.0.1:34819/ ['http://127.0.0.1:42733/', 'http://127.0.0.1:39391/', 'http://127.0.0.1:46741/', 'http://127.0.0.1:41781/', 'http://127.0.0.1:46063/', 'http://127.0.0.1:43779/', 'http://127.0.0.1:36173/', 'http://127.0.0.1:40889/', 'http://127.0.0.1:40477/', 'http://127.0.0.1:46821/', 'http://127.0.0.1:41657/', 'http://127.0.0.1:37345/', 'http://127.0.0.1:40555/', 'http://127.0.0.1:40579/', 'http://127.0.0.1:44263/', 'http://127.0.0.1:35029/', 'http://127.0.0.1:41135/', 'http://127.0.0.1:35309/', 'http://127.0.0.1:46771/']
[rosmaster.master][INFO] 2025-12-18 08:18:11,953: publisherUpdate[/gripper_controller/follow_joint_trajectory/goal] -> http://127.0.0.1:41135/ ['http://127.0.0.1:36173/']
[rosmaster.master][INFO] 2025-12-18 08:18:11,959: publisherUpdate[/rosout] -> http://127.0.0.1:34819/ ['http://127.0.0.1:42733/', 'http://127.0.0.1:39391/', 'http://127.0.0.1:46741/', 'http://127.0.0.1:41781/', 'http://127.0.0.1:46063/', 'http://127.0.0.1:43779/', 'http://127.0.0.1:36173/', 'http://127.0.0.1:40889/', 'http://127.0.0.1:40477/', 'http://127.0.0.1:46821/', 'http://127.0.0.1:41657/', 'http://127.0.0.1:37345/', 'http://127.0.0.1:40555/', 'http://127.0.0.1:40579/', 'http://127.0.0.1:44263/', 'http://127.0.0.1:35029/', 'http://127.0.0.1:41135/', 'http://127.0.0.1:35309/', 'http://127.0.0.1:46771/']: sec=0.01, result=[1, '', 0]
[rosmaster.master][INFO] 2025-12-18 08:18:11,959: publisherUpdate[/gripper_controller/follow_joint_trajectory/goal] -> http://127.0.0.1:41135/ ['http://127.0.0.1:36173/']: sec=0.01, result=[1, '', 0]
[rosmaster.master][INFO] 2025-12-18 08:18:11,960: publisherUpdate[/gripper_controller/follow_joint_trajectory/cancel] -> http://127.0.0.1:41135/ ['http://127.0.0.1:36173/']
[rosmaster.master][INFO] 2025-12-18 08:18:11,969: publisherUpdate[/gripper_controller/follow_joint_trajectory/cancel] -> http://127.0.0.1:41135/ ['http://127.0.0.1:36173/']: sec=0.01, result=[1, '', 0]
[rosmaster.master][INFO] 2025-12-18 08:18:11,982: +PUB [/play_motion/result] /play_motion http://127.0.0.1:46063/
[rosmaster.master][INFO] 2025-12-18 08:18:11,987: +PUB [/play_motion/feedback] /play_motion http://127.0.0.1:46063/
[rosmaster.master][INFO] 2025-12-18 08:18:11,989: +PUB [/play_motion/status] /play_motion http://127.0.0.1:46063/
[rosmaster.master][INFO] 2025-12-18 08:18:12,020: +SUB [/play_motion/goal] /play_motion http://127.0.0.1:46063/
[rosmaster.master][INFO] 2025-12-18 08:18:12,023: +SUB [/play_motion/cancel] /play_motion http://127.0.0.1:46063/
[rosmaster.master][INFO] 2025-12-18 08:18:12,034: +SERVICE [/play_motion/list_motions] /play_motion http://127.0.0.1:46063/
[rosmaster.master][INFO] 2025-12-18 08:18:12,038: +PUB [/diagnostics] /play_motion http://127.0.0.1:46063/
[rosmaster.master][INFO] 2025-12-18 08:18:12,044: +SUB [/arm_controller/follow_joint_trajectory/status] /play_motion http://127.0.0.1:46063/
[rosmaster.master][INFO] 2025-12-18 08:18:12,059: +SUB [/arm_controller/follow_joint_trajectory/feedback] /play_motion http://127.0.0.1:46063/
[rosmaster.master][INFO] 2025-12-18 08:18:12,064: publisherUpdate[/play_motion/result] -> http://127.0.0.1:37345/ ['http://127.0.0.1:46063/']
[rosmaster.master][INFO] 2025-12-18 08:18:12,081: +SUB [/arm_controller/follow_joint_trajectory/result] /play_motion http://127.0.0.1:46063/
[rosmaster.master][INFO] 2025-12-18 08:18:12,082: publisherUpdate[/play_motion/result] -> http://127.0.0.1:37345/ ['http://127.0.0.1:46063/']: sec=0.02, result=[1, '', 0]
[rosmaster.master][INFO] 2025-12-18 08:18:12,086: publisherUpdate[/play_motion/feedback] -> http://127.0.0.1:37345/ ['http://127.0.0.1:46063/']
[rosmaster.master][INFO] 2025-12-18 08:18:12,085: +PUB [/arm_controller/follow_joint_trajectory/goal] /play_motion http://127.0.0.1:46063/
[rosmaster.master][INFO] 2025-12-18 08:18:12,094: +PUB [/arm_controller/follow_joint_trajectory/cancel] /play_motion http://127.0.0.1:46063/
[rosmaster.master][INFO] 2025-12-18 08:18:12,098: publisherUpdate[/play_motion/feedback] -> http://127.0.0.1:37345/ ['http://127.0.0.1:46063/']: sec=0.01, result=[1, '', 0]
[rosmaster.master][INFO] 2025-12-18 08:18:12,100: publisherUpdate[/play_motion/status] -> http://127.0.0.1:37345/ ['http://127.0.0.1:46063/']
[rosmaster.master][INFO] 2025-12-18 08:18:12,104: publisherUpdate[/play_motion/status] -> http://127.0.0.1:37345/ ['http://127.0.0.1:46063/']: sec=0.00, result=[1, '', 0]
[rosmaster.master][INFO] 2025-12-18 08:18:12,105: publisherUpdate[/arm_controller/follow_joint_trajectory/goal] -> http://127.0.0.1:41135/ ['http://127.0.0.1:36173/', 'http://127.0.0.1:46063/']
[rosmaster.master][INFO] 2025-12-18 08:18:12,109: +SUB [/gripper_controller/follow_joint_trajectory/status] /play_motion http://127.0.0.1:46063/
[rosmaster.master][INFO] 2025-12-18 08:18:12,118: publisherUpdate[/arm_controller/follow_joint_trajectory/goal] -> http://127.0.0.1:41135/ ['http://127.0.0.1:36173/', 'http://127.0.0.1:46063/']: sec=0.01, result=[1, '', 0]
[rosmaster.master][INFO] 2025-12-18 08:18:12,119: publisherUpdate[/arm_controller/follow_joint_trajectory/cancel] -> http://127.0.0.1:41135/ ['http://127.0.0.1:36173/', 'http://127.0.0.1:46063/']
[rosmaster.master][INFO] 2025-12-18 08:18:12,121: publisherUpdate[/arm_controller/follow_joint_trajectory/cancel] -> http://127.0.0.1:41135/ ['http://127.0.0.1:36173/', 'http://127.0.0.1:46063/']: sec=0.00, result=[1, '', 0]
[rosmaster.master][INFO] 2025-12-18 08:18:12,129: +SUB [/gripper_controller/follow_joint_trajectory/feedback] /play_motion http://127.0.0.1:46063/
[rosmaster.master][INFO] 2025-12-18 08:18:12,138: +SUB [/gripper_controller/follow_joint_trajectory/result] /play_motion http://127.0.0.1:46063/
[rosmaster.master][INFO] 2025-12-18 08:18:12,141: +PUB [/gripper_controller/follow_joint_trajectory/goal] /play_motion http://127.0.0.1:46063/
[rosmaster.master][INFO] 2025-12-18 08:18:12,150: +PUB [/gripper_controller/follow_joint_trajectory/cancel] /play_motion http://127.0.0.1:46063/
[rosmaster.master][INFO] 2025-12-18 08:18:12,173: publisherUpdate[/gripper_controller/follow_joint_trajectory/goal] -> http://127.0.0.1:41135/ ['http://127.0.0.1:36173/', 'http://127.0.0.1:46063/']
[rosmaster.master][INFO] 2025-12-18 08:18:12,176: +SUB [/head_controller/follow_joint_trajectory/status] /play_motion http://127.0.0.1:46063/
[rosmaster.master][INFO] 2025-12-18 08:18:12,177: publisherUpdate[/gripper_controller/follow_joint_trajectory/goal] -> http://127.0.0.1:41135/ ['http://127.0.0.1:36173/', 'http://127.0.0.1:46063/']: sec=0.00, result=[1, '', 0]
[rosmaster.master][INFO] 2025-12-18 08:18:12,178: publisherUpdate[/gripper_controller/follow_joint_trajectory/cancel] -> http://127.0.0.1:41135/ ['http://127.0.0.1:36173/', 'http://127.0.0.1:46063/']
[rosmaster.master][INFO] 2025-12-18 08:18:12,191: publisherUpdate[/gripper_controller/follow_joint_trajectory/cancel] -> http://127.0.0.1:41135/ ['http://127.0.0.1:36173/', 'http://127.0.0.1:46063/']: sec=0.01, result=[1, '', 0]
[rosmaster.master][INFO] 2025-12-18 08:18:12,194: +SUB [/head_controller/follow_joint_trajectory/feedback] /play_motion http://127.0.0.1:46063/
[rosmaster.master][INFO] 2025-12-18 08:18:12,199: +SUB [/head_controller/follow_joint_trajectory/result] /play_motion http://127.0.0.1:46063/
[rosmaster.master][INFO] 2025-12-18 08:18:12,208: +PUB [/head_controller/follow_joint_trajectory/goal] /play_motion http://127.0.0.1:46063/
[rosmaster.master][INFO] 2025-12-18 08:18:12,211: +CACHEDPARAM [/rosout_disable_topics_generation] by /tuck_arm
[rosmaster.master][INFO] 2025-12-18 08:18:12,213: +PUB [/head_controller/follow_joint_trajectory/cancel] /play_motion http://127.0.0.1:46063/
[rosmaster.master][INFO] 2025-12-18 08:18:12,224: publisherUpdate[/head_controller/follow_joint_trajectory/goal] -> http://127.0.0.1:41135/ ['http://127.0.0.1:36173/', 'http://127.0.0.1:46063/']
[rosmaster.master][INFO] 2025-12-18 08:18:12,230: publisherUpdate[/head_controller/follow_joint_trajectory/goal] -> http://127.0.0.1:41135/ ['http://127.0.0.1:36173/', 'http://127.0.0.1:46063/']: sec=0.00, result=[1, '', 0]
[rosmaster.master][INFO] 2025-12-18 08:18:12,230: publisherUpdate[/head_controller/follow_joint_trajectory/cancel] -> http://127.0.0.1:41135/ ['http://127.0.0.1:36173/', 'http://127.0.0.1:46063/']
[rosmaster.master][INFO] 2025-12-18 08:18:12,230: +SUB [/joint_states] /tuck_arm http://127.0.0.1:37345/
[rosmaster.master][INFO] 2025-12-18 08:18:12,242: publisherUpdate[/head_controller/follow_joint_trajectory/cancel] -> http://127.0.0.1:41135/ ['http://127.0.0.1:36173/', 'http://127.0.0.1:46063/']: sec=0.01, result=[1, '', 0]
[rosmaster.master][INFO] 2025-12-18 08:18:12,247: +SUB [/torso_controller/follow_joint_trajectory/status] /play_motion http://127.0.0.1:46063/
[rosmaster.master][INFO] 2025-12-18 08:18:12,263: +SUB [/torso_controller/follow_joint_trajectory/feedback] /play_motion http://127.0.0.1:46063/
[rosmaster.master][INFO] 2025-12-18 08:18:12,288: -SUB [/joint_states] /tuck_arm http://127.0.0.1:37345/
[rosmaster.master][INFO] 2025-12-18 08:18:12,294: +SUB [/torso_controller/follow_joint_trajectory/result] /play_motion http://127.0.0.1:46063/
[rosmaster.master][INFO] 2025-12-18 08:18:12,304: +PUB [/torso_controller/follow_joint_trajectory/goal] /play_motion http://127.0.0.1:46063/
[rosmaster.master][INFO] 2025-12-18 08:18:12,305: +PUB [/torso_controller/follow_joint_trajectory/cancel] /play_motion http://127.0.0.1:46063/
[rosmaster.master][INFO] 2025-12-18 08:18:12,346: publisherUpdate[/torso_controller/follow_joint_trajectory/goal] -> http://127.0.0.1:41135/ ['http://127.0.0.1:36173/', 'http://127.0.0.1:46063/']
[rosmaster.master][INFO] 2025-12-18 08:18:12,350: publisherUpdate[/torso_controller/follow_joint_trajectory/goal] -> http://127.0.0.1:41135/ ['http://127.0.0.1:36173/', 'http://127.0.0.1:46063/']: sec=0.00, result=[1, '', 0]
[rosmaster.master][INFO] 2025-12-18 08:18:12,352: publisherUpdate[/torso_controller/follow_joint_trajectory/cancel] -> http://127.0.0.1:41135/ ['http://127.0.0.1:36173/', 'http://127.0.0.1:46063/']
[rosmaster.master][INFO] 2025-12-18 08:18:12,356: publisherUpdate[/torso_controller/follow_joint_trajectory/cancel] -> http://127.0.0.1:41135/ ['http://127.0.0.1:36173/', 'http://127.0.0.1:46063/']: sec=0.00, result=[1, '', 0]
[rosmaster.master][INFO] 2025-12-18 08:18:20,341: +CACHEDPARAM [/rosout_disable_topics_generation] by /tuck_arm
[rosmaster.master][INFO] 2025-12-18 08:18:20,348: +CACHEDPARAM [/play_motion/motions/home] by /play_motion
[rosmaster.master][INFO] 2025-12-18 08:18:47,243: +CACHEDPARAM [/rosout_disable_topics_generation] by /tuck_arm
[rosmaster.master][INFO] 2025-12-18 08:18:47,260: -SUB [/clock] /tuck_arm http://127.0.0.1:37345/
[rosmaster.master][INFO] 2025-12-18 08:18:47,260: -SUB [/play_motion/status] /tuck_arm http://127.0.0.1:37345/
[rosmaster.master][INFO] 2025-12-18 08:18:47,261: -SUB [/play_motion/result] /tuck_arm http://127.0.0.1:37345/
[rosmaster.master][INFO] 2025-12-18 08:18:47,261: -SUB [/play_motion/feedback] /tuck_arm http://127.0.0.1:37345/
[rosmaster.master][INFO] 2025-12-18 08:18:47,261: -PUB [/rosout] /tuck_arm http://127.0.0.1:37345/
[rosmaster.master][INFO] 2025-12-18 08:18:47,262: -PUB [/play_motion/goal] /tuck_arm http://127.0.0.1:37345/
[rosmaster.master][INFO] 2025-12-18 08:18:47,262: -PUB [/play_motion/cancel] /tuck_arm http://127.0.0.1:37345/
[rosmaster.master][INFO] 2025-12-18 08:18:47,262: -SERVICE [/tuck_arm/get_loggers] /tuck_arm rosrpc://127.0.0.1:38865
[rosmaster.master][INFO] 2025-12-18 08:18:47,262: -SERVICE [/tuck_arm/set_logger_level] /tuck_arm rosrpc://127.0.0.1:38865
[rosmaster.master][INFO] 2025-12-18 08:18:47,297: publisherUpdate[/rosout] -> http://127.0.0.1:34819/ ['http://127.0.0.1:42733/', 'http://127.0.0.1:39391/', 'http://127.0.0.1:46741/', 'http://127.0.0.1:41781/', 'http://127.0.0.1:46063/', 'http://127.0.0.1:43779/', 'http://127.0.0.1:36173/', 'http://127.0.0.1:40889/', 'http://127.0.0.1:40477/', 'http://127.0.0.1:46821/', 'http://127.0.0.1:41657/', 'http://127.0.0.1:40555/', 'http://127.0.0.1:40579/', 'http://127.0.0.1:44263/', 'http://127.0.0.1:35029/', 'http://127.0.0.1:41135/', 'http://127.0.0.1:35309/', 'http://127.0.0.1:46771/']
[rosmaster.master][INFO] 2025-12-18 08:18:47,302: publisherUpdate[/rosout] -> http://127.0.0.1:34819/ ['http://127.0.0.1:42733/', 'http://127.0.0.1:39391/', 'http://127.0.0.1:46741/', 'http://127.0.0.1:41781/', 'http://127.0.0.1:46063/', 'http://127.0.0.1:43779/', 'http://127.0.0.1:36173/', 'http://127.0.0.1:40889/', 'http://127.0.0.1:40477/', 'http://127.0.0.1:46821/', 'http://127.0.0.1:41657/', 'http://127.0.0.1:40555/', 'http://127.0.0.1:40579/', 'http://127.0.0.1:44263/', 'http://127.0.0.1:35029/', 'http://127.0.0.1:41135/', 'http://127.0.0.1:35309/', 'http://127.0.0.1:46771/']: sec=0.00, result=[1, '', 0]
[rosmaster.master][INFO] 2025-12-18 08:18:47,304: publisherUpdate[/play_motion/goal] -> http://127.0.0.1:46063/ []
[rosmaster.master][INFO] 2025-12-18 08:18:47,306: publisherUpdate[/play_motion/goal] -> http://127.0.0.1:46063/ []: sec=0.00, result=[1, '', 0]
[rosmaster.master][INFO] 2025-12-18 08:18:47,306: publisherUpdate[/play_motion/cancel] -> http://127.0.0.1:46063/ []
[rosmaster.master][INFO] 2025-12-18 08:18:47,316: publisherUpdate[/play_motion/cancel] -> http://127.0.0.1:46063/ []: sec=0.01, result=[1, '', 0]
[rosmaster.master][INFO] 2025-12-18 08:19:02,476: +PUB [/rosout] /tiago_json_position_1093_1766042341950 http://127.0.0.1:32873/
[rosmaster.master][INFO] 2025-12-18 08:19:02,486: publisherUpdate[/rosout] -> http://127.0.0.1:34819/ ['http://127.0.0.1:42733/', 'http://127.0.0.1:39391/', 'http://127.0.0.1:46741/', 'http://127.0.0.1:41781/', 'http://127.0.0.1:46063/', 'http://127.0.0.1:43779/', 'http://127.0.0.1:36173/', 'http://127.0.0.1:40889/', 'http://127.0.0.1:40477/', 'http://127.0.0.1:46821/', 'http://127.0.0.1:41657/', 'http://127.0.0.1:40555/', 'http://127.0.0.1:40579/', 'http://127.0.0.1:44263/', 'http://127.0.0.1:35029/', 'http://127.0.0.1:41135/', 'http://127.0.0.1:35309/', 'http://127.0.0.1:46771/', 'http://127.0.0.1:32873/']
[rosmaster.master][INFO] 2025-12-18 08:19:02,496: publisherUpdate[/rosout] -> http://127.0.0.1:34819/ ['http://127.0.0.1:42733/', 'http://127.0.0.1:39391/', 'http://127.0.0.1:46741/', 'http://127.0.0.1:41781/', 'http://127.0.0.1:46063/', 'http://127.0.0.1:43779/', 'http://127.0.0.1:36173/', 'http://127.0.0.1:40889/', 'http://127.0.0.1:40477/', 'http://127.0.0.1:46821/', 'http://127.0.0.1:41657/', 'http://127.0.0.1:40555/', 'http://127.0.0.1:40579/', 'http://127.0.0.1:44263/', 'http://127.0.0.1:35029/', 'http://127.0.0.1:41135/', 'http://127.0.0.1:35309/', 'http://127.0.0.1:46771/', 'http://127.0.0.1:32873/']: sec=0.00, result=[1, '', 0]
[rosmaster.master][INFO] 2025-12-18 08:19:02,507: +SUB [/clock] /tiago_json_position_1093_1766042341950 http://127.0.0.1:32873/
[rosmaster.master][INFO] 2025-12-18 08:19:02,518: +SERVICE [/tiago_json_position_1093_1766042341950/get_loggers] /tiago_json_position_1093_1766042341950 http://127.0.0.1:32873/
[rosmaster.master][INFO] 2025-12-18 08:19:02,532: +SERVICE [/tiago_json_position_1093_1766042341950/set_logger_level] /tiago_json_position_1093_1766042341950 http://127.0.0.1:32873/
[rosmaster.master][INFO] 2025-12-18 08:19:02,555: +PUB [/rosout] /move_group_commander_wrappers_1766042342538908595 http://127.0.0.1:42301/
[rosmaster.master][INFO] 2025-12-18 08:19:02,565: +SERVICE [/move_group_commander_wrappers_1766042342538908595/get_loggers] /move_group_commander_wrappers_1766042342538908595 http://127.0.0.1:42301/
[rosmaster.master][INFO] 2025-12-18 08:19:02,568: publisherUpdate[/rosout] -> http://127.0.0.1:34819/ ['http://127.0.0.1:42733/', 'http://127.0.0.1:39391/', 'http://127.0.0.1:46741/', 'http://127.0.0.1:41781/', 'http://127.0.0.1:46063/', 'http://127.0.0.1:43779/', 'http://127.0.0.1:36173/', 'http://127.0.0.1:40889/', 'http://127.0.0.1:40477/', 'http://127.0.0.1:46821/', 'http://127.0.0.1:41657/', 'http://127.0.0.1:40555/', 'http://127.0.0.1:40579/', 'http://127.0.0.1:44263/', 'http://127.0.0.1:35029/', 'http://127.0.0.1:41135/', 'http://127.0.0.1:35309/', 'http://127.0.0.1:46771/', 'http://127.0.0.1:32873/', 'http://127.0.0.1:42301/']
[rosmaster.master][INFO] 2025-12-18 08:19:02,576: +SERVICE [/move_group_commander_wrappers_1766042342538908595/set_logger_level] /move_group_commander_wrappers_1766042342538908595 http://127.0.0.1:42301/
[rosmaster.master][INFO] 2025-12-18 08:19:02,577: publisherUpdate[/rosout] -> http://127.0.0.1:34819/ ['http://127.0.0.1:42733/', 'http://127.0.0.1:39391/', 'http://127.0.0.1:46741/', 'http://127.0.0.1:41781/', 'http://127.0.0.1:46063/', 'http://127.0.0.1:43779/', 'http://127.0.0.1:36173/', 'http://127.0.0.1:40889/', 'http://127.0.0.1:40477/', 'http://127.0.0.1:46821/', 'http://127.0.0.1:41657/', 'http://127.0.0.1:40555/', 'http://127.0.0.1:40579/', 'http://127.0.0.1:44263/', 'http://127.0.0.1:35029/', 'http://127.0.0.1:41135/', 'http://127.0.0.1:35309/', 'http://127.0.0.1:46771/', 'http://127.0.0.1:32873/', 'http://127.0.0.1:42301/']: sec=0.01, result=[1, '', 0]
[rosmaster.master][INFO] 2025-12-18 08:19:02,612: +SUB [/clock] /move_group_commander_wrappers_1766042342538908595 http://127.0.0.1:42301/
[rosmaster.master][INFO] 2025-12-18 08:19:02,662: +CACHEDPARAM [/rosout_disable_topics_generation] by /move_group_commander_wrappers_1766042342538908595
[rosmaster.master][INFO] 2025-12-18 08:19:03,710: +SUB [/tf] /move_group_commander_wrappers_1766042342538908595 http://127.0.0.1:42301/
[rosmaster.master][INFO] 2025-12-18 08:19:03,735: +SUB [/tf_static] /move_group_commander_wrappers_1766042342538908595 http://127.0.0.1:42301/
[rosmaster.master][INFO] 2025-12-18 08:19:03,746: +PUB [/planning_scene] /move_group_commander_wrappers_1766042342538908595 http://127.0.0.1:42301/
[rosmaster.master][INFO] 2025-12-18 08:19:03,766: +PUB [/collision_object] /tiago_json_position_1093_1766042341950 http://127.0.0.1:32873/
[rosmaster.master][INFO] 2025-12-18 08:19:03,777: +PUB [/attached_collision_object] /tiago_json_position_1093_1766042341950 http://127.0.0.1:32873/
[rosmaster.master][INFO] 2025-12-18 08:19:03,787: +PUB [/trajectory_execution_event] /move_group_commander_wrappers_1766042342538908595 http://127.0.0.1:42301/
[rosmaster.master][INFO] 2025-12-18 08:19:03,792: +PUB [/attached_collision_object] /move_group_commander_wrappers_1766042342538908595 http://127.0.0.1:42301/
[rosmaster.master][INFO] 2025-12-18 08:19:03,802: publisherUpdate[/planning_scene] -> http://127.0.0.1:36173/ ['http://127.0.0.1:42301/']
[rosmaster.master][INFO] 2025-12-18 08:19:03,816: +SUB [/move_group/status] /move_group_commander_wrappers_1766042342538908595 http://127.0.0.1:42301/
[rosmaster.master][INFO] 2025-12-18 08:19:03,816: publisherUpdate[/planning_scene] -> http://127.0.0.1:36173/ ['http://127.0.0.1:42301/']: sec=0.01, result=[1, '', 0]
[rosmaster.master][INFO] 2025-12-18 08:19:03,817: publisherUpdate[/collision_object] -> http://127.0.0.1:36173/ ['http://127.0.0.1:32873/']
[rosmaster.master][INFO] 2025-12-18 08:19:03,819: publisherUpdate[/collision_object] -> http://127.0.0.1:36173/ ['http://127.0.0.1:32873/']: sec=0.00, result=[1, '', 0]
[rosmaster.master][INFO] 2025-12-18 08:19:03,823: publisherUpdate[/attached_collision_object] -> http://127.0.0.1:36173/ ['http://127.0.0.1:46063/', 'http://127.0.0.1:32873/']
[rosmaster.master][INFO] 2025-12-18 08:19:03,848: +SUB [/move_group/feedback] /move_group_commander_wrappers_1766042342538908595 http://127.0.0.1:42301/
[rosmaster.master][INFO] 2025-12-18 08:19:03,854: publisherUpdate[/attached_collision_object] -> http://127.0.0.1:36173/ ['http://127.0.0.1:46063/', 'http://127.0.0.1:32873/']: sec=0.03, result=[1, '', 0]
[rosmaster.master][INFO] 2025-12-18 08:19:03,858: publisherUpdate[/trajectory_execution_event] -> http://127.0.0.1:36173/ ['http://127.0.0.1:46063/', 'http://127.0.0.1:42301/']
[rosmaster.master][INFO] 2025-12-18 08:19:03,865: publisherUpdate[/trajectory_execution_event] -> http://127.0.0.1:36173/ ['http://127.0.0.1:46063/', 'http://127.0.0.1:42301/']: sec=0.01, result=[1, '', 0]
[rosmaster.master][INFO] 2025-12-18 08:19:03,871: publisherUpdate[/attached_collision_object] -> http://127.0.0.1:36173/ ['http://127.0.0.1:46063/', 'http://127.0.0.1:32873/', 'http://127.0.0.1:42301/']
[rosmaster.master][INFO] 2025-12-18 08:19:03,875: +SUB [/move_group/result] /move_group_commander_wrappers_1766042342538908595 http://127.0.0.1:42301/
[rosmaster.master][INFO] 2025-12-18 08:19:03,876: +PUB [/move_group/goal] /move_group_commander_wrappers_1766042342538908595 http://127.0.0.1:42301/
[rosmaster.master][INFO] 2025-12-18 08:19:03,877: publisherUpdate[/attached_collision_object] -> http://127.0.0.1:36173/ ['http://127.0.0.1:46063/', 'http://127.0.0.1:32873/', 'http://127.0.0.1:42301/']: sec=0.00, result=[1, '', 0]
[rosmaster.master][INFO] 2025-12-18 08:19:03,877: publisherUpdate[/move_group/goal] -> http://127.0.0.1:36173/ ['http://127.0.0.1:46063/', 'http://127.0.0.1:42301/']
[rosmaster.master][INFO] 2025-12-18 08:19:03,878: +PUB [/move_group/cancel] /move_group_commander_wrappers_1766042342538908595 http://127.0.0.1:42301/
[rosmaster.master][INFO] 2025-12-18 08:19:03,880: publisherUpdate[/move_group/goal] -> http://127.0.0.1:36173/ ['http://127.0.0.1:46063/', 'http://127.0.0.1:42301/']: sec=0.00, result=[1, '', 0]
[rosmaster.master][INFO] 2025-12-18 08:19:03,881: publisherUpdate[/move_group/cancel] -> http://127.0.0.1:36173/ ['http://127.0.0.1:46063/', 'http://127.0.0.1:42301/']
[rosmaster.master][INFO] 2025-12-18 08:19:03,887: publisherUpdate[/move_group/cancel] -> http://127.0.0.1:36173/ ['http://127.0.0.1:46063/', 'http://127.0.0.1:42301/']: sec=0.01, result=[1, '', 0]
[rosmaster.master][INFO] 2025-12-18 08:19:04,126: +SUB [/pickup/status] /move_group_commander_wrappers_1766042342538908595 http://127.0.0.1:42301/
[rosmaster.master][INFO] 2025-12-18 08:19:04,145: +SUB [/pickup/feedback] /move_group_commander_wrappers_1766042342538908595 http://127.0.0.1:42301/
[rosmaster.master][INFO] 2025-12-18 08:19:04,159: +SUB [/pickup/result] /move_group_commander_wrappers_1766042342538908595 http://127.0.0.1:42301/
[rosmaster.master][INFO] 2025-12-18 08:19:04,166: +PUB [/pickup/goal] /move_group_commander_wrappers_1766042342538908595 http://127.0.0.1:42301/
[rosmaster.master][INFO] 2025-12-18 08:19:04,168: +PUB [/pickup/cancel] /move_group_commander_wrappers_1766042342538908595 http://127.0.0.1:42301/
[rosmaster.master][INFO] 2025-12-18 08:19:04,196: publisherUpdate[/pickup/goal] -> http://127.0.0.1:36173/ ['http://127.0.0.1:46063/', 'http://127.0.0.1:42301/']
[rosmaster.master][INFO] 2025-12-18 08:19:04,205: publisherUpdate[/pickup/goal] -> http://127.0.0.1:36173/ ['http://127.0.0.1:46063/', 'http://127.0.0.1:42301/']: sec=0.01, result=[1, '', 0]
[rosmaster.master][INFO] 2025-12-18 08:19:04,205: publisherUpdate[/pickup/cancel] -> http://127.0.0.1:36173/ ['http://127.0.0.1:46063/', 'http://127.0.0.1:42301/']
[rosmaster.master][INFO] 2025-12-18 08:19:04,207: publisherUpdate[/pickup/cancel] -> http://127.0.0.1:36173/ ['http://127.0.0.1:46063/', 'http://127.0.0.1:42301/']: sec=0.00, result=[1, '', 0]
[rosmaster.master][INFO] 2025-12-18 08:19:04,428: +SUB [/place/status] /move_group_commander_wrappers_1766042342538908595 http://127.0.0.1:42301/
[rosmaster.master][INFO] 2025-12-18 08:19:04,433: +SUB [/place/feedback] /move_group_commander_wrappers_1766042342538908595 http://127.0.0.1:42301/
[rosmaster.master][INFO] 2025-12-18 08:19:04,450: +SUB [/place/result] /move_group_commander_wrappers_1766042342538908595 http://127.0.0.1:42301/
[rosmaster.master][INFO] 2025-12-18 08:19:04,453: +PUB [/place/goal] /move_group_commander_wrappers_1766042342538908595 http://127.0.0.1:42301/
[rosmaster.master][INFO] 2025-12-18 08:19:04,461: +PUB [/place/cancel] /move_group_commander_wrappers_1766042342538908595 http://127.0.0.1:42301/
[rosmaster.master][INFO] 2025-12-18 08:19:04,511: publisherUpdate[/place/goal] -> http://127.0.0.1:36173/ ['http://127.0.0.1:46063/', 'http://127.0.0.1:42301/']
[rosmaster.master][INFO] 2025-12-18 08:19:04,520: publisherUpdate[/place/goal] -> http://127.0.0.1:36173/ ['http://127.0.0.1:46063/', 'http://127.0.0.1:42301/']: sec=0.01, result=[1, '', 0]
[rosmaster.master][INFO] 2025-12-18 08:19:04,520: publisherUpdate[/place/cancel] -> http://127.0.0.1:36173/ ['http://127.0.0.1:46063/', 'http://127.0.0.1:42301/']
[rosmaster.master][INFO] 2025-12-18 08:19:04,523: publisherUpdate[/place/cancel] -> http://127.0.0.1:36173/ ['http://127.0.0.1:46063/', 'http://127.0.0.1:42301/']: sec=0.00, result=[1, '', 0]
[rosmaster.master][INFO] 2025-12-18 08:19:04,754: +SUB [/execute_trajectory/status] /move_group_commander_wrappers_1766042342538908595 http://127.0.0.1:42301/
[rosmaster.master][INFO] 2025-12-18 08:19:04,769: +SUB [/execute_trajectory/feedback] /move_group_commander_wrappers_1766042342538908595 http://127.0.0.1:42301/
[rosmaster.master][INFO] 2025-12-18 08:19:04,786: +SUB [/execute_trajectory/result] /move_group_commander_wrappers_1766042342538908595 http://127.0.0.1:42301/
[rosmaster.master][INFO] 2025-12-18 08:19:04,789: +PUB [/execute_trajectory/goal] /move_group_commander_wrappers_1766042342538908595 http://127.0.0.1:42301/
[rosmaster.master][INFO] 2025-12-18 08:19:04,795: +PUB [/execute_trajectory/cancel] /move_group_commander_wrappers_1766042342538908595 http://127.0.0.1:42301/
[rosmaster.master][INFO] 2025-12-18 08:19:04,824: publisherUpdate[/execute_trajectory/goal] -> http://127.0.0.1:36173/ ['http://127.0.0.1:46063/', 'http://127.0.0.1:42301/']
[rosmaster.master][INFO] 2025-12-18 08:19:04,829: publisherUpdate[/execute_trajectory/goal] -> http://127.0.0.1:36173/ ['http://127.0.0.1:46063/', 'http://127.0.0.1:42301/']: sec=0.00, result=[1, '', 0]
[rosmaster.master][INFO] 2025-12-18 08:19:04,832: publisherUpdate[/execute_trajectory/cancel] -> http://127.0.0.1:36173/ ['http://127.0.0.1:46063/', 'http://127.0.0.1:42301/']
[rosmaster.master][INFO] 2025-12-18 08:19:04,836: publisherUpdate[/execute_trajectory/cancel] -> http://127.0.0.1:36173/ ['http://127.0.0.1:46063/', 'http://127.0.0.1:42301/']: sec=0.00, result=[1, '', 0]
[rosmaster.master][INFO] 2025-12-18 08:19:05,061: +CACHEDPARAM [/rosout_disable_topics_generation] by /tiago_json_position_1093_1766042341950
[rosmaster.master][INFO] 2025-12-18 08:19:05,078: +CACHEDPARAM [/rosout_disable_topics_generation] by /tiago_json_position_1093_1766042341950
[rosmaster.master][INFO] 2025-12-18 08:19:05,090: +CACHEDPARAM [/rosout_disable_topics_generation] by /tiago_json_position_1093_1766042341950
[rosmaster.master][INFO] 2025-12-18 08:19:07,658: +CACHEDPARAM [/rosout_disable_topics_generation] by /tiago_json_position_1093_1766042341950
[rosmaster.master][INFO] 2025-12-18 08:19:12,665: +CACHEDPARAM [/rosout_disable_topics_generation] by /tiago_json_position_1093_1766042341950
[rosmaster.master][INFO] 2025-12-18 08:19:12,685: +CACHEDPARAM [/rosout_disable_topics_generation] by /tiago_json_position_1093_1766042341950
[rosmaster.master][INFO] 2025-12-18 08:19:12,792: -PUB [/rosout] /move_group_commander_wrappers_1766042342538908595 http://127.0.0.1:42301/
[rosmaster.master][INFO] 2025-12-18 08:19:12,794: -PUB [/planning_scene] /move_group_commander_wrappers_1766042342538908595 http://127.0.0.1:42301/
[rosmaster.master][INFO] 2025-12-18 08:19:12,796: -PUB [/trajectory_execution_event] /move_group_commander_wrappers_1766042342538908595 http://127.0.0.1:42301/
[rosmaster.master][INFO] 2025-12-18 08:19:12,802: publisherUpdate[/rosout] -> http://127.0.0.1:34819/ ['http://127.0.0.1:42733/', 'http://127.0.0.1:39391/', 'http://127.0.0.1:46741/', 'http://127.0.0.1:41781/', 'http://127.0.0.1:46063/', 'http://127.0.0.1:43779/', 'http://127.0.0.1:36173/', 'http://127.0.0.1:40889/', 'http://127.0.0.1:40477/', 'http://127.0.0.1:46821/', 'http://127.0.0.1:41657/', 'http://127.0.0.1:40555/', 'http://127.0.0.1:40579/', 'http://127.0.0.1:44263/', 'http://127.0.0.1:35029/', 'http://127.0.0.1:41135/', 'http://127.0.0.1:35309/', 'http://127.0.0.1:46771/', 'http://127.0.0.1:32873/']
[rosmaster.master][INFO] 2025-12-18 08:19:12,806: publisherUpdate[/planning_scene] -> http://127.0.0.1:36173/ []
[rosmaster.master][INFO] 2025-12-18 08:19:12,809: -PUB [/attached_collision_object] /move_group_commander_wrappers_1766042342538908595 http://127.0.0.1:42301/
[rosmaster.master][INFO] 2025-12-18 08:19:12,811: publisherUpdate[/rosout] -> http://127.0.0.1:34819/ ['http://127.0.0.1:42733/', 'http://127.0.0.1:39391/', 'http://127.0.0.1:46741/', 'http://127.0.0.1:41781/', 'http://127.0.0.1:46063/', 'http://127.0.0.1:43779/', 'http://127.0.0.1:36173/', 'http://127.0.0.1:40889/', 'http://127.0.0.1:40477/', 'http://127.0.0.1:46821/', 'http://127.0.0.1:41657/', 'http://127.0.0.1:40555/', 'http://127.0.0.1:40579/', 'http://127.0.0.1:44263/', 'http://127.0.0.1:35029/', 'http://127.0.0.1:41135/', 'http://127.0.0.1:35309/', 'http://127.0.0.1:46771/', 'http://127.0.0.1:32873/']: sec=0.01, result=[1, '', 0]
[rosmaster.master][INFO] 2025-12-18 08:19:12,825: publisherUpdate[/planning_scene] -> http://127.0.0.1:36173/ []: sec=0.02, result=[1, '', 0]
[rosmaster.master][INFO] 2025-12-18 08:19:12,826: -PUB [/move_group/goal] /move_group_commander_wrappers_1766042342538908595 http://127.0.0.1:42301/
[rosmaster.master][INFO] 2025-12-18 08:19:12,826: publisherUpdate[/trajectory_execution_event] -> http://127.0.0.1:36173/ ['http://127.0.0.1:46063/']
[rosmaster.master][INFO] 2025-12-18 08:19:12,830: -PUB [/move_group/cancel] /move_group_commander_wrappers_1766042342538908595 http://127.0.0.1:42301/
[rosmaster.master][INFO] 2025-12-18 08:19:12,837: -PUB [/pickup/goal] /move_group_commander_wrappers_1766042342538908595 http://127.0.0.1:42301/
[rosmaster.master][INFO] 2025-12-18 08:19:12,841: publisherUpdate[/trajectory_execution_event] -> http://127.0.0.1:36173/ ['http://127.0.0.1:46063/']: sec=0.01, result=[1, '', 0]
[rosmaster.master][INFO] 2025-12-18 08:19:12,841: publisherUpdate[/attached_collision_object] -> http://127.0.0.1:36173/ ['http://127.0.0.1:46063/', 'http://127.0.0.1:32873/']
[rosmaster.master][INFO] 2025-12-18 08:19:12,842: -PUB [/pickup/cancel] /move_group_commander_wrappers_1766042342538908595 http://127.0.0.1:42301/
[rosmaster.master][INFO] 2025-12-18 08:19:12,843: publisherUpdate[/attached_collision_object] -> http://127.0.0.1:36173/ ['http://127.0.0.1:46063/', 'http://127.0.0.1:32873/']: sec=0.00, result=[1, '', 0]
[rosmaster.master][INFO] 2025-12-18 08:19:12,843: publisherUpdate[/move_group/goal] -> http://127.0.0.1:36173/ ['http://127.0.0.1:46063/']
[rosmaster.master][INFO] 2025-12-18 08:19:12,846: -PUB [/place/goal] /move_group_commander_wrappers_1766042342538908595 http://127.0.0.1:42301/
[rosmaster.master][INFO] 2025-12-18 08:19:12,851: publisherUpdate[/move_group/goal] -> http://127.0.0.1:36173/ ['http://127.0.0.1:46063/']: sec=0.01, result=[1, '', 0]
[rosmaster.master][INFO] 2025-12-18 08:19:12,857: publisherUpdate[/move_group/cancel] -> http://127.0.0.1:36173/ ['http://127.0.0.1:46063/']
[rosmaster.master][INFO] 2025-12-18 08:19:12,858: -PUB [/place/cancel] /move_group_commander_wrappers_1766042342538908595 http://127.0.0.1:42301/
[rosmaster.master][INFO] 2025-12-18 08:19:12,859: publisherUpdate[/move_group/cancel] -> http://127.0.0.1:36173/ ['http://127.0.0.1:46063/']: sec=0.00, result=[1, '', 0]
[rosmaster.master][INFO] 2025-12-18 08:19:12,860: publisherUpdate[/pickup/goal] -> http://127.0.0.1:36173/ ['http://127.0.0.1:46063/']
[rosmaster.master][INFO] 2025-12-18 08:19:12,862: -PUB [/execute_trajectory/goal] /move_group_commander_wrappers_1766042342538908595 http://127.0.0.1:42301/
[rosmaster.master][INFO] 2025-12-18 08:19:12,869: publisherUpdate[/pickup/goal] -> http://127.0.0.1:36173/ ['http://127.0.0.1:46063/']: sec=0.01, result=[1, '', 0]
[rosmaster.master][INFO] 2025-12-18 08:19:12,873: publisherUpdate[/pickup/cancel] -> http://127.0.0.1:36173/ ['http://127.0.0.1:46063/']
[rosmaster.master][INFO] 2025-12-18 08:19:12,874: publisherUpdate[/pickup/cancel] -> http://127.0.0.1:36173/ ['http://127.0.0.1:46063/']: sec=0.00, result=[1, '', 0]
[rosmaster.master][INFO] 2025-12-18 08:19:12,876: publisherUpdate[/place/goal] -> http://127.0.0.1:36173/ ['http://127.0.0.1:46063/']
[rosmaster.master][INFO] 2025-12-18 08:19:12,875: -PUB [/execute_trajectory/cancel] /move_group_commander_wrappers_1766042342538908595 http://127.0.0.1:42301/
[rosmaster.master][INFO] 2025-12-18 08:19:12,886: publisherUpdate[/place/goal] -> http://127.0.0.1:36173/ ['http://127.0.0.1:46063/']: sec=0.00, result=[1, '', 0]
[rosmaster.master][INFO] 2025-12-18 08:19:12,895: publisherUpdate[/place/cancel] -> http://127.0.0.1:36173/ ['http://127.0.0.1:46063/']
[rosmaster.master][INFO] 2025-12-18 08:19:12,894: -SUB [/clock] /move_group_commander_wrappers_1766042342538908595 http://127.0.0.1:42301/
[rosmaster.master][INFO] 2025-12-18 08:19:12,898: -SUB [/tf] /move_group_commander_wrappers_1766042342538908595 http://127.0.0.1:42301/
[rosmaster.master][INFO] 2025-12-18 08:19:12,899: publisherUpdate[/place/cancel] -> http://127.0.0.1:36173/ ['http://127.0.0.1:46063/']: sec=0.00, result=[1, '', 0]
[rosmaster.master][INFO] 2025-12-18 08:19:12,903: publisherUpdate[/execute_trajectory/goal] -> http://127.0.0.1:36173/ ['http://127.0.0.1:46063/']
[rosmaster.master][INFO] 2025-12-18 08:19:12,902: -SUB [/tf_static] /move_group_commander_wrappers_1766042342538908595 http://127.0.0.1:42301/
[rosmaster.master][INFO] 2025-12-18 08:19:12,911: publisherUpdate[/execute_trajectory/goal] -> http://127.0.0.1:36173/ ['http://127.0.0.1:46063/']: sec=0.01, result=[1, '', 0]
[rosmaster.master][INFO] 2025-12-18 08:19:12,913: -SUB [/move_group/status] /move_group_commander_wrappers_1766042342538908595 http://127.0.0.1:42301/
[rosmaster.master][INFO] 2025-12-18 08:19:12,915: publisherUpdate[/execute_trajectory/cancel] -> http://127.0.0.1:36173/ ['http://127.0.0.1:46063/']
[rosmaster.master][INFO] 2025-12-18 08:19:12,918: publisherUpdate[/execute_trajectory/cancel] -> http://127.0.0.1:36173/ ['http://127.0.0.1:46063/']: sec=0.00, result=[1, '', 0]
[rosmaster.master][INFO] 2025-12-18 08:19:12,918: -SUB [/move_group/feedback] /move_group_commander_wrappers_1766042342538908595 http://127.0.0.1:42301/
[rosmaster.master][INFO] 2025-12-18 08:19:12,919: -SUB [/move_group/result] /move_group_commander_wrappers_1766042342538908595 http://127.0.0.1:42301/
[rosmaster.master][INFO] 2025-12-18 08:19:12,920: -SUB [/pickup/status] /move_group_commander_wrappers_1766042342538908595 http://127.0.0.1:42301/
[rosmaster.master][INFO] 2025-12-18 08:19:12,922: -SUB [/pickup/feedback] /move_group_commander_wrappers_1766042342538908595 http://127.0.0.1:42301/
[rosmaster.master][INFO] 2025-12-18 08:19:12,927: -SUB [/pickup/result] /move_group_commander_wrappers_1766042342538908595 http://127.0.0.1:42301/
[rosmaster.master][INFO] 2025-12-18 08:19:12,935: -SUB [/place/status] /move_group_commander_wrappers_1766042342538908595 http://127.0.0.1:42301/
[rosmaster.master][INFO] 2025-12-18 08:19:12,938: -SUB [/place/feedback] /move_group_commander_wrappers_1766042342538908595 http://127.0.0.1:42301/
[rosmaster.master][INFO] 2025-12-18 08:19:12,939: -SUB [/place/result] /move_group_commander_wrappers_1766042342538908595 http://127.0.0.1:42301/
[rosmaster.master][INFO] 2025-12-18 08:19:12,947: -SUB [/execute_trajectory/status] /move_group_commander_wrappers_1766042342538908595 http://127.0.0.1:42301/
[rosmaster.master][INFO] 2025-12-18 08:19:12,952: -SUB [/execute_trajectory/feedback] /move_group_commander_wrappers_1766042342538908595 http://127.0.0.1:42301/
[rosmaster.master][INFO] 2025-12-18 08:19:12,954: -SUB [/execute_trajectory/result] /move_group_commander_wrappers_1766042342538908595 http://127.0.0.1:42301/
[rosmaster.master][INFO] 2025-12-18 08:19:12,955: -SERVICE [/move_group_commander_wrappers_1766042342538908595/get_loggers] /move_group_commander_wrappers_1766042342538908595 rosrpc://127.0.0.1:57987
[rosmaster.master][INFO] 2025-12-18 08:19:12,956: -SERVICE [/move_group_commander_wrappers_1766042342538908595/set_logger_level] /move_group_commander_wrappers_1766042342538908595 rosrpc://127.0.0.1:57987
[rosmaster.master][INFO] 2025-12-18 08:19:12,957: -CACHEDPARAM [/rosout_disable_topics_generation] by /move_group_commander_wrappers_1766042342538908595
[rosmaster.master][INFO] 2025-12-18 08:19:13,015: -SUB [/clock] /tiago_json_position_1093_1766042341950 http://127.0.0.1:32873/
[rosmaster.master][INFO] 2025-12-18 08:19:13,015: -PUB [/rosout] /tiago_json_position_1093_1766042341950 http://127.0.0.1:32873/
[rosmaster.master][INFO] 2025-12-18 08:19:13,015: -PUB [/collision_object] /tiago_json_position_1093_1766042341950 http://127.0.0.1:32873/
[rosmaster.master][INFO] 2025-12-18 08:19:13,015: -PUB [/attached_collision_object] /tiago_json_position_1093_1766042341950 http://127.0.0.1:32873/
[rosmaster.master][INFO] 2025-12-18 08:19:13,015: -SERVICE [/tiago_json_position_1093_1766042341950/get_loggers] /tiago_json_position_1093_1766042341950 rosrpc://127.0.0.1:34735
[rosmaster.master][INFO] 2025-12-18 08:19:13,016: -SERVICE [/tiago_json_position_1093_1766042341950/set_logger_level] /tiago_json_position_1093_1766042341950 rosrpc://127.0.0.1:34735
[rosmaster.master][INFO] 2025-12-18 08:19:13,019: publisherUpdate[/rosout] -> http://127.0.0.1:34819/ ['http://127.0.0.1:42733/', 'http://127.0.0.1:39391/', 'http://127.0.0.1:46741/', 'http://127.0.0.1:41781/', 'http://127.0.0.1:46063/', 'http://127.0.0.1:43779/', 'http://127.0.0.1:36173/', 'http://127.0.0.1:40889/', 'http://127.0.0.1:40477/', 'http://127.0.0.1:46821/', 'http://127.0.0.1:41657/', 'http://127.0.0.1:40555/', 'http://127.0.0.1:40579/', 'http://127.0.0.1:44263/', 'http://127.0.0.1:35029/', 'http://127.0.0.1:41135/', 'http://127.0.0.1:35309/', 'http://127.0.0.1:46771/']
[rosmaster.master][INFO] 2025-12-18 08:19:13,020: publisherUpdate[/rosout] -> http://127.0.0.1:34819/ ['http://127.0.0.1:42733/', 'http://127.0.0.1:39391/', 'http://127.0.0.1:46741/', 'http://127.0.0.1:41781/', 'http://127.0.0.1:46063/', 'http://127.0.0.1:43779/', 'http://127.0.0.1:36173/', 'http://127.0.0.1:40889/', 'http://127.0.0.1:40477/', 'http://127.0.0.1:46821/', 'http://127.0.0.1:41657/', 'http://127.0.0.1:40555/', 'http://127.0.0.1:40579/', 'http://127.0.0.1:44263/', 'http://127.0.0.1:35029/', 'http://127.0.0.1:41135/', 'http://127.0.0.1:35309/', 'http://127.0.0.1:46771/']: sec=0.00, result=[1, '', 0]
[rosmaster.master][INFO] 2025-12-18 08:19:13,020: publisherUpdate[/collision_object] -> http://127.0.0.1:36173/ []
[rosmaster.master][INFO] 2025-12-18 08:19:13,021: publisherUpdate[/collision_object] -> http://127.0.0.1:36173/ []: sec=0.00, result=[1, '', 0]
[rosmaster.master][INFO] 2025-12-18 08:19:13,022: publisherUpdate[/attached_collision_object] -> http://127.0.0.1:36173/ ['http://127.0.0.1:46063/']
[rosmaster.master][INFO] 2025-12-18 08:19:13,029: publisherUpdate[/attached_collision_object] -> http://127.0.0.1:36173/ ['http://127.0.0.1:46063/']: sec=0.01, result=[1, '', 0]
[rosmaster.master][INFO] 2025-12-18 08:25:28,951: +PUB [/rosout] /tiago_json_position http://127.0.0.1:41497/
[rosmaster.master][INFO] 2025-12-18 08:25:28,986: publisherUpdate[/rosout] -> http://127.0.0.1:34819/ ['http://127.0.0.1:42733/', 'http://127.0.0.1:39391/', 'http://127.0.0.1:46741/', 'http://127.0.0.1:41781/', 'http://127.0.0.1:46063/', 'http://127.0.0.1:43779/', 'http://127.0.0.1:36173/', 'http://127.0.0.1:40889/', 'http://127.0.0.1:40477/', 'http://127.0.0.1:46821/', 'http://127.0.0.1:41657/', 'http://127.0.0.1:40555/', 'http://127.0.0.1:40579/', 'http://127.0.0.1:44263/', 'http://127.0.0.1:35029/', 'http://127.0.0.1:41135/', 'http://127.0.0.1:35309/', 'http://127.0.0.1:46771/', 'http://127.0.0.1:41497/']
[rosmaster.master][INFO] 2025-12-18 08:25:28,999: publisherUpdate[/rosout] -> http://127.0.0.1:34819/ ['http://127.0.0.1:42733/', 'http://127.0.0.1:39391/', 'http://127.0.0.1:46741/', 'http://127.0.0.1:41781/', 'http://127.0.0.1:46063/', 'http://127.0.0.1:43779/', 'http://127.0.0.1:36173/', 'http://127.0.0.1:40889/', 'http://127.0.0.1:40477/', 'http://127.0.0.1:46821/', 'http://127.0.0.1:41657/', 'http://127.0.0.1:40555/', 'http://127.0.0.1:40579/', 'http://127.0.0.1:44263/', 'http://127.0.0.1:35029/', 'http://127.0.0.1:41135/', 'http://127.0.0.1:35309/', 'http://127.0.0.1:46771/', 'http://127.0.0.1:41497/']: sec=0.01, result=[1, '', 0]
[rosmaster.master][INFO] 2025-12-18 08:25:29,025: +SUB [/clock] /tiago_json_position http://127.0.0.1:41497/
[rosmaster.master][INFO] 2025-12-18 08:25:29,039: +SERVICE [/tiago_json_position/get_loggers] /tiago_json_position http://127.0.0.1:41497/
[rosmaster.master][INFO] 2025-12-18 08:25:29,049: +SERVICE [/tiago_json_position/set_logger_level] /tiago_json_position http://127.0.0.1:41497/
[rosmaster.master][INFO] 2025-12-18 08:25:29,106: +PUB [/rosout] /move_group_commander_wrappers_1766042729054760436 http://127.0.0.1:45475/
[rosmaster.master][INFO] 2025-12-18 08:25:29,108: publisherUpdate[/rosout] -> http://127.0.0.1:34819/ ['http://127.0.0.1:42733/', 'http://127.0.0.1:39391/', 'http://127.0.0.1:46741/', 'http://127.0.0.1:41781/', 'http://127.0.0.1:46063/', 'http://127.0.0.1:43779/', 'http://127.0.0.1:36173/', 'http://127.0.0.1:40889/', 'http://127.0.0.1:40477/', 'http://127.0.0.1:46821/', 'http://127.0.0.1:41657/', 'http://127.0.0.1:40555/', 'http://127.0.0.1:40579/', 'http://127.0.0.1:44263/', 'http://127.0.0.1:35029/', 'http://127.0.0.1:41135/', 'http://127.0.0.1:35309/', 'http://127.0.0.1:46771/', 'http://127.0.0.1:41497/', 'http://127.0.0.1:45475/']
[rosmaster.master][INFO] 2025-12-18 08:25:29,114: +SERVICE [/move_group_commander_wrappers_1766042729054760436/get_loggers] /move_group_commander_wrappers_1766042729054760436 http://127.0.0.1:45475/
[rosmaster.master][INFO] 2025-12-18 08:25:29,116: publisherUpdate[/rosout] -> http://127.0.0.1:34819/ ['http://127.0.0.1:42733/', 'http://127.0.0.1:39391/', 'http://127.0.0.1:46741/', 'http://127.0.0.1:41781/', 'http://127.0.0.1:46063/', 'http://127.0.0.1:43779/', 'http://127.0.0.1:36173/', 'http://127.0.0.1:40889/', 'http://127.0.0.1:40477/', 'http://127.0.0.1:46821/', 'http://127.0.0.1:41657/', 'http://127.0.0.1:40555/', 'http://127.0.0.1:40579/', 'http://127.0.0.1:44263/', 'http://127.0.0.1:35029/', 'http://127.0.0.1:41135/', 'http://127.0.0.1:35309/', 'http://127.0.0.1:46771/', 'http://127.0.0.1:41497/', 'http://127.0.0.1:45475/']: sec=0.01, result=[1, '', 0]
[rosmaster.master][INFO] 2025-12-18 08:25:29,120: +SERVICE [/move_group_commander_wrappers_1766042729054760436/set_logger_level] /move_group_commander_wrappers_1766042729054760436 http://127.0.0.1:45475/
[rosmaster.master][INFO] 2025-12-18 08:25:29,152: +SUB [/clock] /move_group_commander_wrappers_1766042729054760436 http://127.0.0.1:45475/
[rosmaster.master][INFO] 2025-12-18 08:25:29,174: +SUB [/tf] /move_group_commander_wrappers_1766042729054760436 http://127.0.0.1:45475/
[rosmaster.master][INFO] 2025-12-18 08:25:29,218: +SUB [/tf_static] /move_group_commander_wrappers_1766042729054760436 http://127.0.0.1:45475/
[rosmaster.master][INFO] 2025-12-18 08:25:29,334: +CACHEDPARAM [/rosout_disable_topics_generation] by /move_group_commander_wrappers_1766042729054760436
[rosmaster.master][INFO] 2025-12-18 08:25:31,037: +PUB [/trajectory_execution_event] /move_group_commander_wrappers_1766042729054760436 http://127.0.0.1:45475/
[rosmaster.master][INFO] 2025-12-18 08:25:31,040: +PUB [/attached_collision_object] /move_group_commander_wrappers_1766042729054760436 http://127.0.0.1:45475/
[rosmaster.master][INFO] 2025-12-18 08:25:31,047: publisherUpdate[/trajectory_execution_event] -> http://127.0.0.1:36173/ ['http://127.0.0.1:46063/', 'http://127.0.0.1:45475/']
[rosmaster.master][INFO] 2025-12-18 08:25:31,071: publisherUpdate[/trajectory_execution_event] -> http://127.0.0.1:36173/ ['http://127.0.0.1:46063/', 'http://127.0.0.1:45475/']: sec=0.01, result=[1, '', 0]
[rosmaster.master][INFO] 2025-12-18 08:25:31,077: publisherUpdate[/attached_collision_object] -> http://127.0.0.1:36173/ ['http://127.0.0.1:46063/', 'http://127.0.0.1:45475/']
[rosmaster.master][INFO] 2025-12-18 08:25:31,080: +SUB [/move_group/status] /move_group_commander_wrappers_1766042729054760436 http://127.0.0.1:45475/
[rosmaster.master][INFO] 2025-12-18 08:25:31,100: publisherUpdate[/attached_collision_object] -> http://127.0.0.1:36173/ ['http://127.0.0.1:46063/', 'http://127.0.0.1:45475/']: sec=0.02, result=[1, '', 0]
[rosmaster.master][INFO] 2025-12-18 08:25:31,123: +SUB [/move_group/feedback] /move_group_commander_wrappers_1766042729054760436 http://127.0.0.1:45475/
[rosmaster.master][INFO] 2025-12-18 08:25:31,150: +SUB [/move_group/result] /move_group_commander_wrappers_1766042729054760436 http://127.0.0.1:45475/
[rosmaster.master][INFO] 2025-12-18 08:25:31,153: +PUB [/move_group/goal] /move_group_commander_wrappers_1766042729054760436 http://127.0.0.1:45475/
[rosmaster.master][INFO] 2025-12-18 08:25:31,156: +PUB [/move_group/cancel] /move_group_commander_wrappers_1766042729054760436 http://127.0.0.1:45475/
[rosmaster.master][INFO] 2025-12-18 08:25:31,173: publisherUpdate[/move_group/goal] -> http://127.0.0.1:36173/ ['http://127.0.0.1:46063/', 'http://127.0.0.1:45475/']
[rosmaster.master][INFO] 2025-12-18 08:25:31,180: publisherUpdate[/move_group/goal] -> http://127.0.0.1:36173/ ['http://127.0.0.1:46063/', 'http://127.0.0.1:45475/']: sec=0.01, result=[1, '', 0]
[rosmaster.master][INFO] 2025-12-18 08:25:31,181: publisherUpdate[/move_group/cancel] -> http://127.0.0.1:36173/ ['http://127.0.0.1:46063/', 'http://127.0.0.1:45475/']
[rosmaster.master][INFO] 2025-12-18 08:25:31,185: publisherUpdate[/move_group/cancel] -> http://127.0.0.1:36173/ ['http://127.0.0.1:46063/', 'http://127.0.0.1:45475/']: sec=0.00, result=[1, '', 0]
[rosmaster.master][INFO] 2025-12-18 08:25:31,449: +SUB [/pickup/status] /move_group_commander_wrappers_1766042729054760436 http://127.0.0.1:45475/
[rosmaster.master][INFO] 2025-12-18 08:25:31,466: +SUB [/pickup/feedback] /move_group_commander_wrappers_1766042729054760436 http://127.0.0.1:45475/
[rosmaster.master][INFO] 2025-12-18 08:25:31,495: +SUB [/pickup/result] /move_group_commander_wrappers_1766042729054760436 http://127.0.0.1:45475/
[rosmaster.master][INFO] 2025-12-18 08:25:31,498: +PUB [/pickup/goal] /move_group_commander_wrappers_1766042729054760436 http://127.0.0.1:45475/
[rosmaster.master][INFO] 2025-12-18 08:25:31,501: +PUB [/pickup/cancel] /move_group_commander_wrappers_1766042729054760436 http://127.0.0.1:45475/
[rosmaster.master][INFO] 2025-12-18 08:25:31,515: publisherUpdate[/pickup/goal] -> http://127.0.0.1:36173/ ['http://127.0.0.1:46063/', 'http://127.0.0.1:45475/']
[rosmaster.master][INFO] 2025-12-18 08:25:31,522: publisherUpdate[/pickup/goal] -> http://127.0.0.1:36173/ ['http://127.0.0.1:46063/', 'http://127.0.0.1:45475/']: sec=0.01, result=[1, '', 0]
[rosmaster.master][INFO] 2025-12-18 08:25:31,525: publisherUpdate[/pickup/cancel] -> http://127.0.0.1:36173/ ['http://127.0.0.1:46063/', 'http://127.0.0.1:45475/']
[rosmaster.master][INFO] 2025-12-18 08:25:31,532: publisherUpdate[/pickup/cancel] -> http://127.0.0.1:36173/ ['http://127.0.0.1:46063/', 'http://127.0.0.1:45475/']: sec=0.01, result=[1, '', 0]
[rosmaster.master][INFO] 2025-12-18 08:25:31,800: +SUB [/place/status] /move_group_commander_wrappers_1766042729054760436 http://127.0.0.1:45475/
[rosmaster.master][INFO] 2025-12-18 08:25:31,836: +SUB [/place/feedback] /move_group_commander_wrappers_1766042729054760436 http://127.0.0.1:45475/
[rosmaster.master][INFO] 2025-12-18 08:25:31,863: +SUB [/place/result] /move_group_commander_wrappers_1766042729054760436 http://127.0.0.1:45475/
[rosmaster.master][INFO] 2025-12-18 08:25:31,870: +PUB [/place/goal] /move_group_commander_wrappers_1766042729054760436 http://127.0.0.1:45475/
[rosmaster.master][INFO] 2025-12-18 08:25:31,874: +PUB [/place/cancel] /move_group_commander_wrappers_1766042729054760436 http://127.0.0.1:45475/
[rosmaster.master][INFO] 2025-12-18 08:25:31,897: publisherUpdate[/place/goal] -> http://127.0.0.1:36173/ ['http://127.0.0.1:46063/', 'http://127.0.0.1:45475/']
[rosmaster.master][INFO] 2025-12-18 08:25:31,903: publisherUpdate[/place/goal] -> http://127.0.0.1:36173/ ['http://127.0.0.1:46063/', 'http://127.0.0.1:45475/']: sec=0.01, result=[1, '', 0]
[rosmaster.master][INFO] 2025-12-18 08:25:31,911: publisherUpdate[/place/cancel] -> http://127.0.0.1:36173/ ['http://127.0.0.1:46063/', 'http://127.0.0.1:45475/']
[rosmaster.master][INFO] 2025-12-18 08:25:31,920: publisherUpdate[/place/cancel] -> http://127.0.0.1:36173/ ['http://127.0.0.1:46063/', 'http://127.0.0.1:45475/']: sec=0.01, result=[1, '', 0]
[rosmaster.master][INFO] 2025-12-18 08:25:32,179: +SUB [/execute_trajectory/status] /move_group_commander_wrappers_1766042729054760436 http://127.0.0.1:45475/
[rosmaster.master][INFO] 2025-12-18 08:25:32,206: +SUB [/execute_trajectory/feedback] /move_group_commander_wrappers_1766042729054760436 http://127.0.0.1:45475/
[rosmaster.master][INFO] 2025-12-18 08:25:32,220: +SUB [/execute_trajectory/result] /move_group_commander_wrappers_1766042729054760436 http://127.0.0.1:45475/
[rosmaster.master][INFO] 2025-12-18 08:25:32,234: +PUB [/execute_trajectory/goal] /move_group_commander_wrappers_1766042729054760436 http://127.0.0.1:45475/
[rosmaster.master][INFO] 2025-12-18 08:25:32,238: +PUB [/execute_trajectory/cancel] /move_group_commander_wrappers_1766042729054760436 http://127.0.0.1:45475/
[rosmaster.master][INFO] 2025-12-18 08:25:32,240: publisherUpdate[/execute_trajectory/goal] -> http://127.0.0.1:36173/ ['http://127.0.0.1:46063/', 'http://127.0.0.1:45475/']
[rosmaster.master][INFO] 2025-12-18 08:25:32,249: publisherUpdate[/execute_trajectory/goal] -> http://127.0.0.1:36173/ ['http://127.0.0.1:46063/', 'http://127.0.0.1:45475/']: sec=0.00, result=[1, '', 0]
[rosmaster.master][INFO] 2025-12-18 08:25:32,265: publisherUpdate[/execute_trajectory/cancel] -> http://127.0.0.1:36173/ ['http://127.0.0.1:46063/', 'http://127.0.0.1:45475/']
[rosmaster.master][INFO] 2025-12-18 08:25:32,283: publisherUpdate[/execute_trajectory/cancel] -> http://127.0.0.1:36173/ ['http://127.0.0.1:46063/', 'http://127.0.0.1:45475/']: sec=0.02, result=[1, '', 0]
[rosmaster.master][INFO] 2025-12-18 08:25:34,426: -SUB [/clock] /tiago_json_position http://127.0.0.1:41497/
[rosmaster.master][INFO] 2025-12-18 08:25:34,427: -PUB [/rosout] /tiago_json_position http://127.0.0.1:41497/
[rosmaster.master][INFO] 2025-12-18 08:25:34,428: -SERVICE [/tiago_json_position/get_loggers] /tiago_json_position rosrpc://127.0.0.1:37527
[rosmaster.master][INFO] 2025-12-18 08:25:34,430: -SERVICE [/tiago_json_position/set_logger_level] /tiago_json_position rosrpc://127.0.0.1:37527
[rosmaster.master][INFO] 2025-12-18 08:25:34,447: publisherUpdate[/rosout] -> http://127.0.0.1:34819/ ['http://127.0.0.1:42733/', 'http://127.0.0.1:39391/', 'http://127.0.0.1:46741/', 'http://127.0.0.1:41781/', 'http://127.0.0.1:46063/', 'http://127.0.0.1:43779/', 'http://127.0.0.1:36173/', 'http://127.0.0.1:40889/', 'http://127.0.0.1:40477/', 'http://127.0.0.1:46821/', 'http://127.0.0.1:41657/', 'http://127.0.0.1:40555/', 'http://127.0.0.1:40579/', 'http://127.0.0.1:44263/', 'http://127.0.0.1:35029/', 'http://127.0.0.1:41135/', 'http://127.0.0.1:35309/', 'http://127.0.0.1:46771/', 'http://127.0.0.1:45475/']
[rosmaster.master][INFO] 2025-12-18 08:25:34,453: publisherUpdate[/rosout] -> http://127.0.0.1:34819/ ['http://127.0.0.1:42733/', 'http://127.0.0.1:39391/', 'http://127.0.0.1:46741/', 'http://127.0.0.1:41781/', 'http://127.0.0.1:46063/', 'http://127.0.0.1:43779/', 'http://127.0.0.1:36173/', 'http://127.0.0.1:40889/', 'http://127.0.0.1:40477/', 'http://127.0.0.1:46821/', 'http://127.0.0.1:41657/', 'http://127.0.0.1:40555/', 'http://127.0.0.1:40579/', 'http://127.0.0.1:44263/', 'http://127.0.0.1:35029/', 'http://127.0.0.1:41135/', 'http://127.0.0.1:35309/', 'http://127.0.0.1:46771/', 'http://127.0.0.1:45475/']: sec=0.01, result=[1, '', 0]
[rosmaster.master][INFO] 2025-12-18 08:25:35,141: publisherUpdate[/attached_collision_object] -> http://127.0.0.1:36173/ ['http://127.0.0.1:46063/']
[rosmaster.master][INFO] 2025-12-18 08:25:35,135: -PUB [/attached_collision_object] /move_group_commander_wrappers_1766042729054760436 http://127.0.0.1:45475/
[rosmaster.master][INFO] 2025-12-18 08:25:35,159: -PUB [/trajectory_execution_event] /move_group_commander_wrappers_1766042729054760436 http://127.0.0.1:45475/
[rosmaster.master][INFO] 2025-12-18 08:25:35,162: publisherUpdate[/attached_collision_object] -> http://127.0.0.1:36173/ ['http://127.0.0.1:46063/']: sec=0.01, result=[1, '', 0]
[rosmaster.master][INFO] 2025-12-18 08:25:35,178: -SUB [/place/status] /move_group_commander_wrappers_1766042729054760436 http://127.0.0.1:45475/
[rosmaster.master][INFO] 2025-12-18 08:25:35,179: publisherUpdate[/trajectory_execution_event] -> http://127.0.0.1:36173/ ['http://127.0.0.1:46063/']
[rosmaster.master][INFO] 2025-12-18 08:25:35,185: -PUB [/place/cancel] /move_group_commander_wrappers_1766042729054760436 http://127.0.0.1:45475/
[rosmaster.master][INFO] 2025-12-18 08:25:35,188: publisherUpdate[/trajectory_execution_event] -> http://127.0.0.1:36173/ ['http://127.0.0.1:46063/']: sec=0.01, result=[1, '', 0]
[rosmaster.master][INFO] 2025-12-18 08:25:35,189: publisherUpdate[/place/cancel] -> http://127.0.0.1:36173/ ['http://127.0.0.1:46063/']
[rosmaster.master][INFO] 2025-12-18 08:25:35,191: -PUB [/place/goal] /move_group_commander_wrappers_1766042729054760436 http://127.0.0.1:45475/
[rosmaster.master][INFO] 2025-12-18 08:25:35,194: publisherUpdate[/place/cancel] -> http://127.0.0.1:36173/ ['http://127.0.0.1:46063/']: sec=0.00, result=[1, '', 0]
[rosmaster.master][INFO] 2025-12-18 08:25:35,198: -SUB [/place/feedback] /move_group_commander_wrappers_1766042729054760436 http://127.0.0.1:45475/
[rosmaster.master][INFO] 2025-12-18 08:25:35,199: publisherUpdate[/place/goal] -> http://127.0.0.1:36173/ ['http://127.0.0.1:46063/']
[rosmaster.master][INFO] 2025-12-18 08:25:35,212: -SUB [/place/result] /move_group_commander_wrappers_1766042729054760436 http://127.0.0.1:45475/
[rosmaster.master][INFO] 2025-12-18 08:25:35,219: publisherUpdate[/place/goal] -> http://127.0.0.1:36173/ ['http://127.0.0.1:46063/']: sec=0.01, result=[1, '', 0]
[rosmaster.master][INFO] 2025-12-18 08:25:35,222: -SUB [/pickup/status] /move_group_commander_wrappers_1766042729054760436 http://127.0.0.1:45475/
[rosmaster.master][INFO] 2025-12-18 08:25:35,225: -PUB [/pickup/cancel] /move_group_commander_wrappers_1766042729054760436 http://127.0.0.1:45475/
[rosmaster.master][INFO] 2025-12-18 08:25:35,229: -PUB [/pickup/goal] /move_group_commander_wrappers_1766042729054760436 http://127.0.0.1:45475/
[rosmaster.master][INFO] 2025-12-18 08:25:35,232: -SUB [/pickup/feedback] /move_group_commander_wrappers_1766042729054760436 http://127.0.0.1:45475/
[rosmaster.master][INFO] 2025-12-18 08:25:35,235: -SUB [/pickup/result] /move_group_commander_wrappers_1766042729054760436 http://127.0.0.1:45475/
[rosmaster.master][INFO] 2025-12-18 08:25:35,248: -SUB [/execute_trajectory/status] /move_group_commander_wrappers_1766042729054760436 http://127.0.0.1:45475/
[rosmaster.master][INFO] 2025-12-18 08:25:35,252: -PUB [/execute_trajectory/cancel] /move_group_commander_wrappers_1766042729054760436 http://127.0.0.1:45475/
[rosmaster.master][INFO] 2025-12-18 08:25:35,256: -PUB [/execute_trajectory/goal] /move_group_commander_wrappers_1766042729054760436 http://127.0.0.1:45475/
[rosmaster.master][INFO] 2025-12-18 08:25:35,267: -SUB [/execute_trajectory/feedback] /move_group_commander_wrappers_1766042729054760436 http://127.0.0.1:45475/
[rosmaster.master][INFO] 2025-12-18 08:25:35,281: -SUB [/execute_trajectory/result] /move_group_commander_wrappers_1766042729054760436 http://127.0.0.1:45475/
[rosmaster.master][INFO] 2025-12-18 08:25:35,283: publisherUpdate[/pickup/cancel] -> http://127.0.0.1:36173/ ['http://127.0.0.1:46063/']
[rosmaster.master][INFO] 2025-12-18 08:25:35,286: -SUB [/move_group/status] /move_group_commander_wrappers_1766042729054760436 http://127.0.0.1:45475/
[rosmaster.master][INFO] 2025-12-18 08:25:35,293: publisherUpdate[/pickup/cancel] -> http://127.0.0.1:36173/ ['http://127.0.0.1:46063/']: sec=0.01, result=[1, '', 0]
[rosmaster.master][INFO] 2025-12-18 08:25:35,293: publisherUpdate[/pickup/goal] -> http://127.0.0.1:36173/ ['http://127.0.0.1:46063/']
[rosmaster.master][INFO] 2025-12-18 08:25:35,298: -PUB [/move_group/cancel] /move_group_commander_wrappers_1766042729054760436 http://127.0.0.1:45475/
[rosmaster.master][INFO] 2025-12-18 08:25:35,324: publisherUpdate[/pickup/goal] -> http://127.0.0.1:36173/ ['http://127.0.0.1:46063/']: sec=0.02, result=[1, '', 0]
[rosmaster.master][INFO] 2025-12-18 08:25:35,329: publisherUpdate[/execute_trajectory/cancel] -> http://127.0.0.1:36173/ ['http://127.0.0.1:46063/']
[rosmaster.master][INFO] 2025-12-18 08:25:35,328: -PUB [/move_group/goal] /move_group_commander_wrappers_1766042729054760436 http://127.0.0.1:45475/
[rosmaster.master][INFO] 2025-12-18 08:25:35,335: -SUB [/move_group/feedback] /move_group_commander_wrappers_1766042729054760436 http://127.0.0.1:45475/
[rosmaster.master][INFO] 2025-12-18 08:25:35,337: publisherUpdate[/execute_trajectory/cancel] -> http://127.0.0.1:36173/ ['http://127.0.0.1:46063/']: sec=0.01, result=[1, '', 0]
[rosmaster.master][INFO] 2025-12-18 08:25:35,340: publisherUpdate[/execute_trajectory/goal] -> http://127.0.0.1:36173/ ['http://127.0.0.1:46063/']
[rosmaster.master][INFO] 2025-12-18 08:25:35,345: -SUB [/move_group/result] /move_group_commander_wrappers_1766042729054760436 http://127.0.0.1:45475/
[rosmaster.master][INFO] 2025-12-18 08:25:35,360: publisherUpdate[/execute_trajectory/goal] -> http://127.0.0.1:36173/ ['http://127.0.0.1:46063/']: sec=0.02, result=[1, '', 0]
[rosmaster.master][INFO] 2025-12-18 08:25:35,362: publisherUpdate[/move_group/cancel] -> http://127.0.0.1:36173/ ['http://127.0.0.1:46063/']
[rosmaster.master][INFO] 2025-12-18 08:25:35,365: publisherUpdate[/move_group/cancel] -> http://127.0.0.1:36173/ ['http://127.0.0.1:46063/']: sec=0.00, result=[1, '', 0]
[rosmaster.master][INFO] 2025-12-18 08:25:35,365: publisherUpdate[/move_group/goal] -> http://127.0.0.1:36173/ ['http://127.0.0.1:46063/']
[rosmaster.master][INFO] 2025-12-18 08:25:35,369: publisherUpdate[/move_group/goal] -> http://127.0.0.1:36173/ ['http://127.0.0.1:46063/']: sec=0.00, result=[1, '', 0]
[rosmaster.master][INFO] 2025-12-18 08:25:35,371: -SUB [/tf_static] /move_group_commander_wrappers_1766042729054760436 http://127.0.0.1:45475/
[rosmaster.master][INFO] 2025-12-18 08:25:35,375: -SUB [/tf] /move_group_commander_wrappers_1766042729054760436 http://127.0.0.1:45475/
[rosmaster.master][INFO] 2025-12-18 08:27:33,368: +PUB [/rosout] /tiago_json_position http://127.0.0.1:33407/
[rosmaster.master][INFO] 2025-12-18 08:27:33,380: publisherUpdate[/rosout] -> http://127.0.0.1:34819/ ['http://127.0.0.1:42733/', 'http://127.0.0.1:39391/', 'http://127.0.0.1:46741/', 'http://127.0.0.1:41781/', 'http://127.0.0.1:46063/', 'http://127.0.0.1:43779/', 'http://127.0.0.1:36173/', 'http://127.0.0.1:40889/', 'http://127.0.0.1:40477/', 'http://127.0.0.1:46821/', 'http://127.0.0.1:41657/', 'http://127.0.0.1:40555/', 'http://127.0.0.1:40579/', 'http://127.0.0.1:44263/', 'http://127.0.0.1:35029/', 'http://127.0.0.1:41135/', 'http://127.0.0.1:35309/', 'http://127.0.0.1:46771/', 'http://127.0.0.1:45475/', 'http://127.0.0.1:33407/']
[rosmaster.master][INFO] 2025-12-18 08:27:33,398: +SUB [/clock] /tiago_json_position http://127.0.0.1:33407/
[rosmaster.master][INFO] 2025-12-18 08:27:33,400: publisherUpdate[/rosout] -> http://127.0.0.1:34819/ ['http://127.0.0.1:42733/', 'http://127.0.0.1:39391/', 'http://127.0.0.1:46741/', 'http://127.0.0.1:41781/', 'http://127.0.0.1:46063/', 'http://127.0.0.1:43779/', 'http://127.0.0.1:36173/', 'http://127.0.0.1:40889/', 'http://127.0.0.1:40477/', 'http://127.0.0.1:46821/', 'http://127.0.0.1:41657/', 'http://127.0.0.1:40555/', 'http://127.0.0.1:40579/', 'http://127.0.0.1:44263/', 'http://127.0.0.1:35029/', 'http://127.0.0.1:41135/', 'http://127.0.0.1:35309/', 'http://127.0.0.1:46771/', 'http://127.0.0.1:45475/', 'http://127.0.0.1:33407/']: sec=0.02, result=[1, '', 0]
[rosmaster.master][INFO] 2025-12-18 08:27:33,418: +SERVICE [/tiago_json_position/get_loggers] /tiago_json_position http://127.0.0.1:33407/
[rosmaster.master][INFO] 2025-12-18 08:27:33,435: +SERVICE [/tiago_json_position/set_logger_level] /tiago_json_position http://127.0.0.1:33407/
[rosmaster.master][INFO] 2025-12-18 08:27:33,480: +PUB [/rosout] /move_group_commander_wrappers_1766042853439941185 http://127.0.0.1:44115/
[rosmaster.master][INFO] 2025-12-18 08:27:33,484: +SERVICE [/move_group_commander_wrappers_1766042853439941185/get_loggers] /move_group_commander_wrappers_1766042853439941185 http://127.0.0.1:44115/
[rosmaster.master][INFO] 2025-12-18 08:27:33,491: +SERVICE [/move_group_commander_wrappers_1766042853439941185/set_logger_level] /move_group_commander_wrappers_1766042853439941185 http://127.0.0.1:44115/
[rosmaster.master][INFO] 2025-12-18 08:27:33,501: publisherUpdate[/rosout] -> http://127.0.0.1:34819/ ['http://127.0.0.1:42733/', 'http://127.0.0.1:39391/', 'http://127.0.0.1:46741/', 'http://127.0.0.1:41781/', 'http://127.0.0.1:46063/', 'http://127.0.0.1:43779/', 'http://127.0.0.1:36173/', 'http://127.0.0.1:40889/', 'http://127.0.0.1:40477/', 'http://127.0.0.1:46821/', 'http://127.0.0.1:41657/', 'http://127.0.0.1:40555/', 'http://127.0.0.1:40579/', 'http://127.0.0.1:44263/', 'http://127.0.0.1:35029/', 'http://127.0.0.1:41135/', 'http://127.0.0.1:35309/', 'http://127.0.0.1:46771/', 'http://127.0.0.1:45475/', 'http://127.0.0.1:33407/', 'http://127.0.0.1:44115/']
[rosmaster.master][INFO] 2025-12-18 08:27:33,510: publisherUpdate[/rosout] -> http://127.0.0.1:34819/ ['http://127.0.0.1:42733/', 'http://127.0.0.1:39391/', 'http://127.0.0.1:46741/', 'http://127.0.0.1:41781/', 'http://127.0.0.1:46063/', 'http://127.0.0.1:43779/', 'http://127.0.0.1:36173/', 'http://127.0.0.1:40889/', 'http://127.0.0.1:40477/', 'http://127.0.0.1:46821/', 'http://127.0.0.1:41657/', 'http://127.0.0.1:40555/', 'http://127.0.0.1:40579/', 'http://127.0.0.1:44263/', 'http://127.0.0.1:35029/', 'http://127.0.0.1:41135/', 'http://127.0.0.1:35309/', 'http://127.0.0.1:46771/', 'http://127.0.0.1:45475/', 'http://127.0.0.1:33407/', 'http://127.0.0.1:44115/']: sec=0.01, result=[1, '', 0]
[rosmaster.master][INFO] 2025-12-18 08:27:33,513: +SUB [/clock] /move_group_commander_wrappers_1766042853439941185 http://127.0.0.1:44115/
[rosmaster.master][INFO] 2025-12-18 08:27:33,558: +SUB [/tf] /move_group_commander_wrappers_1766042853439941185 http://127.0.0.1:44115/
[rosmaster.master][INFO] 2025-12-18 08:27:33,604: +SUB [/tf_static] /move_group_commander_wrappers_1766042853439941185 http://127.0.0.1:44115/
[rosmaster.master][INFO] 2025-12-18 08:27:33,713: +CACHEDPARAM [/rosout_disable_topics_generation] by /move_group_commander_wrappers_1766042853439941185
[rosmaster.master][INFO] 2025-12-18 08:27:35,822: +PUB [/trajectory_execution_event] /move_group_commander_wrappers_1766042853439941185 http://127.0.0.1:44115/
[rosmaster.master][INFO] 2025-12-18 08:27:35,827: +PUB [/attached_collision_object] /move_group_commander_wrappers_1766042853439941185 http://127.0.0.1:44115/
[rosmaster.master][INFO] 2025-12-18 08:27:35,846: publisherUpdate[/trajectory_execution_event] -> http://127.0.0.1:36173/ ['http://127.0.0.1:46063/', 'http://127.0.0.1:44115/']
[rosmaster.master][INFO] 2025-12-18 08:27:35,853: +SUB [/move_group/status] /move_group_commander_wrappers_1766042853439941185 http://127.0.0.1:44115/
[rosmaster.master][INFO] 2025-12-18 08:27:35,855: publisherUpdate[/trajectory_execution_event] -> http://127.0.0.1:36173/ ['http://127.0.0.1:46063/', 'http://127.0.0.1:44115/']: sec=0.01, result=[1, '', 0]
[rosmaster.master][INFO] 2025-12-18 08:27:35,857: publisherUpdate[/attached_collision_object] -> http://127.0.0.1:36173/ ['http://127.0.0.1:46063/', 'http://127.0.0.1:44115/']
[rosmaster.master][INFO] 2025-12-18 08:27:35,871: publisherUpdate[/attached_collision_object] -> http://127.0.0.1:36173/ ['http://127.0.0.1:46063/', 'http://127.0.0.1:44115/']: sec=0.01, result=[1, '', 0]
[rosmaster.master][INFO] 2025-12-18 08:27:35,885: +SUB [/move_group/feedback] /move_group_commander_wrappers_1766042853439941185 http://127.0.0.1:44115/
[rosmaster.master][INFO] 2025-12-18 08:27:35,898: +SUB [/move_group/result] /move_group_commander_wrappers_1766042853439941185 http://127.0.0.1:44115/
[rosmaster.master][INFO] 2025-12-18 08:27:35,904: +PUB [/move_group/goal] /move_group_commander_wrappers_1766042853439941185 http://127.0.0.1:44115/
[rosmaster.master][INFO] 2025-12-18 08:27:35,907: +PUB [/move_group/cancel] /move_group_commander_wrappers_1766042853439941185 http://127.0.0.1:44115/
[rosmaster.master][INFO] 2025-12-18 08:27:35,951: publisherUpdate[/move_group/goal] -> http://127.0.0.1:36173/ ['http://127.0.0.1:46063/', 'http://127.0.0.1:44115/']
[rosmaster.master][INFO] 2025-12-18 08:27:35,961: publisherUpdate[/move_group/goal] -> http://127.0.0.1:36173/ ['http://127.0.0.1:46063/', 'http://127.0.0.1:44115/']: sec=0.01, result=[1, '', 0]
[rosmaster.master][INFO] 2025-12-18 08:27:35,962: publisherUpdate[/move_group/cancel] -> http://127.0.0.1:36173/ ['http://127.0.0.1:46063/', 'http://127.0.0.1:44115/']
[rosmaster.master][INFO] 2025-12-18 08:27:35,966: publisherUpdate[/move_group/cancel] -> http://127.0.0.1:36173/ ['http://127.0.0.1:46063/', 'http://127.0.0.1:44115/']: sec=0.00, result=[1, '', 0]
[rosmaster.master][INFO] 2025-12-18 08:27:36,235: +SUB [/pickup/status] /move_group_commander_wrappers_1766042853439941185 http://127.0.0.1:44115/
[rosmaster.master][INFO] 2025-12-18 08:27:36,268: +SUB [/pickup/feedback] /move_group_commander_wrappers_1766042853439941185 http://127.0.0.1:44115/
[rosmaster.master][INFO] 2025-12-18 08:27:36,290: +SUB [/pickup/result] /move_group_commander_wrappers_1766042853439941185 http://127.0.0.1:44115/
[rosmaster.master][INFO] 2025-12-18 08:27:36,302: +PUB [/pickup/goal] /move_group_commander_wrappers_1766042853439941185 http://127.0.0.1:44115/
[rosmaster.master][INFO] 2025-12-18 08:27:36,310: +PUB [/pickup/cancel] /move_group_commander_wrappers_1766042853439941185 http://127.0.0.1:44115/
[rosmaster.master][INFO] 2025-12-18 08:27:36,365: publisherUpdate[/pickup/goal] -> http://127.0.0.1:36173/ ['http://127.0.0.1:46063/', 'http://127.0.0.1:44115/']
[rosmaster.master][INFO] 2025-12-18 08:27:36,375: publisherUpdate[/pickup/goal] -> http://127.0.0.1:36173/ ['http://127.0.0.1:46063/', 'http://127.0.0.1:44115/']: sec=0.00, result=[1, '', 0]
[rosmaster.master][INFO] 2025-12-18 08:27:36,375: publisherUpdate[/pickup/cancel] -> http://127.0.0.1:36173/ ['http://127.0.0.1:46063/', 'http://127.0.0.1:44115/']
[rosmaster.master][INFO] 2025-12-18 08:27:36,380: publisherUpdate[/pickup/cancel] -> http://127.0.0.1:36173/ ['http://127.0.0.1:46063/', 'http://127.0.0.1:44115/']: sec=0.00, result=[1, '', 0]
[rosmaster.master][INFO] 2025-12-18 08:27:36,672: +SUB [/place/status] /move_group_commander_wrappers_1766042853439941185 http://127.0.0.1:44115/
[rosmaster.master][INFO] 2025-12-18 08:27:36,690: +SUB [/place/feedback] /move_group_commander_wrappers_1766042853439941185 http://127.0.0.1:44115/
[rosmaster.master][INFO] 2025-12-18 08:27:36,706: +SUB [/place/result] /move_group_commander_wrappers_1766042853439941185 http://127.0.0.1:44115/
[rosmaster.master][INFO] 2025-12-18 08:27:36,715: +PUB [/place/goal] /move_group_commander_wrappers_1766042853439941185 http://127.0.0.1:44115/
[rosmaster.master][INFO] 2025-12-18 08:27:36,719: +PUB [/place/cancel] /move_group_commander_wrappers_1766042853439941185 http://127.0.0.1:44115/
[rosmaster.master][INFO] 2025-12-18 08:27:36,781: publisherUpdate[/place/goal] -> http://127.0.0.1:36173/ ['http://127.0.0.1:46063/', 'http://127.0.0.1:44115/']
[rosmaster.master][INFO] 2025-12-18 08:27:36,787: publisherUpdate[/place/goal] -> http://127.0.0.1:36173/ ['http://127.0.0.1:46063/', 'http://127.0.0.1:44115/']: sec=0.00, result=[1, '', 0]
[rosmaster.master][INFO] 2025-12-18 08:27:36,789: publisherUpdate[/place/cancel] -> http://127.0.0.1:36173/ ['http://127.0.0.1:46063/', 'http://127.0.0.1:44115/']
[rosmaster.master][INFO] 2025-12-18 08:27:36,809: publisherUpdate[/place/cancel] -> http://127.0.0.1:36173/ ['http://127.0.0.1:46063/', 'http://127.0.0.1:44115/']: sec=0.01, result=[1, '', 0]
[rosmaster.master][INFO] 2025-12-18 08:27:37,140: +SUB [/execute_trajectory/status] /move_group_commander_wrappers_1766042853439941185 http://127.0.0.1:44115/
[rosmaster.master][INFO] 2025-12-18 08:27:37,171: +SUB [/execute_trajectory/feedback] /move_group_commander_wrappers_1766042853439941185 http://127.0.0.1:44115/
[rosmaster.master][INFO] 2025-12-18 08:27:37,189: +SUB [/execute_trajectory/result] /move_group_commander_wrappers_1766042853439941185 http://127.0.0.1:44115/
[rosmaster.master][INFO] 2025-12-18 08:27:37,194: +PUB [/execute_trajectory/goal] /move_group_commander_wrappers_1766042853439941185 http://127.0.0.1:44115/
[rosmaster.master][INFO] 2025-12-18 08:27:37,206: publisherUpdate[/execute_trajectory/goal] -> http://127.0.0.1:36173/ ['http://127.0.0.1:46063/', 'http://127.0.0.1:44115/']
[rosmaster.master][INFO] 2025-12-18 08:27:37,205: +PUB [/execute_trajectory/cancel] /move_group_commander_wrappers_1766042853439941185 http://127.0.0.1:44115/
[rosmaster.master][INFO] 2025-12-18 08:27:37,215: publisherUpdate[/execute_trajectory/goal] -> http://127.0.0.1:36173/ ['http://127.0.0.1:46063/', 'http://127.0.0.1:44115/']: sec=0.01, result=[1, '', 0]
[rosmaster.master][INFO] 2025-12-18 08:27:37,215: publisherUpdate[/execute_trajectory/cancel] -> http://127.0.0.1:36173/ ['http://127.0.0.1:46063/', 'http://127.0.0.1:44115/']
[rosmaster.master][INFO] 2025-12-18 08:27:37,224: publisherUpdate[/execute_trajectory/cancel] -> http://127.0.0.1:36173/ ['http://127.0.0.1:46063/', 'http://127.0.0.1:44115/']: sec=0.01, result=[1, '', 0]
[rosmaster.master][INFO] 2025-12-18 08:27:37,522: +CACHEDPARAM [/rosout_disable_topics_generation] by /tiago_json_position
[rosmaster.master][INFO] 2025-12-18 08:27:37,534: +CACHEDPARAM [/rosout_disable_topics_generation] by /tiago_json_position
[rosmaster.master][INFO] 2025-12-18 08:27:42,965: +CACHEDPARAM [/rosout_disable_topics_generation] by /tiago_json_position
[rosmaster.master][INFO] 2025-12-18 08:28:53,422: +CACHEDPARAM [/rosout_disable_topics_generation] by /tiago_json_position
[rosmaster.master][INFO] 2025-12-18 08:28:53,446: +CACHEDPARAM [/rosout_disable_topics_generation] by /tiago_json_position
[rosmaster.master][INFO] 2025-12-18 08:30:01,408: +CACHEDPARAM [/rosout_disable_topics_generation] by /tiago_json_position
[rosmaster.master][INFO] 2025-12-18 08:30:01,509: -PUB [/rosout] /move_group_commander_wrappers_1766042853439941185 http://127.0.0.1:44115/
[rosmaster.master][INFO] 2025-12-18 08:30:01,517: -PUB [/trajectory_execution_event] /move_group_commander_wrappers_1766042853439941185 http://127.0.0.1:44115/
[rosmaster.master][INFO] 2025-12-18 08:30:01,531: -PUB [/attached_collision_object] /move_group_commander_wrappers_1766042853439941185 http://127.0.0.1:44115/
[rosmaster.master][INFO] 2025-12-18 08:30:01,532: publisherUpdate[/rosout] -> http://127.0.0.1:34819/ ['http://127.0.0.1:42733/', 'http://127.0.0.1:39391/', 'http://127.0.0.1:46741/', 'http://127.0.0.1:41781/', 'http://127.0.0.1:46063/', 'http://127.0.0.1:43779/', 'http://127.0.0.1:36173/', 'http://127.0.0.1:40889/', 'http://127.0.0.1:40477/', 'http://127.0.0.1:46821/', 'http://127.0.0.1:41657/', 'http://127.0.0.1:40555/', 'http://127.0.0.1:40579/', 'http://127.0.0.1:44263/', 'http://127.0.0.1:35029/', 'http://127.0.0.1:41135/', 'http://127.0.0.1:35309/', 'http://127.0.0.1:46771/', 'http://127.0.0.1:45475/', 'http://127.0.0.1:33407/']
[rosmaster.master][INFO] 2025-12-18 08:30:01,539: -PUB [/move_group/goal] /move_group_commander_wrappers_1766042853439941185 http://127.0.0.1:44115/
[rosmaster.master][INFO] 2025-12-18 08:30:01,540: publisherUpdate[/trajectory_execution_event] -> http://127.0.0.1:36173/ ['http://127.0.0.1:46063/']
[rosmaster.master][INFO] 2025-12-18 08:30:01,546: publisherUpdate[/rosout] -> http://127.0.0.1:34819/ ['http://127.0.0.1:42733/', 'http://127.0.0.1:39391/', 'http://127.0.0.1:46741/', 'http://127.0.0.1:41781/', 'http://127.0.0.1:46063/', 'http://127.0.0.1:43779/', 'http://127.0.0.1:36173/', 'http://127.0.0.1:40889/', 'http://127.0.0.1:40477/', 'http://127.0.0.1:46821/', 'http://127.0.0.1:41657/', 'http://127.0.0.1:40555/', 'http://127.0.0.1:40579/', 'http://127.0.0.1:44263/', 'http://127.0.0.1:35029/', 'http://127.0.0.1:41135/', 'http://127.0.0.1:35309/', 'http://127.0.0.1:46771/', 'http://127.0.0.1:45475/', 'http://127.0.0.1:33407/']: sec=0.01, result=[1, '', 0]
[rosmaster.master][INFO] 2025-12-18 08:30:01,552: -PUB [/move_group/cancel] /move_group_commander_wrappers_1766042853439941185 http://127.0.0.1:44115/
[rosmaster.master][INFO] 2025-12-18 08:30:01,567: publisherUpdate[/trajectory_execution_event] -> http://127.0.0.1:36173/ ['http://127.0.0.1:46063/']: sec=0.01, result=[1, '', 0]
[rosmaster.master][INFO] 2025-12-18 08:30:01,573: publisherUpdate[/attached_collision_object] -> http://127.0.0.1:36173/ ['http://127.0.0.1:46063/']
[rosmaster.master][INFO] 2025-12-18 08:30:01,576: -PUB [/pickup/goal] /move_group_commander_wrappers_1766042853439941185 http://127.0.0.1:44115/
[rosmaster.master][INFO] 2025-12-18 08:30:01,591: -PUB [/pickup/cancel] /move_group_commander_wrappers_1766042853439941185 http://127.0.0.1:44115/
[rosmaster.master][INFO] 2025-12-18 08:30:01,584: publisherUpdate[/attached_collision_object] -> http://127.0.0.1:36173/ ['http://127.0.0.1:46063/']: sec=0.01, result=[1, '', 0]
[rosmaster.master][INFO] 2025-12-18 08:30:01,596: publisherUpdate[/move_group/goal] -> http://127.0.0.1:36173/ ['http://127.0.0.1:46063/']
[rosmaster.master][INFO] 2025-12-18 08:30:01,609: -PUB [/place/goal] /move_group_commander_wrappers_1766042853439941185 http://127.0.0.1:44115/
[rosmaster.master][INFO] 2025-12-18 08:30:01,620: publisherUpdate[/move_group/goal] -> http://127.0.0.1:36173/ ['http://127.0.0.1:46063/']: sec=0.01, result=[1, '', 0]
[rosmaster.master][INFO] 2025-12-18 08:30:01,628: publisherUpdate[/move_group/cancel] -> http://127.0.0.1:36173/ ['http://127.0.0.1:46063/']
[rosmaster.master][INFO] 2025-12-18 08:30:01,628: -PUB [/place/cancel] /move_group_commander_wrappers_1766042853439941185 http://127.0.0.1:44115/
[rosmaster.master][INFO] 2025-12-18 08:30:01,643: publisherUpdate[/move_group/cancel] -> http://127.0.0.1:36173/ ['http://127.0.0.1:46063/']: sec=0.01, result=[1, '', 0]
[rosmaster.master][INFO] 2025-12-18 08:30:01,646: publisherUpdate[/pickup/goal] -> http://127.0.0.1:36173/ ['http://127.0.0.1:46063/']
[rosmaster.master][INFO] 2025-12-18 08:30:01,645: -PUB [/execute_trajectory/goal] /move_group_commander_wrappers_1766042853439941185 http://127.0.0.1:44115/
[rosmaster.master][INFO] 2025-12-18 08:30:01,655: -PUB [/execute_trajectory/cancel] /move_group_commander_wrappers_1766042853439941185 http://127.0.0.1:44115/
[rosmaster.master][INFO] 2025-12-18 08:30:01,663: publisherUpdate[/pickup/goal] -> http://127.0.0.1:36173/ ['http://127.0.0.1:46063/']: sec=0.02, result=[1, '', 0]
[rosmaster.master][INFO] 2025-12-18 08:30:01,664: publisherUpdate[/pickup/cancel] -> http://127.0.0.1:36173/ ['http://127.0.0.1:46063/']
[rosmaster.master][INFO] 2025-12-18 08:30:01,672: -SUB [/clock] /move_group_commander_wrappers_1766042853439941185 http://127.0.0.1:44115/
[rosmaster.master][INFO] 2025-12-18 08:30:01,676: publisherUpdate[/pickup/cancel] -> http://127.0.0.1:36173/ ['http://127.0.0.1:46063/']: sec=0.01, result=[1, '', 0]
[rosmaster.master][INFO] 2025-12-18 08:30:01,677: publisherUpdate[/place/goal] -> http://127.0.0.1:36173/ ['http://127.0.0.1:46063/']
[rosmaster.master][INFO] 2025-12-18 08:30:01,684: -SUB [/tf] /move_group_commander_wrappers_1766042853439941185 http://127.0.0.1:44115/
[rosmaster.master][INFO] 2025-12-18 08:30:01,689: publisherUpdate[/place/goal] -> http://127.0.0.1:36173/ ['http://127.0.0.1:46063/']: sec=0.01, result=[1, '', 0]
[rosmaster.master][INFO] 2025-12-18 08:30:01,690: publisherUpdate[/place/cancel] -> http://127.0.0.1:36173/ ['http://127.0.0.1:46063/']
[rosmaster.master][INFO] 2025-12-18 08:30:01,692: -SUB [/tf_static] /move_group_commander_wrappers_1766042853439941185 http://127.0.0.1:44115/
[rosmaster.master][INFO] 2025-12-18 08:30:01,717: publisherUpdate[/place/cancel] -> http://127.0.0.1:36173/ ['http://127.0.0.1:46063/']: sec=0.01, result=[1, '', 0]
[rosmaster.master][INFO] 2025-12-18 08:30:01,720: publisherUpdate[/execute_trajectory/goal] -> http://127.0.0.1:36173/ ['http://127.0.0.1:46063/']
[rosmaster.master][INFO] 2025-12-18 08:30:01,719: -SUB [/move_group/status] /move_group_commander_wrappers_1766042853439941185 http://127.0.0.1:44115/
[rosmaster.master][INFO] 2025-12-18 08:30:01,758: -SUB [/move_group/feedback] /move_group_commander_wrappers_1766042853439941185 http://127.0.0.1:44115/
[rosmaster.master][INFO] 2025-12-18 08:30:01,743: publisherUpdate[/execute_trajectory/goal] -> http://127.0.0.1:36173/ ['http://127.0.0.1:46063/']: sec=0.01, result=[1, '', 0]
[rosmaster.master][INFO] 2025-12-18 08:30:01,777: publisherUpdate[/execute_trajectory/cancel] -> http://127.0.0.1:36173/ ['http://127.0.0.1:46063/']
[rosmaster.master][INFO] 2025-12-18 08:30:01,783: -SUB [/move_group/result] /move_group_commander_wrappers_1766042853439941185 http://127.0.0.1:44115/
[rosmaster.master][INFO] 2025-12-18 08:30:01,786: publisherUpdate[/execute_trajectory/cancel] -> http://127.0.0.1:36173/ ['http://127.0.0.1:46063/']: sec=0.01, result=[1, '', 0]
[rosmaster.master][INFO] 2025-12-18 08:30:01,802: -SUB [/pickup/status] /move_group_commander_wrappers_1766042853439941185 http://127.0.0.1:44115/
[rosmaster.master][INFO] 2025-12-18 08:30:01,810: -SUB [/pickup/feedback] /move_group_commander_wrappers_1766042853439941185 http://127.0.0.1:44115/
[rosmaster.master][INFO] 2025-12-18 08:30:01,814: -SUB [/pickup/result] /move_group_commander_wrappers_1766042853439941185 http://127.0.0.1:44115/
[rosmaster.master][INFO] 2025-12-18 08:30:01,822: -SUB [/place/status] /move_group_commander_wrappers_1766042853439941185 http://127.0.0.1:44115/
[rosmaster.master][INFO] 2025-12-18 08:30:01,841: -SUB [/place/feedback] /move_group_commander_wrappers_1766042853439941185 http://127.0.0.1:44115/
[rosmaster.master][INFO] 2025-12-18 08:30:01,845: -SUB [/place/result] /move_group_commander_wrappers_1766042853439941185 http://127.0.0.1:44115/
[rosmaster.master][INFO] 2025-12-18 08:30:01,849: -SUB [/execute_trajectory/status] /move_group_commander_wrappers_1766042853439941185 http://127.0.0.1:44115/
[rosmaster.master][INFO] 2025-12-18 08:30:01,852: -SUB [/execute_trajectory/feedback] /move_group_commander_wrappers_1766042853439941185 http://127.0.0.1:44115/
[rosmaster.master][INFO] 2025-12-18 08:30:01,855: -SUB [/execute_trajectory/result] /move_group_commander_wrappers_1766042853439941185 http://127.0.0.1:44115/
[rosmaster.master][INFO] 2025-12-18 08:30:01,860: -SERVICE [/move_group_commander_wrappers_1766042853439941185/get_loggers] /move_group_commander_wrappers_1766042853439941185 rosrpc://127.0.0.1:35097
[rosmaster.master][INFO] 2025-12-18 08:30:01,864: -SERVICE [/move_group_commander_wrappers_1766042853439941185/set_logger_level] /move_group_commander_wrappers_1766042853439941185 rosrpc://127.0.0.1:35097
[rosmaster.master][INFO] 2025-12-18 08:30:01,875: -CACHEDPARAM [/rosout_disable_topics_generation] by /move_group_commander_wrappers_1766042853439941185
[rosmaster.master][INFO] 2025-12-18 08:30:01,954: -SUB [/clock] /tiago_json_position http://127.0.0.1:33407/
[rosmaster.master][INFO] 2025-12-18 08:30:01,957: -PUB [/rosout] /tiago_json_position http://127.0.0.1:33407/
[rosmaster.master][INFO] 2025-12-18 08:30:01,959: -SERVICE [/tiago_json_position/get_loggers] /tiago_json_position rosrpc://127.0.0.1:35187
[rosmaster.master][INFO] 2025-12-18 08:30:01,965: -SERVICE [/tiago_json_position/set_logger_level] /tiago_json_position rosrpc://127.0.0.1:35187
[rosmaster.master][INFO] 2025-12-18 08:30:01,993: publisherUpdate[/rosout] -> http://127.0.0.1:34819/ ['http://127.0.0.1:42733/', 'http://127.0.0.1:39391/', 'http://127.0.0.1:46741/', 'http://127.0.0.1:41781/', 'http://127.0.0.1:46063/', 'http://127.0.0.1:43779/', 'http://127.0.0.1:36173/', 'http://127.0.0.1:40889/', 'http://127.0.0.1:40477/', 'http://127.0.0.1:46821/', 'http://127.0.0.1:41657/', 'http://127.0.0.1:40555/', 'http://127.0.0.1:40579/', 'http://127.0.0.1:44263/', 'http://127.0.0.1:35029/', 'http://127.0.0.1:41135/', 'http://127.0.0.1:35309/', 'http://127.0.0.1:46771/', 'http://127.0.0.1:45475/']
[rosmaster.master][INFO] 2025-12-18 08:30:02,004: publisherUpdate[/rosout] -> http://127.0.0.1:34819/ ['http://127.0.0.1:42733/', 'http://127.0.0.1:39391/', 'http://127.0.0.1:46741/', 'http://127.0.0.1:41781/', 'http://127.0.0.1:46063/', 'http://127.0.0.1:43779/', 'http://127.0.0.1:36173/', 'http://127.0.0.1:40889/', 'http://127.0.0.1:40477/', 'http://127.0.0.1:46821/', 'http://127.0.0.1:41657/', 'http://127.0.0.1:40555/', 'http://127.0.0.1:40579/', 'http://127.0.0.1:44263/', 'http://127.0.0.1:35029/', 'http://127.0.0.1:41135/', 'http://127.0.0.1:35309/', 'http://127.0.0.1:46771/', 'http://127.0.0.1:45475/']: sec=0.01, result=[1, '', 0]
[rosmaster.master][INFO] 2025-12-18 08:30:24,806: -PUB [/rosout] /xtion/rgb/image_proc http://127.0.0.1:46821/
[rosmaster.master][INFO] 2025-12-18 08:30:24,810: publisherUpdate[/rosout] -> http://127.0.0.1:34819/ ['http://127.0.0.1:42733/', 'http://127.0.0.1:39391/', 'http://127.0.0.1:46741/', 'http://127.0.0.1:41781/', 'http://127.0.0.1:46063/', 'http://127.0.0.1:43779/', 'http://127.0.0.1:36173/', 'http://127.0.0.1:40889/', 'http://127.0.0.1:40477/', 'http://127.0.0.1:41657/', 'http://127.0.0.1:40555/', 'http://127.0.0.1:40579/', 'http://127.0.0.1:44263/', 'http://127.0.0.1:35029/', 'http://127.0.0.1:41135/', 'http://127.0.0.1:35309/', 'http://127.0.0.1:46771/', 'http://127.0.0.1:45475/']
[rosmaster.master][INFO] 2025-12-18 08:30:24,855: -SUB [/clock] /joystick_relay http://127.0.0.1:40555/
[rosmaster.master][INFO] 2025-12-18 08:30:24,861: -SUB [/clock] /dynamic_footprint_publisher http://127.0.0.1:40579/
[rosmaster.master][INFO] 2025-12-18 08:30:24,880: -PUB [/rosout] /tf_lookup http://127.0.0.1:46741/
[rosmaster.master][INFO] 2025-12-18 08:30:24,892: -PUB [/rosout] /throttle_filtering_points http://127.0.0.1:40477/
[rosmaster.master][INFO] 2025-12-18 08:30:24,890: publisherUpdate[/rosout] -> http://127.0.0.1:34819/ ['http://127.0.0.1:42733/', 'http://127.0.0.1:39391/', 'http://127.0.0.1:46741/', 'http://127.0.0.1:41781/', 'http://127.0.0.1:46063/', 'http://127.0.0.1:43779/', 'http://127.0.0.1:36173/', 'http://127.0.0.1:40889/', 'http://127.0.0.1:40477/', 'http://127.0.0.1:41657/', 'http://127.0.0.1:40555/', 'http://127.0.0.1:40579/', 'http://127.0.0.1:44263/', 'http://127.0.0.1:35029/', 'http://127.0.0.1:41135/', 'http://127.0.0.1:35309/', 'http://127.0.0.1:46771/', 'http://127.0.0.1:45475/']: sec=0.03, result=[1, '', 0]
[rosmaster.master][INFO] 2025-12-18 08:30:24,899: publisherUpdate[/rosout] -> http://127.0.0.1:34819/ ['http://127.0.0.1:42733/', 'http://127.0.0.1:39391/', 'http://127.0.0.1:41781/', 'http://127.0.0.1:46063/', 'http://127.0.0.1:43779/', 'http://127.0.0.1:36173/', 'http://127.0.0.1:40889/', 'http://127.0.0.1:40477/', 'http://127.0.0.1:41657/', 'http://127.0.0.1:40555/', 'http://127.0.0.1:40579/', 'http://127.0.0.1:44263/', 'http://127.0.0.1:35029/', 'http://127.0.0.1:41135/', 'http://127.0.0.1:35309/', 'http://127.0.0.1:46771/', 'http://127.0.0.1:45475/']
[rosmaster.master][INFO] 2025-12-18 08:30:24,895: -PUB [/rosout] /move_group http://127.0.0.1:36173/
[rosmaster.master][INFO] 2025-12-18 08:30:24,903: -SUB [/input_joy/cmd_vel] /joystick_relay http://127.0.0.1:40555/
[rosmaster.master][INFO] 2025-12-18 08:30:24,904: -SUB [/joy_priority_action/goal] /joystick_relay http://127.0.0.1:40555/
[rosmaster.master][INFO] 2025-12-18 08:30:24,909: -SUB [/joy_priority_action/cancel] /joystick_relay http://127.0.0.1:40555/
[rosmaster.master][INFO] 2025-12-18 08:30:24,909: -SUB [/joy_turbo_increase/goal] /joystick_relay http://127.0.0.1:40555/
[rosmaster.master][INFO] 2025-12-18 08:30:24,914: publisherUpdate[/rosout] -> http://127.0.0.1:34819/ ['http://127.0.0.1:42733/', 'http://127.0.0.1:39391/', 'http://127.0.0.1:41781/', 'http://127.0.0.1:46063/', 'http://127.0.0.1:43779/', 'http://127.0.0.1:36173/', 'http://127.0.0.1:40889/', 'http://127.0.0.1:40477/', 'http://127.0.0.1:41657/', 'http://127.0.0.1:40555/', 'http://127.0.0.1:40579/', 'http://127.0.0.1:44263/', 'http://127.0.0.1:35029/', 'http://127.0.0.1:41135/', 'http://127.0.0.1:35309/', 'http://127.0.0.1:46771/', 'http://127.0.0.1:45475/']: sec=0.01, result=[1, '', 0]
[rosmaster.master][INFO] 2025-12-18 08:30:24,918: -SUB [/joy_turbo_increase/cancel] /joystick_relay http://127.0.0.1:40555/
[rosmaster.master][INFO] 2025-12-18 08:30:24,920: publisherUpdate[/rosout] -> http://127.0.0.1:34819/ ['http://127.0.0.1:42733/', 'http://127.0.0.1:39391/', 'http://127.0.0.1:41781/', 'http://127.0.0.1:46063/', 'http://127.0.0.1:43779/', 'http://127.0.0.1:36173/', 'http://127.0.0.1:40889/', 'http://127.0.0.1:41657/', 'http://127.0.0.1:40555/', 'http://127.0.0.1:40579/', 'http://127.0.0.1:44263/', 'http://127.0.0.1:35029/', 'http://127.0.0.1:41135/', 'http://127.0.0.1:35309/', 'http://127.0.0.1:46771/', 'http://127.0.0.1:45475/']
[rosmaster.master][INFO] 2025-12-18 08:30:24,922: -PUB [/throttle_filtering_points/parameter_descriptions] /throttle_filtering_points http://127.0.0.1:40477/
[rosmaster.master][INFO] 2025-12-18 08:30:24,929: -PUB [/xtion/rgb/image_proc_debayer/parameter_descriptions] /xtion/rgb/image_proc http://127.0.0.1:46821/
[rosmaster.master][INFO] 2025-12-18 08:30:24,933: -PUB [/throttle_filtering_points/parameter_updates] /throttle_filtering_points http://127.0.0.1:40477/
[rosmaster.master][INFO] 2025-12-18 08:30:24,935: -PUB [/tf_lookup/result] /tf_lookup http://127.0.0.1:46741/
[rosmaster.master][INFO] 2025-12-18 08:30:24,934: publisherUpdate[/rosout] -> http://127.0.0.1:34819/ ['http://127.0.0.1:42733/', 'http://127.0.0.1:39391/', 'http://127.0.0.1:41781/', 'http://127.0.0.1:46063/', 'http://127.0.0.1:43779/', 'http://127.0.0.1:36173/', 'http://127.0.0.1:40889/', 'http://127.0.0.1:41657/', 'http://127.0.0.1:40555/', 'http://127.0.0.1:40579/', 'http://127.0.0.1:44263/', 'http://127.0.0.1:35029/', 'http://127.0.0.1:41135/', 'http://127.0.0.1:35309/', 'http://127.0.0.1:46771/', 'http://127.0.0.1:45475/']: sec=0.01, result=[1, '', 0]
[rosmaster.master][INFO] 2025-12-18 08:30:24,944: publisherUpdate[/rosout] -> http://127.0.0.1:34819/ ['http://127.0.0.1:42733/', 'http://127.0.0.1:39391/', 'http://127.0.0.1:41781/', 'http://127.0.0.1:46063/', 'http://127.0.0.1:43779/', 'http://127.0.0.1:40889/', 'http://127.0.0.1:41657/', 'http://127.0.0.1:40555/', 'http://127.0.0.1:40579/', 'http://127.0.0.1:44263/', 'http://127.0.0.1:35029/', 'http://127.0.0.1:41135/', 'http://127.0.0.1:35309/', 'http://127.0.0.1:46771/', 'http://127.0.0.1:45475/']
[rosmaster.master][INFO] 2025-12-18 08:30:24,949: -PUB [/rosout] /robot_state_publisher http://127.0.0.1:39391/
[rosmaster.master][INFO] 2025-12-18 08:30:24,968: -PUB [/rosout] /twist_marker http://127.0.0.1:43779/
[rosmaster.master][INFO] 2025-12-18 08:30:24,965: publisherUpdate[/rosout] -> http://127.0.0.1:34819/ ['http://127.0.0.1:42733/', 'http://127.0.0.1:39391/', 'http://127.0.0.1:41781/', 'http://127.0.0.1:46063/', 'http://127.0.0.1:43779/', 'http://127.0.0.1:40889/', 'http://127.0.0.1:41657/', 'http://127.0.0.1:40555/', 'http://127.0.0.1:40579/', 'http://127.0.0.1:44263/', 'http://127.0.0.1:35029/', 'http://127.0.0.1:41135/', 'http://127.0.0.1:35309/', 'http://127.0.0.1:46771/', 'http://127.0.0.1:45475/']: sec=0.02, result=[1, '', 0]
[rosmaster.master][INFO] 2025-12-18 08:30:24,980: publisherUpdate[/rosout] -> http://127.0.0.1:34819/ ['http://127.0.0.1:42733/', 'http://127.0.0.1:41781/', 'http://127.0.0.1:46063/', 'http://127.0.0.1:43779/', 'http://127.0.0.1:40889/', 'http://127.0.0.1:41657/', 'http://127.0.0.1:40555/', 'http://127.0.0.1:40579/', 'http://127.0.0.1:44263/', 'http://127.0.0.1:35029/', 'http://127.0.0.1:41135/', 'http://127.0.0.1:35309/', 'http://127.0.0.1:46771/', 'http://127.0.0.1:45475/']
[rosmaster.master][INFO] 2025-12-18 08:30:24,976: -PUB [/move_group/planning_scene_monitor/parameter_descriptions] /move_group http://127.0.0.1:36173/
[rosmaster.master][INFO] 2025-12-18 08:30:24,982: -PUB [/rosout] /image_raw_to_rect_color_relay http://127.0.0.1:40889/
[rosmaster.master][INFO] 2025-12-18 08:30:24,988: -SUB [/joy_turbo_decrease/goal] /joystick_relay http://127.0.0.1:40555/
[rosmaster.master][INFO] 2025-12-18 08:30:24,992: publisherUpdate[/rosout] -> http://127.0.0.1:34819/ ['http://127.0.0.1:42733/', 'http://127.0.0.1:41781/', 'http://127.0.0.1:46063/', 'http://127.0.0.1:43779/', 'http://127.0.0.1:40889/', 'http://127.0.0.1:41657/', 'http://127.0.0.1:40555/', 'http://127.0.0.1:40579/', 'http://127.0.0.1:44263/', 'http://127.0.0.1:35029/', 'http://127.0.0.1:41135/', 'http://127.0.0.1:35309/', 'http://127.0.0.1:46771/', 'http://127.0.0.1:45475/']: sec=0.01, result=[1, '', 0]
[rosmaster.master][INFO] 2025-12-18 08:30:24,993: -SUB [/tf_stream/status] /dynamic_footprint_publisher http://127.0.0.1:40579/
[rosmaster.master][INFO] 2025-12-18 08:30:24,998: -SUB [/tf_stream/result] /dynamic_footprint_publisher http://127.0.0.1:40579/
[rosmaster.master][INFO] 2025-12-18 08:30:24,999: -SUB [/tf_stream/feedback] /dynamic_footprint_publisher http://127.0.0.1:40579/
[rosmaster.master][INFO] 2025-12-18 08:30:24,993: publisherUpdate[/rosout] -> http://127.0.0.1:34819/ ['http://127.0.0.1:42733/', 'http://127.0.0.1:41781/', 'http://127.0.0.1:46063/', 'http://127.0.0.1:40889/', 'http://127.0.0.1:41657/', 'http://127.0.0.1:40555/', 'http://127.0.0.1:40579/', 'http://127.0.0.1:44263/', 'http://127.0.0.1:35029/', 'http://127.0.0.1:41135/', 'http://127.0.0.1:35309/', 'http://127.0.0.1:46771/', 'http://127.0.0.1:45475/']
[rosmaster.master][INFO] 2025-12-18 08:30:25,000: -SUB [/tfs_14596000000] /dynamic_footprint_publisher http://127.0.0.1:40579/
[rosmaster.master][INFO] 2025-12-18 08:30:25,015: -PUB [/rosout] /dynamic_footprint_publisher http://127.0.0.1:40579/
[rosmaster.master][INFO] 2025-12-18 08:30:25,016: -PUB [/twist_marker] /twist_marker http://127.0.0.1:43779/
[rosmaster.master][INFO] 2025-12-18 08:30:25,011: publisherUpdate[/rosout] -> http://127.0.0.1:34819/ ['http://127.0.0.1:42733/', 'http://127.0.0.1:41781/', 'http://127.0.0.1:46063/', 'http://127.0.0.1:40889/', 'http://127.0.0.1:41657/', 'http://127.0.0.1:40555/', 'http://127.0.0.1:40579/', 'http://127.0.0.1:44263/', 'http://127.0.0.1:35029/', 'http://127.0.0.1:41135/', 'http://127.0.0.1:35309/', 'http://127.0.0.1:46771/', 'http://127.0.0.1:45475/']: sec=0.01, result=[1, '', 0]
[rosmaster.master][INFO] 2025-12-18 08:30:25,019: publisherUpdate[/rosout] -> http://127.0.0.1:34819/ ['http://127.0.0.1:42733/', 'http://127.0.0.1:41781/', 'http://127.0.0.1:46063/', 'http://127.0.0.1:41657/', 'http://127.0.0.1:40555/', 'http://127.0.0.1:40579/', 'http://127.0.0.1:44263/', 'http://127.0.0.1:35029/', 'http://127.0.0.1:41135/', 'http://127.0.0.1:35309/', 'http://127.0.0.1:46771/', 'http://127.0.0.1:45475/']
[rosmaster.master][INFO] 2025-12-18 08:30:25,023: -PUB [/move_group/planning_scene_monitor/parameter_updates] /move_group http://127.0.0.1:36173/
[rosmaster.master][INFO] 2025-12-18 08:30:25,025: -SUB [/clock] /twist_marker http://127.0.0.1:43779/
[rosmaster.master][INFO] 2025-12-18 08:30:25,026: -SUB [/joy_turbo_decrease/cancel] /joystick_relay http://127.0.0.1:40555/
[rosmaster.master][INFO] 2025-12-18 08:30:25,027: -SUB [/joy_turbo_angular_increase/goal] /joystick_relay http://127.0.0.1:40555/
[rosmaster.master][INFO] 2025-12-18 08:30:25,027: -SUB [/joy_turbo_angular_increase/cancel] /joystick_relay http://127.0.0.1:40555/
[rosmaster.master][INFO] 2025-12-18 08:30:25,028: -SUB [/joy_turbo_angular_decrease/goal] /joystick_relay http://127.0.0.1:40555/
[rosmaster.master][INFO] 2025-12-18 08:30:25,028: -SUB [/joy_turbo_angular_decrease/cancel] /joystick_relay http://127.0.0.1:40555/
[rosmaster.master][INFO] 2025-12-18 08:30:25,029: -SUB [/joy_turbo_reset/goal] /joystick_relay http://127.0.0.1:40555/
[rosmaster.master][INFO] 2025-12-18 08:30:25,029: -PUB [/tf] /robot_state_publisher http://127.0.0.1:39391/
[rosmaster.master][INFO] 2025-12-18 08:30:25,079: -PUB [/tf_stream/goal] /dynamic_footprint_publisher http://127.0.0.1:40579/
[rosmaster.master][INFO] 2025-12-18 08:30:25,093: -PUB [/tf_stream/cancel] /dynamic_footprint_publisher http://127.0.0.1:40579/
[rosmaster.master][INFO] 2025-12-18 08:30:25,089: publisherUpdate[/tf] -> http://127.0.0.1:46741/ ['http://127.0.0.1:41135/']
[rosmaster.master][INFO] 2025-12-18 08:30:25,088: publisherUpdate[/rosout] -> http://127.0.0.1:34819/ ['http://127.0.0.1:42733/', 'http://127.0.0.1:41781/', 'http://127.0.0.1:46063/', 'http://127.0.0.1:41657/', 'http://127.0.0.1:40555/', 'http://127.0.0.1:40579/', 'http://127.0.0.1:44263/', 'http://127.0.0.1:35029/', 'http://127.0.0.1:41135/', 'http://127.0.0.1:35309/', 'http://127.0.0.1:46771/', 'http://127.0.0.1:45475/']: sec=0.07, result=[1, '', 0]
[rosmaster.master][INFO] 2025-12-18 08:30:25,086: publisherUpdate[/tf] -> http://127.0.0.1:42733/ ['http://127.0.0.1:41135/']
[rosmaster.master][INFO] 2025-12-18 08:30:25,099: -PUB [/dynamic_footprint_publisher/footprint] /dynamic_footprint_publisher http://127.0.0.1:40579/
[rosmaster.master][INFO] 2025-12-18 08:30:25,111: publisherUpdate[/rosout] -> http://127.0.0.1:34819/ ['http://127.0.0.1:42733/', 'http://127.0.0.1:41781/', 'http://127.0.0.1:46063/', 'http://127.0.0.1:41657/', 'http://127.0.0.1:40555/', 'http://127.0.0.1:44263/', 'http://127.0.0.1:35029/', 'http://127.0.0.1:41135/', 'http://127.0.0.1:35309/', 'http://127.0.0.1:46771/', 'http://127.0.0.1:45475/']
[rosmaster.master][INFO] 2025-12-18 08:30:25,113: -PUB [/throttle_filtering_points/filtered_points] /throttle_filtering_points http://127.0.0.1:40477/
[rosmaster.master][INFO] 2025-12-18 08:30:25,116: -PUB [/rosout] /twist_mux http://127.0.0.1:41781/
[rosmaster.master][INFO] 2025-12-18 08:30:25,117: -PUB [/xtion/rgb/image_rect_color] /image_raw_to_rect_color_relay http://127.0.0.1:40889/
[rosmaster.master][INFO] 2025-12-18 08:30:25,117: -SUB [/joy_turbo_reset/cancel] /joystick_relay http://127.0.0.1:40555/
[rosmaster.master][INFO] 2025-12-18 08:30:25,118: -PUB [/rosout] /joystick_relay http://127.0.0.1:40555/
[rosmaster.master][INFO] 2025-12-18 08:30:25,119: -PUB [/text_marker] /joystick_relay http://127.0.0.1:40555/
[rosmaster.master][INFO] 2025-12-18 08:30:25,119: -PUB [/joy_vel] /joystick_relay http://127.0.0.1:40555/
[rosmaster.master][INFO] 2025-12-18 08:30:25,122: -PUB [/xtion/rgb/image_proc_debayer/parameter_updates] /xtion/rgb/image_proc http://127.0.0.1:46821/
[rosmaster.master][INFO] 2025-12-18 08:30:25,123: -PUB [/tf_lookup/feedback] /tf_lookup http://127.0.0.1:46741/
[rosmaster.master][INFO] 2025-12-18 08:30:25,126: publisherUpdate[/tf] -> http://127.0.0.1:42733/ ['http://127.0.0.1:41135/']: sec=0.01, result=[1, '', 0]
[rosmaster.master][INFO] 2025-12-18 08:30:25,126: publisherUpdate[/tf] -> http://127.0.0.1:46063/ ['http://127.0.0.1:41135/']
[rosmaster.master][INFO] 2025-12-18 08:30:25,129: -PUB [/xtion/rgb/image_mono/compressedDepth] /xtion/rgb/image_proc http://127.0.0.1:46821/
[rosmaster.master][INFO] 2025-12-18 08:30:25,134: -PUB [/dynamic_footprint_publisher/footprint_stamped] /dynamic_footprint_publisher http://127.0.0.1:40579/
[rosmaster.master][INFO] 2025-12-18 08:30:25,141: -SERVICE [/dynamic_footprint_publisher/get_loggers] /dynamic_footprint_publisher rosrpc://127.0.0.1:39103
[rosmaster.master][INFO] 2025-12-18 08:30:25,142: -SERVICE [/dynamic_footprint_publisher/set_logger_level] /dynamic_footprint_publisher rosrpc://127.0.0.1:39103
[rosmaster.master][INFO] 2025-12-18 08:30:25,139: publisherUpdate[/tf] -> http://127.0.0.1:46741/ ['http://127.0.0.1:41135/']: sec=0.03, exception=<Fault -1: 'publisherUpdate: unknown method name'>
[rosmaster.master][INFO] 2025-12-18 08:30:25,136: publisherUpdate[/rosout] -> http://127.0.0.1:34819/ ['http://127.0.0.1:42733/', 'http://127.0.0.1:41781/', 'http://127.0.0.1:46063/', 'http://127.0.0.1:41657/', 'http://127.0.0.1:40555/', 'http://127.0.0.1:44263/', 'http://127.0.0.1:35029/', 'http://127.0.0.1:41135/', 'http://127.0.0.1:35309/', 'http://127.0.0.1:46771/', 'http://127.0.0.1:45475/']: sec=0.02, result=[1, '', 0]
[rosmaster.master][INFO] 2025-12-18 08:30:25,174: publisherUpdate[/tf] -> http://127.0.0.1:36173/ ['http://127.0.0.1:41135/']
[rosmaster.master][INFO] 2025-12-18 08:30:25,154: publisherUpdate[/tf] -> http://127.0.0.1:46063/ ['http://127.0.0.1:41135/']: sec=0.03, result=[1, '', 0]
[rosmaster.master][INFO] 2025-12-18 08:30:25,176: publisherUpdate[/tf_stream/goal] -> http://127.0.0.1:46741/ []
[rosmaster.master][INFO] 2025-12-18 08:30:25,181: publisherUpdate[/tf] -> http://127.0.0.1:36173/ ['http://127.0.0.1:41135/']: sec=0.01, exception=<Fault -1: 'publisherUpdate: unknown method name'>
[rosmaster.master][INFO] 2025-12-18 08:30:25,142: -SERVICE [/dynamic_footprint_publisher/change_params] /dynamic_footprint_publisher rosrpc://127.0.0.1:39103
[rosmaster.master][INFO] 2025-12-18 08:30:25,195: -PUB [/tf_static] /robot_state_publisher http://127.0.0.1:39391/
[rosmaster.threadpool][ERROR] 2025-12-18 08:30:25,173: Traceback (most recent call last):
  File "/opt/ros/noetic/lib/python3/dist-packages/rosmaster/threadpool.py", line 218, in run
    result = cmd(*args)
  File "/opt/ros/noetic/lib/python3/dist-packages/rosmaster/master_api.py", line 210, in publisher_update_task
    ret = xmlrpcapi(api).publisherUpdate('/master', topic, pub_uris)
  File "/usr/lib/python3.8/xmlrpc/client.py", line 1109, in __call__
    return self.__send(self.__name, args)
  File "/usr/lib/python3.8/xmlrpc/client.py", line 1450, in __request
    response = self.__transport.request(
  File "/usr/lib/python3.8/xmlrpc/client.py", line 1153, in request
    return self.single_request(host, handler, request_body, verbose)
  File "/usr/lib/python3.8/xmlrpc/client.py", line 1169, in single_request
    return self.parse_response(resp)
  File "/usr/lib/python3.8/xmlrpc/client.py", line 1341, in parse_response
    return u.close()
  File "/usr/lib/python3.8/xmlrpc/client.py", line 655, in close
    raise Fault(**self._stack[0])
xmlrpc.client.Fault: <Fault -1: 'publisherUpdate: unknown method name'>

[rosmaster.master][INFO] 2025-12-18 08:30:25,196: publisherUpdate[/rosout] -> http://127.0.0.1:34819/ ['http://127.0.0.1:42733/', 'http://127.0.0.1:46063/', 'http://127.0.0.1:41657/', 'http://127.0.0.1:40555/', 'http://127.0.0.1:44263/', 'http://127.0.0.1:35029/', 'http://127.0.0.1:41135/', 'http://127.0.0.1:35309/', 'http://127.0.0.1:46771/', 'http://127.0.0.1:45475/']
[rosmaster.master][INFO] 2025-12-18 08:30:25,192: publisherUpdate[/tf_stream/goal] -> http://127.0.0.1:46741/ []: sec=0.02, exception=<Fault -1: 'publisherUpdate: unknown method name'>
[rosmaster.threadpool][ERROR] 2025-12-18 08:30:25,199: Traceback (most recent call last):
  File "/opt/ros/noetic/lib/python3/dist-packages/rosmaster/threadpool.py", line 218, in run
    result = cmd(*args)
  File "/opt/ros/noetic/lib/python3/dist-packages/rosmaster/master_api.py", line 210, in publisher_update_task
    ret = xmlrpcapi(api).publisherUpdate('/master', topic, pub_uris)
  File "/usr/lib/python3.8/xmlrpc/client.py", line 1109, in __call__
    return self.__send(self.__name, args)
  File "/usr/lib/python3.8/xmlrpc/client.py", line 1450, in __request
    response = self.__transport.request(
  File "/usr/lib/python3.8/xmlrpc/client.py", line 1153, in request
    return self.single_request(host, handler, request_body, verbose)
  File "/usr/lib/python3.8/xmlrpc/client.py", line 1169, in single_request
    return self.parse_response(resp)
  File "/usr/lib/python3.8/xmlrpc/client.py", line 1341, in parse_response
    return u.close()
  File "/usr/lib/python3.8/xmlrpc/client.py", line 655, in close
    raise Fault(**self._stack[0])
xmlrpc.client.Fault: <Fault -1: 'publisherUpdate: unknown method name'>

[rosmaster.master][INFO] 2025-12-18 08:30:25,365: publisherUpdate[/tf_stream/cancel] -> http://127.0.0.1:46741/ []
[rosmaster.master][INFO] 2025-12-18 08:30:25,206: -PUB [/mobile_base_controller/cmd_vel] /twist_mux http://127.0.0.1:41781/
[rosmaster.master][INFO] 2025-12-18 08:30:25,365: publisherUpdate[/rosout] -> http://127.0.0.1:34819/ ['http://127.0.0.1:42733/', 'http://127.0.0.1:46063/', 'http://127.0.0.1:41657/', 'http://127.0.0.1:40555/', 'http://127.0.0.1:44263/', 'http://127.0.0.1:35029/', 'http://127.0.0.1:41135/', 'http://127.0.0.1:35309/', 'http://127.0.0.1:46771/', 'http://127.0.0.1:45475/']: sec=0.17, result=[1, '', 0]
[rosmaster.threadpool][ERROR] 2025-12-18 08:30:25,205: Traceback (most recent call last):
  File "/opt/ros/noetic/lib/python3/dist-packages/rosmaster/threadpool.py", line 218, in run
    result = cmd(*args)
  File "/opt/ros/noetic/lib/python3/dist-packages/rosmaster/master_api.py", line 210, in publisher_update_task
    ret = xmlrpcapi(api).publisherUpdate('/master', topic, pub_uris)
  File "/usr/lib/python3.8/xmlrpc/client.py", line 1109, in __call__
    return self.__send(self.__name, args)
  File "/usr/lib/python3.8/xmlrpc/client.py", line 1450, in __request
    response = self.__transport.request(
  File "/usr/lib/python3.8/xmlrpc/client.py", line 1153, in request
    return self.single_request(host, handler, request_body, verbose)
  File "/usr/lib/python3.8/xmlrpc/client.py", line 1169, in single_request
    return self.parse_response(resp)
  File "/usr/lib/python3.8/xmlrpc/client.py", line 1341, in parse_response
    return u.close()
  File "/usr/lib/python3.8/xmlrpc/client.py", line 655, in close
    raise Fault(**self._stack[0])
xmlrpc.client.Fault: <Fault -1: 'publisherUpdate: unknown method name'>

[rosmaster.master][INFO] 2025-12-18 08:30:25,400: publisherUpdate[/joy_vel] -> http://127.0.0.1:41781/ []
[rosmaster.master][INFO] 2025-12-18 08:30:25,393: publisherUpdate[/rosout] -> http://127.0.0.1:34819/ ['http://127.0.0.1:42733/', 'http://127.0.0.1:46063/', 'http://127.0.0.1:41657/', 'http://127.0.0.1:44263/', 'http://127.0.0.1:35029/', 'http://127.0.0.1:41135/', 'http://127.0.0.1:35309/', 'http://127.0.0.1:46771/', 'http://127.0.0.1:45475/']
[rosmaster.master][INFO] 2025-12-18 08:30:25,381: -PUB [/tf_lookup/status] /tf_lookup http://127.0.0.1:46741/
[rosmaster.master][INFO] 2025-12-18 08:30:25,443: publisherUpdate[/tf_stream/cancel] -> http://127.0.0.1:46741/ []: sec=0.08, exception=<Fault -1: 'publisherUpdate: unknown method name'>
[rosmaster.master][INFO] 2025-12-18 08:30:25,450: publisherUpdate[/joy_vel] -> http://127.0.0.1:41781/ []: sec=0.04, exception=<Fault -1: 'publisherUpdate: unknown method name'>
[rosmaster.master][INFO] 2025-12-18 08:30:25,452: -SUB [/clock] /image_raw_to_rect_color_relay http://127.0.0.1:40889/
[rosmaster.threadpool][ERROR] 2025-12-18 08:30:25,486: Traceback (most recent call last):
  File "/opt/ros/noetic/lib/python3/dist-packages/rosmaster/threadpool.py", line 218, in run
    result = cmd(*args)
  File "/opt/ros/noetic/lib/python3/dist-packages/rosmaster/master_api.py", line 210, in publisher_update_task
    ret = xmlrpcapi(api).publisherUpdate('/master', topic, pub_uris)
  File "/usr/lib/python3.8/xmlrpc/client.py", line 1109, in __call__
    return self.__send(self.__name, args)
  File "/usr/lib/python3.8/xmlrpc/client.py", line 1450, in __request
    response = self.__transport.request(
  File "/usr/lib/python3.8/xmlrpc/client.py", line 1153, in request
    return self.single_request(host, handler, request_body, verbose)
  File "/usr/lib/python3.8/xmlrpc/client.py", line 1169, in single_request
    return self.parse_response(resp)
  File "/usr/lib/python3.8/xmlrpc/client.py", line 1341, in parse_response
    return u.close()
  File "/usr/lib/python3.8/xmlrpc/client.py", line 655, in close
    raise Fault(**self._stack[0])
xmlrpc.client.Fault: <Fault -1: 'publisherUpdate: unknown method name'>

[rosmaster.master][INFO] 2025-12-18 08:30:25,504: publisherUpdate[/tf_static] -> http://127.0.0.1:42733/ []
[rosmaster.master][INFO] 2025-12-18 08:30:25,490: publisherUpdate[/rosout] -> http://127.0.0.1:34819/ ['http://127.0.0.1:42733/', 'http://127.0.0.1:46063/', 'http://127.0.0.1:41657/', 'http://127.0.0.1:44263/', 'http://127.0.0.1:35029/', 'http://127.0.0.1:41135/', 'http://127.0.0.1:35309/', 'http://127.0.0.1:46771/', 'http://127.0.0.1:45475/']: sec=0.04, result=[1, '', 0]
[rosmaster.master][INFO] 2025-12-18 08:30:25,515: publisherUpdate[/tf_static] -> http://127.0.0.1:46741/ []
[rosmaster.threadpool][ERROR] 2025-12-18 08:30:25,489: Traceback (most recent call last):
  File "/opt/ros/noetic/lib/python3/dist-packages/rosmaster/threadpool.py", line 218, in run
    result = cmd(*args)
  File "/opt/ros/noetic/lib/python3/dist-packages/rosmaster/master_api.py", line 210, in publisher_update_task
    ret = xmlrpcapi(api).publisherUpdate('/master', topic, pub_uris)
  File "/usr/lib/python3.8/xmlrpc/client.py", line 1109, in __call__
    return self.__send(self.__name, args)
  File "/usr/lib/python3.8/xmlrpc/client.py", line 1450, in __request
    response = self.__transport.request(
  File "/usr/lib/python3.8/xmlrpc/client.py", line 1153, in request
    return self.single_request(host, handler, request_body, verbose)
  File "/usr/lib/python3.8/xmlrpc/client.py", line 1169, in single_request
    return self.parse_response(resp)
  File "/usr/lib/python3.8/xmlrpc/client.py", line 1341, in parse_response
    return u.close()
  File "/usr/lib/python3.8/xmlrpc/client.py", line 655, in close
    raise Fault(**self._stack[0])
xmlrpc.client.Fault: <Fault -1: 'publisherUpdate: unknown method name'>

[rosmaster.master][INFO] 2025-12-18 08:30:25,539: publisherUpdate[/tf_static] -> http://127.0.0.1:46063/ []
[rosmaster.master][INFO] 2025-12-18 08:30:25,502: -PUB [/move_group/monitored_planning_scene] /move_group http://127.0.0.1:36173/
[rosmaster.master][INFO] 2025-12-18 08:30:25,531: publisherUpdate[/tf_static] -> http://127.0.0.1:42733/ []: sec=0.03, result=[1, '', 0]
[rosmaster.master][INFO] 2025-12-18 08:30:25,580: publisherUpdate[/tf_static] -> http://127.0.0.1:36173/ []
[rosmaster.master][INFO] 2025-12-18 08:30:25,586: -SUB [/mobile_base_controller/cmd_vel] /twist_marker http://127.0.0.1:43779/
[rosmaster.master][INFO] 2025-12-18 08:30:25,593: publisherUpdate[/tf_static] -> http://127.0.0.1:46063/ []: sec=0.05, result=[1, '', 0]
[rosmaster.master][INFO] 2025-12-18 08:30:25,598: publisherUpdate[/mobile_base_controller/cmd_vel] -> http://127.0.0.1:43779/ []
[rosmaster.master][INFO] 2025-12-18 08:30:25,595: -PUB [/joy_priority] /joystick_relay http://127.0.0.1:40555/
[rosmaster.master][INFO] 2025-12-18 08:30:25,601: -PUB [/joy_priority_action/status] /joystick_relay http://127.0.0.1:40555/
[rosmaster.master][INFO] 2025-12-18 08:30:25,604: publisherUpdate[/tf_static] -> http://127.0.0.1:46741/ []: sec=0.09, exception=<Fault -1: 'publisherUpdate: unknown method name'>
[rosmaster.master][INFO] 2025-12-18 08:30:25,603: publisherUpdate[/tf_static] -> http://127.0.0.1:36173/ []: sec=0.02, exception=<Fault -1: 'publisherUpdate: unknown method name'>
[rosmaster.threadpool][ERROR] 2025-12-18 08:30:25,641: Traceback (most recent call last):
  File "/opt/ros/noetic/lib/python3/dist-packages/rosmaster/threadpool.py", line 218, in run
    result = cmd(*args)
  File "/opt/ros/noetic/lib/python3/dist-packages/rosmaster/master_api.py", line 210, in publisher_update_task
    ret = xmlrpcapi(api).publisherUpdate('/master', topic, pub_uris)
  File "/usr/lib/python3.8/xmlrpc/client.py", line 1109, in __call__
    return self.__send(self.__name, args)
  File "/usr/lib/python3.8/xmlrpc/client.py", line 1450, in __request
    response = self.__transport.request(
  File "/usr/lib/python3.8/xmlrpc/client.py", line 1153, in request
    return self.single_request(host, handler, request_body, verbose)
  File "/usr/lib/python3.8/xmlrpc/client.py", line 1169, in single_request
    return self.parse_response(resp)
  File "/usr/lib/python3.8/xmlrpc/client.py", line 1341, in parse_response
    return u.close()
  File "/usr/lib/python3.8/xmlrpc/client.py", line 655, in close
    raise Fault(**self._stack[0])
xmlrpc.client.Fault: <Fault -1: 'publisherUpdate: unknown method name'>

[rosmaster.master][INFO] 2025-12-18 08:30:25,641: publisherUpdate[/mobile_base_controller/cmd_vel] -> http://127.0.0.1:41135/ []
[rosmaster.master][INFO] 2025-12-18 08:30:25,638: publisherUpdate[/mobile_base_controller/cmd_vel] -> http://127.0.0.1:43779/ []: sec=0.04, exception=<Fault -1: 'publisherUpdate: unknown method name'>
[rosmaster.threadpool][ERROR] 2025-12-18 08:30:25,637: Traceback (most recent call last):
  File "/opt/ros/noetic/lib/python3/dist-packages/rosmaster/threadpool.py", line 218, in run
    result = cmd(*args)
  File "/opt/ros/noetic/lib/python3/dist-packages/rosmaster/master_api.py", line 210, in publisher_update_task
    ret = xmlrpcapi(api).publisherUpdate('/master', topic, pub_uris)
  File "/usr/lib/python3.8/xmlrpc/client.py", line 1109, in __call__
    return self.__send(self.__name, args)
  File "/usr/lib/python3.8/xmlrpc/client.py", line 1450, in __request
    response = self.__transport.request(
  File "/usr/lib/python3.8/xmlrpc/client.py", line 1153, in request
    return self.single_request(host, handler, request_body, verbose)
  File "/usr/lib/python3.8/xmlrpc/client.py", line 1169, in single_request
    return self.parse_response(resp)
  File "/usr/lib/python3.8/xmlrpc/client.py", line 1341, in parse_response
    return u.close()
  File "/usr/lib/python3.8/xmlrpc/client.py", line 655, in close
    raise Fault(**self._stack[0])
xmlrpc.client.Fault: <Fault -1: 'publisherUpdate: unknown method name'>

[rosmaster.master][INFO] 2025-12-18 08:30:25,647: publisherUpdate[/joy_priority] -> http://127.0.0.1:41781/ []
[rosmaster.master][INFO] 2025-12-18 08:30:25,635: -PUB [/xtion/rgb/image_mono/compressedDepth/parameter_descriptions] /xtion/rgb/image_proc http://127.0.0.1:46821/
[rosmaster.threadpool][ERROR] 2025-12-18 08:30:25,644: Traceback (most recent call last):
  File "/opt/ros/noetic/lib/python3/dist-packages/rosmaster/threadpool.py", line 218, in run
    result = cmd(*args)
  File "/opt/ros/noetic/lib/python3/dist-packages/rosmaster/master_api.py", line 210, in publisher_update_task
    ret = xmlrpcapi(api).publisherUpdate('/master', topic, pub_uris)
  File "/usr/lib/python3.8/xmlrpc/client.py", line 1109, in __call__
    return self.__send(self.__name, args)
  File "/usr/lib/python3.8/xmlrpc/client.py", line 1450, in __request
    response = self.__transport.request(
  File "/usr/lib/python3.8/xmlrpc/client.py", line 1153, in request
    return self.single_request(host, handler, request_body, verbose)
  File "/usr/lib/python3.8/xmlrpc/client.py", line 1169, in single_request
    return self.parse_response(resp)
  File "/usr/lib/python3.8/xmlrpc/client.py", line 1341, in parse_response
    return u.close()
  File "/usr/lib/python3.8/xmlrpc/client.py", line 655, in close
    raise Fault(**self._stack[0])
xmlrpc.client.Fault: <Fault -1: 'publisherUpdate: unknown method name'>

[rosmaster.master][INFO] 2025-12-18 08:30:25,649: -SUB [/clock] /robot_state_publisher http://127.0.0.1:39391/
[rosmaster.master][INFO] 2025-12-18 08:30:25,654: -PUB [/diagnostics] /twist_mux http://127.0.0.1:41781/
[rosmaster.master][INFO] 2025-12-18 08:30:25,672: publisherUpdate[/joy_priority] -> http://127.0.0.1:41781/ []: sec=0.02, exception=<Fault -1: 'publisherUpdate: unknown method name'>
[rosmaster.master][INFO] 2025-12-18 08:30:25,685: -PUB [/tf_stream/result] /tf_lookup http://127.0.0.1:46741/
[rosmaster.master][INFO] 2025-12-18 08:30:25,688: -SUB [/clock] /twist_mux http://127.0.0.1:41781/
[rosmaster.threadpool][ERROR] 2025-12-18 08:30:25,673: Traceback (most recent call last):
  File "/opt/ros/noetic/lib/python3/dist-packages/rosmaster/threadpool.py", line 218, in run
    result = cmd(*args)
  File "/opt/ros/noetic/lib/python3/dist-packages/rosmaster/master_api.py", line 210, in publisher_update_task
    ret = xmlrpcapi(api).publisherUpdate('/master', topic, pub_uris)
  File "/usr/lib/python3.8/xmlrpc/client.py", line 1109, in __call__
    return self.__send(self.__name, args)
  File "/usr/lib/python3.8/xmlrpc/client.py", line 1450, in __request
    response = self.__transport.request(
  File "/usr/lib/python3.8/xmlrpc/client.py", line 1153, in request
    return self.single_request(host, handler, request_body, verbose)
  File "/usr/lib/python3.8/xmlrpc/client.py", line 1169, in single_request
    return self.parse_response(resp)
  File "/usr/lib/python3.8/xmlrpc/client.py", line 1341, in parse_response
    return u.close()
  File "/usr/lib/python3.8/xmlrpc/client.py", line 655, in close
    raise Fault(**self._stack[0])
xmlrpc.client.Fault: <Fault -1: 'publisherUpdate: unknown method name'>

[rosmaster.master][INFO] 2025-12-18 08:30:25,695: publisherUpdate[/mobile_base_controller/cmd_vel] -> http://127.0.0.1:41135/ []: sec=0.05, result=[1, '', 0]
[rosmaster.master][INFO] 2025-12-18 08:30:25,701: -SERVICE [/twist_marker/get_loggers] /twist_marker rosrpc://127.0.0.1:55883
[rosmaster.master][INFO] 2025-12-18 08:30:25,703: -PUB [/move_group/ompl/parameter_descriptions] /move_group http://127.0.0.1:36173/
[rosmaster.master][INFO] 2025-12-18 08:30:25,711: -SUB [/clock] /throttle_filtering_points http://127.0.0.1:40477/
[rosmaster.master][INFO] 2025-12-18 08:30:25,724: -PUB [/joy_priority_action/result] /joystick_relay http://127.0.0.1:40555/
[rosmaster.master][INFO] 2025-12-18 08:30:25,760: -PUB [/xtion/rgb/image_mono/compressedDepth/parameter_updates] /xtion/rgb/image_proc http://127.0.0.1:46821/
[rosmaster.master][INFO] 2025-12-18 08:30:25,761: -SUB [/xtion/rgb/image_raw] /image_raw_to_rect_color_relay http://127.0.0.1:40889/
[rosmaster.master][INFO] 2025-12-18 08:30:25,764: -SUB [/joint_states] /robot_state_publisher http://127.0.0.1:39391/
[rosmaster.master][INFO] 2025-12-18 08:30:25,769: -PUB [/xtion/rgb/image_mono/compressed] /xtion/rgb/image_proc http://127.0.0.1:46821/
[rosmaster.master][INFO] 2025-12-18 08:30:25,772: -PUB [/tf_stream/feedback] /tf_lookup http://127.0.0.1:46741/
[rosmaster.master][INFO] 2025-12-18 08:30:25,781: -PUB [/move_group/ompl/parameter_updates] /move_group http://127.0.0.1:36173/
[rosmaster.master][INFO] 2025-12-18 08:30:25,786: -SERVICE [/twist_marker/set_logger_level] /twist_marker rosrpc://127.0.0.1:55883
[rosmaster.master][INFO] 2025-12-18 08:30:25,789: -PUB [/joy_priority_action/feedback] /joystick_relay http://127.0.0.1:40555/
[rosmaster.master][INFO] 2025-12-18 08:30:25,795: -SUB [/nav_vel] /twist_mux http://127.0.0.1:41781/
[rosmaster.master][INFO] 2025-12-18 08:30:25,797: -SERVICE [/throttle_filtering_points/get_loggers] /throttle_filtering_points rosrpc://127.0.0.1:58419
[rosmaster.master][INFO] 2025-12-18 08:30:25,799: -SERVICE [/image_raw_to_rect_color_relay/get_loggers] /image_raw_to_rect_color_relay rosrpc://127.0.0.1:42201
[rosmaster.master][INFO] 2025-12-18 08:30:25,803: -SUB [/joy_vel] /twist_mux http://127.0.0.1:41781/
[rosmaster.master][INFO] 2025-12-18 08:30:25,813: -PUB [/joy_turbo_increase/status] /joystick_relay http://127.0.0.1:40555/
[rosmaster.master][INFO] 2025-12-18 08:30:25,814: -PUB [/joy_turbo_increase/result] /joystick_relay http://127.0.0.1:40555/
[rosmaster.master][INFO] 2025-12-18 08:30:25,816: -PUB [/joy_turbo_increase/feedback] /joystick_relay http://127.0.0.1:40555/
[rosmaster.master][INFO] 2025-12-18 08:30:25,823: -PUB [/joy_turbo_decrease/status] /joystick_relay http://127.0.0.1:40555/
[rosmaster.master][INFO] 2025-12-18 08:30:25,824: -PUB [/joy_turbo_decrease/result] /joystick_relay http://127.0.0.1:40555/
[rosmaster.master][INFO] 2025-12-18 08:30:25,824: -PUB [/joy_turbo_decrease/feedback] /joystick_relay http://127.0.0.1:40555/
[rosmaster.master][INFO] 2025-12-18 08:30:25,825: -PUB [/joy_turbo_angular_increase/status] /joystick_relay http://127.0.0.1:40555/
[rosmaster.master][INFO] 2025-12-18 08:30:25,830: -PUB [/tf_stream/status] /tf_lookup http://127.0.0.1:46741/
[rosmaster.master][INFO] 2025-12-18 08:30:25,833: -SUB [/key_vel] /twist_mux http://127.0.0.1:41781/
[rosmaster.master][INFO] 2025-12-18 08:30:25,835: -SERVICE [/image_raw_to_rect_color_relay/set_logger_level] /image_raw_to_rect_color_relay rosrpc://127.0.0.1:42201
[rosmaster.master][INFO] 2025-12-18 08:30:25,836: -PUB [/move_group/display_planned_path] /move_group http://127.0.0.1:36173/
[rosmaster.master][INFO] 2025-12-18 08:30:25,837: -PUB [/xtion/rgb/image_mono/compressed/parameter_descriptions] /xtion/rgb/image_proc http://127.0.0.1:46821/
[rosmaster.master][INFO] 2025-12-18 08:30:25,838: -SERVICE [/throttle_filtering_points/set_logger_level] /throttle_filtering_points rosrpc://127.0.0.1:58419
[rosmaster.master][INFO] 2025-12-18 08:30:25,845: -PUB [/tfs_14596000000] /tf_lookup http://127.0.0.1:46741/
[rosmaster.master][INFO] 2025-12-18 08:30:25,846: -PUB [/joy_turbo_angular_increase/result] /joystick_relay http://127.0.0.1:40555/
[rosmaster.master][INFO] 2025-12-18 08:30:25,846: -PUB [/joy_turbo_angular_increase/feedback] /joystick_relay http://127.0.0.1:40555/
[rosmaster.master][INFO] 2025-12-18 08:30:25,847: -PUB [/joy_turbo_angular_decrease/status] /joystick_relay http://127.0.0.1:40555/
[rosmaster.master][INFO] 2025-12-18 08:30:25,847: -PUB [/joy_turbo_angular_decrease/result] /joystick_relay http://127.0.0.1:40555/
[rosmaster.master][INFO] 2025-12-18 08:30:25,848: -PUB [/joy_turbo_angular_decrease/feedback] /joystick_relay http://127.0.0.1:40555/
[rosmaster.master][INFO] 2025-12-18 08:30:25,848: -PUB [/joy_turbo_reset/status] /joystick_relay http://127.0.0.1:40555/
[rosmaster.master][INFO] 2025-12-18 08:30:25,861: -PUB [/joy_turbo_reset/result] /joystick_relay http://127.0.0.1:40555/
[rosmaster.master][INFO] 2025-12-18 08:30:25,872: -PUB [/joy_turbo_reset/feedback] /joystick_relay http://127.0.0.1:40555/
[rosmaster.master][INFO] 2025-12-18 08:30:25,875: -SUB [/clock] /tf_lookup http://127.0.0.1:46741/
[rosmaster.master][INFO] 2025-12-18 08:30:25,878: -PUB [/xtion/rgb/image_mono/compressed/parameter_updates] /xtion/rgb/image_proc http://127.0.0.1:46821/
[rosmaster.master][INFO] 2025-12-18 08:30:25,879: -PUB [/move_group/display_contacts] /move_group http://127.0.0.1:36173/
[rosmaster.master][INFO] 2025-12-18 08:30:25,884: -SUB [/tab_vel] /twist_mux http://127.0.0.1:41781/
[rosmaster.master][INFO] 2025-12-18 08:30:25,909: -CACHEDPARAM [/rosout_disable_topics_generation] by /image_raw_to_rect_color_relay
[rosmaster.master][INFO] 2025-12-18 08:30:25,911: -SERVICE [/throttle_filtering_points/set_parameters] /throttle_filtering_points rosrpc://127.0.0.1:58419
[rosmaster.master][INFO] 2025-12-18 08:30:25,977: -SUB [/clock] /is_already_there http://127.0.0.1:41657/
[rosmaster.master][INFO] 2025-12-18 08:30:25,978: -SUB [/joint_states] /is_already_there http://127.0.0.1:41657/
[rosmaster.master][INFO] 2025-12-18 08:30:25,986: -PUB [/xtion/rgb/image_mono] /xtion/rgb/image_proc http://127.0.0.1:46821/
[rosmaster.master][INFO] 2025-12-18 08:30:25,998: -SUB [/marker_vel] /twist_mux http://127.0.0.1:41781/
[rosmaster.master][INFO] 2025-12-18 08:30:26,016: -SERVICE [/robot_state_publisher/get_loggers] /robot_state_publisher rosrpc://127.0.0.1:40099
[rosmaster.master][INFO] 2025-12-18 08:30:26,019: -PUB [/arm_controller/follow_joint_trajectory/goal] /move_group http://127.0.0.1:36173/
[rosmaster.master][INFO] 2025-12-18 08:30:26,020: publisherUpdate[/arm_controller/follow_joint_trajectory/goal] -> http://127.0.0.1:41135/ ['http://127.0.0.1:46063/']
[rosmaster.master][INFO] 2025-12-18 08:30:26,030: -SERVICE [/joystick_relay/get_loggers] /joystick_relay rosrpc://127.0.0.1:39829
[rosmaster.master][INFO] 2025-12-18 08:30:26,035: -SERVICE [/joystick_relay/set_logger_level] /joystick_relay rosrpc://127.0.0.1:39829
[rosmaster.master][INFO] 2025-12-18 08:30:26,046: -PUB [/rosout] /is_already_there http://127.0.0.1:41657/
[rosmaster.master][INFO] 2025-12-18 08:30:26,051: publisherUpdate[/arm_controller/follow_joint_trajectory/goal] -> http://127.0.0.1:41135/ ['http://127.0.0.1:46063/']: sec=0.02, result=[1, '', 0]
[rosmaster.master][INFO] 2025-12-18 08:30:26,053: -SERVICE [/is_already_there/get_loggers] /is_already_there rosrpc://127.0.0.1:34679
[rosmaster.master][INFO] 2025-12-18 08:30:26,054: publisherUpdate[/rosout] -> http://127.0.0.1:34819/ ['http://127.0.0.1:42733/', 'http://127.0.0.1:46063/', 'http://127.0.0.1:44263/', 'http://127.0.0.1:35029/', 'http://127.0.0.1:41135/', 'http://127.0.0.1:35309/', 'http://127.0.0.1:46771/', 'http://127.0.0.1:45475/']
[rosmaster.master][INFO] 2025-12-18 08:30:26,057: -CACHEDPARAM [/rosout_disable_topics_generation] by /throttle_filtering_points
[rosmaster.master][INFO] 2025-12-18 08:30:26,062: -SERVICE [/is_already_there/set_logger_level] /is_already_there rosrpc://127.0.0.1:34679
[rosmaster.master][INFO] 2025-12-18 08:30:26,065: -SERVICE [/play_motion/is_already_there] /is_already_there rosrpc://127.0.0.1:34679
[rosmaster.master][INFO] 2025-12-18 08:30:26,089: -SUB [/tf] /tf_lookup http://127.0.0.1:46741/
[rosmaster.master][INFO] 2025-12-18 08:30:26,076: publisherUpdate[/rosout] -> http://127.0.0.1:34819/ ['http://127.0.0.1:42733/', 'http://127.0.0.1:46063/', 'http://127.0.0.1:44263/', 'http://127.0.0.1:35029/', 'http://127.0.0.1:41135/', 'http://127.0.0.1:35309/', 'http://127.0.0.1:46771/', 'http://127.0.0.1:45475/']: sec=0.02, result=[1, '', 0]
[rosmaster.master][INFO] 2025-12-18 08:30:26,097: -PUB [/arm_controller/follow_joint_trajectory/cancel] /move_group http://127.0.0.1:36173/
[rosmaster.master][INFO] 2025-12-18 08:30:26,101: -PUB [/xtion/rgb/image_mono/theora] /xtion/rgb/image_proc http://127.0.0.1:46821/
[rosmaster.master][INFO] 2025-12-18 08:30:26,116: -SUB [/phone_vel] /twist_mux http://127.0.0.1:41781/
[rosmaster.master][INFO] 2025-12-18 08:30:26,158: publisherUpdate[/arm_controller/follow_joint_trajectory/cancel] -> http://127.0.0.1:41135/ ['http://127.0.0.1:46063/']
[rosmaster.master][INFO] 2025-12-18 08:30:26,283: -SERVICE [/robot_state_publisher/set_logger_level] /robot_state_publisher rosrpc://127.0.0.1:40099
[rosmaster.master][INFO] 2025-12-18 08:30:26,284: -PUB [/xtion/rgb/image_mono/theora/parameter_descriptions] /xtion/rgb/image_proc http://127.0.0.1:46821/
[rosmaster.master][INFO] 2025-12-18 08:30:26,288: publisherUpdate[/arm_controller/follow_joint_trajectory/cancel] -> http://127.0.0.1:41135/ ['http://127.0.0.1:46063/']: sec=0.01, result=[1, '', 0]
[rosmaster.master][INFO] 2025-12-18 08:30:26,289: publisherUpdate[/torso_controller/follow_joint_trajectory/goal] -> http://127.0.0.1:41135/ ['http://127.0.0.1:46063/']
[rosmaster.master][INFO] 2025-12-18 08:30:26,289: -PUB [/torso_controller/follow_joint_trajectory/goal] /move_group http://127.0.0.1:36173/
[rosmaster.master][INFO] 2025-12-18 08:30:26,295: -PUB [/xtion/rgb/image_mono/theora/parameter_updates] /xtion/rgb/image_proc http://127.0.0.1:46821/
[rosmaster.master][INFO] 2025-12-18 08:30:26,300: publisherUpdate[/torso_controller/follow_joint_trajectory/goal] -> http://127.0.0.1:41135/ ['http://127.0.0.1:46063/']: sec=0.01, result=[1, '', 0]
[rosmaster.master][INFO] 2025-12-18 08:30:26,300: +CACHEDPARAM [/rosout_disable_topics_generation] by /gripper_controllers_spawner
[rosmaster.master][INFO] 2025-12-18 08:30:26,301: -SUB [/rviz_joy_vel] /twist_mux http://127.0.0.1:41781/
[rosmaster.master][INFO] 2025-12-18 08:30:26,303: -SUB [/tf_static] /tf_lookup http://127.0.0.1:46741/
[rosmaster.master][INFO] 2025-12-18 08:30:26,313: -PUB [/torso_controller/follow_joint_trajectory/cancel] /move_group http://127.0.0.1:36173/
[rosmaster.master][INFO] 2025-12-18 08:30:26,316: -PUB [/xtion/rgb/image_color/compressedDepth] /xtion/rgb/image_proc http://127.0.0.1:46821/
[rosmaster.master][INFO] 2025-12-18 08:30:26,336: -SUB [/servoing_cmd_vel] /twist_mux http://127.0.0.1:41781/
[rosmaster.master][INFO] 2025-12-18 08:30:26,351: -SUB [/tf_lookup/goal] /tf_lookup http://127.0.0.1:46741/
[rosmaster.master][INFO] 2025-12-18 08:30:26,357: -PUB [/head_controller/follow_joint_trajectory/goal] /move_group http://127.0.0.1:36173/
[rosmaster.master][INFO] 2025-12-18 08:30:26,362: -SUB [/tf_lookup/cancel] /tf_lookup http://127.0.0.1:46741/
[rosmaster.master][INFO] 2025-12-18 08:30:26,366: -PUB [/xtion/rgb/image_color/compressedDepth/parameter_descriptions] /xtion/rgb/image_proc http://127.0.0.1:46821/
[rosmaster.master][INFO] 2025-12-18 08:30:26,377: -SUB [/pause_navigation] /twist_mux http://127.0.0.1:41781/
[rosmaster.master][INFO] 2025-12-18 08:30:26,384: publisherUpdate[/torso_controller/follow_joint_trajectory/cancel] -> http://127.0.0.1:41135/ ['http://127.0.0.1:46063/']
[rosmaster.master][INFO] 2025-12-18 08:30:26,387: -PUB [/head_controller/follow_joint_trajectory/cancel] /move_group http://127.0.0.1:36173/
[rosmaster.master][INFO] 2025-12-18 08:30:26,407: -SUB [/stop_closing_loop] /twist_mux http://127.0.0.1:41781/
[rosmaster.master][INFO] 2025-12-18 08:30:26,402: publisherUpdate[/torso_controller/follow_joint_trajectory/cancel] -> http://127.0.0.1:41135/ ['http://127.0.0.1:46063/']: sec=0.02, result=[1, '', 0]
[rosmaster.master][INFO] 2025-12-18 08:30:26,430: publisherUpdate[/head_controller/follow_joint_trajectory/goal] -> http://127.0.0.1:41135/ ['http://127.0.0.1:46063/']
[rosmaster.master][INFO] 2025-12-18 08:30:26,429: -PUB [/rosout] /play_motion http://127.0.0.1:46063/
[rosmaster.master][INFO] 2025-12-18 08:30:26,442: -PUB [/xtion/rgb/image_color/compressedDepth/parameter_updates] /xtion/rgb/image_proc http://127.0.0.1:46821/
[rosmaster.master][INFO] 2025-12-18 08:30:26,446: publisherUpdate[/head_controller/follow_joint_trajectory/goal] -> http://127.0.0.1:41135/ ['http://127.0.0.1:46063/']: sec=0.02, result=[1, '', 0]
[rosmaster.master][INFO] 2025-12-18 08:30:26,447: publisherUpdate[/head_controller/follow_joint_trajectory/cancel] -> http://127.0.0.1:41135/ ['http://127.0.0.1:46063/']
[rosmaster.master][INFO] 2025-12-18 08:30:26,449: -PUB [/xtion/rgb/image_color/compressed] /xtion/rgb/image_proc http://127.0.0.1:46821/
[rosmaster.master][INFO] 2025-12-18 08:30:26,466: -SUB [/tf_stream/goal] /tf_lookup http://127.0.0.1:46741/
[rosmaster.master][INFO] 2025-12-18 08:30:26,479: publisherUpdate[/head_controller/follow_joint_trajectory/cancel] -> http://127.0.0.1:41135/ ['http://127.0.0.1:46063/']: sec=0.03, result=[1, '', 0]
[rosmaster.master][INFO] 2025-12-18 08:30:26,489: publisherUpdate[/rosout] -> http://127.0.0.1:34819/ ['http://127.0.0.1:42733/', 'http://127.0.0.1:44263/', 'http://127.0.0.1:35029/', 'http://127.0.0.1:41135/', 'http://127.0.0.1:35309/', 'http://127.0.0.1:46771/', 'http://127.0.0.1:45475/']
[rosmaster.master][INFO] 2025-12-18 08:30:26,481: -PUB [/gripper_controller/follow_joint_trajectory/goal] /move_group http://127.0.0.1:36173/
[rosmaster.master][INFO] 2025-12-18 08:30:26,495: -SUB [/joy_priority] /twist_mux http://127.0.0.1:41781/
[rosmaster.master][INFO] 2025-12-18 08:30:26,505: +CACHEDPARAM [/rosout_disable_topics_generation] by /bringup_controllers_spawner_ft
[rosmaster.master][INFO] 2025-12-18 08:30:26,508: publisherUpdate[/rosout] -> http://127.0.0.1:34819/ ['http://127.0.0.1:42733/', 'http://127.0.0.1:44263/', 'http://127.0.0.1:35029/', 'http://127.0.0.1:41135/', 'http://127.0.0.1:35309/', 'http://127.0.0.1:46771/', 'http://127.0.0.1:45475/']: sec=0.02, result=[1, '', 0]
[rosmaster.master][INFO] 2025-12-18 08:30:26,510: -PUB [/trajectory_execution_event] /play_motion http://127.0.0.1:46063/
[rosmaster.master][INFO] 2025-12-18 08:30:26,510: publisherUpdate[/gripper_controller/follow_joint_trajectory/goal] -> http://127.0.0.1:41135/ ['http://127.0.0.1:46063/']
[rosmaster.master][INFO] 2025-12-18 08:30:26,518: publisherUpdate[/trajectory_execution_event] -> http://127.0.0.1:36173/ []
[rosmaster.master][INFO] 2025-12-18 08:30:26,527: -SUB [/tf_stream/cancel] /tf_lookup http://127.0.0.1:46741/
[rosmaster.master][INFO] 2025-12-18 08:30:26,539: publisherUpdate[/gripper_controller/follow_joint_trajectory/goal] -> http://127.0.0.1:41135/ ['http://127.0.0.1:46063/']: sec=0.02, result=[1, '', 0]
[rosmaster.master][INFO] 2025-12-18 08:30:26,543: -PUB [/xtion/rgb/image_color/compressed/parameter_descriptions] /xtion/rgb/image_proc http://127.0.0.1:46821/
[rosmaster.master][INFO] 2025-12-18 08:30:26,547: publisherUpdate[/trajectory_execution_event] -> http://127.0.0.1:36173/ []: sec=0.02, exception=<Fault -1: 'publisherUpdate: unknown method name'>
[rosmaster.threadpool][ERROR] 2025-12-18 08:30:26,558: Traceback (most recent call last):
  File "/opt/ros/noetic/lib/python3/dist-packages/rosmaster/threadpool.py", line 218, in run
    result = cmd(*args)
  File "/opt/ros/noetic/lib/python3/dist-packages/rosmaster/master_api.py", line 210, in publisher_update_task
    ret = xmlrpcapi(api).publisherUpdate('/master', topic, pub_uris)
  File "/usr/lib/python3.8/xmlrpc/client.py", line 1109, in __call__
    return self.__send(self.__name, args)
  File "/usr/lib/python3.8/xmlrpc/client.py", line 1450, in __request
    response = self.__transport.request(
  File "/usr/lib/python3.8/xmlrpc/client.py", line 1153, in request
    return self.single_request(host, handler, request_body, verbose)
  File "/usr/lib/python3.8/xmlrpc/client.py", line 1169, in single_request
    return self.parse_response(resp)
  File "/usr/lib/python3.8/xmlrpc/client.py", line 1341, in parse_response
    return u.close()
  File "/usr/lib/python3.8/xmlrpc/client.py", line 655, in close
    raise Fault(**self._stack[0])
xmlrpc.client.Fault: <Fault -1: 'publisherUpdate: unknown method name'>

[rosmaster.master][INFO] 2025-12-18 08:30:26,559: -PUB [/gripper_controller/follow_joint_trajectory/cancel] /move_group http://127.0.0.1:36173/
[rosmaster.master][INFO] 2025-12-18 08:30:26,563: publisherUpdate[/gripper_controller/follow_joint_trajectory/cancel] -> http://127.0.0.1:41135/ ['http://127.0.0.1:46063/']
[rosmaster.master][INFO] 2025-12-18 08:30:26,566: -SERVICE [/twist_mux/get_loggers] /twist_mux rosrpc://127.0.0.1:46927
[rosmaster.master][INFO] 2025-12-18 08:30:26,579: publisherUpdate[/gripper_controller/follow_joint_trajectory/cancel] -> http://127.0.0.1:41135/ ['http://127.0.0.1:46063/']: sec=0.01, result=[1, '', 0]
[rosmaster.master][INFO] 2025-12-18 08:30:26,583: -PUB [/attached_collision_object] /play_motion http://127.0.0.1:46063/
[rosmaster.master][INFO] 2025-12-18 08:30:26,584: publisherUpdate[/attached_collision_object] -> http://127.0.0.1:36173/ []
[rosmaster.master][INFO] 2025-12-18 08:30:26,597: -SERVICE [/tf_lookup/get_loggers] /tf_lookup rosrpc://127.0.0.1:53531
[rosmaster.master][INFO] 2025-12-18 08:30:26,606: publisherUpdate[/attached_collision_object] -> http://127.0.0.1:36173/ []: sec=0.01, exception=<Fault -1: 'publisherUpdate: unknown method name'>
[rosmaster.master][INFO] 2025-12-18 08:30:26,608: -PUB [/xtion/rgb/image_color/compressed/parameter_updates] /xtion/rgb/image_proc http://127.0.0.1:46821/
[rosmaster.threadpool][ERROR] 2025-12-18 08:30:26,611: Traceback (most recent call last):
  File "/opt/ros/noetic/lib/python3/dist-packages/rosmaster/threadpool.py", line 218, in run
    result = cmd(*args)
  File "/opt/ros/noetic/lib/python3/dist-packages/rosmaster/master_api.py", line 210, in publisher_update_task
    ret = xmlrpcapi(api).publisherUpdate('/master', topic, pub_uris)
  File "/usr/lib/python3.8/xmlrpc/client.py", line 1109, in __call__
    return self.__send(self.__name, args)
  File "/usr/lib/python3.8/xmlrpc/client.py", line 1450, in __request
    response = self.__transport.request(
  File "/usr/lib/python3.8/xmlrpc/client.py", line 1153, in request
    return self.single_request(host, handler, request_body, verbose)
  File "/usr/lib/python3.8/xmlrpc/client.py", line 1169, in single_request
    return self.parse_response(resp)
  File "/usr/lib/python3.8/xmlrpc/client.py", line 1341, in parse_response
    return u.close()
  File "/usr/lib/python3.8/xmlrpc/client.py", line 655, in close
    raise Fault(**self._stack[0])
xmlrpc.client.Fault: <Fault -1: 'publisherUpdate: unknown method name'>

[rosmaster.master][INFO] 2025-12-18 08:30:26,615: -PUB [/move_group/trajectory_execution/parameter_descriptions] /move_group http://127.0.0.1:36173/
[rosmaster.master][INFO] 2025-12-18 08:30:26,618: -SERVICE [/twist_mux/set_logger_level] /twist_mux rosrpc://127.0.0.1:46927
[rosmaster.master][INFO] 2025-12-18 08:30:26,629: -PUB [/move_group/trajectory_execution/parameter_updates] /move_group http://127.0.0.1:36173/
[rosmaster.master][INFO] 2025-12-18 08:30:26,637: -SERVICE [/tf_lookup/set_logger_level] /tf_lookup rosrpc://127.0.0.1:53531
[rosmaster.master][INFO] 2025-12-18 08:30:26,649: -PUB [/xtion/rgb/image_color] /xtion/rgb/image_proc http://127.0.0.1:46821/
[rosmaster.master][INFO] 2025-12-18 08:30:26,654: -PUB [/move_group/goal] /play_motion http://127.0.0.1:46063/
[rosmaster.master][INFO] 2025-12-18 08:30:26,661: publisherUpdate[/move_group/goal] -> http://127.0.0.1:36173/ []
[rosmaster.master][INFO] 2025-12-18 08:30:26,670: -CACHEDPARAM [/rosout_disable_topics_generation] by /twist_mux
[rosmaster.master][INFO] 2025-12-18 08:30:26,674: -PUB [/move_group/cancel] /play_motion http://127.0.0.1:46063/
[rosmaster.master][INFO] 2025-12-18 08:30:26,688: publisherUpdate[/move_group/goal] -> http://127.0.0.1:36173/ []: sec=0.02, exception=<Fault -1: 'publisherUpdate: unknown method name'>
[rosmaster.threadpool][ERROR] 2025-12-18 08:30:26,692: Traceback (most recent call last):
  File "/opt/ros/noetic/lib/python3/dist-packages/rosmaster/threadpool.py", line 218, in run
    result = cmd(*args)
  File "/opt/ros/noetic/lib/python3/dist-packages/rosmaster/master_api.py", line 210, in publisher_update_task
    ret = xmlrpcapi(api).publisherUpdate('/master', topic, pub_uris)
  File "/usr/lib/python3.8/xmlrpc/client.py", line 1109, in __call__
    return self.__send(self.__name, args)
  File "/usr/lib/python3.8/xmlrpc/client.py", line 1450, in __request
    response = self.__transport.request(
  File "/usr/lib/python3.8/xmlrpc/client.py", line 1153, in request
    return self.single_request(host, handler, request_body, verbose)
  File "/usr/lib/python3.8/xmlrpc/client.py", line 1169, in single_request
    return self.parse_response(resp)
  File "/usr/lib/python3.8/xmlrpc/client.py", line 1341, in parse_response
    return u.close()
  File "/usr/lib/python3.8/xmlrpc/client.py", line 655, in close
    raise Fault(**self._stack[0])
xmlrpc.client.Fault: <Fault -1: 'publisherUpdate: unknown method name'>

[rosmaster.master][INFO] 2025-12-18 08:30:26,696: -SERVICE [/lookupTransform] /tf_lookup rosrpc://127.0.0.1:53531
[rosmaster.master][INFO] 2025-12-18 08:30:26,697: publisherUpdate[/move_group/cancel] -> http://127.0.0.1:36173/ []
[rosmaster.master][INFO] 2025-12-18 08:30:26,702: -PUB [/xtion/rgb/image_color/theora] /xtion/rgb/image_proc http://127.0.0.1:46821/
[rosmaster.master][INFO] 2025-12-18 08:30:26,711: -PUB [/move_group/plan_execution/parameter_descriptions] /move_group http://127.0.0.1:36173/
[rosmaster.master][INFO] 2025-12-18 08:30:26,721: publisherUpdate[/move_group/cancel] -> http://127.0.0.1:36173/ []: sec=0.02, exception=<Fault -1: 'publisherUpdate: unknown method name'>
[rosmaster.master][INFO] 2025-12-18 08:30:26,722: -CACHEDPARAM [/twist_mux/diagnostic_period] by /twist_mux
[rosmaster.master][INFO] 2025-12-18 08:30:26,732: -PUB [/pickup/goal] /play_motion http://127.0.0.1:46063/
[rosmaster.threadpool][ERROR] 2025-12-18 08:30:26,746: Traceback (most recent call last):
  File "/opt/ros/noetic/lib/python3/dist-packages/rosmaster/threadpool.py", line 218, in run
    result = cmd(*args)
  File "/opt/ros/noetic/lib/python3/dist-packages/rosmaster/master_api.py", line 210, in publisher_update_task
    ret = xmlrpcapi(api).publisherUpdate('/master', topic, pub_uris)
  File "/usr/lib/python3.8/xmlrpc/client.py", line 1109, in __call__
    return self.__send(self.__name, args)
  File "/usr/lib/python3.8/xmlrpc/client.py", line 1450, in __request
    response = self.__transport.request(
  File "/usr/lib/python3.8/xmlrpc/client.py", line 1153, in request
    return self.single_request(host, handler, request_body, verbose)
  File "/usr/lib/python3.8/xmlrpc/client.py", line 1169, in single_request
    return self.parse_response(resp)
  File "/usr/lib/python3.8/xmlrpc/client.py", line 1341, in parse_response
    return u.close()
  File "/usr/lib/python3.8/xmlrpc/client.py", line 655, in close
    raise Fault(**self._stack[0])
xmlrpc.client.Fault: <Fault -1: 'publisherUpdate: unknown method name'>

[rosmaster.master][INFO] 2025-12-18 08:30:26,759: -CACHEDPARAM [/rosout_disable_topics_generation] by /tf_lookup
[rosmaster.master][INFO] 2025-12-18 08:30:26,761: publisherUpdate[/pickup/goal] -> http://127.0.0.1:36173/ []
[rosmaster.master][INFO] 2025-12-18 08:30:26,763: -PUB [/xtion/rgb/image_color/theora/parameter_descriptions] /xtion/rgb/image_proc http://127.0.0.1:46821/
[rosmaster.master][INFO] 2025-12-18 08:30:26,777: -PUB [/move_group/plan_execution/parameter_updates] /move_group http://127.0.0.1:36173/
[rosmaster.master][INFO] 2025-12-18 08:30:26,796: -CACHEDPARAM [/twist_mux/locks] by /twist_mux
[rosmaster.master][INFO] 2025-12-18 08:30:26,798: -PUB [/pickup/cancel] /play_motion http://127.0.0.1:46063/
[rosmaster.master][INFO] 2025-12-18 08:30:26,799: publisherUpdate[/pickup/goal] -> http://127.0.0.1:36173/ []: sec=0.02, exception=<Fault -1: 'publisherUpdate: unknown method name'>
[rosmaster.threadpool][ERROR] 2025-12-18 08:30:26,813: Traceback (most recent call last):
  File "/opt/ros/noetic/lib/python3/dist-packages/rosmaster/threadpool.py", line 218, in run
    result = cmd(*args)
  File "/opt/ros/noetic/lib/python3/dist-packages/rosmaster/master_api.py", line 210, in publisher_update_task
    ret = xmlrpcapi(api).publisherUpdate('/master', topic, pub_uris)
  File "/usr/lib/python3.8/xmlrpc/client.py", line 1109, in __call__
    return self.__send(self.__name, args)
  File "/usr/lib/python3.8/xmlrpc/client.py", line 1450, in __request
    response = self.__transport.request(
  File "/usr/lib/python3.8/xmlrpc/client.py", line 1153, in request
    return self.single_request(host, handler, request_body, verbose)
  File "/usr/lib/python3.8/xmlrpc/client.py", line 1169, in single_request
    return self.parse_response(resp)
  File "/usr/lib/python3.8/xmlrpc/client.py", line 1341, in parse_response
    return u.close()
  File "/usr/lib/python3.8/xmlrpc/client.py", line 655, in close
    raise Fault(**self._stack[0])
xmlrpc.client.Fault: <Fault -1: 'publisherUpdate: unknown method name'>

[rosmaster.master][INFO] 2025-12-18 08:30:26,817: -PUB [/move_group/sense_for_plan/parameter_descriptions] /move_group http://127.0.0.1:36173/
[rosmaster.master][INFO] 2025-12-18 08:30:26,822: publisherUpdate[/pickup/cancel] -> http://127.0.0.1:36173/ []
[rosmaster.master][INFO] 2025-12-18 08:30:26,846: publisherUpdate[/pickup/cancel] -> http://127.0.0.1:36173/ []: sec=0.01, exception=<Fault -1: 'publisherUpdate: unknown method name'>
[rosmaster.master][INFO] 2025-12-18 08:30:26,848: -PUB [/xtion/rgb/image_color/theora/parameter_updates] /xtion/rgb/image_proc http://127.0.0.1:46821/
[rosmaster.master][INFO] 2025-12-18 08:30:26,851: -CACHEDPARAM [/twist_mux/topics] by /twist_mux
[rosmaster.master][INFO] 2025-12-18 08:30:26,854: -PUB [/place/goal] /play_motion http://127.0.0.1:46063/
[rosmaster.threadpool][ERROR] 2025-12-18 08:30:26,856: Traceback (most recent call last):
  File "/opt/ros/noetic/lib/python3/dist-packages/rosmaster/threadpool.py", line 218, in run
    result = cmd(*args)
  File "/opt/ros/noetic/lib/python3/dist-packages/rosmaster/master_api.py", line 210, in publisher_update_task
    ret = xmlrpcapi(api).publisherUpdate('/master', topic, pub_uris)
  File "/usr/lib/python3.8/xmlrpc/client.py", line 1109, in __call__
    return self.__send(self.__name, args)
  File "/usr/lib/python3.8/xmlrpc/client.py", line 1450, in __request
    response = self.__transport.request(
  File "/usr/lib/python3.8/xmlrpc/client.py", line 1153, in request
    return self.single_request(host, handler, request_body, verbose)
  File "/usr/lib/python3.8/xmlrpc/client.py", line 1169, in single_request
    return self.parse_response(resp)
  File "/usr/lib/python3.8/xmlrpc/client.py", line 1341, in parse_response
    return u.close()
  File "/usr/lib/python3.8/xmlrpc/client.py", line 655, in close
    raise Fault(**self._stack[0])
xmlrpc.client.Fault: <Fault -1: 'publisherUpdate: unknown method name'>

[rosmaster.master][INFO] 2025-12-18 08:30:26,858: publisherUpdate[/place/goal] -> http://127.0.0.1:36173/ []
[rosmaster.master][INFO] 2025-12-18 08:30:26,862: -PUB [/move_group/sense_for_plan/parameter_updates] /move_group http://127.0.0.1:36173/
[rosmaster.master][INFO] 2025-12-18 08:30:26,866: -PUB [/xtion/rgb/image_proc_rectify_mono/parameter_descriptions] /xtion/rgb/image_proc http://127.0.0.1:46821/
[rosmaster.master][INFO] 2025-12-18 08:30:26,869: -PUB [/execute_trajectory/result] /move_group http://127.0.0.1:36173/
[rosmaster.master][INFO] 2025-12-18 08:30:26,872: -PUB [/place/cancel] /play_motion http://127.0.0.1:46063/
[rosmaster.master][INFO] 2025-12-18 08:30:26,871: publisherUpdate[/place/goal] -> http://127.0.0.1:36173/ []: sec=0.01, exception=<Fault -1: 'publisherUpdate: unknown method name'>
[rosmaster.threadpool][ERROR] 2025-12-18 08:30:26,879: Traceback (most recent call last):
  File "/opt/ros/noetic/lib/python3/dist-packages/rosmaster/threadpool.py", line 218, in run
    result = cmd(*args)
  File "/opt/ros/noetic/lib/python3/dist-packages/rosmaster/master_api.py", line 210, in publisher_update_task
    ret = xmlrpcapi(api).publisherUpdate('/master', topic, pub_uris)
  File "/usr/lib/python3.8/xmlrpc/client.py", line 1109, in __call__
    return self.__send(self.__name, args)
  File "/usr/lib/python3.8/xmlrpc/client.py", line 1450, in __request
    response = self.__transport.request(
  File "/usr/lib/python3.8/xmlrpc/client.py", line 1153, in request
    return self.single_request(host, handler, request_body, verbose)
  File "/usr/lib/python3.8/xmlrpc/client.py", line 1169, in single_request
    return self.parse_response(resp)
  File "/usr/lib/python3.8/xmlrpc/client.py", line 1341, in parse_response
    return u.close()
  File "/usr/lib/python3.8/xmlrpc/client.py", line 655, in close
    raise Fault(**self._stack[0])
xmlrpc.client.Fault: <Fault -1: 'publisherUpdate: unknown method name'>

[rosmaster.master][INFO] 2025-12-18 08:30:26,879: publisherUpdate[/execute_trajectory/result] -> http://127.0.0.1:46063/ []
[rosmaster.master][INFO] 2025-12-18 08:30:26,876: -PUB [/execute_trajectory/feedback] /move_group http://127.0.0.1:36173/
[rosmaster.master][INFO] 2025-12-18 08:30:26,882: -PUB [/xtion/rgb/image_proc_rectify_mono/parameter_updates] /xtion/rgb/image_proc http://127.0.0.1:46821/
[rosmaster.master][INFO] 2025-12-18 08:30:26,883: -PUB [/execute_trajectory/goal] /play_motion http://127.0.0.1:46063/
[rosmaster.master][INFO] 2025-12-18 08:30:26,890: publisherUpdate[/execute_trajectory/result] -> http://127.0.0.1:46063/ []: sec=0.01, exception=<Fault -1: 'publisherUpdate: unknown method name'>
[rosmaster.master][INFO] 2025-12-18 08:30:26,891: publisherUpdate[/place/cancel] -> http://127.0.0.1:36173/ []
[rosmaster.master][INFO] 2025-12-18 08:30:26,891: -PUB [/execute_trajectory/status] /move_group http://127.0.0.1:36173/
[rosmaster.threadpool][ERROR] 2025-12-18 08:30:26,897: Traceback (most recent call last):
  File "/opt/ros/noetic/lib/python3/dist-packages/rosmaster/threadpool.py", line 218, in run
    result = cmd(*args)
  File "/opt/ros/noetic/lib/python3/dist-packages/rosmaster/master_api.py", line 210, in publisher_update_task
    ret = xmlrpcapi(api).publisherUpdate('/master', topic, pub_uris)
  File "/usr/lib/python3.8/xmlrpc/client.py", line 1109, in __call__
    return self.__send(self.__name, args)
  File "/usr/lib/python3.8/xmlrpc/client.py", line 1450, in __request
    response = self.__transport.request(
  File "/usr/lib/python3.8/xmlrpc/client.py", line 1153, in request
    return self.single_request(host, handler, request_body, verbose)
  File "/usr/lib/python3.8/xmlrpc/client.py", line 1169, in single_request
    return self.parse_response(resp)
  File "/usr/lib/python3.8/xmlrpc/client.py", line 1341, in parse_response
    return u.close()
  File "/usr/lib/python3.8/xmlrpc/client.py", line 655, in close
    raise Fault(**self._stack[0])
xmlrpc.client.Fault: <Fault -1: 'publisherUpdate: unknown method name'>

[rosmaster.master][INFO] 2025-12-18 08:30:26,898: publisherUpdate[/execute_trajectory/feedback] -> http://127.0.0.1:46063/ []
[rosmaster.master][INFO] 2025-12-18 08:30:26,898: -PUB [/xtion/rgb/image_rect/compressedDepth] /xtion/rgb/image_proc http://127.0.0.1:46821/
[rosmaster.master][INFO] 2025-12-18 08:30:26,910: -PUB [/execute_trajectory/cancel] /play_motion http://127.0.0.1:46063/
[rosmaster.master][INFO] 2025-12-18 08:30:26,913: publisherUpdate[/execute_trajectory/feedback] -> http://127.0.0.1:46063/ []: sec=0.01, exception=<Fault -1: 'publisherUpdate: unknown method name'>
[rosmaster.master][INFO] 2025-12-18 08:30:26,926: -PUB [/move_group/result] /move_group http://127.0.0.1:36173/
[rosmaster.master][INFO] 2025-12-18 08:30:26,932: publisherUpdate[/place/cancel] -> http://127.0.0.1:36173/ []: sec=0.04, exception=<Fault -1: 'publisherUpdate: unknown method name'>
[rosmaster.master][INFO] 2025-12-18 08:30:26,939: publisherUpdate[/execute_trajectory/status] -> http://127.0.0.1:46063/ []
[rosmaster.threadpool][ERROR] 2025-12-18 08:30:26,944: Traceback (most recent call last):
  File "/opt/ros/noetic/lib/python3/dist-packages/rosmaster/threadpool.py", line 218, in run
    result = cmd(*args)
  File "/opt/ros/noetic/lib/python3/dist-packages/rosmaster/master_api.py", line 210, in publisher_update_task
    ret = xmlrpcapi(api).publisherUpdate('/master', topic, pub_uris)
  File "/usr/lib/python3.8/xmlrpc/client.py", line 1109, in __call__
    return self.__send(self.__name, args)
  File "/usr/lib/python3.8/xmlrpc/client.py", line 1450, in __request
    response = self.__transport.request(
  File "/usr/lib/python3.8/xmlrpc/client.py", line 1153, in request
    return self.single_request(host, handler, request_body, verbose)
  File "/usr/lib/python3.8/xmlrpc/client.py", line 1169, in single_request
    return self.parse_response(resp)
  File "/usr/lib/python3.8/xmlrpc/client.py", line 1341, in parse_response
    return u.close()
  File "/usr/lib/python3.8/xmlrpc/client.py", line 655, in close
    raise Fault(**self._stack[0])
xmlrpc.client.Fault: <Fault -1: 'publisherUpdate: unknown method name'>

[rosmaster.master][INFO] 2025-12-18 08:30:26,945: -PUB [/xtion/rgb/image_rect/compressedDepth/parameter_descriptions] /xtion/rgb/image_proc http://127.0.0.1:46821/
[rosmaster.threadpool][ERROR] 2025-12-18 08:30:26,960: Traceback (most recent call last):
  File "/opt/ros/noetic/lib/python3/dist-packages/rosmaster/threadpool.py", line 218, in run
    result = cmd(*args)
  File "/opt/ros/noetic/lib/python3/dist-packages/rosmaster/master_api.py", line 210, in publisher_update_task
    ret = xmlrpcapi(api).publisherUpdate('/master', topic, pub_uris)
  File "/usr/lib/python3.8/xmlrpc/client.py", line 1109, in __call__
    return self.__send(self.__name, args)
  File "/usr/lib/python3.8/xmlrpc/client.py", line 1450, in __request
    response = self.__transport.request(
  File "/usr/lib/python3.8/xmlrpc/client.py", line 1153, in request
    return self.single_request(host, handler, request_body, verbose)
  File "/usr/lib/python3.8/xmlrpc/client.py", line 1169, in single_request
    return self.parse_response(resp)
  File "/usr/lib/python3.8/xmlrpc/client.py", line 1341, in parse_response
    return u.close()
  File "/usr/lib/python3.8/xmlrpc/client.py", line 655, in close
    raise Fault(**self._stack[0])
xmlrpc.client.Fault: <Fault -1: 'publisherUpdate: unknown method name'>

[rosmaster.master][INFO] 2025-12-18 08:30:26,964: publisherUpdate[/execute_trajectory/goal] -> http://127.0.0.1:36173/ []
[rosmaster.master][INFO] 2025-12-18 08:30:26,974: +CACHEDPARAM [/rosout_disable_topics_generation] by /bringup_controllers_spawner_imu
[rosmaster.master][INFO] 2025-12-18 08:30:26,998: -PUB [/play_motion/result] /play_motion http://127.0.0.1:46063/
[rosmaster.master][INFO] 2025-12-18 08:30:27,009: publisherUpdate[/execute_trajectory/status] -> http://127.0.0.1:46063/ []: sec=0.06, exception=<Fault -1: 'publisherUpdate: unknown method name'>
[rosmaster.master][INFO] 2025-12-18 08:30:27,044: -PUB [/move_group/feedback] /move_group http://127.0.0.1:36173/
[rosmaster.master][INFO] 2025-12-18 08:30:27,056: publisherUpdate[/execute_trajectory/goal] -> http://127.0.0.1:36173/ []: sec=0.07, exception=<Fault -1: 'publisherUpdate: unknown method name'>
[rosmaster.threadpool][ERROR] 2025-12-18 08:30:27,081: Traceback (most recent call last):
  File "/opt/ros/noetic/lib/python3/dist-packages/rosmaster/threadpool.py", line 218, in run
    result = cmd(*args)
  File "/opt/ros/noetic/lib/python3/dist-packages/rosmaster/master_api.py", line 210, in publisher_update_task
    ret = xmlrpcapi(api).publisherUpdate('/master', topic, pub_uris)
  File "/usr/lib/python3.8/xmlrpc/client.py", line 1109, in __call__
    return self.__send(self.__name, args)
  File "/usr/lib/python3.8/xmlrpc/client.py", line 1450, in __request
    response = self.__transport.request(
  File "/usr/lib/python3.8/xmlrpc/client.py", line 1153, in request
    return self.single_request(host, handler, request_body, verbose)
  File "/usr/lib/python3.8/xmlrpc/client.py", line 1169, in single_request
    return self.parse_response(resp)
  File "/usr/lib/python3.8/xmlrpc/client.py", line 1341, in parse_response
    return u.close()
  File "/usr/lib/python3.8/xmlrpc/client.py", line 655, in close
    raise Fault(**self._stack[0])
xmlrpc.client.Fault: <Fault -1: 'publisherUpdate: unknown method name'>

[rosmaster.master][INFO] 2025-12-18 08:30:27,082: publisherUpdate[/execute_trajectory/cancel] -> http://127.0.0.1:36173/ []
[rosmaster.master][INFO] 2025-12-18 08:30:27,075: -PUB [/xtion/rgb/image_rect/compressedDepth/parameter_updates] /xtion/rgb/image_proc http://127.0.0.1:46821/
[rosmaster.threadpool][ERROR] 2025-12-18 08:30:27,068: Traceback (most recent call last):
  File "/opt/ros/noetic/lib/python3/dist-packages/rosmaster/threadpool.py", line 218, in run
    result = cmd(*args)
  File "/opt/ros/noetic/lib/python3/dist-packages/rosmaster/master_api.py", line 210, in publisher_update_task
    ret = xmlrpcapi(api).publisherUpdate('/master', topic, pub_uris)
  File "/usr/lib/python3.8/xmlrpc/client.py", line 1109, in __call__
    return self.__send(self.__name, args)
  File "/usr/lib/python3.8/xmlrpc/client.py", line 1450, in __request
    response = self.__transport.request(
  File "/usr/lib/python3.8/xmlrpc/client.py", line 1153, in request
    return self.single_request(host, handler, request_body, verbose)
  File "/usr/lib/python3.8/xmlrpc/client.py", line 1169, in single_request
    return self.parse_response(resp)
  File "/usr/lib/python3.8/xmlrpc/client.py", line 1341, in parse_response
    return u.close()
  File "/usr/lib/python3.8/xmlrpc/client.py", line 655, in close
    raise Fault(**self._stack[0])
xmlrpc.client.Fault: <Fault -1: 'publisherUpdate: unknown method name'>

[rosmaster.master][INFO] 2025-12-18 08:30:27,090: -PUB [/move_group/status] /move_group http://127.0.0.1:36173/
[rosmaster.master][INFO] 2025-12-18 08:30:27,080: publisherUpdate[/move_group/result] -> http://127.0.0.1:46063/ []
[rosmaster.master][INFO] 2025-12-18 08:30:27,109: -PUB [/play_motion/feedback] /play_motion http://127.0.0.1:46063/
[rosmaster.master][INFO] 2025-12-18 08:30:27,129: publisherUpdate[/execute_trajectory/cancel] -> http://127.0.0.1:36173/ []: sec=0.04, exception=<Fault -1: 'publisherUpdate: unknown method name'>
[rosmaster.master][INFO] 2025-12-18 08:30:27,138: +CACHEDPARAM [/rosout_disable_topics_generation] by /default_controllers_spawner
[rosmaster.master][INFO] 2025-12-18 08:30:27,163: -PUB [/rosout] /head_controller/point_head_action http://127.0.0.1:42733/
[rosmaster.threadpool][ERROR] 2025-12-18 08:30:27,142: Traceback (most recent call last):
  File "/opt/ros/noetic/lib/python3/dist-packages/rosmaster/threadpool.py", line 218, in run
    result = cmd(*args)
  File "/opt/ros/noetic/lib/python3/dist-packages/rosmaster/master_api.py", line 210, in publisher_update_task
    ret = xmlrpcapi(api).publisherUpdate('/master', topic, pub_uris)
  File "/usr/lib/python3.8/xmlrpc/client.py", line 1109, in __call__
    return self.__send(self.__name, args)
  File "/usr/lib/python3.8/xmlrpc/client.py", line 1450, in __request
    response = self.__transport.request(
  File "/usr/lib/python3.8/xmlrpc/client.py", line 1153, in request
    return self.single_request(host, handler, request_body, verbose)
  File "/usr/lib/python3.8/xmlrpc/client.py", line 1169, in single_request
    return self.parse_response(resp)
  File "/usr/lib/python3.8/xmlrpc/client.py", line 1341, in parse_response
    return u.close()
  File "/usr/lib/python3.8/xmlrpc/client.py", line 655, in close
    raise Fault(**self._stack[0])
xmlrpc.client.Fault: <Fault -1: 'publisherUpdate: unknown method name'>

[rosmaster.master][INFO] 2025-12-18 08:30:27,172: publisherUpdate[/rosout] -> http://127.0.0.1:34819/ ['http://127.0.0.1:44263/', 'http://127.0.0.1:35029/', 'http://127.0.0.1:41135/', 'http://127.0.0.1:35309/', 'http://127.0.0.1:46771/', 'http://127.0.0.1:45475/']
[rosmaster.master][INFO] 2025-12-18 08:30:27,171: -PUB [/pickup/result] /move_group http://127.0.0.1:36173/
[rosmaster.master][INFO] 2025-12-18 08:30:27,159: publisherUpdate[/move_group/result] -> http://127.0.0.1:46063/ []: sec=0.05, exception=<Fault -1: 'publisherUpdate: unknown method name'>
[rosmaster.threadpool][ERROR] 2025-12-18 08:30:27,178: Traceback (most recent call last):
  File "/opt/ros/noetic/lib/python3/dist-packages/rosmaster/threadpool.py", line 218, in run
    result = cmd(*args)
  File "/opt/ros/noetic/lib/python3/dist-packages/rosmaster/master_api.py", line 210, in publisher_update_task
    ret = xmlrpcapi(api).publisherUpdate('/master', topic, pub_uris)
  File "/usr/lib/python3.8/xmlrpc/client.py", line 1109, in __call__
    return self.__send(self.__name, args)
  File "/usr/lib/python3.8/xmlrpc/client.py", line 1450, in __request
    response = self.__transport.request(
  File "/usr/lib/python3.8/xmlrpc/client.py", line 1153, in request
    return self.single_request(host, handler, request_body, verbose)
  File "/usr/lib/python3.8/xmlrpc/client.py", line 1169, in single_request
    return self.parse_response(resp)
  File "/usr/lib/python3.8/xmlrpc/client.py", line 1341, in parse_response
    return u.close()
  File "/usr/lib/python3.8/xmlrpc/client.py", line 655, in close
    raise Fault(**self._stack[0])
xmlrpc.client.Fault: <Fault -1: 'publisherUpdate: unknown method name'>

[rosmaster.master][INFO] 2025-12-18 08:30:27,183: publisherUpdate[/move_group/feedback] -> http://127.0.0.1:46063/ []
[rosmaster.master][INFO] 2025-12-18 08:30:27,182: -PUB [/xtion/rgb/image_rect/compressed] /xtion/rgb/image_proc http://127.0.0.1:46821/
[rosmaster.master][INFO] 2025-12-18 08:30:27,191: publisherUpdate[/rosout] -> http://127.0.0.1:34819/ ['http://127.0.0.1:44263/', 'http://127.0.0.1:35029/', 'http://127.0.0.1:41135/', 'http://127.0.0.1:35309/', 'http://127.0.0.1:46771/', 'http://127.0.0.1:45475/']: sec=0.02, result=[1, '', 0]
[rosmaster.master][INFO] 2025-12-18 08:30:27,194: -PUB [/play_motion/status] /play_motion http://127.0.0.1:46063/
[rosmaster.master][INFO] 2025-12-18 08:30:27,202: publisherUpdate[/move_group/feedback] -> http://127.0.0.1:46063/ []: sec=0.02, exception=<Fault -1: 'publisherUpdate: unknown method name'>
[rosmaster.master][INFO] 2025-12-18 08:30:27,207: -PUB [/head_controller/command] /head_controller/point_head_action http://127.0.0.1:42733/
[rosmaster.threadpool][ERROR] 2025-12-18 08:30:27,209: Traceback (most recent call last):
  File "/opt/ros/noetic/lib/python3/dist-packages/rosmaster/threadpool.py", line 218, in run
    result = cmd(*args)
  File "/opt/ros/noetic/lib/python3/dist-packages/rosmaster/master_api.py", line 210, in publisher_update_task
    ret = xmlrpcapi(api).publisherUpdate('/master', topic, pub_uris)
  File "/usr/lib/python3.8/xmlrpc/client.py", line 1109, in __call__
    return self.__send(self.__name, args)
  File "/usr/lib/python3.8/xmlrpc/client.py", line 1450, in __request
    response = self.__transport.request(
  File "/usr/lib/python3.8/xmlrpc/client.py", line 1153, in request
    return self.single_request(host, handler, request_body, verbose)
  File "/usr/lib/python3.8/xmlrpc/client.py", line 1169, in single_request
    return self.parse_response(resp)
  File "/usr/lib/python3.8/xmlrpc/client.py", line 1341, in parse_response
    return u.close()
  File "/usr/lib/python3.8/xmlrpc/client.py", line 655, in close
    raise Fault(**self._stack[0])
xmlrpc.client.Fault: <Fault -1: 'publisherUpdate: unknown method name'>

[rosmaster.master][INFO] 2025-12-18 08:30:27,217: publisherUpdate[/move_group/status] -> http://127.0.0.1:46063/ []
[rosmaster.master][INFO] 2025-12-18 08:30:27,212: -PUB [/pickup/feedback] /move_group http://127.0.0.1:36173/
[rosmaster.master][INFO] 2025-12-18 08:30:27,225: -PUB [/xtion/rgb/image_rect/compressed/parameter_descriptions] /xtion/rgb/image_proc http://127.0.0.1:46821/
[rosmaster.master][INFO] 2025-12-18 08:30:27,224: publisherUpdate[/move_group/status] -> http://127.0.0.1:46063/ []: sec=0.01, exception=<Fault -1: 'publisherUpdate: unknown method name'>
[rosmaster.threadpool][ERROR] 2025-12-18 08:30:27,229: Traceback (most recent call last):
  File "/opt/ros/noetic/lib/python3/dist-packages/rosmaster/threadpool.py", line 218, in run
    result = cmd(*args)
  File "/opt/ros/noetic/lib/python3/dist-packages/rosmaster/master_api.py", line 210, in publisher_update_task
    ret = xmlrpcapi(api).publisherUpdate('/master', topic, pub_uris)
  File "/usr/lib/python3.8/xmlrpc/client.py", line 1109, in __call__
    return self.__send(self.__name, args)
  File "/usr/lib/python3.8/xmlrpc/client.py", line 1450, in __request
    response = self.__transport.request(
  File "/usr/lib/python3.8/xmlrpc/client.py", line 1153, in request
    return self.single_request(host, handler, request_body, verbose)
  File "/usr/lib/python3.8/xmlrpc/client.py", line 1169, in single_request
    return self.parse_response(resp)
  File "/usr/lib/python3.8/xmlrpc/client.py", line 1341, in parse_response
    return u.close()
  File "/usr/lib/python3.8/xmlrpc/client.py", line 655, in close
    raise Fault(**self._stack[0])
xmlrpc.client.Fault: <Fault -1: 'publisherUpdate: unknown method name'>

[rosmaster.master][INFO] 2025-12-18 08:30:27,230: publisherUpdate[/pickup/result] -> http://127.0.0.1:46063/ []
[rosmaster.master][INFO] 2025-12-18 08:30:27,228: -PUB [/diagnostics] /play_motion http://127.0.0.1:46063/
[rosmaster.master][INFO] 2025-12-18 08:30:27,235: publisherUpdate[/pickup/result] -> http://127.0.0.1:46063/ []: sec=0.01, exception=<Fault -1: 'publisherUpdate: unknown method name'>
[rosmaster.threadpool][ERROR] 2025-12-18 08:30:27,237: Traceback (most recent call last):
  File "/opt/ros/noetic/lib/python3/dist-packages/rosmaster/threadpool.py", line 218, in run
    result = cmd(*args)
  File "/opt/ros/noetic/lib/python3/dist-packages/rosmaster/master_api.py", line 210, in publisher_update_task
    ret = xmlrpcapi(api).publisherUpdate('/master', topic, pub_uris)
  File "/usr/lib/python3.8/xmlrpc/client.py", line 1109, in __call__
    return self.__send(self.__name, args)
  File "/usr/lib/python3.8/xmlrpc/client.py", line 1450, in __request
    response = self.__transport.request(
  File "/usr/lib/python3.8/xmlrpc/client.py", line 1153, in request
    return self.single_request(host, handler, request_body, verbose)
  File "/usr/lib/python3.8/xmlrpc/client.py", line 1169, in single_request
    return self.parse_response(resp)
  File "/usr/lib/python3.8/xmlrpc/client.py", line 1341, in parse_response
    return u.close()
  File "/usr/lib/python3.8/xmlrpc/client.py", line 655, in close
    raise Fault(**self._stack[0])
xmlrpc.client.Fault: <Fault -1: 'publisherUpdate: unknown method name'>

[rosmaster.master][INFO] 2025-12-18 08:30:27,237: publisherUpdate[/head_controller/command] -> http://127.0.0.1:41135/ []
[rosmaster.master][INFO] 2025-12-18 08:30:27,238: -PUB [/head_controller/point_head_action/result] /head_controller/point_head_action http://127.0.0.1:42733/
[rosmaster.master][INFO] 2025-12-18 08:30:27,240: -PUB [/pickup/status] /move_group http://127.0.0.1:36173/
[rosmaster.master][INFO] 2025-12-18 08:30:27,241: -PUB [/xtion/rgb/image_rect/compressed/parameter_updates] /xtion/rgb/image_proc http://127.0.0.1:46821/
[rosmaster.master][INFO] 2025-12-18 08:30:27,244: -PUB [/arm_controller/follow_joint_trajectory/goal] /play_motion http://127.0.0.1:46063/
[rosmaster.master][INFO] 2025-12-18 08:30:27,245: -PUB [/head_controller/point_head_action/feedback] /head_controller/point_head_action http://127.0.0.1:42733/
[rosmaster.master][INFO] 2025-12-18 08:30:27,247: publisherUpdate[/head_controller/command] -> http://127.0.0.1:41135/ []: sec=0.01, result=[1, '', 0]
[rosmaster.master][INFO] 2025-12-18 08:30:27,248: publisherUpdate[/pickup/feedback] -> http://127.0.0.1:46063/ []
[rosmaster.master][INFO] 2025-12-18 08:30:27,249: -PUB [/xtion/rgb/image_rect] /xtion/rgb/image_proc http://127.0.0.1:46821/
[rosmaster.master][INFO] 2025-12-18 08:30:27,255: -PUB [/place/result] /move_group http://127.0.0.1:36173/
[rosmaster.master][INFO] 2025-12-18 08:30:27,257: -PUB [/xtion/rgb/image_rect/theora] /xtion/rgb/image_proc http://127.0.0.1:46821/
[rosmaster.master][INFO] 2025-12-18 08:30:27,259: publisherUpdate[/pickup/feedback] -> http://127.0.0.1:46063/ []: sec=0.01, exception=<Fault -1: 'publisherUpdate: unknown method name'>
[rosmaster.threadpool][ERROR] 2025-12-18 08:30:27,262: Traceback (most recent call last):
  File "/opt/ros/noetic/lib/python3/dist-packages/rosmaster/threadpool.py", line 218, in run
    result = cmd(*args)
  File "/opt/ros/noetic/lib/python3/dist-packages/rosmaster/master_api.py", line 210, in publisher_update_task
    ret = xmlrpcapi(api).publisherUpdate('/master', topic, pub_uris)
  File "/usr/lib/python3.8/xmlrpc/client.py", line 1109, in __call__
    return self.__send(self.__name, args)
  File "/usr/lib/python3.8/xmlrpc/client.py", line 1450, in __request
    response = self.__transport.request(
  File "/usr/lib/python3.8/xmlrpc/client.py", line 1153, in request
    return self.single_request(host, handler, request_body, verbose)
  File "/usr/lib/python3.8/xmlrpc/client.py", line 1169, in single_request
    return self.parse_response(resp)
  File "/usr/lib/python3.8/xmlrpc/client.py", line 1341, in parse_response
    return u.close()
  File "/usr/lib/python3.8/xmlrpc/client.py", line 655, in close
    raise Fault(**self._stack[0])
xmlrpc.client.Fault: <Fault -1: 'publisherUpdate: unknown method name'>

[rosmaster.master][INFO] 2025-12-18 08:30:27,263: publisherUpdate[/pickup/status] -> http://127.0.0.1:46063/ []
[rosmaster.master][INFO] 2025-12-18 08:30:27,265: -PUB [/xtion/rgb/image_rect/theora/parameter_descriptions] /xtion/rgb/image_proc http://127.0.0.1:46821/
[rosmaster.master][INFO] 2025-12-18 08:30:27,266: -PUB [/head_controller/point_head_action/status] /head_controller/point_head_action http://127.0.0.1:42733/
[rosmaster.master][INFO] 2025-12-18 08:30:27,267: -PUB [/arm_controller/follow_joint_trajectory/cancel] /play_motion http://127.0.0.1:46063/
[rosmaster.master][INFO] 2025-12-18 08:30:27,269: -SUB [/clock] /head_controller/point_head_action http://127.0.0.1:42733/
[rosmaster.master][INFO] 2025-12-18 08:30:27,270: -PUB [/place/feedback] /move_group http://127.0.0.1:36173/
[rosmaster.master][INFO] 2025-12-18 08:30:27,273: -PUB [/xtion/rgb/image_rect/theora/parameter_updates] /xtion/rgb/image_proc http://127.0.0.1:46821/
[rosmaster.master][INFO] 2025-12-18 08:30:27,279: -PUB [/place/status] /move_group http://127.0.0.1:36173/
[rosmaster.master][INFO] 2025-12-18 08:30:27,280: -PUB [/gripper_controller/follow_joint_trajectory/goal] /play_motion http://127.0.0.1:46063/
[rosmaster.master][INFO] 2025-12-18 08:30:27,276: publisherUpdate[/pickup/status] -> http://127.0.0.1:46063/ []: sec=0.01, exception=<Fault -1: 'publisherUpdate: unknown method name'>
[rosmaster.threadpool][ERROR] 2025-12-18 08:30:27,282: Traceback (most recent call last):
  File "/opt/ros/noetic/lib/python3/dist-packages/rosmaster/threadpool.py", line 218, in run
    result = cmd(*args)
  File "/opt/ros/noetic/lib/python3/dist-packages/rosmaster/master_api.py", line 210, in publisher_update_task
    ret = xmlrpcapi(api).publisherUpdate('/master', topic, pub_uris)
  File "/usr/lib/python3.8/xmlrpc/client.py", line 1109, in __call__
    return self.__send(self.__name, args)
  File "/usr/lib/python3.8/xmlrpc/client.py", line 1450, in __request
    response = self.__transport.request(
  File "/usr/lib/python3.8/xmlrpc/client.py", line 1153, in request
    return self.single_request(host, handler, request_body, verbose)
  File "/usr/lib/python3.8/xmlrpc/client.py", line 1169, in single_request
    return self.parse_response(resp)
  File "/usr/lib/python3.8/xmlrpc/client.py", line 1341, in parse_response
    return u.close()
  File "/usr/lib/python3.8/xmlrpc/client.py", line 655, in close
    raise Fault(**self._stack[0])
xmlrpc.client.Fault: <Fault -1: 'publisherUpdate: unknown method name'>

[rosmaster.master][INFO] 2025-12-18 08:30:27,284: publisherUpdate[/arm_controller/follow_joint_trajectory/goal] -> http://127.0.0.1:41135/ []
[rosmaster.master][INFO] 2025-12-18 08:30:27,285: -SUB [/tf] /head_controller/point_head_action http://127.0.0.1:42733/
[rosmaster.master][INFO] 2025-12-18 08:30:27,293: -PUB [/xtion/rgb/image_proc_rectify_color/parameter_descriptions] /xtion/rgb/image_proc http://127.0.0.1:46821/
[rosmaster.master][INFO] 2025-12-18 08:30:27,295: -SUB [/clock] /move_group http://127.0.0.1:36173/
[rosmaster.master][INFO] 2025-12-18 08:30:27,297: -SUB [/tf_static] /head_controller/point_head_action http://127.0.0.1:42733/
[rosmaster.master][INFO] 2025-12-18 08:30:27,300: -PUB [/xtion/rgb/image_proc_rectify_color/parameter_updates] /xtion/rgb/image_proc http://127.0.0.1:46821/
[rosmaster.master][INFO] 2025-12-18 08:30:27,301: publisherUpdate[/place/result] -> http://127.0.0.1:46063/ []
[rosmaster.master][INFO] 2025-12-18 08:30:27,310: publisherUpdate[/place/result] -> http://127.0.0.1:46063/ []: sec=0.00, exception=<Fault -1: 'publisherUpdate: unknown method name'>
[rosmaster.master][INFO] 2025-12-18 08:30:27,306: -PUB [/gripper_controller/follow_joint_trajectory/cancel] /play_motion http://127.0.0.1:46063/
[rosmaster.master][INFO] 2025-12-18 08:30:27,305: publisherUpdate[/arm_controller/follow_joint_trajectory/goal] -> http://127.0.0.1:41135/ []: sec=0.02, result=[1, '', 0]
[rosmaster.master][INFO] 2025-12-18 08:30:27,313: publisherUpdate[/arm_controller/follow_joint_trajectory/cancel] -> http://127.0.0.1:41135/ []
[rosmaster.master][INFO] 2025-12-18 08:30:27,315: -PUB [/head_controller/follow_joint_trajectory/goal] /play_motion http://127.0.0.1:46063/
[rosmaster.master][INFO] 2025-12-18 08:30:27,316: -SUB [/tf] /move_group http://127.0.0.1:36173/
[rosmaster.threadpool][ERROR] 2025-12-18 08:30:27,319: Traceback (most recent call last):
  File "/opt/ros/noetic/lib/python3/dist-packages/rosmaster/threadpool.py", line 218, in run
    result = cmd(*args)
  File "/opt/ros/noetic/lib/python3/dist-packages/rosmaster/master_api.py", line 210, in publisher_update_task
    ret = xmlrpcapi(api).publisherUpdate('/master', topic, pub_uris)
  File "/usr/lib/python3.8/xmlrpc/client.py", line 1109, in __call__
    return self.__send(self.__name, args)
  File "/usr/lib/python3.8/xmlrpc/client.py", line 1450, in __request
    response = self.__transport.request(
  File "/usr/lib/python3.8/xmlrpc/client.py", line 1153, in request
    return self.single_request(host, handler, request_body, verbose)
  File "/usr/lib/python3.8/xmlrpc/client.py", line 1169, in single_request
    return self.parse_response(resp)
  File "/usr/lib/python3.8/xmlrpc/client.py", line 1341, in parse_response
    return u.close()
  File "/usr/lib/python3.8/xmlrpc/client.py", line 655, in close
    raise Fault(**self._stack[0])
xmlrpc.client.Fault: <Fault -1: 'publisherUpdate: unknown method name'>

[rosmaster.master][INFO] 2025-12-18 08:30:27,331: publisherUpdate[/place/feedback] -> http://127.0.0.1:46063/ []
[rosmaster.master][INFO] 2025-12-18 08:30:27,330: -SUB [/head_controller/state] /head_controller/point_head_action http://127.0.0.1:42733/
[rosmaster.master][INFO] 2025-12-18 08:30:27,330: publisherUpdate[/arm_controller/follow_joint_trajectory/cancel] -> http://127.0.0.1:41135/ []: sec=0.02, result=[1, '', 0]
[rosmaster.master][INFO] 2025-12-18 08:30:27,336: -PUB [/xtion/rgb/image_rect_color/compressedDepth] /xtion/rgb/image_proc http://127.0.0.1:46821/
[rosmaster.master][INFO] 2025-12-18 08:30:27,337: publisherUpdate[/gripper_controller/follow_joint_trajectory/goal] -> http://127.0.0.1:41135/ []
[rosmaster.master][INFO] 2025-12-18 08:30:27,380: publisherUpdate[/place/feedback] -> http://127.0.0.1:46063/ []: sec=0.05, exception=<Fault -1: 'publisherUpdate: unknown method name'>
[rosmaster.master][INFO] 2025-12-18 08:30:27,382: -SUB [/tf_static] /move_group http://127.0.0.1:36173/
[rosmaster.threadpool][ERROR] 2025-12-18 08:30:27,384: Traceback (most recent call last):
  File "/opt/ros/noetic/lib/python3/dist-packages/rosmaster/threadpool.py", line 218, in run
    result = cmd(*args)
  File "/opt/ros/noetic/lib/python3/dist-packages/rosmaster/master_api.py", line 210, in publisher_update_task
    ret = xmlrpcapi(api).publisherUpdate('/master', topic, pub_uris)
  File "/usr/lib/python3.8/xmlrpc/client.py", line 1109, in __call__
    return self.__send(self.__name, args)
  File "/usr/lib/python3.8/xmlrpc/client.py", line 1450, in __request
    response = self.__transport.request(
  File "/usr/lib/python3.8/xmlrpc/client.py", line 1153, in request
    return self.single_request(host, handler, request_body, verbose)
  File "/usr/lib/python3.8/xmlrpc/client.py", line 1169, in single_request
    return self.parse_response(resp)
  File "/usr/lib/python3.8/xmlrpc/client.py", line 1341, in parse_response
    return u.close()
  File "/usr/lib/python3.8/xmlrpc/client.py", line 655, in close
    raise Fault(**self._stack[0])
xmlrpc.client.Fault: <Fault -1: 'publisherUpdate: unknown method name'>

[rosmaster.master][INFO] 2025-12-18 08:30:27,393: publisherUpdate[/place/status] -> http://127.0.0.1:46063/ []
[rosmaster.master][INFO] 2025-12-18 08:30:27,389: -PUB [/head_controller/follow_joint_trajectory/cancel] /play_motion http://127.0.0.1:46063/
[rosmaster.master][INFO] 2025-12-18 08:30:27,392: publisherUpdate[/gripper_controller/follow_joint_trajectory/goal] -> http://127.0.0.1:41135/ []: sec=0.01, result=[1, '', 0]
[rosmaster.master][INFO] 2025-12-18 08:30:27,399: publisherUpdate[/gripper_controller/follow_joint_trajectory/cancel] -> http://127.0.0.1:41135/ []
[rosmaster.master][INFO] 2025-12-18 08:30:27,408: publisherUpdate[/place/status] -> http://127.0.0.1:46063/ []: sec=0.01, exception=<Fault -1: 'publisherUpdate: unknown method name'>
[rosmaster.master][INFO] 2025-12-18 08:30:27,415: -SUB [/head_controller/point_head_action/goal] /head_controller/point_head_action http://127.0.0.1:42733/
[rosmaster.threadpool][ERROR] 2025-12-18 08:30:27,424: Traceback (most recent call last):
  File "/opt/ros/noetic/lib/python3/dist-packages/rosmaster/threadpool.py", line 218, in run
    result = cmd(*args)
  File "/opt/ros/noetic/lib/python3/dist-packages/rosmaster/master_api.py", line 210, in publisher_update_task
    ret = xmlrpcapi(api).publisherUpdate('/master', topic, pub_uris)
  File "/usr/lib/python3.8/xmlrpc/client.py", line 1109, in __call__
    return self.__send(self.__name, args)
  File "/usr/lib/python3.8/xmlrpc/client.py", line 1450, in __request
    response = self.__transport.request(
  File "/usr/lib/python3.8/xmlrpc/client.py", line 1153, in request
    return self.single_request(host, handler, request_body, verbose)
  File "/usr/lib/python3.8/xmlrpc/client.py", line 1169, in single_request
    return self.parse_response(resp)
  File "/usr/lib/python3.8/xmlrpc/client.py", line 1341, in parse_response
    return u.close()
  File "/usr/lib/python3.8/xmlrpc/client.py", line 655, in close
    raise Fault(**self._stack[0])
xmlrpc.client.Fault: <Fault -1: 'publisherUpdate: unknown method name'>

[rosmaster.master][INFO] 2025-12-18 08:30:27,421: publisherUpdate[/gripper_controller/follow_joint_trajectory/cancel] -> http://127.0.0.1:41135/ []: sec=0.02, result=[1, '', 0]
[rosmaster.master][INFO] 2025-12-18 08:30:27,426: publisherUpdate[/head_controller/follow_joint_trajectory/goal] -> http://127.0.0.1:41135/ []
[rosmaster.master][INFO] 2025-12-18 08:30:27,436: -PUB [/xtion/rgb/image_rect_color/compressedDepth/parameter_descriptions] /xtion/rgb/image_proc http://127.0.0.1:46821/
[rosmaster.master][INFO] 2025-12-18 08:30:27,450: -SUB [/joint_states] /move_group http://127.0.0.1:36173/
[rosmaster.master][INFO] 2025-12-18 08:30:27,459: -PUB [/torso_controller/follow_joint_trajectory/goal] /play_motion http://127.0.0.1:46063/
[rosmaster.master][INFO] 2025-12-18 08:30:27,461: -SUB [/head_controller/point_head_action/cancel] /head_controller/point_head_action http://127.0.0.1:42733/
[rosmaster.master][INFO] 2025-12-18 08:30:27,479: -PUB [/xtion/rgb/image_rect_color/compressedDepth/parameter_updates] /xtion/rgb/image_proc http://127.0.0.1:46821/
[rosmaster.master][INFO] 2025-12-18 08:30:27,484: publisherUpdate[/head_controller/follow_joint_trajectory/goal] -> http://127.0.0.1:41135/ []: sec=0.05, result=[1, '', 0]
[rosmaster.master][INFO] 2025-12-18 08:30:27,486: -SERVICE [/head_controller/point_head_action/get_loggers] /head_controller/point_head_action rosrpc://127.0.0.1:52553
[rosmaster.master][INFO] 2025-12-18 08:30:27,488: publisherUpdate[/head_controller/follow_joint_trajectory/cancel] -> http://127.0.0.1:41135/ []
[rosmaster.master][INFO] 2025-12-18 08:30:27,495: -PUB [/torso_controller/follow_joint_trajectory/cancel] /play_motion http://127.0.0.1:46063/
[rosmaster.master][INFO] 2025-12-18 08:30:27,500: -SUB [/attached_collision_object] /move_group http://127.0.0.1:36173/
[rosmaster.master][INFO] 2025-12-18 08:30:27,502: +CACHEDPARAM [/rosout_disable_topics_generation] by /gripper_controllers_spawner
[rosmaster.master][INFO] 2025-12-18 08:30:27,503: -PUB [/xtion/rgb/image_rect_color/compressed] /xtion/rgb/image_proc http://127.0.0.1:46821/
[rosmaster.master][INFO] 2025-12-18 08:30:27,516: publisherUpdate[/head_controller/follow_joint_trajectory/cancel] -> http://127.0.0.1:41135/ []: sec=0.02, result=[1, '', 0]
[rosmaster.master][INFO] 2025-12-18 08:30:27,521: publisherUpdate[/torso_controller/follow_joint_trajectory/goal] -> http://127.0.0.1:41135/ []
[rosmaster.master][INFO] 2025-12-18 08:30:27,525: -SERVICE [/head_controller/point_head_action/set_logger_level] /head_controller/point_head_action rosrpc://127.0.0.1:52553
[rosmaster.master][INFO] 2025-12-18 08:30:27,538: publisherUpdate[/torso_controller/follow_joint_trajectory/goal] -> http://127.0.0.1:41135/ []: sec=0.01, result=[1, '', 0]
[rosmaster.master][INFO] 2025-12-18 08:30:27,540: publisherUpdate[/torso_controller/follow_joint_trajectory/cancel] -> http://127.0.0.1:41135/ []
[rosmaster.master][INFO] 2025-12-18 08:30:27,548: -PUB [/xtion/rgb/image_rect_color/compressed/parameter_descriptions] /xtion/rgb/image_proc http://127.0.0.1:46821/
[rosmaster.master][INFO] 2025-12-18 08:30:27,560: -SUB [/planning_scene] /move_group http://127.0.0.1:36173/
[rosmaster.master][INFO] 2025-12-18 08:30:27,561: -SUB [/clock] /play_motion http://127.0.0.1:46063/
[rosmaster.master][INFO] 2025-12-18 08:30:27,568: -CACHEDPARAM [/rosout_disable_topics_generation] by /head_controller/point_head_action
[rosmaster.master][INFO] 2025-12-18 08:30:27,575: publisherUpdate[/torso_controller/follow_joint_trajectory/cancel] -> http://127.0.0.1:41135/ []: sec=0.02, result=[1, '', 0]
[rosmaster.master][INFO] 2025-12-18 08:30:27,577: -PUB [/xtion/rgb/image_rect_color/compressed/parameter_updates] /xtion/rgb/image_proc http://127.0.0.1:46821/
[rosmaster.master][INFO] 2025-12-18 08:30:27,597: -SUB [/collision_object] /move_group http://127.0.0.1:36173/
[rosmaster.master][INFO] 2025-12-18 08:30:27,605: -SUB [/joint_states] /play_motion http://127.0.0.1:46063/
[rosmaster.master][INFO] 2025-12-18 08:30:27,615: -SUB [/tf] /play_motion http://127.0.0.1:46063/
[rosmaster.master][INFO] 2025-12-18 08:30:27,617: -PUB [/xtion/rgb/image_rect_color] /xtion/rgb/image_proc http://127.0.0.1:46821/
[rosmaster.master][INFO] 2025-12-18 08:30:27,622: -SUB [/planning_scene_world] /move_group http://127.0.0.1:36173/
[rosmaster.master][INFO] 2025-12-18 08:30:27,628: -SUB [/tf_static] /play_motion http://127.0.0.1:46063/
[rosmaster.master][INFO] 2025-12-18 08:30:27,723: -PUB [/xtion/rgb/image_rect_color/theora] /xtion/rgb/image_proc http://127.0.0.1:46821/
[rosmaster.master][INFO] 2025-12-18 08:30:27,724: +CACHEDPARAM [/rosout_disable_topics_generation] by /bringup_controllers_spawner_ft
[rosmaster.master][INFO] 2025-12-18 08:30:27,726: -SUB [/arm_controller/follow_joint_trajectory/status] /move_group http://127.0.0.1:36173/
[rosmaster.master][INFO] 2025-12-18 08:30:27,739: -SUB [/move_group/status] /play_motion http://127.0.0.1:46063/
[rosmaster.master][INFO] 2025-12-18 08:30:27,743: -PUB [/xtion/rgb/image_rect_color/theora/parameter_descriptions] /xtion/rgb/image_proc http://127.0.0.1:46821/
[rosmaster.master][INFO] 2025-12-18 08:30:27,750: -SUB [/move_group/feedback] /play_motion http://127.0.0.1:46063/
[rosmaster.master][INFO] 2025-12-18 08:30:27,765: -SUB [/arm_controller/follow_joint_trajectory/feedback] /move_group http://127.0.0.1:36173/
[rosmaster.master][INFO] 2025-12-18 08:30:27,773: -PUB [/xtion/rgb/image_rect_color/theora/parameter_updates] /xtion/rgb/image_proc http://127.0.0.1:46821/
[rosmaster.master][INFO] 2025-12-18 08:30:27,776: +CACHEDPARAM [/rosout_disable_topics_generation] by /gripper_controllers_spawner
[rosmaster.master][INFO] 2025-12-18 08:30:27,785: -SUB [/move_group/result] /play_motion http://127.0.0.1:46063/
[rosmaster.master][INFO] 2025-12-18 08:30:27,787: -SUB [/arm_controller/follow_joint_trajectory/result] /move_group http://127.0.0.1:36173/
[rosmaster.master][INFO] 2025-12-18 08:30:27,790: -SUB [/clock] /xtion/rgb/image_proc http://127.0.0.1:46821/
[rosmaster.master][INFO] 2025-12-18 08:30:27,798: +CACHEDPARAM [/rosout_disable_topics_generation] by /gripper_controllers_spawner
[rosmaster.master][INFO] 2025-12-18 08:30:27,800: -SERVICE [/xtion/rgb/image_proc/get_loggers] /xtion/rgb/image_proc rosrpc://127.0.0.1:48857
[rosmaster.master][INFO] 2025-12-18 08:30:27,812: -SUB [/torso_controller/follow_joint_trajectory/status] /move_group http://127.0.0.1:36173/
[rosmaster.master][INFO] 2025-12-18 08:30:27,833: -SERVICE [/xtion/rgb/image_proc/set_logger_level] /xtion/rgb/image_proc rosrpc://127.0.0.1:48857
[rosmaster.master][INFO] 2025-12-18 08:30:27,840: -SUB [/pickup/status] /play_motion http://127.0.0.1:46063/
[rosmaster.master][INFO] 2025-12-18 08:30:27,844: -SERVICE [/xtion/rgb/image_proc_debayer/set_parameters] /xtion/rgb/image_proc rosrpc://127.0.0.1:48857
[rosmaster.master][INFO] 2025-12-18 08:30:27,845: -SUB [/torso_controller/follow_joint_trajectory/feedback] /move_group http://127.0.0.1:36173/
[rosmaster.master][INFO] 2025-12-18 08:30:27,847: +CACHEDPARAM [/rosout_disable_topics_generation] by /bringup_controllers_spawner_ft
[rosmaster.master][INFO] 2025-12-18 08:30:27,854: -SUB [/torso_controller/follow_joint_trajectory/result] /move_group http://127.0.0.1:36173/
[rosmaster.master][INFO] 2025-12-18 08:30:27,865: -SUB [/pickup/feedback] /play_motion http://127.0.0.1:46063/
[rosmaster.master][INFO] 2025-12-18 08:30:27,884: -SUB [/head_controller/follow_joint_trajectory/status] /move_group http://127.0.0.1:36173/
[rosmaster.master][INFO] 2025-12-18 08:30:27,889: -SUB [/pickup/result] /play_motion http://127.0.0.1:46063/
[rosmaster.master][INFO] 2025-12-18 08:30:27,890: -SERVICE [/xtion/rgb/image_mono/compressedDepth/set_parameters] /xtion/rgb/image_proc rosrpc://127.0.0.1:48857
[rosmaster.master][INFO] 2025-12-18 08:30:27,893: +CACHEDPARAM [/rosout_disable_topics_generation] by /bringup_controllers_spawner_ft
[rosmaster.master][INFO] 2025-12-18 08:30:27,894: -SUB [/head_controller/follow_joint_trajectory/feedback] /move_group http://127.0.0.1:36173/
[rosmaster.master][INFO] 2025-12-18 08:30:27,899: -SUB [/place/status] /play_motion http://127.0.0.1:46063/
[rosmaster.master][INFO] 2025-12-18 08:30:27,902: -SERVICE [/xtion/rgb/image_mono/compressed/set_parameters] /xtion/rgb/image_proc rosrpc://127.0.0.1:48857
[rosmaster.master][INFO] 2025-12-18 08:30:27,907: -SUB [/place/feedback] /play_motion http://127.0.0.1:46063/
[rosmaster.master][INFO] 2025-12-18 08:30:27,913: -SERVICE [/xtion/rgb/image_mono/theora/set_parameters] /xtion/rgb/image_proc rosrpc://127.0.0.1:48857
[rosmaster.master][INFO] 2025-12-18 08:30:27,921: -SUB [/head_controller/follow_joint_trajectory/result] /move_group http://127.0.0.1:36173/
[rosmaster.master][INFO] 2025-12-18 08:30:27,927: -SUB [/place/result] /play_motion http://127.0.0.1:46063/
[rosmaster.master][INFO] 2025-12-18 08:30:27,933: -SUB [/gripper_controller/follow_joint_trajectory/status] /move_group http://127.0.0.1:36173/
[rosmaster.master][INFO] 2025-12-18 08:30:27,936: -SERVICE [/xtion/rgb/image_color/compressedDepth/set_parameters] /xtion/rgb/image_proc rosrpc://127.0.0.1:48857
[rosmaster.master][INFO] 2025-12-18 08:30:27,943: -SUB [/execute_trajectory/status] /play_motion http://127.0.0.1:46063/
[rosmaster.master][INFO] 2025-12-18 08:30:27,946: -SERVICE [/xtion/rgb/image_color/compressed/set_parameters] /xtion/rgb/image_proc rosrpc://127.0.0.1:48857
[rosmaster.master][INFO] 2025-12-18 08:30:27,949: -SUB [/gripper_controller/follow_joint_trajectory/feedback] /move_group http://127.0.0.1:36173/
[rosmaster.master][INFO] 2025-12-18 08:30:27,952: -SUB [/execute_trajectory/feedback] /play_motion http://127.0.0.1:46063/
[rosmaster.master][INFO] 2025-12-18 08:30:27,955: -SERVICE [/xtion/rgb/image_color/theora/set_parameters] /xtion/rgb/image_proc rosrpc://127.0.0.1:48857
[rosmaster.master][INFO] 2025-12-18 08:30:27,959: -SUB [/gripper_controller/follow_joint_trajectory/result] /move_group http://127.0.0.1:36173/
[rosmaster.master][INFO] 2025-12-18 08:30:27,961: -SUB [/execute_trajectory/result] /play_motion http://127.0.0.1:46063/
[rosmaster.master][INFO] 2025-12-18 08:30:27,966: -SERVICE [/xtion/rgb/image_proc_rectify_mono/set_parameters] /xtion/rgb/image_proc rosrpc://127.0.0.1:48857
[rosmaster.master][INFO] 2025-12-18 08:30:27,967: -SUB [/trajectory_execution_event] /move_group http://127.0.0.1:36173/
[rosmaster.master][INFO] 2025-12-18 08:30:27,971: -SUB [/play_motion/goal] /play_motion http://127.0.0.1:46063/
[rosmaster.master][INFO] 2025-12-18 08:30:27,974: -SERVICE [/xtion/rgb/image_rect/compressedDepth/set_parameters] /xtion/rgb/image_proc rosrpc://127.0.0.1:48857
[rosmaster.master][INFO] 2025-12-18 08:30:27,978: -SUB [/execute_trajectory/goal] /move_group http://127.0.0.1:36173/
[rosmaster.master][INFO] 2025-12-18 08:30:27,981: -SUB [/play_motion/cancel] /play_motion http://127.0.0.1:46063/
[rosmaster.master][INFO] 2025-12-18 08:30:27,985: -SERVICE [/xtion/rgb/image_rect/compressed/set_parameters] /xtion/rgb/image_proc rosrpc://127.0.0.1:48857
[rosmaster.master][INFO] 2025-12-18 08:30:27,989: -SUB [/execute_trajectory/cancel] /move_group http://127.0.0.1:36173/
[rosmaster.master][INFO] 2025-12-18 08:30:27,992: -SUB [/arm_controller/follow_joint_trajectory/status] /play_motion http://127.0.0.1:46063/
[rosmaster.master][INFO] 2025-12-18 08:30:27,996: -SUB [/move_group/goal] /move_group http://127.0.0.1:36173/
[rosmaster.master][INFO] 2025-12-18 08:30:27,998: -SERVICE [/xtion/rgb/image_rect/theora/set_parameters] /xtion/rgb/image_proc rosrpc://127.0.0.1:48857
[rosmaster.master][INFO] 2025-12-18 08:30:28,002: -SUB [/arm_controller/follow_joint_trajectory/feedback] /play_motion http://127.0.0.1:46063/
[rosmaster.master][INFO] 2025-12-18 08:30:28,005: -SUB [/move_group/cancel] /move_group http://127.0.0.1:36173/
[rosmaster.master][INFO] 2025-12-18 08:30:28,009: -SERVICE [/xtion/rgb/image_proc_rectify_color/set_parameters] /xtion/rgb/image_proc rosrpc://127.0.0.1:48857
[rosmaster.master][INFO] 2025-12-18 08:30:28,013: -SUB [/arm_controller/follow_joint_trajectory/result] /play_motion http://127.0.0.1:46063/
[rosmaster.master][INFO] 2025-12-18 08:30:28,014: -SUB [/pickup/goal] /move_group http://127.0.0.1:36173/
[rosmaster.master][INFO] 2025-12-18 08:30:28,015: -SERVICE [/xtion/rgb/image_rect_color/compressedDepth/set_parameters] /xtion/rgb/image_proc rosrpc://127.0.0.1:48857
[rosmaster.master][INFO] 2025-12-18 08:30:28,019: -SUB [/gripper_controller/follow_joint_trajectory/status] /play_motion http://127.0.0.1:46063/
[rosmaster.master][INFO] 2025-12-18 08:30:28,022: -SERVICE [/xtion/rgb/image_rect_color/compressed/set_parameters] /xtion/rgb/image_proc rosrpc://127.0.0.1:48857
[rosmaster.master][INFO] 2025-12-18 08:30:28,026: -SUB [/pickup/cancel] /move_group http://127.0.0.1:36173/
[rosmaster.master][INFO] 2025-12-18 08:30:28,029: -SUB [/gripper_controller/follow_joint_trajectory/feedback] /play_motion http://127.0.0.1:46063/
[rosmaster.master][INFO] 2025-12-18 08:30:28,032: -SERVICE [/xtion/rgb/image_rect_color/theora/set_parameters] /xtion/rgb/image_proc rosrpc://127.0.0.1:48857
[rosmaster.master][INFO] 2025-12-18 08:30:28,036: -SUB [/place/goal] /move_group http://127.0.0.1:36173/
[rosmaster.master][INFO] 2025-12-18 08:30:28,041: -SUB [/gripper_controller/follow_joint_trajectory/result] /play_motion http://127.0.0.1:46063/
[rosmaster.master][INFO] 2025-12-18 08:30:28,048: -SUB [/place/cancel] /move_group http://127.0.0.1:36173/
[rosmaster.master][INFO] 2025-12-18 08:30:28,050: -CACHEDPARAM [/rosout_disable_topics_generation] by /xtion/rgb/image_proc
[rosmaster.master][INFO] 2025-12-18 08:30:28,052: -SUB [/head_controller/follow_joint_trajectory/status] /play_motion http://127.0.0.1:46063/
[rosmaster.master][INFO] 2025-12-18 08:30:28,055: -SERVICE [/move_group/get_loggers] /move_group rosrpc://127.0.0.1:51027
[rosmaster.master][INFO] 2025-12-18 08:30:28,058: -SUB [/head_controller/follow_joint_trajectory/feedback] /play_motion http://127.0.0.1:46063/
[rosmaster.master][INFO] 2025-12-18 08:30:28,063: -SERVICE [/move_group/set_logger_level] /move_group rosrpc://127.0.0.1:51027
[rosmaster.master][INFO] 2025-12-18 08:30:28,068: -SUB [/head_controller/follow_joint_trajectory/result] /play_motion http://127.0.0.1:46063/
[rosmaster.master][INFO] 2025-12-18 08:30:28,071: -SERVICE [/move_group/planning_scene_monitor/set_parameters] /move_group rosrpc://127.0.0.1:51027
[rosmaster.master][INFO] 2025-12-18 08:30:28,082: -SUB [/torso_controller/follow_joint_trajectory/status] /play_motion http://127.0.0.1:46063/
[rosmaster.master][INFO] 2025-12-18 08:30:28,083: -SERVICE [/move_group/save_map] /move_group rosrpc://127.0.0.1:51027
[rosmaster.master][INFO] 2025-12-18 08:30:28,086: -SUB [/torso_controller/follow_joint_trajectory/feedback] /play_motion http://127.0.0.1:46063/
[rosmaster.master][INFO] 2025-12-18 08:30:28,090: -SERVICE [/move_group/load_map] /move_group rosrpc://127.0.0.1:51027
[rosmaster.master][INFO] 2025-12-18 08:30:28,095: +CACHEDPARAM [/rosout_disable_topics_generation] by /bringup_controllers_spawner_imu
[rosmaster.master][INFO] 2025-12-18 08:30:28,096: -SERVICE [/move_group/ompl/set_parameters] /move_group rosrpc://127.0.0.1:51027
[rosmaster.master][INFO] 2025-12-18 08:30:28,098: -SUB [/torso_controller/follow_joint_trajectory/result] /play_motion http://127.0.0.1:46063/
[rosmaster.master][INFO] 2025-12-18 08:30:28,106: -SERVICE [/move_group/trajectory_execution/set_parameters] /move_group rosrpc://127.0.0.1:51027
[rosmaster.master][INFO] 2025-12-18 08:30:28,112: -SERVICE [/play_motion/get_loggers] /play_motion rosrpc://127.0.0.1:56085
[rosmaster.master][INFO] 2025-12-18 08:30:28,118: -SERVICE [/move_group/plan_execution/set_parameters] /move_group rosrpc://127.0.0.1:51027
[rosmaster.master][INFO] 2025-12-18 08:30:28,122: -SERVICE [/play_motion/set_logger_level] /play_motion rosrpc://127.0.0.1:56085
[rosmaster.master][INFO] 2025-12-18 08:30:28,126: -SERVICE [/move_group/sense_for_plan/set_parameters] /move_group rosrpc://127.0.0.1:51027
[rosmaster.master][INFO] 2025-12-18 08:30:28,131: -SERVICE [/play_motion/list_motions] /play_motion rosrpc://127.0.0.1:56085
[rosmaster.master][INFO] 2025-12-18 08:30:28,139: -SERVICE [/apply_planning_scene] /move_group rosrpc://127.0.0.1:51027
[rosmaster.master][INFO] 2025-12-18 08:30:28,142: -CACHEDPARAM [/play_motion/motions/home] by /play_motion
[rosmaster.master][INFO] 2025-12-18 08:30:28,145: -SERVICE [/load_move_group_capabilities] /move_group rosrpc://127.0.0.1:51027
[rosmaster.master][INFO] 2025-12-18 08:30:28,147: -CACHEDPARAM [/rosout_disable_topics_generation] by /play_motion
[rosmaster.master][INFO] 2025-12-18 08:30:28,150: -SERVICE [/clear_octomap] /move_group rosrpc://127.0.0.1:51027
[rosmaster.master][INFO] 2025-12-18 08:30:28,153: -SERVICE [/compute_cartesian_path] /move_group rosrpc://127.0.0.1:51027
[rosmaster.master][INFO] 2025-12-18 08:30:28,155: -SERVICE [/get_planning_scene] /move_group rosrpc://127.0.0.1:51027
[rosmaster.master][INFO] 2025-12-18 08:30:28,158: -SERVICE [/compute_fk] /move_group rosrpc://127.0.0.1:51027
[rosmaster.master][INFO] 2025-12-18 08:30:28,160: -SERVICE [/compute_ik] /move_group rosrpc://127.0.0.1:51027
[rosmaster.master][INFO] 2025-12-18 08:30:28,162: -SERVICE [/plan_kinematic_path] /move_group rosrpc://127.0.0.1:51027
[rosmaster.master][INFO] 2025-12-18 08:30:28,165: -SERVICE [/query_planner_interface] /move_group rosrpc://127.0.0.1:51027
[rosmaster.master][INFO] 2025-12-18 08:30:28,168: -SERVICE [/get_planner_params] /move_group rosrpc://127.0.0.1:51027
[rosmaster.master][INFO] 2025-12-18 08:30:28,170: -SERVICE [/set_planner_params] /move_group rosrpc://127.0.0.1:51027
[rosmaster.master][INFO] 2025-12-18 08:30:28,173: -SERVICE [/check_state_validity] /move_group rosrpc://127.0.0.1:51027
[rosmaster.master][INFO] 2025-12-18 08:30:28,176: -CACHEDPARAM [/rosout_disable_topics_generation] by /move_group
[rosmaster.master][INFO] 2025-12-18 08:30:28,221: +CACHEDPARAM [/rosout_disable_topics_generation] by /default_controllers_spawner
