[rosmaster.main][INFO] 2025-11-19 08:28:35,075: initialization complete, waiting for shutdown
[rosmaster.main][INFO] 2025-11-19 08:28:35,075: Starting ROS Master Node
[xmlrpc][INFO] 2025-11-19 08:28:35,076: XML-RPC server binding to 127.0.0.1:11311
[xmlrpc][INFO] 2025-11-19 08:28:35,077: Started XML-RPC server [http://127.0.0.1:11311/]
[rosmaster.master][INFO] 2025-11-19 08:28:35,077: Master initialized: port[11311], uri[http://127.0.0.1:11311/]
[xmlrpc][INFO] 2025-11-19 08:28:35,078: xml rpc node: starting XML-RPC server
[rosmaster.master][INFO] 2025-11-19 08:28:35,152: +PARAM [/run_id] by /roslaunch
[rosmaster.master][INFO] 2025-11-19 08:28:35,156: +PARAM [/roslaunch/uris/host_127_0_0_1__35167] by /roslaunch
[rosmaster.master][INFO] 2025-11-19 08:28:35,404: +SERVICE [/rosout/get_loggers] /rosout http://127.0.0.1:38733/
[rosmaster.master][INFO] 2025-11-19 08:28:35,415: +SERVICE [/rosout/set_logger_level] /rosout http://127.0.0.1:38733/
[rosmaster.master][INFO] 2025-11-19 08:28:35,433: +PUB [/rosout_agg] /rosout http://127.0.0.1:38733/
[rosmaster.master][INFO] 2025-11-19 08:28:35,467: +PARAM [/rosversion] by /roslaunch
[rosmaster.master][INFO] 2025-11-19 08:28:35,468: +PARAM [/rosdistro] by /roslaunch
[rosmaster.master][INFO] 2025-11-19 08:28:35,468: +PARAM [/use_sim_time] by /roslaunch
[rosmaster.master][INFO] 2025-11-19 08:28:35,468: +PARAM [/pal_robot_info/type] by /roslaunch
[rosmaster.master][INFO] 2025-11-19 08:28:35,468: +PARAM [/pal_robot_info/end_effector] by /roslaunch
[rosmaster.master][INFO] 2025-11-19 08:28:35,468: +PARAM [/pal_robot_info/ft_sensor] by /roslaunch
[rosmaster.master][INFO] 2025-11-19 08:28:35,468: +PARAM [/pal_robot_info/laser_model] by /roslaunch
[rosmaster.master][INFO] 2025-11-19 08:28:35,469: +PARAM [/pal_robot_info/camera_model] by /roslaunch
[rosmaster.master][INFO] 2025-11-19 08:28:35,469: +SUB [/rosout] /rosout http://127.0.0.1:38733/
[rosmaster.master][INFO] 2025-11-19 08:28:35,469: +PARAM [/pal_robot_info/base_type] by /roslaunch
[rosmaster.master][INFO] 2025-11-19 08:28:35,470: +PARAM [/pal_robot_info/arm] by /roslaunch
[rosmaster.master][INFO] 2025-11-19 08:28:35,470: +PARAM [/gains/suspension_left_joint/p] by /roslaunch
[rosmaster.master][INFO] 2025-11-19 08:28:35,470: +PARAM [/gains/suspension_left_joint/d] by /roslaunch
[rosmaster.master][INFO] 2025-11-19 08:28:35,470: +PARAM [/gains/suspension_left_joint/i] by /roslaunch
[rosmaster.master][INFO] 2025-11-19 08:28:35,470: +PARAM [/gains/suspension_left_joint/i_clamp] by /roslaunch
[rosmaster.master][INFO] 2025-11-19 08:28:35,470: +PARAM [/gains/suspension_right_joint/p] by /roslaunch
[rosmaster.master][INFO] 2025-11-19 08:28:35,470: +PARAM [/gains/suspension_right_joint/d] by /roslaunch
[rosmaster.master][INFO] 2025-11-19 08:28:35,470: +PARAM [/gains/suspension_right_joint/i] by /roslaunch
[rosmaster.master][INFO] 2025-11-19 08:28:35,470: +PARAM [/gains/suspension_right_joint/i_clamp] by /roslaunch
[rosmaster.master][INFO] 2025-11-19 08:28:35,471: +PARAM [/gains/torso_lift_joint/p] by /roslaunch
[rosmaster.master][INFO] 2025-11-19 08:28:35,471: +PARAM [/gains/torso_lift_joint/d] by /roslaunch
[rosmaster.master][INFO] 2025-11-19 08:28:35,471: +PARAM [/gains/torso_lift_joint/i] by /roslaunch
[rosmaster.master][INFO] 2025-11-19 08:28:35,471: +PARAM [/gains/torso_lift_joint/i_clamp] by /roslaunch
[rosmaster.master][INFO] 2025-11-19 08:28:35,471: +PARAM [/gains/head_1_joint/p] by /roslaunch
[rosmaster.master][INFO] 2025-11-19 08:28:35,471: +PARAM [/gains/head_1_joint/d] by /roslaunch
[rosmaster.master][INFO] 2025-11-19 08:28:35,471: +PARAM [/gains/head_1_joint/i] by /roslaunch
[rosmaster.master][INFO] 2025-11-19 08:28:35,471: +PARAM [/gains/head_1_joint/i_clamp] by /roslaunch
[rosmaster.master][INFO] 2025-11-19 08:28:35,471: +PARAM [/gains/head_2_joint/p] by /roslaunch
[rosmaster.master][INFO] 2025-11-19 08:28:35,471: +PARAM [/gains/head_2_joint/d] by /roslaunch
[rosmaster.master][INFO] 2025-11-19 08:28:35,471: +PARAM [/gains/head_2_joint/i] by /roslaunch
[rosmaster.master][INFO] 2025-11-19 08:28:35,472: +PARAM [/gains/head_2_joint/i_clamp] by /roslaunch
[rosmaster.master][INFO] 2025-11-19 08:28:35,472: +PARAM [/gains/xtion_frame_joint/p] by /roslaunch
[rosmaster.master][INFO] 2025-11-19 08:28:35,472: +PARAM [/gains/xtion_frame_joint/d] by /roslaunch
[rosmaster.master][INFO] 2025-11-19 08:28:35,472: +PARAM [/gains/xtion_frame_joint/i] by /roslaunch
[rosmaster.master][INFO] 2025-11-19 08:28:35,472: +PARAM [/gains/xtion_frame_joint/i_clamp] by /roslaunch
[rosmaster.master][INFO] 2025-11-19 08:28:35,472: +PARAM [/gains/arm_1_joint/p] by /roslaunch
[rosmaster.master][INFO] 2025-11-19 08:28:35,472: +PARAM [/gains/arm_1_joint/d] by /roslaunch
[rosmaster.master][INFO] 2025-11-19 08:28:35,472: +PARAM [/gains/arm_1_joint/i] by /roslaunch
[rosmaster.master][INFO] 2025-11-19 08:28:35,472: +PARAM [/gains/arm_1_joint/i_clamp] by /roslaunch
[rosmaster.master][INFO] 2025-11-19 08:28:35,472: +PARAM [/gains/arm_1_joint/torque_clamp] by /roslaunch
[rosmaster.master][INFO] 2025-11-19 08:28:35,472: +PARAM [/gains/arm_2_joint/p] by /roslaunch
[rosmaster.master][INFO] 2025-11-19 08:28:35,473: +PARAM [/gains/arm_2_joint/d] by /roslaunch
[rosmaster.master][INFO] 2025-11-19 08:28:35,473: +PARAM [/gains/arm_2_joint/i] by /roslaunch
[rosmaster.master][INFO] 2025-11-19 08:28:35,473: +PARAM [/gains/arm_2_joint/i_clamp] by /roslaunch
[rosmaster.master][INFO] 2025-11-19 08:28:35,473: +PARAM [/gains/arm_2_joint/torque_clamp] by /roslaunch
[rosmaster.master][INFO] 2025-11-19 08:28:35,473: +PARAM [/gains/arm_3_joint/p] by /roslaunch
[rosmaster.master][INFO] 2025-11-19 08:28:35,473: +PARAM [/gains/arm_3_joint/d] by /roslaunch
[rosmaster.master][INFO] 2025-11-19 08:28:35,473: +PARAM [/gains/arm_3_joint/i] by /roslaunch
[rosmaster.master][INFO] 2025-11-19 08:28:35,473: +PARAM [/gains/arm_3_joint/i_clamp] by /roslaunch
[rosmaster.master][INFO] 2025-11-19 08:28:35,473: +PARAM [/gains/arm_3_joint/torque_clamp] by /roslaunch
[rosmaster.master][INFO] 2025-11-19 08:28:35,473: +PARAM [/gains/arm_4_joint/p] by /roslaunch
[rosmaster.master][INFO] 2025-11-19 08:28:35,473: +PARAM [/gains/arm_4_joint/d] by /roslaunch
[rosmaster.master][INFO] 2025-11-19 08:28:35,473: +PARAM [/gains/arm_4_joint/i] by /roslaunch
[rosmaster.master][INFO] 2025-11-19 08:28:35,474: +PARAM [/gains/arm_4_joint/i_clamp] by /roslaunch
[rosmaster.master][INFO] 2025-11-19 08:28:35,474: +PARAM [/gains/arm_4_joint/torque_clamp] by /roslaunch
[rosmaster.master][INFO] 2025-11-19 08:28:35,474: +PARAM [/gains/arm_5_joint/p] by /roslaunch
[rosmaster.master][INFO] 2025-11-19 08:28:35,474: +PARAM [/gains/arm_5_joint/d] by /roslaunch
[rosmaster.master][INFO] 2025-11-19 08:28:35,474: +PARAM [/gains/arm_5_joint/i] by /roslaunch
[rosmaster.master][INFO] 2025-11-19 08:28:35,474: +PARAM [/gains/arm_5_joint/i_clamp] by /roslaunch
[rosmaster.master][INFO] 2025-11-19 08:28:35,474: +PARAM [/gains/arm_5_joint/torque_clamp] by /roslaunch
[rosmaster.master][INFO] 2025-11-19 08:28:35,474: +PARAM [/gains/arm_6_joint/p] by /roslaunch
[rosmaster.master][INFO] 2025-11-19 08:28:35,474: +PARAM [/gains/arm_6_joint/d] by /roslaunch
[rosmaster.master][INFO] 2025-11-19 08:28:35,474: +PARAM [/gains/arm_6_joint/i] by /roslaunch
[rosmaster.master][INFO] 2025-11-19 08:28:35,474: +PARAM [/gains/arm_6_joint/i_clamp] by /roslaunch
[rosmaster.master][INFO] 2025-11-19 08:28:35,474: +PARAM [/gains/arm_6_joint/torque_clamp] by /roslaunch
[rosmaster.master][INFO] 2025-11-19 08:28:35,474: +PARAM [/gains/arm_7_joint/p] by /roslaunch
[rosmaster.master][INFO] 2025-11-19 08:28:35,474: +PARAM [/gains/arm_7_joint/d] by /roslaunch
[rosmaster.master][INFO] 2025-11-19 08:28:35,475: +PARAM [/gains/arm_7_joint/i] by /roslaunch
[rosmaster.master][INFO] 2025-11-19 08:28:35,475: +PARAM [/gains/arm_7_joint/i_clamp] by /roslaunch
[rosmaster.master][INFO] 2025-11-19 08:28:35,475: +PARAM [/gains/arm_7_joint/torque_clamp] by /roslaunch
[rosmaster.master][INFO] 2025-11-19 08:28:35,475: +PARAM [/gains/hand_index_joint/p] by /roslaunch
[rosmaster.master][INFO] 2025-11-19 08:28:35,475: +PARAM [/gains/hand_index_joint/d] by /roslaunch
[rosmaster.master][INFO] 2025-11-19 08:28:35,475: +PARAM [/gains/hand_index_joint/i] by /roslaunch
[rosmaster.master][INFO] 2025-11-19 08:28:35,475: +PARAM [/gains/hand_index_joint/i_clamp] by /roslaunch
[rosmaster.master][INFO] 2025-11-19 08:28:35,475: +PARAM [/gains/hand_thumb_joint/p] by /roslaunch
[rosmaster.master][INFO] 2025-11-19 08:28:35,475: +PARAM [/gains/hand_thumb_joint/d] by /roslaunch
[rosmaster.master][INFO] 2025-11-19 08:28:35,475: +PARAM [/gains/hand_thumb_joint/i] by /roslaunch
[rosmaster.master][INFO] 2025-11-19 08:28:35,475: +PARAM [/gains/hand_thumb_joint/i_clamp] by /roslaunch
[rosmaster.master][INFO] 2025-11-19 08:28:35,475: +PARAM [/gains/hand_mrl_joint/p] by /roslaunch
[rosmaster.master][INFO] 2025-11-19 08:28:35,475: +PARAM [/gains/hand_mrl_joint/d] by /roslaunch
[rosmaster.master][INFO] 2025-11-19 08:28:35,476: +PARAM [/gains/hand_mrl_joint/i] by /roslaunch
[rosmaster.master][INFO] 2025-11-19 08:28:35,476: +PARAM [/gains/hand_mrl_joint/i_clamp] by /roslaunch
[rosmaster.master][INFO] 2025-11-19 08:28:35,476: +PARAM [/gains/hand_index_abd_joint/p] by /roslaunch
[rosmaster.master][INFO] 2025-11-19 08:28:35,476: +PARAM [/gains/hand_index_abd_joint/d] by /roslaunch
[rosmaster.master][INFO] 2025-11-19 08:28:35,476: +PARAM [/gains/hand_index_abd_joint/i] by /roslaunch
[rosmaster.master][INFO] 2025-11-19 08:28:35,476: +PARAM [/gains/hand_index_abd_joint/i_clamp] by /roslaunch
[rosmaster.master][INFO] 2025-11-19 08:28:35,476: +PARAM [/gains/hand_index_virtual_1_joint/p] by /roslaunch
[rosmaster.master][INFO] 2025-11-19 08:28:35,476: +PARAM [/gains/hand_index_virtual_1_joint/d] by /roslaunch
[rosmaster.master][INFO] 2025-11-19 08:28:35,476: +PARAM [/gains/hand_index_virtual_1_joint/i] by /roslaunch
[rosmaster.master][INFO] 2025-11-19 08:28:35,476: +PARAM [/gains/hand_index_virtual_1_joint/i_clamp] by /roslaunch
[rosmaster.master][INFO] 2025-11-19 08:28:35,476: +PARAM [/gains/hand_index_virtual_2_joint/p] by /roslaunch
[rosmaster.master][INFO] 2025-11-19 08:28:35,476: +PARAM [/gains/hand_index_virtual_2_joint/d] by /roslaunch
[rosmaster.master][INFO] 2025-11-19 08:28:35,477: +PARAM [/gains/hand_index_virtual_2_joint/i] by /roslaunch
[rosmaster.master][INFO] 2025-11-19 08:28:35,477: +PARAM [/gains/hand_index_virtual_2_joint/i_clamp] by /roslaunch
[rosmaster.master][INFO] 2025-11-19 08:28:35,477: +PARAM [/gains/hand_index_virtual_3_joint/p] by /roslaunch
[rosmaster.master][INFO] 2025-11-19 08:28:35,477: +PARAM [/gains/hand_index_virtual_3_joint/d] by /roslaunch
[rosmaster.master][INFO] 2025-11-19 08:28:35,477: +PARAM [/gains/hand_index_virtual_3_joint/i] by /roslaunch
[rosmaster.master][INFO] 2025-11-19 08:28:35,477: +PARAM [/gains/hand_index_virtual_3_joint/i_clamp] by /roslaunch
[rosmaster.master][INFO] 2025-11-19 08:28:35,477: +PARAM [/gains/hand_index_flex_1_joint/p] by /roslaunch
[rosmaster.master][INFO] 2025-11-19 08:28:35,477: +PARAM [/gains/hand_index_flex_1_joint/d] by /roslaunch
[rosmaster.master][INFO] 2025-11-19 08:28:35,477: +PARAM [/gains/hand_index_flex_1_joint/i] by /roslaunch
[rosmaster.master][INFO] 2025-11-19 08:28:35,477: +PARAM [/gains/hand_index_flex_1_joint/i_clamp] by /roslaunch
[rosmaster.master][INFO] 2025-11-19 08:28:35,477: +PARAM [/gains/hand_index_flex_2_joint/p] by /roslaunch
[rosmaster.master][INFO] 2025-11-19 08:28:35,477: +PARAM [/gains/hand_index_flex_2_joint/d] by /roslaunch
[rosmaster.master][INFO] 2025-11-19 08:28:35,478: +PARAM [/gains/hand_index_flex_2_joint/i] by /roslaunch
[rosmaster.master][INFO] 2025-11-19 08:28:35,478: +PARAM [/gains/hand_index_flex_2_joint/i_clamp] by /roslaunch
[rosmaster.master][INFO] 2025-11-19 08:28:35,478: +PARAM [/gains/hand_index_flex_3_joint/p] by /roslaunch
[rosmaster.master][INFO] 2025-11-19 08:28:35,478: +PARAM [/gains/hand_index_flex_3_joint/d] by /roslaunch
[rosmaster.master][INFO] 2025-11-19 08:28:35,478: +PARAM [/gains/hand_index_flex_3_joint/i] by /roslaunch
[rosmaster.master][INFO] 2025-11-19 08:28:35,478: +PARAM [/gains/hand_index_flex_3_joint/i_clamp] by /roslaunch
[rosmaster.master][INFO] 2025-11-19 08:28:35,478: +PARAM [/gains/hand_little_abd_joint/p] by /roslaunch
[rosmaster.master][INFO] 2025-11-19 08:28:35,478: +PARAM [/gains/hand_little_abd_joint/d] by /roslaunch
[rosmaster.master][INFO] 2025-11-19 08:28:35,478: +PARAM [/gains/hand_little_abd_joint/i] by /roslaunch
[rosmaster.master][INFO] 2025-11-19 08:28:35,478: +PARAM [/gains/hand_little_abd_joint/i_clamp] by /roslaunch
[rosmaster.master][INFO] 2025-11-19 08:28:35,478: +PARAM [/gains/hand_little_virtual_1_joint/p] by /roslaunch
[rosmaster.master][INFO] 2025-11-19 08:28:35,478: +PARAM [/gains/hand_little_virtual_1_joint/d] by /roslaunch
[rosmaster.master][INFO] 2025-11-19 08:28:35,478: +PARAM [/gains/hand_little_virtual_1_joint/i] by /roslaunch
[rosmaster.master][INFO] 2025-11-19 08:28:35,479: +PARAM [/gains/hand_little_virtual_1_joint/i_clamp] by /roslaunch
[rosmaster.master][INFO] 2025-11-19 08:28:35,479: +PARAM [/gains/hand_little_virtual_2_joint/p] by /roslaunch
[rosmaster.master][INFO] 2025-11-19 08:28:35,479: +PARAM [/gains/hand_little_virtual_2_joint/d] by /roslaunch
[rosmaster.master][INFO] 2025-11-19 08:28:35,479: +PARAM [/gains/hand_little_virtual_2_joint/i] by /roslaunch
[rosmaster.master][INFO] 2025-11-19 08:28:35,479: +PARAM [/gains/hand_little_virtual_2_joint/i_clamp] by /roslaunch
[rosmaster.master][INFO] 2025-11-19 08:28:35,479: +PARAM [/gains/hand_little_virtual_3_joint/p] by /roslaunch
[rosmaster.master][INFO] 2025-11-19 08:28:35,479: +PARAM [/gains/hand_little_virtual_3_joint/d] by /roslaunch
[rosmaster.master][INFO] 2025-11-19 08:28:35,480: +PARAM [/gains/hand_little_virtual_3_joint/i] by /roslaunch
[rosmaster.master][INFO] 2025-11-19 08:28:35,480: +PARAM [/gains/hand_little_virtual_3_joint/i_clamp] by /roslaunch
[rosmaster.master][INFO] 2025-11-19 08:28:35,480: +PARAM [/gains/hand_little_flex_1_joint/p] by /roslaunch
[rosmaster.master][INFO] 2025-11-19 08:28:35,481: +PARAM [/gains/hand_little_flex_1_joint/d] by /roslaunch
[rosmaster.master][INFO] 2025-11-19 08:28:35,481: +PARAM [/gains/hand_little_flex_1_joint/i] by /roslaunch
[rosmaster.master][INFO] 2025-11-19 08:28:35,481: +PARAM [/gains/hand_little_flex_1_joint/i_clamp] by /roslaunch
[rosmaster.master][INFO] 2025-11-19 08:28:35,482: +PARAM [/gains/hand_little_flex_2_joint/p] by /roslaunch
[rosmaster.master][INFO] 2025-11-19 08:28:35,482: +PARAM [/gains/hand_little_flex_2_joint/d] by /roslaunch
[rosmaster.master][INFO] 2025-11-19 08:28:35,482: +PARAM [/gains/hand_little_flex_2_joint/i] by /roslaunch
[rosmaster.master][INFO] 2025-11-19 08:28:35,482: +PARAM [/gains/hand_little_flex_2_joint/i_clamp] by /roslaunch
[rosmaster.master][INFO] 2025-11-19 08:28:35,482: +PARAM [/gains/hand_little_flex_3_joint/p] by /roslaunch
[rosmaster.master][INFO] 2025-11-19 08:28:35,483: +PARAM [/gains/hand_little_flex_3_joint/d] by /roslaunch
[rosmaster.master][INFO] 2025-11-19 08:28:35,483: +PARAM [/gains/hand_little_flex_3_joint/i] by /roslaunch
[rosmaster.master][INFO] 2025-11-19 08:28:35,483: +PARAM [/gains/hand_little_flex_3_joint/i_clamp] by /roslaunch
[rosmaster.master][INFO] 2025-11-19 08:28:35,483: +PARAM [/gains/hand_middle_abd_joint/p] by /roslaunch
[rosmaster.master][INFO] 2025-11-19 08:28:35,483: +PARAM [/gains/hand_middle_abd_joint/d] by /roslaunch
[rosmaster.master][INFO] 2025-11-19 08:28:35,484: +PARAM [/gains/hand_middle_abd_joint/i] by /roslaunch
[rosmaster.master][INFO] 2025-11-19 08:28:35,484: +PARAM [/gains/hand_middle_abd_joint/i_clamp] by /roslaunch
[rosmaster.master][INFO] 2025-11-19 08:28:35,484: +PARAM [/gains/hand_middle_virtual_1_joint/p] by /roslaunch
[rosmaster.master][INFO] 2025-11-19 08:28:35,484: +PARAM [/gains/hand_middle_virtual_1_joint/d] by /roslaunch
[rosmaster.master][INFO] 2025-11-19 08:28:35,485: +PARAM [/gains/hand_middle_virtual_1_joint/i] by /roslaunch
[rosmaster.master][INFO] 2025-11-19 08:28:35,485: +PARAM [/gains/hand_middle_virtual_1_joint/i_clamp] by /roslaunch
[rosmaster.master][INFO] 2025-11-19 08:28:35,485: +PARAM [/gains/hand_middle_virtual_2_joint/p] by /roslaunch
[rosmaster.master][INFO] 2025-11-19 08:28:35,485: +PARAM [/gains/hand_middle_virtual_2_joint/d] by /roslaunch
[rosmaster.master][INFO] 2025-11-19 08:28:35,486: +PARAM [/gains/hand_middle_virtual_2_joint/i] by /roslaunch
[rosmaster.master][INFO] 2025-11-19 08:28:35,486: +PARAM [/gains/hand_middle_virtual_2_joint/i_clamp] by /roslaunch
[rosmaster.master][INFO] 2025-11-19 08:28:35,486: +PARAM [/gains/hand_middle_virtual_3_joint/p] by /roslaunch
[rosmaster.master][INFO] 2025-11-19 08:28:35,486: +PARAM [/gains/hand_middle_virtual_3_joint/d] by /roslaunch
[rosmaster.master][INFO] 2025-11-19 08:28:35,486: +PARAM [/gains/hand_middle_virtual_3_joint/i] by /roslaunch
[rosmaster.master][INFO] 2025-11-19 08:28:35,487: +PARAM [/gains/hand_middle_virtual_3_joint/i_clamp] by /roslaunch
[rosmaster.master][INFO] 2025-11-19 08:28:35,487: +PARAM [/gains/hand_middle_flex_1_joint/p] by /roslaunch
[rosmaster.master][INFO] 2025-11-19 08:28:35,487: +PARAM [/gains/hand_middle_flex_1_joint/d] by /roslaunch
[rosmaster.master][INFO] 2025-11-19 08:28:35,487: +PARAM [/gains/hand_middle_flex_1_joint/i] by /roslaunch
[rosmaster.master][INFO] 2025-11-19 08:28:35,488: +PARAM [/gains/hand_middle_flex_1_joint/i_clamp] by /roslaunch
[rosmaster.master][INFO] 2025-11-19 08:28:35,488: +PARAM [/gains/hand_middle_flex_2_joint/p] by /roslaunch
[rosmaster.master][INFO] 2025-11-19 08:28:35,488: +PARAM [/gains/hand_middle_flex_2_joint/d] by /roslaunch
[rosmaster.master][INFO] 2025-11-19 08:28:35,488: +PARAM [/gains/hand_middle_flex_2_joint/i] by /roslaunch
[rosmaster.master][INFO] 2025-11-19 08:28:35,489: +PARAM [/gains/hand_middle_flex_2_joint/i_clamp] by /roslaunch
[rosmaster.master][INFO] 2025-11-19 08:28:35,489: +PARAM [/gains/hand_middle_flex_3_joint/p] by /roslaunch
[rosmaster.master][INFO] 2025-11-19 08:28:35,489: +PARAM [/gains/hand_middle_flex_3_joint/d] by /roslaunch
[rosmaster.master][INFO] 2025-11-19 08:28:35,489: +PARAM [/gains/hand_middle_flex_3_joint/i] by /roslaunch
[rosmaster.master][INFO] 2025-11-19 08:28:35,489: +PARAM [/gains/hand_middle_flex_3_joint/i_clamp] by /roslaunch
[rosmaster.master][INFO] 2025-11-19 08:28:35,489: +PARAM [/gains/hand_ring_abd_joint/p] by /roslaunch
[rosmaster.master][INFO] 2025-11-19 08:28:35,490: +PARAM [/gains/hand_ring_abd_joint/d] by /roslaunch
[rosmaster.master][INFO] 2025-11-19 08:28:35,490: +PARAM [/gains/hand_ring_abd_joint/i] by /roslaunch
[rosmaster.master][INFO] 2025-11-19 08:28:35,490: +PARAM [/gains/hand_ring_abd_joint/i_clamp] by /roslaunch
[rosmaster.master][INFO] 2025-11-19 08:28:35,490: +PARAM [/gains/hand_ring_virtual_1_joint/p] by /roslaunch
[rosmaster.master][INFO] 2025-11-19 08:28:35,490: +PARAM [/gains/hand_ring_virtual_1_joint/d] by /roslaunch
[rosmaster.master][INFO] 2025-11-19 08:28:35,490: +PARAM [/gains/hand_ring_virtual_1_joint/i] by /roslaunch
[rosmaster.master][INFO] 2025-11-19 08:28:35,490: +PARAM [/gains/hand_ring_virtual_1_joint/i_clamp] by /roslaunch
[rosmaster.master][INFO] 2025-11-19 08:28:35,490: +PARAM [/gains/hand_ring_virtual_2_joint/p] by /roslaunch
[rosmaster.master][INFO] 2025-11-19 08:28:35,491: +PARAM [/gains/hand_ring_virtual_2_joint/d] by /roslaunch
[rosmaster.master][INFO] 2025-11-19 08:28:35,491: +PARAM [/gains/hand_ring_virtual_2_joint/i] by /roslaunch
[rosmaster.master][INFO] 2025-11-19 08:28:35,491: +PARAM [/gains/hand_ring_virtual_2_joint/i_clamp] by /roslaunch
[rosmaster.master][INFO] 2025-11-19 08:28:35,491: +PARAM [/gains/hand_ring_virtual_3_joint/p] by /roslaunch
[rosmaster.master][INFO] 2025-11-19 08:28:35,491: +PARAM [/gains/hand_ring_virtual_3_joint/d] by /roslaunch
[rosmaster.master][INFO] 2025-11-19 08:28:35,491: +PARAM [/gains/hand_ring_virtual_3_joint/i] by /roslaunch
[rosmaster.master][INFO] 2025-11-19 08:28:35,491: +PARAM [/gains/hand_ring_virtual_3_joint/i_clamp] by /roslaunch
[rosmaster.master][INFO] 2025-11-19 08:28:35,491: +PARAM [/gains/hand_ring_flex_1_joint/p] by /roslaunch
[rosmaster.master][INFO] 2025-11-19 08:28:35,492: +PARAM [/gains/hand_ring_flex_1_joint/d] by /roslaunch
[rosmaster.master][INFO] 2025-11-19 08:28:35,492: +PARAM [/gains/hand_ring_flex_1_joint/i] by /roslaunch
[rosmaster.master][INFO] 2025-11-19 08:28:35,492: +PARAM [/gains/hand_ring_flex_1_joint/i_clamp] by /roslaunch
[rosmaster.master][INFO] 2025-11-19 08:28:35,492: +PARAM [/gains/hand_ring_flex_2_joint/p] by /roslaunch
[rosmaster.master][INFO] 2025-11-19 08:28:35,492: +PARAM [/gains/hand_ring_flex_2_joint/d] by /roslaunch
[rosmaster.master][INFO] 2025-11-19 08:28:35,492: +PARAM [/gains/hand_ring_flex_2_joint/i] by /roslaunch
[rosmaster.master][INFO] 2025-11-19 08:28:35,492: +PARAM [/gains/hand_ring_flex_2_joint/i_clamp] by /roslaunch
[rosmaster.master][INFO] 2025-11-19 08:28:35,492: +PARAM [/gains/hand_ring_flex_3_joint/p] by /roslaunch
[rosmaster.master][INFO] 2025-11-19 08:28:35,492: +PARAM [/gains/hand_ring_flex_3_joint/d] by /roslaunch
[rosmaster.master][INFO] 2025-11-19 08:28:35,493: +PARAM [/gains/hand_ring_flex_3_joint/i] by /roslaunch
[rosmaster.master][INFO] 2025-11-19 08:28:35,493: +PARAM [/gains/hand_ring_flex_3_joint/i_clamp] by /roslaunch
[rosmaster.master][INFO] 2025-11-19 08:28:35,493: +PARAM [/gains/hand_thumb_abd_joint/p] by /roslaunch
[rosmaster.master][INFO] 2025-11-19 08:28:35,493: +PARAM [/gains/hand_thumb_abd_joint/d] by /roslaunch
[rosmaster.master][INFO] 2025-11-19 08:28:35,493: +PARAM [/gains/hand_thumb_abd_joint/i] by /roslaunch
[rosmaster.master][INFO] 2025-11-19 08:28:35,493: +PARAM [/gains/hand_thumb_abd_joint/i_clamp] by /roslaunch
[rosmaster.master][INFO] 2025-11-19 08:28:35,493: +PARAM [/gains/hand_thumb_virtual_1_joint/p] by /roslaunch
[rosmaster.master][INFO] 2025-11-19 08:28:35,493: +PARAM [/gains/hand_thumb_virtual_1_joint/d] by /roslaunch
[rosmaster.master][INFO] 2025-11-19 08:28:35,493: +PARAM [/gains/hand_thumb_virtual_1_joint/i] by /roslaunch
[rosmaster.master][INFO] 2025-11-19 08:28:35,494: +PARAM [/gains/hand_thumb_virtual_1_joint/i_clamp] by /roslaunch
[rosmaster.master][INFO] 2025-11-19 08:28:35,494: +PARAM [/gains/hand_thumb_virtual_2_joint/p] by /roslaunch
[rosmaster.master][INFO] 2025-11-19 08:28:35,494: +PARAM [/gains/hand_thumb_virtual_2_joint/d] by /roslaunch
[rosmaster.master][INFO] 2025-11-19 08:28:35,494: +PARAM [/gains/hand_thumb_virtual_2_joint/i] by /roslaunch
[rosmaster.master][INFO] 2025-11-19 08:28:35,494: +PARAM [/gains/hand_thumb_virtual_2_joint/i_clamp] by /roslaunch
[rosmaster.master][INFO] 2025-11-19 08:28:35,494: +PARAM [/gains/hand_thumb_virtual_3_joint/p] by /roslaunch
[rosmaster.master][INFO] 2025-11-19 08:28:35,494: +PARAM [/gains/hand_thumb_virtual_3_joint/d] by /roslaunch
[rosmaster.master][INFO] 2025-11-19 08:28:35,494: +PARAM [/gains/hand_thumb_virtual_3_joint/i] by /roslaunch
[rosmaster.master][INFO] 2025-11-19 08:28:35,494: +PARAM [/gains/hand_thumb_virtual_3_joint/i_clamp] by /roslaunch
[rosmaster.master][INFO] 2025-11-19 08:28:35,494: +PARAM [/gains/hand_thumb_flex_1_joint/p] by /roslaunch
[rosmaster.master][INFO] 2025-11-19 08:28:35,494: +PARAM [/gains/hand_thumb_flex_1_joint/d] by /roslaunch
[rosmaster.master][INFO] 2025-11-19 08:28:35,495: +PARAM [/gains/hand_thumb_flex_1_joint/i] by /roslaunch
[rosmaster.master][INFO] 2025-11-19 08:28:35,495: +PARAM [/gains/hand_thumb_flex_1_joint/i_clamp] by /roslaunch
[rosmaster.master][INFO] 2025-11-19 08:28:35,495: +PARAM [/gains/hand_thumb_flex_2_joint/p] by /roslaunch
[rosmaster.master][INFO] 2025-11-19 08:28:35,495: +PARAM [/gains/hand_thumb_flex_2_joint/d] by /roslaunch
[rosmaster.master][INFO] 2025-11-19 08:28:35,495: +PARAM [/gains/hand_thumb_flex_2_joint/i] by /roslaunch
[rosmaster.master][INFO] 2025-11-19 08:28:35,495: +PARAM [/gains/hand_thumb_flex_2_joint/i_clamp] by /roslaunch
[rosmaster.master][INFO] 2025-11-19 08:28:35,495: +PARAM [/gains/hand_thumb_flex_3_joint/p] by /roslaunch
[rosmaster.master][INFO] 2025-11-19 08:28:35,495: +PARAM [/gains/hand_thumb_flex_3_joint/d] by /roslaunch
[rosmaster.master][INFO] 2025-11-19 08:28:35,495: +PARAM [/gains/hand_thumb_flex_3_joint/i] by /roslaunch
[rosmaster.master][INFO] 2025-11-19 08:28:35,495: +PARAM [/gains/hand_thumb_flex_3_joint/i_clamp] by /roslaunch
[rosmaster.master][INFO] 2025-11-19 08:28:35,495: +PARAM [/gains/gripper_left_finger_joint/p] by /roslaunch
[rosmaster.master][INFO] 2025-11-19 08:28:35,496: +PARAM [/gains/gripper_left_finger_joint/d] by /roslaunch
[rosmaster.master][INFO] 2025-11-19 08:28:35,496: +PARAM [/gains/gripper_left_finger_joint/i] by /roslaunch
[rosmaster.master][INFO] 2025-11-19 08:28:35,496: +PARAM [/gains/gripper_left_finger_joint/p_gain] by /roslaunch
[rosmaster.master][INFO] 2025-11-19 08:28:35,496: +PARAM [/gains/gripper_right_finger_joint/p] by /roslaunch
[rosmaster.master][INFO] 2025-11-19 08:28:35,496: +PARAM [/gains/gripper_right_finger_joint/d] by /roslaunch
[rosmaster.master][INFO] 2025-11-19 08:28:35,496: +PARAM [/gains/gripper_right_finger_joint/i] by /roslaunch
[rosmaster.master][INFO] 2025-11-19 08:28:35,496: +PARAM [/gains/gripper_right_finger_joint/p_gain] by /roslaunch
[rosmaster.master][INFO] 2025-11-19 08:28:35,496: +PARAM [/gains/gripper_finger_joint/p] by /roslaunch
[rosmaster.master][INFO] 2025-11-19 08:28:35,496: +PARAM [/gains/gripper_finger_joint/d] by /roslaunch
[rosmaster.master][INFO] 2025-11-19 08:28:35,496: +PARAM [/gains/gripper_finger_joint/i] by /roslaunch
[rosmaster.master][INFO] 2025-11-19 08:28:35,496: +PARAM [/gains/gripper_finger_joint/p_gain] by /roslaunch
[rosmaster.master][INFO] 2025-11-19 08:28:35,497: +PARAM [/gains/FFJ4/p] by /roslaunch
[rosmaster.master][INFO] 2025-11-19 08:28:35,497: +PARAM [/gains/FFJ4/d] by /roslaunch
[rosmaster.master][INFO] 2025-11-19 08:28:35,497: +PARAM [/gains/FFJ4/i] by /roslaunch
[rosmaster.master][INFO] 2025-11-19 08:28:35,497: +PARAM [/gains/FFJ3/p] by /roslaunch
[rosmaster.master][INFO] 2025-11-19 08:28:35,497: +PARAM [/gains/FFJ3/d] by /roslaunch
[rosmaster.master][INFO] 2025-11-19 08:28:35,497: +PARAM [/gains/FFJ3/i] by /roslaunch
[rosmaster.master][INFO] 2025-11-19 08:28:35,497: +PARAM [/gains/FFJ2/p] by /roslaunch
[rosmaster.master][INFO] 2025-11-19 08:28:35,497: +PARAM [/gains/FFJ2/d] by /roslaunch
[rosmaster.master][INFO] 2025-11-19 08:28:35,497: +PARAM [/gains/FFJ2/i] by /roslaunch
[rosmaster.master][INFO] 2025-11-19 08:28:35,497: +PARAM [/gains/FFJ1/p] by /roslaunch
[rosmaster.master][INFO] 2025-11-19 08:28:35,497: +PARAM [/gains/FFJ1/d] by /roslaunch
[rosmaster.master][INFO] 2025-11-19 08:28:35,498: +PARAM [/gains/FFJ1/i] by /roslaunch
[rosmaster.master][INFO] 2025-11-19 08:28:35,498: +PARAM [/gains/MFJ4/p] by /roslaunch
[rosmaster.master][INFO] 2025-11-19 08:28:35,498: +PARAM [/gains/MFJ4/d] by /roslaunch
[rosmaster.master][INFO] 2025-11-19 08:28:35,498: +PARAM [/gains/MFJ4/i] by /roslaunch
[rosmaster.master][INFO] 2025-11-19 08:28:35,498: +PARAM [/gains/MFJ3/p] by /roslaunch
[rosmaster.master][INFO] 2025-11-19 08:28:35,498: +PARAM [/gains/MFJ3/d] by /roslaunch
[rosmaster.master][INFO] 2025-11-19 08:28:35,498: +PARAM [/gains/MFJ3/i] by /roslaunch
[rosmaster.master][INFO] 2025-11-19 08:28:35,498: +PARAM [/gains/MFJ2/p] by /roslaunch
[rosmaster.master][INFO] 2025-11-19 08:28:35,498: +PARAM [/gains/MFJ2/d] by /roslaunch
[rosmaster.master][INFO] 2025-11-19 08:28:35,498: +PARAM [/gains/MFJ2/i] by /roslaunch
[rosmaster.master][INFO] 2025-11-19 08:28:35,498: +PARAM [/gains/MFJ1/p] by /roslaunch
[rosmaster.master][INFO] 2025-11-19 08:28:35,498: +PARAM [/gains/MFJ1/d] by /roslaunch
[rosmaster.master][INFO] 2025-11-19 08:28:35,499: +PARAM [/gains/MFJ1/i] by /roslaunch
[rosmaster.master][INFO] 2025-11-19 08:28:35,499: +PARAM [/gains/RFJ4/p] by /roslaunch
[rosmaster.master][INFO] 2025-11-19 08:28:35,499: +PARAM [/gains/RFJ4/d] by /roslaunch
[rosmaster.master][INFO] 2025-11-19 08:28:35,499: +PARAM [/gains/RFJ4/i] by /roslaunch
[rosmaster.master][INFO] 2025-11-19 08:28:35,499: +PARAM [/gains/RFJ3/p] by /roslaunch
[rosmaster.master][INFO] 2025-11-19 08:28:35,499: +PARAM [/gains/RFJ3/d] by /roslaunch
[rosmaster.master][INFO] 2025-11-19 08:28:35,499: +PARAM [/gains/RFJ3/i] by /roslaunch
[rosmaster.master][INFO] 2025-11-19 08:28:35,499: +PARAM [/gains/RFJ2/p] by /roslaunch
[rosmaster.master][INFO] 2025-11-19 08:28:35,499: +PARAM [/gains/RFJ2/d] by /roslaunch
[rosmaster.master][INFO] 2025-11-19 08:28:35,499: +PARAM [/gains/RFJ2/i] by /roslaunch
[rosmaster.master][INFO] 2025-11-19 08:28:35,499: +PARAM [/gains/RFJ1/p] by /roslaunch
[rosmaster.master][INFO] 2025-11-19 08:28:35,499: +PARAM [/gains/RFJ1/d] by /roslaunch
[rosmaster.master][INFO] 2025-11-19 08:28:35,499: +PARAM [/gains/RFJ1/i] by /roslaunch
[rosmaster.master][INFO] 2025-11-19 08:28:35,499: +PARAM [/gains/THJ5/p] by /roslaunch
[rosmaster.master][INFO] 2025-11-19 08:28:35,500: +PARAM [/gains/THJ5/d] by /roslaunch
[rosmaster.master][INFO] 2025-11-19 08:28:35,500: +PARAM [/gains/THJ5/i] by /roslaunch
[rosmaster.master][INFO] 2025-11-19 08:28:35,500: +PARAM [/gains/THJ4/p] by /roslaunch
[rosmaster.master][INFO] 2025-11-19 08:28:35,500: +PARAM [/gains/THJ4/d] by /roslaunch
[rosmaster.master][INFO] 2025-11-19 08:28:35,500: +PARAM [/gains/THJ4/i] by /roslaunch
[rosmaster.master][INFO] 2025-11-19 08:28:35,500: +PARAM [/gains/THJ2/p] by /roslaunch
[rosmaster.master][INFO] 2025-11-19 08:28:35,500: +PARAM [/gains/THJ2/d] by /roslaunch
[rosmaster.master][INFO] 2025-11-19 08:28:35,500: +PARAM [/gains/THJ2/i] by /roslaunch
[rosmaster.master][INFO] 2025-11-19 08:28:35,500: +PARAM [/gains/THJ1/p] by /roslaunch
[rosmaster.master][INFO] 2025-11-19 08:28:35,500: +PARAM [/gains/THJ1/d] by /roslaunch
[rosmaster.master][INFO] 2025-11-19 08:28:35,500: +PARAM [/gains/THJ1/i] by /roslaunch
[rosmaster.master][INFO] 2025-11-19 08:28:35,500: +PARAM [/velocity/pid_gains/wheel_right_joint/p] by /roslaunch
[rosmaster.master][INFO] 2025-11-19 08:28:35,501: +PARAM [/velocity/pid_gains/wheel_right_joint/d] by /roslaunch
[rosmaster.master][INFO] 2025-11-19 08:28:35,501: +PARAM [/velocity/pid_gains/wheel_right_joint/i] by /roslaunch
[rosmaster.master][INFO] 2025-11-19 08:28:35,501: +PARAM [/velocity/pid_gains/wheel_right_joint/i_clamp] by /roslaunch
[rosmaster.master][INFO] 2025-11-19 08:28:35,501: +PARAM [/velocity/pid_gains/wheel_left_joint/p] by /roslaunch
[rosmaster.master][INFO] 2025-11-19 08:28:35,501: +PARAM [/velocity/pid_gains/wheel_left_joint/d] by /roslaunch
[rosmaster.master][INFO] 2025-11-19 08:28:35,501: +PARAM [/velocity/pid_gains/wheel_left_joint/i] by /roslaunch
[rosmaster.master][INFO] 2025-11-19 08:28:35,501: +PARAM [/velocity/pid_gains/wheel_left_joint/i_clamp] by /roslaunch
[rosmaster.master][INFO] 2025-11-19 08:28:35,501: +PARAM [/velocity/pid_gains/caster_front_right_1_joint/p] by /roslaunch
[rosmaster.master][INFO] 2025-11-19 08:28:35,501: +PARAM [/velocity/pid_gains/caster_front_right_1_joint/d] by /roslaunch
[rosmaster.master][INFO] 2025-11-19 08:28:35,501: +PARAM [/velocity/pid_gains/caster_front_right_1_joint/i] by /roslaunch
[rosmaster.master][INFO] 2025-11-19 08:28:35,501: +PARAM [/velocity/pid_gains/caster_front_right_1_joint/i_clamp] by /roslaunch
[rosmaster.master][INFO] 2025-11-19 08:28:35,501: +PARAM [/velocity/pid_gains/caster_front_right_2_joint/p] by /roslaunch
[rosmaster.master][INFO] 2025-11-19 08:28:35,502: +PARAM [/velocity/pid_gains/caster_front_right_2_joint/d] by /roslaunch
[rosmaster.master][INFO] 2025-11-19 08:28:35,502: +PARAM [/velocity/pid_gains/caster_front_right_2_joint/i] by /roslaunch
[rosmaster.master][INFO] 2025-11-19 08:28:35,502: +PARAM [/velocity/pid_gains/caster_front_right_2_joint/i_clamp] by /roslaunch
[rosmaster.master][INFO] 2025-11-19 08:28:35,502: +PARAM [/velocity/pid_gains/caster_front_left_1_joint/p] by /roslaunch
[rosmaster.master][INFO] 2025-11-19 08:28:35,502: +PARAM [/velocity/pid_gains/caster_front_left_1_joint/d] by /roslaunch
[rosmaster.master][INFO] 2025-11-19 08:28:35,502: +PARAM [/velocity/pid_gains/caster_front_left_1_joint/i] by /roslaunch
[rosmaster.master][INFO] 2025-11-19 08:28:35,502: +PARAM [/velocity/pid_gains/caster_front_left_1_joint/i_clamp] by /roslaunch
[rosmaster.master][INFO] 2025-11-19 08:28:35,502: +PARAM [/velocity/pid_gains/caster_front_left_2_joint/p] by /roslaunch
[rosmaster.master][INFO] 2025-11-19 08:28:35,502: +PARAM [/velocity/pid_gains/caster_front_left_2_joint/d] by /roslaunch
[rosmaster.master][INFO] 2025-11-19 08:28:35,502: +PARAM [/velocity/pid_gains/caster_front_left_2_joint/i] by /roslaunch
[rosmaster.master][INFO] 2025-11-19 08:28:35,502: +PARAM [/velocity/pid_gains/caster_front_left_2_joint/i_clamp] by /roslaunch
[rosmaster.master][INFO] 2025-11-19 08:28:35,502: +PARAM [/velocity/pid_gains/caster_back_right_1_joint/p] by /roslaunch
[rosmaster.master][INFO] 2025-11-19 08:28:35,502: +PARAM [/velocity/pid_gains/caster_back_right_1_joint/d] by /roslaunch
[rosmaster.master][INFO] 2025-11-19 08:28:35,503: +PARAM [/velocity/pid_gains/caster_back_right_1_joint/i] by /roslaunch
[rosmaster.master][INFO] 2025-11-19 08:28:35,503: +PARAM [/velocity/pid_gains/caster_back_right_1_joint/i_clamp] by /roslaunch
[rosmaster.master][INFO] 2025-11-19 08:28:35,503: +PARAM [/velocity/pid_gains/caster_back_right_2_joint/p] by /roslaunch
[rosmaster.master][INFO] 2025-11-19 08:28:35,503: +PARAM [/velocity/pid_gains/caster_back_right_2_joint/d] by /roslaunch
[rosmaster.master][INFO] 2025-11-19 08:28:35,503: +PARAM [/velocity/pid_gains/caster_back_right_2_joint/i] by /roslaunch
[rosmaster.master][INFO] 2025-11-19 08:28:35,503: +PARAM [/velocity/pid_gains/caster_back_right_2_joint/i_clamp] by /roslaunch
[rosmaster.master][INFO] 2025-11-19 08:28:35,503: +PARAM [/velocity/pid_gains/caster_back_left_1_joint/p] by /roslaunch
[rosmaster.master][INFO] 2025-11-19 08:28:35,503: +PARAM [/velocity/pid_gains/caster_back_left_1_joint/d] by /roslaunch
[rosmaster.master][INFO] 2025-11-19 08:28:35,503: +PARAM [/velocity/pid_gains/caster_back_left_1_joint/i] by /roslaunch
[rosmaster.master][INFO] 2025-11-19 08:28:35,503: +PARAM [/velocity/pid_gains/caster_back_left_1_joint/i_clamp] by /roslaunch
[rosmaster.master][INFO] 2025-11-19 08:28:35,503: +PARAM [/velocity/pid_gains/caster_back_left_2_joint/p] by /roslaunch
[rosmaster.master][INFO] 2025-11-19 08:28:35,503: +PARAM [/velocity/pid_gains/caster_back_left_2_joint/d] by /roslaunch
[rosmaster.master][INFO] 2025-11-19 08:28:35,503: +PARAM [/velocity/pid_gains/caster_back_left_2_joint/i] by /roslaunch
[rosmaster.master][INFO] 2025-11-19 08:28:35,503: +PARAM [/velocity/pid_gains/caster_back_left_2_joint/i_clamp] by /roslaunch
[rosmaster.master][INFO] 2025-11-19 08:28:35,503: +PARAM [/force_torque/wrist_ft/sensor_joint] by /roslaunch
[rosmaster.master][INFO] 2025-11-19 08:28:35,504: +PARAM [/force_torque/wrist_ft/frame] by /roslaunch
[rosmaster.master][INFO] 2025-11-19 08:28:35,504: +PARAM [/imu/base_imu/frame] by /roslaunch
[rosmaster.master][INFO] 2025-11-19 08:28:35,504: +PARAM [/imu/base_imu/gazebo_sensor_name] by /roslaunch
[rosmaster.master][INFO] 2025-11-19 08:28:35,504: +PARAM [/robot_description] by /roslaunch
[rosmaster.master][INFO] 2025-11-19 08:28:35,504: +PARAM [/collision_model_parameters/padding] by /roslaunch
[rosmaster.master][INFO] 2025-11-19 08:28:35,504: +PARAM [/collision_model_parameters/links_with_padding] by /roslaunch
[rosmaster.master][INFO] 2025-11-19 08:28:35,504: +PARAM [/collision_model_parameters/blacklist/default] by /roslaunch
[rosmaster.master][INFO] 2025-11-19 08:28:35,504: +PARAM [/mobile_base_controller/type] by /roslaunch
[rosmaster.master][INFO] 2025-11-19 08:28:35,504: +PARAM [/mobile_base_controller/left_front_wheel] by /roslaunch
[rosmaster.master][INFO] 2025-11-19 08:28:35,504: +PARAM [/mobile_base_controller/left_back_wheel] by /roslaunch
[rosmaster.master][INFO] 2025-11-19 08:28:35,504: +PARAM [/mobile_base_controller/right_front_wheel] by /roslaunch
[rosmaster.master][INFO] 2025-11-19 08:28:35,504: +PARAM [/mobile_base_controller/right_back_wheel] by /roslaunch
[rosmaster.master][INFO] 2025-11-19 08:28:35,504: +PARAM [/mobile_base_controller/publish_rate] by /roslaunch
[rosmaster.master][INFO] 2025-11-19 08:28:35,504: +PARAM [/mobile_base_controller/pose_covariance_diagonal] by /roslaunch
[rosmaster.master][INFO] 2025-11-19 08:28:35,504: +PARAM [/mobile_base_controller/twist_covariance_diagonal] by /roslaunch
[rosmaster.master][INFO] 2025-11-19 08:28:35,504: +PARAM [/mobile_base_controller/enable_pose_covariance_update] by /roslaunch
[rosmaster.master][INFO] 2025-11-19 08:28:35,505: +PARAM [/mobile_base_controller/error_constant_left] by /roslaunch
[rosmaster.master][INFO] 2025-11-19 08:28:35,505: +PARAM [/mobile_base_controller/error_constant_right] by /roslaunch
[rosmaster.master][INFO] 2025-11-19 08:28:35,505: +PARAM [/mobile_base_controller/cmd_vel_timeout] by /roslaunch
[rosmaster.master][INFO] 2025-11-19 08:28:35,505: +PARAM [/mobile_base_controller/base_frame_id] by /roslaunch
[rosmaster.master][INFO] 2025-11-19 08:28:35,505: +PARAM [/mobile_base_controller/odom_frame_id] by /roslaunch
[rosmaster.master][INFO] 2025-11-19 08:28:35,506: +PARAM [/mobile_base_controller/preserve_turning_radius] by /roslaunch
[rosmaster.master][INFO] 2025-11-19 08:28:35,506: +PARAM [/mobile_base_controller/publish_cmd] by /roslaunch
[rosmaster.master][INFO] 2025-11-19 08:28:35,506: +PARAM [/mobile_base_controller/publish_wheel_data] by /roslaunch
[rosmaster.master][INFO] 2025-11-19 08:28:35,506: +PARAM [/mobile_base_controller/linear/x/has_velocity_limits] by /roslaunch
[rosmaster.master][INFO] 2025-11-19 08:28:35,507: +PARAM [/mobile_base_controller/linear/x/max_velocity] by /roslaunch
[rosmaster.master][INFO] 2025-11-19 08:28:35,507: +PARAM [/mobile_base_controller/linear/x/min_velocity] by /roslaunch
[rosmaster.master][INFO] 2025-11-19 08:28:35,507: +PARAM [/mobile_base_controller/linear/x/has_acceleration_limits] by /roslaunch
[rosmaster.master][INFO] 2025-11-19 08:28:35,507: +PARAM [/mobile_base_controller/linear/x/max_acceleration] by /roslaunch
[rosmaster.master][INFO] 2025-11-19 08:28:35,508: +PARAM [/mobile_base_controller/linear/x/has_jerk_limits] by /roslaunch
[rosmaster.master][INFO] 2025-11-19 08:28:35,508: +PARAM [/mobile_base_controller/linear/x/max_jerk] by /roslaunch
[rosmaster.master][INFO] 2025-11-19 08:28:35,508: +PARAM [/mobile_base_controller/linear/y/has_velocity_limits] by /roslaunch
[rosmaster.master][INFO] 2025-11-19 08:28:35,508: +PARAM [/mobile_base_controller/linear/y/max_velocity] by /roslaunch
[rosmaster.master][INFO] 2025-11-19 08:28:35,509: +PARAM [/mobile_base_controller/linear/y/min_velocity] by /roslaunch
[rosmaster.master][INFO] 2025-11-19 08:28:35,509: +PARAM [/mobile_base_controller/linear/y/has_acceleration_limits] by /roslaunch
[rosmaster.master][INFO] 2025-11-19 08:28:35,509: +PARAM [/mobile_base_controller/linear/y/max_acceleration] by /roslaunch
[rosmaster.master][INFO] 2025-11-19 08:28:35,509: +PARAM [/mobile_base_controller/linear/y/has_jerk_limits] by /roslaunch
[rosmaster.master][INFO] 2025-11-19 08:28:35,510: +PARAM [/mobile_base_controller/linear/y/max_jerk] by /roslaunch
[rosmaster.master][INFO] 2025-11-19 08:28:35,510: +PARAM [/mobile_base_controller/angular/z/has_velocity_limits] by /roslaunch
[rosmaster.master][INFO] 2025-11-19 08:28:35,510: +PARAM [/mobile_base_controller/angular/z/max_velocity] by /roslaunch
[rosmaster.master][INFO] 2025-11-19 08:28:35,510: +PARAM [/mobile_base_controller/angular/z/has_acceleration_limits] by /roslaunch
[rosmaster.master][INFO] 2025-11-19 08:28:35,511: +PARAM [/mobile_base_controller/angular/z/max_acceleration] by /roslaunch
[rosmaster.master][INFO] 2025-11-19 08:28:35,511: +PARAM [/mobile_base_controller/angular/z/has_jerk_limits] by /roslaunch
[rosmaster.master][INFO] 2025-11-19 08:28:35,511: +PARAM [/mobile_base_controller/angular/z/max_jerk] by /roslaunch
[rosmaster.master][INFO] 2025-11-19 08:28:35,511: +PARAM [/mobile_base_controller/space/xy/max_velocity] by /roslaunch
[rosmaster.master][INFO] 2025-11-19 08:28:35,512: +PARAM [/mobile_base_controller/space/xz/max_velocity] by /roslaunch
[rosmaster.master][INFO] 2025-11-19 08:28:35,512: +PARAM [/mobile_base_controller/space/xyz/max_velocity] by /roslaunch
[rosmaster.master][INFO] 2025-11-19 08:28:35,512: +PARAM [/torso_controller/type] by /roslaunch
[rosmaster.master][INFO] 2025-11-19 08:28:35,512: +PARAM [/torso_controller/joints] by /roslaunch
[rosmaster.master][INFO] 2025-11-19 08:28:35,512: +PARAM [/torso_controller/constraints/goal_time] by /roslaunch
[rosmaster.master][INFO] 2025-11-19 08:28:35,513: +PARAM [/torso_controller/constraints/stopped_velocity_tolerance] by /roslaunch
[rosmaster.master][INFO] 2025-11-19 08:28:35,513: +PARAM [/torso_controller/constraints/torso_lift_joint/goal] by /roslaunch
[rosmaster.master][INFO] 2025-11-19 08:28:35,513: +PARAM [/head_controller/type] by /roslaunch
[rosmaster.master][INFO] 2025-11-19 08:28:35,513: +PARAM [/head_controller/joints] by /roslaunch
[rosmaster.master][INFO] 2025-11-19 08:28:35,514: +PARAM [/head_controller/constraints/goal_time] by /roslaunch
[rosmaster.master][INFO] 2025-11-19 08:28:35,514: +PARAM [/head_controller/constraints/stopped_velocity_tolerance] by /roslaunch
[rosmaster.master][INFO] 2025-11-19 08:28:35,514: +PARAM [/head_controller/constraints/head_1_joint/goal] by /roslaunch
[rosmaster.master][INFO] 2025-11-19 08:28:35,514: +PARAM [/head_controller/constraints/head_2_joint/goal] by /roslaunch
[rosmaster.master][INFO] 2025-11-19 08:28:35,515: +PARAM [/arm_controller/type] by /roslaunch
[rosmaster.master][INFO] 2025-11-19 08:28:35,515: +PARAM [/arm_controller/joints] by /roslaunch
[rosmaster.master][INFO] 2025-11-19 08:28:35,515: +PARAM [/arm_controller/constraints/goal_time] by /roslaunch
[rosmaster.master][INFO] 2025-11-19 08:28:35,515: +PARAM [/arm_controller/constraints/stopped_velocity_tolerance] by /roslaunch
[rosmaster.master][INFO] 2025-11-19 08:28:35,515: +PARAM [/arm_controller/constraints/arm_1_joint/goal] by /roslaunch
[rosmaster.master][INFO] 2025-11-19 08:28:35,515: +PARAM [/arm_controller/constraints/arm_2_joint/goal] by /roslaunch
[rosmaster.master][INFO] 2025-11-19 08:28:35,515: +PARAM [/arm_controller/constraints/arm_3_joint/goal] by /roslaunch
[rosmaster.master][INFO] 2025-11-19 08:28:35,516: +PARAM [/arm_controller/constraints/arm_4_joint/goal] by /roslaunch
[rosmaster.master][INFO] 2025-11-19 08:28:35,516: +PARAM [/arm_controller/constraints/arm_5_joint/goal] by /roslaunch
[rosmaster.master][INFO] 2025-11-19 08:28:35,516: +PARAM [/arm_controller/constraints/arm_6_joint/goal] by /roslaunch
[rosmaster.master][INFO] 2025-11-19 08:28:35,516: +PARAM [/arm_controller/constraints/arm_7_joint/goal] by /roslaunch
[rosmaster.master][INFO] 2025-11-19 08:28:35,516: +PARAM [/joint_state_controller/type] by /roslaunch
[rosmaster.master][INFO] 2025-11-19 08:28:35,516: +PARAM [/joint_state_controller/publish_rate] by /roslaunch
[rosmaster.master][INFO] 2025-11-19 08:28:35,516: +PARAM [/head_controller/point_head_action/pan_link] by /roslaunch
[rosmaster.master][INFO] 2025-11-19 08:28:35,516: +PARAM [/head_controller/point_head_action/tilt_link] by /roslaunch
[rosmaster.master][INFO] 2025-11-19 08:28:35,516: +PARAM [/head_controller/point_head_action/success_angle_threshold] by /roslaunch
[rosmaster.master][INFO] 2025-11-19 08:28:35,517: +PARAM [/imu_sensor_controller/type] by /roslaunch
[rosmaster.master][INFO] 2025-11-19 08:28:35,517: +PARAM [/imu_sensor_controller/publish_rate] by /roslaunch
[rosmaster.master][INFO] 2025-11-19 08:28:35,517: +PARAM [/force_torque_sensor_controller/type] by /roslaunch
[rosmaster.master][INFO] 2025-11-19 08:28:35,517: +PARAM [/force_torque_sensor_controller/publish_rate] by /roslaunch
[rosmaster.master][INFO] 2025-11-19 08:28:35,517: +PARAM [/gripper_controller/type] by /roslaunch
[rosmaster.master][INFO] 2025-11-19 08:28:35,517: +PARAM [/gripper_controller/joints] by /roslaunch
[rosmaster.master][INFO] 2025-11-19 08:28:35,517: +PARAM [/gripper_controller/constraints/goal_time] by /roslaunch
[rosmaster.master][INFO] 2025-11-19 08:28:35,517: +PARAM [/gripper_controller/constraints/stopped_velocity_tolerance] by /roslaunch
[rosmaster.master][INFO] 2025-11-19 08:28:35,518: +PARAM [/gripper_controller/constraints/gripper_right_finger_joint/goal] by /roslaunch
[rosmaster.master][INFO] 2025-11-19 08:28:35,518: +PARAM [/gripper_controller/constraints/gripper_left_finger_joint/goal] by /roslaunch
[rosmaster.master][INFO] 2025-11-19 08:28:35,518: +PARAM [/home_gripper/suffix] by /roslaunch
[rosmaster.master][INFO] 2025-11-19 08:28:35,518: +PARAM [/play_motion/controllers] by /roslaunch
[rosmaster.master][INFO] 2025-11-19 08:28:35,518: +PARAM [/play_motion/motions/home/joints] by /roslaunch
[rosmaster.master][INFO] 2025-11-19 08:28:35,518: +PARAM [/play_motion/motions/home/points] by /roslaunch
[rosmaster.master][INFO] 2025-11-19 08:28:35,518: +PARAM [/play_motion/motions/home/meta/name] by /roslaunch
[rosmaster.master][INFO] 2025-11-19 08:28:35,518: +PARAM [/play_motion/motions/home/meta/usage] by /roslaunch
[rosmaster.master][INFO] 2025-11-19 08:28:35,518: +PARAM [/play_motion/motions/home/meta/description] by /roslaunch
[rosmaster.master][INFO] 2025-11-19 08:28:35,518: +PARAM [/play_motion/motions/unfold_arm/joints] by /roslaunch
[rosmaster.master][INFO] 2025-11-19 08:28:35,519: +PARAM [/play_motion/motions/unfold_arm/points] by /roslaunch
[rosmaster.master][INFO] 2025-11-19 08:28:35,519: +PARAM [/play_motion/motions/unfold_arm/meta/name] by /roslaunch
[rosmaster.master][INFO] 2025-11-19 08:28:35,519: +PARAM [/play_motion/motions/unfold_arm/meta/usage] by /roslaunch
[rosmaster.master][INFO] 2025-11-19 08:28:35,519: +PARAM [/play_motion/motions/unfold_arm/meta/description] by /roslaunch
[rosmaster.master][INFO] 2025-11-19 08:28:35,519: +PARAM [/play_motion/motions/reach_floor/joints] by /roslaunch
[rosmaster.master][INFO] 2025-11-19 08:28:35,519: +PARAM [/play_motion/motions/reach_floor/points] by /roslaunch
[rosmaster.master][INFO] 2025-11-19 08:28:35,519: +PARAM [/play_motion/motions/reach_floor/meta/name] by /roslaunch
[rosmaster.master][INFO] 2025-11-19 08:28:35,519: +PARAM [/play_motion/motions/reach_floor/meta/usage] by /roslaunch
[rosmaster.master][INFO] 2025-11-19 08:28:35,519: +PARAM [/play_motion/motions/reach_floor/meta/description] by /roslaunch
[rosmaster.master][INFO] 2025-11-19 08:28:35,519: +PARAM [/play_motion/motions/reach_max/joints] by /roslaunch
[rosmaster.master][INFO] 2025-11-19 08:28:35,519: +PARAM [/play_motion/motions/reach_max/points] by /roslaunch
[rosmaster.master][INFO] 2025-11-19 08:28:35,520: +PARAM [/play_motion/motions/reach_max/meta/name] by /roslaunch
[rosmaster.master][INFO] 2025-11-19 08:28:35,520: +PARAM [/play_motion/motions/reach_max/meta/usage] by /roslaunch
[rosmaster.master][INFO] 2025-11-19 08:28:35,520: +PARAM [/play_motion/motions/reach_max/meta/description] by /roslaunch
[rosmaster.master][INFO] 2025-11-19 08:28:35,520: +PARAM [/play_motion/motions/prepare_grasp/joints] by /roslaunch
[rosmaster.master][INFO] 2025-11-19 08:28:35,520: +PARAM [/play_motion/motions/prepare_grasp/points] by /roslaunch
[rosmaster.master][INFO] 2025-11-19 08:28:35,520: +PARAM [/play_motion/motions/prepare_grasp/meta/name] by /roslaunch
[rosmaster.master][INFO] 2025-11-19 08:28:35,520: +PARAM [/play_motion/motions/prepare_grasp/meta/usage] by /roslaunch
[rosmaster.master][INFO] 2025-11-19 08:28:35,520: +PARAM [/play_motion/motions/prepare_grasp/meta/description] by /roslaunch
[rosmaster.master][INFO] 2025-11-19 08:28:35,520: +PARAM [/play_motion/motions/inspect_surroundings/joints] by /roslaunch
[rosmaster.master][INFO] 2025-11-19 08:28:35,520: +PARAM [/play_motion/motions/inspect_surroundings/points] by /roslaunch
[rosmaster.master][INFO] 2025-11-19 08:28:35,520: +PARAM [/play_motion/motions/inspect_surroundings/meta/name] by /roslaunch
[rosmaster.master][INFO] 2025-11-19 08:28:35,521: +PARAM [/play_motion/motions/inspect_surroundings/meta/usage] by /roslaunch
[rosmaster.master][INFO] 2025-11-19 08:28:35,521: +PARAM [/play_motion/motions/inspect_surroundings/meta/description] by /roslaunch
[rosmaster.master][INFO] 2025-11-19 08:28:35,521: +PARAM [/play_motion/motions/close_gripper/joints] by /roslaunch
[rosmaster.master][INFO] 2025-11-19 08:28:35,521: +PARAM [/play_motion/motions/close_gripper/points] by /roslaunch
[rosmaster.master][INFO] 2025-11-19 08:28:35,521: +PARAM [/play_motion/motions/close/joints] by /roslaunch
[rosmaster.master][INFO] 2025-11-19 08:28:35,521: +PARAM [/play_motion/motions/close/points] by /roslaunch
[rosmaster.master][INFO] 2025-11-19 08:28:35,521: +PARAM [/play_motion/motions/close/meta/name] by /roslaunch
[rosmaster.master][INFO] 2025-11-19 08:28:35,521: +PARAM [/play_motion/motions/close/meta/usage] by /roslaunch
[rosmaster.master][INFO] 2025-11-19 08:28:35,521: +PARAM [/play_motion/motions/close/meta/description] by /roslaunch
[rosmaster.master][INFO] 2025-11-19 08:28:35,521: +PARAM [/play_motion/motions/close_gripper_half/joints] by /roslaunch
[rosmaster.master][INFO] 2025-11-19 08:28:35,522: +PARAM [/play_motion/motions/close_gripper_half/points] by /roslaunch
[rosmaster.master][INFO] 2025-11-19 08:28:35,522: +PARAM [/play_motion/motions/close_half/joints] by /roslaunch
[rosmaster.master][INFO] 2025-11-19 08:28:35,522: +PARAM [/play_motion/motions/close_half/points] by /roslaunch
[rosmaster.master][INFO] 2025-11-19 08:28:35,522: +PARAM [/play_motion/motions/close_half/meta/name] by /roslaunch
[rosmaster.master][INFO] 2025-11-19 08:28:35,522: +PARAM [/play_motion/motions/close_half/meta/usage] by /roslaunch
[rosmaster.master][INFO] 2025-11-19 08:28:35,522: +PARAM [/play_motion/motions/close_half/meta/description] by /roslaunch
[rosmaster.master][INFO] 2025-11-19 08:28:35,522: +PARAM [/play_motion/motions/open_gripper/joints] by /roslaunch
[rosmaster.master][INFO] 2025-11-19 08:28:35,522: +PARAM [/play_motion/motions/open_gripper/points] by /roslaunch
[rosmaster.master][INFO] 2025-11-19 08:28:35,522: +PARAM [/play_motion/motions/open/joints] by /roslaunch
[rosmaster.master][INFO] 2025-11-19 08:28:35,522: +PARAM [/play_motion/motions/open/points] by /roslaunch
[rosmaster.master][INFO] 2025-11-19 08:28:35,523: +PARAM [/play_motion/motions/open/meta/name] by /roslaunch
[rosmaster.master][INFO] 2025-11-19 08:28:35,523: +PARAM [/play_motion/motions/open/meta/usage] by /roslaunch
[rosmaster.master][INFO] 2025-11-19 08:28:35,523: +PARAM [/play_motion/motions/open/meta/description] by /roslaunch
[rosmaster.master][INFO] 2025-11-19 08:28:35,523: +PARAM [/play_motion/motions/point/joints] by /roslaunch
[rosmaster.master][INFO] 2025-11-19 08:28:35,523: +PARAM [/play_motion/motions/point/points] by /roslaunch
[rosmaster.master][INFO] 2025-11-19 08:28:35,523: +PARAM [/play_motion/motions/point/meta/name] by /roslaunch
[rosmaster.master][INFO] 2025-11-19 08:28:35,523: +PARAM [/play_motion/motions/point/meta/usage] by /roslaunch
[rosmaster.master][INFO] 2025-11-19 08:28:35,523: +PARAM [/play_motion/motions/point/meta/description] by /roslaunch
[rosmaster.master][INFO] 2025-11-19 08:28:35,523: +PARAM [/play_motion/motions/wave/joints] by /roslaunch
[rosmaster.master][INFO] 2025-11-19 08:28:35,523: +PARAM [/play_motion/motions/wave/points] by /roslaunch
[rosmaster.master][INFO] 2025-11-19 08:28:35,523: +PARAM [/play_motion/motions/wave/meta/name] by /roslaunch
[rosmaster.master][INFO] 2025-11-19 08:28:35,523: +PARAM [/play_motion/motions/wave/meta/usage] by /roslaunch
[rosmaster.master][INFO] 2025-11-19 08:28:35,523: +PARAM [/play_motion/motions/wave/meta/description] by /roslaunch
[rosmaster.master][INFO] 2025-11-19 08:28:35,524: +PARAM [/play_motion/motions/pregrasp_weight/joints] by /roslaunch
[rosmaster.master][INFO] 2025-11-19 08:28:35,524: +PARAM [/play_motion/motions/pregrasp_weight/points] by /roslaunch
[rosmaster.master][INFO] 2025-11-19 08:28:35,524: +PARAM [/play_motion/motions/pregrasp_weight/meta/name] by /roslaunch
[rosmaster.master][INFO] 2025-11-19 08:28:35,524: +PARAM [/play_motion/motions/pregrasp_weight/meta/usage] by /roslaunch
[rosmaster.master][INFO] 2025-11-19 08:28:35,524: +PARAM [/play_motion/motions/pregrasp_weight/meta/description] by /roslaunch
[rosmaster.master][INFO] 2025-11-19 08:28:35,524: +PARAM [/play_motion/motions/do_weights/joints] by /roslaunch
[rosmaster.master][INFO] 2025-11-19 08:28:35,524: +PARAM [/play_motion/motions/do_weights/points] by /roslaunch
[rosmaster.master][INFO] 2025-11-19 08:28:35,524: +PARAM [/play_motion/motions/do_weights/meta/name] by /roslaunch
[rosmaster.master][INFO] 2025-11-19 08:28:35,524: +PARAM [/play_motion/motions/do_weights/meta/usage] by /roslaunch
[rosmaster.master][INFO] 2025-11-19 08:28:35,524: +PARAM [/play_motion/motions/do_weights/meta/description] by /roslaunch
[rosmaster.master][INFO] 2025-11-19 08:28:35,524: +PARAM [/play_motion/motions/offer_gripper/joints] by /roslaunch
[rosmaster.master][INFO] 2025-11-19 08:28:35,524: +PARAM [/play_motion/motions/offer_gripper/points] by /roslaunch
[rosmaster.master][INFO] 2025-11-19 08:28:35,525: +PARAM [/play_motion/motions/offer/joints] by /roslaunch
[rosmaster.master][INFO] 2025-11-19 08:28:35,525: +PARAM [/play_motion/motions/offer/points] by /roslaunch
[rosmaster.master][INFO] 2025-11-19 08:28:35,525: +PARAM [/play_motion/motions/offer/meta/name] by /roslaunch
[rosmaster.master][INFO] 2025-11-19 08:28:35,525: +PARAM [/play_motion/motions/offer/meta/usage] by /roslaunch
[rosmaster.master][INFO] 2025-11-19 08:28:35,525: +PARAM [/play_motion/motions/offer/meta/description] by /roslaunch
[rosmaster.master][INFO] 2025-11-19 08:28:35,525: +PARAM [/play_motion/motions/shake_hands/joints] by /roslaunch
[rosmaster.master][INFO] 2025-11-19 08:28:35,525: +PARAM [/play_motion/motions/shake_hands/points] by /roslaunch
[rosmaster.master][INFO] 2025-11-19 08:28:35,525: +PARAM [/play_motion/motions/shake_hands/meta/name] by /roslaunch
[rosmaster.master][INFO] 2025-11-19 08:28:35,525: +PARAM [/play_motion/motions/shake_hands/meta/usage] by /roslaunch
[rosmaster.master][INFO] 2025-11-19 08:28:35,525: +PARAM [/play_motion/motions/shake_hands/meta/description] by /roslaunch
[rosmaster.master][INFO] 2025-11-19 08:28:35,525: +PARAM [/play_motion/motions/pick_from_floor/joints] by /roslaunch
[rosmaster.master][INFO] 2025-11-19 08:28:35,525: +PARAM [/play_motion/motions/pick_from_floor/points] by /roslaunch
[rosmaster.master][INFO] 2025-11-19 08:28:35,525: +PARAM [/play_motion/motions/pick_from_floor/meta/name] by /roslaunch
[rosmaster.master][INFO] 2025-11-19 08:28:35,526: +PARAM [/play_motion/motions/pick_from_floor/meta/usage] by /roslaunch
[rosmaster.master][INFO] 2025-11-19 08:28:35,526: +PARAM [/play_motion/motions/pick_from_floor/meta/description] by /roslaunch
[rosmaster.master][INFO] 2025-11-19 08:28:35,526: +PARAM [/play_motion/motions/head_tour/joints] by /roslaunch
[rosmaster.master][INFO] 2025-11-19 08:28:35,526: +PARAM [/play_motion/motions/head_tour/points] by /roslaunch
[rosmaster.master][INFO] 2025-11-19 08:28:35,526: +PARAM [/play_motion/motions/head_tour/meta/name] by /roslaunch
[rosmaster.master][INFO] 2025-11-19 08:28:35,526: +PARAM [/play_motion/motions/head_tour/meta/usage] by /roslaunch
[rosmaster.master][INFO] 2025-11-19 08:28:35,526: +PARAM [/play_motion/motions/head_tour/meta/description] by /roslaunch
[rosmaster.master][INFO] 2025-11-19 08:28:35,526: +PARAM [/play_motion/disable_motion_planning] by /roslaunch
[rosmaster.master][INFO] 2025-11-19 08:28:35,526: +PARAM [/play_motion/approach_planner/planning_groups] by /roslaunch
[rosmaster.master][INFO] 2025-11-19 08:28:35,526: +PARAM [/play_motion/approach_planner/exclude_from_planning_joints] by /roslaunch
[rosmaster.master][INFO] 2025-11-19 08:28:35,526: +PARAM [/play_motion/approach_planner/joint_tolerance] by /roslaunch
[rosmaster.master][INFO] 2025-11-19 08:28:35,526: +PARAM [/play_motion/approach_planner/skip_planning_approach_vel] by /roslaunch
[rosmaster.master][INFO] 2025-11-19 08:28:35,527: +PARAM [/play_motion/approach_planner/skip_planning_approach_min_dur] by /roslaunch
[rosmaster.master][INFO] 2025-11-19 08:28:35,527: +PARAM [/robot_description_semantic] by /roslaunch
[rosmaster.master][INFO] 2025-11-19 08:28:35,527: +PARAM [/move_group/robot_description_planning/default_robot_link_padding/arm_5_link] by /roslaunch
[rosmaster.master][INFO] 2025-11-19 08:28:35,527: +PARAM [/robot_description_planning/default_velocity_scaling_factor] by /roslaunch
[rosmaster.master][INFO] 2025-11-19 08:28:35,527: +PARAM [/robot_description_planning/joint_limits/arm_2_joint/has_velocity_limits] by /roslaunch
[rosmaster.master][INFO] 2025-11-19 08:28:35,527: +PARAM [/robot_description_planning/joint_limits/arm_2_joint/max_velocity] by /roslaunch
[rosmaster.master][INFO] 2025-11-19 08:28:35,527: +PARAM [/robot_description_planning/joint_limits/arm_2_joint/has_acceleration_limits] by /roslaunch
[rosmaster.master][INFO] 2025-11-19 08:28:35,527: +PARAM [/robot_description_planning/joint_limits/arm_2_joint/max_acceleration] by /roslaunch
[rosmaster.master][INFO] 2025-11-19 08:28:35,527: +PARAM [/robot_description_planning/joint_limits/arm_1_joint/has_velocity_limits] by /roslaunch
[rosmaster.master][INFO] 2025-11-19 08:28:35,527: +PARAM [/robot_description_planning/joint_limits/arm_1_joint/max_velocity] by /roslaunch
[rosmaster.master][INFO] 2025-11-19 08:28:35,527: +PARAM [/robot_description_planning/joint_limits/arm_1_joint/has_acceleration_limits] by /roslaunch
[rosmaster.master][INFO] 2025-11-19 08:28:35,528: +PARAM [/robot_description_planning/joint_limits/arm_1_joint/max_acceleration] by /roslaunch
[rosmaster.master][INFO] 2025-11-19 08:28:35,528: +PARAM [/robot_description_planning/joint_limits/arm_6_joint/has_velocity_limits] by /roslaunch
[rosmaster.master][INFO] 2025-11-19 08:28:35,528: +PARAM [/robot_description_planning/joint_limits/arm_6_joint/max_velocity] by /roslaunch
[rosmaster.master][INFO] 2025-11-19 08:28:35,528: +PARAM [/robot_description_planning/joint_limits/arm_6_joint/has_acceleration_limits] by /roslaunch
[rosmaster.master][INFO] 2025-11-19 08:28:35,529: +PARAM [/robot_description_planning/joint_limits/arm_6_joint/max_acceleration] by /roslaunch
[rosmaster.master][INFO] 2025-11-19 08:28:35,529: +PARAM [/robot_description_planning/joint_limits/arm_7_joint/has_velocity_limits] by /roslaunch
[rosmaster.master][INFO] 2025-11-19 08:28:35,529: +PARAM [/robot_description_planning/joint_limits/arm_7_joint/max_velocity] by /roslaunch
[rosmaster.master][INFO] 2025-11-19 08:28:35,529: +PARAM [/robot_description_planning/joint_limits/arm_7_joint/has_acceleration_limits] by /roslaunch
[rosmaster.master][INFO] 2025-11-19 08:28:35,530: +PARAM [/robot_description_planning/joint_limits/arm_7_joint/max_acceleration] by /roslaunch
[rosmaster.master][INFO] 2025-11-19 08:28:35,530: +PARAM [/robot_description_planning/joint_limits/arm_4_joint/has_velocity_limits] by /roslaunch
[rosmaster.master][INFO] 2025-11-19 08:28:35,530: +PARAM [/robot_description_planning/joint_limits/arm_4_joint/max_velocity] by /roslaunch
[rosmaster.master][INFO] 2025-11-19 08:28:35,530: +PARAM [/robot_description_planning/joint_limits/arm_4_joint/has_acceleration_limits] by /roslaunch
[rosmaster.master][INFO] 2025-11-19 08:28:35,530: +PARAM [/robot_description_planning/joint_limits/arm_4_joint/max_acceleration] by /roslaunch
[rosmaster.master][INFO] 2025-11-19 08:28:35,531: +PARAM [/robot_description_planning/joint_limits/arm_5_joint/has_velocity_limits] by /roslaunch
[rosmaster.master][INFO] 2025-11-19 08:28:35,531: +PARAM [/robot_description_planning/joint_limits/arm_5_joint/max_velocity] by /roslaunch
[rosmaster.master][INFO] 2025-11-19 08:28:35,531: +PARAM [/robot_description_planning/joint_limits/arm_5_joint/has_acceleration_limits] by /roslaunch
[rosmaster.master][INFO] 2025-11-19 08:28:35,532: +PARAM [/robot_description_planning/joint_limits/arm_5_joint/max_acceleration] by /roslaunch
[rosmaster.master][INFO] 2025-11-19 08:28:35,532: +PARAM [/robot_description_planning/joint_limits/arm_3_joint/has_velocity_limits] by /roslaunch
[rosmaster.master][INFO] 2025-11-19 08:28:35,532: +PARAM [/robot_description_planning/joint_limits/arm_3_joint/max_velocity] by /roslaunch
[rosmaster.master][INFO] 2025-11-19 08:28:35,532: +PARAM [/robot_description_planning/joint_limits/arm_3_joint/has_acceleration_limits] by /roslaunch
[rosmaster.master][INFO] 2025-11-19 08:28:35,533: +PARAM [/robot_description_planning/joint_limits/arm_3_joint/max_acceleration] by /roslaunch
[rosmaster.master][INFO] 2025-11-19 08:28:35,533: +PARAM [/robot_description_planning/joint_limits/torso_lift_joint/has_velocity_limits] by /roslaunch
[rosmaster.master][INFO] 2025-11-19 08:28:35,533: +PARAM [/robot_description_planning/joint_limits/torso_lift_joint/max_velocity] by /roslaunch
[rosmaster.master][INFO] 2025-11-19 08:28:35,533: +PARAM [/robot_description_planning/joint_limits/torso_lift_joint/has_acceleration_limits] by /roslaunch
[rosmaster.master][INFO] 2025-11-19 08:28:35,534: +PARAM [/robot_description_planning/joint_limits/torso_lift_joint/max_acceleration] by /roslaunch
[rosmaster.master][INFO] 2025-11-19 08:28:35,534: +PARAM [/robot_description_planning/joint_limits/gripper_left_finger_joint/has_velocity_limits] by /roslaunch
[rosmaster.master][INFO] 2025-11-19 08:28:35,534: +PARAM [/robot_description_planning/joint_limits/gripper_left_finger_joint/max_velocity] by /roslaunch
[rosmaster.master][INFO] 2025-11-19 08:28:35,534: +PARAM [/robot_description_planning/joint_limits/gripper_left_finger_joint/has_acceleration_limits] by /roslaunch
[rosmaster.master][INFO] 2025-11-19 08:28:35,534: +PARAM [/robot_description_planning/joint_limits/gripper_left_finger_joint/max_acceleration] by /roslaunch
[rosmaster.master][INFO] 2025-11-19 08:28:35,535: +PARAM [/robot_description_planning/joint_limits/gripper_right_finger_joint/has_velocity_limits] by /roslaunch
[rosmaster.master][INFO] 2025-11-19 08:28:35,535: +PARAM [/robot_description_planning/joint_limits/gripper_right_finger_joint/max_velocity] by /roslaunch
[rosmaster.master][INFO] 2025-11-19 08:28:35,535: +PARAM [/robot_description_planning/joint_limits/gripper_right_finger_joint/has_acceleration_limits] by /roslaunch
[rosmaster.master][INFO] 2025-11-19 08:28:35,535: +PARAM [/robot_description_planning/joint_limits/gripper_right_finger_joint/max_acceleration] by /roslaunch
[rosmaster.master][INFO] 2025-11-19 08:28:35,536: +PARAM [/robot_description_planning/joint_limits/gripper_finger_joint/has_velocity_limits] by /roslaunch
[rosmaster.master][INFO] 2025-11-19 08:28:35,536: +PARAM [/robot_description_planning/joint_limits/gripper_finger_joint/max_velocity] by /roslaunch
[rosmaster.master][INFO] 2025-11-19 08:28:35,536: +PARAM [/robot_description_planning/joint_limits/gripper_finger_joint/has_acceleration_limits] by /roslaunch
[rosmaster.master][INFO] 2025-11-19 08:28:35,536: +PARAM [/robot_description_planning/joint_limits/gripper_finger_joint/max_acceleration] by /roslaunch
[rosmaster.master][INFO] 2025-11-19 08:28:35,537: +PARAM [/robot_description_kinematics/arm_torso/kinematics_solver] by /roslaunch
[rosmaster.master][INFO] 2025-11-19 08:28:35,537: +PARAM [/robot_description_kinematics/arm_torso/kinematics_solver_search_resolution] by /roslaunch
[rosmaster.master][INFO] 2025-11-19 08:28:35,537: +PARAM [/robot_description_kinematics/arm_torso/kinematics_solver_timeout] by /roslaunch
[rosmaster.master][INFO] 2025-11-19 08:28:35,538: +PARAM [/robot_description_kinematics/arm_torso/kinematics_solver_attempts] by /roslaunch
[rosmaster.master][INFO] 2025-11-19 08:28:35,538: +PARAM [/robot_description_kinematics/arm/kinematics_solver] by /roslaunch
[rosmaster.master][INFO] 2025-11-19 08:28:35,538: +PARAM [/robot_description_kinematics/arm/kinematics_solver_search_resolution] by /roslaunch
[rosmaster.master][INFO] 2025-11-19 08:28:35,538: +PARAM [/robot_description_kinematics/arm/kinematics_solver_timeout] by /roslaunch
[rosmaster.master][INFO] 2025-11-19 08:28:35,538: +PARAM [/robot_description_kinematics/arm/kinematics_solver_attempts] by /roslaunch
[rosmaster.master][INFO] 2025-11-19 08:28:35,538: +PARAM [/move_group/planning_plugin] by /roslaunch
[rosmaster.master][INFO] 2025-11-19 08:28:35,538: +PARAM [/move_group/request_adapters] by /roslaunch
[rosmaster.master][INFO] 2025-11-19 08:28:35,538: +PARAM [/move_group/start_state_max_bounds_error] by /roslaunch
[rosmaster.master][INFO] 2025-11-19 08:28:35,538: +PARAM [/move_group/planner_configs/SBLkConfigDefault/type] by /roslaunch
[rosmaster.master][INFO] 2025-11-19 08:28:35,539: +PARAM [/move_group/planner_configs/ESTkConfigDefault/type] by /roslaunch
[rosmaster.master][INFO] 2025-11-19 08:28:35,539: +PARAM [/move_group/planner_configs/LBKPIECEkConfigDefault/type] by /roslaunch
[rosmaster.master][INFO] 2025-11-19 08:28:35,539: +PARAM [/move_group/planner_configs/BKPIECEkConfigDefault/type] by /roslaunch
[rosmaster.master][INFO] 2025-11-19 08:28:35,539: +PARAM [/move_group/planner_configs/KPIECEkConfigDefault/type] by /roslaunch
[rosmaster.master][INFO] 2025-11-19 08:28:35,539: +PARAM [/move_group/planner_configs/RRTkConfigDefault/type] by /roslaunch
[rosmaster.master][INFO] 2025-11-19 08:28:35,539: +PARAM [/move_group/planner_configs/RRTConnectkConfigDefault/type] by /roslaunch
[rosmaster.master][INFO] 2025-11-19 08:28:35,539: +PARAM [/move_group/planner_configs/RRTstarkConfigDefault/type] by /roslaunch
[rosmaster.master][INFO] 2025-11-19 08:28:35,539: +PARAM [/move_group/planner_configs/TRRTkConfigDefault/type] by /roslaunch
[rosmaster.master][INFO] 2025-11-19 08:28:35,539: +PARAM [/move_group/planner_configs/PRMkConfigDefault/type] by /roslaunch
[rosmaster.master][INFO] 2025-11-19 08:28:35,539: +PARAM [/move_group/planner_configs/PRMstarkConfigDefault/type] by /roslaunch
[rosmaster.master][INFO] 2025-11-19 08:28:35,539: +PARAM [/move_group/arm_torso/planner_configs] by /roslaunch
[rosmaster.master][INFO] 2025-11-19 08:28:35,540: +PARAM [/move_group/arm_torso/projection_evaluator] by /roslaunch
[rosmaster.master][INFO] 2025-11-19 08:28:35,540: +PARAM [/move_group/arm_torso/longest_valid_segment_fraction] by /roslaunch
[rosmaster.master][INFO] 2025-11-19 08:28:35,540: +PARAM [/move_group/arm/planner_configs] by /roslaunch
[rosmaster.master][INFO] 2025-11-19 08:28:35,540: +PARAM [/move_group/arm/projection_evaluator] by /roslaunch
[rosmaster.master][INFO] 2025-11-19 08:28:35,540: +PARAM [/move_group/arm/longest_valid_segment_fraction] by /roslaunch
[rosmaster.master][INFO] 2025-11-19 08:28:35,540: +PARAM [/move_group/moveit_manage_controllers] by /roslaunch
[rosmaster.master][INFO] 2025-11-19 08:28:35,540: +PARAM [/move_group/trajectory_execution/allowed_execution_duration_scaling] by /roslaunch
[rosmaster.master][INFO] 2025-11-19 08:28:35,540: +PARAM [/move_group/trajectory_execution/allowed_goal_duration_margin] by /roslaunch
[rosmaster.master][INFO] 2025-11-19 08:28:35,540: +PARAM [/move_group/moveit_controller_manager] by /roslaunch
[rosmaster.master][INFO] 2025-11-19 08:28:35,540: +PARAM [/move_group/controller_manager_name] by /roslaunch
[rosmaster.master][INFO] 2025-11-19 08:28:35,541: +PARAM [/move_group/use_controller_manager] by /roslaunch
[rosmaster.master][INFO] 2025-11-19 08:28:35,541: +PARAM [/move_group/controller_manager_ns] by /roslaunch
[rosmaster.master][INFO] 2025-11-19 08:28:35,541: +PARAM [/move_group/controller_list] by /roslaunch
[rosmaster.master][INFO] 2025-11-19 08:28:35,541: +PARAM [/move_group/allow_trajectory_execution] by /roslaunch
[rosmaster.master][INFO] 2025-11-19 08:28:35,541: +PARAM [/move_group/max_safe_path_cost] by /roslaunch
[rosmaster.master][INFO] 2025-11-19 08:28:35,541: +PARAM [/move_group/jiggle_fraction] by /roslaunch
[rosmaster.master][INFO] 2025-11-19 08:28:35,541: +PARAM [/move_group/capabilities] by /roslaunch
[rosmaster.master][INFO] 2025-11-19 08:28:35,541: +PARAM [/move_group/disable_capabilities] by /roslaunch
[rosmaster.master][INFO] 2025-11-19 08:28:35,541: +PARAM [/move_group/planning_scene_monitor/publish_planning_scene] by /roslaunch
[rosmaster.master][INFO] 2025-11-19 08:28:35,542: +PARAM [/move_group/planning_scene_monitor/publish_geometry_updates] by /roslaunch
[rosmaster.master][INFO] 2025-11-19 08:28:35,542: +PARAM [/move_group/planning_scene_monitor/publish_state_updates] by /roslaunch
[rosmaster.master][INFO] 2025-11-19 08:28:35,542: +PARAM [/move_group/planning_scene_monitor/publish_transforms_updates] by /roslaunch
[rosmaster.master][INFO] 2025-11-19 08:28:35,542: +PARAM [/robot_state_publisher/publish_frequency] by /roslaunch
[rosmaster.master][INFO] 2025-11-19 08:28:35,542: +PARAM [/robot_state_publisher/tf_prefix] by /roslaunch
[rosmaster.master][INFO] 2025-11-19 08:28:35,542: +PARAM [/twist_mux/locks] by /roslaunch
[rosmaster.master][INFO] 2025-11-19 08:28:35,542: +PARAM [/twist_mux/topics] by /roslaunch
[rosmaster.master][INFO] 2025-11-19 08:28:35,542: +PARAM [/joystick_relay/priority] by /roslaunch
[rosmaster.master][INFO] 2025-11-19 08:28:35,542: +PARAM [/joystick_relay/turbo/linear_forward_min] by /roslaunch
[rosmaster.master][INFO] 2025-11-19 08:28:35,542: +PARAM [/joystick_relay/turbo/linear_forward_max] by /roslaunch
[rosmaster.master][INFO] 2025-11-19 08:28:35,543: +PARAM [/joystick_relay/turbo/linear_backward_min] by /roslaunch
[rosmaster.master][INFO] 2025-11-19 08:28:35,543: +PARAM [/joystick_relay/turbo/linear_backward_max] by /roslaunch
[rosmaster.master][INFO] 2025-11-19 08:28:35,543: +PARAM [/joystick_relay/turbo/angular_min] by /roslaunch
[rosmaster.master][INFO] 2025-11-19 08:28:35,543: +PARAM [/joystick_relay/turbo/angular_max] by /roslaunch
[rosmaster.master][INFO] 2025-11-19 08:28:35,543: +PARAM [/joystick_relay/turbo/steps] by /roslaunch
[rosmaster.master][INFO] 2025-11-19 08:28:35,543: +PARAM [/dynamic_footprint_publisher/footprint] by /roslaunch
[rosmaster.master][INFO] 2025-11-19 08:28:35,543: +PARAM [/dynamic_footprint_publisher/link_list] by /roslaunch
[rosmaster.master][INFO] 2025-11-19 08:28:35,543: +PARAM [/dynamic_footprint_publisher/padding] by /roslaunch
[rosmaster.master][INFO] 2025-11-19 08:28:35,543: +PARAM [/collision_decomposition_description] by /roslaunch
[rosmaster.master][INFO] 2025-11-19 08:28:35,543: +PARAM [/extra_capsule_descriptions/arm_7_link/position] by /roslaunch
[rosmaster.master][INFO] 2025-11-19 08:28:35,543: +PARAM [/extra_capsule_descriptions/arm_7_link/orientation] by /roslaunch
[rosmaster.master][INFO] 2025-11-19 08:28:35,543: +PARAM [/extra_capsule_descriptions/arm_7_link/l] by /roslaunch
[rosmaster.master][INFO] 2025-11-19 08:28:35,544: +PARAM [/extra_capsule_descriptions/arm_7_link/r] by /roslaunch
[rosmaster.master][INFO] 2025-11-19 08:28:35,544: +PARAM [/capsule_collision_operations] by /roslaunch
[rosmaster.master][INFO] 2025-11-19 08:28:35,544: +PARAM [/whole_body_kinematic_controller/type] by /roslaunch
[rosmaster.master][INFO] 2025-11-19 08:28:35,544: +PARAM [/whole_body_kinematic_controller/useHead] by /roslaunch
[rosmaster.master][INFO] 2025-11-19 08:28:35,544: +PARAM [/whole_body_kinematic_controller/force_torque/wrist_ft/frame] by /roslaunch
[rosmaster.master][INFO] 2025-11-19 08:28:35,544: +PARAM [/whole_body_kinematic_controller/dt] by /roslaunch
[rosmaster.master][INFO] 2025-11-19 08:28:35,544: +PARAM [/whole_body_kinematic_controller/floating_base] by /roslaunch
[rosmaster.master][INFO] 2025-11-19 08:28:35,544: +PARAM [/whole_body_kinematic_controller/formulation] by /roslaunch
[rosmaster.master][INFO] 2025-11-19 08:28:35,544: +PARAM [/whole_body_kinematic_controller/stack_configuration] by /roslaunch
[rosmaster.master][INFO] 2025-11-19 08:28:35,544: +PARAM [/whole_body_kinematic_controller/solver_type] by /roslaunch
[rosmaster.master][INFO] 2025-11-19 08:28:35,544: +PARAM [/whole_body_kinematic_controller/initialize_bfp_tf] by /roslaunch
[rosmaster.master][INFO] 2025-11-19 08:28:35,544: +PARAM [/whole_body_kinematic_controller/use_home_posture] by /roslaunch
[rosmaster.master][INFO] 2025-11-19 08:28:35,544: +PARAM [/whole_body_kinematic_controller/use_odom] by /roslaunch
[rosmaster.master][INFO] 2025-11-19 08:28:35,544: +PARAM [/whole_body_kinematic_controller/robot_model_chains] by /roslaunch
[rosmaster.master][INFO] 2025-11-19 08:28:35,545: +PARAM [/whole_body_kinematic_controller/default_configuration/arm_1_joint] by /roslaunch
[rosmaster.master][INFO] 2025-11-19 08:28:35,545: +PARAM [/whole_body_kinematic_controller/default_configuration/arm_2_joint] by /roslaunch
[rosmaster.master][INFO] 2025-11-19 08:28:35,545: +PARAM [/whole_body_kinematic_controller/default_configuration/arm_3_joint] by /roslaunch
[rosmaster.master][INFO] 2025-11-19 08:28:35,545: +PARAM [/whole_body_kinematic_controller/default_configuration/arm_4_joint] by /roslaunch
[rosmaster.master][INFO] 2025-11-19 08:28:35,545: +PARAM [/whole_body_kinematic_controller/default_configuration/arm_5_joint] by /roslaunch
[rosmaster.master][INFO] 2025-11-19 08:28:35,545: +PARAM [/whole_body_kinematic_controller/default_configuration/arm_6_joint] by /roslaunch
[rosmaster.master][INFO] 2025-11-19 08:28:35,545: +PARAM [/whole_body_kinematic_controller/default_configuration/arm_7_joint] by /roslaunch
[rosmaster.master][INFO] 2025-11-19 08:28:35,545: +PARAM [/whole_body_kinematic_controller/default_configuration/head_1_joint] by /roslaunch
[rosmaster.master][INFO] 2025-11-19 08:28:35,545: +PARAM [/whole_body_kinematic_controller/default_configuration/head_2_joint] by /roslaunch
[rosmaster.master][INFO] 2025-11-19 08:28:35,545: +PARAM [/whole_body_kinematic_controller/default_configuration/torso_lift_joint] by /roslaunch
[rosmaster.master][INFO] 2025-11-19 08:28:35,545: +PARAM [/whole_body_kinematic_controller/joints/arm_1_joint/actuator_params/ball_screw_efficiency] by /roslaunch
[rosmaster.master][INFO] 2025-11-19 08:28:35,545: +PARAM [/whole_body_kinematic_controller/joints/arm_1_joint/actuator_params/ball_screw_lead] by /roslaunch
[rosmaster.master][INFO] 2025-11-19 08:28:35,545: +PARAM [/whole_body_kinematic_controller/joints/arm_1_joint/actuator_params/motor_torque_constant] by /roslaunch
[rosmaster.master][INFO] 2025-11-19 08:28:35,546: +PARAM [/whole_body_kinematic_controller/joints/arm_1_joint/actuator_params/torque_sensor_offset] by /roslaunch
[rosmaster.master][INFO] 2025-11-19 08:28:35,546: +PARAM [/whole_body_kinematic_controller/joints/arm_1_joint/actuator_params/reduction_ratio] by /roslaunch
[rosmaster.master][INFO] 2025-11-19 08:28:35,546: +PARAM [/whole_body_kinematic_controller/joints/arm_1_joint/actuator_params/actuator_names] by /roslaunch
[rosmaster.master][INFO] 2025-11-19 08:28:35,546: +PARAM [/whole_body_kinematic_controller/joints/arm_1_joint/actuator_params/check_mode] by /roslaunch
[rosmaster.master][INFO] 2025-11-19 08:28:35,546: +PARAM [/whole_body_kinematic_controller/joints/arm_1_joint/actuator_params/motor_inertia] by /roslaunch
[rosmaster.master][INFO] 2025-11-19 08:28:35,546: +PARAM [/whole_body_kinematic_controller/joints/arm_1_joint/actuator_params/static_friction] by /roslaunch
[rosmaster.master][INFO] 2025-11-19 08:28:35,546: +PARAM [/whole_body_kinematic_controller/joints/arm_1_joint/actuator_params/viscous_friction] by /roslaunch
[rosmaster.master][INFO] 2025-11-19 08:28:35,546: +PARAM [/whole_body_kinematic_controller/joints/arm_1_joint/actuator_params/joint_elasticity] by /roslaunch
[rosmaster.master][INFO] 2025-11-19 08:28:35,546: +PARAM [/whole_body_kinematic_controller/joints/arm_1_joint/actuator_params/joint_elasticity_damping] by /roslaunch
[rosmaster.master][INFO] 2025-11-19 08:28:35,546: +PARAM [/whole_body_kinematic_controller/joints/arm_1_joint/type] by /roslaunch
[rosmaster.master][INFO] 2025-11-19 08:28:35,546: +PARAM [/whole_body_kinematic_controller/joints/arm_1_joint/check_mode] by /roslaunch
[rosmaster.master][INFO] 2025-11-19 08:28:35,546: +PARAM [/whole_body_kinematic_controller/joints/arm_1_joint/open_loop] by /roslaunch
[rosmaster.master][INFO] 2025-11-19 08:28:35,546: +PARAM [/whole_body_kinematic_controller/joints/arm_2_joint/actuator_params/ball_screw_efficiency] by /roslaunch
[rosmaster.master][INFO] 2025-11-19 08:28:35,547: +PARAM [/whole_body_kinematic_controller/joints/arm_2_joint/actuator_params/ball_screw_lead] by /roslaunch
[rosmaster.master][INFO] 2025-11-19 08:28:35,547: +PARAM [/whole_body_kinematic_controller/joints/arm_2_joint/actuator_params/motor_torque_constant] by /roslaunch
[rosmaster.master][INFO] 2025-11-19 08:28:35,547: +PARAM [/whole_body_kinematic_controller/joints/arm_2_joint/actuator_params/torque_sensor_offset] by /roslaunch
[rosmaster.master][INFO] 2025-11-19 08:28:35,547: +PARAM [/whole_body_kinematic_controller/joints/arm_2_joint/actuator_params/reduction_ratio] by /roslaunch
[rosmaster.master][INFO] 2025-11-19 08:28:35,547: +PARAM [/whole_body_kinematic_controller/joints/arm_2_joint/actuator_params/actuator_names] by /roslaunch
[rosmaster.master][INFO] 2025-11-19 08:28:35,547: +PARAM [/whole_body_kinematic_controller/joints/arm_2_joint/actuator_params/check_mode] by /roslaunch
[rosmaster.master][INFO] 2025-11-19 08:28:35,547: +PARAM [/whole_body_kinematic_controller/joints/arm_2_joint/actuator_params/motor_inertia] by /roslaunch
[rosmaster.master][INFO] 2025-11-19 08:28:35,547: +PARAM [/whole_body_kinematic_controller/joints/arm_2_joint/actuator_params/static_friction] by /roslaunch
[rosmaster.master][INFO] 2025-11-19 08:28:35,547: +PARAM [/whole_body_kinematic_controller/joints/arm_2_joint/actuator_params/viscous_friction] by /roslaunch
[rosmaster.master][INFO] 2025-11-19 08:28:35,547: +PARAM [/whole_body_kinematic_controller/joints/arm_2_joint/actuator_params/joint_elasticity] by /roslaunch
[rosmaster.master][INFO] 2025-11-19 08:28:35,547: +PARAM [/whole_body_kinematic_controller/joints/arm_2_joint/actuator_params/joint_elasticity_damping] by /roslaunch
[rosmaster.master][INFO] 2025-11-19 08:28:35,547: +PARAM [/whole_body_kinematic_controller/joints/arm_2_joint/type] by /roslaunch
[rosmaster.master][INFO] 2025-11-19 08:28:35,547: +PARAM [/whole_body_kinematic_controller/joints/arm_2_joint/check_mode] by /roslaunch
[rosmaster.master][INFO] 2025-11-19 08:28:35,548: +PARAM [/whole_body_kinematic_controller/joints/arm_2_joint/open_loop] by /roslaunch
[rosmaster.master][INFO] 2025-11-19 08:28:35,548: +PARAM [/whole_body_kinematic_controller/joints/arm_3_joint/actuator_params/ball_screw_efficiency] by /roslaunch
[rosmaster.master][INFO] 2025-11-19 08:28:35,548: +PARAM [/whole_body_kinematic_controller/joints/arm_3_joint/actuator_params/ball_screw_lead] by /roslaunch
[rosmaster.master][INFO] 2025-11-19 08:28:35,548: +PARAM [/whole_body_kinematic_controller/joints/arm_3_joint/actuator_params/motor_torque_constant] by /roslaunch
[rosmaster.master][INFO] 2025-11-19 08:28:35,548: +PARAM [/whole_body_kinematic_controller/joints/arm_3_joint/actuator_params/torque_sensor_offset] by /roslaunch
[rosmaster.master][INFO] 2025-11-19 08:28:35,548: +PARAM [/whole_body_kinematic_controller/joints/arm_3_joint/actuator_params/reduction_ratio] by /roslaunch
[rosmaster.master][INFO] 2025-11-19 08:28:35,548: +PARAM [/whole_body_kinematic_controller/joints/arm_3_joint/actuator_params/actuator_names] by /roslaunch
[rosmaster.master][INFO] 2025-11-19 08:28:35,548: +PARAM [/whole_body_kinematic_controller/joints/arm_3_joint/actuator_params/check_mode] by /roslaunch
[rosmaster.master][INFO] 2025-11-19 08:28:35,548: +PARAM [/whole_body_kinematic_controller/joints/arm_3_joint/actuator_params/motor_inertia] by /roslaunch
[rosmaster.master][INFO] 2025-11-19 08:28:35,548: +PARAM [/whole_body_kinematic_controller/joints/arm_3_joint/actuator_params/static_friction] by /roslaunch
[rosmaster.master][INFO] 2025-11-19 08:28:35,548: +PARAM [/whole_body_kinematic_controller/joints/arm_3_joint/actuator_params/viscous_friction] by /roslaunch
[rosmaster.master][INFO] 2025-11-19 08:28:35,548: +PARAM [/whole_body_kinematic_controller/joints/arm_3_joint/actuator_params/joint_elasticity] by /roslaunch
[rosmaster.master][INFO] 2025-11-19 08:28:35,548: +PARAM [/whole_body_kinematic_controller/joints/arm_3_joint/actuator_params/joint_elasticity_damping] by /roslaunch
[rosmaster.master][INFO] 2025-11-19 08:28:35,549: +PARAM [/whole_body_kinematic_controller/joints/arm_3_joint/type] by /roslaunch
[rosmaster.master][INFO] 2025-11-19 08:28:35,549: +PARAM [/whole_body_kinematic_controller/joints/arm_3_joint/check_mode] by /roslaunch
[rosmaster.master][INFO] 2025-11-19 08:28:35,549: +PARAM [/whole_body_kinematic_controller/joints/arm_3_joint/open_loop] by /roslaunch
[rosmaster.master][INFO] 2025-11-19 08:28:35,549: +PARAM [/whole_body_kinematic_controller/joints/arm_4_joint/actuator_params/ball_screw_efficiency] by /roslaunch
[rosmaster.master][INFO] 2025-11-19 08:28:35,549: +PARAM [/whole_body_kinematic_controller/joints/arm_4_joint/actuator_params/ball_screw_lead] by /roslaunch
[rosmaster.master][INFO] 2025-11-19 08:28:35,549: +PARAM [/whole_body_kinematic_controller/joints/arm_4_joint/actuator_params/motor_torque_constant] by /roslaunch
[rosmaster.master][INFO] 2025-11-19 08:28:35,549: +PARAM [/whole_body_kinematic_controller/joints/arm_4_joint/actuator_params/torque_sensor_offset] by /roslaunch
[rosmaster.master][INFO] 2025-11-19 08:28:35,549: +PARAM [/whole_body_kinematic_controller/joints/arm_4_joint/actuator_params/reduction_ratio] by /roslaunch
[rosmaster.master][INFO] 2025-11-19 08:28:35,549: +PARAM [/whole_body_kinematic_controller/joints/arm_4_joint/actuator_params/actuator_names] by /roslaunch
[rosmaster.master][INFO] 2025-11-19 08:28:35,549: +PARAM [/whole_body_kinematic_controller/joints/arm_4_joint/actuator_params/check_mode] by /roslaunch
[rosmaster.master][INFO] 2025-11-19 08:28:35,549: +PARAM [/whole_body_kinematic_controller/joints/arm_4_joint/actuator_params/motor_inertia] by /roslaunch
[rosmaster.master][INFO] 2025-11-19 08:28:35,549: +PARAM [/whole_body_kinematic_controller/joints/arm_4_joint/actuator_params/static_friction] by /roslaunch
[rosmaster.master][INFO] 2025-11-19 08:28:35,550: +PARAM [/whole_body_kinematic_controller/joints/arm_4_joint/actuator_params/viscous_friction] by /roslaunch
[rosmaster.master][INFO] 2025-11-19 08:28:35,550: +PARAM [/whole_body_kinematic_controller/joints/arm_4_joint/actuator_params/joint_elasticity] by /roslaunch
[rosmaster.master][INFO] 2025-11-19 08:28:35,550: +PARAM [/whole_body_kinematic_controller/joints/arm_4_joint/actuator_params/joint_elasticity_damping] by /roslaunch
[rosmaster.master][INFO] 2025-11-19 08:28:35,550: +PARAM [/whole_body_kinematic_controller/joints/arm_4_joint/type] by /roslaunch
[rosmaster.master][INFO] 2025-11-19 08:28:35,551: +PARAM [/whole_body_kinematic_controller/joints/arm_4_joint/check_mode] by /roslaunch
[rosmaster.master][INFO] 2025-11-19 08:28:35,551: +PARAM [/whole_body_kinematic_controller/joints/arm_4_joint/open_loop] by /roslaunch
[rosmaster.master][INFO] 2025-11-19 08:28:35,551: +PARAM [/whole_body_kinematic_controller/joints/arm_5_joint/actuator_params/ball_screw_efficiency] by /roslaunch
[rosmaster.master][INFO] 2025-11-19 08:28:35,551: +PARAM [/whole_body_kinematic_controller/joints/arm_5_joint/actuator_params/ball_screw_lead] by /roslaunch
[rosmaster.master][INFO] 2025-11-19 08:28:35,552: +PARAM [/whole_body_kinematic_controller/joints/arm_5_joint/actuator_params/motor_torque_constant] by /roslaunch
[rosmaster.master][INFO] 2025-11-19 08:28:35,552: +PARAM [/whole_body_kinematic_controller/joints/arm_5_joint/actuator_params/torque_sensor_offset] by /roslaunch
[rosmaster.master][INFO] 2025-11-19 08:28:35,552: +PARAM [/whole_body_kinematic_controller/joints/arm_5_joint/actuator_params/reduction_ratio] by /roslaunch
[rosmaster.master][INFO] 2025-11-19 08:28:35,552: +PARAM [/whole_body_kinematic_controller/joints/arm_5_joint/actuator_params/actuator_names] by /roslaunch
[rosmaster.master][INFO] 2025-11-19 08:28:35,553: +PARAM [/whole_body_kinematic_controller/joints/arm_5_joint/actuator_params/check_mode] by /roslaunch
[rosmaster.master][INFO] 2025-11-19 08:28:35,553: +PARAM [/whole_body_kinematic_controller/joints/arm_5_joint/actuator_params/motor_inertia] by /roslaunch
[rosmaster.master][INFO] 2025-11-19 08:28:35,553: +PARAM [/whole_body_kinematic_controller/joints/arm_5_joint/actuator_params/static_friction] by /roslaunch
[rosmaster.master][INFO] 2025-11-19 08:28:35,554: +PARAM [/whole_body_kinematic_controller/joints/arm_5_joint/actuator_params/viscous_friction] by /roslaunch
[rosmaster.master][INFO] 2025-11-19 08:28:35,554: +PARAM [/whole_body_kinematic_controller/joints/arm_5_joint/actuator_params/joint_elasticity] by /roslaunch
[rosmaster.master][INFO] 2025-11-19 08:28:35,554: +PARAM [/whole_body_kinematic_controller/joints/arm_5_joint/actuator_params/joint_elasticity_damping] by /roslaunch
[rosmaster.master][INFO] 2025-11-19 08:28:35,554: +PARAM [/whole_body_kinematic_controller/joints/arm_5_joint/type] by /roslaunch
[rosmaster.master][INFO] 2025-11-19 08:28:35,554: +PARAM [/whole_body_kinematic_controller/joints/arm_5_joint/check_mode] by /roslaunch
[rosmaster.master][INFO] 2025-11-19 08:28:35,555: +PARAM [/whole_body_kinematic_controller/joints/arm_5_joint/open_loop] by /roslaunch
[rosmaster.master][INFO] 2025-11-19 08:28:35,555: +PARAM [/whole_body_kinematic_controller/joints/arm_6_joint/actuator_params/ball_screw_efficiency] by /roslaunch
[rosmaster.master][INFO] 2025-11-19 08:28:35,555: +PARAM [/whole_body_kinematic_controller/joints/arm_6_joint/actuator_params/ball_screw_lead] by /roslaunch
[rosmaster.master][INFO] 2025-11-19 08:28:35,555: +PARAM [/whole_body_kinematic_controller/joints/arm_6_joint/actuator_params/motor_torque_constant] by /roslaunch
[rosmaster.master][INFO] 2025-11-19 08:28:35,556: +PARAM [/whole_body_kinematic_controller/joints/arm_6_joint/actuator_params/torque_sensor_offset] by /roslaunch
[rosmaster.master][INFO] 2025-11-19 08:28:35,556: +PARAM [/whole_body_kinematic_controller/joints/arm_6_joint/actuator_params/reduction_ratio] by /roslaunch
[rosmaster.master][INFO] 2025-11-19 08:28:35,556: +PARAM [/whole_body_kinematic_controller/joints/arm_6_joint/actuator_params/actuator_names] by /roslaunch
[rosmaster.master][INFO] 2025-11-19 08:28:35,557: +PARAM [/whole_body_kinematic_controller/joints/arm_6_joint/actuator_params/check_mode] by /roslaunch
[rosmaster.master][INFO] 2025-11-19 08:28:35,557: +PARAM [/whole_body_kinematic_controller/joints/arm_6_joint/actuator_params/motor_inertia] by /roslaunch
[rosmaster.master][INFO] 2025-11-19 08:28:35,557: +PARAM [/whole_body_kinematic_controller/joints/arm_6_joint/actuator_params/static_friction] by /roslaunch
[rosmaster.master][INFO] 2025-11-19 08:28:35,558: +PARAM [/whole_body_kinematic_controller/joints/arm_6_joint/actuator_params/viscous_friction] by /roslaunch
[rosmaster.master][INFO] 2025-11-19 08:28:35,558: +PARAM [/whole_body_kinematic_controller/joints/arm_6_joint/actuator_params/joint_elasticity] by /roslaunch
[rosmaster.master][INFO] 2025-11-19 08:28:35,558: +PARAM [/whole_body_kinematic_controller/joints/arm_6_joint/actuator_params/joint_elasticity_damping] by /roslaunch
[rosmaster.master][INFO] 2025-11-19 08:28:35,559: +PARAM [/whole_body_kinematic_controller/joints/arm_6_joint/type] by /roslaunch
[rosmaster.master][INFO] 2025-11-19 08:28:35,559: +PARAM [/whole_body_kinematic_controller/joints/arm_6_joint/check_mode] by /roslaunch
[rosmaster.master][INFO] 2025-11-19 08:28:35,559: +PARAM [/whole_body_kinematic_controller/joints/arm_6_joint/open_loop] by /roslaunch
[rosmaster.master][INFO] 2025-11-19 08:28:35,559: +PARAM [/whole_body_kinematic_controller/joints/arm_7_joint/actuator_params/ball_screw_efficiency] by /roslaunch
[rosmaster.master][INFO] 2025-11-19 08:28:35,560: +PARAM [/whole_body_kinematic_controller/joints/arm_7_joint/actuator_params/ball_screw_lead] by /roslaunch
[rosmaster.master][INFO] 2025-11-19 08:28:35,560: +PARAM [/whole_body_kinematic_controller/joints/arm_7_joint/actuator_params/motor_torque_constant] by /roslaunch
[rosmaster.master][INFO] 2025-11-19 08:28:35,560: +PARAM [/whole_body_kinematic_controller/joints/arm_7_joint/actuator_params/torque_sensor_offset] by /roslaunch
[rosmaster.master][INFO] 2025-11-19 08:28:35,560: +PARAM [/whole_body_kinematic_controller/joints/arm_7_joint/actuator_params/reduction_ratio] by /roslaunch
[rosmaster.master][INFO] 2025-11-19 08:28:35,560: +PARAM [/whole_body_kinematic_controller/joints/arm_7_joint/actuator_params/actuator_names] by /roslaunch
[rosmaster.master][INFO] 2025-11-19 08:28:35,561: +PARAM [/whole_body_kinematic_controller/joints/arm_7_joint/actuator_params/check_mode] by /roslaunch
[rosmaster.master][INFO] 2025-11-19 08:28:35,561: +PARAM [/whole_body_kinematic_controller/joints/arm_7_joint/actuator_params/motor_inertia] by /roslaunch
[rosmaster.master][INFO] 2025-11-19 08:28:35,561: +PARAM [/whole_body_kinematic_controller/joints/arm_7_joint/actuator_params/static_friction] by /roslaunch
[rosmaster.master][INFO] 2025-11-19 08:28:35,561: +PARAM [/whole_body_kinematic_controller/joints/arm_7_joint/actuator_params/viscous_friction] by /roslaunch
[rosmaster.master][INFO] 2025-11-19 08:28:35,561: +PARAM [/whole_body_kinematic_controller/joints/arm_7_joint/actuator_params/joint_elasticity] by /roslaunch
[rosmaster.master][INFO] 2025-11-19 08:28:35,561: +PARAM [/whole_body_kinematic_controller/joints/arm_7_joint/actuator_params/joint_elasticity_damping] by /roslaunch
[rosmaster.master][INFO] 2025-11-19 08:28:35,561: +PARAM [/whole_body_kinematic_controller/joints/arm_7_joint/type] by /roslaunch
[rosmaster.master][INFO] 2025-11-19 08:28:35,561: +PARAM [/whole_body_kinematic_controller/joints/arm_7_joint/check_mode] by /roslaunch
[rosmaster.master][INFO] 2025-11-19 08:28:35,561: +PARAM [/whole_body_kinematic_controller/joints/arm_7_joint/open_loop] by /roslaunch
[rosmaster.master][INFO] 2025-11-19 08:28:35,562: +PARAM [/whole_body_kinematic_controller/joints/head_1_joint/actuator_params/ball_screw_efficiency] by /roslaunch
[rosmaster.master][INFO] 2025-11-19 08:28:35,562: +PARAM [/whole_body_kinematic_controller/joints/head_1_joint/actuator_params/ball_screw_lead] by /roslaunch
[rosmaster.master][INFO] 2025-11-19 08:28:35,562: +PARAM [/whole_body_kinematic_controller/joints/head_1_joint/actuator_params/motor_torque_constant] by /roslaunch
[rosmaster.master][INFO] 2025-11-19 08:28:35,562: +PARAM [/whole_body_kinematic_controller/joints/head_1_joint/actuator_params/torque_sensor_offset] by /roslaunch
[rosmaster.master][INFO] 2025-11-19 08:28:35,562: +PARAM [/whole_body_kinematic_controller/joints/head_1_joint/actuator_params/reduction_ratio] by /roslaunch
[rosmaster.master][INFO] 2025-11-19 08:28:35,563: +PARAM [/whole_body_kinematic_controller/joints/head_1_joint/actuator_params/actuator_names] by /roslaunch
[rosmaster.master][INFO] 2025-11-19 08:28:35,563: +PARAM [/whole_body_kinematic_controller/joints/head_1_joint/actuator_params/check_mode] by /roslaunch
[rosmaster.master][INFO] 2025-11-19 08:28:35,563: +PARAM [/whole_body_kinematic_controller/joints/head_1_joint/actuator_params/motor_inertia] by /roslaunch
[rosmaster.master][INFO] 2025-11-19 08:28:35,563: +PARAM [/whole_body_kinematic_controller/joints/head_1_joint/actuator_params/static_friction] by /roslaunch
[rosmaster.master][INFO] 2025-11-19 08:28:35,564: +PARAM [/whole_body_kinematic_controller/joints/head_1_joint/actuator_params/viscous_friction] by /roslaunch
[rosmaster.master][INFO] 2025-11-19 08:28:35,564: +PARAM [/whole_body_kinematic_controller/joints/head_1_joint/actuator_params/joint_elasticity] by /roslaunch
[rosmaster.master][INFO] 2025-11-19 08:28:35,564: +PARAM [/whole_body_kinematic_controller/joints/head_1_joint/actuator_params/joint_elasticity_damping] by /roslaunch
[rosmaster.master][INFO] 2025-11-19 08:28:35,565: +PARAM [/whole_body_kinematic_controller/joints/head_1_joint/type] by /roslaunch
[rosmaster.master][INFO] 2025-11-19 08:28:35,565: +PARAM [/whole_body_kinematic_controller/joints/head_1_joint/check_mode] by /roslaunch
[rosmaster.master][INFO] 2025-11-19 08:28:35,565: +PARAM [/whole_body_kinematic_controller/joints/head_1_joint/open_loop] by /roslaunch
[rosmaster.master][INFO] 2025-11-19 08:28:35,565: +PARAM [/whole_body_kinematic_controller/joints/head_2_joint/actuator_params/ball_screw_efficiency] by /roslaunch
[rosmaster.master][INFO] 2025-11-19 08:28:35,566: +PARAM [/whole_body_kinematic_controller/joints/head_2_joint/actuator_params/ball_screw_lead] by /roslaunch
[rosmaster.master][INFO] 2025-11-19 08:28:35,566: +PARAM [/whole_body_kinematic_controller/joints/head_2_joint/actuator_params/motor_torque_constant] by /roslaunch
[rosmaster.master][INFO] 2025-11-19 08:28:35,566: +PARAM [/whole_body_kinematic_controller/joints/head_2_joint/actuator_params/torque_sensor_offset] by /roslaunch
[rosmaster.master][INFO] 2025-11-19 08:28:35,566: +PARAM [/whole_body_kinematic_controller/joints/head_2_joint/actuator_params/reduction_ratio] by /roslaunch
[rosmaster.master][INFO] 2025-11-19 08:28:35,567: +PARAM [/whole_body_kinematic_controller/joints/head_2_joint/actuator_params/actuator_names] by /roslaunch
[rosmaster.master][INFO] 2025-11-19 08:28:35,567: +PARAM [/whole_body_kinematic_controller/joints/head_2_joint/actuator_params/check_mode] by /roslaunch
[rosmaster.master][INFO] 2025-11-19 08:28:35,567: +PARAM [/whole_body_kinematic_controller/joints/head_2_joint/actuator_params/motor_inertia] by /roslaunch
[rosmaster.master][INFO] 2025-11-19 08:28:35,567: +PARAM [/whole_body_kinematic_controller/joints/head_2_joint/actuator_params/static_friction] by /roslaunch
[rosmaster.master][INFO] 2025-11-19 08:28:35,567: +PARAM [/whole_body_kinematic_controller/joints/head_2_joint/actuator_params/viscous_friction] by /roslaunch
[rosmaster.master][INFO] 2025-11-19 08:28:35,568: +PARAM [/whole_body_kinematic_controller/joints/head_2_joint/actuator_params/joint_elasticity] by /roslaunch
[rosmaster.master][INFO] 2025-11-19 08:28:35,568: +PARAM [/whole_body_kinematic_controller/joints/head_2_joint/actuator_params/joint_elasticity_damping] by /roslaunch
[rosmaster.master][INFO] 2025-11-19 08:28:35,568: +PARAM [/whole_body_kinematic_controller/joints/head_2_joint/type] by /roslaunch
[rosmaster.master][INFO] 2025-11-19 08:28:35,568: +PARAM [/whole_body_kinematic_controller/joints/head_2_joint/check_mode] by /roslaunch
[rosmaster.master][INFO] 2025-11-19 08:28:35,569: +PARAM [/whole_body_kinematic_controller/joints/head_2_joint/open_loop] by /roslaunch
[rosmaster.master][INFO] 2025-11-19 08:28:35,569: +PARAM [/whole_body_kinematic_controller/joints/torso_lift_joint/actuator_params/ball_screw_efficiency] by /roslaunch
[rosmaster.master][INFO] 2025-11-19 08:28:35,569: +PARAM [/whole_body_kinematic_controller/joints/torso_lift_joint/actuator_params/ball_screw_lead] by /roslaunch
[rosmaster.master][INFO] 2025-11-19 08:28:35,569: +PARAM [/whole_body_kinematic_controller/joints/torso_lift_joint/actuator_params/motor_torque_constant] by /roslaunch
[rosmaster.master][INFO] 2025-11-19 08:28:35,570: +PARAM [/whole_body_kinematic_controller/joints/torso_lift_joint/actuator_params/torque_sensor_offset] by /roslaunch
[rosmaster.master][INFO] 2025-11-19 08:28:35,570: +PARAM [/whole_body_kinematic_controller/joints/torso_lift_joint/actuator_params/reduction_ratio] by /roslaunch
[rosmaster.master][INFO] 2025-11-19 08:28:35,570: +PARAM [/whole_body_kinematic_controller/joints/torso_lift_joint/actuator_params/actuator_names] by /roslaunch
[rosmaster.master][INFO] 2025-11-19 08:28:35,570: +PARAM [/whole_body_kinematic_controller/joints/torso_lift_joint/actuator_params/check_mode] by /roslaunch
[rosmaster.master][INFO] 2025-11-19 08:28:35,571: +PARAM [/whole_body_kinematic_controller/joints/torso_lift_joint/actuator_params/motor_inertia] by /roslaunch
[rosmaster.master][INFO] 2025-11-19 08:28:35,571: +PARAM [/whole_body_kinematic_controller/joints/torso_lift_joint/actuator_params/static_friction] by /roslaunch
[rosmaster.master][INFO] 2025-11-19 08:28:35,571: +PARAM [/whole_body_kinematic_controller/joints/torso_lift_joint/actuator_params/viscous_friction] by /roslaunch
[rosmaster.master][INFO] 2025-11-19 08:28:35,571: +PARAM [/whole_body_kinematic_controller/joints/torso_lift_joint/actuator_params/joint_elasticity] by /roslaunch
[rosmaster.master][INFO] 2025-11-19 08:28:35,572: +PARAM [/whole_body_kinematic_controller/joints/torso_lift_joint/actuator_params/joint_elasticity_damping] by /roslaunch
[rosmaster.master][INFO] 2025-11-19 08:28:35,572: +PARAM [/whole_body_kinematic_controller/joints/torso_lift_joint/type] by /roslaunch
[rosmaster.master][INFO] 2025-11-19 08:28:35,572: +PARAM [/whole_body_kinematic_controller/joints/torso_lift_joint/check_mode] by /roslaunch
[rosmaster.master][INFO] 2025-11-19 08:28:35,572: +PARAM [/whole_body_kinematic_controller/joints/torso_lift_joint/open_loop] by /roslaunch
[rosmaster.master][INFO] 2025-11-19 08:28:35,900: +PUB [/rosout] /head_controller/point_head_action http://127.0.0.1:40699/
[rosmaster.master][INFO] 2025-11-19 08:28:35,903: +SERVICE [/head_controller/point_head_action/get_loggers] /head_controller/point_head_action http://127.0.0.1:40699/
[rosmaster.master][INFO] 2025-11-19 08:28:35,905: +SERVICE [/head_controller/point_head_action/set_logger_level] /head_controller/point_head_action http://127.0.0.1:40699/
[rosmaster.master][INFO] 2025-11-19 08:28:35,919: +SUB [/clock] /head_controller/point_head_action http://127.0.0.1:40699/
[rosmaster.master][INFO] 2025-11-19 08:28:35,930: +SUB [/tf] /head_controller/point_head_action http://127.0.0.1:40699/
[rosmaster.master][INFO] 2025-11-19 08:28:35,940: +SUB [/tf_static] /head_controller/point_head_action http://127.0.0.1:40699/
[rosmaster.master][INFO] 2025-11-19 08:28:35,951: +PUB [/head_controller/command] /head_controller/point_head_action http://127.0.0.1:40699/
[rosmaster.master][INFO] 2025-11-19 08:28:35,960: +SUB [/head_controller/state] /head_controller/point_head_action http://127.0.0.1:40699/
[rosmaster.master][INFO] 2025-11-19 08:28:35,965: +CACHEDPARAM [/rosout_disable_topics_generation] by /head_controller/point_head_action
[rosmaster.master][INFO] 2025-11-19 08:28:35,980: publisherUpdate[/rosout] -> http://127.0.0.1:38733/ ['http://127.0.0.1:40699/']
[rosmaster.master][INFO] 2025-11-19 08:28:36,038: +PUB [/head_controller/point_head_action/result] /head_controller/point_head_action http://127.0.0.1:40699/
[rosmaster.master][INFO] 2025-11-19 08:28:36,041: +PUB [/head_controller/point_head_action/feedback] /head_controller/point_head_action http://127.0.0.1:40699/
[rosmaster.master][INFO] 2025-11-19 08:28:36,044: +PUB [/head_controller/point_head_action/status] /head_controller/point_head_action http://127.0.0.1:40699/
[rosmaster.master][INFO] 2025-11-19 08:28:36,060: +SUB [/head_controller/point_head_action/goal] /head_controller/point_head_action http://127.0.0.1:40699/
[rosmaster.master][INFO] 2025-11-19 08:28:36,070: +SUB [/head_controller/point_head_action/cancel] /head_controller/point_head_action http://127.0.0.1:40699/
[rosmaster.master][INFO] 2025-11-19 08:28:36,115: publisherUpdate[/rosout] -> http://127.0.0.1:38733/ ['http://127.0.0.1:40699/']: sec=0.13, result=[1, '', 0]
[rosmaster.master][INFO] 2025-11-19 08:28:36,565: +PUB [/rosout] /play_motion http://127.0.0.1:33631/
[rosmaster.master][INFO] 2025-11-19 08:28:36,570: +SERVICE [/play_motion/get_loggers] /play_motion http://127.0.0.1:33631/
[rosmaster.master][INFO] 2025-11-19 08:28:36,576: +SERVICE [/play_motion/set_logger_level] /play_motion http://127.0.0.1:33631/
[rosmaster.master][INFO] 2025-11-19 08:28:36,602: +SUB [/clock] /play_motion http://127.0.0.1:33631/
[rosmaster.master][INFO] 2025-11-19 08:28:36,618: publisherUpdate[/rosout] -> http://127.0.0.1:38733/ ['http://127.0.0.1:40699/', 'http://127.0.0.1:33631/']
[rosmaster.master][INFO] 2025-11-19 08:28:36,750: +SUB [/joint_states] /play_motion http://127.0.0.1:33631/
[rosmaster.master][INFO] 2025-11-19 08:28:36,764: publisherUpdate[/rosout] -> http://127.0.0.1:38733/ ['http://127.0.0.1:40699/', 'http://127.0.0.1:33631/']: sec=0.15, result=[1, '', 0]
[rosmaster.master][INFO] 2025-11-19 08:28:36,776: +PUB [/rosout] /move_group http://127.0.0.1:39653/
[rosmaster.master][INFO] 2025-11-19 08:28:36,798: +SERVICE [/move_group/get_loggers] /move_group http://127.0.0.1:39653/
[rosmaster.master][INFO] 2025-11-19 08:28:36,800: +SERVICE [/move_group/set_logger_level] /move_group http://127.0.0.1:39653/
[rosmaster.master][INFO] 2025-11-19 08:28:36,832: +SUB [/tf] /play_motion http://127.0.0.1:33631/
[rosmaster.master][INFO] 2025-11-19 08:28:36,845: +SUB [/clock] /move_group http://127.0.0.1:39653/
[rosmaster.master][INFO] 2025-11-19 08:28:36,851: publisherUpdate[/rosout] -> http://127.0.0.1:38733/ ['http://127.0.0.1:40699/', 'http://127.0.0.1:33631/', 'http://127.0.0.1:39653/']
[rosmaster.master][INFO] 2025-11-19 08:28:36,872: +PUB [/rosout] /robot_state_publisher http://127.0.0.1:44159/
[rosmaster.master][INFO] 2025-11-19 08:28:36,889: +PUB [/rosout] /tf_lookup http://127.0.0.1:42129/
[rosmaster.master][INFO] 2025-11-19 08:28:36,904: +SERVICE [/tf_lookup/get_loggers] /tf_lookup http://127.0.0.1:42129/
[rosmaster.master][INFO] 2025-11-19 08:28:36,915: +SERVICE [/tf_lookup/set_logger_level] /tf_lookup http://127.0.0.1:42129/
[rosmaster.master][INFO] 2025-11-19 08:28:36,925: +PUB [/rosout] /twist_marker http://127.0.0.1:32845/
[rosmaster.master][INFO] 2025-11-19 08:28:36,938: +SERVICE [/robot_state_publisher/get_loggers] /robot_state_publisher http://127.0.0.1:44159/
[rosmaster.master][INFO] 2025-11-19 08:28:36,940: +SERVICE [/twist_marker/get_loggers] /twist_marker http://127.0.0.1:32845/
[rosmaster.master][INFO] 2025-11-19 08:28:36,949: +SUB [/tf_static] /play_motion http://127.0.0.1:33631/
[rosmaster.master][INFO] 2025-11-19 08:28:36,956: +SERVICE [/twist_marker/set_logger_level] /twist_marker http://127.0.0.1:32845/
[rosmaster.master][INFO] 2025-11-19 08:28:36,968: +SERVICE [/robot_state_publisher/set_logger_level] /robot_state_publisher http://127.0.0.1:44159/
[rosmaster.master][INFO] 2025-11-19 08:28:36,978: +PUB [/rosout] /twist_mux http://127.0.0.1:39189/
[rosmaster.master][INFO] 2025-11-19 08:28:36,982: publisherUpdate[/rosout] -> http://127.0.0.1:38733/ ['http://127.0.0.1:40699/', 'http://127.0.0.1:33631/', 'http://127.0.0.1:39653/']: sec=0.13, result=[1, '', 0]
[rosmaster.master][INFO] 2025-11-19 08:28:36,983: publisherUpdate[/rosout] -> http://127.0.0.1:38733/ ['http://127.0.0.1:40699/', 'http://127.0.0.1:33631/', 'http://127.0.0.1:39653/', 'http://127.0.0.1:44159/']
[rosmaster.master][INFO] 2025-11-19 08:28:37,014: publisherUpdate[/rosout] -> http://127.0.0.1:38733/ ['http://127.0.0.1:40699/', 'http://127.0.0.1:33631/', 'http://127.0.0.1:39653/', 'http://127.0.0.1:44159/']: sec=0.03, result=[1, '', 0]
[rosmaster.master][INFO] 2025-11-19 08:28:37,023: publisherUpdate[/rosout] -> http://127.0.0.1:38733/ ['http://127.0.0.1:40699/', 'http://127.0.0.1:33631/', 'http://127.0.0.1:39653/', 'http://127.0.0.1:44159/', 'http://127.0.0.1:42129/']
[rosmaster.master][INFO] 2025-11-19 08:28:37,023: +SERVICE [/twist_mux/get_loggers] /twist_mux http://127.0.0.1:39189/
[rosmaster.master][INFO] 2025-11-19 08:28:37,032: +CACHEDPARAM [/rosout_disable_topics_generation] by /move_group
[rosmaster.master][INFO] 2025-11-19 08:28:37,038: +SUB [/clock] /robot_state_publisher http://127.0.0.1:44159/
[rosmaster.master][INFO] 2025-11-19 08:28:37,061: +SUB [/clock] /tf_lookup http://127.0.0.1:42129/
[rosmaster.master][INFO] 2025-11-19 08:28:37,060: +PARAM [/move_group/default_planning_pipeline] by /move_group
[rosmaster.master][INFO] 2025-11-19 08:28:37,067: +SUB [/clock] /twist_marker http://127.0.0.1:32845/
[rosmaster.master][INFO] 2025-11-19 08:28:37,091: +SERVICE [/twist_mux/set_logger_level] /twist_mux http://127.0.0.1:39189/
[rosmaster.master][INFO] 2025-11-19 08:28:37,093: +PUB [/twist_marker] /twist_marker http://127.0.0.1:32845/
[rosmaster.master][INFO] 2025-11-19 08:28:37,118: publisherUpdate[/rosout] -> http://127.0.0.1:38733/ ['http://127.0.0.1:40699/', 'http://127.0.0.1:33631/', 'http://127.0.0.1:39653/', 'http://127.0.0.1:44159/', 'http://127.0.0.1:42129/']: sec=0.09, result=[1, '', 0]
[rosmaster.master][INFO] 2025-11-19 08:28:37,129: publisherUpdate[/rosout] -> http://127.0.0.1:38733/ ['http://127.0.0.1:40699/', 'http://127.0.0.1:33631/', 'http://127.0.0.1:39653/', 'http://127.0.0.1:44159/', 'http://127.0.0.1:42129/', 'http://127.0.0.1:32845/']
[rosmaster.master][INFO] 2025-11-19 08:28:37,137: publisherUpdate[/rosout] -> http://127.0.0.1:38733/ ['http://127.0.0.1:40699/', 'http://127.0.0.1:33631/', 'http://127.0.0.1:39653/', 'http://127.0.0.1:44159/', 'http://127.0.0.1:42129/', 'http://127.0.0.1:32845/']: sec=0.01, result=[1, '', 0]
[rosmaster.master][INFO] 2025-11-19 08:28:37,138: publisherUpdate[/rosout] -> http://127.0.0.1:38733/ ['http://127.0.0.1:40699/', 'http://127.0.0.1:33631/', 'http://127.0.0.1:39653/', 'http://127.0.0.1:44159/', 'http://127.0.0.1:42129/', 'http://127.0.0.1:32845/', 'http://127.0.0.1:39189/']
[rosmaster.master][INFO] 2025-11-19 08:28:37,209: +SUB [/tf] /move_group http://127.0.0.1:39653/
[rosmaster.master][INFO] 2025-11-19 08:28:37,215: publisherUpdate[/rosout] -> http://127.0.0.1:38733/ ['http://127.0.0.1:40699/', 'http://127.0.0.1:33631/', 'http://127.0.0.1:39653/', 'http://127.0.0.1:44159/', 'http://127.0.0.1:42129/', 'http://127.0.0.1:32845/', 'http://127.0.0.1:39189/']: sec=0.08, result=[1, '', 0]
[rosmaster.master][INFO] 2025-11-19 08:28:37,238: +CACHEDPARAM [/rosout_disable_topics_generation] by /play_motion
[rosmaster.master][INFO] 2025-11-19 08:28:37,342: +CACHEDPARAM [/rosout/omit_topics] by /rosout
[rosmaster.master][INFO] 2025-11-19 08:28:37,355: +SUB [/mobile_base_controller/cmd_vel] /twist_marker http://127.0.0.1:32845/
[rosmaster.master][INFO] 2025-11-19 08:28:37,374: +SUB [/tf] /tf_lookup http://127.0.0.1:42129/
[rosmaster.master][INFO] 2025-11-19 08:28:37,380: +SUB [/clock] /twist_mux http://127.0.0.1:39189/
[rosmaster.master][INFO] 2025-11-19 08:28:37,384: +PUB [/tf] /robot_state_publisher http://127.0.0.1:44159/
[rosmaster.master][INFO] 2025-11-19 08:28:37,397: +CACHEDPARAM [/twist_mux/topics] by /twist_mux
[rosmaster.master][INFO] 2025-11-19 08:28:37,399: +PUB [/tf_static] /robot_state_publisher http://127.0.0.1:44159/
[rosmaster.master][INFO] 2025-11-19 08:28:37,408: +SUB [/tf_static] /move_group http://127.0.0.1:39653/
[rosmaster.master][INFO] 2025-11-19 08:28:37,416: publisherUpdate[/tf] -> http://127.0.0.1:40699/ ['http://127.0.0.1:44159/']
[rosmaster.master][INFO] 2025-11-19 08:28:37,541: publisherUpdate[/tf] -> http://127.0.0.1:33631/ ['http://127.0.0.1:44159/']
[rosmaster.master][INFO] 2025-11-19 08:28:37,562: publisherUpdate[/tf] -> http://127.0.0.1:39653/ ['http://127.0.0.1:44159/']
[rosmaster.master][INFO] 2025-11-19 08:28:37,563: +CACHEDPARAM [/rosout_disable_topics_generation] by /twist_mux
[rosmaster.master][INFO] 2025-11-19 08:28:37,614: +SUB [/tf_static] /tf_lookup http://127.0.0.1:42129/
[rosmaster.master][INFO] 2025-11-19 08:28:37,718: +CACHEDPARAM [/rosout_disable_topics_generation] by /tf_lookup
[rosmaster.master][INFO] 2025-11-19 08:28:37,730: +SUB [/joint_states] /robot_state_publisher http://127.0.0.1:44159/
[rosmaster.master][INFO] 2025-11-19 08:28:37,734: +SUB [/nav_vel] /twist_mux http://127.0.0.1:39189/
[rosmaster.master][INFO] 2025-11-19 08:28:37,737: +SERVICE [/lookupTransform] /tf_lookup http://127.0.0.1:42129/
[rosmaster.master][INFO] 2025-11-19 08:28:37,720: publisherUpdate[/tf] -> http://127.0.0.1:40699/ ['http://127.0.0.1:44159/']: sec=0.30, result=[1, '', 0]
[rosmaster.master][INFO] 2025-11-19 08:28:37,745: publisherUpdate[/tf] -> http://127.0.0.1:39653/ ['http://127.0.0.1:44159/']: sec=0.15, result=[1, '', 0]
[rosmaster.master][INFO] 2025-11-19 08:28:37,747: publisherUpdate[/tf_static] -> http://127.0.0.1:40699/ ['http://127.0.0.1:44159/']
[rosmaster.master][INFO] 2025-11-19 08:28:37,745: publisherUpdate[/tf] -> http://127.0.0.1:42129/ ['http://127.0.0.1:44159/']
[rosmaster.master][INFO] 2025-11-19 08:28:37,747: publisherUpdate[/tf] -> http://127.0.0.1:33631/ ['http://127.0.0.1:44159/']: sec=0.16, result=[1, '', 0]
[rosmaster.master][INFO] 2025-11-19 08:28:37,888: publisherUpdate[/tf_static] -> http://127.0.0.1:33631/ ['http://127.0.0.1:44159/']
[rosmaster.master][INFO] 2025-11-19 08:28:37,888: publisherUpdate[/tf] -> http://127.0.0.1:42129/ ['http://127.0.0.1:44159/']: sec=0.14, result=[1, '', 0]
[rosmaster.master][INFO] 2025-11-19 08:28:37,896: publisherUpdate[/rosout] -> http://127.0.0.1:38733/ ['http://127.0.0.1:40699/', 'http://127.0.0.1:33631/', 'http://127.0.0.1:39653/', 'http://127.0.0.1:44159/', 'http://127.0.0.1:42129/', 'http://127.0.0.1:32845/', 'http://127.0.0.1:39189/', 'http://127.0.0.1:41425/']
[rosmaster.master][INFO] 2025-11-19 08:28:37,767: +PUB [/rosout] /image_raw_to_rect_color_relay http://127.0.0.1:41425/
[rosmaster.master][INFO] 2025-11-19 08:28:37,898: +PUB [/tf_lookup/result] /tf_lookup http://127.0.0.1:42129/
[rosmaster.master][INFO] 2025-11-19 08:28:37,899: +SUB [/joy_vel] /twist_mux http://127.0.0.1:39189/
[rosmaster.master][INFO] 2025-11-19 08:28:37,901: +SERVICE [/image_raw_to_rect_color_relay/get_loggers] /image_raw_to_rect_color_relay http://127.0.0.1:41425/
[rosmaster.master][INFO] 2025-11-19 08:28:37,892: publisherUpdate[/tf_static] -> http://127.0.0.1:33631/ ['http://127.0.0.1:44159/']: sec=0.00, result=[1, '', 0]
[rosmaster.master][INFO] 2025-11-19 08:28:37,909: publisherUpdate[/rosout] -> http://127.0.0.1:38733/ ['http://127.0.0.1:40699/', 'http://127.0.0.1:33631/', 'http://127.0.0.1:39653/', 'http://127.0.0.1:44159/', 'http://127.0.0.1:42129/', 'http://127.0.0.1:32845/', 'http://127.0.0.1:39189/', 'http://127.0.0.1:41425/']: sec=0.01, result=[1, '', 0]
[rosmaster.master][INFO] 2025-11-19 08:28:37,911: +PUB [/tf_lookup/feedback] /tf_lookup http://127.0.0.1:42129/
[rosmaster.master][INFO] 2025-11-19 08:28:37,914: +PUB [/tf_lookup/status] /tf_lookup http://127.0.0.1:42129/
[rosmaster.master][INFO] 2025-11-19 08:28:37,918: +SERVICE [/image_raw_to_rect_color_relay/set_logger_level] /image_raw_to_rect_color_relay http://127.0.0.1:41425/
[rosmaster.master][INFO] 2025-11-19 08:28:37,936: +SUB [/key_vel] /twist_mux http://127.0.0.1:39189/
[rosmaster.master][INFO] 2025-11-19 08:28:38,064: publisherUpdate[/tf_static] -> http://127.0.0.1:40699/ ['http://127.0.0.1:44159/']: sec=0.32, result=[1, '', 0]
[rosmaster.master][INFO] 2025-11-19 08:28:38,085: +SUB [/clock] /image_raw_to_rect_color_relay http://127.0.0.1:41425/
[rosmaster.master][INFO] 2025-11-19 08:28:38,122: +SUB [/tab_vel] /twist_mux http://127.0.0.1:39189/
[rosmaster.master][INFO] 2025-11-19 08:28:38,148: +PUB [/rosout] /throttle_filtering_points http://127.0.0.1:43263/
[rosmaster.master][INFO] 2025-11-19 08:28:38,154: +SUB [/tf_lookup/goal] /tf_lookup http://127.0.0.1:42129/
[rosmaster.master][INFO] 2025-11-19 08:28:38,158: publisherUpdate[/rosout] -> http://127.0.0.1:38733/ ['http://127.0.0.1:40699/', 'http://127.0.0.1:33631/', 'http://127.0.0.1:39653/', 'http://127.0.0.1:44159/', 'http://127.0.0.1:42129/', 'http://127.0.0.1:32845/', 'http://127.0.0.1:39189/', 'http://127.0.0.1:41425/', 'http://127.0.0.1:43263/']
[rosmaster.master][INFO] 2025-11-19 08:28:38,162: publisherUpdate[/rosout] -> http://127.0.0.1:38733/ ['http://127.0.0.1:40699/', 'http://127.0.0.1:33631/', 'http://127.0.0.1:39653/', 'http://127.0.0.1:44159/', 'http://127.0.0.1:42129/', 'http://127.0.0.1:32845/', 'http://127.0.0.1:39189/', 'http://127.0.0.1:41425/', 'http://127.0.0.1:43263/']: sec=0.00, result=[1, '', 0]
[rosmaster.master][INFO] 2025-11-19 08:28:38,167: +SERVICE [/throttle_filtering_points/get_loggers] /throttle_filtering_points http://127.0.0.1:43263/
[rosmaster.master][INFO] 2025-11-19 08:28:38,170: +SERVICE [/throttle_filtering_points/set_logger_level] /throttle_filtering_points http://127.0.0.1:43263/
[rosmaster.master][INFO] 2025-11-19 08:28:38,189: +SUB [/marker_vel] /twist_mux http://127.0.0.1:39189/
[rosmaster.master][INFO] 2025-11-19 08:28:38,224: +SUB [/xtion/rgb/image_raw] /image_raw_to_rect_color_relay http://127.0.0.1:41425/
[rosmaster.master][INFO] 2025-11-19 08:28:38,227: +SUB [/tf_lookup/cancel] /tf_lookup http://127.0.0.1:42129/
[rosmaster.master][INFO] 2025-11-19 08:28:38,244: +PUB [/rosout] /xtion/rgb/image_proc http://127.0.0.1:34729/
[rosmaster.master][INFO] 2025-11-19 08:28:38,248: +SUB [/phone_vel] /twist_mux http://127.0.0.1:39189/
[rosmaster.master][INFO] 2025-11-19 08:28:38,254: +SERVICE [/xtion/rgb/image_proc/get_loggers] /xtion/rgb/image_proc http://127.0.0.1:34729/
[rosmaster.master][INFO] 2025-11-19 08:28:38,256: +PUB [/tf_stream/result] /tf_lookup http://127.0.0.1:42129/
[rosmaster.master][INFO] 2025-11-19 08:28:38,265: +SERVICE [/xtion/rgb/image_proc/set_logger_level] /xtion/rgb/image_proc http://127.0.0.1:34729/
[rosmaster.master][INFO] 2025-11-19 08:28:38,268: +SUB [/clock] /throttle_filtering_points http://127.0.0.1:43263/
[rosmaster.master][INFO] 2025-11-19 08:28:38,269: publisherUpdate[/rosout] -> http://127.0.0.1:38733/ ['http://127.0.0.1:40699/', 'http://127.0.0.1:33631/', 'http://127.0.0.1:39653/', 'http://127.0.0.1:44159/', 'http://127.0.0.1:42129/', 'http://127.0.0.1:32845/', 'http://127.0.0.1:39189/', 'http://127.0.0.1:41425/', 'http://127.0.0.1:43263/', 'http://127.0.0.1:34729/']
[rosmaster.master][INFO] 2025-11-19 08:28:38,274: publisherUpdate[/rosout] -> http://127.0.0.1:38733/ ['http://127.0.0.1:40699/', 'http://127.0.0.1:33631/', 'http://127.0.0.1:39653/', 'http://127.0.0.1:44159/', 'http://127.0.0.1:42129/', 'http://127.0.0.1:32845/', 'http://127.0.0.1:39189/', 'http://127.0.0.1:41425/', 'http://127.0.0.1:43263/', 'http://127.0.0.1:34729/']: sec=0.00, result=[1, '', 0]
[rosmaster.master][INFO] 2025-11-19 08:28:38,279: +PUB [/tf_stream/feedback] /tf_lookup http://127.0.0.1:42129/
[rosmaster.master][INFO] 2025-11-19 08:28:38,287: +PUB [/tf_stream/status] /tf_lookup http://127.0.0.1:42129/
[rosmaster.master][INFO] 2025-11-19 08:28:38,301: +SUB [/rviz_joy_vel] /twist_mux http://127.0.0.1:39189/
[rosmaster.master][INFO] 2025-11-19 08:28:38,351: +SUB [/tf_stream/goal] /tf_lookup http://127.0.0.1:42129/
[rosmaster.master][INFO] 2025-11-19 08:28:38,365: +SUB [/servoing_cmd_vel] /twist_mux http://127.0.0.1:39189/
[rosmaster.master][INFO] 2025-11-19 08:28:38,371: +SUB [/clock] /xtion/rgb/image_proc http://127.0.0.1:34729/
[rosmaster.master][INFO] 2025-11-19 08:28:38,378: +CACHEDPARAM [/twist_mux/locks] by /twist_mux
[rosmaster.master][INFO] 2025-11-19 08:28:38,413: +SUB [/tf_stream/cancel] /tf_lookup http://127.0.0.1:42129/
[rosmaster.master][INFO] 2025-11-19 08:28:38,440: +SUB [/pause_navigation] /twist_mux http://127.0.0.1:39189/
[rosmaster.master][INFO] 2025-11-19 08:28:38,470: +SUB [/stop_closing_loop] /twist_mux http://127.0.0.1:39189/
[rosmaster.master][INFO] 2025-11-19 08:28:38,502: +SUB [/joy_priority] /twist_mux http://127.0.0.1:39189/
[rosmaster.master][INFO] 2025-11-19 08:28:38,508: +PUB [/mobile_base_controller/cmd_vel] /twist_mux http://127.0.0.1:39189/
[rosmaster.master][INFO] 2025-11-19 08:28:38,514: +PUB [/diagnostics] /twist_mux http://127.0.0.1:39189/
[rosmaster.master][INFO] 2025-11-19 08:28:38,521: +CACHEDPARAM [/twist_mux/diagnostic_period] by /twist_mux
[rosmaster.master][INFO] 2025-11-19 08:28:38,577: publisherUpdate[/mobile_base_controller/cmd_vel] -> http://127.0.0.1:32845/ ['http://127.0.0.1:39189/']
[rosmaster.master][INFO] 2025-11-19 08:28:38,797: publisherUpdate[/mobile_base_controller/cmd_vel] -> http://127.0.0.1:32845/ ['http://127.0.0.1:39189/']: sec=0.22, result=[1, '', 0]
[rosmaster.master][INFO] 2025-11-19 08:28:40,488: +PUB [/trajectory_execution_event] /play_motion http://127.0.0.1:33631/
[rosmaster.master][INFO] 2025-11-19 08:28:40,499: +PUB [/attached_collision_object] /play_motion http://127.0.0.1:33631/
[rosmaster.master][INFO] 2025-11-19 08:28:40,637: +SERVICE [/move_group/planning_scene_monitor/set_parameters] /move_group http://127.0.0.1:39653/
[rosmaster.master][INFO] 2025-11-19 08:28:40,643: +PUB [/rosout] /is_already_there http://127.0.0.1:35139/
[rosmaster.master][INFO] 2025-11-19 08:28:40,647: +PUB [/move_group/planning_scene_monitor/parameter_descriptions] /move_group http://127.0.0.1:39653/
[rosmaster.master][INFO] 2025-11-19 08:28:40,653: +PUB [/move_group/planning_scene_monitor/parameter_updates] /move_group http://127.0.0.1:39653/
[rosmaster.master][INFO] 2025-11-19 08:28:40,668: +SUB [/clock] /is_already_there http://127.0.0.1:35139/
[rosmaster.master][INFO] 2025-11-19 08:28:40,684: +SERVICE [/is_already_there/get_loggers] /is_already_there http://127.0.0.1:35139/
[rosmaster.master][INFO] 2025-11-19 08:28:40,689: +PARAM [/move_group/planning_scene_monitor/publish_planning_scene] by /move_group
[rosmaster.master][INFO] 2025-11-19 08:28:40,693: +SERVICE [/is_already_there/set_logger_level] /is_already_there http://127.0.0.1:35139/
[rosmaster.master][INFO] 2025-11-19 08:28:40,701: +PARAM [/move_group/planning_scene_monitor/publish_planning_scene_hz] by /move_group
[rosmaster.master][INFO] 2025-11-19 08:28:40,704: +PARAM [/move_group/planning_scene_monitor/publish_geometry_updates] by /move_group
[rosmaster.master][INFO] 2025-11-19 08:28:40,707: +SERVICE [/play_motion/is_already_there] /is_already_there http://127.0.0.1:35139/
[rosmaster.master][INFO] 2025-11-19 08:28:40,711: +PARAM [/move_group/planning_scene_monitor/publish_state_updates] by /move_group
[rosmaster.master][INFO] 2025-11-19 08:28:40,718: publisherUpdate[/rosout] -> http://127.0.0.1:38733/ ['http://127.0.0.1:40699/', 'http://127.0.0.1:33631/', 'http://127.0.0.1:39653/', 'http://127.0.0.1:44159/', 'http://127.0.0.1:42129/', 'http://127.0.0.1:32845/', 'http://127.0.0.1:39189/', 'http://127.0.0.1:41425/', 'http://127.0.0.1:43263/', 'http://127.0.0.1:34729/', 'http://127.0.0.1:35139/']
[rosmaster.master][INFO] 2025-11-19 08:28:40,720: +PARAM [/move_group/planning_scene_monitor/publish_transforms_updates] by /move_group
[rosmaster.master][INFO] 2025-11-19 08:28:40,723: +SUB [/joint_states] /is_already_there http://127.0.0.1:35139/
[rosmaster.master][INFO] 2025-11-19 08:28:40,725: publisherUpdate[/rosout] -> http://127.0.0.1:38733/ ['http://127.0.0.1:40699/', 'http://127.0.0.1:33631/', 'http://127.0.0.1:39653/', 'http://127.0.0.1:44159/', 'http://127.0.0.1:42129/', 'http://127.0.0.1:32845/', 'http://127.0.0.1:39189/', 'http://127.0.0.1:41425/', 'http://127.0.0.1:43263/', 'http://127.0.0.1:34729/', 'http://127.0.0.1:35139/']: sec=0.01, result=[1, '', 0]
[rosmaster.master][INFO] 2025-11-19 08:28:40,736: +PUB [/move_group/monitored_planning_scene] /move_group http://127.0.0.1:39653/
[rosmaster.master][INFO] 2025-11-19 08:28:40,739: +PARAM [/move_group/planning_scene_monitor/publish_planning_scene] by /move_group
[rosmaster.master][INFO] 2025-11-19 08:28:40,746: +PARAM [/move_group/planning_scene_monitor/publish_planning_scene_hz] by /move_group
[rosmaster.master][INFO] 2025-11-19 08:28:40,750: +PARAM [/move_group/planning_scene_monitor/publish_geometry_updates] by /move_group
[rosmaster.master][INFO] 2025-11-19 08:28:40,757: +PARAM [/move_group/planning_scene_monitor/publish_state_updates] by /move_group
[rosmaster.master][INFO] 2025-11-19 08:28:40,763: +PARAM [/move_group/planning_scene_monitor/publish_transforms_updates] by /move_group
[rosmaster.master][INFO] 2025-11-19 08:28:40,799: +SUB [/joint_states] /move_group http://127.0.0.1:39653/
[rosmaster.master][INFO] 2025-11-19 08:28:40,829: +SUB [/attached_collision_object] /move_group http://127.0.0.1:39653/
[rosmaster.master][INFO] 2025-11-19 08:28:40,863: +SUB [/planning_scene] /move_group http://127.0.0.1:39653/
[rosmaster.master][INFO] 2025-11-19 08:28:40,870: +SERVICE [/xtion/rgb/image_proc_debayer/set_parameters] /xtion/rgb/image_proc http://127.0.0.1:34729/
[rosmaster.master][INFO] 2025-11-19 08:28:40,872: +PUB [/xtion/rgb/image_proc_debayer/parameter_descriptions] /xtion/rgb/image_proc http://127.0.0.1:34729/
[rosmaster.master][INFO] 2025-11-19 08:28:40,876: +PUB [/xtion/rgb/image_proc_debayer/parameter_updates] /xtion/rgb/image_proc http://127.0.0.1:34729/
[rosmaster.master][INFO] 2025-11-19 08:28:40,880: +PARAM [/xtion/rgb/image_proc_debayer/debayer] by /xtion/rgb/image_proc
[rosmaster.master][INFO] 2025-11-19 08:28:40,895: +PARAM [/xtion/rgb/image_proc_debayer/debayer] by /xtion/rgb/image_proc
[rosmaster.master][INFO] 2025-11-19 08:28:40,914: +SUB [/collision_object] /move_group http://127.0.0.1:39653/
[rosmaster.master][INFO] 2025-11-19 08:28:40,950: +SUB [/planning_scene_world] /move_group http://127.0.0.1:39653/
[rosmaster.master][INFO] 2025-11-19 08:28:40,958: +PUB [/xtion/rgb/image_mono/compressedDepth] /xtion/rgb/image_proc http://127.0.0.1:34729/
[rosmaster.master][INFO] 2025-11-19 08:28:40,970: +SERVICE [/xtion/rgb/image_mono/compressedDepth/set_parameters] /xtion/rgb/image_proc http://127.0.0.1:34729/
[rosmaster.master][INFO] 2025-11-19 08:28:40,974: +SERVICE [/move_group/save_map] /move_group http://127.0.0.1:39653/
[rosmaster.master][INFO] 2025-11-19 08:28:40,980: +PUB [/xtion/rgb/image_mono/compressedDepth/parameter_descriptions] /xtion/rgb/image_proc http://127.0.0.1:34729/
[rosmaster.master][INFO] 2025-11-19 08:28:40,983: +SERVICE [/move_group/load_map] /move_group http://127.0.0.1:39653/
[rosmaster.master][INFO] 2025-11-19 08:28:40,990: +PUB [/xtion/rgb/image_mono/compressedDepth/parameter_updates] /xtion/rgb/image_proc http://127.0.0.1:34729/
[rosmaster.master][INFO] 2025-11-19 08:28:41,016: +PARAM [/xtion/rgb/image_mono/compressedDepth/format] by /xtion/rgb/image_proc
[rosmaster.master][INFO] 2025-11-19 08:28:41,025: +PARAM [/xtion/rgb/image_mono/compressedDepth/depth_max] by /xtion/rgb/image_proc
[rosmaster.master][INFO] 2025-11-19 08:28:41,029: +PARAM [/xtion/rgb/image_mono/compressedDepth/depth_quantization] by /xtion/rgb/image_proc
[rosmaster.master][INFO] 2025-11-19 08:28:41,036: +PARAM [/xtion/rgb/image_mono/compressedDepth/png_level] by /xtion/rgb/image_proc
[rosmaster.master][INFO] 2025-11-19 08:28:41,045: +PARAM [/xtion/rgb/image_mono/compressedDepth/format] by /xtion/rgb/image_proc
[rosmaster.master][INFO] 2025-11-19 08:28:41,053: +PARAM [/xtion/rgb/image_mono/compressedDepth/depth_max] by /xtion/rgb/image_proc
[rosmaster.master][INFO] 2025-11-19 08:28:41,062: +PARAM [/xtion/rgb/image_mono/compressedDepth/depth_quantization] by /xtion/rgb/image_proc
[rosmaster.master][INFO] 2025-11-19 08:28:41,071: +PARAM [/xtion/rgb/image_mono/compressedDepth/png_level] by /xtion/rgb/image_proc
[rosmaster.master][INFO] 2025-11-19 08:28:41,109: +PUB [/xtion/rgb/image_mono/compressed] /xtion/rgb/image_proc http://127.0.0.1:34729/
[rosmaster.master][INFO] 2025-11-19 08:28:41,118: +SERVICE [/xtion/rgb/image_mono/compressed/set_parameters] /xtion/rgb/image_proc http://127.0.0.1:34729/
[rosmaster.master][INFO] 2025-11-19 08:28:41,126: +PUB [/xtion/rgb/image_mono/compressed/parameter_descriptions] /xtion/rgb/image_proc http://127.0.0.1:34729/
[rosmaster.master][INFO] 2025-11-19 08:28:41,133: +PUB [/xtion/rgb/image_mono/compressed/parameter_updates] /xtion/rgb/image_proc http://127.0.0.1:34729/
[rosmaster.master][INFO] 2025-11-19 08:28:41,167: +PARAM [/xtion/rgb/image_mono/compressed/format] by /xtion/rgb/image_proc
[rosmaster.master][INFO] 2025-11-19 08:28:41,169: +PARAM [/xtion/rgb/image_mono/compressed/jpeg_quality] by /xtion/rgb/image_proc
[rosmaster.master][INFO] 2025-11-19 08:28:41,173: +PARAM [/xtion/rgb/image_mono/compressed/jpeg_progressive] by /xtion/rgb/image_proc
[rosmaster.master][INFO] 2025-11-19 08:28:41,177: +PARAM [/xtion/rgb/image_mono/compressed/jpeg_optimize] by /xtion/rgb/image_proc
[rosmaster.master][INFO] 2025-11-19 08:28:41,183: +PARAM [/xtion/rgb/image_mono/compressed/jpeg_restart_interval] by /xtion/rgb/image_proc
[rosmaster.master][INFO] 2025-11-19 08:28:41,185: +PARAM [/xtion/rgb/image_mono/compressed/png_level] by /xtion/rgb/image_proc
[rosmaster.master][INFO] 2025-11-19 08:28:41,190: +PARAM [/xtion/rgb/image_mono/compressed/format] by /xtion/rgb/image_proc
[rosmaster.master][INFO] 2025-11-19 08:28:41,193: +PARAM [/xtion/rgb/image_mono/compressed/jpeg_quality] by /xtion/rgb/image_proc
[rosmaster.master][INFO] 2025-11-19 08:28:41,199: +PARAM [/xtion/rgb/image_mono/compressed/jpeg_progressive] by /xtion/rgb/image_proc
[rosmaster.master][INFO] 2025-11-19 08:28:41,203: +PARAM [/xtion/rgb/image_mono/compressed/jpeg_optimize] by /xtion/rgb/image_proc
[rosmaster.master][INFO] 2025-11-19 08:28:41,207: +PARAM [/xtion/rgb/image_mono/compressed/jpeg_restart_interval] by /xtion/rgb/image_proc
[rosmaster.master][INFO] 2025-11-19 08:28:41,212: +PARAM [/xtion/rgb/image_mono/compressed/png_level] by /xtion/rgb/image_proc
[rosmaster.master][INFO] 2025-11-19 08:28:41,223: +PUB [/xtion/rgb/image_mono] /xtion/rgb/image_proc http://127.0.0.1:34729/
[rosmaster.master][INFO] 2025-11-19 08:28:41,279: +PUB [/xtion/rgb/image_mono/theora] /xtion/rgb/image_proc http://127.0.0.1:34729/
[rosmaster.master][INFO] 2025-11-19 08:28:41,283: +SERVICE [/xtion/rgb/image_mono/theora/set_parameters] /xtion/rgb/image_proc http://127.0.0.1:34729/
[rosmaster.master][INFO] 2025-11-19 08:28:41,287: +PUB [/xtion/rgb/image_mono/theora/parameter_descriptions] /xtion/rgb/image_proc http://127.0.0.1:34729/
[rosmaster.master][INFO] 2025-11-19 08:28:41,294: +PUB [/xtion/rgb/image_mono/theora/parameter_updates] /xtion/rgb/image_proc http://127.0.0.1:34729/
[rosmaster.master][INFO] 2025-11-19 08:28:41,310: +PARAM [/xtion/rgb/image_mono/theora/optimize_for] by /xtion/rgb/image_proc
[rosmaster.master][INFO] 2025-11-19 08:28:41,314: +PARAM [/xtion/rgb/image_mono/theora/target_bitrate] by /xtion/rgb/image_proc
[rosmaster.master][INFO] 2025-11-19 08:28:41,317: +PARAM [/xtion/rgb/image_mono/theora/quality] by /xtion/rgb/image_proc
[rosmaster.master][INFO] 2025-11-19 08:28:41,322: +PARAM [/xtion/rgb/image_mono/theora/keyframe_frequency] by /xtion/rgb/image_proc
[rosmaster.master][INFO] 2025-11-19 08:28:41,327: +PARAM [/xtion/rgb/image_mono/theora/optimize_for] by /xtion/rgb/image_proc
[rosmaster.master][INFO] 2025-11-19 08:28:41,334: +PARAM [/xtion/rgb/image_mono/theora/target_bitrate] by /xtion/rgb/image_proc
[rosmaster.master][INFO] 2025-11-19 08:28:41,342: +PARAM [/xtion/rgb/image_mono/theora/quality] by /xtion/rgb/image_proc
[rosmaster.master][INFO] 2025-11-19 08:28:41,347: +PARAM [/xtion/rgb/image_mono/theora/keyframe_frequency] by /xtion/rgb/image_proc
[rosmaster.master][INFO] 2025-11-19 08:28:41,354: +PUB [/xtion/rgb/image_color/compressedDepth] /xtion/rgb/image_proc http://127.0.0.1:34729/
[rosmaster.master][INFO] 2025-11-19 08:28:41,358: +SERVICE [/xtion/rgb/image_color/compressedDepth/set_parameters] /xtion/rgb/image_proc http://127.0.0.1:34729/
[rosmaster.master][INFO] 2025-11-19 08:28:41,360: +PUB [/xtion/rgb/image_color/compressedDepth/parameter_descriptions] /xtion/rgb/image_proc http://127.0.0.1:34729/
[rosmaster.master][INFO] 2025-11-19 08:28:41,365: +PUB [/xtion/rgb/image_color/compressedDepth/parameter_updates] /xtion/rgb/image_proc http://127.0.0.1:34729/
[rosmaster.master][INFO] 2025-11-19 08:28:41,380: +PARAM [/xtion/rgb/image_color/compressedDepth/format] by /xtion/rgb/image_proc
[rosmaster.master][INFO] 2025-11-19 08:28:41,382: +PARAM [/xtion/rgb/image_color/compressedDepth/depth_max] by /xtion/rgb/image_proc
[rosmaster.master][INFO] 2025-11-19 08:28:41,388: +PARAM [/xtion/rgb/image_color/compressedDepth/depth_quantization] by /xtion/rgb/image_proc
[rosmaster.master][INFO] 2025-11-19 08:28:41,390: +PARAM [/xtion/rgb/image_color/compressedDepth/png_level] by /xtion/rgb/image_proc
[rosmaster.master][INFO] 2025-11-19 08:28:41,394: +PARAM [/xtion/rgb/image_color/compressedDepth/format] by /xtion/rgb/image_proc
[rosmaster.master][INFO] 2025-11-19 08:28:41,398: +PARAM [/xtion/rgb/image_color/compressedDepth/depth_max] by /xtion/rgb/image_proc
[rosmaster.master][INFO] 2025-11-19 08:28:41,404: +PARAM [/xtion/rgb/image_color/compressedDepth/depth_quantization] by /xtion/rgb/image_proc
[rosmaster.master][INFO] 2025-11-19 08:28:41,406: +PARAM [/xtion/rgb/image_color/compressedDepth/png_level] by /xtion/rgb/image_proc
[rosmaster.master][INFO] 2025-11-19 08:28:41,416: +PUB [/xtion/rgb/image_color/compressed] /xtion/rgb/image_proc http://127.0.0.1:34729/
[rosmaster.master][INFO] 2025-11-19 08:28:41,425: +SERVICE [/xtion/rgb/image_color/compressed/set_parameters] /xtion/rgb/image_proc http://127.0.0.1:34729/
[rosmaster.master][INFO] 2025-11-19 08:28:41,426: +PUB [/xtion/rgb/image_color/compressed/parameter_descriptions] /xtion/rgb/image_proc http://127.0.0.1:34729/
[rosmaster.master][INFO] 2025-11-19 08:28:41,435: +PUB [/xtion/rgb/image_color/compressed/parameter_updates] /xtion/rgb/image_proc http://127.0.0.1:34729/
[rosmaster.master][INFO] 2025-11-19 08:28:41,468: +PARAM [/xtion/rgb/image_color/compressed/format] by /xtion/rgb/image_proc
[rosmaster.master][INFO] 2025-11-19 08:28:41,477: +PARAM [/xtion/rgb/image_color/compressed/jpeg_quality] by /xtion/rgb/image_proc
[rosmaster.master][INFO] 2025-11-19 08:28:41,482: +PARAM [/xtion/rgb/image_color/compressed/jpeg_progressive] by /xtion/rgb/image_proc
[rosmaster.master][INFO] 2025-11-19 08:28:41,484: +PARAM [/xtion/rgb/image_color/compressed/jpeg_optimize] by /xtion/rgb/image_proc
[rosmaster.master][INFO] 2025-11-19 08:28:41,489: +PARAM [/xtion/rgb/image_color/compressed/jpeg_restart_interval] by /xtion/rgb/image_proc
[rosmaster.master][INFO] 2025-11-19 08:28:41,492: +PARAM [/xtion/rgb/image_color/compressed/png_level] by /xtion/rgb/image_proc
[rosmaster.master][INFO] 2025-11-19 08:28:41,498: +PUB [/rosout] /home_gripper http://127.0.0.1:44653/
[rosmaster.master][INFO] 2025-11-19 08:28:41,504: +PARAM [/xtion/rgb/image_color/compressed/format] by /xtion/rgb/image_proc
[rosmaster.master][INFO] 2025-11-19 08:28:41,506: +PARAM [/xtion/rgb/image_color/compressed/jpeg_quality] by /xtion/rgb/image_proc
[rosmaster.master][INFO] 2025-11-19 08:28:41,515: +PARAM [/xtion/rgb/image_color/compressed/jpeg_progressive] by /xtion/rgb/image_proc
[rosmaster.master][INFO] 2025-11-19 08:28:41,520: +PARAM [/xtion/rgb/image_color/compressed/jpeg_optimize] by /xtion/rgb/image_proc
[rosmaster.master][INFO] 2025-11-19 08:28:41,526: +SUB [/clock] /home_gripper http://127.0.0.1:44653/
[rosmaster.master][INFO] 2025-11-19 08:28:41,532: +PARAM [/xtion/rgb/image_color/compressed/jpeg_restart_interval] by /xtion/rgb/image_proc
[rosmaster.master][INFO] 2025-11-19 08:28:41,536: +PARAM [/xtion/rgb/image_color/compressed/png_level] by /xtion/rgb/image_proc
[rosmaster.master][INFO] 2025-11-19 08:28:41,537: publisherUpdate[/rosout] -> http://127.0.0.1:38733/ ['http://127.0.0.1:40699/', 'http://127.0.0.1:33631/', 'http://127.0.0.1:39653/', 'http://127.0.0.1:44159/', 'http://127.0.0.1:42129/', 'http://127.0.0.1:32845/', 'http://127.0.0.1:39189/', 'http://127.0.0.1:41425/', 'http://127.0.0.1:43263/', 'http://127.0.0.1:34729/', 'http://127.0.0.1:35139/', 'http://127.0.0.1:44653/']
[rosmaster.master][INFO] 2025-11-19 08:28:41,540: +SERVICE [/home_gripper/get_loggers] /home_gripper http://127.0.0.1:44653/
[rosmaster.master][INFO] 2025-11-19 08:28:41,551: publisherUpdate[/rosout] -> http://127.0.0.1:38733/ ['http://127.0.0.1:40699/', 'http://127.0.0.1:33631/', 'http://127.0.0.1:39653/', 'http://127.0.0.1:44159/', 'http://127.0.0.1:42129/', 'http://127.0.0.1:32845/', 'http://127.0.0.1:39189/', 'http://127.0.0.1:41425/', 'http://127.0.0.1:43263/', 'http://127.0.0.1:34729/', 'http://127.0.0.1:35139/', 'http://127.0.0.1:44653/']: sec=0.00, result=[1, '', 0]
[rosmaster.master][INFO] 2025-11-19 08:28:41,555: +PUB [/xtion/rgb/image_color] /xtion/rgb/image_proc http://127.0.0.1:34729/
[rosmaster.master][INFO] 2025-11-19 08:28:41,563: +SERVICE [/home_gripper/set_logger_level] /home_gripper http://127.0.0.1:44653/
[rosmaster.master][INFO] 2025-11-19 08:28:41,567: +PUB [/xtion/rgb/image_color/theora] /xtion/rgb/image_proc http://127.0.0.1:34729/
[rosmaster.master][INFO] 2025-11-19 08:28:41,577: +SERVICE [/xtion/rgb/image_color/theora/set_parameters] /xtion/rgb/image_proc http://127.0.0.1:34729/
[rosmaster.master][INFO] 2025-11-19 08:28:41,580: +CACHEDPARAM [/rosout_disable_topics_generation] by /home_gripper
[rosmaster.master][INFO] 2025-11-19 08:28:41,584: +PUB [/xtion/rgb/image_color/theora/parameter_descriptions] /xtion/rgb/image_proc http://127.0.0.1:34729/
[rosmaster.master][INFO] 2025-11-19 08:28:41,591: +PUB [/xtion/rgb/image_color/theora/parameter_updates] /xtion/rgb/image_proc http://127.0.0.1:34729/
[rosmaster.master][INFO] 2025-11-19 08:28:41,594: +PUB [/gripper_controller/follow_joint_trajectory/goal] /home_gripper http://127.0.0.1:44653/
[rosmaster.master][INFO] 2025-11-19 08:28:41,606: +PUB [/gripper_controller/follow_joint_trajectory/cancel] /home_gripper http://127.0.0.1:44653/
[rosmaster.master][INFO] 2025-11-19 08:28:41,625: +PARAM [/xtion/rgb/image_color/theora/optimize_for] by /xtion/rgb/image_proc
[rosmaster.master][INFO] 2025-11-19 08:28:41,632: +PARAM [/xtion/rgb/image_color/theora/target_bitrate] by /xtion/rgb/image_proc
[rosmaster.master][INFO] 2025-11-19 08:28:41,636: +PARAM [/xtion/rgb/image_color/theora/quality] by /xtion/rgb/image_proc
[rosmaster.master][INFO] 2025-11-19 08:28:41,638: +SUB [/gripper_controller/follow_joint_trajectory/status] /home_gripper http://127.0.0.1:44653/
[rosmaster.master][INFO] 2025-11-19 08:28:41,644: +PARAM [/xtion/rgb/image_color/theora/keyframe_frequency] by /xtion/rgb/image_proc
[rosmaster.master][INFO] 2025-11-19 08:28:41,660: +PARAM [/xtion/rgb/image_color/theora/optimize_for] by /xtion/rgb/image_proc
[rosmaster.master][INFO] 2025-11-19 08:28:41,674: +PARAM [/xtion/rgb/image_color/theora/target_bitrate] by /xtion/rgb/image_proc
[rosmaster.master][INFO] 2025-11-19 08:28:41,679: +SUB [/gripper_controller/follow_joint_trajectory/result] /home_gripper http://127.0.0.1:44653/
[rosmaster.master][INFO] 2025-11-19 08:28:41,685: +PARAM [/xtion/rgb/image_color/theora/quality] by /xtion/rgb/image_proc
[rosmaster.master][INFO] 2025-11-19 08:28:41,693: +PARAM [/xtion/rgb/image_color/theora/keyframe_frequency] by /xtion/rgb/image_proc
[rosmaster.master][INFO] 2025-11-19 08:28:41,710: +SUB [/gripper_controller/follow_joint_trajectory/feedback] /home_gripper http://127.0.0.1:44653/
[rosmaster.master][INFO] 2025-11-19 08:28:41,719: +SERVICE [/xtion/rgb/image_proc_rectify_mono/set_parameters] /xtion/rgb/image_proc http://127.0.0.1:34729/
[rosmaster.master][INFO] 2025-11-19 08:28:41,728: +PUB [/xtion/rgb/image_proc_rectify_mono/parameter_descriptions] /xtion/rgb/image_proc http://127.0.0.1:34729/
[rosmaster.master][INFO] 2025-11-19 08:28:41,736: +PUB [/xtion/rgb/image_proc_rectify_mono/parameter_updates] /xtion/rgb/image_proc http://127.0.0.1:34729/
[rosmaster.master][INFO] 2025-11-19 08:28:41,752: +SERVICE [/move_group/ompl/set_parameters] /move_group http://127.0.0.1:39653/
[rosmaster.master][INFO] 2025-11-19 08:28:41,754: +PUB [/rosout] /spawn_model http://127.0.0.1:41289/
[rosmaster.master][INFO] 2025-11-19 08:28:41,758: +PARAM [/xtion/rgb/image_proc_rectify_mono/interpolation] by /xtion/rgb/image_proc
[rosmaster.master][INFO] 2025-11-19 08:28:41,764: publisherUpdate[/rosout] -> http://127.0.0.1:38733/ ['http://127.0.0.1:40699/', 'http://127.0.0.1:33631/', 'http://127.0.0.1:39653/', 'http://127.0.0.1:44159/', 'http://127.0.0.1:42129/', 'http://127.0.0.1:32845/', 'http://127.0.0.1:39189/', 'http://127.0.0.1:41425/', 'http://127.0.0.1:43263/', 'http://127.0.0.1:34729/', 'http://127.0.0.1:35139/', 'http://127.0.0.1:44653/', 'http://127.0.0.1:41289/']
[rosmaster.master][INFO] 2025-11-19 08:28:41,767: +PUB [/move_group/ompl/parameter_descriptions] /move_group http://127.0.0.1:39653/
[rosmaster.master][INFO] 2025-11-19 08:28:41,772: +PUB [/move_group/ompl/parameter_updates] /move_group http://127.0.0.1:39653/
[rosmaster.master][INFO] 2025-11-19 08:28:41,773: +PARAM [/xtion/rgb/image_proc_rectify_mono/interpolation] by /xtion/rgb/image_proc
[rosmaster.master][INFO] 2025-11-19 08:28:41,777: publisherUpdate[/rosout] -> http://127.0.0.1:38733/ ['http://127.0.0.1:40699/', 'http://127.0.0.1:33631/', 'http://127.0.0.1:39653/', 'http://127.0.0.1:44159/', 'http://127.0.0.1:42129/', 'http://127.0.0.1:32845/', 'http://127.0.0.1:39189/', 'http://127.0.0.1:41425/', 'http://127.0.0.1:43263/', 'http://127.0.0.1:34729/', 'http://127.0.0.1:35139/', 'http://127.0.0.1:44653/', 'http://127.0.0.1:41289/']: sec=0.01, result=[1, '', 0]
[rosmaster.master][INFO] 2025-11-19 08:28:41,799: publisherUpdate[/rosout] -> http://127.0.0.1:38733/ ['http://127.0.0.1:40699/', 'http://127.0.0.1:33631/', 'http://127.0.0.1:39653/', 'http://127.0.0.1:44159/', 'http://127.0.0.1:42129/', 'http://127.0.0.1:32845/', 'http://127.0.0.1:39189/', 'http://127.0.0.1:41425/', 'http://127.0.0.1:43263/', 'http://127.0.0.1:34729/', 'http://127.0.0.1:35139/', 'http://127.0.0.1:44653/', 'http://127.0.0.1:41289/', 'http://127.0.0.1:42561/']
[rosmaster.master][INFO] 2025-11-19 08:28:41,785: +PUB [/rosout] /dynamic_footprint_publisher http://127.0.0.1:42561/
[rosmaster.master][INFO] 2025-11-19 08:28:41,807: +PARAM [/move_group/ompl/simplify_solutions] by /move_group
[rosmaster.master][INFO] 2025-11-19 08:28:41,810: publisherUpdate[/rosout] -> http://127.0.0.1:38733/ ['http://127.0.0.1:40699/', 'http://127.0.0.1:33631/', 'http://127.0.0.1:39653/', 'http://127.0.0.1:44159/', 'http://127.0.0.1:42129/', 'http://127.0.0.1:32845/', 'http://127.0.0.1:39189/', 'http://127.0.0.1:41425/', 'http://127.0.0.1:43263/', 'http://127.0.0.1:34729/', 'http://127.0.0.1:35139/', 'http://127.0.0.1:44653/', 'http://127.0.0.1:41289/', 'http://127.0.0.1:42561/']: sec=0.01, result=[1, '', 0]
[rosmaster.master][INFO] 2025-11-19 08:28:41,811: +SUB [/clock] /spawn_model http://127.0.0.1:41289/
[rosmaster.master][INFO] 2025-11-19 08:28:41,814: +PARAM [/move_group/ompl/minimum_waypoint_count] by /move_group
[rosmaster.master][INFO] 2025-11-19 08:28:41,817: +PUB [/rosout] /gazebo http://127.0.0.1:35475/
[rosmaster.master][INFO] 2025-11-19 08:28:41,827: +PARAM [/move_group/ompl/maximum_waypoint_distance] by /move_group
[rosmaster.master][INFO] 2025-11-19 08:28:41,829: +PUB [/xtion/rgb/image_rect/compressedDepth] /xtion/rgb/image_proc http://127.0.0.1:34729/
[rosmaster.master][INFO] 2025-11-19 08:28:41,833: +PARAM [/move_group/ompl/link_for_exploration_tree] by /move_group
[rosmaster.master][INFO] 2025-11-19 08:28:41,835: +SERVICE [/spawn_model/get_loggers] /spawn_model http://127.0.0.1:41289/
[rosmaster.master][INFO] 2025-11-19 08:28:41,836: +SERVICE [/xtion/rgb/image_rect/compressedDepth/set_parameters] /xtion/rgb/image_proc http://127.0.0.1:34729/
[rosmaster.master][INFO] 2025-11-19 08:28:41,841: +PARAM [/move_group/ompl/display_random_valid_states] by /move_group
[rosmaster.master][INFO] 2025-11-19 08:28:41,842: +SERVICE [/gazebo/get_loggers] /gazebo http://127.0.0.1:35475/
[rosmaster.master][INFO] 2025-11-19 08:28:41,842: +SUB [/clock] /dynamic_footprint_publisher http://127.0.0.1:42561/
[rosmaster.master][INFO] 2025-11-19 08:28:41,844: +PUB [/xtion/rgb/image_rect/compressedDepth/parameter_descriptions] /xtion/rgb/image_proc http://127.0.0.1:34729/
[rosmaster.master][INFO] 2025-11-19 08:28:41,845: +SERVICE [/spawn_model/set_logger_level] /spawn_model http://127.0.0.1:41289/
[rosmaster.master][INFO] 2025-11-19 08:28:41,849: +PARAM [/move_group/ompl/simplify_solutions] by /move_group
[rosmaster.master][INFO] 2025-11-19 08:28:41,851: publisherUpdate[/rosout] -> http://127.0.0.1:38733/ ['http://127.0.0.1:40699/', 'http://127.0.0.1:33631/', 'http://127.0.0.1:39653/', 'http://127.0.0.1:44159/', 'http://127.0.0.1:42129/', 'http://127.0.0.1:32845/', 'http://127.0.0.1:39189/', 'http://127.0.0.1:41425/', 'http://127.0.0.1:43263/', 'http://127.0.0.1:34729/', 'http://127.0.0.1:35139/', 'http://127.0.0.1:44653/', 'http://127.0.0.1:41289/', 'http://127.0.0.1:42561/', 'http://127.0.0.1:35475/']
[rosmaster.master][INFO] 2025-11-19 08:28:41,852: +PUB [/xtion/rgb/image_rect/compressedDepth/parameter_updates] /xtion/rgb/image_proc http://127.0.0.1:34729/
[rosmaster.master][INFO] 2025-11-19 08:28:41,859: +SERVICE [/gazebo/set_logger_level] /gazebo http://127.0.0.1:35475/
[rosmaster.master][INFO] 2025-11-19 08:28:41,861: +PARAM [/move_group/ompl/minimum_waypoint_count] by /move_group
[rosmaster.master][INFO] 2025-11-19 08:28:41,865: +SERVICE [/dynamic_footprint_publisher/get_loggers] /dynamic_footprint_publisher http://127.0.0.1:42561/
[rosmaster.master][INFO] 2025-11-19 08:28:41,867: publisherUpdate[/rosout] -> http://127.0.0.1:38733/ ['http://127.0.0.1:40699/', 'http://127.0.0.1:33631/', 'http://127.0.0.1:39653/', 'http://127.0.0.1:44159/', 'http://127.0.0.1:42129/', 'http://127.0.0.1:32845/', 'http://127.0.0.1:39189/', 'http://127.0.0.1:41425/', 'http://127.0.0.1:43263/', 'http://127.0.0.1:34729/', 'http://127.0.0.1:35139/', 'http://127.0.0.1:44653/', 'http://127.0.0.1:41289/', 'http://127.0.0.1:42561/', 'http://127.0.0.1:35475/']: sec=0.01, result=[1, '', 0]
[rosmaster.master][INFO] 2025-11-19 08:28:41,869: +CACHEDPARAM [/rosout_disable_topics_generation] by /spawn_model
[rosmaster.master][INFO] 2025-11-19 08:28:41,873: +SERVICE [/dynamic_footprint_publisher/set_logger_level] /dynamic_footprint_publisher http://127.0.0.1:42561/
[rosmaster.master][INFO] 2025-11-19 08:28:41,877: +PARAM [/move_group/ompl/maximum_waypoint_distance] by /move_group
[rosmaster.master][INFO] 2025-11-19 08:28:41,890: +PARAM [/xtion/rgb/image_rect/compressedDepth/format] by /xtion/rgb/image_proc
[rosmaster.master][INFO] 2025-11-19 08:28:41,892: +PARAM [/move_group/ompl/link_for_exploration_tree] by /move_group
[rosmaster.master][INFO] 2025-11-19 08:28:41,902: +PARAM [/move_group/ompl/display_random_valid_states] by /move_group
[rosmaster.master][INFO] 2025-11-19 08:28:41,903: +PARAM [/xtion/rgb/image_rect/compressedDepth/depth_max] by /xtion/rgb/image_proc
[rosmaster.master][INFO] 2025-11-19 08:28:41,917: +PARAM [/xtion/rgb/image_rect/compressedDepth/depth_quantization] by /xtion/rgb/image_proc
[rosmaster.master][INFO] 2025-11-19 08:28:41,922: +PARAM [/xtion/rgb/image_rect/compressedDepth/png_level] by /xtion/rgb/image_proc
[rosmaster.master][INFO] 2025-11-19 08:28:41,930: +PARAM [/xtion/rgb/image_rect/compressedDepth/format] by /xtion/rgb/image_proc
[rosmaster.master][INFO] 2025-11-19 08:28:41,934: +PARAM [/xtion/rgb/image_rect/compressedDepth/depth_max] by /xtion/rgb/image_proc
[rosmaster.master][INFO] 2025-11-19 08:28:41,945: +PARAM [/xtion/rgb/image_rect/compressedDepth/depth_quantization] by /xtion/rgb/image_proc
[rosmaster.master][INFO] 2025-11-19 08:28:41,945: +SUB [/clock] /gazebo http://127.0.0.1:35475/
[rosmaster.master][INFO] 2025-11-19 08:28:41,950: +PARAM [/xtion/rgb/image_rect/compressedDepth/png_level] by /xtion/rgb/image_proc
[rosmaster.master][INFO] 2025-11-19 08:28:41,954: +PUB [/xtion/rgb/image_rect/compressed] /xtion/rgb/image_proc http://127.0.0.1:34729/
[rosmaster.master][INFO] 2025-11-19 08:28:41,962: +SERVICE [/xtion/rgb/image_rect/compressed/set_parameters] /xtion/rgb/image_proc http://127.0.0.1:34729/
[rosmaster.master][INFO] 2025-11-19 08:28:41,967: +PUB [/xtion/rgb/image_rect/compressed/parameter_descriptions] /xtion/rgb/image_proc http://127.0.0.1:34729/
[rosmaster.master][INFO] 2025-11-19 08:28:41,976: +PUB [/xtion/rgb/image_rect/compressed/parameter_updates] /xtion/rgb/image_proc http://127.0.0.1:34729/
[rosmaster.master][INFO] 2025-11-19 08:28:41,984: +CACHEDPARAM [/rosout_disable_topics_generation] by /gazebo
[rosmaster.master][INFO] 2025-11-19 08:28:41,992: +PUB [/tf_stream/goal] /dynamic_footprint_publisher http://127.0.0.1:42561/
[rosmaster.master][INFO] 2025-11-19 08:28:42,017: +PUB [/tf_stream/cancel] /dynamic_footprint_publisher http://127.0.0.1:42561/
[rosmaster.master][INFO] 2025-11-19 08:28:42,019: +PUB [/move_group/display_planned_path] /move_group http://127.0.0.1:39653/
[rosmaster.master][INFO] 2025-11-19 08:28:42,022: +PARAM [/xtion/rgb/image_rect/compressed/format] by /xtion/rgb/image_proc
[rosmaster.master][INFO] 2025-11-19 08:28:42,024: +CACHEDPARAM [/rosout_disable_topics_generation] by /spawn_model
[rosmaster.master][INFO] 2025-11-19 08:28:42,029: publisherUpdate[/tf_stream/goal] -> http://127.0.0.1:42129/ ['http://127.0.0.1:42561/']
[rosmaster.master][INFO] 2025-11-19 08:28:42,037: publisherUpdate[/tf_stream/goal] -> http://127.0.0.1:42129/ ['http://127.0.0.1:42561/']: sec=0.01, result=[1, '', 0]
[rosmaster.master][INFO] 2025-11-19 08:28:42,039: publisherUpdate[/tf_stream/cancel] -> http://127.0.0.1:42129/ ['http://127.0.0.1:42561/']
[rosmaster.master][INFO] 2025-11-19 08:28:42,051: +PUB [/move_group/display_contacts] /move_group http://127.0.0.1:39653/
[rosmaster.master][INFO] 2025-11-19 08:28:42,067: +PARAM [/xtion/rgb/image_rect/compressed/jpeg_quality] by /xtion/rgb/image_proc
[rosmaster.master][INFO] 2025-11-19 08:28:42,072: publisherUpdate[/tf_stream/cancel] -> http://127.0.0.1:42129/ ['http://127.0.0.1:42561/']: sec=0.03, result=[1, '', 0]
[rosmaster.master][INFO] 2025-11-19 08:28:42,074: +SUB [/tf_stream/status] /dynamic_footprint_publisher http://127.0.0.1:42561/
[rosmaster.master][INFO] 2025-11-19 08:28:42,102: +PARAM [/xtion/rgb/image_rect/compressed/jpeg_progressive] by /xtion/rgb/image_proc
[rosmaster.master][INFO] 2025-11-19 08:28:42,121: +PARAM [/xtion/rgb/image_rect/compressed/jpeg_optimize] by /xtion/rgb/image_proc
[rosmaster.master][INFO] 2025-11-19 08:28:42,122: +SUB [/tf_stream/result] /dynamic_footprint_publisher http://127.0.0.1:42561/
[rosmaster.master][INFO] 2025-11-19 08:28:42,128: +PARAM [/xtion/rgb/image_rect/compressed/jpeg_restart_interval] by /xtion/rgb/image_proc
[rosmaster.master][INFO] 2025-11-19 08:28:42,135: +PARAM [/xtion/rgb/image_rect/compressed/png_level] by /xtion/rgb/image_proc
[rosmaster.master][INFO] 2025-11-19 08:28:42,140: +SUB [/tf_stream/feedback] /dynamic_footprint_publisher http://127.0.0.1:42561/
[rosmaster.master][INFO] 2025-11-19 08:28:42,148: +PARAM [/xtion/rgb/image_rect/compressed/format] by /xtion/rgb/image_proc
[rosmaster.master][INFO] 2025-11-19 08:28:42,150: +PARAM [/xtion/rgb/image_rect/compressed/jpeg_quality] by /xtion/rgb/image_proc
[rosmaster.master][INFO] 2025-11-19 08:28:42,155: +PUB [/dynamic_footprint_publisher/footprint] /dynamic_footprint_publisher http://127.0.0.1:42561/
[rosmaster.master][INFO] 2025-11-19 08:28:42,157: +PARAM [/xtion/rgb/image_rect/compressed/jpeg_progressive] by /xtion/rgb/image_proc
[rosmaster.master][INFO] 2025-11-19 08:28:42,163: +PARAM [/xtion/rgb/image_rect/compressed/jpeg_optimize] by /xtion/rgb/image_proc
[rosmaster.master][INFO] 2025-11-19 08:28:42,168: +PARAM [/xtion/rgb/image_rect/compressed/jpeg_restart_interval] by /xtion/rgb/image_proc
[rosmaster.master][INFO] 2025-11-19 08:28:42,170: +PUB [/dynamic_footprint_publisher/footprint_stamped] /dynamic_footprint_publisher http://127.0.0.1:42561/
[rosmaster.master][INFO] 2025-11-19 08:28:42,173: +PARAM [/xtion/rgb/image_rect/compressed/png_level] by /xtion/rgb/image_proc
[rosmaster.master][INFO] 2025-11-19 08:28:42,188: +SERVICE [/dynamic_footprint_publisher/change_params] /dynamic_footprint_publisher http://127.0.0.1:42561/
[rosmaster.master][INFO] 2025-11-19 08:28:42,275: +PUB [/xtion/rgb/image_rect] /xtion/rgb/image_proc http://127.0.0.1:34729/
[rosmaster.master][INFO] 2025-11-19 08:28:42,276: +PUB [/rosout] /tuck_arm http://127.0.0.1:35179/
[rosmaster.master][INFO] 2025-11-19 08:28:42,282: publisherUpdate[/rosout] -> http://127.0.0.1:38733/ ['http://127.0.0.1:40699/', 'http://127.0.0.1:33631/', 'http://127.0.0.1:39653/', 'http://127.0.0.1:44159/', 'http://127.0.0.1:42129/', 'http://127.0.0.1:32845/', 'http://127.0.0.1:39189/', 'http://127.0.0.1:41425/', 'http://127.0.0.1:43263/', 'http://127.0.0.1:34729/', 'http://127.0.0.1:35139/', 'http://127.0.0.1:44653/', 'http://127.0.0.1:41289/', 'http://127.0.0.1:42561/', 'http://127.0.0.1:35475/', 'http://127.0.0.1:35179/']
[rosmaster.master][INFO] 2025-11-19 08:28:42,283: +PUB [/xtion/rgb/image_rect/theora] /xtion/rgb/image_proc http://127.0.0.1:34729/
[rosmaster.master][INFO] 2025-11-19 08:28:42,289: +SERVICE [/xtion/rgb/image_rect/theora/set_parameters] /xtion/rgb/image_proc http://127.0.0.1:34729/
[rosmaster.master][INFO] 2025-11-19 08:28:42,291: publisherUpdate[/rosout] -> http://127.0.0.1:38733/ ['http://127.0.0.1:40699/', 'http://127.0.0.1:33631/', 'http://127.0.0.1:39653/', 'http://127.0.0.1:44159/', 'http://127.0.0.1:42129/', 'http://127.0.0.1:32845/', 'http://127.0.0.1:39189/', 'http://127.0.0.1:41425/', 'http://127.0.0.1:43263/', 'http://127.0.0.1:34729/', 'http://127.0.0.1:35139/', 'http://127.0.0.1:44653/', 'http://127.0.0.1:41289/', 'http://127.0.0.1:42561/', 'http://127.0.0.1:35475/', 'http://127.0.0.1:35179/']: sec=0.01, result=[1, '', 0]
[rosmaster.master][INFO] 2025-11-19 08:28:42,295: +CACHEDPARAM [/rosout_disable_topics_generation] by /dynamic_footprint_publisher
[rosmaster.master][INFO] 2025-11-19 08:28:42,301: +SUB [/clock] /tuck_arm http://127.0.0.1:35179/
[rosmaster.master][INFO] 2025-11-19 08:28:42,302: +PUB [/xtion/rgb/image_rect/theora/parameter_descriptions] /xtion/rgb/image_proc http://127.0.0.1:34729/
[rosmaster.master][INFO] 2025-11-19 08:28:42,307: +PUB [/xtion/rgb/image_rect/theora/parameter_updates] /xtion/rgb/image_proc http://127.0.0.1:34729/
[rosmaster.master][INFO] 2025-11-19 08:28:42,310: +SERVICE [/tuck_arm/get_loggers] /tuck_arm http://127.0.0.1:35179/
[rosmaster.master][INFO] 2025-11-19 08:28:42,319: +SERVICE [/tuck_arm/set_logger_level] /tuck_arm http://127.0.0.1:35179/
[rosmaster.master][INFO] 2025-11-19 08:28:42,330: +CACHEDPARAM [/rosout_disable_topics_generation] by /tuck_arm
[rosmaster.master][INFO] 2025-11-19 08:28:42,337: +PUB [/tfs_0] /tf_lookup http://127.0.0.1:42129/
[rosmaster.master][INFO] 2025-11-19 08:28:42,350: +PUB [/play_motion/goal] /tuck_arm http://127.0.0.1:35179/
[rosmaster.master][INFO] 2025-11-19 08:28:42,357: +PARAM [/xtion/rgb/image_rect/theora/optimize_for] by /xtion/rgb/image_proc
[rosmaster.master][INFO] 2025-11-19 08:28:42,362: +PUB [/play_motion/cancel] /tuck_arm http://127.0.0.1:35179/
[rosmaster.master][INFO] 2025-11-19 08:28:42,368: +PARAM [/xtion/rgb/image_rect/theora/target_bitrate] by /xtion/rgb/image_proc
[rosmaster.master][INFO] 2025-11-19 08:28:42,377: +PARAM [/xtion/rgb/image_rect/theora/quality] by /xtion/rgb/image_proc
[rosmaster.master][INFO] 2025-11-19 08:28:42,386: +PARAM [/xtion/rgb/image_rect/theora/keyframe_frequency] by /xtion/rgb/image_proc
[rosmaster.master][INFO] 2025-11-19 08:28:42,390: +SUB [/play_motion/status] /tuck_arm http://127.0.0.1:35179/
[rosmaster.master][INFO] 2025-11-19 08:28:42,395: +PARAM [/xtion/rgb/image_rect/theora/optimize_for] by /xtion/rgb/image_proc
[rosmaster.master][INFO] 2025-11-19 08:28:42,400: +PARAM [/xtion/rgb/image_rect/theora/target_bitrate] by /xtion/rgb/image_proc
[rosmaster.master][INFO] 2025-11-19 08:28:42,404: +SUB [/play_motion/result] /tuck_arm http://127.0.0.1:35179/
[rosmaster.master][INFO] 2025-11-19 08:28:42,406: +PARAM [/xtion/rgb/image_rect/theora/quality] by /xtion/rgb/image_proc
[rosmaster.master][INFO] 2025-11-19 08:28:42,411: +PARAM [/xtion/rgb/image_rect/theora/keyframe_frequency] by /xtion/rgb/image_proc
[rosmaster.master][INFO] 2025-11-19 08:28:42,421: +SUB [/play_motion/feedback] /tuck_arm http://127.0.0.1:35179/
[rosmaster.master][INFO] 2025-11-19 08:28:42,433: +SERVICE [/xtion/rgb/image_proc_rectify_color/set_parameters] /xtion/rgb/image_proc http://127.0.0.1:34729/
[rosmaster.master][INFO] 2025-11-19 08:28:42,436: +PUB [/xtion/rgb/image_proc_rectify_color/parameter_descriptions] /xtion/rgb/image_proc http://127.0.0.1:34729/
[rosmaster.master][INFO] 2025-11-19 08:28:42,438: +PUB [/xtion/rgb/image_proc_rectify_color/parameter_updates] /xtion/rgb/image_proc http://127.0.0.1:34729/
[rosmaster.master][INFO] 2025-11-19 08:28:42,441: +PARAM [/xtion/rgb/image_proc_rectify_color/interpolation] by /xtion/rgb/image_proc
[rosmaster.master][INFO] 2025-11-19 08:28:42,444: +PARAM [/xtion/rgb/image_proc_rectify_color/interpolation] by /xtion/rgb/image_proc
[rosmaster.master][INFO] 2025-11-19 08:28:42,449: +PUB [/xtion/rgb/image_rect_color/compressedDepth] /xtion/rgb/image_proc http://127.0.0.1:34729/
[rosmaster.master][INFO] 2025-11-19 08:28:42,450: +SERVICE [/xtion/rgb/image_rect_color/compressedDepth/set_parameters] /xtion/rgb/image_proc http://127.0.0.1:34729/
[rosmaster.master][INFO] 2025-11-19 08:28:42,452: +PUB [/xtion/rgb/image_rect_color/compressedDepth/parameter_descriptions] /xtion/rgb/image_proc http://127.0.0.1:34729/
[rosmaster.master][INFO] 2025-11-19 08:28:42,457: +PUB [/xtion/rgb/image_rect_color/compressedDepth/parameter_updates] /xtion/rgb/image_proc http://127.0.0.1:34729/
[rosmaster.master][INFO] 2025-11-19 08:28:42,465: +PARAM [/xtion/rgb/image_rect_color/compressedDepth/format] by /xtion/rgb/image_proc
[rosmaster.master][INFO] 2025-11-19 08:28:42,467: +PARAM [/xtion/rgb/image_rect_color/compressedDepth/depth_max] by /xtion/rgb/image_proc
[rosmaster.master][INFO] 2025-11-19 08:28:42,470: +PARAM [/xtion/rgb/image_rect_color/compressedDepth/depth_quantization] by /xtion/rgb/image_proc
[rosmaster.master][INFO] 2025-11-19 08:28:42,472: +PARAM [/xtion/rgb/image_rect_color/compressedDepth/png_level] by /xtion/rgb/image_proc
[rosmaster.master][INFO] 2025-11-19 08:28:42,482: +PUB [/rosout] /joystick_relay http://127.0.0.1:38645/
[rosmaster.master][INFO] 2025-11-19 08:28:42,501: publisherUpdate[/rosout] -> http://127.0.0.1:38733/ ['http://127.0.0.1:40699/', 'http://127.0.0.1:33631/', 'http://127.0.0.1:39653/', 'http://127.0.0.1:44159/', 'http://127.0.0.1:42129/', 'http://127.0.0.1:32845/', 'http://127.0.0.1:39189/', 'http://127.0.0.1:41425/', 'http://127.0.0.1:43263/', 'http://127.0.0.1:34729/', 'http://127.0.0.1:35139/', 'http://127.0.0.1:44653/', 'http://127.0.0.1:41289/', 'http://127.0.0.1:42561/', 'http://127.0.0.1:35475/', 'http://127.0.0.1:35179/', 'http://127.0.0.1:38645/']
[rosmaster.master][INFO] 2025-11-19 08:28:42,505: +PARAM [/xtion/rgb/image_rect_color/compressedDepth/format] by /xtion/rgb/image_proc
[rosmaster.master][INFO] 2025-11-19 08:28:42,507: +PARAM [/xtion/rgb/image_rect_color/compressedDepth/depth_max] by /xtion/rgb/image_proc
[rosmaster.master][INFO] 2025-11-19 08:28:42,512: publisherUpdate[/rosout] -> http://127.0.0.1:38733/ ['http://127.0.0.1:40699/', 'http://127.0.0.1:33631/', 'http://127.0.0.1:39653/', 'http://127.0.0.1:44159/', 'http://127.0.0.1:42129/', 'http://127.0.0.1:32845/', 'http://127.0.0.1:39189/', 'http://127.0.0.1:41425/', 'http://127.0.0.1:43263/', 'http://127.0.0.1:34729/', 'http://127.0.0.1:35139/', 'http://127.0.0.1:44653/', 'http://127.0.0.1:41289/', 'http://127.0.0.1:42561/', 'http://127.0.0.1:35475/', 'http://127.0.0.1:35179/', 'http://127.0.0.1:38645/']: sec=0.01, result=[1, '', 0]
[rosmaster.master][INFO] 2025-11-19 08:28:42,515: +PARAM [/xtion/rgb/image_rect_color/compressedDepth/depth_quantization] by /xtion/rgb/image_proc
[rosmaster.master][INFO] 2025-11-19 08:28:42,516: +SUB [/clock] /joystick_relay http://127.0.0.1:38645/
[rosmaster.master][INFO] 2025-11-19 08:28:42,518: +PARAM [/xtion/rgb/image_rect_color/compressedDepth/png_level] by /xtion/rgb/image_proc
[rosmaster.master][INFO] 2025-11-19 08:28:42,521: +PUB [/xtion/rgb/image_rect_color/compressed] /xtion/rgb/image_proc http://127.0.0.1:34729/
[rosmaster.master][INFO] 2025-11-19 08:28:42,524: +SERVICE [/xtion/rgb/image_rect_color/compressed/set_parameters] /xtion/rgb/image_proc http://127.0.0.1:34729/
[rosmaster.master][INFO] 2025-11-19 08:28:42,529: +SERVICE [/joystick_relay/get_loggers] /joystick_relay http://127.0.0.1:38645/
[rosmaster.master][INFO] 2025-11-19 08:28:42,530: +PUB [/xtion/rgb/image_rect_color/compressed/parameter_descriptions] /xtion/rgb/image_proc http://127.0.0.1:34729/
[rosmaster.master][INFO] 2025-11-19 08:28:42,532: +SERVICE [/joystick_relay/set_logger_level] /joystick_relay http://127.0.0.1:38645/
[rosmaster.master][INFO] 2025-11-19 08:28:42,534: +PUB [/xtion/rgb/image_rect_color/compressed/parameter_updates] /xtion/rgb/image_proc http://127.0.0.1:34729/
[rosmaster.master][INFO] 2025-11-19 08:28:42,564: +PARAM [/xtion/rgb/image_rect_color/compressed/format] by /xtion/rgb/image_proc
[rosmaster.master][INFO] 2025-11-19 08:28:42,567: +PARAM [/xtion/rgb/image_rect_color/compressed/jpeg_quality] by /xtion/rgb/image_proc
[rosmaster.master][INFO] 2025-11-19 08:28:42,569: +PARAM [/xtion/rgb/image_rect_color/compressed/jpeg_progressive] by /xtion/rgb/image_proc
[rosmaster.master][INFO] 2025-11-19 08:28:42,573: +PARAM [/xtion/rgb/image_rect_color/compressed/jpeg_optimize] by /xtion/rgb/image_proc
[rosmaster.master][INFO] 2025-11-19 08:28:42,575: +PARAM [/xtion/rgb/image_rect_color/compressed/jpeg_restart_interval] by /xtion/rgb/image_proc
[rosmaster.master][INFO] 2025-11-19 08:28:42,579: +PARAM [/xtion/rgb/image_rect_color/compressed/png_level] by /xtion/rgb/image_proc
[rosmaster.master][INFO] 2025-11-19 08:28:42,585: +PARAM [/xtion/rgb/image_rect_color/compressed/format] by /xtion/rgb/image_proc
[rosmaster.master][INFO] 2025-11-19 08:28:42,588: +PARAM [/xtion/rgb/image_rect_color/compressed/jpeg_quality] by /xtion/rgb/image_proc
[rosmaster.master][INFO] 2025-11-19 08:28:42,591: +PARAM [/xtion/rgb/image_rect_color/compressed/jpeg_progressive] by /xtion/rgb/image_proc
[rosmaster.master][INFO] 2025-11-19 08:28:42,597: +PARAM [/xtion/rgb/image_rect_color/compressed/jpeg_optimize] by /xtion/rgb/image_proc
[rosmaster.master][INFO] 2025-11-19 08:28:42,602: +PUB [/text_marker] /joystick_relay http://127.0.0.1:38645/
[rosmaster.master][INFO] 2025-11-19 08:28:42,604: +PARAM [/xtion/rgb/image_rect_color/compressed/jpeg_restart_interval] by /xtion/rgb/image_proc
[rosmaster.master][INFO] 2025-11-19 08:28:42,609: +PARAM [/xtion/rgb/image_rect_color/compressed/png_level] by /xtion/rgb/image_proc
[rosmaster.master][INFO] 2025-11-19 08:28:42,613: +PUB [/joy_vel] /joystick_relay http://127.0.0.1:38645/
[rosmaster.master][INFO] 2025-11-19 08:28:42,617: +PUB [/xtion/rgb/image_rect_color] /xtion/rgb/image_proc http://127.0.0.1:34729/
[rosmaster.master][INFO] 2025-11-19 08:28:42,628: +PUB [/xtion/rgb/image_rect_color/theora] /xtion/rgb/image_proc http://127.0.0.1:34729/
[rosmaster.master][INFO] 2025-11-19 08:28:42,631: publisherUpdate[/joy_vel] -> http://127.0.0.1:39189/ ['http://127.0.0.1:38645/']
[rosmaster.master][INFO] 2025-11-19 08:28:42,635: +SERVICE [/xtion/rgb/image_rect_color/theora/set_parameters] /xtion/rgb/image_proc http://127.0.0.1:34729/
[rosmaster.master][INFO] 2025-11-19 08:28:42,640: +PUB [/xtion/rgb/image_rect_color/theora/parameter_descriptions] /xtion/rgb/image_proc http://127.0.0.1:34729/
[rosmaster.master][INFO] 2025-11-19 08:28:42,643: +PUB [/xtion/rgb/image_rect_color/theora/parameter_updates] /xtion/rgb/image_proc http://127.0.0.1:34729/
[rosmaster.master][INFO] 2025-11-19 08:28:42,655: +PARAM [/xtion/rgb/image_rect_color/theora/optimize_for] by /xtion/rgb/image_proc
[rosmaster.master][INFO] 2025-11-19 08:28:42,658: +PARAM [/xtion/rgb/image_rect_color/theora/target_bitrate] by /xtion/rgb/image_proc
[rosmaster.master][INFO] 2025-11-19 08:28:42,669: +PARAM [/xtion/rgb/image_rect_color/theora/quality] by /xtion/rgb/image_proc
[rosmaster.master][INFO] 2025-11-19 08:28:42,672: +SUB [/input_joy/cmd_vel] /joystick_relay http://127.0.0.1:38645/
[rosmaster.master][INFO] 2025-11-19 08:28:42,675: +PARAM [/xtion/rgb/image_rect_color/theora/keyframe_frequency] by /xtion/rgb/image_proc
[rosmaster.master][INFO] 2025-11-19 08:28:42,680: +PARAM [/xtion/rgb/image_rect_color/theora/optimize_for] by /xtion/rgb/image_proc
[rosmaster.master][INFO] 2025-11-19 08:28:42,684: +PARAM [/xtion/rgb/image_rect_color/theora/target_bitrate] by /xtion/rgb/image_proc
[rosmaster.master][INFO] 2025-11-19 08:28:42,688: +PUB [/joy_priority] /joystick_relay http://127.0.0.1:38645/
[rosmaster.master][INFO] 2025-11-19 08:28:42,693: +PARAM [/xtion/rgb/image_rect_color/theora/quality] by /xtion/rgb/image_proc
[rosmaster.master][INFO] 2025-11-19 08:28:42,702: +PARAM [/xtion/rgb/image_rect_color/theora/keyframe_frequency] by /xtion/rgb/image_proc
[rosmaster.master][INFO] 2025-11-19 08:28:42,716: +PUB [/joy_priority_action/status] /joystick_relay http://127.0.0.1:38645/
[rosmaster.master][INFO] 2025-11-19 08:28:42,723: +PUB [/joy_priority_action/result] /joystick_relay http://127.0.0.1:38645/
[rosmaster.master][INFO] 2025-11-19 08:28:42,727: +PUB [/joy_priority_action/feedback] /joystick_relay http://127.0.0.1:38645/
[rosmaster.master][INFO] 2025-11-19 08:28:42,731: +CACHEDPARAM [/rosout_disable_topics_generation] by /xtion/rgb/image_proc
[rosmaster.master][INFO] 2025-11-19 08:28:42,757: +SUB [/joy_priority_action/goal] /joystick_relay http://127.0.0.1:38645/
[rosmaster.master][INFO] 2025-11-19 08:28:42,758: publisherUpdate[/joy_vel] -> http://127.0.0.1:39189/ ['http://127.0.0.1:38645/']: sec=0.13, result=[1, '', 0]
[rosmaster.master][INFO] 2025-11-19 08:28:42,759: publisherUpdate[/joy_priority] -> http://127.0.0.1:39189/ ['http://127.0.0.1:38645/']
[rosmaster.master][INFO] 2025-11-19 08:28:42,765: publisherUpdate[/joy_priority] -> http://127.0.0.1:39189/ ['http://127.0.0.1:38645/']: sec=0.01, result=[1, '', 0]
[rosmaster.master][INFO] 2025-11-19 08:28:42,769: +SUB [/joy_priority_action/cancel] /joystick_relay http://127.0.0.1:38645/
[rosmaster.master][INFO] 2025-11-19 08:28:42,810: +PUB [/joy_turbo_increase/status] /joystick_relay http://127.0.0.1:38645/
[rosmaster.master][INFO] 2025-11-19 08:28:42,813: +PUB [/joy_turbo_increase/result] /joystick_relay http://127.0.0.1:38645/
[rosmaster.master][INFO] 2025-11-19 08:28:42,817: +PUB [/joy_turbo_increase/feedback] /joystick_relay http://127.0.0.1:38645/
[rosmaster.master][INFO] 2025-11-19 08:28:42,827: +SUB [/joy_turbo_increase/goal] /joystick_relay http://127.0.0.1:38645/
[rosmaster.master][INFO] 2025-11-19 08:28:42,834: +SUB [/joy_turbo_increase/cancel] /joystick_relay http://127.0.0.1:38645/
[rosmaster.master][INFO] 2025-11-19 08:28:42,853: +PUB [/joy_turbo_decrease/status] /joystick_relay http://127.0.0.1:38645/
[rosmaster.master][INFO] 2025-11-19 08:28:42,857: +PUB [/joy_turbo_decrease/result] /joystick_relay http://127.0.0.1:38645/
[rosmaster.master][INFO] 2025-11-19 08:28:42,860: +PUB [/joy_turbo_decrease/feedback] /joystick_relay http://127.0.0.1:38645/
[rosmaster.master][INFO] 2025-11-19 08:28:42,873: +SUB [/joy_turbo_decrease/goal] /joystick_relay http://127.0.0.1:38645/
[rosmaster.master][INFO] 2025-11-19 08:28:42,881: +SUB [/joy_turbo_decrease/cancel] /joystick_relay http://127.0.0.1:38645/
[rosmaster.master][INFO] 2025-11-19 08:28:42,902: +PUB [/joy_turbo_angular_increase/status] /joystick_relay http://127.0.0.1:38645/
[rosmaster.master][INFO] 2025-11-19 08:28:42,909: +PUB [/joy_turbo_angular_increase/result] /joystick_relay http://127.0.0.1:38645/
[rosmaster.master][INFO] 2025-11-19 08:28:42,914: +PUB [/joy_turbo_angular_increase/feedback] /joystick_relay http://127.0.0.1:38645/
[rosmaster.master][INFO] 2025-11-19 08:28:42,925: +SUB [/joy_turbo_angular_increase/goal] /joystick_relay http://127.0.0.1:38645/
[rosmaster.master][INFO] 2025-11-19 08:28:42,933: +SUB [/joy_turbo_angular_increase/cancel] /joystick_relay http://127.0.0.1:38645/
[rosmaster.master][INFO] 2025-11-19 08:28:43,008: +PUB [/joy_turbo_angular_decrease/status] /joystick_relay http://127.0.0.1:38645/
[rosmaster.master][INFO] 2025-11-19 08:28:43,016: +PUB [/joy_turbo_angular_decrease/result] /joystick_relay http://127.0.0.1:38645/
[rosmaster.master][INFO] 2025-11-19 08:28:43,019: +PUB [/joy_turbo_angular_decrease/feedback] /joystick_relay http://127.0.0.1:38645/
[rosmaster.master][INFO] 2025-11-19 08:28:43,029: +SUB [/joy_turbo_angular_decrease/goal] /joystick_relay http://127.0.0.1:38645/
[rosmaster.master][INFO] 2025-11-19 08:28:43,036: +SUB [/joy_turbo_angular_decrease/cancel] /joystick_relay http://127.0.0.1:38645/
[rosmaster.master][INFO] 2025-11-19 08:28:43,061: +PUB [/joy_turbo_reset/status] /joystick_relay http://127.0.0.1:38645/
[rosmaster.master][INFO] 2025-11-19 08:28:43,068: +PUB [/joy_turbo_reset/result] /joystick_relay http://127.0.0.1:38645/
[rosmaster.master][INFO] 2025-11-19 08:28:43,072: +PUB [/joy_turbo_reset/feedback] /joystick_relay http://127.0.0.1:38645/
[rosmaster.master][INFO] 2025-11-19 08:28:43,084: +SUB [/joy_turbo_reset/goal] /joystick_relay http://127.0.0.1:38645/
[rosmaster.master][INFO] 2025-11-19 08:28:43,091: +SUB [/joy_turbo_reset/cancel] /joystick_relay http://127.0.0.1:38645/
[rosmaster.master][INFO] 2025-11-19 08:28:43,741: +PUB [/rosout] /gripper_controllers_spawner http://127.0.0.1:46399/
[rosmaster.master][INFO] 2025-11-19 08:28:43,755: +SUB [/clock] /gripper_controllers_spawner http://127.0.0.1:46399/
[rosmaster.master][INFO] 2025-11-19 08:28:43,763: +SERVICE [/gripper_controllers_spawner/get_loggers] /gripper_controllers_spawner http://127.0.0.1:46399/
[rosmaster.master][INFO] 2025-11-19 08:28:43,766: +SERVICE [/gripper_controllers_spawner/set_logger_level] /gripper_controllers_spawner http://127.0.0.1:46399/
[rosmaster.master][INFO] 2025-11-19 08:28:43,774: publisherUpdate[/rosout] -> http://127.0.0.1:38733/ ['http://127.0.0.1:40699/', 'http://127.0.0.1:33631/', 'http://127.0.0.1:39653/', 'http://127.0.0.1:44159/', 'http://127.0.0.1:42129/', 'http://127.0.0.1:32845/', 'http://127.0.0.1:39189/', 'http://127.0.0.1:41425/', 'http://127.0.0.1:43263/', 'http://127.0.0.1:34729/', 'http://127.0.0.1:35139/', 'http://127.0.0.1:44653/', 'http://127.0.0.1:41289/', 'http://127.0.0.1:42561/', 'http://127.0.0.1:35475/', 'http://127.0.0.1:35179/', 'http://127.0.0.1:38645/', 'http://127.0.0.1:46399/']
[rosmaster.master][INFO] 2025-11-19 08:28:43,777: publisherUpdate[/rosout] -> http://127.0.0.1:38733/ ['http://127.0.0.1:40699/', 'http://127.0.0.1:33631/', 'http://127.0.0.1:39653/', 'http://127.0.0.1:44159/', 'http://127.0.0.1:42129/', 'http://127.0.0.1:32845/', 'http://127.0.0.1:39189/', 'http://127.0.0.1:41425/', 'http://127.0.0.1:43263/', 'http://127.0.0.1:34729/', 'http://127.0.0.1:35139/', 'http://127.0.0.1:44653/', 'http://127.0.0.1:41289/', 'http://127.0.0.1:42561/', 'http://127.0.0.1:35475/', 'http://127.0.0.1:35179/', 'http://127.0.0.1:38645/', 'http://127.0.0.1:46399/']: sec=0.00, result=[1, '', 0]
[rosmaster.master][INFO] 2025-11-19 08:28:43,779: +CACHEDPARAM [/rosout_disable_topics_generation] by /gripper_controllers_spawner
[rosmaster.master][INFO] 2025-11-19 08:28:43,958: +PUB [/rosout] /bringup_controllers_spawner_imu http://127.0.0.1:33261/
[rosmaster.master][INFO] 2025-11-19 08:28:43,963: +SUB [/clock] /bringup_controllers_spawner_imu http://127.0.0.1:33261/
[rosmaster.master][INFO] 2025-11-19 08:28:43,969: +SERVICE [/bringup_controllers_spawner_imu/get_loggers] /bringup_controllers_spawner_imu http://127.0.0.1:33261/
[rosmaster.master][INFO] 2025-11-19 08:28:43,972: +SERVICE [/bringup_controllers_spawner_imu/set_logger_level] /bringup_controllers_spawner_imu http://127.0.0.1:33261/
[rosmaster.master][INFO] 2025-11-19 08:28:43,977: +CACHEDPARAM [/rosout_disable_topics_generation] by /bringup_controllers_spawner_imu
[rosmaster.master][INFO] 2025-11-19 08:28:43,978: publisherUpdate[/rosout] -> http://127.0.0.1:38733/ ['http://127.0.0.1:40699/', 'http://127.0.0.1:33631/', 'http://127.0.0.1:39653/', 'http://127.0.0.1:44159/', 'http://127.0.0.1:42129/', 'http://127.0.0.1:32845/', 'http://127.0.0.1:39189/', 'http://127.0.0.1:41425/', 'http://127.0.0.1:43263/', 'http://127.0.0.1:34729/', 'http://127.0.0.1:35139/', 'http://127.0.0.1:44653/', 'http://127.0.0.1:41289/', 'http://127.0.0.1:42561/', 'http://127.0.0.1:35475/', 'http://127.0.0.1:35179/', 'http://127.0.0.1:38645/', 'http://127.0.0.1:46399/', 'http://127.0.0.1:33261/']
[rosmaster.master][INFO] 2025-11-19 08:28:43,983: publisherUpdate[/rosout] -> http://127.0.0.1:38733/ ['http://127.0.0.1:40699/', 'http://127.0.0.1:33631/', 'http://127.0.0.1:39653/', 'http://127.0.0.1:44159/', 'http://127.0.0.1:42129/', 'http://127.0.0.1:32845/', 'http://127.0.0.1:39189/', 'http://127.0.0.1:41425/', 'http://127.0.0.1:43263/', 'http://127.0.0.1:34729/', 'http://127.0.0.1:35139/', 'http://127.0.0.1:44653/', 'http://127.0.0.1:41289/', 'http://127.0.0.1:42561/', 'http://127.0.0.1:35475/', 'http://127.0.0.1:35179/', 'http://127.0.0.1:38645/', 'http://127.0.0.1:46399/', 'http://127.0.0.1:33261/']: sec=0.00, result=[1, '', 0]
[rosmaster.master][INFO] 2025-11-19 08:28:44,036: +PUB [/rosout] /bringup_controllers_spawner_ft http://127.0.0.1:34681/
[rosmaster.master][INFO] 2025-11-19 08:28:44,045: +SUB [/clock] /bringup_controllers_spawner_ft http://127.0.0.1:34681/
[rosmaster.master][INFO] 2025-11-19 08:28:44,050: +SERVICE [/bringup_controllers_spawner_ft/get_loggers] /bringup_controllers_spawner_ft http://127.0.0.1:34681/
[rosmaster.master][INFO] 2025-11-19 08:28:44,052: +SERVICE [/bringup_controllers_spawner_ft/set_logger_level] /bringup_controllers_spawner_ft http://127.0.0.1:34681/
[rosmaster.master][INFO] 2025-11-19 08:28:44,057: +CACHEDPARAM [/rosout_disable_topics_generation] by /bringup_controllers_spawner_ft
[rosmaster.master][INFO] 2025-11-19 08:28:44,063: +PUB [/rosout] /default_controllers_spawner http://127.0.0.1:32799/
[rosmaster.master][INFO] 2025-11-19 08:28:44,076: +SUB [/clock] /default_controllers_spawner http://127.0.0.1:32799/
[rosmaster.master][INFO] 2025-11-19 08:28:44,082: +SERVICE [/default_controllers_spawner/get_loggers] /default_controllers_spawner http://127.0.0.1:32799/
[rosmaster.master][INFO] 2025-11-19 08:28:44,084: publisherUpdate[/rosout] -> http://127.0.0.1:38733/ ['http://127.0.0.1:40699/', 'http://127.0.0.1:33631/', 'http://127.0.0.1:39653/', 'http://127.0.0.1:44159/', 'http://127.0.0.1:42129/', 'http://127.0.0.1:32845/', 'http://127.0.0.1:39189/', 'http://127.0.0.1:41425/', 'http://127.0.0.1:43263/', 'http://127.0.0.1:34729/', 'http://127.0.0.1:35139/', 'http://127.0.0.1:44653/', 'http://127.0.0.1:41289/', 'http://127.0.0.1:42561/', 'http://127.0.0.1:35475/', 'http://127.0.0.1:35179/', 'http://127.0.0.1:38645/', 'http://127.0.0.1:46399/', 'http://127.0.0.1:33261/', 'http://127.0.0.1:34681/']
[rosmaster.master][INFO] 2025-11-19 08:28:44,086: +SERVICE [/default_controllers_spawner/set_logger_level] /default_controllers_spawner http://127.0.0.1:32799/
[rosmaster.master][INFO] 2025-11-19 08:28:44,090: publisherUpdate[/rosout] -> http://127.0.0.1:38733/ ['http://127.0.0.1:40699/', 'http://127.0.0.1:33631/', 'http://127.0.0.1:39653/', 'http://127.0.0.1:44159/', 'http://127.0.0.1:42129/', 'http://127.0.0.1:32845/', 'http://127.0.0.1:39189/', 'http://127.0.0.1:41425/', 'http://127.0.0.1:43263/', 'http://127.0.0.1:34729/', 'http://127.0.0.1:35139/', 'http://127.0.0.1:44653/', 'http://127.0.0.1:41289/', 'http://127.0.0.1:42561/', 'http://127.0.0.1:35475/', 'http://127.0.0.1:35179/', 'http://127.0.0.1:38645/', 'http://127.0.0.1:46399/', 'http://127.0.0.1:33261/', 'http://127.0.0.1:34681/']: sec=0.01, result=[1, '', 0]
[rosmaster.master][INFO] 2025-11-19 08:28:44,091: publisherUpdate[/rosout] -> http://127.0.0.1:38733/ ['http://127.0.0.1:40699/', 'http://127.0.0.1:33631/', 'http://127.0.0.1:39653/', 'http://127.0.0.1:44159/', 'http://127.0.0.1:42129/', 'http://127.0.0.1:32845/', 'http://127.0.0.1:39189/', 'http://127.0.0.1:41425/', 'http://127.0.0.1:43263/', 'http://127.0.0.1:34729/', 'http://127.0.0.1:35139/', 'http://127.0.0.1:44653/', 'http://127.0.0.1:41289/', 'http://127.0.0.1:42561/', 'http://127.0.0.1:35475/', 'http://127.0.0.1:35179/', 'http://127.0.0.1:38645/', 'http://127.0.0.1:46399/', 'http://127.0.0.1:33261/', 'http://127.0.0.1:34681/', 'http://127.0.0.1:32799/']
[rosmaster.master][INFO] 2025-11-19 08:28:44,093: +CACHEDPARAM [/rosout_disable_topics_generation] by /default_controllers_spawner
[rosmaster.master][INFO] 2025-11-19 08:28:44,095: publisherUpdate[/rosout] -> http://127.0.0.1:38733/ ['http://127.0.0.1:40699/', 'http://127.0.0.1:33631/', 'http://127.0.0.1:39653/', 'http://127.0.0.1:44159/', 'http://127.0.0.1:42129/', 'http://127.0.0.1:32845/', 'http://127.0.0.1:39189/', 'http://127.0.0.1:41425/', 'http://127.0.0.1:43263/', 'http://127.0.0.1:34729/', 'http://127.0.0.1:35139/', 'http://127.0.0.1:44653/', 'http://127.0.0.1:41289/', 'http://127.0.0.1:42561/', 'http://127.0.0.1:35475/', 'http://127.0.0.1:35179/', 'http://127.0.0.1:38645/', 'http://127.0.0.1:46399/', 'http://127.0.0.1:33261/', 'http://127.0.0.1:34681/', 'http://127.0.0.1:32799/']: sec=0.00, result=[1, '', 0]
[rosmaster.master][INFO] 2025-11-19 08:28:44,801: +PUB [/clock] /gazebo http://127.0.0.1:35475/
[rosmaster.master][INFO] 2025-11-19 08:28:44,804: +SERVICE [/gazebo/spawn_sdf_model] /gazebo http://127.0.0.1:35475/
[rosmaster.master][INFO] 2025-11-19 08:28:44,807: +SERVICE [/gazebo/spawn_urdf_model] /gazebo http://127.0.0.1:35475/
[rosmaster.master][INFO] 2025-11-19 08:28:44,810: +SERVICE [/gazebo/delete_model] /gazebo http://127.0.0.1:35475/
[rosmaster.master][INFO] 2025-11-19 08:28:44,811: +SERVICE [/gazebo/delete_light] /gazebo http://127.0.0.1:35475/
[rosmaster.master][INFO] 2025-11-19 08:28:44,812: +SERVICE [/gazebo/get_model_properties] /gazebo http://127.0.0.1:35475/
[rosmaster.master][INFO] 2025-11-19 08:28:44,816: +SERVICE [/gazebo/get_model_state] /gazebo http://127.0.0.1:35475/
[rosmaster.master][INFO] 2025-11-19 08:28:44,818: +SERVICE [/gazebo/get_world_properties] /gazebo http://127.0.0.1:35475/
[rosmaster.master][INFO] 2025-11-19 08:28:44,819: publisherUpdate[/clock] -> http://127.0.0.1:40699/ ['http://127.0.0.1:35475/']
[rosmaster.master][INFO] 2025-11-19 08:28:44,822: +SERVICE [/gazebo/get_joint_properties] /gazebo http://127.0.0.1:35475/
[rosmaster.master][INFO] 2025-11-19 08:28:44,824: publisherUpdate[/clock] -> http://127.0.0.1:40699/ ['http://127.0.0.1:35475/']: sec=0.00, result=[1, '', 0]
[rosmaster.master][INFO] 2025-11-19 08:28:44,825: +SERVICE [/gazebo/get_link_properties] /gazebo http://127.0.0.1:35475/
[rosmaster.master][INFO] 2025-11-19 08:28:44,825: publisherUpdate[/clock] -> http://127.0.0.1:33631/ ['http://127.0.0.1:35475/']
[rosmaster.master][INFO] 2025-11-19 08:28:44,828: +SERVICE [/gazebo/get_link_state] /gazebo http://127.0.0.1:35475/
[rosmaster.master][INFO] 2025-11-19 08:28:44,831: +SERVICE [/gazebo/get_light_properties] /gazebo http://127.0.0.1:35475/
[rosmaster.master][INFO] 2025-11-19 08:28:44,834: +SERVICE [/gazebo/set_light_properties] /gazebo http://127.0.0.1:35475/
[rosmaster.master][INFO] 2025-11-19 08:28:44,836: +SERVICE [/gazebo/get_physics_properties] /gazebo http://127.0.0.1:35475/
[rosmaster.master][INFO] 2025-11-19 08:28:44,838: +PUB [/gazebo/link_states] /gazebo http://127.0.0.1:35475/
[rosmaster.master][INFO] 2025-11-19 08:28:44,840: +PUB [/gazebo/model_states] /gazebo http://127.0.0.1:35475/
[rosmaster.master][INFO] 2025-11-19 08:28:44,843: +SERVICE [/gazebo/set_link_properties] /gazebo http://127.0.0.1:35475/
[rosmaster.master][INFO] 2025-11-19 08:28:44,846: +SERVICE [/gazebo/set_physics_properties] /gazebo http://127.0.0.1:35475/
[rosmaster.master][INFO] 2025-11-19 08:28:44,848: +SERVICE [/gazebo/set_model_state] /gazebo http://127.0.0.1:35475/
[rosmaster.master][INFO] 2025-11-19 08:28:44,851: +SERVICE [/gazebo/set_model_configuration] /gazebo http://127.0.0.1:35475/
[rosmaster.master][INFO] 2025-11-19 08:28:44,853: +SERVICE [/gazebo/set_joint_properties] /gazebo http://127.0.0.1:35475/
[rosmaster.master][INFO] 2025-11-19 08:28:44,855: +SERVICE [/gazebo/set_link_state] /gazebo http://127.0.0.1:35475/
[rosmaster.master][INFO] 2025-11-19 08:28:44,863: +SUB [/gazebo/set_link_state] /gazebo http://127.0.0.1:35475/
[rosmaster.master][INFO] 2025-11-19 08:28:44,878: +SERVICE [/gazebo/set_parameters] /gazebo http://127.0.0.1:35475/
[rosmaster.master][INFO] 2025-11-19 08:28:44,880: +SUB [/gazebo/set_model_state] /gazebo http://127.0.0.1:35475/
[rosmaster.master][INFO] 2025-11-19 08:28:44,883: +SERVICE [/gazebo/pause_physics] /gazebo http://127.0.0.1:35475/
[rosmaster.master][INFO] 2025-11-19 08:28:44,886: +PUB [/gazebo/parameter_descriptions] /gazebo http://127.0.0.1:35475/
[rosmaster.master][INFO] 2025-11-19 08:28:44,888: +SERVICE [/gazebo/unpause_physics] /gazebo http://127.0.0.1:35475/
[rosmaster.master][INFO] 2025-11-19 08:28:44,891: +PUB [/gazebo/parameter_updates] /gazebo http://127.0.0.1:35475/
[rosmaster.master][INFO] 2025-11-19 08:28:44,894: +SERVICE [/gazebo/apply_body_wrench] /gazebo http://127.0.0.1:35475/
[rosmaster.master][INFO] 2025-11-19 08:28:44,897: publisherUpdate[/clock] -> http://127.0.0.1:39653/ ['http://127.0.0.1:35475/']
[rosmaster.master][INFO] 2025-11-19 08:28:44,900: publisherUpdate[/clock] -> http://127.0.0.1:44159/ ['http://127.0.0.1:35475/']
[rosmaster.master][INFO] 2025-11-19 08:28:44,905: +SERVICE [/gazebo/apply_joint_effort] /gazebo http://127.0.0.1:35475/
[rosmaster.master][INFO] 2025-11-19 08:28:44,917: +SERVICE [/gazebo/clear_joint_forces] /gazebo http://127.0.0.1:35475/
[rosmaster.master][INFO] 2025-11-19 08:28:44,926: +CACHEDPARAM [/rosout_disable_topics_generation] by /spawn_model
[rosmaster.master][INFO] 2025-11-19 08:28:44,928: publisherUpdate[/clock] -> http://127.0.0.1:33631/ ['http://127.0.0.1:35475/']: sec=0.10, result=[1, '', 0]
[rosmaster.master][INFO] 2025-11-19 08:28:44,931: publisherUpdate[/clock] -> http://127.0.0.1:42129/ ['http://127.0.0.1:35475/']
[rosmaster.master][INFO] 2025-11-19 08:28:44,933: +SERVICE [/gazebo/clear_body_wrenches] /gazebo http://127.0.0.1:35475/
[rosmaster.master][INFO] 2025-11-19 08:28:44,938: +SERVICE [/gazebo/reset_simulation] /gazebo http://127.0.0.1:35475/
[rosmaster.master][INFO] 2025-11-19 08:28:44,945: +SERVICE [/gazebo/reset_world] /gazebo http://127.0.0.1:35475/
[rosmaster.master][INFO] 2025-11-19 08:28:44,967: publisherUpdate[/clock] -> http://127.0.0.1:42129/ ['http://127.0.0.1:35475/']: sec=0.04, result=[1, '', 0]
[rosmaster.master][INFO] 2025-11-19 08:28:44,968: publisherUpdate[/clock] -> http://127.0.0.1:32845/ ['http://127.0.0.1:35475/']
[rosmaster.master][INFO] 2025-11-19 08:28:44,981: publisherUpdate[/clock] -> http://127.0.0.1:32845/ ['http://127.0.0.1:35475/']: sec=0.01, result=[1, '', 0]
[rosmaster.master][INFO] 2025-11-19 08:28:44,989: publisherUpdate[/clock] -> http://127.0.0.1:39189/ ['http://127.0.0.1:35475/']
[rosmaster.master][INFO] 2025-11-19 08:28:45,007: publisherUpdate[/clock] -> http://127.0.0.1:39653/ ['http://127.0.0.1:35475/']: sec=0.11, result=[1, '', 0]
[rosmaster.master][INFO] 2025-11-19 08:28:45,007: publisherUpdate[/clock] -> http://127.0.0.1:41425/ ['http://127.0.0.1:35475/']
[rosmaster.master][INFO] 2025-11-19 08:28:45,018: publisherUpdate[/clock] -> http://127.0.0.1:44159/ ['http://127.0.0.1:35475/']: sec=0.11, result=[1, '', 0]
[rosmaster.master][INFO] 2025-11-19 08:28:45,019: publisherUpdate[/clock] -> http://127.0.0.1:43263/ ['http://127.0.0.1:35475/']
[rosmaster.master][INFO] 2025-11-19 08:28:45,024: +PARAM [/gazebo/time_step] by /gazebo
[rosmaster.master][INFO] 2025-11-19 08:28:45,030: +PARAM [/gazebo/max_update_rate] by /gazebo
[rosmaster.master][INFO] 2025-11-19 08:28:45,035: +PARAM [/gazebo/gravity_x] by /gazebo
[rosmaster.master][INFO] 2025-11-19 08:28:45,038: +PARAM [/gazebo/gravity_y] by /gazebo
[rosmaster.master][INFO] 2025-11-19 08:28:45,041: +PARAM [/gazebo/gravity_z] by /gazebo
[rosmaster.master][INFO] 2025-11-19 08:28:45,105: publisherUpdate[/clock] -> http://127.0.0.1:39189/ ['http://127.0.0.1:35475/']: sec=0.12, result=[1, '', 0]
[rosmaster.master][INFO] 2025-11-19 08:28:45,107: +PARAM [/gazebo/auto_disable_bodies] by /gazebo
[rosmaster.master][INFO] 2025-11-19 08:28:45,108: publisherUpdate[/clock] -> http://127.0.0.1:41425/ ['http://127.0.0.1:35475/']: sec=0.10, result=[1, '', 0]
[rosmaster.master][INFO] 2025-11-19 08:28:45,109: publisherUpdate[/clock] -> http://127.0.0.1:34729/ ['http://127.0.0.1:35475/']
[rosmaster.master][INFO] 2025-11-19 08:28:45,110: publisherUpdate[/clock] -> http://127.0.0.1:35139/ ['http://127.0.0.1:35475/']
[rosmaster.master][INFO] 2025-11-19 08:28:45,120: +PARAM [/gazebo/sor_pgs_precon_iters] by /gazebo
[rosmaster.master][INFO] 2025-11-19 08:28:45,135: +CACHEDPARAM [/rosout_disable_topics_generation] by /spawn_model
[rosmaster.master][INFO] 2025-11-19 08:28:45,146: +PARAM [/gazebo/sor_pgs_iters] by /gazebo
[rosmaster.master][INFO] 2025-11-19 08:28:45,148: publisherUpdate[/clock] -> http://127.0.0.1:35139/ ['http://127.0.0.1:35475/']: sec=0.02, result=[1, '', 0]
[rosmaster.master][INFO] 2025-11-19 08:28:45,152: publisherUpdate[/clock] -> http://127.0.0.1:44653/ ['http://127.0.0.1:35475/']
[rosmaster.master][INFO] 2025-11-19 08:28:45,151: publisherUpdate[/clock] -> http://127.0.0.1:43263/ ['http://127.0.0.1:35475/']: sec=0.13, result=[1, '', 0]
[rosmaster.master][INFO] 2025-11-19 08:28:45,154: +PARAM [/gazebo/sor_pgs_w] by /gazebo
[rosmaster.master][INFO] 2025-11-19 08:28:45,154: publisherUpdate[/clock] -> http://127.0.0.1:41289/ ['http://127.0.0.1:35475/']
[rosmaster.master][INFO] 2025-11-19 08:28:45,158: -SUB [/clock] /spawn_model http://127.0.0.1:41289/
[rosmaster.master][INFO] 2025-11-19 08:28:45,160: +PARAM [/gazebo/sor_pgs_rms_error_tol] by /gazebo
[rosmaster.master][INFO] 2025-11-19 08:28:45,162: -PUB [/rosout] /spawn_model http://127.0.0.1:41289/
[rosmaster.master][INFO] 2025-11-19 08:28:45,164: publisherUpdate[/clock] -> http://127.0.0.1:44653/ ['http://127.0.0.1:35475/']: sec=0.01, result=[1, '', 0]
[rosmaster.master][INFO] 2025-11-19 08:28:45,165: +PARAM [/gazebo/cfm] by /gazebo
[rosmaster.master][INFO] 2025-11-19 08:28:45,167: publisherUpdate[/clock] -> http://127.0.0.1:41289/ ['http://127.0.0.1:35475/']: sec=0.01, result=[1, '', 0]
[rosmaster.master][INFO] 2025-11-19 08:28:45,167: -SERVICE [/spawn_model/get_loggers] /spawn_model rosrpc://127.0.0.1:46081
[rosmaster.master][INFO] 2025-11-19 08:28:45,171: -SERVICE [/spawn_model/set_logger_level] /spawn_model rosrpc://127.0.0.1:46081
[rosmaster.master][INFO] 2025-11-19 08:28:45,170: +PARAM [/gazebo/erp] by /gazebo
[rosmaster.master][INFO] 2025-11-19 08:28:45,170: publisherUpdate[/clock] -> http://127.0.0.1:35475/ ['http://127.0.0.1:35475/']
[rosmaster.master][INFO] 2025-11-19 08:28:45,168: publisherUpdate[/clock] -> http://127.0.0.1:42561/ ['http://127.0.0.1:35475/']
[rosmaster.master][INFO] 2025-11-19 08:28:45,175: +PARAM [/gazebo/contact_surface_layer] by /gazebo
[rosmaster.master][INFO] 2025-11-19 08:28:45,177: +PARAM [/gazebo/contact_max_correcting_vel] by /gazebo
[rosmaster.master][INFO] 2025-11-19 08:28:45,179: +PARAM [/gazebo/max_contacts] by /gazebo
[rosmaster.master][INFO] 2025-11-19 08:28:45,186: +PARAM [/gazebo/time_step] by /gazebo
[rosmaster.master][INFO] 2025-11-19 08:28:45,188: +PARAM [/gazebo/max_update_rate] by /gazebo
[rosmaster.master][INFO] 2025-11-19 08:28:45,189: +PARAM [/gazebo/gravity_x] by /gazebo
[rosmaster.master][INFO] 2025-11-19 08:28:45,191: +PARAM [/gazebo/gravity_y] by /gazebo
[rosmaster.master][INFO] 2025-11-19 08:28:45,193: +PARAM [/gazebo/gravity_z] by /gazebo
[rosmaster.master][INFO] 2025-11-19 08:28:45,195: +PARAM [/gazebo/auto_disable_bodies] by /gazebo
[rosmaster.master][INFO] 2025-11-19 08:28:45,197: +PARAM [/gazebo/sor_pgs_precon_iters] by /gazebo
[rosmaster.master][INFO] 2025-11-19 08:28:45,198: +PARAM [/gazebo/sor_pgs_iters] by /gazebo
[rosmaster.master][INFO] 2025-11-19 08:28:45,199: +PARAM [/gazebo/sor_pgs_w] by /gazebo
[rosmaster.master][INFO] 2025-11-19 08:28:45,200: +PARAM [/gazebo/sor_pgs_rms_error_tol] by /gazebo
[rosmaster.master][INFO] 2025-11-19 08:28:45,204: +PARAM [/gazebo/cfm] by /gazebo
[rosmaster.master][INFO] 2025-11-19 08:28:45,206: publisherUpdate[/clock] -> http://127.0.0.1:42561/ ['http://127.0.0.1:35475/']: sec=0.03, result=[1, '', 0]
[rosmaster.master][INFO] 2025-11-19 08:28:45,207: +PARAM [/gazebo/erp] by /gazebo
[rosmaster.master][INFO] 2025-11-19 08:28:45,208: publisherUpdate[/clock] -> http://127.0.0.1:35179/ ['http://127.0.0.1:35475/']
[rosmaster.master][INFO] 2025-11-19 08:28:45,209: +PARAM [/gazebo/contact_surface_layer] by /gazebo
[rosmaster.master][INFO] 2025-11-19 08:28:45,212: +PARAM [/gazebo/contact_max_correcting_vel] by /gazebo
[rosmaster.master][INFO] 2025-11-19 08:28:45,214: +PARAM [/gazebo/max_contacts] by /gazebo
[rosmaster.master][INFO] 2025-11-19 08:28:45,215: publisherUpdate[/clock] -> http://127.0.0.1:35179/ ['http://127.0.0.1:35475/']: sec=0.01, result=[1, '', 0]
[rosmaster.master][INFO] 2025-11-19 08:28:45,216: publisherUpdate[/clock] -> http://127.0.0.1:38645/ ['http://127.0.0.1:35475/']
[rosmaster.master][INFO] 2025-11-19 08:28:45,221: publisherUpdate[/clock] -> http://127.0.0.1:38645/ ['http://127.0.0.1:35475/']: sec=0.00, result=[1, '', 0]
[rosmaster.master][INFO] 2025-11-19 08:28:45,222: publisherUpdate[/clock] -> http://127.0.0.1:46399/ ['http://127.0.0.1:35475/']
[rosmaster.master][INFO] 2025-11-19 08:28:45,226: publisherUpdate[/clock] -> http://127.0.0.1:46399/ ['http://127.0.0.1:35475/']: sec=0.00, result=[1, '', 0]
[rosmaster.master][INFO] 2025-11-19 08:28:45,228: publisherUpdate[/clock] -> http://127.0.0.1:34729/ ['http://127.0.0.1:35475/']: sec=0.10, result=[1, '', 0]
[rosmaster.master][INFO] 2025-11-19 08:28:45,228: publisherUpdate[/clock] -> http://127.0.0.1:33261/ ['http://127.0.0.1:35475/']
[rosmaster.master][INFO] 2025-11-19 08:28:45,228: publisherUpdate[/clock] -> http://127.0.0.1:34681/ ['http://127.0.0.1:35475/']
[rosmaster.master][INFO] 2025-11-19 08:28:45,234: publisherUpdate[/clock] -> http://127.0.0.1:33261/ ['http://127.0.0.1:35475/']: sec=0.00, result=[1, '', 0]
[rosmaster.master][INFO] 2025-11-19 08:28:45,236: publisherUpdate[/clock] -> http://127.0.0.1:32799/ ['http://127.0.0.1:35475/']
[rosmaster.master][INFO] 2025-11-19 08:28:45,235: publisherUpdate[/clock] -> http://127.0.0.1:34681/ ['http://127.0.0.1:35475/']: sec=0.01, result=[1, '', 0]
[rosmaster.master][INFO] 2025-11-19 08:28:45,239: publisherUpdate[/rosout] -> http://127.0.0.1:38733/ ['http://127.0.0.1:40699/', 'http://127.0.0.1:33631/', 'http://127.0.0.1:39653/', 'http://127.0.0.1:44159/', 'http://127.0.0.1:42129/', 'http://127.0.0.1:32845/', 'http://127.0.0.1:39189/', 'http://127.0.0.1:41425/', 'http://127.0.0.1:43263/', 'http://127.0.0.1:34729/', 'http://127.0.0.1:35139/', 'http://127.0.0.1:44653/', 'http://127.0.0.1:42561/', 'http://127.0.0.1:35475/', 'http://127.0.0.1:35179/', 'http://127.0.0.1:38645/', 'http://127.0.0.1:46399/', 'http://127.0.0.1:33261/', 'http://127.0.0.1:34681/', 'http://127.0.0.1:32799/']
[rosmaster.master][INFO] 2025-11-19 08:28:45,242: publisherUpdate[/clock] -> http://127.0.0.1:32799/ ['http://127.0.0.1:35475/']: sec=0.01, result=[1, '', 0]
[rosmaster.master][INFO] 2025-11-19 08:28:45,244: publisherUpdate[/rosout] -> http://127.0.0.1:38733/ ['http://127.0.0.1:40699/', 'http://127.0.0.1:33631/', 'http://127.0.0.1:39653/', 'http://127.0.0.1:44159/', 'http://127.0.0.1:42129/', 'http://127.0.0.1:32845/', 'http://127.0.0.1:39189/', 'http://127.0.0.1:41425/', 'http://127.0.0.1:43263/', 'http://127.0.0.1:34729/', 'http://127.0.0.1:35139/', 'http://127.0.0.1:44653/', 'http://127.0.0.1:42561/', 'http://127.0.0.1:35475/', 'http://127.0.0.1:35179/', 'http://127.0.0.1:38645/', 'http://127.0.0.1:46399/', 'http://127.0.0.1:33261/', 'http://127.0.0.1:34681/', 'http://127.0.0.1:32799/']: sec=0.01, result=[1, '', 0]
[rosmaster.master][ERROR] 2025-11-19 08:28:46,148: Traceback (most recent call last):
  File "/opt/ros/noetic/lib/python3/dist-packages/rosmaster/master_api.py", line 177, in validated_f
    code, msg, val = f(*newArgs, **kwds)
  File "/opt/ros/noetic/lib/python3/dist-packages/rosmaster/master_api.py", line 435, in searchParam
    search_key = self.param_server.search_param(caller_id, key)
  File "/opt/ros/noetic/lib/python3/dist-packages/rosmaster/paramserver.py", line 116, in search_param
    raise ValueError("namespace must be global")
ValueError: namespace must be global

[rosmaster.master][INFO] 2025-11-19 08:28:46,152: +PUB [/scan_front_raw] /gazebo http://127.0.0.1:35475/
[rosmaster.master][ERROR] 2025-11-19 08:28:46,165: Traceback (most recent call last):
  File "/opt/ros/noetic/lib/python3/dist-packages/rosmaster/master_api.py", line 177, in validated_f
    code, msg, val = f(*newArgs, **kwds)
  File "/opt/ros/noetic/lib/python3/dist-packages/rosmaster/master_api.py", line 435, in searchParam
    search_key = self.param_server.search_param(caller_id, key)
  File "/opt/ros/noetic/lib/python3/dist-packages/rosmaster/paramserver.py", line 116, in search_param
    raise ValueError("namespace must be global")
ValueError: namespace must be global

[rosmaster.master][INFO] 2025-11-19 08:28:46,167: +PUB [/scan_rear_raw] /gazebo http://127.0.0.1:35475/
[rosmaster.master][INFO] 2025-11-19 08:28:46,332: +SERVICE [/xtion/set_camera_info] /gazebo http://127.0.0.1:35475/
[rosmaster.master][INFO] 2025-11-19 08:28:46,348: +SERVICE [/xtion/set_parameters] /gazebo http://127.0.0.1:35475/
[rosmaster.master][INFO] 2025-11-19 08:28:46,351: +PUB [/xtion/parameter_descriptions] /gazebo http://127.0.0.1:35475/
[rosmaster.master][INFO] 2025-11-19 08:28:46,354: +PUB [/xtion/parameter_updates] /gazebo http://127.0.0.1:35475/
[rosmaster.master][INFO] 2025-11-19 08:28:46,357: +PARAM [/xtion/imager_rate] by /gazebo
[rosmaster.master][INFO] 2025-11-19 08:28:46,360: +PARAM [/xtion/imager_rate] by /gazebo
[rosmaster.master][INFO] 2025-11-19 08:28:46,451: publisherUpdate[/clock] -> http://127.0.0.1:35475/ ['http://127.0.0.1:35475/']: sec=1.28, result=[1, '', 0]
[rosmaster.master][INFO] 2025-11-19 08:28:46,602: +PUB [/xtion/rgb/image_raw/compressedDepth] /gazebo http://127.0.0.1:35475/
[rosmaster.master][INFO] 2025-11-19 08:28:46,604: +SERVICE [/xtion/rgb/image_raw/compressedDepth/set_parameters] /gazebo http://127.0.0.1:35475/
[rosmaster.master][INFO] 2025-11-19 08:28:46,606: +PUB [/xtion/rgb/image_raw/compressedDepth/parameter_descriptions] /gazebo http://127.0.0.1:35475/
[rosmaster.master][INFO] 2025-11-19 08:28:46,608: +PUB [/xtion/rgb/image_raw/compressedDepth/parameter_updates] /gazebo http://127.0.0.1:35475/
[rosmaster.master][INFO] 2025-11-19 08:28:46,615: +PARAM [/xtion/rgb/image_raw/compressedDepth/format] by /gazebo
[rosmaster.master][INFO] 2025-11-19 08:28:46,620: +PARAM [/xtion/rgb/image_raw/compressedDepth/depth_max] by /gazebo
[rosmaster.master][INFO] 2025-11-19 08:28:46,622: +PARAM [/xtion/rgb/image_raw/compressedDepth/depth_quantization] by /gazebo
[rosmaster.master][INFO] 2025-11-19 08:28:46,623: +PARAM [/xtion/rgb/image_raw/compressedDepth/png_level] by /gazebo
[rosmaster.master][INFO] 2025-11-19 08:28:46,624: +PARAM [/xtion/rgb/image_raw/compressedDepth/format] by /gazebo
[rosmaster.master][INFO] 2025-11-19 08:28:46,626: +PARAM [/xtion/rgb/image_raw/compressedDepth/depth_max] by /gazebo
[rosmaster.master][INFO] 2025-11-19 08:28:46,628: +PARAM [/xtion/rgb/image_raw/compressedDepth/depth_quantization] by /gazebo
[rosmaster.master][INFO] 2025-11-19 08:28:46,630: +PARAM [/xtion/rgb/image_raw/compressedDepth/png_level] by /gazebo
[rosmaster.master][INFO] 2025-11-19 08:28:46,746: +PUB [/xtion/rgb/image_raw/compressed] /gazebo http://127.0.0.1:35475/
[rosmaster.master][INFO] 2025-11-19 08:28:46,749: +SERVICE [/xtion/rgb/image_raw/compressed/set_parameters] /gazebo http://127.0.0.1:35475/
[rosmaster.master][INFO] 2025-11-19 08:28:46,752: +PUB [/xtion/rgb/image_raw/compressed/parameter_descriptions] /gazebo http://127.0.0.1:35475/
[rosmaster.master][INFO] 2025-11-19 08:28:46,753: +PUB [/xtion/rgb/image_raw/compressed/parameter_updates] /gazebo http://127.0.0.1:35475/
[rosmaster.master][INFO] 2025-11-19 08:28:46,789: +PARAM [/xtion/rgb/image_raw/compressed/format] by /gazebo
[rosmaster.master][INFO] 2025-11-19 08:28:46,794: +PARAM [/xtion/rgb/image_raw/compressed/jpeg_quality] by /gazebo
[rosmaster.master][INFO] 2025-11-19 08:28:46,800: +PARAM [/xtion/rgb/image_raw/compressed/jpeg_progressive] by /gazebo
[rosmaster.master][INFO] 2025-11-19 08:28:46,804: +PARAM [/xtion/rgb/image_raw/compressed/jpeg_optimize] by /gazebo
[rosmaster.master][INFO] 2025-11-19 08:28:46,809: +PARAM [/xtion/rgb/image_raw/compressed/jpeg_restart_interval] by /gazebo
[rosmaster.master][INFO] 2025-11-19 08:28:46,812: +PARAM [/xtion/rgb/image_raw/compressed/png_level] by /gazebo
[rosmaster.master][INFO] 2025-11-19 08:28:46,826: +PARAM [/xtion/rgb/image_raw/compressed/format] by /gazebo
[rosmaster.master][INFO] 2025-11-19 08:28:46,832: +PARAM [/xtion/rgb/image_raw/compressed/jpeg_quality] by /gazebo
[rosmaster.master][INFO] 2025-11-19 08:28:46,836: +SERVICE [/gains/torso_lift_joint/set_parameters] /gazebo http://127.0.0.1:35475/
[rosmaster.master][INFO] 2025-11-19 08:28:46,839: +PARAM [/xtion/rgb/image_raw/compressed/jpeg_progressive] by /gazebo
[rosmaster.master][INFO] 2025-11-19 08:28:46,840: +PUB [/gains/torso_lift_joint/parameter_descriptions] /gazebo http://127.0.0.1:35475/
[rosmaster.master][INFO] 2025-11-19 08:28:46,842: +PARAM [/xtion/rgb/image_raw/compressed/jpeg_optimize] by /gazebo
[rosmaster.master][INFO] 2025-11-19 08:28:46,846: +PUB [/gains/torso_lift_joint/parameter_updates] /gazebo http://127.0.0.1:35475/
[rosmaster.master][INFO] 2025-11-19 08:28:46,848: +PARAM [/xtion/rgb/image_raw/compressed/jpeg_restart_interval] by /gazebo
[rosmaster.master][INFO] 2025-11-19 08:28:46,852: +PARAM [/xtion/rgb/image_raw/compressed/png_level] by /gazebo
[rosmaster.master][INFO] 2025-11-19 08:28:46,860: +PARAM [/gains/torso_lift_joint/p] by /gazebo
[rosmaster.master][INFO] 2025-11-19 08:28:46,862: +PARAM [/gains/torso_lift_joint/i] by /gazebo
[rosmaster.master][INFO] 2025-11-19 08:28:46,863: +PARAM [/gains/torso_lift_joint/d] by /gazebo
[rosmaster.master][INFO] 2025-11-19 08:28:46,867: +PARAM [/gains/torso_lift_joint/i_clamp_min] by /gazebo
[rosmaster.master][INFO] 2025-11-19 08:28:46,870: +PARAM [/gains/torso_lift_joint/i_clamp_max] by /gazebo
[rosmaster.master][INFO] 2025-11-19 08:28:46,873: +PARAM [/gains/torso_lift_joint/antiwindup] by /gazebo
[rosmaster.master][INFO] 2025-11-19 08:28:46,874: +PARAM [/gains/torso_lift_joint/p] by /gazebo
[rosmaster.master][INFO] 2025-11-19 08:28:46,876: +PUB [/xtion/rgb/image_raw] /gazebo http://127.0.0.1:35475/
[rosmaster.master][INFO] 2025-11-19 08:28:46,878: +PARAM [/gains/torso_lift_joint/i] by /gazebo
[rosmaster.master][INFO] 2025-11-19 08:28:46,880: +PARAM [/gains/torso_lift_joint/d] by /gazebo
[rosmaster.master][INFO] 2025-11-19 08:28:46,882: +PARAM [/gains/torso_lift_joint/i_clamp_min] by /gazebo
[rosmaster.master][INFO] 2025-11-19 08:28:46,884: +PARAM [/gains/torso_lift_joint/i_clamp_max] by /gazebo
[rosmaster.master][INFO] 2025-11-19 08:28:46,886: +PARAM [/gains/torso_lift_joint/antiwindup] by /gazebo
[rosmaster.master][INFO] 2025-11-19 08:28:46,888: +PARAM [/gains/torso_lift_joint/p] by /gazebo
[rosmaster.master][INFO] 2025-11-19 08:28:46,893: +PARAM [/gains/torso_lift_joint/i] by /gazebo
[rosmaster.master][INFO] 2025-11-19 08:28:46,895: +PARAM [/gains/torso_lift_joint/d] by /gazebo
[rosmaster.master][INFO] 2025-11-19 08:28:46,896: +PARAM [/gains/torso_lift_joint/i_clamp_min] by /gazebo
[rosmaster.master][INFO] 2025-11-19 08:28:46,898: +PARAM [/gains/torso_lift_joint/i_clamp_max] by /gazebo
[rosmaster.master][INFO] 2025-11-19 08:28:46,900: +PARAM [/gains/torso_lift_joint/antiwindup] by /gazebo
[rosmaster.master][INFO] 2025-11-19 08:28:46,902: +PARAM [/gains/torso_lift_joint/p] by /gazebo
[rosmaster.master][INFO] 2025-11-19 08:28:46,904: +PARAM [/gains/torso_lift_joint/i] by /gazebo
[rosmaster.master][INFO] 2025-11-19 08:28:46,906: +PARAM [/gains/torso_lift_joint/d] by /gazebo
[rosmaster.master][INFO] 2025-11-19 08:28:46,908: +PARAM [/gains/torso_lift_joint/i_clamp_min] by /gazebo
[rosmaster.master][INFO] 2025-11-19 08:28:46,910: +PARAM [/gains/torso_lift_joint/i_clamp_max] by /gazebo
[rosmaster.master][INFO] 2025-11-19 08:28:46,912: +PARAM [/gains/torso_lift_joint/antiwindup] by /gazebo
[rosmaster.master][INFO] 2025-11-19 08:28:46,918: +PUB [/xtion/rgb/image_raw/theora] /gazebo http://127.0.0.1:35475/
[rosmaster.master][INFO] 2025-11-19 08:28:46,922: +SERVICE [/xtion/rgb/image_raw/theora/set_parameters] /gazebo http://127.0.0.1:35475/
[rosmaster.master][INFO] 2025-11-19 08:28:46,927: +PUB [/xtion/rgb/image_raw/theora/parameter_descriptions] /gazebo http://127.0.0.1:35475/
[rosmaster.master][INFO] 2025-11-19 08:28:46,933: +PUB [/xtion/rgb/image_raw/theora/parameter_updates] /gazebo http://127.0.0.1:35475/
[rosmaster.master][INFO] 2025-11-19 08:28:46,945: +SERVICE [/gains/head_1_joint/set_parameters] /gazebo http://127.0.0.1:35475/
[rosmaster.master][INFO] 2025-11-19 08:28:46,948: +PUB [/gains/head_1_joint/parameter_descriptions] /gazebo http://127.0.0.1:35475/
[rosmaster.master][INFO] 2025-11-19 08:28:46,950: +PARAM [/xtion/rgb/image_raw/theora/optimize_for] by /gazebo
[rosmaster.master][INFO] 2025-11-19 08:28:46,952: +PUB [/gains/head_1_joint/parameter_updates] /gazebo http://127.0.0.1:35475/
[rosmaster.master][INFO] 2025-11-19 08:28:46,954: +PARAM [/xtion/rgb/image_raw/theora/target_bitrate] by /gazebo
[rosmaster.master][INFO] 2025-11-19 08:28:46,955: publisherUpdate[/xtion/rgb/image_raw] -> http://127.0.0.1:41425/ ['http://127.0.0.1:35475/']
[rosmaster.master][INFO] 2025-11-19 08:28:46,959: +PARAM [/xtion/rgb/image_raw/theora/quality] by /gazebo
[rosmaster.master][INFO] 2025-11-19 08:28:46,962: +PARAM [/xtion/rgb/image_raw/theora/keyframe_frequency] by /gazebo
[rosmaster.master][INFO] 2025-11-19 08:28:46,966: +PARAM [/xtion/rgb/image_raw/theora/optimize_for] by /gazebo
[rosmaster.master][INFO] 2025-11-19 08:28:46,970: +PARAM [/xtion/rgb/image_raw/theora/target_bitrate] by /gazebo
[rosmaster.master][INFO] 2025-11-19 08:28:46,974: +PARAM [/xtion/rgb/image_raw/theora/quality] by /gazebo
[rosmaster.master][INFO] 2025-11-19 08:28:46,976: +PARAM [/xtion/rgb/image_raw/theora/keyframe_frequency] by /gazebo
[rosmaster.master][INFO] 2025-11-19 08:28:46,978: +PARAM [/gains/head_1_joint/p] by /gazebo
[rosmaster.master][INFO] 2025-11-19 08:28:46,981: +PARAM [/gains/head_1_joint/i] by /gazebo
[rosmaster.master][INFO] 2025-11-19 08:28:46,979: +PUB [/xtion/rgb/camera_info] /gazebo http://127.0.0.1:35475/
[rosmaster.master][INFO] 2025-11-19 08:28:46,984: +PARAM [/gains/head_1_joint/d] by /gazebo
[rosmaster.master][INFO] 2025-11-19 08:28:46,986: +PUB [/xtion/depth_registered/points] /gazebo http://127.0.0.1:35475/
[rosmaster.master][INFO] 2025-11-19 08:28:46,987: +PARAM [/gains/head_1_joint/i_clamp_min] by /gazebo
[rosmaster.master][INFO] 2025-11-19 08:28:46,989: +PUB [/xtion/depth_registered/image_raw] /gazebo http://127.0.0.1:35475/
[rosmaster.master][INFO] 2025-11-19 08:28:46,992: +PARAM [/gains/head_1_joint/i_clamp_max] by /gazebo
[rosmaster.master][INFO] 2025-11-19 08:28:46,993: +PUB [/xtion/depth_registered/camera_info] /gazebo http://127.0.0.1:35475/
[rosmaster.master][INFO] 2025-11-19 08:28:46,996: +PARAM [/gains/head_1_joint/antiwindup] by /gazebo
[rosmaster.master][INFO] 2025-11-19 08:28:46,999: +PARAM [/gains/head_1_joint/p] by /gazebo
[rosmaster.master][INFO] 2025-11-19 08:28:47,001: +PARAM [/gains/head_1_joint/i] by /gazebo
[rosmaster.master][INFO] 2025-11-19 08:28:47,002: +PARAM [/gains/head_1_joint/d] by /gazebo
[rosmaster.master][INFO] 2025-11-19 08:28:47,004: +PARAM [/gains/head_1_joint/i_clamp_min] by /gazebo
[rosmaster.master][INFO] 2025-11-19 08:28:47,005: +PARAM [/gains/head_1_joint/i_clamp_max] by /gazebo
[rosmaster.master][INFO] 2025-11-19 08:28:47,007: +PARAM [/gains/head_1_joint/antiwindup] by /gazebo
[rosmaster.master][INFO] 2025-11-19 08:28:47,009: +PARAM [/gains/head_1_joint/p] by /gazebo
[rosmaster.master][INFO] 2025-11-19 08:28:47,012: +PARAM [/gains/head_1_joint/i] by /gazebo
[rosmaster.master][INFO] 2025-11-19 08:28:47,014: +PARAM [/gains/head_1_joint/d] by /gazebo
[rosmaster.master][INFO] 2025-11-19 08:28:47,015: +PARAM [/gains/head_1_joint/i_clamp_min] by /gazebo
[rosmaster.master][INFO] 2025-11-19 08:28:47,016: +PARAM [/gains/head_1_joint/i_clamp_max] by /gazebo
[rosmaster.master][INFO] 2025-11-19 08:28:47,018: +PARAM [/gains/head_1_joint/antiwindup] by /gazebo
[rosmaster.master][INFO] 2025-11-19 08:28:47,023: +PARAM [/gains/head_1_joint/p] by /gazebo
[rosmaster.master][INFO] 2025-11-19 08:28:47,032: +PARAM [/gains/head_1_joint/i] by /gazebo
[rosmaster.master][INFO] 2025-11-19 08:28:47,039: +PARAM [/gains/head_1_joint/d] by /gazebo
[rosmaster.master][INFO] 2025-11-19 08:28:47,042: +PARAM [/gains/head_1_joint/i_clamp_min] by /gazebo
[rosmaster.master][INFO] 2025-11-19 08:28:47,056: +PARAM [/gains/head_1_joint/i_clamp_max] by /gazebo
[rosmaster.master][INFO] 2025-11-19 08:28:47,058: publisherUpdate[/xtion/rgb/image_raw] -> http://127.0.0.1:41425/ ['http://127.0.0.1:35475/']: sec=0.10, result=[1, '', 0]
[rosmaster.master][INFO] 2025-11-19 08:28:47,062: +PARAM [/gains/head_1_joint/antiwindup] by /gazebo
[rosmaster.master][INFO] 2025-11-19 08:28:47,086: +SERVICE [/gains/head_2_joint/set_parameters] /gazebo http://127.0.0.1:35475/
[rosmaster.master][INFO] 2025-11-19 08:28:47,089: +PUB [/gains/head_2_joint/parameter_descriptions] /gazebo http://127.0.0.1:35475/
[rosmaster.master][INFO] 2025-11-19 08:28:47,091: +PUB [/gains/head_2_joint/parameter_updates] /gazebo http://127.0.0.1:35475/
[rosmaster.master][INFO] 2025-11-19 08:28:47,101: +PARAM [/gains/head_2_joint/p] by /gazebo
[rosmaster.master][INFO] 2025-11-19 08:28:47,103: +PARAM [/gains/head_2_joint/i] by /gazebo
[rosmaster.master][INFO] 2025-11-19 08:28:47,105: +PARAM [/gains/head_2_joint/d] by /gazebo
[rosmaster.master][INFO] 2025-11-19 08:28:47,106: +PARAM [/gains/head_2_joint/i_clamp_min] by /gazebo
[rosmaster.master][INFO] 2025-11-19 08:28:47,108: +PARAM [/gains/head_2_joint/i_clamp_max] by /gazebo
[rosmaster.master][INFO] 2025-11-19 08:28:47,110: +PARAM [/gains/head_2_joint/antiwindup] by /gazebo
[rosmaster.master][INFO] 2025-11-19 08:28:47,112: +PARAM [/gains/head_2_joint/p] by /gazebo
[rosmaster.master][INFO] 2025-11-19 08:28:47,114: +PARAM [/gains/head_2_joint/i] by /gazebo
[rosmaster.master][INFO] 2025-11-19 08:28:47,115: +PARAM [/gains/head_2_joint/d] by /gazebo
[rosmaster.master][INFO] 2025-11-19 08:28:47,116: +PARAM [/gains/head_2_joint/i_clamp_min] by /gazebo
[rosmaster.master][INFO] 2025-11-19 08:28:47,118: +PARAM [/gains/head_2_joint/i_clamp_max] by /gazebo
[rosmaster.master][INFO] 2025-11-19 08:28:47,121: +PARAM [/gains/head_2_joint/antiwindup] by /gazebo
[rosmaster.master][INFO] 2025-11-19 08:28:47,124: +PARAM [/gains/head_2_joint/p] by /gazebo
[rosmaster.master][INFO] 2025-11-19 08:28:47,127: +PARAM [/gains/head_2_joint/i] by /gazebo
[rosmaster.master][INFO] 2025-11-19 08:28:47,129: +PARAM [/gains/head_2_joint/d] by /gazebo
[rosmaster.master][INFO] 2025-11-19 08:28:47,133: +PARAM [/gains/head_2_joint/i_clamp_min] by /gazebo
[rosmaster.master][INFO] 2025-11-19 08:28:47,136: +PARAM [/gains/head_2_joint/i_clamp_max] by /gazebo
[rosmaster.master][INFO] 2025-11-19 08:28:47,137: +PARAM [/gains/head_2_joint/antiwindup] by /gazebo
[rosmaster.master][INFO] 2025-11-19 08:28:47,140: +PARAM [/gains/head_2_joint/p] by /gazebo
[rosmaster.master][INFO] 2025-11-19 08:28:47,141: +PARAM [/gains/head_2_joint/i] by /gazebo
[rosmaster.master][INFO] 2025-11-19 08:28:47,143: +PARAM [/gains/head_2_joint/d] by /gazebo
[rosmaster.master][INFO] 2025-11-19 08:28:47,145: +PARAM [/gains/head_2_joint/i_clamp_min] by /gazebo
[rosmaster.master][INFO] 2025-11-19 08:28:47,147: +PARAM [/gains/head_2_joint/i_clamp_max] by /gazebo
[rosmaster.master][INFO] 2025-11-19 08:28:47,149: +PARAM [/gains/head_2_joint/antiwindup] by /gazebo
[rosmaster.master][INFO] 2025-11-19 08:28:47,166: +SERVICE [/gains/arm_5_joint/set_parameters] /gazebo http://127.0.0.1:35475/
[rosmaster.master][INFO] 2025-11-19 08:28:47,168: +PUB [/gains/arm_5_joint/parameter_descriptions] /gazebo http://127.0.0.1:35475/
[rosmaster.master][INFO] 2025-11-19 08:28:47,169: +PUB [/gains/arm_5_joint/parameter_updates] /gazebo http://127.0.0.1:35475/
[rosmaster.master][INFO] 2025-11-19 08:28:47,180: +PARAM [/gains/arm_5_joint/p] by /gazebo
[rosmaster.master][INFO] 2025-11-19 08:28:47,181: +PARAM [/gains/arm_5_joint/i] by /gazebo
[rosmaster.master][INFO] 2025-11-19 08:28:47,182: +PARAM [/gains/arm_5_joint/d] by /gazebo
[rosmaster.master][INFO] 2025-11-19 08:28:47,184: +PARAM [/gains/arm_5_joint/i_clamp_min] by /gazebo
[rosmaster.master][INFO] 2025-11-19 08:28:47,185: +PARAM [/gains/arm_5_joint/i_clamp_max] by /gazebo
[rosmaster.master][INFO] 2025-11-19 08:28:47,188: +PARAM [/gains/arm_5_joint/antiwindup] by /gazebo
[rosmaster.master][INFO] 2025-11-19 08:28:47,191: +PARAM [/gains/arm_5_joint/p] by /gazebo
[rosmaster.master][INFO] 2025-11-19 08:28:47,192: +PARAM [/gains/arm_5_joint/i] by /gazebo
[rosmaster.master][INFO] 2025-11-19 08:28:47,193: +PARAM [/gains/arm_5_joint/d] by /gazebo
[rosmaster.master][INFO] 2025-11-19 08:28:47,195: +PARAM [/gains/arm_5_joint/i_clamp_min] by /gazebo
[rosmaster.master][INFO] 2025-11-19 08:28:47,197: +PARAM [/gains/arm_5_joint/i_clamp_max] by /gazebo
[rosmaster.master][INFO] 2025-11-19 08:28:47,199: +PARAM [/gains/arm_5_joint/antiwindup] by /gazebo
[rosmaster.master][INFO] 2025-11-19 08:28:47,201: +PARAM [/gains/arm_5_joint/p] by /gazebo
[rosmaster.master][INFO] 2025-11-19 08:28:47,203: +PARAM [/gains/arm_5_joint/i] by /gazebo
[rosmaster.master][INFO] 2025-11-19 08:28:47,204: +PARAM [/gains/arm_5_joint/d] by /gazebo
[rosmaster.master][INFO] 2025-11-19 08:28:47,205: +PARAM [/gains/arm_5_joint/i_clamp_min] by /gazebo
[rosmaster.master][INFO] 2025-11-19 08:28:47,207: +PARAM [/gains/arm_5_joint/i_clamp_max] by /gazebo
[rosmaster.master][INFO] 2025-11-19 08:28:47,208: +PARAM [/gains/arm_5_joint/antiwindup] by /gazebo
[rosmaster.master][INFO] 2025-11-19 08:28:47,210: +PARAM [/gains/arm_5_joint/p] by /gazebo
[rosmaster.master][INFO] 2025-11-19 08:28:47,211: +PARAM [/gains/arm_5_joint/i] by /gazebo
[rosmaster.master][INFO] 2025-11-19 08:28:47,213: +PARAM [/gains/arm_5_joint/d] by /gazebo
[rosmaster.master][INFO] 2025-11-19 08:28:47,215: +PARAM [/gains/arm_5_joint/i_clamp_min] by /gazebo
[rosmaster.master][INFO] 2025-11-19 08:28:47,216: +PARAM [/gains/arm_5_joint/i_clamp_max] by /gazebo
[rosmaster.master][INFO] 2025-11-19 08:28:47,218: +PARAM [/gains/arm_5_joint/antiwindup] by /gazebo
[rosmaster.master][INFO] 2025-11-19 08:28:47,233: +SERVICE [/gains/arm_6_joint/set_parameters] /gazebo http://127.0.0.1:35475/
[rosmaster.master][INFO] 2025-11-19 08:28:47,235: +PUB [/gains/arm_6_joint/parameter_descriptions] /gazebo http://127.0.0.1:35475/
[rosmaster.master][INFO] 2025-11-19 08:28:47,237: +PUB [/gains/arm_6_joint/parameter_updates] /gazebo http://127.0.0.1:35475/
[rosmaster.master][INFO] 2025-11-19 08:28:47,244: +PARAM [/gains/arm_6_joint/p] by /gazebo
[rosmaster.master][INFO] 2025-11-19 08:28:47,246: +PARAM [/gains/arm_6_joint/i] by /gazebo
[rosmaster.master][INFO] 2025-11-19 08:28:47,247: +PARAM [/gains/arm_6_joint/d] by /gazebo
[rosmaster.master][INFO] 2025-11-19 08:28:47,248: +PARAM [/gains/arm_6_joint/i_clamp_min] by /gazebo
[rosmaster.master][INFO] 2025-11-19 08:28:47,250: +PARAM [/gains/arm_6_joint/i_clamp_max] by /gazebo
[rosmaster.master][INFO] 2025-11-19 08:28:47,251: +PARAM [/gains/arm_6_joint/antiwindup] by /gazebo
[rosmaster.master][INFO] 2025-11-19 08:28:47,252: +PARAM [/gains/arm_6_joint/p] by /gazebo
[rosmaster.master][INFO] 2025-11-19 08:28:47,253: +PARAM [/gains/arm_6_joint/i] by /gazebo
[rosmaster.master][INFO] 2025-11-19 08:28:47,255: +PARAM [/gains/arm_6_joint/d] by /gazebo
[rosmaster.master][INFO] 2025-11-19 08:28:47,257: +PARAM [/gains/arm_6_joint/i_clamp_min] by /gazebo
[rosmaster.master][INFO] 2025-11-19 08:28:47,259: +PARAM [/gains/arm_6_joint/i_clamp_max] by /gazebo
[rosmaster.master][INFO] 2025-11-19 08:28:47,261: +PARAM [/gains/arm_6_joint/antiwindup] by /gazebo
[rosmaster.master][INFO] 2025-11-19 08:28:47,263: +PARAM [/gains/arm_6_joint/p] by /gazebo
[rosmaster.master][INFO] 2025-11-19 08:28:47,264: +PARAM [/gains/arm_6_joint/i] by /gazebo
[rosmaster.master][INFO] 2025-11-19 08:28:47,264: +PARAM [/gains/arm_6_joint/d] by /gazebo
[rosmaster.master][INFO] 2025-11-19 08:28:47,265: +PARAM [/gains/arm_6_joint/i_clamp_min] by /gazebo
[rosmaster.master][INFO] 2025-11-19 08:28:47,267: +PARAM [/gains/arm_6_joint/i_clamp_max] by /gazebo
[rosmaster.master][INFO] 2025-11-19 08:28:47,269: +PARAM [/gains/arm_6_joint/antiwindup] by /gazebo
[rosmaster.master][INFO] 2025-11-19 08:28:47,270: +PARAM [/gains/arm_6_joint/p] by /gazebo
[rosmaster.master][INFO] 2025-11-19 08:28:47,272: +PARAM [/gains/arm_6_joint/i] by /gazebo
[rosmaster.master][INFO] 2025-11-19 08:28:47,274: +PARAM [/gains/arm_6_joint/d] by /gazebo
[rosmaster.master][INFO] 2025-11-19 08:28:47,276: +PARAM [/gains/arm_6_joint/i_clamp_min] by /gazebo
[rosmaster.master][INFO] 2025-11-19 08:28:47,277: +PARAM [/gains/arm_6_joint/i_clamp_max] by /gazebo
[rosmaster.master][INFO] 2025-11-19 08:28:47,277: +PARAM [/gains/arm_6_joint/antiwindup] by /gazebo
[rosmaster.master][INFO] 2025-11-19 08:28:47,290: +SERVICE [/gains/arm_7_joint/set_parameters] /gazebo http://127.0.0.1:35475/
[rosmaster.master][INFO] 2025-11-19 08:28:47,291: +PUB [/gains/arm_7_joint/parameter_descriptions] /gazebo http://127.0.0.1:35475/
[rosmaster.master][INFO] 2025-11-19 08:28:47,292: +PUB [/gains/arm_7_joint/parameter_updates] /gazebo http://127.0.0.1:35475/
[rosmaster.master][INFO] 2025-11-19 08:28:47,298: +PARAM [/gains/arm_7_joint/p] by /gazebo
[rosmaster.master][INFO] 2025-11-19 08:28:47,299: +PARAM [/gains/arm_7_joint/i] by /gazebo
[rosmaster.master][INFO] 2025-11-19 08:28:47,301: +PARAM [/gains/arm_7_joint/d] by /gazebo
[rosmaster.master][INFO] 2025-11-19 08:28:47,303: +PARAM [/gains/arm_7_joint/i_clamp_min] by /gazebo
[rosmaster.master][INFO] 2025-11-19 08:28:47,304: +PARAM [/gains/arm_7_joint/i_clamp_max] by /gazebo
[rosmaster.master][INFO] 2025-11-19 08:28:47,306: +PARAM [/gains/arm_7_joint/antiwindup] by /gazebo
[rosmaster.master][INFO] 2025-11-19 08:28:47,307: +PARAM [/gains/arm_7_joint/p] by /gazebo
[rosmaster.master][INFO] 2025-11-19 08:28:47,308: +PARAM [/gains/arm_7_joint/i] by /gazebo
[rosmaster.master][INFO] 2025-11-19 08:28:47,309: +PARAM [/gains/arm_7_joint/d] by /gazebo
[rosmaster.master][INFO] 2025-11-19 08:28:47,310: +PARAM [/gains/arm_7_joint/i_clamp_min] by /gazebo
[rosmaster.master][INFO] 2025-11-19 08:28:47,312: +PARAM [/gains/arm_7_joint/i_clamp_max] by /gazebo
[rosmaster.master][INFO] 2025-11-19 08:28:47,313: +PARAM [/gains/arm_7_joint/antiwindup] by /gazebo
[rosmaster.master][INFO] 2025-11-19 08:28:47,315: +PARAM [/gains/arm_7_joint/p] by /gazebo
[rosmaster.master][INFO] 2025-11-19 08:28:47,317: +PARAM [/gains/arm_7_joint/i] by /gazebo
[rosmaster.master][INFO] 2025-11-19 08:28:47,319: +PARAM [/gains/arm_7_joint/d] by /gazebo
[rosmaster.master][INFO] 2025-11-19 08:28:47,321: +PARAM [/gains/arm_7_joint/i_clamp_min] by /gazebo
[rosmaster.master][INFO] 2025-11-19 08:28:47,322: +PARAM [/gains/arm_7_joint/i_clamp_max] by /gazebo
[rosmaster.master][INFO] 2025-11-19 08:28:47,324: +PARAM [/gains/arm_7_joint/antiwindup] by /gazebo
[rosmaster.master][INFO] 2025-11-19 08:28:47,326: +PARAM [/gains/arm_7_joint/p] by /gazebo
[rosmaster.master][INFO] 2025-11-19 08:28:47,328: +PARAM [/gains/arm_7_joint/i] by /gazebo
[rosmaster.master][INFO] 2025-11-19 08:28:47,330: +PARAM [/gains/arm_7_joint/d] by /gazebo
[rosmaster.master][INFO] 2025-11-19 08:28:47,332: +PARAM [/gains/arm_7_joint/i_clamp_min] by /gazebo
[rosmaster.master][INFO] 2025-11-19 08:28:47,333: +PARAM [/gains/arm_7_joint/i_clamp_max] by /gazebo
[rosmaster.master][INFO] 2025-11-19 08:28:47,333: +PARAM [/gains/arm_7_joint/antiwindup] by /gazebo
[rosmaster.master][INFO] 2025-11-19 08:28:47,349: +SERVICE [/gains/arm_1_joint/set_parameters] /gazebo http://127.0.0.1:35475/
[rosmaster.master][INFO] 2025-11-19 08:28:47,351: +PUB [/gains/arm_1_joint/parameter_descriptions] /gazebo http://127.0.0.1:35475/
[rosmaster.master][INFO] 2025-11-19 08:28:47,354: +PUB [/gains/arm_1_joint/parameter_updates] /gazebo http://127.0.0.1:35475/
[rosmaster.master][INFO] 2025-11-19 08:28:47,362: +PARAM [/gains/arm_1_joint/p] by /gazebo
[rosmaster.master][INFO] 2025-11-19 08:28:47,364: +PARAM [/gains/arm_1_joint/i] by /gazebo
[rosmaster.master][INFO] 2025-11-19 08:28:47,366: +PARAM [/gains/arm_1_joint/d] by /gazebo
[rosmaster.master][INFO] 2025-11-19 08:28:47,367: +PARAM [/gains/arm_1_joint/i_clamp_min] by /gazebo
[rosmaster.master][INFO] 2025-11-19 08:28:47,369: +PARAM [/gains/arm_1_joint/i_clamp_max] by /gazebo
[rosmaster.master][INFO] 2025-11-19 08:28:47,370: +PARAM [/gains/arm_1_joint/antiwindup] by /gazebo
[rosmaster.master][INFO] 2025-11-19 08:28:47,371: +PARAM [/gains/arm_1_joint/p] by /gazebo
[rosmaster.master][INFO] 2025-11-19 08:28:47,372: +PARAM [/gains/arm_1_joint/i] by /gazebo
[rosmaster.master][INFO] 2025-11-19 08:28:47,373: +PARAM [/gains/arm_1_joint/d] by /gazebo
[rosmaster.master][INFO] 2025-11-19 08:28:47,374: +PARAM [/gains/arm_1_joint/i_clamp_min] by /gazebo
[rosmaster.master][INFO] 2025-11-19 08:28:47,375: +PARAM [/gains/arm_1_joint/i_clamp_max] by /gazebo
[rosmaster.master][INFO] 2025-11-19 08:28:47,377: +PARAM [/gains/arm_1_joint/antiwindup] by /gazebo
[rosmaster.master][INFO] 2025-11-19 08:28:47,379: +PARAM [/gains/arm_1_joint/p] by /gazebo
[rosmaster.master][INFO] 2025-11-19 08:28:47,380: +PARAM [/gains/arm_1_joint/i] by /gazebo
[rosmaster.master][INFO] 2025-11-19 08:28:47,382: +PARAM [/gains/arm_1_joint/d] by /gazebo
[rosmaster.master][INFO] 2025-11-19 08:28:47,384: +PARAM [/gains/arm_1_joint/i_clamp_min] by /gazebo
[rosmaster.master][INFO] 2025-11-19 08:28:47,385: +PARAM [/gains/arm_1_joint/i_clamp_max] by /gazebo
[rosmaster.master][INFO] 2025-11-19 08:28:47,386: +PARAM [/gains/arm_1_joint/antiwindup] by /gazebo
[rosmaster.master][INFO] 2025-11-19 08:28:47,387: +PARAM [/gains/arm_1_joint/p] by /gazebo
[rosmaster.master][INFO] 2025-11-19 08:28:47,388: +PARAM [/gains/arm_1_joint/i] by /gazebo
[rosmaster.master][INFO] 2025-11-19 08:28:47,390: +PARAM [/gains/arm_1_joint/d] by /gazebo
[rosmaster.master][INFO] 2025-11-19 08:28:47,391: +PARAM [/gains/arm_1_joint/i_clamp_min] by /gazebo
[rosmaster.master][INFO] 2025-11-19 08:28:47,393: +PARAM [/gains/arm_1_joint/i_clamp_max] by /gazebo
[rosmaster.master][INFO] 2025-11-19 08:28:47,395: +PARAM [/gains/arm_1_joint/antiwindup] by /gazebo
[rosmaster.master][INFO] 2025-11-19 08:28:47,411: +SERVICE [/gains/arm_2_joint/set_parameters] /gazebo http://127.0.0.1:35475/
[rosmaster.master][INFO] 2025-11-19 08:28:47,412: +PUB [/gains/arm_2_joint/parameter_descriptions] /gazebo http://127.0.0.1:35475/
[rosmaster.master][INFO] 2025-11-19 08:28:47,413: +PUB [/gains/arm_2_joint/parameter_updates] /gazebo http://127.0.0.1:35475/
[rosmaster.master][INFO] 2025-11-19 08:28:47,421: +PARAM [/gains/arm_2_joint/p] by /gazebo
[rosmaster.master][INFO] 2025-11-19 08:28:47,422: +PARAM [/gains/arm_2_joint/i] by /gazebo
[rosmaster.master][INFO] 2025-11-19 08:28:47,424: +PARAM [/gains/arm_2_joint/d] by /gazebo
[rosmaster.master][INFO] 2025-11-19 08:28:47,425: +PARAM [/gains/arm_2_joint/i_clamp_min] by /gazebo
[rosmaster.master][INFO] 2025-11-19 08:28:47,427: +PARAM [/gains/arm_2_joint/i_clamp_max] by /gazebo
[rosmaster.master][INFO] 2025-11-19 08:28:47,429: +PARAM [/gains/arm_2_joint/antiwindup] by /gazebo
[rosmaster.master][INFO] 2025-11-19 08:28:47,431: +PARAM [/gains/arm_2_joint/p] by /gazebo
[rosmaster.master][INFO] 2025-11-19 08:28:47,433: +PARAM [/gains/arm_2_joint/i] by /gazebo
[rosmaster.master][INFO] 2025-11-19 08:28:47,435: +PARAM [/gains/arm_2_joint/d] by /gazebo
[rosmaster.master][INFO] 2025-11-19 08:28:47,437: +PARAM [/gains/arm_2_joint/i_clamp_min] by /gazebo
[rosmaster.master][INFO] 2025-11-19 08:28:47,438: +PARAM [/gains/arm_2_joint/i_clamp_max] by /gazebo
[rosmaster.master][INFO] 2025-11-19 08:28:47,439: +PARAM [/gains/arm_2_joint/antiwindup] by /gazebo
[rosmaster.master][INFO] 2025-11-19 08:28:47,440: +PARAM [/gains/arm_2_joint/p] by /gazebo
[rosmaster.master][INFO] 2025-11-19 08:28:47,441: +PARAM [/gains/arm_2_joint/i] by /gazebo
[rosmaster.master][INFO] 2025-11-19 08:28:47,442: +PARAM [/gains/arm_2_joint/d] by /gazebo
[rosmaster.master][INFO] 2025-11-19 08:28:47,443: +PARAM [/gains/arm_2_joint/i_clamp_min] by /gazebo
[rosmaster.master][INFO] 2025-11-19 08:28:47,445: +PARAM [/gains/arm_2_joint/i_clamp_max] by /gazebo
[rosmaster.master][INFO] 2025-11-19 08:28:47,447: +PARAM [/gains/arm_2_joint/antiwindup] by /gazebo
[rosmaster.master][INFO] 2025-11-19 08:28:47,448: +PARAM [/gains/arm_2_joint/p] by /gazebo
[rosmaster.master][INFO] 2025-11-19 08:28:47,450: +PARAM [/gains/arm_2_joint/i] by /gazebo
[rosmaster.master][INFO] 2025-11-19 08:28:47,452: +PARAM [/gains/arm_2_joint/d] by /gazebo
[rosmaster.master][INFO] 2025-11-19 08:28:47,452: +PARAM [/gains/arm_2_joint/i_clamp_min] by /gazebo
[rosmaster.master][INFO] 2025-11-19 08:28:47,453: +PARAM [/gains/arm_2_joint/i_clamp_max] by /gazebo
[rosmaster.master][INFO] 2025-11-19 08:28:47,454: +PARAM [/gains/arm_2_joint/antiwindup] by /gazebo
[rosmaster.master][INFO] 2025-11-19 08:28:47,468: +SERVICE [/gains/arm_3_joint/set_parameters] /gazebo http://127.0.0.1:35475/
[rosmaster.master][INFO] 2025-11-19 08:28:47,470: +PUB [/gains/arm_3_joint/parameter_descriptions] /gazebo http://127.0.0.1:35475/
[rosmaster.master][INFO] 2025-11-19 08:28:47,472: +PUB [/gains/arm_3_joint/parameter_updates] /gazebo http://127.0.0.1:35475/
[rosmaster.master][INFO] 2025-11-19 08:28:47,480: +PARAM [/gains/arm_3_joint/p] by /gazebo
[rosmaster.master][INFO] 2025-11-19 08:28:47,482: +PARAM [/gains/arm_3_joint/i] by /gazebo
[rosmaster.master][INFO] 2025-11-19 08:28:47,484: +PARAM [/gains/arm_3_joint/d] by /gazebo
[rosmaster.master][INFO] 2025-11-19 08:28:47,485: +PARAM [/gains/arm_3_joint/i_clamp_min] by /gazebo
[rosmaster.master][INFO] 2025-11-19 08:28:47,487: +PARAM [/gains/arm_3_joint/i_clamp_max] by /gazebo
[rosmaster.master][INFO] 2025-11-19 08:28:47,489: +PARAM [/gains/arm_3_joint/antiwindup] by /gazebo
[rosmaster.master][INFO] 2025-11-19 08:28:47,491: +PARAM [/gains/arm_3_joint/p] by /gazebo
[rosmaster.master][INFO] 2025-11-19 08:28:47,493: +PARAM [/gains/arm_3_joint/i] by /gazebo
[rosmaster.master][INFO] 2025-11-19 08:28:47,495: +PARAM [/gains/arm_3_joint/d] by /gazebo
[rosmaster.master][INFO] 2025-11-19 08:28:47,496: +PARAM [/gains/arm_3_joint/i_clamp_min] by /gazebo
[rosmaster.master][INFO] 2025-11-19 08:28:47,499: +PARAM [/gains/arm_3_joint/i_clamp_max] by /gazebo
[rosmaster.master][INFO] 2025-11-19 08:28:47,501: +PARAM [/gains/arm_3_joint/antiwindup] by /gazebo
[rosmaster.master][INFO] 2025-11-19 08:28:47,502: +PARAM [/gains/arm_3_joint/p] by /gazebo
[rosmaster.master][INFO] 2025-11-19 08:28:47,503: +PARAM [/gains/arm_3_joint/i] by /gazebo
[rosmaster.master][INFO] 2025-11-19 08:28:47,504: +PARAM [/gains/arm_3_joint/d] by /gazebo
[rosmaster.master][INFO] 2025-11-19 08:28:47,505: +PARAM [/gains/arm_3_joint/i_clamp_min] by /gazebo
[rosmaster.master][INFO] 2025-11-19 08:28:47,507: +PARAM [/gains/arm_3_joint/i_clamp_max] by /gazebo
[rosmaster.master][INFO] 2025-11-19 08:28:47,509: +PARAM [/gains/arm_3_joint/antiwindup] by /gazebo
[rosmaster.master][INFO] 2025-11-19 08:28:47,511: +PARAM [/gains/arm_3_joint/p] by /gazebo
[rosmaster.master][INFO] 2025-11-19 08:28:47,513: +PARAM [/gains/arm_3_joint/i] by /gazebo
[rosmaster.master][INFO] 2025-11-19 08:28:47,515: +PARAM [/gains/arm_3_joint/d] by /gazebo
[rosmaster.master][INFO] 2025-11-19 08:28:47,517: +PARAM [/gains/arm_3_joint/i_clamp_min] by /gazebo
[rosmaster.master][INFO] 2025-11-19 08:28:47,519: +PARAM [/gains/arm_3_joint/i_clamp_max] by /gazebo
[rosmaster.master][INFO] 2025-11-19 08:28:47,521: +PARAM [/gains/arm_3_joint/antiwindup] by /gazebo
[rosmaster.master][INFO] 2025-11-19 08:28:47,543: +SERVICE [/gains/arm_4_joint/set_parameters] /gazebo http://127.0.0.1:35475/
[rosmaster.master][INFO] 2025-11-19 08:28:47,546: +PUB [/gains/arm_4_joint/parameter_descriptions] /gazebo http://127.0.0.1:35475/
[rosmaster.master][INFO] 2025-11-19 08:28:47,548: +PUB [/gains/arm_4_joint/parameter_updates] /gazebo http://127.0.0.1:35475/
[rosmaster.master][INFO] 2025-11-19 08:28:47,558: +PARAM [/gains/arm_4_joint/p] by /gazebo
[rosmaster.master][INFO] 2025-11-19 08:28:47,560: +PARAM [/gains/arm_4_joint/i] by /gazebo
[rosmaster.master][INFO] 2025-11-19 08:28:47,561: +PARAM [/gains/arm_4_joint/d] by /gazebo
[rosmaster.master][INFO] 2025-11-19 08:28:47,562: +PARAM [/gains/arm_4_joint/i_clamp_min] by /gazebo
[rosmaster.master][INFO] 2025-11-19 08:28:47,563: +PARAM [/gains/arm_4_joint/i_clamp_max] by /gazebo
[rosmaster.master][INFO] 2025-11-19 08:28:47,565: +PARAM [/gains/arm_4_joint/antiwindup] by /gazebo
[rosmaster.master][INFO] 2025-11-19 08:28:47,567: +PARAM [/gains/arm_4_joint/p] by /gazebo
[rosmaster.master][INFO] 2025-11-19 08:28:47,568: +PARAM [/gains/arm_4_joint/i] by /gazebo
[rosmaster.master][INFO] 2025-11-19 08:28:47,570: +PARAM [/gains/arm_4_joint/d] by /gazebo
[rosmaster.master][INFO] 2025-11-19 08:28:47,572: +PARAM [/gains/arm_4_joint/i_clamp_min] by /gazebo
[rosmaster.master][INFO] 2025-11-19 08:28:47,573: +PARAM [/gains/arm_4_joint/i_clamp_max] by /gazebo
[rosmaster.master][INFO] 2025-11-19 08:28:47,574: +PARAM [/gains/arm_4_joint/antiwindup] by /gazebo
[rosmaster.master][INFO] 2025-11-19 08:28:47,576: +PARAM [/gains/arm_4_joint/p] by /gazebo
[rosmaster.master][INFO] 2025-11-19 08:28:47,578: +PARAM [/gains/arm_4_joint/i] by /gazebo
[rosmaster.master][INFO] 2025-11-19 08:28:47,579: +PARAM [/gains/arm_4_joint/d] by /gazebo
[rosmaster.master][INFO] 2025-11-19 08:28:47,581: +PARAM [/gains/arm_4_joint/i_clamp_min] by /gazebo
[rosmaster.master][INFO] 2025-11-19 08:28:47,583: +PARAM [/gains/arm_4_joint/i_clamp_max] by /gazebo
[rosmaster.master][INFO] 2025-11-19 08:28:47,585: +PARAM [/gains/arm_4_joint/antiwindup] by /gazebo
[rosmaster.master][INFO] 2025-11-19 08:28:47,586: +PARAM [/gains/arm_4_joint/p] by /gazebo
[rosmaster.master][INFO] 2025-11-19 08:28:47,587: +PARAM [/gains/arm_4_joint/i] by /gazebo
[rosmaster.master][INFO] 2025-11-19 08:28:47,588: +PARAM [/gains/arm_4_joint/d] by /gazebo
[rosmaster.master][INFO] 2025-11-19 08:28:47,589: +PARAM [/gains/arm_4_joint/i_clamp_min] by /gazebo
[rosmaster.master][INFO] 2025-11-19 08:28:47,589: +PARAM [/gains/arm_4_joint/i_clamp_max] by /gazebo
[rosmaster.master][INFO] 2025-11-19 08:28:47,590: +PARAM [/gains/arm_4_joint/antiwindup] by /gazebo
[rosmaster.master][INFO] 2025-11-19 08:28:47,605: +SERVICE [/gains/gripper_left_finger_joint/set_parameters] /gazebo http://127.0.0.1:35475/
[rosmaster.master][INFO] 2025-11-19 08:28:47,606: +PUB [/gains/gripper_left_finger_joint/parameter_descriptions] /gazebo http://127.0.0.1:35475/
[rosmaster.master][INFO] 2025-11-19 08:28:47,607: +PUB [/gains/gripper_left_finger_joint/parameter_updates] /gazebo http://127.0.0.1:35475/
[rosmaster.master][INFO] 2025-11-19 08:28:47,616: +PARAM [/gains/gripper_left_finger_joint/p] by /gazebo
[rosmaster.master][INFO] 2025-11-19 08:28:47,618: +PARAM [/gains/gripper_left_finger_joint/i] by /gazebo
[rosmaster.master][INFO] 2025-11-19 08:28:47,619: +PARAM [/gains/gripper_left_finger_joint/d] by /gazebo
[rosmaster.master][INFO] 2025-11-19 08:28:47,620: +PARAM [/gains/gripper_left_finger_joint/i_clamp_min] by /gazebo
[rosmaster.master][INFO] 2025-11-19 08:28:47,620: +PARAM [/gains/gripper_left_finger_joint/i_clamp_max] by /gazebo
[rosmaster.master][INFO] 2025-11-19 08:28:47,621: +PARAM [/gains/gripper_left_finger_joint/antiwindup] by /gazebo
[rosmaster.master][INFO] 2025-11-19 08:28:47,623: +PARAM [/gains/gripper_left_finger_joint/p] by /gazebo
[rosmaster.master][INFO] 2025-11-19 08:28:47,625: +PARAM [/gains/gripper_left_finger_joint/i] by /gazebo
[rosmaster.master][INFO] 2025-11-19 08:28:47,627: +PARAM [/gains/gripper_left_finger_joint/d] by /gazebo
[rosmaster.master][INFO] 2025-11-19 08:28:47,629: +PARAM [/gains/gripper_left_finger_joint/i_clamp_min] by /gazebo
[rosmaster.master][INFO] 2025-11-19 08:28:47,631: +PARAM [/gains/gripper_left_finger_joint/i_clamp_max] by /gazebo
[rosmaster.master][INFO] 2025-11-19 08:28:47,632: +PARAM [/gains/gripper_left_finger_joint/antiwindup] by /gazebo
[rosmaster.master][INFO] 2025-11-19 08:28:47,633: +PARAM [/gains/gripper_left_finger_joint/p] by /gazebo
[rosmaster.master][INFO] 2025-11-19 08:28:47,634: +PARAM [/gains/gripper_left_finger_joint/i] by /gazebo
[rosmaster.master][INFO] 2025-11-19 08:28:47,636: +PARAM [/gains/gripper_left_finger_joint/d] by /gazebo
[rosmaster.master][INFO] 2025-11-19 08:28:47,638: +PARAM [/gains/gripper_left_finger_joint/i_clamp_min] by /gazebo
[rosmaster.master][INFO] 2025-11-19 08:28:47,640: +PARAM [/gains/gripper_left_finger_joint/i_clamp_max] by /gazebo
[rosmaster.master][INFO] 2025-11-19 08:28:47,641: +PARAM [/gains/gripper_left_finger_joint/antiwindup] by /gazebo
[rosmaster.master][INFO] 2025-11-19 08:28:47,642: +PARAM [/gains/gripper_left_finger_joint/p] by /gazebo
[rosmaster.master][INFO] 2025-11-19 08:28:47,643: +PARAM [/gains/gripper_left_finger_joint/i] by /gazebo
[rosmaster.master][INFO] 2025-11-19 08:28:47,644: +PARAM [/gains/gripper_left_finger_joint/d] by /gazebo
[rosmaster.master][INFO] 2025-11-19 08:28:47,646: +PARAM [/gains/gripper_left_finger_joint/i_clamp_min] by /gazebo
[rosmaster.master][INFO] 2025-11-19 08:28:47,648: +PARAM [/gains/gripper_left_finger_joint/i_clamp_max] by /gazebo
[rosmaster.master][INFO] 2025-11-19 08:28:47,649: +PARAM [/gains/gripper_left_finger_joint/antiwindup] by /gazebo
[rosmaster.master][INFO] 2025-11-19 08:28:47,665: +SERVICE [/gains/gripper_right_finger_joint/set_parameters] /gazebo http://127.0.0.1:35475/
[rosmaster.master][INFO] 2025-11-19 08:28:47,666: +PUB [/gains/gripper_right_finger_joint/parameter_descriptions] /gazebo http://127.0.0.1:35475/
[rosmaster.master][INFO] 2025-11-19 08:28:47,667: +PUB [/gains/gripper_right_finger_joint/parameter_updates] /gazebo http://127.0.0.1:35475/
[rosmaster.master][INFO] 2025-11-19 08:28:47,672: +PARAM [/gains/gripper_right_finger_joint/p] by /gazebo
[rosmaster.master][INFO] 2025-11-19 08:28:47,674: +PARAM [/gains/gripper_right_finger_joint/i] by /gazebo
[rosmaster.master][INFO] 2025-11-19 08:28:47,676: +PARAM [/gains/gripper_right_finger_joint/d] by /gazebo
[rosmaster.master][INFO] 2025-11-19 08:28:47,678: +PARAM [/gains/gripper_right_finger_joint/i_clamp_min] by /gazebo
[rosmaster.master][INFO] 2025-11-19 08:28:47,680: +PARAM [/gains/gripper_right_finger_joint/i_clamp_max] by /gazebo
[rosmaster.master][INFO] 2025-11-19 08:28:47,681: +PARAM [/gains/gripper_right_finger_joint/antiwindup] by /gazebo
[rosmaster.master][INFO] 2025-11-19 08:28:47,682: +PARAM [/gains/gripper_right_finger_joint/p] by /gazebo
[rosmaster.master][INFO] 2025-11-19 08:28:47,683: +PARAM [/gains/gripper_right_finger_joint/i] by /gazebo
[rosmaster.master][INFO] 2025-11-19 08:28:47,683: +PARAM [/gains/gripper_right_finger_joint/d] by /gazebo
[rosmaster.master][INFO] 2025-11-19 08:28:47,684: +PARAM [/gains/gripper_right_finger_joint/i_clamp_min] by /gazebo
[rosmaster.master][INFO] 2025-11-19 08:28:47,686: +PARAM [/gains/gripper_right_finger_joint/i_clamp_max] by /gazebo
[rosmaster.master][INFO] 2025-11-19 08:28:47,688: +PARAM [/gains/gripper_right_finger_joint/antiwindup] by /gazebo
[rosmaster.master][INFO] 2025-11-19 08:28:47,690: +PARAM [/gains/gripper_right_finger_joint/p] by /gazebo
[rosmaster.master][INFO] 2025-11-19 08:28:47,691: +PARAM [/gains/gripper_right_finger_joint/i] by /gazebo
[rosmaster.master][INFO] 2025-11-19 08:28:47,693: +PARAM [/gains/gripper_right_finger_joint/d] by /gazebo
[rosmaster.master][INFO] 2025-11-19 08:28:47,695: +PARAM [/gains/gripper_right_finger_joint/i_clamp_min] by /gazebo
[rosmaster.master][INFO] 2025-11-19 08:28:47,696: +PARAM [/gains/gripper_right_finger_joint/i_clamp_max] by /gazebo
[rosmaster.master][INFO] 2025-11-19 08:28:47,698: +PARAM [/gains/gripper_right_finger_joint/antiwindup] by /gazebo
[rosmaster.master][INFO] 2025-11-19 08:28:47,699: +PARAM [/gains/gripper_right_finger_joint/p] by /gazebo
[rosmaster.master][INFO] 2025-11-19 08:28:47,701: +PARAM [/gains/gripper_right_finger_joint/i] by /gazebo
[rosmaster.master][INFO] 2025-11-19 08:28:47,703: +PARAM [/gains/gripper_right_finger_joint/d] by /gazebo
[rosmaster.master][INFO] 2025-11-19 08:28:47,704: +PARAM [/gains/gripper_right_finger_joint/i_clamp_min] by /gazebo
[rosmaster.master][INFO] 2025-11-19 08:28:47,706: +PARAM [/gains/gripper_right_finger_joint/i_clamp_max] by /gazebo
[rosmaster.master][INFO] 2025-11-19 08:28:47,707: +PARAM [/gains/gripper_right_finger_joint/antiwindup] by /gazebo
[rosmaster.master][INFO] 2025-11-19 08:28:47,731: +SERVICE [/controller_manager/list_controllers] /gazebo http://127.0.0.1:35475/
[rosmaster.master][INFO] 2025-11-19 08:28:47,733: +SERVICE [/controller_manager/list_controller_types] /gazebo http://127.0.0.1:35475/
[rosmaster.master][INFO] 2025-11-19 08:28:47,735: +SERVICE [/controller_manager/load_controller] /gazebo http://127.0.0.1:35475/
[rosmaster.master][INFO] 2025-11-19 08:28:47,738: +SERVICE [/controller_manager/unload_controller] /gazebo http://127.0.0.1:35475/
[rosmaster.master][INFO] 2025-11-19 08:28:47,741: +SERVICE [/controller_manager/switch_controller] /gazebo http://127.0.0.1:35475/
[rosmaster.master][INFO] 2025-11-19 08:28:47,742: +SERVICE [/controller_manager/reload_controller_libraries] /gazebo http://127.0.0.1:35475/
[rosmaster.master][INFO] 2025-11-19 08:28:47,748: +CACHEDPARAM [/rosout_disable_topics_generation] by /bringup_controllers_spawner_ft
[rosmaster.master][INFO] 2025-11-19 08:28:47,762: +CACHEDPARAM [/rosout_disable_topics_generation] by /bringup_controllers_spawner_ft
[rosmaster.master][INFO] 2025-11-19 08:28:47,777: +CACHEDPARAM [/rosout_disable_topics_generation] by /bringup_controllers_spawner_ft
[rosmaster.master][ERROR] 2025-11-19 08:28:47,792: Traceback (most recent call last):
  File "/opt/ros/noetic/lib/python3/dist-packages/rosmaster/master_api.py", line 177, in validated_f
    code, msg, val = f(*newArgs, **kwds)
  File "/opt/ros/noetic/lib/python3/dist-packages/rosmaster/master_api.py", line 435, in searchParam
    search_key = self.param_server.search_param(caller_id, key)
  File "/opt/ros/noetic/lib/python3/dist-packages/rosmaster/paramserver.py", line 116, in search_param
    raise ValueError("namespace must be global")
ValueError: namespace must be global

[rosmaster.master][INFO] 2025-11-19 08:28:47,798: +PUB [/tf] /gazebo http://127.0.0.1:35475/
[rosmaster.master][INFO] 2025-11-19 08:28:47,800: +CACHEDPARAM [/rosout_disable_topics_generation] by /default_controllers_spawner
[rosmaster.master][INFO] 2025-11-19 08:28:47,808: +CACHEDPARAM [/rosout_disable_topics_generation] by /gripper_controllers_spawner
[rosmaster.master][INFO] 2025-11-19 08:28:47,821: +SUB [/mobile_base_controller/cmd_vel] /gazebo http://127.0.0.1:35475/
[rosmaster.master][INFO] 2025-11-19 08:28:47,825: +CACHEDPARAM [/rosout_disable_topics_generation] by /default_controllers_spawner
[rosmaster.master][INFO] 2025-11-19 08:28:47,829: +PUB [/mobile_base_controller/odom] /gazebo http://127.0.0.1:35475/
[rosmaster.master][INFO] 2025-11-19 08:28:47,834: +PUB [/wrist_ft] /gazebo http://127.0.0.1:35475/
[rosmaster.master][INFO] 2025-11-19 08:28:47,835: +CACHEDPARAM [/rosout_disable_topics_generation] by /gripper_controllers_spawner
[rosmaster.master][INFO] 2025-11-19 08:28:47,839: +PUB [/wrist_ft_temperature] /gazebo http://127.0.0.1:35475/
[rosmaster.master][INFO] 2025-11-19 08:28:47,851: +CACHEDPARAM [/rosout_disable_topics_generation] by /bringup_controllers_spawner_ft
[rosmaster.master][INFO] 2025-11-19 08:28:47,864: +CACHEDPARAM [/rosout_disable_topics_generation] by /default_controllers_spawner
[rosmaster.master][INFO] 2025-11-19 08:28:47,865: publisherUpdate[/tf] -> http://127.0.0.1:40699/ ['http://127.0.0.1:44159/', 'http://127.0.0.1:35475/']
[rosmaster.master][INFO] 2025-11-19 08:28:47,865: publisherUpdate[/tf] -> http://127.0.0.1:33631/ ['http://127.0.0.1:44159/', 'http://127.0.0.1:35475/']
[rosmaster.master][INFO] 2025-11-19 08:28:47,865: publisherUpdate[/tf] -> http://127.0.0.1:39653/ ['http://127.0.0.1:44159/', 'http://127.0.0.1:35475/']
[rosmaster.master][INFO] 2025-11-19 08:28:47,874: +CACHEDPARAM [/rosout_disable_topics_generation] by /gripper_controllers_spawner
[rosmaster.master][INFO] 2025-11-19 08:28:47,951: +PUB [/ground_truth_odom] /gazebo http://127.0.0.1:35475/
[rosmaster.master][INFO] 2025-11-19 08:28:47,973: +CACHEDPARAM [/rosout_disable_topics_generation] by /bringup_controllers_spawner_imu
[rosmaster.master][INFO] 2025-11-19 08:28:47,995: publisherUpdate[/tf] -> http://127.0.0.1:33631/ ['http://127.0.0.1:44159/', 'http://127.0.0.1:35475/']: sec=0.13, result=[1, '', 0]
[rosmaster.master][INFO] 2025-11-19 08:28:47,995: publisherUpdate[/tf] -> http://127.0.0.1:42129/ ['http://127.0.0.1:44159/', 'http://127.0.0.1:35475/']
[rosmaster.master][INFO] 2025-11-19 08:28:48,000: publisherUpdate[/tf] -> http://127.0.0.1:40699/ ['http://127.0.0.1:44159/', 'http://127.0.0.1:35475/']: sec=0.13, result=[1, '', 0]
[rosmaster.master][INFO] 2025-11-19 08:28:48,006: +CACHEDPARAM [/rosout_disable_topics_generation] by /bringup_controllers_spawner_imu
[rosmaster.master][INFO] 2025-11-19 08:28:48,012: publisherUpdate[/tf] -> http://127.0.0.1:39653/ ['http://127.0.0.1:44159/', 'http://127.0.0.1:35475/']: sec=0.14, result=[1, '', 0]
[rosmaster.master][INFO] 2025-11-19 08:28:48,027: +PUB [/gazebo/world_odometry/parameter_descriptions] /gazebo http://127.0.0.1:35475/
[rosmaster.master][INFO] 2025-11-19 08:28:48,031: +PUB [/gazebo/world_odometry/parameter_updates] /gazebo http://127.0.0.1:35475/
[rosmaster.master][INFO] 2025-11-19 08:28:48,034: +SERVICE [/gazebo/world_odometry/set_parameters] /gazebo http://127.0.0.1:35475/
[rosmaster.master][INFO] 2025-11-19 08:28:48,039: +PUB [/floating_base_pose_simulated] /gazebo http://127.0.0.1:35475/
[rosmaster.master][INFO] 2025-11-19 08:28:48,045: +CACHEDPARAM [/rosout_disable_topics_generation] by /bringup_controllers_spawner_ft
[rosmaster.master][INFO] 2025-11-19 08:28:48,050: +PUB [/introspection_data/full] /gazebo http://127.0.0.1:35475/
[rosmaster.master][INFO] 2025-11-19 08:28:48,059: +PUB [/introspection_data/names] /gazebo http://127.0.0.1:35475/
[rosmaster.master][INFO] 2025-11-19 08:28:48,065: +PUB [/introspection_data/values] /gazebo http://127.0.0.1:35475/
[rosmaster.master][INFO] 2025-11-19 08:28:48,081: +PUB [/joint_states] /gazebo http://127.0.0.1:35475/
[rosmaster.master][INFO] 2025-11-19 08:28:48,109: +CACHEDPARAM [/rosout_disable_topics_generation] by /bringup_controllers_spawner_imu
[rosmaster.master][INFO] 2025-11-19 08:28:48,142: +SERVICE [/throttle_filtering_points/set_parameters] /throttle_filtering_points http://127.0.0.1:43263/
[rosmaster.master][INFO] 2025-11-19 08:28:48,140: publisherUpdate[/joint_states] -> http://127.0.0.1:44159/ ['http://127.0.0.1:35475/']
[rosmaster.master][INFO] 2025-11-19 08:28:48,139: publisherUpdate[/joint_states] -> http://127.0.0.1:33631/ ['http://127.0.0.1:35475/']
[rosmaster.master][INFO] 2025-11-19 08:28:48,148: publisherUpdate[/tf] -> http://127.0.0.1:42129/ ['http://127.0.0.1:44159/', 'http://127.0.0.1:35475/']: sec=0.15, result=[1, '', 0]
[rosmaster.master][INFO] 2025-11-19 08:28:48,165: +CACHEDPARAM [/rosout_disable_topics_generation] by /default_controllers_spawner
[rosmaster.master][INFO] 2025-11-19 08:28:48,175: -PUB [/tfs_0] /tf_lookup http://127.0.0.1:42129/
[rosmaster.master][INFO] 2025-11-19 08:28:48,202: publisherUpdate[/joint_states] -> http://127.0.0.1:35139/ ['http://127.0.0.1:35475/']
[rosmaster.master][INFO] 2025-11-19 08:28:48,284: publisherUpdate[/joint_states] -> http://127.0.0.1:44159/ ['http://127.0.0.1:35475/']: sec=0.12, result=[1, '', 0]
[rosmaster.master][INFO] 2025-11-19 08:28:48,292: +PUB [/throttle_filtering_points/parameter_descriptions] /throttle_filtering_points http://127.0.0.1:43263/
[rosmaster.master][INFO] 2025-11-19 08:28:48,307: publisherUpdate[/joint_states] -> http://127.0.0.1:39653/ ['http://127.0.0.1:35475/']
[rosmaster.master][INFO] 2025-11-19 08:28:48,315: +SUB [/arm_controller/follow_joint_trajectory/status] /move_group http://127.0.0.1:39653/
[rosmaster.master][INFO] 2025-11-19 08:28:48,319: +PUB [/throttle_filtering_points/parameter_updates] /throttle_filtering_points http://127.0.0.1:43263/
[rosmaster.master][INFO] 2025-11-19 08:28:48,327: publisherUpdate[/joint_states] -> http://127.0.0.1:35139/ ['http://127.0.0.1:35475/']: sec=0.04, result=[1, '', 0]
[rosmaster.master][INFO] 2025-11-19 08:28:48,337: +PUB [/tfs_14625000000] /tf_lookup http://127.0.0.1:42129/
[rosmaster.master][INFO] 2025-11-19 08:28:48,357: +SUB [/move_group/status] /play_motion http://127.0.0.1:33631/
[rosmaster.master][INFO] 2025-11-19 08:28:48,367: publisherUpdate[/joint_states] -> http://127.0.0.1:33631/ ['http://127.0.0.1:35475/']: sec=0.19, result=[1, '', 0]
[rosmaster.master][INFO] 2025-11-19 08:28:48,373: +SUB [/tfs_14625000000] /dynamic_footprint_publisher http://127.0.0.1:42561/
[rosmaster.master][INFO] 2025-11-19 08:28:48,388: +SUB [/arm_controller/follow_joint_trajectory/feedback] /move_group http://127.0.0.1:39653/
[rosmaster.master][INFO] 2025-11-19 08:28:48,392: +PARAM [/throttle_filtering_points/throttle_node_rate] by /throttle_filtering_points
[rosmaster.master][INFO] 2025-11-19 08:28:48,406: publisherUpdate[/joint_states] -> http://127.0.0.1:39653/ ['http://127.0.0.1:35475/']: sec=0.09, result=[1, '', 0]
[rosmaster.master][INFO] 2025-11-19 08:28:48,432: +PARAM [/throttle_filtering_points/downsampling_size] by /throttle_filtering_points
[rosmaster.master][INFO] 2025-11-19 08:28:48,448: +SUB [/move_group/feedback] /play_motion http://127.0.0.1:33631/
[rosmaster.master][INFO] 2025-11-19 08:28:48,452: +CACHEDPARAM [/rosout_disable_topics_generation] by /throttle_filtering_points
[rosmaster.master][INFO] 2025-11-19 08:28:48,492: +PUB [/throttle_filtering_points/filtered_points] /throttle_filtering_points http://127.0.0.1:43263/
[rosmaster.master][INFO] 2025-11-19 08:28:48,514: +SUB [/arm_controller/follow_joint_trajectory/result] /move_group http://127.0.0.1:39653/
[rosmaster.master][INFO] 2025-11-19 08:28:48,520: +PARAM [/throttle_filtering_points/throttle_node_rate] by /throttle_filtering_points
[rosmaster.master][INFO] 2025-11-19 08:28:48,524: +PUB [/arm_controller/follow_joint_trajectory/goal] /move_group http://127.0.0.1:39653/
[rosmaster.master][INFO] 2025-11-19 08:28:48,542: +SUB [/move_group/result] /play_motion http://127.0.0.1:33631/
[rosmaster.master][INFO] 2025-11-19 08:28:48,546: +PUB [/arm_controller/follow_joint_trajectory/cancel] /move_group http://127.0.0.1:39653/
[rosmaster.master][INFO] 2025-11-19 08:28:48,548: +PARAM [/throttle_filtering_points/downsampling_size] by /throttle_filtering_points
[rosmaster.master][INFO] 2025-11-19 08:28:48,567: +PUB [/move_group/goal] /play_motion http://127.0.0.1:33631/
[rosmaster.master][INFO] 2025-11-19 08:28:48,578: +PUB [/move_group/cancel] /play_motion http://127.0.0.1:33631/
[rosmaster.master][INFO] 2025-11-19 08:28:48,585: +SUB [/gripper_controller/command] /gazebo http://127.0.0.1:35475/
[rosmaster.master][INFO] 2025-11-19 08:28:48,591: +PUB [/gripper_controller/state] /gazebo http://127.0.0.1:35475/
[rosmaster.master][INFO] 2025-11-19 08:28:48,600: +PUB [/gripper_controller/follow_joint_trajectory/result] /gazebo http://127.0.0.1:35475/
[rosmaster.master][INFO] 2025-11-19 08:28:48,604: +PUB [/gripper_controller/follow_joint_trajectory/feedback] /gazebo http://127.0.0.1:35475/
[rosmaster.master][INFO] 2025-11-19 08:28:48,613: +PUB [/gripper_controller/follow_joint_trajectory/status] /gazebo http://127.0.0.1:35475/
[rosmaster.master][INFO] 2025-11-19 08:28:48,642: publisherUpdate[/gripper_controller/follow_joint_trajectory/result] -> http://127.0.0.1:44653/ ['http://127.0.0.1:35475/']
[rosmaster.master][INFO] 2025-11-19 08:28:48,679: publisherUpdate[/gripper_controller/follow_joint_trajectory/result] -> http://127.0.0.1:44653/ ['http://127.0.0.1:35475/']: sec=0.03, result=[1, '', 0]
[rosmaster.master][INFO] 2025-11-19 08:28:48,681: publisherUpdate[/gripper_controller/follow_joint_trajectory/feedback] -> http://127.0.0.1:44653/ ['http://127.0.0.1:35475/']
[rosmaster.master][INFO] 2025-11-19 08:28:48,684: +SUB [/gripper_controller/follow_joint_trajectory/goal] /gazebo http://127.0.0.1:35475/
[rosmaster.master][INFO] 2025-11-19 08:28:48,698: publisherUpdate[/gripper_controller/follow_joint_trajectory/feedback] -> http://127.0.0.1:44653/ ['http://127.0.0.1:35475/']: sec=0.01, result=[1, '', 0]
[rosmaster.master][INFO] 2025-11-19 08:28:48,698: publisherUpdate[/gripper_controller/follow_joint_trajectory/status] -> http://127.0.0.1:44653/ ['http://127.0.0.1:35475/']
[rosmaster.master][INFO] 2025-11-19 08:28:48,707: +SUB [/gripper_controller/follow_joint_trajectory/cancel] /gazebo http://127.0.0.1:35475/
[rosmaster.master][INFO] 2025-11-19 08:28:48,709: publisherUpdate[/gripper_controller/follow_joint_trajectory/status] -> http://127.0.0.1:44653/ ['http://127.0.0.1:35475/']: sec=0.01, result=[1, '', 0]
[rosmaster.master][INFO] 2025-11-19 08:28:48,713: +SERVICE [/gripper_controller/query_state] /gazebo http://127.0.0.1:35475/
[rosmaster.master][INFO] 2025-11-19 08:28:48,742: +CACHEDPARAM [/rosout_disable_topics_generation] by /gripper_controllers_spawner
[rosmaster.master][INFO] 2025-11-19 08:28:48,776: +PUB [/base_imu] /gazebo http://127.0.0.1:35475/
[rosmaster.master][INFO] 2025-11-19 08:28:48,792: +CACHEDPARAM [/rosout_disable_topics_generation] by /bringup_controllers_spawner_imu
[rosmaster.master][INFO] 2025-11-19 08:28:48,912: +SUB [/torso_controller/command] /gazebo http://127.0.0.1:35475/
[rosmaster.master][INFO] 2025-11-19 08:28:48,915: +PUB [/torso_controller/state] /gazebo http://127.0.0.1:35475/
[rosmaster.master][INFO] 2025-11-19 08:28:48,940: +PUB [/torso_controller/follow_joint_trajectory/result] /gazebo http://127.0.0.1:35475/
[rosmaster.master][INFO] 2025-11-19 08:28:48,951: +PUB [/torso_controller/follow_joint_trajectory/feedback] /gazebo http://127.0.0.1:35475/
[rosmaster.master][INFO] 2025-11-19 08:28:48,955: +PUB [/torso_controller/follow_joint_trajectory/status] /gazebo http://127.0.0.1:35475/
[rosmaster.master][INFO] 2025-11-19 08:28:48,987: +SUB [/torso_controller/follow_joint_trajectory/goal] /gazebo http://127.0.0.1:35475/
[rosmaster.master][INFO] 2025-11-19 08:28:49,001: +SUB [/torso_controller/follow_joint_trajectory/cancel] /gazebo http://127.0.0.1:35475/
[rosmaster.master][INFO] 2025-11-19 08:28:49,004: +SERVICE [/torso_controller/query_state] /gazebo http://127.0.0.1:35475/
[rosmaster.master][INFO] 2025-11-19 08:28:49,017: +CACHEDPARAM [/rosout_disable_topics_generation] by /default_controllers_spawner
[rosmaster.master][INFO] 2025-11-19 08:28:49,033: +CACHEDPARAM [/rosout_disable_topics_generation] by /gripper_controllers_spawner
[rosmaster.master][INFO] 2025-11-19 08:28:49,047: +CACHEDPARAM [/rosout_disable_topics_generation] by /bringup_controllers_spawner_imu
[rosmaster.master][INFO] 2025-11-19 08:28:49,180: +SUB [/head_controller/command] /gazebo http://127.0.0.1:35475/
[rosmaster.master][INFO] 2025-11-19 08:28:49,187: +PUB [/head_controller/state] /gazebo http://127.0.0.1:35475/
[rosmaster.master][INFO] 2025-11-19 08:28:49,195: +CACHEDPARAM [/rosout_disable_topics_generation] by /home_gripper
[rosmaster.master][INFO] 2025-11-19 08:28:49,213: publisherUpdate[/head_controller/state] -> http://127.0.0.1:40699/ ['http://127.0.0.1:35475/']
[rosmaster.master][INFO] 2025-11-19 08:28:49,226: +SUB [/joint_states] /home_gripper http://127.0.0.1:44653/
[rosmaster.master][INFO] 2025-11-19 08:28:49,230: +PUB [/head_controller/follow_joint_trajectory/result] /gazebo http://127.0.0.1:35475/
[rosmaster.master][INFO] 2025-11-19 08:28:49,231: +PUB [/head_controller/follow_joint_trajectory/feedback] /gazebo http://127.0.0.1:35475/
[rosmaster.master][INFO] 2025-11-19 08:28:49,240: +PUB [/head_controller/follow_joint_trajectory/status] /gazebo http://127.0.0.1:35475/
[rosmaster.master][INFO] 2025-11-19 08:28:49,277: +SUB [/head_controller/follow_joint_trajectory/goal] /gazebo http://127.0.0.1:35475/
[rosmaster.master][INFO] 2025-11-19 08:28:49,287: publisherUpdate[/head_controller/state] -> http://127.0.0.1:40699/ ['http://127.0.0.1:35475/']: sec=0.07, result=[1, '', 0]
[rosmaster.master][INFO] 2025-11-19 08:28:49,317: +SUB [/head_controller/follow_joint_trajectory/cancel] /gazebo http://127.0.0.1:35475/
[rosmaster.master][INFO] 2025-11-19 08:28:49,332: +SERVICE [/head_controller/query_state] /gazebo http://127.0.0.1:35475/
[rosmaster.master][INFO] 2025-11-19 08:28:49,364: +CACHEDPARAM [/rosout_disable_topics_generation] by /default_controllers_spawner
[rosmaster.master][INFO] 2025-11-19 08:28:49,562: +SUB [/arm_controller/command] /gazebo http://127.0.0.1:35475/
[rosmaster.master][INFO] 2025-11-19 08:28:49,569: +PUB [/arm_controller/state] /gazebo http://127.0.0.1:35475/
[rosmaster.master][INFO] 2025-11-19 08:28:49,582: +PUB [/arm_controller/follow_joint_trajectory/result] /gazebo http://127.0.0.1:35475/
[rosmaster.master][INFO] 2025-11-19 08:28:49,586: +PUB [/arm_controller/follow_joint_trajectory/feedback] /gazebo http://127.0.0.1:35475/
[rosmaster.master][INFO] 2025-11-19 08:28:49,589: +PUB [/arm_controller/follow_joint_trajectory/status] /gazebo http://127.0.0.1:35475/
[rosmaster.master][INFO] 2025-11-19 08:28:49,595: publisherUpdate[/arm_controller/follow_joint_trajectory/result] -> http://127.0.0.1:39653/ ['http://127.0.0.1:35475/']
[rosmaster.master][INFO] 2025-11-19 08:28:49,606: publisherUpdate[/arm_controller/follow_joint_trajectory/result] -> http://127.0.0.1:39653/ ['http://127.0.0.1:35475/']: sec=0.01, result=[1, '', 0]
[rosmaster.master][INFO] 2025-11-19 08:28:49,609: publisherUpdate[/arm_controller/follow_joint_trajectory/feedback] -> http://127.0.0.1:39653/ ['http://127.0.0.1:35475/']
[rosmaster.master][INFO] 2025-11-19 08:28:49,622: publisherUpdate[/arm_controller/follow_joint_trajectory/feedback] -> http://127.0.0.1:39653/ ['http://127.0.0.1:35475/']: sec=0.01, result=[1, '', 0]
[rosmaster.master][INFO] 2025-11-19 08:28:49,627: publisherUpdate[/arm_controller/follow_joint_trajectory/status] -> http://127.0.0.1:39653/ ['http://127.0.0.1:35475/']
[rosmaster.master][INFO] 2025-11-19 08:28:49,636: publisherUpdate[/arm_controller/follow_joint_trajectory/status] -> http://127.0.0.1:39653/ ['http://127.0.0.1:35475/']: sec=0.00, result=[1, '', 0]
[rosmaster.master][INFO] 2025-11-19 08:28:49,649: +SUB [/arm_controller/follow_joint_trajectory/goal] /gazebo http://127.0.0.1:35475/
[rosmaster.master][INFO] 2025-11-19 08:28:49,715: +SUB [/arm_controller/follow_joint_trajectory/cancel] /gazebo http://127.0.0.1:35475/
[rosmaster.master][INFO] 2025-11-19 08:28:49,719: +SERVICE [/arm_controller/query_state] /gazebo http://127.0.0.1:35475/
[rosmaster.master][INFO] 2025-11-19 08:28:49,799: +CACHEDPARAM [/rosout_disable_topics_generation] by /default_controllers_spawner
[rosmaster.master][INFO] 2025-11-19 08:28:50,056: +SUB [/torso_controller/follow_joint_trajectory/status] /move_group http://127.0.0.1:39653/
[rosmaster.master][INFO] 2025-11-19 08:28:50,078: +SUB [/torso_controller/follow_joint_trajectory/feedback] /move_group http://127.0.0.1:39653/
[rosmaster.master][INFO] 2025-11-19 08:28:50,111: +SUB [/torso_controller/follow_joint_trajectory/result] /move_group http://127.0.0.1:39653/
[rosmaster.master][INFO] 2025-11-19 08:28:50,133: +PUB [/torso_controller/follow_joint_trajectory/goal] /move_group http://127.0.0.1:39653/
[rosmaster.master][INFO] 2025-11-19 08:28:50,165: +PUB [/torso_controller/follow_joint_trajectory/cancel] /move_group http://127.0.0.1:39653/
[rosmaster.master][INFO] 2025-11-19 08:28:50,190: publisherUpdate[/torso_controller/follow_joint_trajectory/goal] -> http://127.0.0.1:35475/ ['http://127.0.0.1:39653/']
[rosmaster.master][INFO] 2025-11-19 08:28:50,481: +SERVICE [/mobile_base_controller/set_parameters] /gazebo http://127.0.0.1:35475/
[rosmaster.master][INFO] 2025-11-19 08:28:50,488: publisherUpdate[/torso_controller/follow_joint_trajectory/goal] -> http://127.0.0.1:35475/ ['http://127.0.0.1:39653/']: sec=0.30, result=[1, '', 0]
[rosmaster.master][INFO] 2025-11-19 08:28:50,492: +PUB [/mobile_base_controller/parameter_descriptions] /gazebo http://127.0.0.1:35475/
[rosmaster.master][INFO] 2025-11-19 08:28:50,492: publisherUpdate[/torso_controller/follow_joint_trajectory/cancel] -> http://127.0.0.1:35475/ ['http://127.0.0.1:39653/']
[rosmaster.master][INFO] 2025-11-19 08:28:50,503: +PUB [/mobile_base_controller/parameter_updates] /gazebo http://127.0.0.1:35475/
[rosmaster.master][INFO] 2025-11-19 08:28:50,504: publisherUpdate[/torso_controller/follow_joint_trajectory/cancel] -> http://127.0.0.1:35475/ ['http://127.0.0.1:39653/']: sec=0.01, result=[1, '', 0]
[rosmaster.master][INFO] 2025-11-19 08:28:50,558: +PARAM [/mobile_base_controller/wheel_separation_multiplier] by /gazebo
[rosmaster.master][INFO] 2025-11-19 08:28:50,570: +PARAM [/mobile_base_controller/axis_separation_multiplier] by /gazebo
[rosmaster.master][INFO] 2025-11-19 08:28:50,572: +PARAM [/mobile_base_controller/wheel_radius_multiplier] by /gazebo
[rosmaster.master][INFO] 2025-11-19 08:28:50,574: +PARAM [/mobile_base_controller/publish_rate] by /gazebo
[rosmaster.master][INFO] 2025-11-19 08:28:50,583: +PARAM [/mobile_base_controller/enable_odom_tf] by /gazebo
[rosmaster.master][INFO] 2025-11-19 08:28:50,588: +PARAM [/mobile_base_controller/wheel_separation_multiplier] by /gazebo
[rosmaster.master][INFO] 2025-11-19 08:28:50,591: +PARAM [/mobile_base_controller/axis_separation_multiplier] by /gazebo
[rosmaster.master][INFO] 2025-11-19 08:28:50,602: +PARAM [/mobile_base_controller/wheel_radius_multiplier] by /gazebo
[rosmaster.master][INFO] 2025-11-19 08:28:50,605: +PARAM [/mobile_base_controller/publish_rate] by /gazebo
[rosmaster.master][INFO] 2025-11-19 08:28:50,609: +PARAM [/mobile_base_controller/enable_odom_tf] by /gazebo
[rosmaster.master][INFO] 2025-11-19 08:28:50,616: +PARAM [/mobile_base_controller/wheel_separation_multiplier] by /gazebo
[rosmaster.master][INFO] 2025-11-19 08:28:50,619: +PARAM [/mobile_base_controller/axis_separation_multiplier] by /gazebo
[rosmaster.master][INFO] 2025-11-19 08:28:50,622: +PARAM [/mobile_base_controller/wheel_radius_multiplier] by /gazebo
[rosmaster.master][INFO] 2025-11-19 08:28:50,624: +PARAM [/mobile_base_controller/publish_rate] by /gazebo
[rosmaster.master][INFO] 2025-11-19 08:28:50,627: +PARAM [/mobile_base_controller/enable_odom_tf] by /gazebo
[rosmaster.master][INFO] 2025-11-19 08:28:50,651: +CACHEDPARAM [/rosout_disable_topics_generation] by /default_controllers_spawner
[rosmaster.master][INFO] 2025-11-19 08:28:50,726: +CACHEDPARAM [/rosout_disable_topics_generation] by /default_controllers_spawner
[rosmaster.master][INFO] 2025-11-19 08:28:50,788: +SUB [/head_controller/follow_joint_trajectory/status] /move_group http://127.0.0.1:39653/
[rosmaster.master][INFO] 2025-11-19 08:28:50,900: +SUB [/head_controller/follow_joint_trajectory/feedback] /move_group http://127.0.0.1:39653/
[rosmaster.master][INFO] 2025-11-19 08:28:50,919: +SUB [/head_controller/follow_joint_trajectory/result] /move_group http://127.0.0.1:39653/
[rosmaster.master][INFO] 2025-11-19 08:28:50,923: +PUB [/head_controller/follow_joint_trajectory/goal] /move_group http://127.0.0.1:39653/
[rosmaster.master][INFO] 2025-11-19 08:28:50,925: +PUB [/head_controller/follow_joint_trajectory/cancel] /move_group http://127.0.0.1:39653/
[rosmaster.master][INFO] 2025-11-19 08:28:50,949: -SUB [/joint_states] /home_gripper http://127.0.0.1:44653/
[rosmaster.master][INFO] 2025-11-19 08:28:50,957: +CACHEDPARAM [/rosout_disable_topics_generation] by /home_gripper
[rosmaster.master][INFO] 2025-11-19 08:28:50,972: publisherUpdate[/head_controller/follow_joint_trajectory/goal] -> http://127.0.0.1:35475/ ['http://127.0.0.1:39653/']
[rosmaster.master][INFO] 2025-11-19 08:28:51,042: +PUB [/xtion/rgb/image_rect_color] /image_raw_to_rect_color_relay http://127.0.0.1:41425/
[rosmaster.master][INFO] 2025-11-19 08:28:51,046: +CACHEDPARAM [/rosout_disable_topics_generation] by /image_raw_to_rect_color_relay
[rosmaster.master][INFO] 2025-11-19 08:28:51,191: publisherUpdate[/head_controller/follow_joint_trajectory/goal] -> http://127.0.0.1:35475/ ['http://127.0.0.1:39653/']: sec=0.22, result=[1, '', 0]
[rosmaster.master][INFO] 2025-11-19 08:28:51,194: publisherUpdate[/head_controller/follow_joint_trajectory/cancel] -> http://127.0.0.1:35475/ ['http://127.0.0.1:39653/']
[rosmaster.master][INFO] 2025-11-19 08:28:51,198: publisherUpdate[/head_controller/follow_joint_trajectory/cancel] -> http://127.0.0.1:35475/ ['http://127.0.0.1:39653/']: sec=0.00, result=[1, '', 0]
[rosmaster.master][INFO] 2025-11-19 08:28:51,915: +SUB [/gripper_controller/follow_joint_trajectory/status] /move_group http://127.0.0.1:39653/
[rosmaster.master][INFO] 2025-11-19 08:28:51,926: +SUB [/gripper_controller/follow_joint_trajectory/feedback] /move_group http://127.0.0.1:39653/
[rosmaster.master][INFO] 2025-11-19 08:28:51,939: +SUB [/gripper_controller/follow_joint_trajectory/result] /move_group http://127.0.0.1:39653/
[rosmaster.master][INFO] 2025-11-19 08:28:51,942: +PUB [/gripper_controller/follow_joint_trajectory/goal] /move_group http://127.0.0.1:39653/
[rosmaster.master][INFO] 2025-11-19 08:28:51,945: +PUB [/gripper_controller/follow_joint_trajectory/cancel] /move_group http://127.0.0.1:39653/
[rosmaster.master][INFO] 2025-11-19 08:28:51,981: publisherUpdate[/gripper_controller/follow_joint_trajectory/goal] -> http://127.0.0.1:35475/ ['http://127.0.0.1:44653/', 'http://127.0.0.1:39653/']
[rosmaster.master][INFO] 2025-11-19 08:28:52,149: publisherUpdate[/gripper_controller/follow_joint_trajectory/goal] -> http://127.0.0.1:35475/ ['http://127.0.0.1:44653/', 'http://127.0.0.1:39653/']: sec=0.17, result=[1, '', 0]
[rosmaster.master][INFO] 2025-11-19 08:28:52,149: publisherUpdate[/gripper_controller/follow_joint_trajectory/cancel] -> http://127.0.0.1:35475/ ['http://127.0.0.1:44653/', 'http://127.0.0.1:39653/']
[rosmaster.master][INFO] 2025-11-19 08:28:52,275: publisherUpdate[/gripper_controller/follow_joint_trajectory/cancel] -> http://127.0.0.1:35475/ ['http://127.0.0.1:44653/', 'http://127.0.0.1:39653/']: sec=0.12, result=[1, '', 0]
[rosmaster.master][INFO] 2025-11-19 08:28:52,518: +SUB [/trajectory_execution_event] /move_group http://127.0.0.1:39653/
[rosmaster.master][INFO] 2025-11-19 08:28:52,526: +SERVICE [/move_group/trajectory_execution/set_parameters] /move_group http://127.0.0.1:39653/
[rosmaster.master][INFO] 2025-11-19 08:28:52,529: +PUB [/move_group/trajectory_execution/parameter_descriptions] /move_group http://127.0.0.1:39653/
[rosmaster.master][INFO] 2025-11-19 08:28:52,538: +PUB [/move_group/trajectory_execution/parameter_updates] /move_group http://127.0.0.1:39653/
[rosmaster.master][INFO] 2025-11-19 08:28:52,568: +PARAM [/move_group/trajectory_execution/execution_duration_monitoring] by /move_group
[rosmaster.master][INFO] 2025-11-19 08:28:52,571: +PARAM [/move_group/trajectory_execution/allowed_execution_duration_scaling] by /move_group
[rosmaster.master][INFO] 2025-11-19 08:28:52,579: +PARAM [/move_group/trajectory_execution/allowed_goal_duration_margin] by /move_group
[rosmaster.master][INFO] 2025-11-19 08:28:52,588: +PARAM [/move_group/trajectory_execution/execution_velocity_scaling] by /move_group
[rosmaster.master][INFO] 2025-11-19 08:28:52,591: +PARAM [/move_group/trajectory_execution/allowed_start_tolerance] by /move_group
[rosmaster.master][INFO] 2025-11-19 08:28:52,602: +PARAM [/move_group/trajectory_execution/wait_for_trajectory_completion] by /move_group
[rosmaster.master][INFO] 2025-11-19 08:28:52,610: +PARAM [/move_group/trajectory_execution/execution_duration_monitoring] by /move_group
[rosmaster.master][INFO] 2025-11-19 08:28:52,625: +PARAM [/move_group/trajectory_execution/allowed_execution_duration_scaling] by /move_group
[rosmaster.master][INFO] 2025-11-19 08:28:52,637: +PARAM [/move_group/trajectory_execution/allowed_goal_duration_margin] by /move_group
[rosmaster.master][INFO] 2025-11-19 08:28:52,643: +PARAM [/move_group/trajectory_execution/execution_velocity_scaling] by /move_group
[rosmaster.master][INFO] 2025-11-19 08:28:52,650: +PARAM [/move_group/trajectory_execution/allowed_start_tolerance] by /move_group
[rosmaster.master][INFO] 2025-11-19 08:28:52,656: +PARAM [/move_group/trajectory_execution/wait_for_trajectory_completion] by /move_group
[rosmaster.master][INFO] 2025-11-19 08:28:52,676: +SERVICE [/move_group/plan_execution/set_parameters] /move_group http://127.0.0.1:39653/
[rosmaster.master][INFO] 2025-11-19 08:28:52,680: +PUB [/move_group/plan_execution/parameter_descriptions] /move_group http://127.0.0.1:39653/
[rosmaster.master][INFO] 2025-11-19 08:28:52,684: +PUB [/move_group/plan_execution/parameter_updates] /move_group http://127.0.0.1:39653/
[rosmaster.master][INFO] 2025-11-19 08:28:52,691: +PARAM [/move_group/plan_execution/max_replan_attempts] by /move_group
[rosmaster.master][INFO] 2025-11-19 08:28:52,694: +PARAM [/move_group/plan_execution/record_trajectory_state_frequency] by /move_group
[rosmaster.master][INFO] 2025-11-19 08:28:52,697: +PARAM [/move_group/plan_execution/max_replan_attempts] by /move_group
[rosmaster.master][INFO] 2025-11-19 08:28:52,700: +PARAM [/move_group/plan_execution/record_trajectory_state_frequency] by /move_group
[rosmaster.master][INFO] 2025-11-19 08:28:52,705: +SERVICE [/move_group/sense_for_plan/set_parameters] /move_group http://127.0.0.1:39653/
[rosmaster.master][INFO] 2025-11-19 08:28:52,708: +PUB [/move_group/sense_for_plan/parameter_descriptions] /move_group http://127.0.0.1:39653/
[rosmaster.master][INFO] 2025-11-19 08:28:52,717: +PUB [/move_group/sense_for_plan/parameter_updates] /move_group http://127.0.0.1:39653/
[rosmaster.master][INFO] 2025-11-19 08:28:52,729: +PARAM [/move_group/sense_for_plan/max_safe_path_cost] by /move_group
[rosmaster.master][INFO] 2025-11-19 08:28:52,733: +PARAM [/move_group/sense_for_plan/max_look_attempts] by /move_group
[rosmaster.master][INFO] 2025-11-19 08:28:52,735: +PARAM [/move_group/sense_for_plan/max_cost_sources] by /move_group
[rosmaster.master][INFO] 2025-11-19 08:28:52,737: +PARAM [/move_group/sense_for_plan/discard_overlapping_cost_sources] by /move_group
[rosmaster.master][INFO] 2025-11-19 08:28:52,740: +PARAM [/move_group/sense_for_plan/max_safe_path_cost] by /move_group
[rosmaster.master][INFO] 2025-11-19 08:28:52,742: +PARAM [/move_group/sense_for_plan/max_look_attempts] by /move_group
[rosmaster.master][INFO] 2025-11-19 08:28:52,744: +PARAM [/move_group/sense_for_plan/max_cost_sources] by /move_group
[rosmaster.master][INFO] 2025-11-19 08:28:52,748: +PARAM [/move_group/sense_for_plan/discard_overlapping_cost_sources] by /move_group
[rosmaster.master][INFO] 2025-11-19 08:28:52,788: +SERVICE [/apply_planning_scene] /move_group http://127.0.0.1:39653/
[rosmaster.master][INFO] 2025-11-19 08:28:52,806: +SERVICE [/load_move_group_capabilities] /move_group http://127.0.0.1:39653/
[rosmaster.master][INFO] 2025-11-19 08:28:52,810: +SERVICE [/clear_octomap] /move_group http://127.0.0.1:39653/
[rosmaster.master][INFO] 2025-11-19 08:28:52,817: +SERVICE [/compute_cartesian_path] /move_group http://127.0.0.1:39653/
[rosmaster.master][INFO] 2025-11-19 08:28:52,829: +PUB [/execute_trajectory/result] /move_group http://127.0.0.1:39653/
[rosmaster.master][INFO] 2025-11-19 08:28:52,837: +PUB [/execute_trajectory/feedback] /move_group http://127.0.0.1:39653/
[rosmaster.master][INFO] 2025-11-19 08:28:52,840: +PUB [/execute_trajectory/status] /move_group http://127.0.0.1:39653/
[rosmaster.master][INFO] 2025-11-19 08:28:52,872: +SUB [/execute_trajectory/goal] /move_group http://127.0.0.1:39653/
[rosmaster.master][INFO] 2025-11-19 08:28:52,898: +SUB [/execute_trajectory/cancel] /move_group http://127.0.0.1:39653/
[rosmaster.master][INFO] 2025-11-19 08:28:52,905: +SERVICE [/get_planning_scene] /move_group http://127.0.0.1:39653/
[rosmaster.master][INFO] 2025-11-19 08:28:52,913: +SERVICE [/compute_fk] /move_group http://127.0.0.1:39653/
[rosmaster.master][INFO] 2025-11-19 08:28:52,918: +SERVICE [/compute_ik] /move_group http://127.0.0.1:39653/
[rosmaster.master][INFO] 2025-11-19 08:28:52,927: +PUB [/move_group/result] /move_group http://127.0.0.1:39653/
[rosmaster.master][INFO] 2025-11-19 08:28:52,932: +PUB [/move_group/feedback] /move_group http://127.0.0.1:39653/
[rosmaster.master][INFO] 2025-11-19 08:28:52,934: +PUB [/move_group/status] /move_group http://127.0.0.1:39653/
[rosmaster.master][INFO] 2025-11-19 08:28:52,966: +SUB [/move_group/goal] /move_group http://127.0.0.1:39653/
[rosmaster.master][INFO] 2025-11-19 08:28:52,987: publisherUpdate[/move_group/result] -> http://127.0.0.1:33631/ ['http://127.0.0.1:39653/']
[rosmaster.master][INFO] 2025-11-19 08:28:53,022: +SUB [/move_group/cancel] /move_group http://127.0.0.1:39653/
[rosmaster.master][INFO] 2025-11-19 08:28:53,051: +PUB [/pickup/result] /move_group http://127.0.0.1:39653/
[rosmaster.master][INFO] 2025-11-19 08:28:53,053: +PUB [/pickup/feedback] /move_group http://127.0.0.1:39653/
[rosmaster.master][INFO] 2025-11-19 08:28:53,055: +PUB [/pickup/status] /move_group http://127.0.0.1:39653/
[rosmaster.master][INFO] 2025-11-19 08:28:53,071: +SUB [/pickup/goal] /move_group http://127.0.0.1:39653/
[rosmaster.master][INFO] 2025-11-19 08:28:53,081: +SUB [/pickup/cancel] /move_group http://127.0.0.1:39653/
[rosmaster.master][INFO] 2025-11-19 08:28:53,087: +PUB [/place/result] /move_group http://127.0.0.1:39653/
[rosmaster.master][INFO] 2025-11-19 08:28:53,089: +PUB [/place/feedback] /move_group http://127.0.0.1:39653/
[rosmaster.master][INFO] 2025-11-19 08:28:53,091: +PUB [/place/status] /move_group http://127.0.0.1:39653/
[rosmaster.master][INFO] 2025-11-19 08:28:53,105: +SUB [/place/goal] /move_group http://127.0.0.1:39653/
[rosmaster.master][INFO] 2025-11-19 08:28:53,121: +SUB [/place/cancel] /move_group http://127.0.0.1:39653/
[rosmaster.master][INFO] 2025-11-19 08:28:53,127: +SERVICE [/plan_kinematic_path] /move_group http://127.0.0.1:39653/
[rosmaster.master][INFO] 2025-11-19 08:28:53,135: +SERVICE [/query_planner_interface] /move_group http://127.0.0.1:39653/
[rosmaster.master][INFO] 2025-11-19 08:28:53,138: +SERVICE [/get_planner_params] /move_group http://127.0.0.1:39653/
[rosmaster.master][INFO] 2025-11-19 08:28:53,141: +SERVICE [/set_planner_params] /move_group http://127.0.0.1:39653/
[rosmaster.master][INFO] 2025-11-19 08:28:53,144: +SERVICE [/check_state_validity] /move_group http://127.0.0.1:39653/
[rosmaster.master][INFO] 2025-11-19 08:28:53,190: publisherUpdate[/move_group/result] -> http://127.0.0.1:33631/ ['http://127.0.0.1:39653/']: sec=0.20, result=[1, '', 0]
[rosmaster.master][INFO] 2025-11-19 08:28:53,191: publisherUpdate[/move_group/feedback] -> http://127.0.0.1:33631/ ['http://127.0.0.1:39653/']
[rosmaster.master][INFO] 2025-11-19 08:28:53,194: publisherUpdate[/move_group/feedback] -> http://127.0.0.1:33631/ ['http://127.0.0.1:39653/']: sec=0.00, result=[1, '', 0]
[rosmaster.master][INFO] 2025-11-19 08:28:53,195: publisherUpdate[/move_group/status] -> http://127.0.0.1:33631/ ['http://127.0.0.1:39653/']
[rosmaster.master][INFO] 2025-11-19 08:28:53,199: publisherUpdate[/move_group/status] -> http://127.0.0.1:33631/ ['http://127.0.0.1:39653/']: sec=0.00, result=[1, '', 0]
[rosmaster.master][INFO] 2025-11-19 08:28:53,651: +SUB [/pickup/status] /play_motion http://127.0.0.1:33631/
[rosmaster.master][INFO] 2025-11-19 08:28:53,669: +SUB [/pickup/feedback] /play_motion http://127.0.0.1:33631/
[rosmaster.master][INFO] 2025-11-19 08:28:53,681: +SUB [/pickup/result] /play_motion http://127.0.0.1:33631/
[rosmaster.master][INFO] 2025-11-19 08:28:53,684: +PUB [/pickup/goal] /play_motion http://127.0.0.1:33631/
[rosmaster.master][INFO] 2025-11-19 08:28:53,685: publisherUpdate[/pickup/goal] -> http://127.0.0.1:39653/ ['http://127.0.0.1:33631/']
[rosmaster.master][INFO] 2025-11-19 08:28:53,691: +PUB [/pickup/cancel] /play_motion http://127.0.0.1:33631/
[rosmaster.master][INFO] 2025-11-19 08:28:53,861: publisherUpdate[/pickup/goal] -> http://127.0.0.1:39653/ ['http://127.0.0.1:33631/']: sec=0.17, result=[1, '', 0]
[rosmaster.master][INFO] 2025-11-19 08:28:53,861: publisherUpdate[/pickup/cancel] -> http://127.0.0.1:39653/ ['http://127.0.0.1:33631/']
[rosmaster.master][INFO] 2025-11-19 08:28:53,958: publisherUpdate[/pickup/cancel] -> http://127.0.0.1:39653/ ['http://127.0.0.1:33631/']: sec=0.10, result=[1, '', 0]
[rosmaster.master][INFO] 2025-11-19 08:28:54,188: +SUB [/place/status] /play_motion http://127.0.0.1:33631/
[rosmaster.master][INFO] 2025-11-19 08:28:54,203: +SUB [/place/feedback] /play_motion http://127.0.0.1:33631/
[rosmaster.master][INFO] 2025-11-19 08:28:54,225: +SUB [/place/result] /play_motion http://127.0.0.1:33631/
[rosmaster.master][INFO] 2025-11-19 08:28:54,228: +PUB [/place/goal] /play_motion http://127.0.0.1:33631/
[rosmaster.master][INFO] 2025-11-19 08:28:54,231: +PUB [/place/cancel] /play_motion http://127.0.0.1:33631/
[rosmaster.master][INFO] 2025-11-19 08:28:54,261: publisherUpdate[/place/goal] -> http://127.0.0.1:39653/ ['http://127.0.0.1:33631/']
[rosmaster.master][INFO] 2025-11-19 08:28:54,391: publisherUpdate[/place/goal] -> http://127.0.0.1:39653/ ['http://127.0.0.1:33631/']: sec=0.12, result=[1, '', 0]
[rosmaster.master][INFO] 2025-11-19 08:28:54,391: publisherUpdate[/place/cancel] -> http://127.0.0.1:39653/ ['http://127.0.0.1:33631/']
[rosmaster.master][INFO] 2025-11-19 08:28:54,502: publisherUpdate[/place/cancel] -> http://127.0.0.1:39653/ ['http://127.0.0.1:33631/']: sec=0.11, result=[1, '', 0]
[rosmaster.master][INFO] 2025-11-19 08:28:54,730: +SUB [/execute_trajectory/status] /play_motion http://127.0.0.1:33631/
[rosmaster.master][INFO] 2025-11-19 08:28:54,746: +SUB [/execute_trajectory/feedback] /play_motion http://127.0.0.1:33631/
[rosmaster.master][INFO] 2025-11-19 08:28:54,757: +SUB [/execute_trajectory/result] /play_motion http://127.0.0.1:33631/
[rosmaster.master][INFO] 2025-11-19 08:28:54,760: +PUB [/execute_trajectory/goal] /play_motion http://127.0.0.1:33631/
[rosmaster.master][INFO] 2025-11-19 08:28:54,764: +PUB [/execute_trajectory/cancel] /play_motion http://127.0.0.1:33631/
[rosmaster.master][INFO] 2025-11-19 08:28:54,805: publisherUpdate[/execute_trajectory/goal] -> http://127.0.0.1:39653/ ['http://127.0.0.1:33631/']
[rosmaster.master][INFO] 2025-11-19 08:28:54,935: publisherUpdate[/execute_trajectory/goal] -> http://127.0.0.1:39653/ ['http://127.0.0.1:33631/']: sec=0.13, result=[1, '', 0]
[rosmaster.master][INFO] 2025-11-19 08:28:54,936: publisherUpdate[/execute_trajectory/cancel] -> http://127.0.0.1:39653/ ['http://127.0.0.1:33631/']
[rosmaster.master][INFO] 2025-11-19 08:28:55,054: publisherUpdate[/execute_trajectory/cancel] -> http://127.0.0.1:39653/ ['http://127.0.0.1:33631/']: sec=0.12, result=[1, '', 0]
[rosmaster.master][INFO] 2025-11-19 08:28:59,525: +PUB [/play_motion/result] /play_motion http://127.0.0.1:33631/
[rosmaster.master][INFO] 2025-11-19 08:28:59,540: +PUB [/play_motion/feedback] /play_motion http://127.0.0.1:33631/
[rosmaster.master][INFO] 2025-11-19 08:28:59,547: +PUB [/play_motion/status] /play_motion http://127.0.0.1:33631/
[rosmaster.master][INFO] 2025-11-19 08:28:59,560: publisherUpdate[/play_motion/result] -> http://127.0.0.1:35179/ ['http://127.0.0.1:33631/']
[rosmaster.master][INFO] 2025-11-19 08:28:59,585: publisherUpdate[/play_motion/result] -> http://127.0.0.1:35179/ ['http://127.0.0.1:33631/']: sec=0.02, result=[1, '', 0]
[rosmaster.master][INFO] 2025-11-19 08:28:59,585: publisherUpdate[/play_motion/feedback] -> http://127.0.0.1:35179/ ['http://127.0.0.1:33631/']
[rosmaster.master][INFO] 2025-11-19 08:28:59,597: +SUB [/play_motion/goal] /play_motion http://127.0.0.1:33631/
[rosmaster.master][INFO] 2025-11-19 08:28:59,614: publisherUpdate[/play_motion/feedback] -> http://127.0.0.1:35179/ ['http://127.0.0.1:33631/']: sec=0.03, result=[1, '', 0]
[rosmaster.master][INFO] 2025-11-19 08:28:59,622: publisherUpdate[/play_motion/status] -> http://127.0.0.1:35179/ ['http://127.0.0.1:33631/']
[rosmaster.master][INFO] 2025-11-19 08:28:59,640: publisherUpdate[/play_motion/status] -> http://127.0.0.1:35179/ ['http://127.0.0.1:33631/']: sec=0.02, result=[1, '', 0]
[rosmaster.master][INFO] 2025-11-19 08:28:59,646: +SUB [/play_motion/cancel] /play_motion http://127.0.0.1:33631/
[rosmaster.master][INFO] 2025-11-19 08:28:59,650: +SERVICE [/play_motion/list_motions] /play_motion http://127.0.0.1:33631/
[rosmaster.master][INFO] 2025-11-19 08:28:59,656: +PUB [/diagnostics] /play_motion http://127.0.0.1:33631/
[rosmaster.master][INFO] 2025-11-19 08:28:59,682: +SUB [/arm_controller/follow_joint_trajectory/status] /play_motion http://127.0.0.1:33631/
[rosmaster.master][INFO] 2025-11-19 08:28:59,707: +SUB [/arm_controller/follow_joint_trajectory/feedback] /play_motion http://127.0.0.1:33631/
[rosmaster.master][INFO] 2025-11-19 08:28:59,725: +SUB [/arm_controller/follow_joint_trajectory/result] /play_motion http://127.0.0.1:33631/
[rosmaster.master][INFO] 2025-11-19 08:28:59,730: +PUB [/arm_controller/follow_joint_trajectory/goal] /play_motion http://127.0.0.1:33631/
[rosmaster.master][INFO] 2025-11-19 08:28:59,736: +PUB [/arm_controller/follow_joint_trajectory/cancel] /play_motion http://127.0.0.1:33631/
[rosmaster.master][INFO] 2025-11-19 08:28:59,744: publisherUpdate[/arm_controller/follow_joint_trajectory/goal] -> http://127.0.0.1:35475/ ['http://127.0.0.1:39653/', 'http://127.0.0.1:33631/']
[rosmaster.master][INFO] 2025-11-19 08:28:59,780: +SUB [/gripper_controller/follow_joint_trajectory/status] /play_motion http://127.0.0.1:33631/
[rosmaster.master][INFO] 2025-11-19 08:28:59,797: +SUB [/gripper_controller/follow_joint_trajectory/feedback] /play_motion http://127.0.0.1:33631/
[rosmaster.master][INFO] 2025-11-19 08:28:59,830: +SUB [/gripper_controller/follow_joint_trajectory/result] /play_motion http://127.0.0.1:33631/
[rosmaster.master][INFO] 2025-11-19 08:28:59,853: +PUB [/gripper_controller/follow_joint_trajectory/goal] /play_motion http://127.0.0.1:33631/
[rosmaster.master][INFO] 2025-11-19 08:28:59,862: +PUB [/gripper_controller/follow_joint_trajectory/cancel] /play_motion http://127.0.0.1:33631/
[rosmaster.master][INFO] 2025-11-19 08:28:59,905: +SUB [/head_controller/follow_joint_trajectory/status] /play_motion http://127.0.0.1:33631/
[rosmaster.master][INFO] 2025-11-19 08:28:59,951: +SUB [/head_controller/follow_joint_trajectory/feedback] /play_motion http://127.0.0.1:33631/
[rosmaster.master][INFO] 2025-11-19 08:28:59,964: publisherUpdate[/arm_controller/follow_joint_trajectory/goal] -> http://127.0.0.1:35475/ ['http://127.0.0.1:39653/', 'http://127.0.0.1:33631/']: sec=0.21, result=[1, '', 0]
[rosmaster.master][INFO] 2025-11-19 08:28:59,965: publisherUpdate[/arm_controller/follow_joint_trajectory/cancel] -> http://127.0.0.1:35475/ ['http://127.0.0.1:39653/', 'http://127.0.0.1:33631/']
[rosmaster.master][INFO] 2025-11-19 08:29:00,001: +SUB [/head_controller/follow_joint_trajectory/result] /play_motion http://127.0.0.1:33631/
[rosmaster.master][INFO] 2025-11-19 08:29:00,004: +PUB [/head_controller/follow_joint_trajectory/goal] /play_motion http://127.0.0.1:33631/
[rosmaster.master][INFO] 2025-11-19 08:29:00,009: +PUB [/head_controller/follow_joint_trajectory/cancel] /play_motion http://127.0.0.1:33631/
[rosmaster.master][INFO] 2025-11-19 08:29:00,024: +SUB [/torso_controller/follow_joint_trajectory/status] /play_motion http://127.0.0.1:33631/
[rosmaster.master][INFO] 2025-11-19 08:29:00,045: +SUB [/torso_controller/follow_joint_trajectory/feedback] /play_motion http://127.0.0.1:33631/
[rosmaster.master][INFO] 2025-11-19 08:29:00,060: +SUB [/torso_controller/follow_joint_trajectory/result] /play_motion http://127.0.0.1:33631/
[rosmaster.master][INFO] 2025-11-19 08:29:00,068: +PUB [/torso_controller/follow_joint_trajectory/goal] /play_motion http://127.0.0.1:33631/
[rosmaster.master][INFO] 2025-11-19 08:29:00,071: +CACHEDPARAM [/rosout_disable_topics_generation] by /tuck_arm
[rosmaster.master][INFO] 2025-11-19 08:29:00,072: +PUB [/torso_controller/follow_joint_trajectory/cancel] /play_motion http://127.0.0.1:33631/
[rosmaster.master][INFO] 2025-11-19 08:29:00,098: +SUB [/joint_states] /tuck_arm http://127.0.0.1:35179/
[rosmaster.master][INFO] 2025-11-19 08:29:00,185: publisherUpdate[/arm_controller/follow_joint_trajectory/cancel] -> http://127.0.0.1:35475/ ['http://127.0.0.1:39653/', 'http://127.0.0.1:33631/']: sec=0.22, result=[1, '', 0]
[rosmaster.master][INFO] 2025-11-19 08:29:00,186: publisherUpdate[/gripper_controller/follow_joint_trajectory/goal] -> http://127.0.0.1:35475/ ['http://127.0.0.1:44653/', 'http://127.0.0.1:39653/', 'http://127.0.0.1:33631/']
[rosmaster.master][INFO] 2025-11-19 08:29:00,428: publisherUpdate[/gripper_controller/follow_joint_trajectory/goal] -> http://127.0.0.1:35475/ ['http://127.0.0.1:44653/', 'http://127.0.0.1:39653/', 'http://127.0.0.1:33631/']: sec=0.24, result=[1, '', 0]
[rosmaster.master][INFO] 2025-11-19 08:29:00,428: publisherUpdate[/gripper_controller/follow_joint_trajectory/cancel] -> http://127.0.0.1:35475/ ['http://127.0.0.1:44653/', 'http://127.0.0.1:39653/', 'http://127.0.0.1:33631/']
[rosmaster.master][INFO] 2025-11-19 08:29:00,674: publisherUpdate[/gripper_controller/follow_joint_trajectory/cancel] -> http://127.0.0.1:35475/ ['http://127.0.0.1:44653/', 'http://127.0.0.1:39653/', 'http://127.0.0.1:33631/']: sec=0.24, result=[1, '', 0]
[rosmaster.master][INFO] 2025-11-19 08:29:00,681: publisherUpdate[/head_controller/follow_joint_trajectory/goal] -> http://127.0.0.1:35475/ ['http://127.0.0.1:39653/', 'http://127.0.0.1:33631/']
[rosmaster.master][INFO] 2025-11-19 08:29:00,924: publisherUpdate[/head_controller/follow_joint_trajectory/goal] -> http://127.0.0.1:35475/ ['http://127.0.0.1:39653/', 'http://127.0.0.1:33631/']: sec=0.24, result=[1, '', 0]
[rosmaster.master][INFO] 2025-11-19 08:29:00,925: publisherUpdate[/head_controller/follow_joint_trajectory/cancel] -> http://127.0.0.1:35475/ ['http://127.0.0.1:39653/', 'http://127.0.0.1:33631/']
[rosmaster.master][INFO] 2025-11-19 08:29:00,935: publisherUpdate[/head_controller/follow_joint_trajectory/cancel] -> http://127.0.0.1:35475/ ['http://127.0.0.1:39653/', 'http://127.0.0.1:33631/']: sec=0.01, result=[1, '', 0]
[rosmaster.master][INFO] 2025-11-19 08:29:00,936: publisherUpdate[/torso_controller/follow_joint_trajectory/goal] -> http://127.0.0.1:35475/ ['http://127.0.0.1:39653/', 'http://127.0.0.1:33631/']
[rosmaster.master][INFO] 2025-11-19 08:29:00,940: publisherUpdate[/torso_controller/follow_joint_trajectory/goal] -> http://127.0.0.1:35475/ ['http://127.0.0.1:39653/', 'http://127.0.0.1:33631/']: sec=0.00, result=[1, '', 0]
[rosmaster.master][INFO] 2025-11-19 08:29:00,942: publisherUpdate[/torso_controller/follow_joint_trajectory/cancel] -> http://127.0.0.1:35475/ ['http://127.0.0.1:39653/', 'http://127.0.0.1:33631/']
[rosmaster.master][INFO] 2025-11-19 08:29:00,947: publisherUpdate[/torso_controller/follow_joint_trajectory/cancel] -> http://127.0.0.1:35475/ ['http://127.0.0.1:39653/', 'http://127.0.0.1:33631/']: sec=0.00, result=[1, '', 0]
[rosmaster.master][INFO] 2025-11-19 08:29:01,016: -SUB [/joint_states] /tuck_arm http://127.0.0.1:35179/
[rosmaster.master][INFO] 2025-11-19 08:29:02,432: +CACHEDPARAM [/rosout_disable_topics_generation] by /home_gripper
[rosmaster.master][INFO] 2025-11-19 08:29:02,467: -SUB [/clock] /home_gripper http://127.0.0.1:44653/
[rosmaster.master][INFO] 2025-11-19 08:29:02,468: -SUB [/gripper_controller/follow_joint_trajectory/status] /home_gripper http://127.0.0.1:44653/
[rosmaster.master][INFO] 2025-11-19 08:29:02,469: -SUB [/gripper_controller/follow_joint_trajectory/result] /home_gripper http://127.0.0.1:44653/
[rosmaster.master][INFO] 2025-11-19 08:29:02,469: -SUB [/gripper_controller/follow_joint_trajectory/feedback] /home_gripper http://127.0.0.1:44653/
[rosmaster.master][INFO] 2025-11-19 08:29:02,470: -PUB [/rosout] /home_gripper http://127.0.0.1:44653/
[rosmaster.master][INFO] 2025-11-19 08:29:02,471: -PUB [/gripper_controller/follow_joint_trajectory/goal] /home_gripper http://127.0.0.1:44653/
[rosmaster.master][INFO] 2025-11-19 08:29:02,471: -PUB [/gripper_controller/follow_joint_trajectory/cancel] /home_gripper http://127.0.0.1:44653/
[rosmaster.master][INFO] 2025-11-19 08:29:02,472: -SERVICE [/home_gripper/get_loggers] /home_gripper rosrpc://127.0.0.1:41731
[rosmaster.master][INFO] 2025-11-19 08:29:02,474: -SERVICE [/home_gripper/set_logger_level] /home_gripper rosrpc://127.0.0.1:41731
[rosmaster.master][INFO] 2025-11-19 08:29:02,497: publisherUpdate[/rosout] -> http://127.0.0.1:38733/ ['http://127.0.0.1:40699/', 'http://127.0.0.1:33631/', 'http://127.0.0.1:39653/', 'http://127.0.0.1:44159/', 'http://127.0.0.1:42129/', 'http://127.0.0.1:32845/', 'http://127.0.0.1:39189/', 'http://127.0.0.1:41425/', 'http://127.0.0.1:43263/', 'http://127.0.0.1:34729/', 'http://127.0.0.1:35139/', 'http://127.0.0.1:42561/', 'http://127.0.0.1:35475/', 'http://127.0.0.1:35179/', 'http://127.0.0.1:38645/', 'http://127.0.0.1:46399/', 'http://127.0.0.1:33261/', 'http://127.0.0.1:34681/', 'http://127.0.0.1:32799/']
[rosmaster.master][INFO] 2025-11-19 08:29:02,504: publisherUpdate[/rosout] -> http://127.0.0.1:38733/ ['http://127.0.0.1:40699/', 'http://127.0.0.1:33631/', 'http://127.0.0.1:39653/', 'http://127.0.0.1:44159/', 'http://127.0.0.1:42129/', 'http://127.0.0.1:32845/', 'http://127.0.0.1:39189/', 'http://127.0.0.1:41425/', 'http://127.0.0.1:43263/', 'http://127.0.0.1:34729/', 'http://127.0.0.1:35139/', 'http://127.0.0.1:42561/', 'http://127.0.0.1:35475/', 'http://127.0.0.1:35179/', 'http://127.0.0.1:38645/', 'http://127.0.0.1:46399/', 'http://127.0.0.1:33261/', 'http://127.0.0.1:34681/', 'http://127.0.0.1:32799/']: sec=0.01, result=[1, '', 0]
[rosmaster.master][INFO] 2025-11-19 08:29:02,504: publisherUpdate[/gripper_controller/follow_joint_trajectory/goal] -> http://127.0.0.1:35475/ ['http://127.0.0.1:39653/', 'http://127.0.0.1:33631/']
[rosmaster.master][INFO] 2025-11-19 08:29:02,513: publisherUpdate[/gripper_controller/follow_joint_trajectory/goal] -> http://127.0.0.1:35475/ ['http://127.0.0.1:39653/', 'http://127.0.0.1:33631/']: sec=0.01, result=[1, '', 0]
[rosmaster.master][INFO] 2025-11-19 08:29:02,515: publisherUpdate[/gripper_controller/follow_joint_trajectory/cancel] -> http://127.0.0.1:35475/ ['http://127.0.0.1:39653/', 'http://127.0.0.1:33631/']
[rosmaster.master][INFO] 2025-11-19 08:29:02,525: publisherUpdate[/gripper_controller/follow_joint_trajectory/cancel] -> http://127.0.0.1:35475/ ['http://127.0.0.1:39653/', 'http://127.0.0.1:33631/']: sec=0.01, result=[1, '', 0]
[rosmaster.master][INFO] 2025-11-19 08:29:11,612: +CACHEDPARAM [/rosout_disable_topics_generation] by /tuck_arm
[rosmaster.master][INFO] 2025-11-19 08:29:11,623: +CACHEDPARAM [/play_motion/motions/home] by /play_motion
[rosmaster.master][INFO] 2025-11-19 08:29:50,672: +CACHEDPARAM [/rosout_disable_topics_generation] by /tuck_arm
[rosmaster.master][INFO] 2025-11-19 08:29:50,703: -SUB [/clock] /tuck_arm http://127.0.0.1:35179/
[rosmaster.master][INFO] 2025-11-19 08:29:50,704: -SUB [/play_motion/status] /tuck_arm http://127.0.0.1:35179/
[rosmaster.master][INFO] 2025-11-19 08:29:50,704: -SUB [/play_motion/result] /tuck_arm http://127.0.0.1:35179/
[rosmaster.master][INFO] 2025-11-19 08:29:50,705: -SUB [/play_motion/feedback] /tuck_arm http://127.0.0.1:35179/
[rosmaster.master][INFO] 2025-11-19 08:29:50,705: -PUB [/rosout] /tuck_arm http://127.0.0.1:35179/
[rosmaster.master][INFO] 2025-11-19 08:29:50,711: -PUB [/play_motion/goal] /tuck_arm http://127.0.0.1:35179/
[rosmaster.master][INFO] 2025-11-19 08:29:50,712: -PUB [/play_motion/cancel] /tuck_arm http://127.0.0.1:35179/
[rosmaster.master][INFO] 2025-11-19 08:29:50,712: -SERVICE [/tuck_arm/get_loggers] /tuck_arm rosrpc://127.0.0.1:34513
[rosmaster.master][INFO] 2025-11-19 08:29:50,713: -SERVICE [/tuck_arm/set_logger_level] /tuck_arm rosrpc://127.0.0.1:34513
[rosmaster.master][INFO] 2025-11-19 08:29:50,763: publisherUpdate[/rosout] -> http://127.0.0.1:38733/ ['http://127.0.0.1:40699/', 'http://127.0.0.1:33631/', 'http://127.0.0.1:39653/', 'http://127.0.0.1:44159/', 'http://127.0.0.1:42129/', 'http://127.0.0.1:32845/', 'http://127.0.0.1:39189/', 'http://127.0.0.1:41425/', 'http://127.0.0.1:43263/', 'http://127.0.0.1:34729/', 'http://127.0.0.1:35139/', 'http://127.0.0.1:42561/', 'http://127.0.0.1:35475/', 'http://127.0.0.1:38645/', 'http://127.0.0.1:46399/', 'http://127.0.0.1:33261/', 'http://127.0.0.1:34681/', 'http://127.0.0.1:32799/']
[rosmaster.master][INFO] 2025-11-19 08:29:50,763: publisherUpdate[/play_motion/goal] -> http://127.0.0.1:33631/ []
[rosmaster.master][INFO] 2025-11-19 08:29:50,772: publisherUpdate[/rosout] -> http://127.0.0.1:38733/ ['http://127.0.0.1:40699/', 'http://127.0.0.1:33631/', 'http://127.0.0.1:39653/', 'http://127.0.0.1:44159/', 'http://127.0.0.1:42129/', 'http://127.0.0.1:32845/', 'http://127.0.0.1:39189/', 'http://127.0.0.1:41425/', 'http://127.0.0.1:43263/', 'http://127.0.0.1:34729/', 'http://127.0.0.1:35139/', 'http://127.0.0.1:42561/', 'http://127.0.0.1:35475/', 'http://127.0.0.1:38645/', 'http://127.0.0.1:46399/', 'http://127.0.0.1:33261/', 'http://127.0.0.1:34681/', 'http://127.0.0.1:32799/']: sec=0.01, result=[1, '', 0]
[rosmaster.master][INFO] 2025-11-19 08:29:50,777: publisherUpdate[/play_motion/goal] -> http://127.0.0.1:33631/ []: sec=0.01, result=[1, '', 0]
[rosmaster.master][INFO] 2025-11-19 08:29:50,778: publisherUpdate[/play_motion/cancel] -> http://127.0.0.1:33631/ []
[rosmaster.master][INFO] 2025-11-19 08:29:50,782: publisherUpdate[/play_motion/cancel] -> http://127.0.0.1:33631/ []: sec=0.00, result=[1, '', 0]
[rosmaster.master][INFO] 2025-11-19 08:38:20,513: -SUB [/clock] /dynamic_footprint_publisher http://127.0.0.1:42561/
[rosmaster.master][INFO] 2025-11-19 08:38:20,518: -SUB [/tf_stream/status] /dynamic_footprint_publisher http://127.0.0.1:42561/
[rosmaster.master][INFO] 2025-11-19 08:38:20,518: -SUB [/tf_stream/result] /dynamic_footprint_publisher http://127.0.0.1:42561/
[rosmaster.master][INFO] 2025-11-19 08:38:20,519: -SUB [/tf_stream/feedback] /dynamic_footprint_publisher http://127.0.0.1:42561/
[rosmaster.master][INFO] 2025-11-19 08:38:20,519: -SUB [/tfs_14625000000] /dynamic_footprint_publisher http://127.0.0.1:42561/
[rosmaster.master][INFO] 2025-11-19 08:38:20,520: -PUB [/rosout] /dynamic_footprint_publisher http://127.0.0.1:42561/
[rosmaster.master][INFO] 2025-11-19 08:38:20,520: -PUB [/tf_stream/goal] /dynamic_footprint_publisher http://127.0.0.1:42561/
[rosmaster.master][INFO] 2025-11-19 08:38:20,526: -PUB [/rosout] /xtion/rgb/image_proc http://127.0.0.1:34729/
[rosmaster.master][INFO] 2025-11-19 08:38:20,528: -PUB [/tf_stream/cancel] /dynamic_footprint_publisher http://127.0.0.1:42561/
[rosmaster.master][INFO] 2025-11-19 08:38:20,528: -PUB [/dynamic_footprint_publisher/footprint] /dynamic_footprint_publisher http://127.0.0.1:42561/
[rosmaster.master][INFO] 2025-11-19 08:38:20,529: -PUB [/dynamic_footprint_publisher/footprint_stamped] /dynamic_footprint_publisher http://127.0.0.1:42561/
[rosmaster.master][INFO] 2025-11-19 08:38:20,529: -SERVICE [/dynamic_footprint_publisher/get_loggers] /dynamic_footprint_publisher rosrpc://127.0.0.1:41631
[rosmaster.master][INFO] 2025-11-19 08:38:20,530: -SERVICE [/dynamic_footprint_publisher/set_logger_level] /dynamic_footprint_publisher rosrpc://127.0.0.1:41631
[rosmaster.master][INFO] 2025-11-19 08:38:20,530: -SERVICE [/dynamic_footprint_publisher/change_params] /dynamic_footprint_publisher rosrpc://127.0.0.1:41631
[rosmaster.master][INFO] 2025-11-19 08:38:20,570: -PUB [/rosout] /twist_mux http://127.0.0.1:39189/
[rosmaster.master][INFO] 2025-11-19 08:38:20,573: publisherUpdate[/rosout] -> http://127.0.0.1:38733/ ['http://127.0.0.1:40699/', 'http://127.0.0.1:33631/', 'http://127.0.0.1:39653/', 'http://127.0.0.1:44159/', 'http://127.0.0.1:42129/', 'http://127.0.0.1:32845/', 'http://127.0.0.1:39189/', 'http://127.0.0.1:41425/', 'http://127.0.0.1:43263/', 'http://127.0.0.1:34729/', 'http://127.0.0.1:35139/', 'http://127.0.0.1:35475/', 'http://127.0.0.1:38645/', 'http://127.0.0.1:46399/', 'http://127.0.0.1:33261/', 'http://127.0.0.1:34681/', 'http://127.0.0.1:32799/']
[rosmaster.master][INFO] 2025-11-19 08:38:20,583: -PUB [/rosout] /throttle_filtering_points http://127.0.0.1:43263/
[rosmaster.master][INFO] 2025-11-19 08:38:20,592: publisherUpdate[/tf_stream/goal] -> http://127.0.0.1:42129/ []
[rosmaster.master][INFO] 2025-11-19 08:38:20,593: -PUB [/rosout] /move_group http://127.0.0.1:39653/
[rosmaster.master][INFO] 2025-11-19 08:38:20,614: -PUB [/xtion/rgb/image_proc_debayer/parameter_descriptions] /xtion/rgb/image_proc http://127.0.0.1:34729/
[rosmaster.master][INFO] 2025-11-19 08:38:20,632: publisherUpdate[/rosout] -> http://127.0.0.1:38733/ ['http://127.0.0.1:40699/', 'http://127.0.0.1:33631/', 'http://127.0.0.1:39653/', 'http://127.0.0.1:44159/', 'http://127.0.0.1:42129/', 'http://127.0.0.1:32845/', 'http://127.0.0.1:39189/', 'http://127.0.0.1:41425/', 'http://127.0.0.1:43263/', 'http://127.0.0.1:34729/', 'http://127.0.0.1:35139/', 'http://127.0.0.1:35475/', 'http://127.0.0.1:38645/', 'http://127.0.0.1:46399/', 'http://127.0.0.1:33261/', 'http://127.0.0.1:34681/', 'http://127.0.0.1:32799/']: sec=0.05, result=[1, '', 0]
[rosmaster.master][INFO] 2025-11-19 08:38:20,654: publisherUpdate[/rosout] -> http://127.0.0.1:38733/ ['http://127.0.0.1:40699/', 'http://127.0.0.1:33631/', 'http://127.0.0.1:39653/', 'http://127.0.0.1:44159/', 'http://127.0.0.1:42129/', 'http://127.0.0.1:32845/', 'http://127.0.0.1:39189/', 'http://127.0.0.1:41425/', 'http://127.0.0.1:43263/', 'http://127.0.0.1:35139/', 'http://127.0.0.1:35475/', 'http://127.0.0.1:38645/', 'http://127.0.0.1:46399/', 'http://127.0.0.1:33261/', 'http://127.0.0.1:34681/', 'http://127.0.0.1:32799/']
[rosmaster.master][INFO] 2025-11-19 08:38:20,653: -PUB [/throttle_filtering_points/parameter_descriptions] /throttle_filtering_points http://127.0.0.1:43263/
[rosmaster.master][INFO] 2025-11-19 08:38:20,647: publisherUpdate[/tf_stream/goal] -> http://127.0.0.1:42129/ []: sec=0.04, result=[0, 'Error getting transform from arm_1_link to base_footprint at time: 0.000000000 : canTransform: source_frame arm_1_link does not exist.', 0]
[rosmaster.master][INFO] 2025-11-19 08:38:20,683: publisherUpdate[/tf_stream/cancel] -> http://127.0.0.1:42129/ []
[rosmaster.master][INFO] 2025-11-19 08:38:20,677: publisherUpdate[/rosout] -> http://127.0.0.1:38733/ ['http://127.0.0.1:40699/', 'http://127.0.0.1:33631/', 'http://127.0.0.1:39653/', 'http://127.0.0.1:44159/', 'http://127.0.0.1:42129/', 'http://127.0.0.1:32845/', 'http://127.0.0.1:39189/', 'http://127.0.0.1:41425/', 'http://127.0.0.1:43263/', 'http://127.0.0.1:35139/', 'http://127.0.0.1:35475/', 'http://127.0.0.1:38645/', 'http://127.0.0.1:46399/', 'http://127.0.0.1:33261/', 'http://127.0.0.1:34681/', 'http://127.0.0.1:32799/']: sec=0.01, result=[1, '', 0]
[rosmaster.master][INFO] 2025-11-19 08:38:20,685: publisherUpdate[/rosout] -> http://127.0.0.1:38733/ ['http://127.0.0.1:40699/', 'http://127.0.0.1:33631/', 'http://127.0.0.1:39653/', 'http://127.0.0.1:44159/', 'http://127.0.0.1:42129/', 'http://127.0.0.1:32845/', 'http://127.0.0.1:41425/', 'http://127.0.0.1:43263/', 'http://127.0.0.1:35139/', 'http://127.0.0.1:35475/', 'http://127.0.0.1:38645/', 'http://127.0.0.1:46399/', 'http://127.0.0.1:33261/', 'http://127.0.0.1:34681/', 'http://127.0.0.1:32799/']
[rosmaster.master][INFO] 2025-11-19 08:38:20,680: -PUB [/rosout] /image_raw_to_rect_color_relay http://127.0.0.1:41425/
[rosmaster.master][INFO] 2025-11-19 08:38:20,691: -PUB [/rosout] /twist_marker http://127.0.0.1:32845/
[rosmaster.master][INFO] 2025-11-19 08:38:20,692: -PUB [/mobile_base_controller/cmd_vel] /twist_mux http://127.0.0.1:39189/
[rosmaster.master][INFO] 2025-11-19 08:38:20,696: -PUB [/move_group/planning_scene_monitor/parameter_descriptions] /move_group http://127.0.0.1:39653/
[rosmaster.master][INFO] 2025-11-19 08:38:20,698: -PUB [/diagnostics] /twist_mux http://127.0.0.1:39189/
[rosmaster.master][INFO] 2025-11-19 08:38:20,687: publisherUpdate[/tf_stream/cancel] -> http://127.0.0.1:42129/ []: sec=0.00, result=[0, 'Error getting transform from arm_1_link to base_footprint at time: 0.000000000 : canTransform: source_frame arm_1_link does not exist.', 0]
[rosmaster.master][INFO] 2025-11-19 08:38:20,700: publisherUpdate[/mobile_base_controller/cmd_vel] -> http://127.0.0.1:32845/ []
[rosmaster.master][INFO] 2025-11-19 08:38:20,702: -PUB [/xtion/rgb/image_proc_debayer/parameter_updates] /xtion/rgb/image_proc http://127.0.0.1:34729/
[rosmaster.master][INFO] 2025-11-19 08:38:20,711: publisherUpdate[/mobile_base_controller/cmd_vel] -> http://127.0.0.1:32845/ []: sec=0.01, exception=<Fault -1: 'publisherUpdate: unknown method name'>
[rosmaster.master][INFO] 2025-11-19 08:38:20,703: publisherUpdate[/rosout] -> http://127.0.0.1:38733/ ['http://127.0.0.1:40699/', 'http://127.0.0.1:33631/', 'http://127.0.0.1:39653/', 'http://127.0.0.1:44159/', 'http://127.0.0.1:42129/', 'http://127.0.0.1:32845/', 'http://127.0.0.1:41425/', 'http://127.0.0.1:43263/', 'http://127.0.0.1:35139/', 'http://127.0.0.1:35475/', 'http://127.0.0.1:38645/', 'http://127.0.0.1:46399/', 'http://127.0.0.1:33261/', 'http://127.0.0.1:34681/', 'http://127.0.0.1:32799/']: sec=0.02, result=[1, '', 0]
[rosmaster.master][INFO] 2025-11-19 08:38:20,717: publisherUpdate[/rosout] -> http://127.0.0.1:38733/ ['http://127.0.0.1:40699/', 'http://127.0.0.1:33631/', 'http://127.0.0.1:39653/', 'http://127.0.0.1:44159/', 'http://127.0.0.1:42129/', 'http://127.0.0.1:32845/', 'http://127.0.0.1:41425/', 'http://127.0.0.1:35139/', 'http://127.0.0.1:35475/', 'http://127.0.0.1:38645/', 'http://127.0.0.1:46399/', 'http://127.0.0.1:33261/', 'http://127.0.0.1:34681/', 'http://127.0.0.1:32799/']
[rosmaster.master][INFO] 2025-11-19 08:38:20,715: -PUB [/throttle_filtering_points/parameter_updates] /throttle_filtering_points http://127.0.0.1:43263/
[rosmaster.master][INFO] 2025-11-19 08:38:20,726: -PUB [/rosout] /robot_state_publisher http://127.0.0.1:44159/
[rosmaster.threadpool][ERROR] 2025-11-19 08:38:20,722: Traceback (most recent call last):
  File "/opt/ros/noetic/lib/python3/dist-packages/rosmaster/threadpool.py", line 218, in run
    result = cmd(*args)
  File "/opt/ros/noetic/lib/python3/dist-packages/rosmaster/master_api.py", line 210, in publisher_update_task
    ret = xmlrpcapi(api).publisherUpdate('/master', topic, pub_uris)
  File "/usr/lib/python3.8/xmlrpc/client.py", line 1109, in __call__
    return self.__send(self.__name, args)
  File "/usr/lib/python3.8/xmlrpc/client.py", line 1450, in __request
    response = self.__transport.request(
  File "/usr/lib/python3.8/xmlrpc/client.py", line 1153, in request
    return self.single_request(host, handler, request_body, verbose)
  File "/usr/lib/python3.8/xmlrpc/client.py", line 1169, in single_request
    return self.parse_response(resp)
  File "/usr/lib/python3.8/xmlrpc/client.py", line 1341, in parse_response
    return u.close()
  File "/usr/lib/python3.8/xmlrpc/client.py", line 655, in close
    raise Fault(**self._stack[0])
xmlrpc.client.Fault: <Fault -1: 'publisherUpdate: unknown method name'>

[rosmaster.master][INFO] 2025-11-19 08:38:20,729: publisherUpdate[/mobile_base_controller/cmd_vel] -> http://127.0.0.1:35475/ []
[rosmaster.master][INFO] 2025-11-19 08:38:20,731: publisherUpdate[/rosout] -> http://127.0.0.1:38733/ ['http://127.0.0.1:40699/', 'http://127.0.0.1:33631/', 'http://127.0.0.1:39653/', 'http://127.0.0.1:44159/', 'http://127.0.0.1:42129/', 'http://127.0.0.1:32845/', 'http://127.0.0.1:41425/', 'http://127.0.0.1:35139/', 'http://127.0.0.1:35475/', 'http://127.0.0.1:38645/', 'http://127.0.0.1:46399/', 'http://127.0.0.1:33261/', 'http://127.0.0.1:34681/', 'http://127.0.0.1:32799/']: sec=0.01, result=[1, '', 0]
[rosmaster.master][INFO] 2025-11-19 08:38:20,743: publisherUpdate[/rosout] -> http://127.0.0.1:38733/ ['http://127.0.0.1:40699/', 'http://127.0.0.1:33631/', 'http://127.0.0.1:44159/', 'http://127.0.0.1:42129/', 'http://127.0.0.1:32845/', 'http://127.0.0.1:41425/', 'http://127.0.0.1:35139/', 'http://127.0.0.1:35475/', 'http://127.0.0.1:38645/', 'http://127.0.0.1:46399/', 'http://127.0.0.1:33261/', 'http://127.0.0.1:34681/', 'http://127.0.0.1:32799/']
[rosmaster.master][INFO] 2025-11-19 08:38:20,742: publisherUpdate[/mobile_base_controller/cmd_vel] -> http://127.0.0.1:35475/ []: sec=0.01, result=[1, '', 0]
[rosmaster.master][INFO] 2025-11-19 08:38:20,732: -PUB [/xtion/rgb/image_rect_color] /image_raw_to_rect_color_relay http://127.0.0.1:41425/
[rosmaster.master][INFO] 2025-11-19 08:38:20,747: -PUB [/twist_marker] /twist_marker http://127.0.0.1:32845/
[rosmaster.master][INFO] 2025-11-19 08:38:20,749: -SUB [/clock] /twist_mux http://127.0.0.1:39189/
[rosmaster.master][INFO] 2025-11-19 08:38:20,754: publisherUpdate[/rosout] -> http://127.0.0.1:38733/ ['http://127.0.0.1:40699/', 'http://127.0.0.1:33631/', 'http://127.0.0.1:44159/', 'http://127.0.0.1:42129/', 'http://127.0.0.1:32845/', 'http://127.0.0.1:41425/', 'http://127.0.0.1:35139/', 'http://127.0.0.1:35475/', 'http://127.0.0.1:38645/', 'http://127.0.0.1:46399/', 'http://127.0.0.1:33261/', 'http://127.0.0.1:34681/', 'http://127.0.0.1:32799/']: sec=0.01, result=[1, '', 0]
[rosmaster.master][INFO] 2025-11-19 08:38:20,754: publisherUpdate[/rosout] -> http://127.0.0.1:38733/ ['http://127.0.0.1:40699/', 'http://127.0.0.1:33631/', 'http://127.0.0.1:44159/', 'http://127.0.0.1:42129/', 'http://127.0.0.1:32845/', 'http://127.0.0.1:35139/', 'http://127.0.0.1:35475/', 'http://127.0.0.1:38645/', 'http://127.0.0.1:46399/', 'http://127.0.0.1:33261/', 'http://127.0.0.1:34681/', 'http://127.0.0.1:32799/']
[rosmaster.master][INFO] 2025-11-19 08:38:20,762: -PUB [/xtion/rgb/image_mono/compressedDepth] /xtion/rgb/image_proc http://127.0.0.1:34729/
[rosmaster.master][INFO] 2025-11-19 08:38:20,763: -SUB [/clock] /joystick_relay http://127.0.0.1:38645/
[rosmaster.master][INFO] 2025-11-19 08:38:20,770: -SUB [/input_joy/cmd_vel] /joystick_relay http://127.0.0.1:38645/
[rosmaster.master][INFO] 2025-11-19 08:38:20,780: -SUB [/joy_priority_action/goal] /joystick_relay http://127.0.0.1:38645/
[rosmaster.master][INFO] 2025-11-19 08:38:20,787: publisherUpdate[/rosout] -> http://127.0.0.1:38733/ ['http://127.0.0.1:40699/', 'http://127.0.0.1:33631/', 'http://127.0.0.1:44159/', 'http://127.0.0.1:42129/', 'http://127.0.0.1:32845/', 'http://127.0.0.1:35139/', 'http://127.0.0.1:35475/', 'http://127.0.0.1:38645/', 'http://127.0.0.1:46399/', 'http://127.0.0.1:33261/', 'http://127.0.0.1:34681/', 'http://127.0.0.1:32799/']: sec=0.03, result=[1, '', 0]
[rosmaster.master][INFO] 2025-11-19 08:38:20,791: publisherUpdate[/rosout] -> http://127.0.0.1:38733/ ['http://127.0.0.1:40699/', 'http://127.0.0.1:33631/', 'http://127.0.0.1:44159/', 'http://127.0.0.1:42129/', 'http://127.0.0.1:35139/', 'http://127.0.0.1:35475/', 'http://127.0.0.1:38645/', 'http://127.0.0.1:46399/', 'http://127.0.0.1:33261/', 'http://127.0.0.1:34681/', 'http://127.0.0.1:32799/']
[rosmaster.master][INFO] 2025-11-19 08:38:20,789: -SUB [/joy_priority_action/cancel] /joystick_relay http://127.0.0.1:38645/
[rosmaster.master][INFO] 2025-11-19 08:38:20,795: -SUB [/joy_turbo_increase/goal] /joystick_relay http://127.0.0.1:38645/
[rosmaster.master][INFO] 2025-11-19 08:38:20,800: -SUB [/joy_turbo_increase/cancel] /joystick_relay http://127.0.0.1:38645/
[rosmaster.master][INFO] 2025-11-19 08:38:20,810: -SUB [/joy_turbo_decrease/goal] /joystick_relay http://127.0.0.1:38645/
[rosmaster.master][INFO] 2025-11-19 08:38:20,808: publisherUpdate[/rosout] -> http://127.0.0.1:38733/ ['http://127.0.0.1:40699/', 'http://127.0.0.1:33631/', 'http://127.0.0.1:44159/', 'http://127.0.0.1:42129/', 'http://127.0.0.1:35139/', 'http://127.0.0.1:35475/', 'http://127.0.0.1:38645/', 'http://127.0.0.1:46399/', 'http://127.0.0.1:33261/', 'http://127.0.0.1:34681/', 'http://127.0.0.1:32799/']: sec=0.02, result=[1, '', 0]
[rosmaster.master][INFO] 2025-11-19 08:38:20,813: -SUB [/joy_turbo_decrease/cancel] /joystick_relay http://127.0.0.1:38645/
[rosmaster.master][INFO] 2025-11-19 08:38:20,815: publisherUpdate[/rosout] -> http://127.0.0.1:38733/ ['http://127.0.0.1:40699/', 'http://127.0.0.1:33631/', 'http://127.0.0.1:42129/', 'http://127.0.0.1:35139/', 'http://127.0.0.1:35475/', 'http://127.0.0.1:38645/', 'http://127.0.0.1:46399/', 'http://127.0.0.1:33261/', 'http://127.0.0.1:34681/', 'http://127.0.0.1:32799/']
[rosmaster.master][INFO] 2025-11-19 08:38:20,820: -PUB [/xtion/rgb/image_mono/compressedDepth/parameter_descriptions] /xtion/rgb/image_proc http://127.0.0.1:34729/
[rosmaster.master][INFO] 2025-11-19 08:38:20,820: -PUB [/tf] /robot_state_publisher http://127.0.0.1:44159/
[rosmaster.master][INFO] 2025-11-19 08:38:20,821: -PUB [/throttle_filtering_points/filtered_points] /throttle_filtering_points http://127.0.0.1:43263/
[rosmaster.master][INFO] 2025-11-19 08:38:20,823: -SUB [/clock] /image_raw_to_rect_color_relay http://127.0.0.1:41425/
[rosmaster.master][INFO] 2025-11-19 08:38:20,834: -PUB [/rosout] /tf_lookup http://127.0.0.1:42129/
[rosmaster.master][INFO] 2025-11-19 08:38:20,840: publisherUpdate[/tf] -> http://127.0.0.1:40699/ ['http://127.0.0.1:35475/']
[rosmaster.master][INFO] 2025-11-19 08:38:20,830: publisherUpdate[/rosout] -> http://127.0.0.1:38733/ ['http://127.0.0.1:40699/', 'http://127.0.0.1:33631/', 'http://127.0.0.1:42129/', 'http://127.0.0.1:35139/', 'http://127.0.0.1:35475/', 'http://127.0.0.1:38645/', 'http://127.0.0.1:46399/', 'http://127.0.0.1:33261/', 'http://127.0.0.1:34681/', 'http://127.0.0.1:32799/']: sec=0.01, result=[1, '', 0]
[rosmaster.master][INFO] 2025-11-19 08:38:20,843: publisherUpdate[/tf] -> http://127.0.0.1:33631/ ['http://127.0.0.1:35475/']
[rosmaster.master][INFO] 2025-11-19 08:38:20,846: -SUB [/nav_vel] /twist_mux http://127.0.0.1:39189/
[rosmaster.master][INFO] 2025-11-19 08:38:20,846: -PUB [/move_group/planning_scene_monitor/parameter_updates] /move_group http://127.0.0.1:39653/
[rosmaster.master][INFO] 2025-11-19 08:38:20,847: -SUB [/clock] /twist_marker http://127.0.0.1:32845/
[rosmaster.master][INFO] 2025-11-19 08:38:20,859: publisherUpdate[/tf] -> http://127.0.0.1:33631/ ['http://127.0.0.1:35475/']: sec=0.02, result=[1, '', 0]
[rosmaster.master][INFO] 2025-11-19 08:38:20,862: publisherUpdate[/tf] -> http://127.0.0.1:42129/ ['http://127.0.0.1:35475/']
[rosmaster.master][INFO] 2025-11-19 08:38:20,861: publisherUpdate[/tf] -> http://127.0.0.1:40699/ ['http://127.0.0.1:35475/']: sec=0.02, result=[1, '', 0]
[rosmaster.master][INFO] 2025-11-19 08:38:20,866: publisherUpdate[/rosout] -> http://127.0.0.1:38733/ ['http://127.0.0.1:40699/', 'http://127.0.0.1:33631/', 'http://127.0.0.1:35139/', 'http://127.0.0.1:35475/', 'http://127.0.0.1:38645/', 'http://127.0.0.1:46399/', 'http://127.0.0.1:33261/', 'http://127.0.0.1:34681/', 'http://127.0.0.1:32799/']
[rosmaster.master][INFO] 2025-11-19 08:38:20,868: -SUB [/joy_turbo_angular_increase/goal] /joystick_relay http://127.0.0.1:38645/
[rosmaster.master][INFO] 2025-11-19 08:38:20,868: -SUB [/joy_turbo_angular_increase/cancel] /joystick_relay http://127.0.0.1:38645/
[rosmaster.master][INFO] 2025-11-19 08:38:20,869: -SUB [/joy_turbo_angular_decrease/goal] /joystick_relay http://127.0.0.1:38645/
[rosmaster.master][INFO] 2025-11-19 08:38:20,869: -SUB [/joy_turbo_angular_decrease/cancel] /joystick_relay http://127.0.0.1:38645/
[rosmaster.master][INFO] 2025-11-19 08:38:20,869: -SUB [/joy_turbo_reset/goal] /joystick_relay http://127.0.0.1:38645/
[rosmaster.master][INFO] 2025-11-19 08:38:20,870: -SUB [/joy_turbo_reset/cancel] /joystick_relay http://127.0.0.1:38645/
[rosmaster.master][INFO] 2025-11-19 08:38:20,860: publisherUpdate[/tf] -> http://127.0.0.1:39653/ ['http://127.0.0.1:35475/']
[rosmaster.master][INFO] 2025-11-19 08:38:20,870: -SUB [/mobile_base_controller/cmd_vel] /twist_marker http://127.0.0.1:32845/
[rosmaster.master][INFO] 2025-11-19 08:38:20,874: publisherUpdate[/tf] -> http://127.0.0.1:39653/ ['http://127.0.0.1:35475/']: sec=0.00, exception=<Fault -1: 'publisherUpdate: unknown method name'>
[rosmaster.threadpool][ERROR] 2025-11-19 08:38:20,885: Traceback (most recent call last):
  File "/opt/ros/noetic/lib/python3/dist-packages/rosmaster/threadpool.py", line 218, in run
    result = cmd(*args)
  File "/opt/ros/noetic/lib/python3/dist-packages/rosmaster/master_api.py", line 210, in publisher_update_task
    ret = xmlrpcapi(api).publisherUpdate('/master', topic, pub_uris)
  File "/usr/lib/python3.8/xmlrpc/client.py", line 1109, in __call__
    return self.__send(self.__name, args)
  File "/usr/lib/python3.8/xmlrpc/client.py", line 1450, in __request
    response = self.__transport.request(
  File "/usr/lib/python3.8/xmlrpc/client.py", line 1153, in request
    return self.single_request(host, handler, request_body, verbose)
  File "/usr/lib/python3.8/xmlrpc/client.py", line 1169, in single_request
    return self.parse_response(resp)
  File "/usr/lib/python3.8/xmlrpc/client.py", line 1341, in parse_response
    return u.close()
  File "/usr/lib/python3.8/xmlrpc/client.py", line 655, in close
    raise Fault(**self._stack[0])
xmlrpc.client.Fault: <Fault -1: 'publisherUpdate: unknown method name'>

[rosmaster.master][INFO] 2025-11-19 08:38:20,891: publisherUpdate[/rosout] -> http://127.0.0.1:38733/ ['http://127.0.0.1:40699/', 'http://127.0.0.1:33631/', 'http://127.0.0.1:35139/', 'http://127.0.0.1:35475/', 'http://127.0.0.1:38645/', 'http://127.0.0.1:46399/', 'http://127.0.0.1:33261/', 'http://127.0.0.1:34681/', 'http://127.0.0.1:32799/']: sec=0.02, result=[1, '', 0]
[rosmaster.master][INFO] 2025-11-19 08:38:20,892: -PUB [/move_group/monitored_planning_scene] /move_group http://127.0.0.1:39653/
[rosmaster.master][INFO] 2025-11-19 08:38:20,894: -SUB [/joy_vel] /twist_mux http://127.0.0.1:39189/
[rosmaster.master][INFO] 2025-11-19 08:38:20,909: -PUB [/move_group/ompl/parameter_descriptions] /move_group http://127.0.0.1:39653/
[rosmaster.master][INFO] 2025-11-19 08:38:20,922: -PUB [/move_group/ompl/parameter_updates] /move_group http://127.0.0.1:39653/
[rosmaster.master][INFO] 2025-11-19 08:38:20,933: -PUB [/move_group/display_planned_path] /move_group http://127.0.0.1:39653/
[rosmaster.master][INFO] 2025-11-19 08:38:20,941: -PUB [/move_group/display_contacts] /move_group http://127.0.0.1:39653/
[rosmaster.master][INFO] 2025-11-19 08:38:20,944: -PUB [/tf_lookup/result] /tf_lookup http://127.0.0.1:42129/
[rosmaster.master][INFO] 2025-11-19 08:38:20,950: -PUB [/arm_controller/follow_joint_trajectory/goal] /move_group http://127.0.0.1:39653/
[rosmaster.master][INFO] 2025-11-19 08:38:20,952: -SERVICE [/twist_marker/get_loggers] /twist_marker rosrpc://127.0.0.1:57937
[rosmaster.master][INFO] 2025-11-19 08:38:20,958: -PUB [/arm_controller/follow_joint_trajectory/cancel] /move_group http://127.0.0.1:39653/
[rosmaster.master][INFO] 2025-11-19 08:38:20,964: -SERVICE [/twist_marker/set_logger_level] /twist_marker rosrpc://127.0.0.1:57937
[rosmaster.master][INFO] 2025-11-19 08:38:20,972: -PUB [/torso_controller/follow_joint_trajectory/goal] /move_group http://127.0.0.1:39653/
[rosmaster.master][INFO] 2025-11-19 08:38:20,976: -PUB [/torso_controller/follow_joint_trajectory/cancel] /move_group http://127.0.0.1:39653/
[rosmaster.master][INFO] 2025-11-19 08:38:20,980: -PUB [/rosout] /joystick_relay http://127.0.0.1:38645/
[rosmaster.master][INFO] 2025-11-19 08:38:20,980: -PUB [/text_marker] /joystick_relay http://127.0.0.1:38645/
[rosmaster.master][INFO] 2025-11-19 08:38:20,981: -PUB [/joy_vel] /joystick_relay http://127.0.0.1:38645/
[rosmaster.master][INFO] 2025-11-19 08:38:20,981: -PUB [/joy_priority] /joystick_relay http://127.0.0.1:38645/
[rosmaster.master][INFO] 2025-11-19 08:38:20,986: -SUB [/clock] /throttle_filtering_points http://127.0.0.1:43263/
[rosmaster.master][INFO] 2025-11-19 08:38:20,990: publisherUpdate[/tf] -> http://127.0.0.1:42129/ ['http://127.0.0.1:35475/']: sec=0.13, exception=<Fault -1: 'publisherUpdate: unknown method name'>
[rosmaster.threadpool][ERROR] 2025-11-19 08:38:20,995: Traceback (most recent call last):
  File "/opt/ros/noetic/lib/python3/dist-packages/rosmaster/threadpool.py", line 218, in run
    result = cmd(*args)
  File "/opt/ros/noetic/lib/python3/dist-packages/rosmaster/master_api.py", line 210, in publisher_update_task
    ret = xmlrpcapi(api).publisherUpdate('/master', topic, pub_uris)
  File "/usr/lib/python3.8/xmlrpc/client.py", line 1109, in __call__
    return self.__send(self.__name, args)
  File "/usr/lib/python3.8/xmlrpc/client.py", line 1450, in __request
    response = self.__transport.request(
  File "/usr/lib/python3.8/xmlrpc/client.py", line 1153, in request
    return self.single_request(host, handler, request_body, verbose)
  File "/usr/lib/python3.8/xmlrpc/client.py", line 1169, in single_request
    return self.parse_response(resp)
  File "/usr/lib/python3.8/xmlrpc/client.py", line 1341, in parse_response
    return u.close()
  File "/usr/lib/python3.8/xmlrpc/client.py", line 655, in close
    raise Fault(**self._stack[0])
xmlrpc.client.Fault: <Fault -1: 'publisherUpdate: unknown method name'>

[rosmaster.master][INFO] 2025-11-19 08:38:20,993: publisherUpdate[/rosout] -> http://127.0.0.1:38733/ ['http://127.0.0.1:40699/', 'http://127.0.0.1:33631/', 'http://127.0.0.1:35139/', 'http://127.0.0.1:35475/', 'http://127.0.0.1:46399/', 'http://127.0.0.1:33261/', 'http://127.0.0.1:34681/', 'http://127.0.0.1:32799/']
[rosmaster.master][INFO] 2025-11-19 08:38:20,994: -SUB [/xtion/rgb/image_raw] /image_raw_to_rect_color_relay http://127.0.0.1:41425/
[rosmaster.master][INFO] 2025-11-19 08:38:20,995: publisherUpdate[/joy_priority] -> http://127.0.0.1:39189/ []
[rosmaster.master][INFO] 2025-11-19 08:38:20,990: publisherUpdate[/arm_controller/follow_joint_trajectory/goal] -> http://127.0.0.1:35475/ ['http://127.0.0.1:33631/']
[rosmaster.master][INFO] 2025-11-19 08:38:20,997: -PUB [/xtion/rgb/image_mono/compressedDepth/parameter_updates] /xtion/rgb/image_proc http://127.0.0.1:34729/
[rosmaster.master][INFO] 2025-11-19 08:38:21,000: publisherUpdate[/rosout] -> http://127.0.0.1:38733/ ['http://127.0.0.1:40699/', 'http://127.0.0.1:33631/', 'http://127.0.0.1:35139/', 'http://127.0.0.1:35475/', 'http://127.0.0.1:46399/', 'http://127.0.0.1:33261/', 'http://127.0.0.1:34681/', 'http://127.0.0.1:32799/']: sec=0.00, result=[1, '', 0]
[rosmaster.master][INFO] 2025-11-19 08:38:21,004: -PUB [/tf_static] /robot_state_publisher http://127.0.0.1:44159/
[rosmaster.master][INFO] 2025-11-19 08:38:21,005: publisherUpdate[/tf_static] -> http://127.0.0.1:40699/ []
[rosmaster.master][INFO] 2025-11-19 08:38:21,010: -PUB [/joy_priority_action/status] /joystick_relay http://127.0.0.1:38645/
[rosmaster.master][INFO] 2025-11-19 08:38:21,009: publisherUpdate[/arm_controller/follow_joint_trajectory/goal] -> http://127.0.0.1:35475/ ['http://127.0.0.1:33631/']: sec=0.01, result=[1, '', 0]
[rosmaster.master][INFO] 2025-11-19 08:38:21,017: publisherUpdate[/arm_controller/follow_joint_trajectory/cancel] -> http://127.0.0.1:35475/ ['http://127.0.0.1:33631/']
[rosmaster.master][INFO] 2025-11-19 08:38:21,015: -PUB [/tf_lookup/feedback] /tf_lookup http://127.0.0.1:42129/
[rosmaster.master][INFO] 2025-11-19 08:38:21,024: publisherUpdate[/tf_static] -> http://127.0.0.1:40699/ []: sec=0.01, result=[1, '', 0]
[rosmaster.master][INFO] 2025-11-19 08:38:21,047: publisherUpdate[/tf_static] -> http://127.0.0.1:33631/ []
[rosmaster.master][INFO] 2025-11-19 08:38:21,046: publisherUpdate[/arm_controller/follow_joint_trajectory/cancel] -> http://127.0.0.1:35475/ ['http://127.0.0.1:33631/']: sec=0.03, result=[1, '', 0]
[rosmaster.master][INFO] 2025-11-19 08:38:21,048: publisherUpdate[/torso_controller/follow_joint_trajectory/goal] -> http://127.0.0.1:35475/ ['http://127.0.0.1:33631/']
[rosmaster.master][INFO] 2025-11-19 08:38:21,052: publisherUpdate[/torso_controller/follow_joint_trajectory/goal] -> http://127.0.0.1:35475/ ['http://127.0.0.1:33631/']: sec=0.00, result=[1, '', 0]
[rosmaster.master][INFO] 2025-11-19 08:38:21,053: -SUB [/key_vel] /twist_mux http://127.0.0.1:39189/
[rosmaster.master][INFO] 2025-11-19 08:38:21,053: publisherUpdate[/torso_controller/follow_joint_trajectory/cancel] -> http://127.0.0.1:35475/ ['http://127.0.0.1:33631/']
[rosmaster.master][INFO] 2025-11-19 08:38:21,059: -SERVICE [/throttle_filtering_points/get_loggers] /throttle_filtering_points rosrpc://127.0.0.1:40585
[rosmaster.master][INFO] 2025-11-19 08:38:21,070: -PUB [/head_controller/follow_joint_trajectory/goal] /move_group http://127.0.0.1:39653/
[rosmaster.master][INFO] 2025-11-19 08:38:21,075: -PUB [/tf_lookup/status] /tf_lookup http://127.0.0.1:42129/
[rosmaster.master][INFO] 2025-11-19 08:38:21,078: -PUB [/xtion/rgb/image_mono/compressed] /xtion/rgb/image_proc http://127.0.0.1:34729/
[rosmaster.master][INFO] 2025-11-19 08:38:21,079: -PUB [/joy_priority_action/result] /joystick_relay http://127.0.0.1:38645/
[rosmaster.master][INFO] 2025-11-19 08:38:21,116: -SUB [/clock] /robot_state_publisher http://127.0.0.1:44159/
[rosmaster.master][INFO] 2025-11-19 08:38:21,118: -PUB [/xtion/rgb/image_mono/compressed/parameter_descriptions] /xtion/rgb/image_proc http://127.0.0.1:34729/
[rosmaster.master][INFO] 2025-11-19 08:38:21,120: publisherUpdate[/tf_static] -> http://127.0.0.1:33631/ []: sec=0.07, result=[1, '', 0]
[rosmaster.master][INFO] 2025-11-19 08:38:21,121: publisherUpdate[/tf_static] -> http://127.0.0.1:39653/ []
[rosmaster.master][INFO] 2025-11-19 08:38:21,124: -SERVICE [/throttle_filtering_points/set_logger_level] /throttle_filtering_points rosrpc://127.0.0.1:40585
[rosmaster.master][INFO] 2025-11-19 08:38:21,126: -SERVICE [/throttle_filtering_points/set_parameters] /throttle_filtering_points rosrpc://127.0.0.1:40585
[rosmaster.master][INFO] 2025-11-19 08:38:21,129: publisherUpdate[/torso_controller/follow_joint_trajectory/cancel] -> http://127.0.0.1:35475/ ['http://127.0.0.1:33631/']: sec=0.07, result=[1, '', 0]
[rosmaster.master][INFO] 2025-11-19 08:38:21,130: publisherUpdate[/tf_static] -> http://127.0.0.1:42129/ []
[rosmaster.master][INFO] 2025-11-19 08:38:21,136: publisherUpdate[/tf_static] -> http://127.0.0.1:39653/ []: sec=0.01, exception=<Fault -1: 'publisherUpdate: unknown method name'>
[rosmaster.threadpool][ERROR] 2025-11-19 08:38:21,141: Traceback (most recent call last):
  File "/opt/ros/noetic/lib/python3/dist-packages/rosmaster/threadpool.py", line 218, in run
    result = cmd(*args)
  File "/opt/ros/noetic/lib/python3/dist-packages/rosmaster/master_api.py", line 210, in publisher_update_task
    ret = xmlrpcapi(api).publisherUpdate('/master', topic, pub_uris)
  File "/usr/lib/python3.8/xmlrpc/client.py", line 1109, in __call__
    return self.__send(self.__name, args)
  File "/usr/lib/python3.8/xmlrpc/client.py", line 1450, in __request
    response = self.__transport.request(
  File "/usr/lib/python3.8/xmlrpc/client.py", line 1153, in request
    return self.single_request(host, handler, request_body, verbose)
  File "/usr/lib/python3.8/xmlrpc/client.py", line 1169, in single_request
    return self.parse_response(resp)
  File "/usr/lib/python3.8/xmlrpc/client.py", line 1341, in parse_response
    return u.close()
  File "/usr/lib/python3.8/xmlrpc/client.py", line 655, in close
    raise Fault(**self._stack[0])
xmlrpc.client.Fault: <Fault -1: 'publisherUpdate: unknown method name'>

[rosmaster.master][INFO] 2025-11-19 08:38:21,140: -SERVICE [/image_raw_to_rect_color_relay/get_loggers] /image_raw_to_rect_color_relay rosrpc://127.0.0.1:57361
[rosmaster.master][INFO] 2025-11-19 08:38:21,146: -PUB [/joy_priority_action/feedback] /joystick_relay http://127.0.0.1:38645/
[rosmaster.master][INFO] 2025-11-19 08:38:21,146: -SUB [/clock] /is_already_there http://127.0.0.1:35139/
[rosmaster.master][INFO] 2025-11-19 08:38:21,143: publisherUpdate[/tf_static] -> http://127.0.0.1:42129/ []: sec=0.01, exception=<Fault -1: 'publisherUpdate: unknown method name'>
[rosmaster.threadpool][ERROR] 2025-11-19 08:38:21,148: Traceback (most recent call last):
  File "/opt/ros/noetic/lib/python3/dist-packages/rosmaster/threadpool.py", line 218, in run
    result = cmd(*args)
  File "/opt/ros/noetic/lib/python3/dist-packages/rosmaster/master_api.py", line 210, in publisher_update_task
    ret = xmlrpcapi(api).publisherUpdate('/master', topic, pub_uris)
  File "/usr/lib/python3.8/xmlrpc/client.py", line 1109, in __call__
    return self.__send(self.__name, args)
  File "/usr/lib/python3.8/xmlrpc/client.py", line 1450, in __request
    response = self.__transport.request(
  File "/usr/lib/python3.8/xmlrpc/client.py", line 1153, in request
    return self.single_request(host, handler, request_body, verbose)
  File "/usr/lib/python3.8/xmlrpc/client.py", line 1169, in single_request
    return self.parse_response(resp)
  File "/usr/lib/python3.8/xmlrpc/client.py", line 1341, in parse_response
    return u.close()
  File "/usr/lib/python3.8/xmlrpc/client.py", line 655, in close
    raise Fault(**self._stack[0])
xmlrpc.client.Fault: <Fault -1: 'publisherUpdate: unknown method name'>

[rosmaster.master][INFO] 2025-11-19 08:38:21,147: -SUB [/joint_states] /robot_state_publisher http://127.0.0.1:44159/
[rosmaster.master][INFO] 2025-11-19 08:38:21,150: -SERVICE [/image_raw_to_rect_color_relay/set_logger_level] /image_raw_to_rect_color_relay rosrpc://127.0.0.1:57361
[rosmaster.master][INFO] 2025-11-19 08:38:21,151: -PUB [/tf_stream/result] /tf_lookup http://127.0.0.1:42129/
[rosmaster.master][INFO] 2025-11-19 08:38:21,152: -PUB [/xtion/rgb/image_mono/compressed/parameter_updates] /xtion/rgb/image_proc http://127.0.0.1:34729/
[rosmaster.master][INFO] 2025-11-19 08:38:21,137: publisherUpdate[/joy_priority] -> http://127.0.0.1:39189/ []: sec=0.14, exception=<Fault -1: 'publisherUpdate: unknown method name'>
[rosmaster.threadpool][ERROR] 2025-11-19 08:38:21,157: Traceback (most recent call last):
  File "/opt/ros/noetic/lib/python3/dist-packages/rosmaster/threadpool.py", line 218, in run
    result = cmd(*args)
  File "/opt/ros/noetic/lib/python3/dist-packages/rosmaster/master_api.py", line 210, in publisher_update_task
    ret = xmlrpcapi(api).publisherUpdate('/master', topic, pub_uris)
  File "/usr/lib/python3.8/xmlrpc/client.py", line 1109, in __call__
    return self.__send(self.__name, args)
  File "/usr/lib/python3.8/xmlrpc/client.py", line 1450, in __request
    response = self.__transport.request(
  File "/usr/lib/python3.8/xmlrpc/client.py", line 1153, in request
    return self.single_request(host, handler, request_body, verbose)
  File "/usr/lib/python3.8/xmlrpc/client.py", line 1169, in single_request
    return self.parse_response(resp)
  File "/usr/lib/python3.8/xmlrpc/client.py", line 1341, in parse_response
    return u.close()
  File "/usr/lib/python3.8/xmlrpc/client.py", line 655, in close
    raise Fault(**self._stack[0])
xmlrpc.client.Fault: <Fault -1: 'publisherUpdate: unknown method name'>

[rosmaster.master][INFO] 2025-11-19 08:38:21,156: -PUB [/tf_stream/feedback] /tf_lookup http://127.0.0.1:42129/
[rosmaster.master][INFO] 2025-11-19 08:38:21,159: -PUB [/joy_turbo_increase/status] /joystick_relay http://127.0.0.1:38645/
[rosmaster.master][INFO] 2025-11-19 08:38:21,159: -PUB [/joy_turbo_increase/result] /joystick_relay http://127.0.0.1:38645/
[rosmaster.master][INFO] 2025-11-19 08:38:21,144: publisherUpdate[/head_controller/follow_joint_trajectory/goal] -> http://127.0.0.1:35475/ ['http://127.0.0.1:33631/']
[rosmaster.master][INFO] 2025-11-19 08:38:21,155: -CACHEDPARAM [/rosout_disable_topics_generation] by /throttle_filtering_points
[rosmaster.master][INFO] 2025-11-19 08:38:21,160: -SERVICE [/robot_state_publisher/get_loggers] /robot_state_publisher rosrpc://127.0.0.1:56805
[rosmaster.master][INFO] 2025-11-19 08:38:21,164: publisherUpdate[/head_controller/follow_joint_trajectory/goal] -> http://127.0.0.1:35475/ ['http://127.0.0.1:33631/']: sec=0.00, result=[1, '', 0]
[rosmaster.master][INFO] 2025-11-19 08:38:21,166: -PUB [/xtion/rgb/image_mono] /xtion/rgb/image_proc http://127.0.0.1:34729/
[rosmaster.master][INFO] 2025-11-19 08:38:21,167: -SUB [/tab_vel] /twist_mux http://127.0.0.1:39189/
[rosmaster.master][INFO] 2025-11-19 08:38:21,168: -PUB [/joy_turbo_increase/feedback] /joystick_relay http://127.0.0.1:38645/
[rosmaster.master][INFO] 2025-11-19 08:38:21,171: -SUB [/joint_states] /is_already_there http://127.0.0.1:35139/
[rosmaster.master][INFO] 2025-11-19 08:38:21,172: -PUB [/rosout] /is_already_there http://127.0.0.1:35139/
[rosmaster.master][INFO] 2025-11-19 08:38:21,174: -SERVICE [/is_already_there/get_loggers] /is_already_there rosrpc://127.0.0.1:35483
[rosmaster.master][INFO] 2025-11-19 08:38:21,176: -SERVICE [/is_already_there/set_logger_level] /is_already_there rosrpc://127.0.0.1:35483
[rosmaster.master][INFO] 2025-11-19 08:38:21,176: -SERVICE [/play_motion/is_already_there] /is_already_there rosrpc://127.0.0.1:35483
[rosmaster.master][INFO] 2025-11-19 08:38:21,178: -PUB [/joy_turbo_decrease/status] /joystick_relay http://127.0.0.1:38645/
[rosmaster.master][INFO] 2025-11-19 08:38:21,178: -PUB [/joy_turbo_decrease/result] /joystick_relay http://127.0.0.1:38645/
[rosmaster.master][INFO] 2025-11-19 08:38:21,178: -PUB [/joy_turbo_decrease/feedback] /joystick_relay http://127.0.0.1:38645/
[rosmaster.master][INFO] 2025-11-19 08:38:21,179: -PUB [/joy_turbo_angular_increase/status] /joystick_relay http://127.0.0.1:38645/
[rosmaster.master][INFO] 2025-11-19 08:38:21,179: -PUB [/joy_turbo_angular_increase/result] /joystick_relay http://127.0.0.1:38645/
[rosmaster.master][INFO] 2025-11-19 08:38:21,180: -PUB [/joy_turbo_angular_increase/feedback] /joystick_relay http://127.0.0.1:38645/
[rosmaster.master][INFO] 2025-11-19 08:38:21,180: -PUB [/joy_turbo_angular_decrease/status] /joystick_relay http://127.0.0.1:38645/
[rosmaster.master][INFO] 2025-11-19 08:38:21,181: -PUB [/joy_turbo_angular_decrease/result] /joystick_relay http://127.0.0.1:38645/
[rosmaster.master][INFO] 2025-11-19 08:38:21,181: -PUB [/joy_turbo_angular_decrease/feedback] /joystick_relay http://127.0.0.1:38645/
[rosmaster.master][INFO] 2025-11-19 08:38:21,182: -SUB [/marker_vel] /twist_mux http://127.0.0.1:39189/
[rosmaster.master][INFO] 2025-11-19 08:38:21,183: -PUB [/tf_stream/status] /tf_lookup http://127.0.0.1:42129/
[rosmaster.master][INFO] 2025-11-19 08:38:21,184: -PUB [/head_controller/follow_joint_trajectory/cancel] /move_group http://127.0.0.1:39653/
[rosmaster.master][INFO] 2025-11-19 08:38:21,185: -CACHEDPARAM [/rosout_disable_topics_generation] by /image_raw_to_rect_color_relay
[rosmaster.master][INFO] 2025-11-19 08:38:21,187: -PUB [/tfs_14625000000] /tf_lookup http://127.0.0.1:42129/
[rosmaster.master][INFO] 2025-11-19 08:38:21,189: -PUB [/joy_turbo_reset/status] /joystick_relay http://127.0.0.1:38645/
[rosmaster.master][INFO] 2025-11-19 08:38:21,190: -PUB [/joy_turbo_reset/result] /joystick_relay http://127.0.0.1:38645/
[rosmaster.master][INFO] 2025-11-19 08:38:21,190: -PUB [/joy_turbo_reset/feedback] /joystick_relay http://127.0.0.1:38645/
[rosmaster.master][INFO] 2025-11-19 08:38:21,191: -SERVICE [/joystick_relay/get_loggers] /joystick_relay rosrpc://127.0.0.1:34433
[rosmaster.master][INFO] 2025-11-19 08:38:21,191: -SERVICE [/joystick_relay/set_logger_level] /joystick_relay rosrpc://127.0.0.1:34433
[rosmaster.master][INFO] 2025-11-19 08:38:21,198: -SUB [/phone_vel] /twist_mux http://127.0.0.1:39189/
[rosmaster.master][INFO] 2025-11-19 08:38:21,200: -SERVICE [/robot_state_publisher/set_logger_level] /robot_state_publisher rosrpc://127.0.0.1:56805
[rosmaster.master][INFO] 2025-11-19 08:38:21,201: -PUB [/gripper_controller/follow_joint_trajectory/goal] /move_group http://127.0.0.1:39653/
[rosmaster.master][INFO] 2025-11-19 08:38:21,203: -PUB [/xtion/rgb/image_mono/theora] /xtion/rgb/image_proc http://127.0.0.1:34729/
[rosmaster.master][INFO] 2025-11-19 08:38:21,205: -SUB [/rviz_joy_vel] /twist_mux http://127.0.0.1:39189/
[rosmaster.master][INFO] 2025-11-19 08:38:21,214: -PUB [/xtion/rgb/image_mono/theora/parameter_descriptions] /xtion/rgb/image_proc http://127.0.0.1:34729/
[rosmaster.master][INFO] 2025-11-19 08:38:21,218: -SUB [/clock] /tf_lookup http://127.0.0.1:42129/
[rosmaster.master][INFO] 2025-11-19 08:38:21,220: -PUB [/xtion/rgb/image_mono/theora/parameter_updates] /xtion/rgb/image_proc http://127.0.0.1:34729/
[rosmaster.master][INFO] 2025-11-19 08:38:21,221: -PUB [/gripper_controller/follow_joint_trajectory/cancel] /move_group http://127.0.0.1:39653/
[rosmaster.master][INFO] 2025-11-19 08:38:21,223: -SUB [/servoing_cmd_vel] /twist_mux http://127.0.0.1:39189/
[rosmaster.master][INFO] 2025-11-19 08:38:21,226: -SUB [/tf] /tf_lookup http://127.0.0.1:42129/
[rosmaster.master][INFO] 2025-11-19 08:38:21,228: -PUB [/xtion/rgb/image_color/compressedDepth] /xtion/rgb/image_proc http://127.0.0.1:34729/
[rosmaster.master][INFO] 2025-11-19 08:38:21,230: -SUB [/pause_navigation] /twist_mux http://127.0.0.1:39189/
[rosmaster.master][INFO] 2025-11-19 08:38:21,232: -PUB [/move_group/trajectory_execution/parameter_descriptions] /move_group http://127.0.0.1:39653/
[rosmaster.master][INFO] 2025-11-19 08:38:21,234: -SUB [/tf_static] /tf_lookup http://127.0.0.1:42129/
[rosmaster.master][INFO] 2025-11-19 08:38:21,236: -PUB [/xtion/rgb/image_color/compressedDepth/parameter_descriptions] /xtion/rgb/image_proc http://127.0.0.1:34729/
[rosmaster.master][INFO] 2025-11-19 08:38:21,238: -SUB [/stop_closing_loop] /twist_mux http://127.0.0.1:39189/
[rosmaster.master][INFO] 2025-11-19 08:38:21,242: -PUB [/xtion/rgb/image_color/compressedDepth/parameter_updates] /xtion/rgb/image_proc http://127.0.0.1:34729/
[rosmaster.master][INFO] 2025-11-19 08:38:21,247: -PUB [/move_group/trajectory_execution/parameter_updates] /move_group http://127.0.0.1:39653/
[rosmaster.master][INFO] 2025-11-19 08:38:21,248: -SUB [/joy_priority] /twist_mux http://127.0.0.1:39189/
[rosmaster.master][INFO] 2025-11-19 08:38:21,249: -SUB [/tf_lookup/goal] /tf_lookup http://127.0.0.1:42129/
[rosmaster.master][INFO] 2025-11-19 08:38:21,251: -SUB [/tf_lookup/cancel] /tf_lookup http://127.0.0.1:42129/
[rosmaster.master][INFO] 2025-11-19 08:38:21,256: publisherUpdate[/rosout] -> http://127.0.0.1:38733/ ['http://127.0.0.1:40699/', 'http://127.0.0.1:33631/', 'http://127.0.0.1:35475/', 'http://127.0.0.1:46399/', 'http://127.0.0.1:33261/', 'http://127.0.0.1:34681/', 'http://127.0.0.1:32799/']
[rosmaster.master][INFO] 2025-11-19 08:38:21,261: -SERVICE [/twist_mux/get_loggers] /twist_mux rosrpc://127.0.0.1:38375
[rosmaster.master][INFO] 2025-11-19 08:38:21,262: publisherUpdate[/head_controller/follow_joint_trajectory/cancel] -> http://127.0.0.1:35475/ ['http://127.0.0.1:33631/']
[rosmaster.master][INFO] 2025-11-19 08:38:21,264: -PUB [/xtion/rgb/image_color/compressed] /xtion/rgb/image_proc http://127.0.0.1:34729/
[rosmaster.master][INFO] 2025-11-19 08:38:21,267: -SERVICE [/twist_mux/set_logger_level] /twist_mux rosrpc://127.0.0.1:38375
[rosmaster.master][INFO] 2025-11-19 08:38:21,270: publisherUpdate[/rosout] -> http://127.0.0.1:38733/ ['http://127.0.0.1:40699/', 'http://127.0.0.1:33631/', 'http://127.0.0.1:35475/', 'http://127.0.0.1:46399/', 'http://127.0.0.1:33261/', 'http://127.0.0.1:34681/', 'http://127.0.0.1:32799/']: sec=0.01, result=[1, '', 0]
[rosmaster.master][INFO] 2025-11-19 08:38:21,270: -SUB [/tf_stream/goal] /tf_lookup http://127.0.0.1:42129/
[rosmaster.master][INFO] 2025-11-19 08:38:21,276: -PUB [/move_group/plan_execution/parameter_descriptions] /move_group http://127.0.0.1:39653/
[rosmaster.master][INFO] 2025-11-19 08:38:21,278: -PUB [/xtion/rgb/image_color/compressed/parameter_descriptions] /xtion/rgb/image_proc http://127.0.0.1:34729/
[rosmaster.master][INFO] 2025-11-19 08:38:21,280: -SUB [/tf_stream/cancel] /tf_lookup http://127.0.0.1:42129/
[rosmaster.master][INFO] 2025-11-19 08:38:21,281: -CACHEDPARAM [/rosout_disable_topics_generation] by /twist_mux
[rosmaster.master][INFO] 2025-11-19 08:38:21,298: -PUB [/xtion/rgb/image_color/compressed/parameter_updates] /xtion/rgb/image_proc http://127.0.0.1:34729/
[rosmaster.master][INFO] 2025-11-19 08:38:21,300: -SERVICE [/tf_lookup/get_loggers] /tf_lookup rosrpc://127.0.0.1:55841
[rosmaster.master][INFO] 2025-11-19 08:38:21,302: -SERVICE [/tf_lookup/set_logger_level] /tf_lookup rosrpc://127.0.0.1:55841
[rosmaster.master][INFO] 2025-11-19 08:38:21,305: -SERVICE [/lookupTransform] /tf_lookup rosrpc://127.0.0.1:55841
[rosmaster.master][INFO] 2025-11-19 08:38:21,307: -CACHEDPARAM [/rosout_disable_topics_generation] by /tf_lookup
[rosmaster.master][INFO] 2025-11-19 08:38:21,310: -PUB [/move_group/plan_execution/parameter_updates] /move_group http://127.0.0.1:39653/
[rosmaster.master][INFO] 2025-11-19 08:38:21,312: -PUB [/move_group/sense_for_plan/parameter_descriptions] /move_group http://127.0.0.1:39653/
[rosmaster.master][INFO] 2025-11-19 08:38:21,314: -PUB [/move_group/sense_for_plan/parameter_updates] /move_group http://127.0.0.1:39653/
[rosmaster.master][INFO] 2025-11-19 08:38:21,316: -PUB [/execute_trajectory/result] /move_group http://127.0.0.1:39653/
[rosmaster.master][INFO] 2025-11-19 08:38:21,319: -PUB [/execute_trajectory/feedback] /move_group http://127.0.0.1:39653/
[rosmaster.master][INFO] 2025-11-19 08:38:21,322: -PUB [/execute_trajectory/status] /move_group http://127.0.0.1:39653/
[rosmaster.master][INFO] 2025-11-19 08:38:21,324: -CACHEDPARAM [/twist_mux/diagnostic_period] by /twist_mux
[rosmaster.master][INFO] 2025-11-19 08:38:21,327: -CACHEDPARAM [/twist_mux/locks] by /twist_mux
[rosmaster.master][INFO] 2025-11-19 08:38:21,330: -PUB [/xtion/rgb/image_color] /xtion/rgb/image_proc http://127.0.0.1:34729/
[rosmaster.master][INFO] 2025-11-19 08:38:21,332: -CACHEDPARAM [/twist_mux/topics] by /twist_mux
[rosmaster.master][INFO] 2025-11-19 08:38:21,335: -PUB [/xtion/rgb/image_color/theora] /xtion/rgb/image_proc http://127.0.0.1:34729/
[rosmaster.master][INFO] 2025-11-19 08:38:21,337: -PUB [/xtion/rgb/image_color/theora/parameter_descriptions] /xtion/rgb/image_proc http://127.0.0.1:34729/
[rosmaster.master][INFO] 2025-11-19 08:38:21,340: -PUB [/xtion/rgb/image_color/theora/parameter_updates] /xtion/rgb/image_proc http://127.0.0.1:34729/
[rosmaster.master][INFO] 2025-11-19 08:38:21,344: +CACHEDPARAM [/rosout_disable_topics_generation] by /gripper_controllers_spawner
[rosmaster.master][INFO] 2025-11-19 08:38:21,346: -PUB [/move_group/result] /move_group http://127.0.0.1:39653/
[rosmaster.master][INFO] 2025-11-19 08:38:21,350: -PUB [/xtion/rgb/image_proc_rectify_mono/parameter_descriptions] /xtion/rgb/image_proc http://127.0.0.1:34729/
[rosmaster.master][INFO] 2025-11-19 08:38:21,353: -PUB [/move_group/feedback] /move_group http://127.0.0.1:39653/
[rosmaster.master][INFO] 2025-11-19 08:38:21,357: -PUB [/xtion/rgb/image_proc_rectify_mono/parameter_updates] /xtion/rgb/image_proc http://127.0.0.1:34729/
[rosmaster.master][INFO] 2025-11-19 08:38:21,362: -PUB [/xtion/rgb/image_rect/compressedDepth] /xtion/rgb/image_proc http://127.0.0.1:34729/
[rosmaster.master][INFO] 2025-11-19 08:38:21,366: -PUB [/move_group/status] /move_group http://127.0.0.1:39653/
[rosmaster.master][INFO] 2025-11-19 08:38:21,371: publisherUpdate[/execute_trajectory/result] -> http://127.0.0.1:33631/ []
[rosmaster.master][INFO] 2025-11-19 08:38:21,373: -PUB [/xtion/rgb/image_rect/compressedDepth/parameter_descriptions] /xtion/rgb/image_proc http://127.0.0.1:34729/
[rosmaster.master][INFO] 2025-11-19 08:38:21,385: -PUB [/rosout] /play_motion http://127.0.0.1:33631/
[rosmaster.master][INFO] 2025-11-19 08:38:21,385: publisherUpdate[/rosout] -> http://127.0.0.1:38733/ ['http://127.0.0.1:40699/', 'http://127.0.0.1:35475/', 'http://127.0.0.1:46399/', 'http://127.0.0.1:33261/', 'http://127.0.0.1:34681/', 'http://127.0.0.1:32799/']
[rosmaster.master][INFO] 2025-11-19 08:38:21,391: publisherUpdate[/rosout] -> http://127.0.0.1:38733/ ['http://127.0.0.1:40699/', 'http://127.0.0.1:35475/', 'http://127.0.0.1:46399/', 'http://127.0.0.1:33261/', 'http://127.0.0.1:34681/', 'http://127.0.0.1:32799/']: sec=0.00, result=[1, '', 0]
[rosmaster.master][INFO] 2025-11-19 08:38:21,387: publisherUpdate[/execute_trajectory/result] -> http://127.0.0.1:33631/ []: sec=0.01, exception=<Fault -1: 'publisherUpdate: unknown method name'>
[rosmaster.threadpool][ERROR] 2025-11-19 08:38:21,393: Traceback (most recent call last):
  File "/opt/ros/noetic/lib/python3/dist-packages/rosmaster/threadpool.py", line 218, in run
    result = cmd(*args)
  File "/opt/ros/noetic/lib/python3/dist-packages/rosmaster/master_api.py", line 210, in publisher_update_task
    ret = xmlrpcapi(api).publisherUpdate('/master', topic, pub_uris)
  File "/usr/lib/python3.8/xmlrpc/client.py", line 1109, in __call__
    return self.__send(self.__name, args)
  File "/usr/lib/python3.8/xmlrpc/client.py", line 1450, in __request
    response = self.__transport.request(
  File "/usr/lib/python3.8/xmlrpc/client.py", line 1153, in request
    return self.single_request(host, handler, request_body, verbose)
  File "/usr/lib/python3.8/xmlrpc/client.py", line 1169, in single_request
    return self.parse_response(resp)
  File "/usr/lib/python3.8/xmlrpc/client.py", line 1341, in parse_response
    return u.close()
  File "/usr/lib/python3.8/xmlrpc/client.py", line 655, in close
    raise Fault(**self._stack[0])
xmlrpc.client.Fault: <Fault -1: 'publisherUpdate: unknown method name'>

[rosmaster.master][INFO] 2025-11-19 08:38:21,394: publisherUpdate[/execute_trajectory/feedback] -> http://127.0.0.1:33631/ []
[rosmaster.master][INFO] 2025-11-19 08:38:21,396: publisherUpdate[/head_controller/follow_joint_trajectory/cancel] -> http://127.0.0.1:35475/ ['http://127.0.0.1:33631/']: sec=0.13, result=[1, '', 0]
[rosmaster.master][INFO] 2025-11-19 08:38:21,397: publisherUpdate[/gripper_controller/follow_joint_trajectory/goal] -> http://127.0.0.1:35475/ ['http://127.0.0.1:33631/']
[rosmaster.master][INFO] 2025-11-19 08:38:21,399: -PUB [/trajectory_execution_event] /play_motion http://127.0.0.1:33631/
[rosmaster.master][INFO] 2025-11-19 08:38:21,400: -PUB [/xtion/rgb/image_rect/compressedDepth/parameter_updates] /xtion/rgb/image_proc http://127.0.0.1:34729/
[rosmaster.master][INFO] 2025-11-19 08:38:21,402: publisherUpdate[/execute_trajectory/feedback] -> http://127.0.0.1:33631/ []: sec=0.01, exception=<Fault -1: 'publisherUpdate: unknown method name'>
[rosmaster.master][INFO] 2025-11-19 08:38:21,407: -PUB [/pickup/result] /move_group http://127.0.0.1:39653/
[rosmaster.master][INFO] 2025-11-19 08:38:21,409: publisherUpdate[/gripper_controller/follow_joint_trajectory/goal] -> http://127.0.0.1:35475/ ['http://127.0.0.1:33631/']: sec=0.01, result=[1, '', 0]
[rosmaster.master][INFO] 2025-11-19 08:38:21,422: publisherUpdate[/gripper_controller/follow_joint_trajectory/cancel] -> http://127.0.0.1:35475/ ['http://127.0.0.1:33631/']
[rosmaster.master][INFO] 2025-11-19 08:38:21,412: -PUB [/attached_collision_object] /play_motion http://127.0.0.1:33631/
[rosmaster.threadpool][ERROR] 2025-11-19 08:38:21,413: Traceback (most recent call last):
  File "/opt/ros/noetic/lib/python3/dist-packages/rosmaster/threadpool.py", line 218, in run
    result = cmd(*args)
  File "/opt/ros/noetic/lib/python3/dist-packages/rosmaster/master_api.py", line 210, in publisher_update_task
    ret = xmlrpcapi(api).publisherUpdate('/master', topic, pub_uris)
  File "/usr/lib/python3.8/xmlrpc/client.py", line 1109, in __call__
    return self.__send(self.__name, args)
  File "/usr/lib/python3.8/xmlrpc/client.py", line 1450, in __request
    response = self.__transport.request(
  File "/usr/lib/python3.8/xmlrpc/client.py", line 1153, in request
    return self.single_request(host, handler, request_body, verbose)
  File "/usr/lib/python3.8/xmlrpc/client.py", line 1169, in single_request
    return self.parse_response(resp)
  File "/usr/lib/python3.8/xmlrpc/client.py", line 1341, in parse_response
    return u.close()
  File "/usr/lib/python3.8/xmlrpc/client.py", line 655, in close
    raise Fault(**self._stack[0])
xmlrpc.client.Fault: <Fault -1: 'publisherUpdate: unknown method name'>

[rosmaster.master][INFO] 2025-11-19 08:38:21,425: publisherUpdate[/execute_trajectory/status] -> http://127.0.0.1:33631/ []
[rosmaster.master][INFO] 2025-11-19 08:38:21,437: +CACHEDPARAM [/rosout_disable_topics_generation] by /bringup_controllers_spawner_ft
[rosmaster.master][INFO] 2025-11-19 08:38:21,441: publisherUpdate[/execute_trajectory/status] -> http://127.0.0.1:33631/ []: sec=0.02, exception=<Fault -1: 'publisherUpdate: unknown method name'>
[rosmaster.master][INFO] 2025-11-19 08:38:21,442: -PUB [/pickup/feedback] /move_group http://127.0.0.1:39653/
[rosmaster.master][INFO] 2025-11-19 08:38:21,445: publisherUpdate[/gripper_controller/follow_joint_trajectory/cancel] -> http://127.0.0.1:35475/ ['http://127.0.0.1:33631/']: sec=0.02, result=[1, '', 0]
[rosmaster.threadpool][ERROR] 2025-11-19 08:38:21,454: Traceback (most recent call last):
  File "/opt/ros/noetic/lib/python3/dist-packages/rosmaster/threadpool.py", line 218, in run
    result = cmd(*args)
  File "/opt/ros/noetic/lib/python3/dist-packages/rosmaster/master_api.py", line 210, in publisher_update_task
    ret = xmlrpcapi(api).publisherUpdate('/master', topic, pub_uris)
  File "/usr/lib/python3.8/xmlrpc/client.py", line 1109, in __call__
    return self.__send(self.__name, args)
  File "/usr/lib/python3.8/xmlrpc/client.py", line 1450, in __request
    response = self.__transport.request(
  File "/usr/lib/python3.8/xmlrpc/client.py", line 1153, in request
    return self.single_request(host, handler, request_body, verbose)
  File "/usr/lib/python3.8/xmlrpc/client.py", line 1169, in single_request
    return self.parse_response(resp)
  File "/usr/lib/python3.8/xmlrpc/client.py", line 1341, in parse_response
    return u.close()
  File "/usr/lib/python3.8/xmlrpc/client.py", line 655, in close
    raise Fault(**self._stack[0])
xmlrpc.client.Fault: <Fault -1: 'publisherUpdate: unknown method name'>

[rosmaster.master][INFO] 2025-11-19 08:38:21,456: -PUB [/xtion/rgb/image_rect/compressed] /xtion/rgb/image_proc http://127.0.0.1:34729/
[rosmaster.master][INFO] 2025-11-19 08:38:21,463: publisherUpdate[/trajectory_execution_event] -> http://127.0.0.1:39653/ []
[rosmaster.master][INFO] 2025-11-19 08:38:21,461: publisherUpdate[/move_group/result] -> http://127.0.0.1:33631/ []
[rosmaster.master][INFO] 2025-11-19 08:38:21,469: -PUB [/move_group/goal] /play_motion http://127.0.0.1:33631/
[rosmaster.master][INFO] 2025-11-19 08:38:21,481: publisherUpdate[/trajectory_execution_event] -> http://127.0.0.1:39653/ []: sec=0.01, exception=<Fault -1: 'publisherUpdate: unknown method name'>
[rosmaster.threadpool][ERROR] 2025-11-19 08:38:21,495: Traceback (most recent call last):
  File "/opt/ros/noetic/lib/python3/dist-packages/rosmaster/threadpool.py", line 218, in run
    result = cmd(*args)
  File "/opt/ros/noetic/lib/python3/dist-packages/rosmaster/master_api.py", line 210, in publisher_update_task
    ret = xmlrpcapi(api).publisherUpdate('/master', topic, pub_uris)
  File "/usr/lib/python3.8/xmlrpc/client.py", line 1109, in __call__
    return self.__send(self.__name, args)
  File "/usr/lib/python3.8/xmlrpc/client.py", line 1450, in __request
    response = self.__transport.request(
  File "/usr/lib/python3.8/xmlrpc/client.py", line 1153, in request
    return self.single_request(host, handler, request_body, verbose)
  File "/usr/lib/python3.8/xmlrpc/client.py", line 1169, in single_request
    return self.parse_response(resp)
  File "/usr/lib/python3.8/xmlrpc/client.py", line 1341, in parse_response
    return u.close()
  File "/usr/lib/python3.8/xmlrpc/client.py", line 655, in close
    raise Fault(**self._stack[0])
xmlrpc.client.Fault: <Fault -1: 'publisherUpdate: unknown method name'>

[rosmaster.master][INFO] 2025-11-19 08:38:21,494: +CACHEDPARAM [/rosout_disable_topics_generation] by /bringup_controllers_spawner_imu
[rosmaster.master][INFO] 2025-11-19 08:38:21,498: -PUB [/pickup/status] /move_group http://127.0.0.1:39653/
[rosmaster.master][INFO] 2025-11-19 08:38:21,497: publisherUpdate[/attached_collision_object] -> http://127.0.0.1:39653/ []
[rosmaster.master][INFO] 2025-11-19 08:38:21,490: publisherUpdate[/move_group/result] -> http://127.0.0.1:33631/ []: sec=0.02, exception=<Fault -1: 'publisherUpdate: unknown method name'>
[rosmaster.master][INFO] 2025-11-19 08:38:21,499: -PUB [/xtion/rgb/image_rect/compressed/parameter_descriptions] /xtion/rgb/image_proc http://127.0.0.1:34729/
[rosmaster.master][INFO] 2025-11-19 08:38:21,506: publisherUpdate[/attached_collision_object] -> http://127.0.0.1:39653/ []: sec=0.01, exception=<Fault -1: 'publisherUpdate: unknown method name'>
[rosmaster.threadpool][ERROR] 2025-11-19 08:38:21,511: Traceback (most recent call last):
  File "/opt/ros/noetic/lib/python3/dist-packages/rosmaster/threadpool.py", line 218, in run
    result = cmd(*args)
  File "/opt/ros/noetic/lib/python3/dist-packages/rosmaster/master_api.py", line 210, in publisher_update_task
    ret = xmlrpcapi(api).publisherUpdate('/master', topic, pub_uris)
  File "/usr/lib/python3.8/xmlrpc/client.py", line 1109, in __call__
    return self.__send(self.__name, args)
  File "/usr/lib/python3.8/xmlrpc/client.py", line 1450, in __request
    response = self.__transport.request(
  File "/usr/lib/python3.8/xmlrpc/client.py", line 1153, in request
    return self.single_request(host, handler, request_body, verbose)
  File "/usr/lib/python3.8/xmlrpc/client.py", line 1169, in single_request
    return self.parse_response(resp)
  File "/usr/lib/python3.8/xmlrpc/client.py", line 1341, in parse_response
    return u.close()
  File "/usr/lib/python3.8/xmlrpc/client.py", line 655, in close
    raise Fault(**self._stack[0])
xmlrpc.client.Fault: <Fault -1: 'publisherUpdate: unknown method name'>

[rosmaster.master][INFO] 2025-11-19 08:38:21,518: publisherUpdate[/move_group/feedback] -> http://127.0.0.1:33631/ []
[rosmaster.master][INFO] 2025-11-19 08:38:21,514: -PUB [/move_group/cancel] /play_motion http://127.0.0.1:33631/
[rosmaster.threadpool][ERROR] 2025-11-19 08:38:21,522: Traceback (most recent call last):
  File "/opt/ros/noetic/lib/python3/dist-packages/rosmaster/threadpool.py", line 218, in run
    result = cmd(*args)
  File "/opt/ros/noetic/lib/python3/dist-packages/rosmaster/master_api.py", line 210, in publisher_update_task
    ret = xmlrpcapi(api).publisherUpdate('/master', topic, pub_uris)
  File "/usr/lib/python3.8/xmlrpc/client.py", line 1109, in __call__
    return self.__send(self.__name, args)
  File "/usr/lib/python3.8/xmlrpc/client.py", line 1450, in __request
    response = self.__transport.request(
  File "/usr/lib/python3.8/xmlrpc/client.py", line 1153, in request
    return self.single_request(host, handler, request_body, verbose)
  File "/usr/lib/python3.8/xmlrpc/client.py", line 1169, in single_request
    return self.parse_response(resp)
  File "/usr/lib/python3.8/xmlrpc/client.py", line 1341, in parse_response
    return u.close()
  File "/usr/lib/python3.8/xmlrpc/client.py", line 655, in close
    raise Fault(**self._stack[0])
xmlrpc.client.Fault: <Fault -1: 'publisherUpdate: unknown method name'>

[rosmaster.master][INFO] 2025-11-19 08:38:21,526: -PUB [/place/result] /move_group http://127.0.0.1:39653/
[rosmaster.master][INFO] 2025-11-19 08:38:21,536: -PUB [/xtion/rgb/image_rect/compressed/parameter_updates] /xtion/rgb/image_proc http://127.0.0.1:34729/
[rosmaster.master][INFO] 2025-11-19 08:38:21,532: publisherUpdate[/move_group/goal] -> http://127.0.0.1:39653/ []
[rosmaster.master][INFO] 2025-11-19 08:38:21,544: publisherUpdate[/move_group/goal] -> http://127.0.0.1:39653/ []: sec=0.00, exception=<Fault -1: 'publisherUpdate: unknown method name'>
[rosmaster.master][INFO] 2025-11-19 08:38:21,540: publisherUpdate[/move_group/feedback] -> http://127.0.0.1:33631/ []: sec=0.02, exception=<Fault -1: 'publisherUpdate: unknown method name'>
[rosmaster.master][INFO] 2025-11-19 08:38:21,539: -PUB [/place/feedback] /move_group http://127.0.0.1:39653/
[rosmaster.master][INFO] 2025-11-19 08:38:21,550: -PUB [/pickup/goal] /play_motion http://127.0.0.1:33631/
[rosmaster.threadpool][ERROR] 2025-11-19 08:38:21,548: Traceback (most recent call last):
  File "/opt/ros/noetic/lib/python3/dist-packages/rosmaster/threadpool.py", line 218, in run
    result = cmd(*args)
  File "/opt/ros/noetic/lib/python3/dist-packages/rosmaster/master_api.py", line 210, in publisher_update_task
    ret = xmlrpcapi(api).publisherUpdate('/master', topic, pub_uris)
  File "/usr/lib/python3.8/xmlrpc/client.py", line 1109, in __call__
    return self.__send(self.__name, args)
  File "/usr/lib/python3.8/xmlrpc/client.py", line 1450, in __request
    response = self.__transport.request(
  File "/usr/lib/python3.8/xmlrpc/client.py", line 1153, in request
    return self.single_request(host, handler, request_body, verbose)
  File "/usr/lib/python3.8/xmlrpc/client.py", line 1169, in single_request
    return self.parse_response(resp)
  File "/usr/lib/python3.8/xmlrpc/client.py", line 1341, in parse_response
    return u.close()
  File "/usr/lib/python3.8/xmlrpc/client.py", line 655, in close
    raise Fault(**self._stack[0])
xmlrpc.client.Fault: <Fault -1: 'publisherUpdate: unknown method name'>

[rosmaster.master][INFO] 2025-11-19 08:38:21,551: publisherUpdate[/move_group/status] -> http://127.0.0.1:33631/ []
[rosmaster.threadpool][ERROR] 2025-11-19 08:38:21,554: Traceback (most recent call last):
  File "/opt/ros/noetic/lib/python3/dist-packages/rosmaster/threadpool.py", line 218, in run
    result = cmd(*args)
  File "/opt/ros/noetic/lib/python3/dist-packages/rosmaster/master_api.py", line 210, in publisher_update_task
    ret = xmlrpcapi(api).publisherUpdate('/master', topic, pub_uris)
  File "/usr/lib/python3.8/xmlrpc/client.py", line 1109, in __call__
    return self.__send(self.__name, args)
  File "/usr/lib/python3.8/xmlrpc/client.py", line 1450, in __request
    response = self.__transport.request(
  File "/usr/lib/python3.8/xmlrpc/client.py", line 1153, in request
    return self.single_request(host, handler, request_body, verbose)
  File "/usr/lib/python3.8/xmlrpc/client.py", line 1169, in single_request
    return self.parse_response(resp)
  File "/usr/lib/python3.8/xmlrpc/client.py", line 1341, in parse_response
    return u.close()
  File "/usr/lib/python3.8/xmlrpc/client.py", line 655, in close
    raise Fault(**self._stack[0])
xmlrpc.client.Fault: <Fault -1: 'publisherUpdate: unknown method name'>

[rosmaster.master][INFO] 2025-11-19 08:38:21,557: publisherUpdate[/move_group/cancel] -> http://127.0.0.1:39653/ []
[rosmaster.master][INFO] 2025-11-19 08:38:21,558: -PUB [/xtion/rgb/image_rect] /xtion/rgb/image_proc http://127.0.0.1:34729/
[rosmaster.master][INFO] 2025-11-19 08:38:21,560: -PUB [/rosout] /head_controller/point_head_action http://127.0.0.1:40699/
[rosmaster.master][INFO] 2025-11-19 08:38:21,562: -PUB [/pickup/cancel] /play_motion http://127.0.0.1:33631/
[rosmaster.master][INFO] 2025-11-19 08:38:21,564: publisherUpdate[/move_group/status] -> http://127.0.0.1:33631/ []: sec=0.01, exception=<Fault -1: 'publisherUpdate: unknown method name'>
[rosmaster.threadpool][ERROR] 2025-11-19 08:38:21,577: Traceback (most recent call last):
  File "/opt/ros/noetic/lib/python3/dist-packages/rosmaster/threadpool.py", line 218, in run
    result = cmd(*args)
  File "/opt/ros/noetic/lib/python3/dist-packages/rosmaster/master_api.py", line 210, in publisher_update_task
    ret = xmlrpcapi(api).publisherUpdate('/master', topic, pub_uris)
  File "/usr/lib/python3.8/xmlrpc/client.py", line 1109, in __call__
    return self.__send(self.__name, args)
  File "/usr/lib/python3.8/xmlrpc/client.py", line 1450, in __request
    response = self.__transport.request(
  File "/usr/lib/python3.8/xmlrpc/client.py", line 1153, in request
    return self.single_request(host, handler, request_body, verbose)
  File "/usr/lib/python3.8/xmlrpc/client.py", line 1169, in single_request
    return self.parse_response(resp)
  File "/usr/lib/python3.8/xmlrpc/client.py", line 1341, in parse_response
    return u.close()
  File "/usr/lib/python3.8/xmlrpc/client.py", line 655, in close
    raise Fault(**self._stack[0])
xmlrpc.client.Fault: <Fault -1: 'publisherUpdate: unknown method name'>

[rosmaster.master][INFO] 2025-11-19 08:38:21,570: publisherUpdate[/move_group/cancel] -> http://127.0.0.1:39653/ []: sec=0.01, exception=<Fault -1: 'publisherUpdate: unknown method name'>
[rosmaster.threadpool][ERROR] 2025-11-19 08:38:21,582: Traceback (most recent call last):
  File "/opt/ros/noetic/lib/python3/dist-packages/rosmaster/threadpool.py", line 218, in run
    result = cmd(*args)
  File "/opt/ros/noetic/lib/python3/dist-packages/rosmaster/master_api.py", line 210, in publisher_update_task
    ret = xmlrpcapi(api).publisherUpdate('/master', topic, pub_uris)
  File "/usr/lib/python3.8/xmlrpc/client.py", line 1109, in __call__
    return self.__send(self.__name, args)
  File "/usr/lib/python3.8/xmlrpc/client.py", line 1450, in __request
    response = self.__transport.request(
  File "/usr/lib/python3.8/xmlrpc/client.py", line 1153, in request
    return self.single_request(host, handler, request_body, verbose)
  File "/usr/lib/python3.8/xmlrpc/client.py", line 1169, in single_request
    return self.parse_response(resp)
  File "/usr/lib/python3.8/xmlrpc/client.py", line 1341, in parse_response
    return u.close()
  File "/usr/lib/python3.8/xmlrpc/client.py", line 655, in close
    raise Fault(**self._stack[0])
xmlrpc.client.Fault: <Fault -1: 'publisherUpdate: unknown method name'>

[rosmaster.master][INFO] 2025-11-19 08:38:21,582: publisherUpdate[/pickup/goal] -> http://127.0.0.1:39653/ []
[rosmaster.master][INFO] 2025-11-19 08:38:21,576: -PUB [/place/status] /move_group http://127.0.0.1:39653/
[rosmaster.master][INFO] 2025-11-19 08:38:21,581: publisherUpdate[/pickup/result] -> http://127.0.0.1:33631/ []
[rosmaster.master][INFO] 2025-11-19 08:38:21,588: publisherUpdate[/pickup/result] -> http://127.0.0.1:33631/ []: sec=0.00, exception=<Fault -1: 'publisherUpdate: unknown method name'>
[rosmaster.threadpool][ERROR] 2025-11-19 08:38:21,589: Traceback (most recent call last):
  File "/opt/ros/noetic/lib/python3/dist-packages/rosmaster/threadpool.py", line 218, in run
    result = cmd(*args)
  File "/opt/ros/noetic/lib/python3/dist-packages/rosmaster/master_api.py", line 210, in publisher_update_task
    ret = xmlrpcapi(api).publisherUpdate('/master', topic, pub_uris)
  File "/usr/lib/python3.8/xmlrpc/client.py", line 1109, in __call__
    return self.__send(self.__name, args)
  File "/usr/lib/python3.8/xmlrpc/client.py", line 1450, in __request
    response = self.__transport.request(
  File "/usr/lib/python3.8/xmlrpc/client.py", line 1153, in request
    return self.single_request(host, handler, request_body, verbose)
  File "/usr/lib/python3.8/xmlrpc/client.py", line 1169, in single_request
    return self.parse_response(resp)
  File "/usr/lib/python3.8/xmlrpc/client.py", line 1341, in parse_response
    return u.close()
  File "/usr/lib/python3.8/xmlrpc/client.py", line 655, in close
    raise Fault(**self._stack[0])
xmlrpc.client.Fault: <Fault -1: 'publisherUpdate: unknown method name'>

[rosmaster.master][INFO] 2025-11-19 08:38:21,593: publisherUpdate[/pickup/feedback] -> http://127.0.0.1:33631/ []
[rosmaster.master][INFO] 2025-11-19 08:38:21,592: -PUB [/xtion/rgb/image_rect/theora] /xtion/rgb/image_proc http://127.0.0.1:34729/
[rosmaster.master][INFO] 2025-11-19 08:38:21,591: publisherUpdate[/pickup/goal] -> http://127.0.0.1:39653/ []: sec=0.01, exception=<Fault -1: 'publisherUpdate: unknown method name'>
[rosmaster.master][INFO] 2025-11-19 08:38:21,594: publisherUpdate[/rosout] -> http://127.0.0.1:38733/ ['http://127.0.0.1:35475/', 'http://127.0.0.1:46399/', 'http://127.0.0.1:33261/', 'http://127.0.0.1:34681/', 'http://127.0.0.1:32799/']
[rosmaster.master][INFO] 2025-11-19 08:38:21,600: publisherUpdate[/rosout] -> http://127.0.0.1:38733/ ['http://127.0.0.1:35475/', 'http://127.0.0.1:46399/', 'http://127.0.0.1:33261/', 'http://127.0.0.1:34681/', 'http://127.0.0.1:32799/']: sec=0.00, result=[1, '', 0]
[rosmaster.master][INFO] 2025-11-19 08:38:21,600: publisherUpdate[/pickup/cancel] -> http://127.0.0.1:39653/ []
[rosmaster.master][INFO] 2025-11-19 08:38:21,602: -PUB [/head_controller/command] /head_controller/point_head_action http://127.0.0.1:40699/
[rosmaster.threadpool][ERROR] 2025-11-19 08:38:21,606: Traceback (most recent call last):
  File "/opt/ros/noetic/lib/python3/dist-packages/rosmaster/threadpool.py", line 218, in run
    result = cmd(*args)
  File "/opt/ros/noetic/lib/python3/dist-packages/rosmaster/master_api.py", line 210, in publisher_update_task
    ret = xmlrpcapi(api).publisherUpdate('/master', topic, pub_uris)
  File "/usr/lib/python3.8/xmlrpc/client.py", line 1109, in __call__
    return self.__send(self.__name, args)
  File "/usr/lib/python3.8/xmlrpc/client.py", line 1450, in __request
    response = self.__transport.request(
  File "/usr/lib/python3.8/xmlrpc/client.py", line 1153, in request
    return self.single_request(host, handler, request_body, verbose)
  File "/usr/lib/python3.8/xmlrpc/client.py", line 1169, in single_request
    return self.parse_response(resp)
  File "/usr/lib/python3.8/xmlrpc/client.py", line 1341, in parse_response
    return u.close()
  File "/usr/lib/python3.8/xmlrpc/client.py", line 655, in close
    raise Fault(**self._stack[0])
xmlrpc.client.Fault: <Fault -1: 'publisherUpdate: unknown method name'>

[rosmaster.master][INFO] 2025-11-19 08:38:21,606: publisherUpdate[/head_controller/command] -> http://127.0.0.1:35475/ []
[rosmaster.master][INFO] 2025-11-19 08:38:21,605: publisherUpdate[/pickup/feedback] -> http://127.0.0.1:33631/ []: sec=0.01, exception=<Fault -1: 'publisherUpdate: unknown method name'>
[rosmaster.threadpool][ERROR] 2025-11-19 08:38:21,609: Traceback (most recent call last):
  File "/opt/ros/noetic/lib/python3/dist-packages/rosmaster/threadpool.py", line 218, in run
    result = cmd(*args)
  File "/opt/ros/noetic/lib/python3/dist-packages/rosmaster/master_api.py", line 210, in publisher_update_task
    ret = xmlrpcapi(api).publisherUpdate('/master', topic, pub_uris)
  File "/usr/lib/python3.8/xmlrpc/client.py", line 1109, in __call__
    return self.__send(self.__name, args)
  File "/usr/lib/python3.8/xmlrpc/client.py", line 1450, in __request
    response = self.__transport.request(
  File "/usr/lib/python3.8/xmlrpc/client.py", line 1153, in request
    return self.single_request(host, handler, request_body, verbose)
  File "/usr/lib/python3.8/xmlrpc/client.py", line 1169, in single_request
    return self.parse_response(resp)
  File "/usr/lib/python3.8/xmlrpc/client.py", line 1341, in parse_response
    return u.close()
  File "/usr/lib/python3.8/xmlrpc/client.py", line 655, in close
    raise Fault(**self._stack[0])
xmlrpc.client.Fault: <Fault -1: 'publisherUpdate: unknown method name'>

[rosmaster.master][INFO] 2025-11-19 08:38:21,609: publisherUpdate[/pickup/status] -> http://127.0.0.1:33631/ []
[rosmaster.master][INFO] 2025-11-19 08:38:21,612: -PUB [/place/goal] /play_motion http://127.0.0.1:33631/
[rosmaster.master][INFO] 2025-11-19 08:38:21,616: publisherUpdate[/pickup/cancel] -> http://127.0.0.1:39653/ []: sec=0.02, exception=<Fault -1: 'publisherUpdate: unknown method name'>
[rosmaster.threadpool][ERROR] 2025-11-19 08:38:21,618: Traceback (most recent call last):
  File "/opt/ros/noetic/lib/python3/dist-packages/rosmaster/threadpool.py", line 218, in run
    result = cmd(*args)
  File "/opt/ros/noetic/lib/python3/dist-packages/rosmaster/master_api.py", line 210, in publisher_update_task
    ret = xmlrpcapi(api).publisherUpdate('/master', topic, pub_uris)
  File "/usr/lib/python3.8/xmlrpc/client.py", line 1109, in __call__
    return self.__send(self.__name, args)
  File "/usr/lib/python3.8/xmlrpc/client.py", line 1450, in __request
    response = self.__transport.request(
  File "/usr/lib/python3.8/xmlrpc/client.py", line 1153, in request
    return self.single_request(host, handler, request_body, verbose)
  File "/usr/lib/python3.8/xmlrpc/client.py", line 1169, in single_request
    return self.parse_response(resp)
  File "/usr/lib/python3.8/xmlrpc/client.py", line 1341, in parse_response
    return u.close()
  File "/usr/lib/python3.8/xmlrpc/client.py", line 655, in close
    raise Fault(**self._stack[0])
xmlrpc.client.Fault: <Fault -1: 'publisherUpdate: unknown method name'>

[rosmaster.master][INFO] 2025-11-19 08:38:21,620: publisherUpdate[/place/goal] -> http://127.0.0.1:39653/ []
[rosmaster.master][INFO] 2025-11-19 08:38:21,620: -SUB [/clock] /move_group http://127.0.0.1:39653/
[rosmaster.master][INFO] 2025-11-19 08:38:21,624: -PUB [/place/cancel] /play_motion http://127.0.0.1:33631/
[rosmaster.master][INFO] 2025-11-19 08:38:21,620: publisherUpdate[/head_controller/command] -> http://127.0.0.1:35475/ []: sec=0.01, result=[1, '', 0]
[rosmaster.master][INFO] 2025-11-19 08:38:21,627: -PUB [/xtion/rgb/image_rect/theora/parameter_descriptions] /xtion/rgb/image_proc http://127.0.0.1:34729/
[rosmaster.master][INFO] 2025-11-19 08:38:21,628: publisherUpdate[/pickup/status] -> http://127.0.0.1:33631/ []: sec=0.02, exception=<Fault -1: 'publisherUpdate: unknown method name'>
[rosmaster.threadpool][ERROR] 2025-11-19 08:38:21,636: Traceback (most recent call last):
  File "/opt/ros/noetic/lib/python3/dist-packages/rosmaster/threadpool.py", line 218, in run
    result = cmd(*args)
  File "/opt/ros/noetic/lib/python3/dist-packages/rosmaster/master_api.py", line 210, in publisher_update_task
    ret = xmlrpcapi(api).publisherUpdate('/master', topic, pub_uris)
  File "/usr/lib/python3.8/xmlrpc/client.py", line 1109, in __call__
    return self.__send(self.__name, args)
  File "/usr/lib/python3.8/xmlrpc/client.py", line 1450, in __request
    response = self.__transport.request(
  File "/usr/lib/python3.8/xmlrpc/client.py", line 1153, in request
    return self.single_request(host, handler, request_body, verbose)
  File "/usr/lib/python3.8/xmlrpc/client.py", line 1169, in single_request
    return self.parse_response(resp)
  File "/usr/lib/python3.8/xmlrpc/client.py", line 1341, in parse_response
    return u.close()
  File "/usr/lib/python3.8/xmlrpc/client.py", line 655, in close
    raise Fault(**self._stack[0])
xmlrpc.client.Fault: <Fault -1: 'publisherUpdate: unknown method name'>

[rosmaster.master][INFO] 2025-11-19 08:38:21,637: publisherUpdate[/place/result] -> http://127.0.0.1:33631/ []
[rosmaster.master][INFO] 2025-11-19 08:38:21,638: -SUB [/tf] /move_group http://127.0.0.1:39653/
[rosmaster.master][INFO] 2025-11-19 08:38:21,638: -PUB [/head_controller/point_head_action/result] /head_controller/point_head_action http://127.0.0.1:40699/
[rosmaster.master][INFO] 2025-11-19 08:38:21,632: publisherUpdate[/place/goal] -> http://127.0.0.1:39653/ []: sec=0.01, exception=<Fault -1: 'publisherUpdate: unknown method name'>
[rosmaster.threadpool][ERROR] 2025-11-19 08:38:21,640: Traceback (most recent call last):
  File "/opt/ros/noetic/lib/python3/dist-packages/rosmaster/threadpool.py", line 218, in run
    result = cmd(*args)
  File "/opt/ros/noetic/lib/python3/dist-packages/rosmaster/master_api.py", line 210, in publisher_update_task
    ret = xmlrpcapi(api).publisherUpdate('/master', topic, pub_uris)
  File "/usr/lib/python3.8/xmlrpc/client.py", line 1109, in __call__
    return self.__send(self.__name, args)
  File "/usr/lib/python3.8/xmlrpc/client.py", line 1450, in __request
    response = self.__transport.request(
  File "/usr/lib/python3.8/xmlrpc/client.py", line 1153, in request
    return self.single_request(host, handler, request_body, verbose)
  File "/usr/lib/python3.8/xmlrpc/client.py", line 1169, in single_request
    return self.parse_response(resp)
  File "/usr/lib/python3.8/xmlrpc/client.py", line 1341, in parse_response
    return u.close()
  File "/usr/lib/python3.8/xmlrpc/client.py", line 655, in close
    raise Fault(**self._stack[0])
xmlrpc.client.Fault: <Fault -1: 'publisherUpdate: unknown method name'>

[rosmaster.master][INFO] 2025-11-19 08:38:21,641: publisherUpdate[/place/cancel] -> http://127.0.0.1:39653/ []
[rosmaster.master][INFO] 2025-11-19 08:38:21,644: -PUB [/xtion/rgb/image_rect/theora/parameter_updates] /xtion/rgb/image_proc http://127.0.0.1:34729/
[rosmaster.master][INFO] 2025-11-19 08:38:21,644: -PUB [/execute_trajectory/goal] /play_motion http://127.0.0.1:33631/
[rosmaster.master][INFO] 2025-11-19 08:38:21,646: -PUB [/head_controller/point_head_action/feedback] /head_controller/point_head_action http://127.0.0.1:40699/
[rosmaster.master][INFO] 2025-11-19 08:38:21,651: publisherUpdate[/place/cancel] -> http://127.0.0.1:39653/ []: sec=0.01, exception=<Fault -1: 'publisherUpdate: unknown method name'>
[rosmaster.threadpool][ERROR] 2025-11-19 08:38:21,658: Traceback (most recent call last):
  File "/opt/ros/noetic/lib/python3/dist-packages/rosmaster/threadpool.py", line 218, in run
    result = cmd(*args)
  File "/opt/ros/noetic/lib/python3/dist-packages/rosmaster/master_api.py", line 210, in publisher_update_task
    ret = xmlrpcapi(api).publisherUpdate('/master', topic, pub_uris)
  File "/usr/lib/python3.8/xmlrpc/client.py", line 1109, in __call__
    return self.__send(self.__name, args)
  File "/usr/lib/python3.8/xmlrpc/client.py", line 1450, in __request
    response = self.__transport.request(
  File "/usr/lib/python3.8/xmlrpc/client.py", line 1153, in request
    return self.single_request(host, handler, request_body, verbose)
  File "/usr/lib/python3.8/xmlrpc/client.py", line 1169, in single_request
    return self.parse_response(resp)
  File "/usr/lib/python3.8/xmlrpc/client.py", line 1341, in parse_response
    return u.close()
  File "/usr/lib/python3.8/xmlrpc/client.py", line 655, in close
    raise Fault(**self._stack[0])
xmlrpc.client.Fault: <Fault -1: 'publisherUpdate: unknown method name'>

[rosmaster.master][INFO] 2025-11-19 08:38:21,659: publisherUpdate[/execute_trajectory/goal] -> http://127.0.0.1:39653/ []
[rosmaster.master][INFO] 2025-11-19 08:38:21,655: publisherUpdate[/place/result] -> http://127.0.0.1:33631/ []: sec=0.02, exception=<Fault -1: 'publisherUpdate: unknown method name'>
[rosmaster.master][INFO] 2025-11-19 08:38:21,656: -PUB [/xtion/rgb/image_proc_rectify_color/parameter_descriptions] /xtion/rgb/image_proc http://127.0.0.1:34729/
[rosmaster.threadpool][ERROR] 2025-11-19 08:38:21,661: Traceback (most recent call last):
  File "/opt/ros/noetic/lib/python3/dist-packages/rosmaster/threadpool.py", line 218, in run
    result = cmd(*args)
  File "/opt/ros/noetic/lib/python3/dist-packages/rosmaster/master_api.py", line 210, in publisher_update_task
    ret = xmlrpcapi(api).publisherUpdate('/master', topic, pub_uris)
  File "/usr/lib/python3.8/xmlrpc/client.py", line 1109, in __call__
    return self.__send(self.__name, args)
  File "/usr/lib/python3.8/xmlrpc/client.py", line 1450, in __request
    response = self.__transport.request(
  File "/usr/lib/python3.8/xmlrpc/client.py", line 1153, in request
    return self.single_request(host, handler, request_body, verbose)
  File "/usr/lib/python3.8/xmlrpc/client.py", line 1169, in single_request
    return self.parse_response(resp)
  File "/usr/lib/python3.8/xmlrpc/client.py", line 1341, in parse_response
    return u.close()
  File "/usr/lib/python3.8/xmlrpc/client.py", line 655, in close
    raise Fault(**self._stack[0])
xmlrpc.client.Fault: <Fault -1: 'publisherUpdate: unknown method name'>

[rosmaster.master][INFO] 2025-11-19 08:38:21,666: publisherUpdate[/place/feedback] -> http://127.0.0.1:33631/ []
[rosmaster.master][INFO] 2025-11-19 08:38:21,664: -SUB [/tf_static] /move_group http://127.0.0.1:39653/
[rosmaster.master][INFO] 2025-11-19 08:38:21,664: publisherUpdate[/execute_trajectory/goal] -> http://127.0.0.1:39653/ []: sec=0.00, exception=<Fault -1: 'publisherUpdate: unknown method name'>
[rosmaster.threadpool][ERROR] 2025-11-19 08:38:21,670: Traceback (most recent call last):
  File "/opt/ros/noetic/lib/python3/dist-packages/rosmaster/threadpool.py", line 218, in run
    result = cmd(*args)
  File "/opt/ros/noetic/lib/python3/dist-packages/rosmaster/master_api.py", line 210, in publisher_update_task
    ret = xmlrpcapi(api).publisherUpdate('/master', topic, pub_uris)
  File "/usr/lib/python3.8/xmlrpc/client.py", line 1109, in __call__
    return self.__send(self.__name, args)
  File "/usr/lib/python3.8/xmlrpc/client.py", line 1450, in __request
    response = self.__transport.request(
  File "/usr/lib/python3.8/xmlrpc/client.py", line 1153, in request
    return self.single_request(host, handler, request_body, verbose)
  File "/usr/lib/python3.8/xmlrpc/client.py", line 1169, in single_request
    return self.parse_response(resp)
  File "/usr/lib/python3.8/xmlrpc/client.py", line 1341, in parse_response
    return u.close()
  File "/usr/lib/python3.8/xmlrpc/client.py", line 655, in close
    raise Fault(**self._stack[0])
xmlrpc.client.Fault: <Fault -1: 'publisherUpdate: unknown method name'>

[rosmaster.master][INFO] 2025-11-19 08:38:21,674: publisherUpdate[/execute_trajectory/cancel] -> http://127.0.0.1:39653/ []
[rosmaster.master][INFO] 2025-11-19 08:38:21,669: -PUB [/execute_trajectory/cancel] /play_motion http://127.0.0.1:33631/
[rosmaster.master][INFO] 2025-11-19 08:38:21,672: publisherUpdate[/place/feedback] -> http://127.0.0.1:33631/ []: sec=0.01, exception=<Fault -1: 'publisherUpdate: unknown method name'>
[rosmaster.threadpool][ERROR] 2025-11-19 08:38:21,678: Traceback (most recent call last):
  File "/opt/ros/noetic/lib/python3/dist-packages/rosmaster/threadpool.py", line 218, in run
    result = cmd(*args)
  File "/opt/ros/noetic/lib/python3/dist-packages/rosmaster/master_api.py", line 210, in publisher_update_task
    ret = xmlrpcapi(api).publisherUpdate('/master', topic, pub_uris)
  File "/usr/lib/python3.8/xmlrpc/client.py", line 1109, in __call__
    return self.__send(self.__name, args)
  File "/usr/lib/python3.8/xmlrpc/client.py", line 1450, in __request
    response = self.__transport.request(
  File "/usr/lib/python3.8/xmlrpc/client.py", line 1153, in request
    return self.single_request(host, handler, request_body, verbose)
  File "/usr/lib/python3.8/xmlrpc/client.py", line 1169, in single_request
    return self.parse_response(resp)
  File "/usr/lib/python3.8/xmlrpc/client.py", line 1341, in parse_response
    return u.close()
  File "/usr/lib/python3.8/xmlrpc/client.py", line 655, in close
    raise Fault(**self._stack[0])
xmlrpc.client.Fault: <Fault -1: 'publisherUpdate: unknown method name'>

[rosmaster.master][INFO] 2025-11-19 08:38:21,680: publisherUpdate[/place/status] -> http://127.0.0.1:33631/ []
[rosmaster.master][INFO] 2025-11-19 08:38:21,681: -PUB [/head_controller/point_head_action/status] /head_controller/point_head_action http://127.0.0.1:40699/
[rosmaster.master][INFO] 2025-11-19 08:38:21,687: -PUB [/xtion/rgb/image_proc_rectify_color/parameter_updates] /xtion/rgb/image_proc http://127.0.0.1:34729/
[rosmaster.master][INFO] 2025-11-19 08:38:21,683: publisherUpdate[/execute_trajectory/cancel] -> http://127.0.0.1:39653/ []: sec=0.01, exception=<Fault -1: 'publisherUpdate: unknown method name'>
[rosmaster.threadpool][ERROR] 2025-11-19 08:38:21,690: Traceback (most recent call last):
  File "/opt/ros/noetic/lib/python3/dist-packages/rosmaster/threadpool.py", line 218, in run
    result = cmd(*args)
  File "/opt/ros/noetic/lib/python3/dist-packages/rosmaster/master_api.py", line 210, in publisher_update_task
    ret = xmlrpcapi(api).publisherUpdate('/master', topic, pub_uris)
  File "/usr/lib/python3.8/xmlrpc/client.py", line 1109, in __call__
    return self.__send(self.__name, args)
  File "/usr/lib/python3.8/xmlrpc/client.py", line 1450, in __request
    response = self.__transport.request(
  File "/usr/lib/python3.8/xmlrpc/client.py", line 1153, in request
    return self.single_request(host, handler, request_body, verbose)
  File "/usr/lib/python3.8/xmlrpc/client.py", line 1169, in single_request
    return self.parse_response(resp)
  File "/usr/lib/python3.8/xmlrpc/client.py", line 1341, in parse_response
    return u.close()
  File "/usr/lib/python3.8/xmlrpc/client.py", line 655, in close
    raise Fault(**self._stack[0])
xmlrpc.client.Fault: <Fault -1: 'publisherUpdate: unknown method name'>

[rosmaster.master][INFO] 2025-11-19 08:38:21,690: -SUB [/joint_states] /move_group http://127.0.0.1:39653/
[rosmaster.master][INFO] 2025-11-19 08:38:21,696: publisherUpdate[/place/status] -> http://127.0.0.1:33631/ []: sec=0.01, exception=<Fault -1: 'publisherUpdate: unknown method name'>
[rosmaster.master][INFO] 2025-11-19 08:38:21,697: -PUB [/play_motion/result] /play_motion http://127.0.0.1:33631/
[rosmaster.master][INFO] 2025-11-19 08:38:21,700: -SUB [/clock] /head_controller/point_head_action http://127.0.0.1:40699/
[rosmaster.threadpool][ERROR] 2025-11-19 08:38:21,699: Traceback (most recent call last):
  File "/opt/ros/noetic/lib/python3/dist-packages/rosmaster/threadpool.py", line 218, in run
    result = cmd(*args)
  File "/opt/ros/noetic/lib/python3/dist-packages/rosmaster/master_api.py", line 210, in publisher_update_task
    ret = xmlrpcapi(api).publisherUpdate('/master', topic, pub_uris)
  File "/usr/lib/python3.8/xmlrpc/client.py", line 1109, in __call__
    return self.__send(self.__name, args)
  File "/usr/lib/python3.8/xmlrpc/client.py", line 1450, in __request
    response = self.__transport.request(
  File "/usr/lib/python3.8/xmlrpc/client.py", line 1153, in request
    return self.single_request(host, handler, request_body, verbose)
  File "/usr/lib/python3.8/xmlrpc/client.py", line 1169, in single_request
    return self.parse_response(resp)
  File "/usr/lib/python3.8/xmlrpc/client.py", line 1341, in parse_response
    return u.close()
  File "/usr/lib/python3.8/xmlrpc/client.py", line 655, in close
    raise Fault(**self._stack[0])
xmlrpc.client.Fault: <Fault -1: 'publisherUpdate: unknown method name'>

[rosmaster.master][INFO] 2025-11-19 08:38:21,702: -PUB [/xtion/rgb/image_rect_color/compressedDepth] /xtion/rgb/image_proc http://127.0.0.1:34729/
[rosmaster.master][INFO] 2025-11-19 08:38:21,704: -PUB [/play_motion/feedback] /play_motion http://127.0.0.1:33631/
[rosmaster.master][INFO] 2025-11-19 08:38:21,707: -SUB [/attached_collision_object] /move_group http://127.0.0.1:39653/
[rosmaster.master][INFO] 2025-11-19 08:38:21,708: -SUB [/tf] /head_controller/point_head_action http://127.0.0.1:40699/
[rosmaster.master][INFO] 2025-11-19 08:38:21,713: -PUB [/xtion/rgb/image_rect_color/compressedDepth/parameter_descriptions] /xtion/rgb/image_proc http://127.0.0.1:34729/
[rosmaster.master][INFO] 2025-11-19 08:38:21,714: -SUB [/planning_scene] /move_group http://127.0.0.1:39653/
[rosmaster.master][INFO] 2025-11-19 08:38:21,716: -PUB [/play_motion/status] /play_motion http://127.0.0.1:33631/
[rosmaster.master][INFO] 2025-11-19 08:38:21,721: -SUB [/tf_static] /head_controller/point_head_action http://127.0.0.1:40699/
[rosmaster.master][INFO] 2025-11-19 08:38:21,722: -PUB [/xtion/rgb/image_rect_color/compressedDepth/parameter_updates] /xtion/rgb/image_proc http://127.0.0.1:34729/
[rosmaster.master][INFO] 2025-11-19 08:38:21,727: -SUB [/collision_object] /move_group http://127.0.0.1:39653/
[rosmaster.master][INFO] 2025-11-19 08:38:21,728: -SUB [/head_controller/state] /head_controller/point_head_action http://127.0.0.1:40699/
[rosmaster.master][INFO] 2025-11-19 08:38:21,729: -PUB [/xtion/rgb/image_rect_color/compressed] /xtion/rgb/image_proc http://127.0.0.1:34729/
[rosmaster.master][INFO] 2025-11-19 08:38:21,733: -PUB [/diagnostics] /play_motion http://127.0.0.1:33631/
[rosmaster.master][INFO] 2025-11-19 08:38:21,736: -SUB [/planning_scene_world] /move_group http://127.0.0.1:39653/
[rosmaster.master][INFO] 2025-11-19 08:38:21,739: -SUB [/head_controller/point_head_action/goal] /head_controller/point_head_action http://127.0.0.1:40699/
[rosmaster.master][INFO] 2025-11-19 08:38:21,743: -PUB [/xtion/rgb/image_rect_color/compressed/parameter_descriptions] /xtion/rgb/image_proc http://127.0.0.1:34729/
[rosmaster.master][INFO] 2025-11-19 08:38:21,746: -PUB [/arm_controller/follow_joint_trajectory/goal] /play_motion http://127.0.0.1:33631/
[rosmaster.master][INFO] 2025-11-19 08:38:21,748: -PUB [/xtion/rgb/image_rect_color/compressed/parameter_updates] /xtion/rgb/image_proc http://127.0.0.1:34729/
[rosmaster.master][INFO] 2025-11-19 08:38:21,750: -SUB [/head_controller/point_head_action/cancel] /head_controller/point_head_action http://127.0.0.1:40699/
[rosmaster.master][INFO] 2025-11-19 08:38:21,755: -SUB [/arm_controller/follow_joint_trajectory/status] /move_group http://127.0.0.1:39653/
[rosmaster.master][INFO] 2025-11-19 08:38:21,757: -PUB [/arm_controller/follow_joint_trajectory/cancel] /play_motion http://127.0.0.1:33631/
[rosmaster.master][INFO] 2025-11-19 08:38:21,761: -SERVICE [/head_controller/point_head_action/get_loggers] /head_controller/point_head_action rosrpc://127.0.0.1:56865
[rosmaster.master][INFO] 2025-11-19 08:38:21,762: -PUB [/xtion/rgb/image_rect_color] /xtion/rgb/image_proc http://127.0.0.1:34729/
[rosmaster.master][INFO] 2025-11-19 08:38:21,764: -SERVICE [/head_controller/point_head_action/set_logger_level] /head_controller/point_head_action rosrpc://127.0.0.1:56865
[rosmaster.master][INFO] 2025-11-19 08:38:21,766: -SUB [/arm_controller/follow_joint_trajectory/feedback] /move_group http://127.0.0.1:39653/
[rosmaster.master][INFO] 2025-11-19 08:38:21,767: -PUB [/gripper_controller/follow_joint_trajectory/goal] /play_motion http://127.0.0.1:33631/
[rosmaster.master][INFO] 2025-11-19 08:38:21,770: -CACHEDPARAM [/rosout_disable_topics_generation] by /head_controller/point_head_action
[rosmaster.master][INFO] 2025-11-19 08:38:21,771: -PUB [/xtion/rgb/image_rect_color/theora] /xtion/rgb/image_proc http://127.0.0.1:34729/
[rosmaster.master][INFO] 2025-11-19 08:38:21,774: -PUB [/gripper_controller/follow_joint_trajectory/cancel] /play_motion http://127.0.0.1:33631/
[rosmaster.master][INFO] 2025-11-19 08:38:21,777: -SUB [/arm_controller/follow_joint_trajectory/result] /move_group http://127.0.0.1:39653/
[rosmaster.master][INFO] 2025-11-19 08:38:21,779: -PUB [/head_controller/follow_joint_trajectory/goal] /play_motion http://127.0.0.1:33631/
[rosmaster.master][INFO] 2025-11-19 08:38:21,782: -PUB [/xtion/rgb/image_rect_color/theora/parameter_descriptions] /xtion/rgb/image_proc http://127.0.0.1:34729/
[rosmaster.master][INFO] 2025-11-19 08:38:21,784: -PUB [/head_controller/follow_joint_trajectory/cancel] /play_motion http://127.0.0.1:33631/
[rosmaster.master][INFO] 2025-11-19 08:38:21,785: -SUB [/torso_controller/follow_joint_trajectory/status] /move_group http://127.0.0.1:39653/
[rosmaster.master][INFO] 2025-11-19 08:38:21,787: -SUB [/torso_controller/follow_joint_trajectory/feedback] /move_group http://127.0.0.1:39653/
[rosmaster.master][INFO] 2025-11-19 08:38:21,791: -PUB [/xtion/rgb/image_rect_color/theora/parameter_updates] /xtion/rgb/image_proc http://127.0.0.1:34729/
[rosmaster.master][INFO] 2025-11-19 08:38:21,792: -PUB [/torso_controller/follow_joint_trajectory/goal] /play_motion http://127.0.0.1:33631/
[rosmaster.master][INFO] 2025-11-19 08:38:21,794: publisherUpdate[/arm_controller/follow_joint_trajectory/goal] -> http://127.0.0.1:35475/ []
[rosmaster.master][INFO] 2025-11-19 08:38:21,796: -SUB [/torso_controller/follow_joint_trajectory/result] /move_group http://127.0.0.1:39653/
[rosmaster.master][INFO] 2025-11-19 08:38:21,798: -SUB [/clock] /xtion/rgb/image_proc http://127.0.0.1:34729/
[rosmaster.master][INFO] 2025-11-19 08:38:21,800: publisherUpdate[/arm_controller/follow_joint_trajectory/goal] -> http://127.0.0.1:35475/ []: sec=0.01, result=[1, '', 0]
[rosmaster.master][INFO] 2025-11-19 08:38:21,802: publisherUpdate[/arm_controller/follow_joint_trajectory/cancel] -> http://127.0.0.1:35475/ []
[rosmaster.master][INFO] 2025-11-19 08:38:21,805: -SERVICE [/xtion/rgb/image_proc/get_loggers] /xtion/rgb/image_proc rosrpc://127.0.0.1:49529
[rosmaster.master][INFO] 2025-11-19 08:38:21,806: -PUB [/torso_controller/follow_joint_trajectory/cancel] /play_motion http://127.0.0.1:33631/
[rosmaster.master][INFO] 2025-11-19 08:38:21,807: -SUB [/head_controller/follow_joint_trajectory/status] /move_group http://127.0.0.1:39653/
[rosmaster.master][INFO] 2025-11-19 08:38:21,810: publisherUpdate[/arm_controller/follow_joint_trajectory/cancel] -> http://127.0.0.1:35475/ []: sec=0.01, result=[1, '', 0]
[rosmaster.master][INFO] 2025-11-19 08:38:21,811: publisherUpdate[/gripper_controller/follow_joint_trajectory/goal] -> http://127.0.0.1:35475/ []
[rosmaster.master][INFO] 2025-11-19 08:38:21,813: -SUB [/head_controller/follow_joint_trajectory/feedback] /move_group http://127.0.0.1:39653/
[rosmaster.master][INFO] 2025-11-19 08:38:21,815: -SUB [/clock] /play_motion http://127.0.0.1:33631/
[rosmaster.master][INFO] 2025-11-19 08:38:21,818: -SERVICE [/xtion/rgb/image_proc/set_logger_level] /xtion/rgb/image_proc rosrpc://127.0.0.1:49529
[rosmaster.master][INFO] 2025-11-19 08:38:21,822: -SERVICE [/xtion/rgb/image_proc_debayer/set_parameters] /xtion/rgb/image_proc rosrpc://127.0.0.1:49529
[rosmaster.master][INFO] 2025-11-19 08:38:21,820: publisherUpdate[/gripper_controller/follow_joint_trajectory/goal] -> http://127.0.0.1:35475/ []: sec=0.01, result=[1, '', 0]
[rosmaster.master][INFO] 2025-11-19 08:38:21,825: publisherUpdate[/gripper_controller/follow_joint_trajectory/cancel] -> http://127.0.0.1:35475/ []
[rosmaster.master][INFO] 2025-11-19 08:38:21,827: -SUB [/joint_states] /play_motion http://127.0.0.1:33631/
[rosmaster.master][INFO] 2025-11-19 08:38:21,827: -SUB [/head_controller/follow_joint_trajectory/result] /move_group http://127.0.0.1:39653/
[rosmaster.master][INFO] 2025-11-19 08:38:21,830: publisherUpdate[/gripper_controller/follow_joint_trajectory/cancel] -> http://127.0.0.1:35475/ []: sec=0.00, result=[1, '', 0]
[rosmaster.master][INFO] 2025-11-19 08:38:21,830: publisherUpdate[/head_controller/follow_joint_trajectory/goal] -> http://127.0.0.1:35475/ []
[rosmaster.master][INFO] 2025-11-19 08:38:21,833: publisherUpdate[/head_controller/follow_joint_trajectory/goal] -> http://127.0.0.1:35475/ []: sec=0.00, result=[1, '', 0]
[rosmaster.master][INFO] 2025-11-19 08:38:21,833: publisherUpdate[/head_controller/follow_joint_trajectory/cancel] -> http://127.0.0.1:35475/ []
[rosmaster.master][INFO] 2025-11-19 08:38:21,836: publisherUpdate[/head_controller/follow_joint_trajectory/cancel] -> http://127.0.0.1:35475/ []: sec=0.00, result=[1, '', 0]
[rosmaster.master][INFO] 2025-11-19 08:38:21,836: publisherUpdate[/torso_controller/follow_joint_trajectory/goal] -> http://127.0.0.1:35475/ []
[rosmaster.master][INFO] 2025-11-19 08:38:21,839: publisherUpdate[/torso_controller/follow_joint_trajectory/goal] -> http://127.0.0.1:35475/ []: sec=0.00, result=[1, '', 0]
[rosmaster.master][INFO] 2025-11-19 08:38:21,839: publisherUpdate[/torso_controller/follow_joint_trajectory/cancel] -> http://127.0.0.1:35475/ []
[rosmaster.master][INFO] 2025-11-19 08:38:21,842: publisherUpdate[/torso_controller/follow_joint_trajectory/cancel] -> http://127.0.0.1:35475/ []: sec=0.00, result=[1, '', 0]
[rosmaster.master][INFO] 2025-11-19 08:38:21,887: -SUB [/tf] /play_motion http://127.0.0.1:33631/
[rosmaster.master][INFO] 2025-11-19 08:38:21,891: -SERVICE [/xtion/rgb/image_mono/compressedDepth/set_parameters] /xtion/rgb/image_proc rosrpc://127.0.0.1:49529
[rosmaster.master][INFO] 2025-11-19 08:38:21,894: -SUB [/gripper_controller/follow_joint_trajectory/status] /move_group http://127.0.0.1:39653/
[rosmaster.master][INFO] 2025-11-19 08:38:21,896: -SUB [/tf_static] /play_motion http://127.0.0.1:33631/
[rosmaster.master][INFO] 2025-11-19 08:38:21,900: -SERVICE [/xtion/rgb/image_mono/compressed/set_parameters] /xtion/rgb/image_proc rosrpc://127.0.0.1:49529
[rosmaster.master][INFO] 2025-11-19 08:38:21,901: -SUB [/gripper_controller/follow_joint_trajectory/feedback] /move_group http://127.0.0.1:39653/
[rosmaster.master][INFO] 2025-11-19 08:38:21,903: -SUB [/move_group/status] /play_motion http://127.0.0.1:33631/
[rosmaster.master][INFO] 2025-11-19 08:38:21,906: -SUB [/gripper_controller/follow_joint_trajectory/result] /move_group http://127.0.0.1:39653/
[rosmaster.master][INFO] 2025-11-19 08:38:21,908: -SERVICE [/xtion/rgb/image_mono/theora/set_parameters] /xtion/rgb/image_proc rosrpc://127.0.0.1:49529
[rosmaster.master][INFO] 2025-11-19 08:38:21,912: -SUB [/trajectory_execution_event] /move_group http://127.0.0.1:39653/
[rosmaster.master][INFO] 2025-11-19 08:38:21,913: -SERVICE [/xtion/rgb/image_color/compressedDepth/set_parameters] /xtion/rgb/image_proc rosrpc://127.0.0.1:49529
[rosmaster.master][INFO] 2025-11-19 08:38:21,916: -SUB [/move_group/feedback] /play_motion http://127.0.0.1:33631/
[rosmaster.master][INFO] 2025-11-19 08:38:21,919: -SERVICE [/xtion/rgb/image_color/compressed/set_parameters] /xtion/rgb/image_proc rosrpc://127.0.0.1:49529
[rosmaster.master][INFO] 2025-11-19 08:38:21,921: -SUB [/move_group/result] /play_motion http://127.0.0.1:33631/
[rosmaster.master][INFO] 2025-11-19 08:38:21,922: -SUB [/execute_trajectory/goal] /move_group http://127.0.0.1:39653/
[rosmaster.master][INFO] 2025-11-19 08:38:21,928: -SUB [/pickup/status] /play_motion http://127.0.0.1:33631/
[rosmaster.master][INFO] 2025-11-19 08:38:21,933: -SERVICE [/xtion/rgb/image_color/theora/set_parameters] /xtion/rgb/image_proc rosrpc://127.0.0.1:49529
[rosmaster.master][INFO] 2025-11-19 08:38:21,938: -SUB [/execute_trajectory/cancel] /move_group http://127.0.0.1:39653/
[rosmaster.master][INFO] 2025-11-19 08:38:21,941: -SUB [/pickup/feedback] /play_motion http://127.0.0.1:33631/
[rosmaster.master][INFO] 2025-11-19 08:38:21,950: -SERVICE [/xtion/rgb/image_proc_rectify_mono/set_parameters] /xtion/rgb/image_proc rosrpc://127.0.0.1:49529
[rosmaster.master][INFO] 2025-11-19 08:38:21,955: -SUB [/move_group/goal] /move_group http://127.0.0.1:39653/
[rosmaster.master][INFO] 2025-11-19 08:38:21,959: -SUB [/pickup/result] /play_motion http://127.0.0.1:33631/
[rosmaster.master][INFO] 2025-11-19 08:38:21,967: +CACHEDPARAM [/rosout_disable_topics_generation] by /default_controllers_spawner
[rosmaster.master][INFO] 2025-11-19 08:38:21,969: -SUB [/move_group/cancel] /move_group http://127.0.0.1:39653/
[rosmaster.master][INFO] 2025-11-19 08:38:21,974: -SERVICE [/xtion/rgb/image_rect/compressedDepth/set_parameters] /xtion/rgb/image_proc rosrpc://127.0.0.1:49529
[rosmaster.master][INFO] 2025-11-19 08:38:21,982: -SUB [/place/status] /play_motion http://127.0.0.1:33631/
[rosmaster.master][INFO] 2025-11-19 08:38:21,985: -SUB [/pickup/goal] /move_group http://127.0.0.1:39653/
[rosmaster.master][INFO] 2025-11-19 08:38:21,989: -SERVICE [/xtion/rgb/image_rect/compressed/set_parameters] /xtion/rgb/image_proc rosrpc://127.0.0.1:49529
[rosmaster.master][INFO] 2025-11-19 08:38:21,992: -SUB [/place/feedback] /play_motion http://127.0.0.1:33631/
[rosmaster.master][INFO] 2025-11-19 08:38:21,993: -SUB [/pickup/cancel] /move_group http://127.0.0.1:39653/
[rosmaster.master][INFO] 2025-11-19 08:38:21,996: -SERVICE [/xtion/rgb/image_rect/theora/set_parameters] /xtion/rgb/image_proc rosrpc://127.0.0.1:49529
[rosmaster.master][INFO] 2025-11-19 08:38:21,997: -SUB [/place/result] /play_motion http://127.0.0.1:33631/
[rosmaster.master][INFO] 2025-11-19 08:38:22,000: -SUB [/place/goal] /move_group http://127.0.0.1:39653/
[rosmaster.master][INFO] 2025-11-19 08:38:22,003: -SUB [/execute_trajectory/status] /play_motion http://127.0.0.1:33631/
[rosmaster.master][INFO] 2025-11-19 08:38:22,007: -SERVICE [/xtion/rgb/image_proc_rectify_color/set_parameters] /xtion/rgb/image_proc rosrpc://127.0.0.1:49529
[rosmaster.master][INFO] 2025-11-19 08:38:22,011: -SUB [/place/cancel] /move_group http://127.0.0.1:39653/
[rosmaster.master][INFO] 2025-11-19 08:38:22,013: -SUB [/execute_trajectory/feedback] /play_motion http://127.0.0.1:33631/
[rosmaster.master][INFO] 2025-11-19 08:38:22,017: -SERVICE [/move_group/get_loggers] /move_group rosrpc://127.0.0.1:40037
[rosmaster.master][INFO] 2025-11-19 08:38:22,020: -SERVICE [/xtion/rgb/image_rect_color/compressedDepth/set_parameters] /xtion/rgb/image_proc rosrpc://127.0.0.1:49529
[rosmaster.master][INFO] 2025-11-19 08:38:22,022: -SUB [/execute_trajectory/result] /play_motion http://127.0.0.1:33631/
[rosmaster.master][INFO] 2025-11-19 08:38:22,026: -SERVICE [/move_group/set_logger_level] /move_group rosrpc://127.0.0.1:40037
[rosmaster.master][INFO] 2025-11-19 08:38:22,031: -SERVICE [/xtion/rgb/image_rect_color/compressed/set_parameters] /xtion/rgb/image_proc rosrpc://127.0.0.1:49529
[rosmaster.master][INFO] 2025-11-19 08:38:22,034: -SUB [/play_motion/goal] /play_motion http://127.0.0.1:33631/
[rosmaster.master][INFO] 2025-11-19 08:38:22,037: -SERVICE [/move_group/planning_scene_monitor/set_parameters] /move_group rosrpc://127.0.0.1:40037
[rosmaster.master][INFO] 2025-11-19 08:38:22,040: -SERVICE [/xtion/rgb/image_rect_color/theora/set_parameters] /xtion/rgb/image_proc rosrpc://127.0.0.1:49529
[rosmaster.master][INFO] 2025-11-19 08:38:22,044: -SUB [/play_motion/cancel] /play_motion http://127.0.0.1:33631/
[rosmaster.master][INFO] 2025-11-19 08:38:22,047: -SERVICE [/move_group/save_map] /move_group rosrpc://127.0.0.1:40037
[rosmaster.master][INFO] 2025-11-19 08:38:22,050: -CACHEDPARAM [/rosout_disable_topics_generation] by /xtion/rgb/image_proc
[rosmaster.master][INFO] 2025-11-19 08:38:22,053: -SUB [/arm_controller/follow_joint_trajectory/status] /play_motion http://127.0.0.1:33631/
[rosmaster.master][INFO] 2025-11-19 08:38:22,055: -SERVICE [/move_group/load_map] /move_group rosrpc://127.0.0.1:40037
[rosmaster.master][INFO] 2025-11-19 08:38:22,058: -SUB [/arm_controller/follow_joint_trajectory/feedback] /play_motion http://127.0.0.1:33631/
[rosmaster.master][INFO] 2025-11-19 08:38:22,061: -SERVICE [/move_group/ompl/set_parameters] /move_group rosrpc://127.0.0.1:40037
[rosmaster.master][INFO] 2025-11-19 08:38:22,063: -SUB [/arm_controller/follow_joint_trajectory/result] /play_motion http://127.0.0.1:33631/
[rosmaster.master][INFO] 2025-11-19 08:38:22,066: -SERVICE [/move_group/trajectory_execution/set_parameters] /move_group rosrpc://127.0.0.1:40037
[rosmaster.master][INFO] 2025-11-19 08:38:22,068: -SERVICE [/move_group/plan_execution/set_parameters] /move_group rosrpc://127.0.0.1:40037
[rosmaster.master][INFO] 2025-11-19 08:38:22,071: -SUB [/gripper_controller/follow_joint_trajectory/status] /play_motion http://127.0.0.1:33631/
[rosmaster.master][INFO] 2025-11-19 08:38:22,073: -SERVICE [/move_group/sense_for_plan/set_parameters] /move_group rosrpc://127.0.0.1:40037
[rosmaster.master][INFO] 2025-11-19 08:38:22,076: -SUB [/gripper_controller/follow_joint_trajectory/feedback] /play_motion http://127.0.0.1:33631/
[rosmaster.master][INFO] 2025-11-19 08:38:22,078: -SERVICE [/apply_planning_scene] /move_group rosrpc://127.0.0.1:40037
[rosmaster.master][INFO] 2025-11-19 08:38:22,082: -SUB [/gripper_controller/follow_joint_trajectory/result] /play_motion http://127.0.0.1:33631/
[rosmaster.master][INFO] 2025-11-19 08:38:22,084: -SERVICE [/load_move_group_capabilities] /move_group rosrpc://127.0.0.1:40037
[rosmaster.master][INFO] 2025-11-19 08:38:22,089: -SUB [/gazebo/set_link_state] /gazebo http://127.0.0.1:35475/
[rosmaster.master][INFO] 2025-11-19 08:38:22,095: -SUB [/head_controller/follow_joint_trajectory/status] /play_motion http://127.0.0.1:33631/
[rosmaster.master][INFO] 2025-11-19 08:38:22,098: -SERVICE [/clear_octomap] /move_group rosrpc://127.0.0.1:40037
[rosmaster.master][INFO] 2025-11-19 08:38:22,103: -SUB [/head_controller/follow_joint_trajectory/feedback] /play_motion http://127.0.0.1:33631/
[rosmaster.master][INFO] 2025-11-19 08:38:22,107: -SUB [/gazebo/set_model_state] /gazebo http://127.0.0.1:35475/
[rosmaster.master][INFO] 2025-11-19 08:38:22,112: -SERVICE [/compute_cartesian_path] /move_group rosrpc://127.0.0.1:40037
[rosmaster.master][INFO] 2025-11-19 08:38:22,113: -SUB [/head_controller/follow_joint_trajectory/result] /play_motion http://127.0.0.1:33631/
[rosmaster.master][INFO] 2025-11-19 08:38:22,117: -PUB [/clock] /gazebo http://127.0.0.1:35475/
[rosmaster.master][INFO] 2025-11-19 08:38:22,118: -SERVICE [/get_planning_scene] /move_group rosrpc://127.0.0.1:40037
[rosmaster.master][INFO] 2025-11-19 08:38:22,121: -SERVICE [/compute_fk] /move_group rosrpc://127.0.0.1:40037
[rosmaster.master][INFO] 2025-11-19 08:38:22,123: -SUB [/torso_controller/follow_joint_trajectory/status] /play_motion http://127.0.0.1:33631/
[rosmaster.master][INFO] 2025-11-19 08:38:22,126: -SERVICE [/compute_ik] /move_group rosrpc://127.0.0.1:40037
[rosmaster.master][INFO] 2025-11-19 08:38:22,128: -SERVICE [/plan_kinematic_path] /move_group rosrpc://127.0.0.1:40037
[rosmaster.master][INFO] 2025-11-19 08:38:22,130: -SERVICE [/query_planner_interface] /move_group rosrpc://127.0.0.1:40037
[rosmaster.master][INFO] 2025-11-19 08:38:22,134: -SERVICE [/get_planner_params] /move_group rosrpc://127.0.0.1:40037
[rosmaster.master][INFO] 2025-11-19 08:38:22,140: publisherUpdate[/clock] -> http://127.0.0.1:35475/ []
[rosmaster.master][INFO] 2025-11-19 08:38:22,146: -SUB [/torso_controller/follow_joint_trajectory/feedback] /play_motion http://127.0.0.1:33631/
[rosmaster.master][INFO] 2025-11-19 08:38:22,151: -PUB [/gazebo/link_states] /gazebo http://127.0.0.1:35475/
[rosmaster.master][INFO] 2025-11-19 08:38:22,156: -SERVICE [/set_planner_params] /move_group rosrpc://127.0.0.1:40037
[rosmaster.master][INFO] 2025-11-19 08:38:22,157: publisherUpdate[/clock] -> http://127.0.0.1:46399/ []
[rosmaster.master][INFO] 2025-11-19 08:38:22,161: -SUB [/torso_controller/follow_joint_trajectory/result] /play_motion http://127.0.0.1:33631/
[rosmaster.master][INFO] 2025-11-19 08:38:22,167: publisherUpdate[/clock] -> http://127.0.0.1:35475/ []: sec=0.02, result=[1, '', 0]
[rosmaster.master][INFO] 2025-11-19 08:38:22,167: -PUB [/gazebo/model_states] /gazebo http://127.0.0.1:35475/
[rosmaster.master][INFO] 2025-11-19 08:38:22,170: publisherUpdate[/clock] -> http://127.0.0.1:33261/ []
[rosmaster.master][INFO] 2025-11-19 08:38:22,173: -SERVICE [/check_state_validity] /move_group rosrpc://127.0.0.1:40037
[rosmaster.master][INFO] 2025-11-19 08:38:22,178: publisherUpdate[/clock] -> http://127.0.0.1:46399/ []: sec=0.02, result=[1, '', 0]
[rosmaster.master][INFO] 2025-11-19 08:38:22,182: publisherUpdate[/clock] -> http://127.0.0.1:34681/ []
[rosmaster.master][INFO] 2025-11-19 08:38:22,181: -SERVICE [/play_motion/get_loggers] /play_motion rosrpc://127.0.0.1:54689
[rosmaster.master][INFO] 2025-11-19 08:38:22,187: -SERVICE [/gazebo/spawn_sdf_model] /gazebo rosrpc://127.0.0.1:49283
[rosmaster.master][INFO] 2025-11-19 08:38:22,186: publisherUpdate[/clock] -> http://127.0.0.1:33261/ []: sec=0.01, result=[1, '', 0]
[rosmaster.master][INFO] 2025-11-19 08:38:22,190: -CACHEDPARAM [/rosout_disable_topics_generation] by /move_group
[rosmaster.master][INFO] 2025-11-19 08:38:22,198: publisherUpdate[/clock] -> http://127.0.0.1:32799/ []
[rosmaster.master][INFO] 2025-11-19 08:38:22,197: publisherUpdate[/clock] -> http://127.0.0.1:34681/ []: sec=0.01, result=[1, '', 0]
[rosmaster.master][INFO] 2025-11-19 08:38:22,194: -SERVICE [/play_motion/set_logger_level] /play_motion rosrpc://127.0.0.1:54689
[rosmaster.master][INFO] 2025-11-19 08:38:22,202: -SERVICE [/gazebo/spawn_urdf_model] /gazebo rosrpc://127.0.0.1:49283
[rosmaster.master][INFO] 2025-11-19 08:38:22,207: publisherUpdate[/clock] -> http://127.0.0.1:32799/ []: sec=0.01, result=[1, '', 0]
[rosmaster.master][INFO] 2025-11-19 08:38:22,213: -SERVICE [/play_motion/list_motions] /play_motion rosrpc://127.0.0.1:54689
[rosmaster.master][INFO] 2025-11-19 08:38:22,215: -SERVICE [/gazebo/delete_model] /gazebo rosrpc://127.0.0.1:49283
[rosmaster.master][INFO] 2025-11-19 08:38:22,219: -SERVICE [/gazebo/delete_light] /gazebo rosrpc://127.0.0.1:49283
[rosmaster.master][INFO] 2025-11-19 08:38:22,223: -CACHEDPARAM [/play_motion/motions/home] by /play_motion
[rosmaster.master][INFO] 2025-11-19 08:38:22,225: -SERVICE [/gazebo/get_model_properties] /gazebo rosrpc://127.0.0.1:49283
[rosmaster.master][INFO] 2025-11-19 08:38:22,228: -CACHEDPARAM [/rosout_disable_topics_generation] by /play_motion
[rosmaster.master][INFO] 2025-11-19 08:38:22,229: -SERVICE [/gazebo/get_model_state] /gazebo rosrpc://127.0.0.1:49283
[rosmaster.master][INFO] 2025-11-19 08:38:22,233: -SERVICE [/gazebo/get_world_properties] /gazebo rosrpc://127.0.0.1:49283
[rosmaster.master][INFO] 2025-11-19 08:38:22,236: -SERVICE [/gazebo/get_joint_properties] /gazebo rosrpc://127.0.0.1:49283
[rosmaster.master][INFO] 2025-11-19 08:38:22,238: -SERVICE [/gazebo/get_link_properties] /gazebo rosrpc://127.0.0.1:49283
[rosmaster.master][INFO] 2025-11-19 08:38:22,241: -SERVICE [/gazebo/get_link_state] /gazebo rosrpc://127.0.0.1:49283
[rosmaster.master][INFO] 2025-11-19 08:38:22,243: -SERVICE [/gazebo/get_light_properties] /gazebo rosrpc://127.0.0.1:49283
[rosmaster.master][INFO] 2025-11-19 08:38:22,245: -SERVICE [/gazebo/set_light_properties] /gazebo rosrpc://127.0.0.1:49283
[rosmaster.master][INFO] 2025-11-19 08:38:22,247: -SERVICE [/gazebo/get_physics_properties] /gazebo rosrpc://127.0.0.1:49283
[rosmaster.master][INFO] 2025-11-19 08:38:22,250: -SERVICE [/gazebo/set_link_properties] /gazebo rosrpc://127.0.0.1:49283
[rosmaster.master][INFO] 2025-11-19 08:38:22,252: -SERVICE [/gazebo/set_physics_properties] /gazebo rosrpc://127.0.0.1:49283
[rosmaster.master][INFO] 2025-11-19 08:38:22,254: -SERVICE [/gazebo/set_model_state] /gazebo rosrpc://127.0.0.1:49283
[rosmaster.master][INFO] 2025-11-19 08:38:22,257: -SERVICE [/gazebo/set_model_configuration] /gazebo rosrpc://127.0.0.1:49283
[rosmaster.master][INFO] 2025-11-19 08:38:22,259: -SERVICE [/gazebo/set_joint_properties] /gazebo rosrpc://127.0.0.1:49283
[rosmaster.master][INFO] 2025-11-19 08:38:22,261: -SERVICE [/gazebo/set_link_state] /gazebo rosrpc://127.0.0.1:49283
[rosmaster.master][INFO] 2025-11-19 08:38:22,263: -SERVICE [/gazebo/pause_physics] /gazebo rosrpc://127.0.0.1:49283
[rosmaster.master][INFO] 2025-11-19 08:38:22,265: -SERVICE [/gazebo/unpause_physics] /gazebo rosrpc://127.0.0.1:49283
[rosmaster.master][INFO] 2025-11-19 08:38:22,267: -SERVICE [/gazebo/apply_body_wrench] /gazebo rosrpc://127.0.0.1:49283
[rosmaster.master][INFO] 2025-11-19 08:38:22,269: -SERVICE [/gazebo/apply_joint_effort] /gazebo rosrpc://127.0.0.1:49283
[rosmaster.master][INFO] 2025-11-19 08:38:22,271: -SERVICE [/gazebo/clear_joint_forces] /gazebo rosrpc://127.0.0.1:49283
[rosmaster.master][INFO] 2025-11-19 08:38:22,272: -SERVICE [/gazebo/clear_body_wrenches] /gazebo rosrpc://127.0.0.1:49283
[rosmaster.master][INFO] 2025-11-19 08:38:22,274: -SERVICE [/gazebo/reset_simulation] /gazebo rosrpc://127.0.0.1:49283
[rosmaster.master][INFO] 2025-11-19 08:38:22,277: -SERVICE [/gazebo/reset_world] /gazebo rosrpc://127.0.0.1:49283
[rosmaster.master][INFO] 2025-11-19 08:38:22,282: -PUB [/gazebo/parameter_descriptions] /gazebo http://127.0.0.1:35475/
[rosmaster.master][INFO] 2025-11-19 08:38:22,285: -PUB [/gazebo/parameter_updates] /gazebo http://127.0.0.1:35475/
[rosmaster.master][INFO] 2025-11-19 08:38:22,289: -SERVICE [/gazebo/set_parameters] /gazebo rosrpc://127.0.0.1:49283
[rosmaster.master][INFO] 2025-11-19 08:38:22,308: -SERVICE [/controller_manager/reload_controller_libraries] /gazebo rosrpc://127.0.0.1:49283
[rosmaster.master][INFO] 2025-11-19 08:38:22,310: -SERVICE [/controller_manager/switch_controller] /gazebo rosrpc://127.0.0.1:49283
[rosmaster.master][INFO] 2025-11-19 08:38:22,312: -SERVICE [/controller_manager/unload_controller] /gazebo rosrpc://127.0.0.1:49283
[rosmaster.master][INFO] 2025-11-19 08:38:22,315: -SERVICE [/controller_manager/load_controller] /gazebo rosrpc://127.0.0.1:49283
[rosmaster.master][INFO] 2025-11-19 08:38:22,317: -SERVICE [/controller_manager/list_controller_types] /gazebo rosrpc://127.0.0.1:49283
[rosmaster.master][INFO] 2025-11-19 08:38:22,319: -SERVICE [/controller_manager/list_controllers] /gazebo rosrpc://127.0.0.1:49283
[rosmaster.master][INFO] 2025-11-19 08:38:22,322: -PUB [/wrist_ft_temperature] /gazebo http://127.0.0.1:35475/
[rosmaster.master][INFO] 2025-11-19 08:38:22,326: -PUB [/wrist_ft] /gazebo http://127.0.0.1:35475/
[rosmaster.master][INFO] 2025-11-19 08:38:22,331: -PUB [/joint_states] /gazebo http://127.0.0.1:35475/
[rosmaster.master][INFO] 2025-11-19 08:38:22,337: -PUB [/gripper_controller/state] /gazebo http://127.0.0.1:35475/
[rosmaster.master][INFO] 2025-11-19 08:38:22,339: -SERVICE [/gripper_controller/query_state] /gazebo rosrpc://127.0.0.1:49283
[rosmaster.master][INFO] 2025-11-19 08:38:22,342: -PUB [/gripper_controller/follow_joint_trajectory/feedback] /gazebo http://127.0.0.1:35475/
[rosmaster.master][INFO] 2025-11-19 08:38:22,344: -PUB [/gripper_controller/follow_joint_trajectory/result] /gazebo http://127.0.0.1:35475/
[rosmaster.master][INFO] 2025-11-19 08:38:22,346: -PUB [/gripper_controller/follow_joint_trajectory/status] /gazebo http://127.0.0.1:35475/
[rosmaster.master][INFO] 2025-11-19 08:38:22,349: -SUB [/gripper_controller/follow_joint_trajectory/cancel] /gazebo http://127.0.0.1:35475/
[rosmaster.master][INFO] 2025-11-19 08:38:22,353: -SUB [/gripper_controller/follow_joint_trajectory/goal] /gazebo http://127.0.0.1:35475/
[rosmaster.master][INFO] 2025-11-19 08:38:22,357: -SUB [/gripper_controller/command] /gazebo http://127.0.0.1:35475/
[rosmaster.master][INFO] 2025-11-19 08:38:22,361: -PUB [/base_imu] /gazebo http://127.0.0.1:35475/
[rosmaster.master][INFO] 2025-11-19 08:38:22,364: -PUB [/torso_controller/state] /gazebo http://127.0.0.1:35475/
[rosmaster.master][INFO] 2025-11-19 08:38:22,366: -SERVICE [/torso_controller/query_state] /gazebo rosrpc://127.0.0.1:49283
[rosmaster.master][INFO] 2025-11-19 08:38:22,368: -PUB [/torso_controller/follow_joint_trajectory/feedback] /gazebo http://127.0.0.1:35475/
[rosmaster.master][INFO] 2025-11-19 08:38:22,370: -PUB [/torso_controller/follow_joint_trajectory/result] /gazebo http://127.0.0.1:35475/
[rosmaster.master][INFO] 2025-11-19 08:38:22,372: -PUB [/torso_controller/follow_joint_trajectory/status] /gazebo http://127.0.0.1:35475/
[rosmaster.master][INFO] 2025-11-19 08:38:22,374: -SUB [/torso_controller/follow_joint_trajectory/cancel] /gazebo http://127.0.0.1:35475/
[rosmaster.master][INFO] 2025-11-19 08:38:22,376: -SUB [/torso_controller/follow_joint_trajectory/goal] /gazebo http://127.0.0.1:35475/
[rosmaster.master][INFO] 2025-11-19 08:38:22,379: -SUB [/torso_controller/command] /gazebo http://127.0.0.1:35475/
[rosmaster.master][INFO] 2025-11-19 08:38:22,382: -PUB [/head_controller/state] /gazebo http://127.0.0.1:35475/
[rosmaster.master][INFO] 2025-11-19 08:38:22,384: -SERVICE [/head_controller/query_state] /gazebo rosrpc://127.0.0.1:49283
[rosmaster.master][INFO] 2025-11-19 08:38:22,386: -PUB [/head_controller/follow_joint_trajectory/feedback] /gazebo http://127.0.0.1:35475/
[rosmaster.master][INFO] 2025-11-19 08:38:22,388: -PUB [/head_controller/follow_joint_trajectory/result] /gazebo http://127.0.0.1:35475/
[rosmaster.master][INFO] 2025-11-19 08:38:22,390: -PUB [/head_controller/follow_joint_trajectory/status] /gazebo http://127.0.0.1:35475/
[rosmaster.master][INFO] 2025-11-19 08:38:22,392: -SUB [/head_controller/follow_joint_trajectory/cancel] /gazebo http://127.0.0.1:35475/
[rosmaster.master][INFO] 2025-11-19 08:38:22,394: -SUB [/head_controller/follow_joint_trajectory/goal] /gazebo http://127.0.0.1:35475/
[rosmaster.master][INFO] 2025-11-19 08:38:22,396: -SUB [/head_controller/command] /gazebo http://127.0.0.1:35475/
[rosmaster.master][INFO] 2025-11-19 08:38:22,399: -PUB [/arm_controller/state] /gazebo http://127.0.0.1:35475/
[rosmaster.master][INFO] 2025-11-19 08:38:22,401: -SERVICE [/arm_controller/query_state] /gazebo rosrpc://127.0.0.1:49283
[rosmaster.master][INFO] 2025-11-19 08:38:22,403: -PUB [/arm_controller/follow_joint_trajectory/feedback] /gazebo http://127.0.0.1:35475/
[rosmaster.master][INFO] 2025-11-19 08:38:22,405: -PUB [/arm_controller/follow_joint_trajectory/result] /gazebo http://127.0.0.1:35475/
[rosmaster.master][INFO] 2025-11-19 08:38:22,407: -PUB [/arm_controller/follow_joint_trajectory/status] /gazebo http://127.0.0.1:35475/
[rosmaster.master][INFO] 2025-11-19 08:38:22,409: -SUB [/arm_controller/follow_joint_trajectory/cancel] /gazebo http://127.0.0.1:35475/
[rosmaster.master][INFO] 2025-11-19 08:38:22,411: -SUB [/arm_controller/follow_joint_trajectory/goal] /gazebo http://127.0.0.1:35475/
[rosmaster.master][INFO] 2025-11-19 08:38:22,413: -SUB [/arm_controller/command] /gazebo http://127.0.0.1:35475/
[rosmaster.master][INFO] 2025-11-19 08:38:22,416: -PUB [/mobile_base_controller/parameter_descriptions] /gazebo http://127.0.0.1:35475/
[rosmaster.master][INFO] 2025-11-19 08:38:22,418: -PUB [/mobile_base_controller/parameter_updates] /gazebo http://127.0.0.1:35475/
[rosmaster.master][INFO] 2025-11-19 08:38:22,420: -SERVICE [/mobile_base_controller/set_parameters] /gazebo rosrpc://127.0.0.1:49283
[rosmaster.master][INFO] 2025-11-19 08:38:22,425: -PUB [/gains/torso_lift_joint/parameter_descriptions] /gazebo http://127.0.0.1:35475/
[rosmaster.master][INFO] 2025-11-19 08:38:22,427: -PUB [/gains/torso_lift_joint/parameter_updates] /gazebo http://127.0.0.1:35475/
[rosmaster.master][INFO] 2025-11-19 08:38:22,429: -SERVICE [/gains/torso_lift_joint/set_parameters] /gazebo rosrpc://127.0.0.1:49283
[rosmaster.master][INFO] 2025-11-19 08:38:22,431: -PUB [/gains/head_1_joint/parameter_descriptions] /gazebo http://127.0.0.1:35475/
[rosmaster.master][INFO] 2025-11-19 08:38:22,433: -PUB [/gains/head_1_joint/parameter_updates] /gazebo http://127.0.0.1:35475/
[rosmaster.master][INFO] 2025-11-19 08:38:22,436: -SERVICE [/gains/head_1_joint/set_parameters] /gazebo rosrpc://127.0.0.1:49283
[rosmaster.master][INFO] 2025-11-19 08:38:22,442: -PUB [/gains/head_2_joint/parameter_descriptions] /gazebo http://127.0.0.1:35475/
[rosmaster.master][INFO] 2025-11-19 08:38:22,444: -PUB [/gains/head_2_joint/parameter_updates] /gazebo http://127.0.0.1:35475/
[rosmaster.master][INFO] 2025-11-19 08:38:22,447: -SERVICE [/gains/head_2_joint/set_parameters] /gazebo rosrpc://127.0.0.1:49283
[rosmaster.master][INFO] 2025-11-19 08:38:22,449: -PUB [/gains/arm_5_joint/parameter_descriptions] /gazebo http://127.0.0.1:35475/
[rosmaster.master][INFO] 2025-11-19 08:38:22,451: -PUB [/gains/arm_5_joint/parameter_updates] /gazebo http://127.0.0.1:35475/
[rosmaster.master][INFO] 2025-11-19 08:38:22,454: -SERVICE [/gains/arm_5_joint/set_parameters] /gazebo rosrpc://127.0.0.1:49283
[rosmaster.master][INFO] 2025-11-19 08:38:22,456: -PUB [/gains/arm_6_joint/parameter_descriptions] /gazebo http://127.0.0.1:35475/
[rosmaster.master][INFO] 2025-11-19 08:38:22,458: -PUB [/gains/arm_6_joint/parameter_updates] /gazebo http://127.0.0.1:35475/
[rosmaster.master][INFO] 2025-11-19 08:38:22,460: -SERVICE [/gains/arm_6_joint/set_parameters] /gazebo rosrpc://127.0.0.1:49283
[rosmaster.master][INFO] 2025-11-19 08:38:22,462: -PUB [/gains/arm_7_joint/parameter_descriptions] /gazebo http://127.0.0.1:35475/
[rosmaster.master][INFO] 2025-11-19 08:38:22,465: -PUB [/gains/arm_7_joint/parameter_updates] /gazebo http://127.0.0.1:35475/
[rosmaster.master][INFO] 2025-11-19 08:38:22,469: -SERVICE [/gains/arm_7_joint/set_parameters] /gazebo rosrpc://127.0.0.1:49283
[rosmaster.master][INFO] 2025-11-19 08:38:22,471: -PUB [/gains/arm_1_joint/parameter_descriptions] /gazebo http://127.0.0.1:35475/
[rosmaster.master][INFO] 2025-11-19 08:38:22,472: -PUB [/gains/arm_1_joint/parameter_updates] /gazebo http://127.0.0.1:35475/
[rosmaster.master][INFO] 2025-11-19 08:38:22,473: -SERVICE [/gains/arm_1_joint/set_parameters] /gazebo rosrpc://127.0.0.1:49283
[rosmaster.master][INFO] 2025-11-19 08:38:22,474: -PUB [/gains/arm_2_joint/parameter_descriptions] /gazebo http://127.0.0.1:35475/
[rosmaster.master][INFO] 2025-11-19 08:38:22,476: -PUB [/gains/arm_2_joint/parameter_updates] /gazebo http://127.0.0.1:35475/
[rosmaster.master][INFO] 2025-11-19 08:38:22,478: -SERVICE [/gains/arm_2_joint/set_parameters] /gazebo rosrpc://127.0.0.1:49283
[rosmaster.master][INFO] 2025-11-19 08:38:22,479: -PUB [/gains/arm_3_joint/parameter_descriptions] /gazebo http://127.0.0.1:35475/
[rosmaster.master][INFO] 2025-11-19 08:38:22,481: -PUB [/gains/arm_3_joint/parameter_updates] /gazebo http://127.0.0.1:35475/
[rosmaster.master][INFO] 2025-11-19 08:38:22,483: -SERVICE [/gains/arm_3_joint/set_parameters] /gazebo rosrpc://127.0.0.1:49283
[rosmaster.master][INFO] 2025-11-19 08:38:22,484: -PUB [/gains/arm_4_joint/parameter_descriptions] /gazebo http://127.0.0.1:35475/
[rosmaster.master][INFO] 2025-11-19 08:38:22,485: -PUB [/gains/arm_4_joint/parameter_updates] /gazebo http://127.0.0.1:35475/
[rosmaster.master][INFO] 2025-11-19 08:38:22,486: -SERVICE [/gains/arm_4_joint/set_parameters] /gazebo rosrpc://127.0.0.1:49283
[rosmaster.master][INFO] 2025-11-19 08:38:22,488: -PUB [/gains/gripper_left_finger_joint/parameter_descriptions] /gazebo http://127.0.0.1:35475/
[rosmaster.master][INFO] 2025-11-19 08:38:22,489: -PUB [/gains/gripper_left_finger_joint/parameter_updates] /gazebo http://127.0.0.1:35475/
[rosmaster.master][INFO] 2025-11-19 08:38:22,491: -SERVICE [/gains/gripper_left_finger_joint/set_parameters] /gazebo rosrpc://127.0.0.1:49283
[rosmaster.master][INFO] 2025-11-19 08:38:22,493: -PUB [/gains/gripper_right_finger_joint/parameter_descriptions] /gazebo http://127.0.0.1:35475/
[rosmaster.master][INFO] 2025-11-19 08:38:22,495: -PUB [/gains/gripper_right_finger_joint/parameter_updates] /gazebo http://127.0.0.1:35475/
[rosmaster.master][INFO] 2025-11-19 08:38:22,496: -SERVICE [/gains/gripper_right_finger_joint/set_parameters] /gazebo rosrpc://127.0.0.1:49283
[rosmaster.master][INFO] 2025-11-19 08:38:22,498: -PUB [/tf] /gazebo http://127.0.0.1:35475/
[xmlrpc][ERROR] 2025-11-19 08:38:23,313: Traceback (most recent call last):
  File "/usr/lib/python3.8/socketserver.py", line 683, in process_request_thread
    self.finish_request(request, client_address)
  File "/usr/lib/python3.8/socketserver.py", line 360, in finish_request
    self.RequestHandlerClass(request, client_address, self)
  File "/usr/lib/python3.8/socketserver.py", line 747, in __init__
    self.handle()
  File "/usr/lib/python3.8/http/server.py", line 429, in handle
    self.handle_one_request()
  File "/usr/lib/python3.8/http/server.py", line 395, in handle_one_request
    self.raw_requestline = self.rfile.readline(65537)
  File "/usr/lib/python3.8/socket.py", line 669, in readinto
    return self._sock.recv_into(b)
ConnectionResetError: [Errno 104] Connection reset by peer

[rosmaster.master][INFO] 2025-11-19 08:38:39,132: -PUB [/rosout_agg] /rosout http://127.0.0.1:38733/
[rosmaster.master][INFO] 2025-11-19 08:38:39,134: -SUB [/rosout] /rosout http://127.0.0.1:38733/
[rosmaster.master][INFO] 2025-11-19 08:38:39,136: -SERVICE [/rosout/get_loggers] /rosout rosrpc://127.0.0.1:42945
[rosmaster.master][INFO] 2025-11-19 08:38:39,137: -SERVICE [/rosout/set_logger_level] /rosout rosrpc://127.0.0.1:42945
[rosmaster.master][INFO] 2025-11-19 08:38:39,139: -CACHEDPARAM [/rosout/omit_topics] by /rosout
[rosmaster.main][INFO] 2025-11-19 08:38:39,196: keyboard interrupt, will exit
[rosmaster.main][INFO] 2025-11-19 08:38:39,196: stopping master...
[rospy.core][INFO] 2025-11-19 08:38:39,196: signal_shutdown [atexit]
