[rosmaster.main][INFO] 2025-12-18 11:28:11,955: initialization complete, waiting for shutdown
[rosmaster.main][INFO] 2025-12-18 11:28:11,955: Starting ROS Master Node
[xmlrpc][INFO] 2025-12-18 11:28:11,956: XML-RPC server binding to 127.0.0.1:11311
[xmlrpc][INFO] 2025-12-18 11:28:11,956: Started XML-RPC server [http://127.0.0.1:11311/]
[xmlrpc][INFO] 2025-12-18 11:28:11,956: xml rpc node: starting XML-RPC server
[rosmaster.master][INFO] 2025-12-18 11:28:11,956: Master initialized: port[11311], uri[http://127.0.0.1:11311/]
[rosmaster.master][INFO] 2025-12-18 11:28:12,061: +PARAM [/run_id] by /roslaunch
[rosmaster.master][INFO] 2025-12-18 11:28:12,063: +PARAM [/roslaunch/uris/host_127_0_0_1__33223] by /roslaunch
[rosmaster.master][INFO] 2025-12-18 11:28:12,178: +SERVICE [/rosout/get_loggers] /rosout http://127.0.0.1:37277/
[rosmaster.master][INFO] 2025-12-18 11:28:12,189: +SERVICE [/rosout/set_logger_level] /rosout http://127.0.0.1:37277/
[rosmaster.master][INFO] 2025-12-18 11:28:12,211: +PUB [/rosout_agg] /rosout http://127.0.0.1:37277/
[rosmaster.master][INFO] 2025-12-18 11:28:12,213: +PARAM [/rosversion] by /roslaunch
[rosmaster.master][INFO] 2025-12-18 11:28:12,213: +PARAM [/rosdistro] by /roslaunch
[rosmaster.master][INFO] 2025-12-18 11:28:12,213: +PARAM [/use_sim_time] by /roslaunch
[rosmaster.master][INFO] 2025-12-18 11:28:12,213: +PARAM [/pal_robot_info/type] by /roslaunch
[rosmaster.master][INFO] 2025-12-18 11:28:12,213: +PARAM [/pal_robot_info/end_effector] by /roslaunch
[rosmaster.master][INFO] 2025-12-18 11:28:12,213: +PARAM [/pal_robot_info/ft_sensor] by /roslaunch
[rosmaster.master][INFO] 2025-12-18 11:28:12,213: +PARAM [/pal_robot_info/laser_model] by /roslaunch
[rosmaster.master][INFO] 2025-12-18 11:28:12,214: +PARAM [/pal_robot_info/camera_model] by /roslaunch
[rosmaster.master][INFO] 2025-12-18 11:28:12,214: +PARAM [/pal_robot_info/base_type] by /roslaunch
[rosmaster.master][INFO] 2025-12-18 11:28:12,214: +PARAM [/pal_robot_info/arm] by /roslaunch
[rosmaster.master][INFO] 2025-12-18 11:28:12,214: +PARAM [/gains/suspension_left_joint/p] by /roslaunch
[rosmaster.master][INFO] 2025-12-18 11:28:12,214: +PARAM [/gains/suspension_left_joint/d] by /roslaunch
[rosmaster.master][INFO] 2025-12-18 11:28:12,214: +PARAM [/gains/suspension_left_joint/i] by /roslaunch
[rosmaster.master][INFO] 2025-12-18 11:28:12,214: +PARAM [/gains/suspension_left_joint/i_clamp] by /roslaunch
[rosmaster.master][INFO] 2025-12-18 11:28:12,214: +PARAM [/gains/suspension_right_joint/p] by /roslaunch
[rosmaster.master][INFO] 2025-12-18 11:28:12,215: +PARAM [/gains/suspension_right_joint/d] by /roslaunch
[rosmaster.master][INFO] 2025-12-18 11:28:12,215: +PARAM [/gains/suspension_right_joint/i] by /roslaunch
[rosmaster.master][INFO] 2025-12-18 11:28:12,215: +PARAM [/gains/suspension_right_joint/i_clamp] by /roslaunch
[rosmaster.master][INFO] 2025-12-18 11:28:12,215: +PARAM [/gains/torso_lift_joint/p] by /roslaunch
[rosmaster.master][INFO] 2025-12-18 11:28:12,215: +PARAM [/gains/torso_lift_joint/d] by /roslaunch
[rosmaster.master][INFO] 2025-12-18 11:28:12,215: +PARAM [/gains/torso_lift_joint/i] by /roslaunch
[rosmaster.master][INFO] 2025-12-18 11:28:12,215: +PARAM [/gains/torso_lift_joint/i_clamp] by /roslaunch
[rosmaster.master][INFO] 2025-12-18 11:28:12,215: +PARAM [/gains/head_1_joint/p] by /roslaunch
[rosmaster.master][INFO] 2025-12-18 11:28:12,215: +PARAM [/gains/head_1_joint/d] by /roslaunch
[rosmaster.master][INFO] 2025-12-18 11:28:12,215: +PARAM [/gains/head_1_joint/i] by /roslaunch
[rosmaster.master][INFO] 2025-12-18 11:28:12,215: +PARAM [/gains/head_1_joint/i_clamp] by /roslaunch
[rosmaster.master][INFO] 2025-12-18 11:28:12,215: +PARAM [/gains/head_2_joint/p] by /roslaunch
[rosmaster.master][INFO] 2025-12-18 11:28:12,215: +PARAM [/gains/head_2_joint/d] by /roslaunch
[rosmaster.master][INFO] 2025-12-18 11:28:12,216: +PARAM [/gains/head_2_joint/i] by /roslaunch
[rosmaster.master][INFO] 2025-12-18 11:28:12,216: +PARAM [/gains/head_2_joint/i_clamp] by /roslaunch
[rosmaster.master][INFO] 2025-12-18 11:28:12,216: +PARAM [/gains/xtion_frame_joint/p] by /roslaunch
[rosmaster.master][INFO] 2025-12-18 11:28:12,216: +PARAM [/gains/xtion_frame_joint/d] by /roslaunch
[rosmaster.master][INFO] 2025-12-18 11:28:12,216: +PARAM [/gains/xtion_frame_joint/i] by /roslaunch
[rosmaster.master][INFO] 2025-12-18 11:28:12,217: +SUB [/rosout] /rosout http://127.0.0.1:37277/
[rosmaster.master][INFO] 2025-12-18 11:28:12,217: +PARAM [/gains/xtion_frame_joint/i_clamp] by /roslaunch
[rosmaster.master][INFO] 2025-12-18 11:28:12,217: +PARAM [/gains/arm_1_joint/p] by /roslaunch
[rosmaster.master][INFO] 2025-12-18 11:28:12,217: +PARAM [/gains/arm_1_joint/d] by /roslaunch
[rosmaster.master][INFO] 2025-12-18 11:28:12,217: +PARAM [/gains/arm_1_joint/i] by /roslaunch
[rosmaster.master][INFO] 2025-12-18 11:28:12,217: +PARAM [/gains/arm_1_joint/i_clamp] by /roslaunch
[rosmaster.master][INFO] 2025-12-18 11:28:12,217: +PARAM [/gains/arm_1_joint/torque_clamp] by /roslaunch
[rosmaster.master][INFO] 2025-12-18 11:28:12,217: +PARAM [/gains/arm_2_joint/p] by /roslaunch
[rosmaster.master][INFO] 2025-12-18 11:28:12,217: +PARAM [/gains/arm_2_joint/d] by /roslaunch
[rosmaster.master][INFO] 2025-12-18 11:28:12,217: +PARAM [/gains/arm_2_joint/i] by /roslaunch
[rosmaster.master][INFO] 2025-12-18 11:28:12,217: +PARAM [/gains/arm_2_joint/i_clamp] by /roslaunch
[rosmaster.master][INFO] 2025-12-18 11:28:12,217: +PARAM [/gains/arm_2_joint/torque_clamp] by /roslaunch
[rosmaster.master][INFO] 2025-12-18 11:28:12,217: +PARAM [/gains/arm_3_joint/p] by /roslaunch
[rosmaster.master][INFO] 2025-12-18 11:28:12,218: +PARAM [/gains/arm_3_joint/d] by /roslaunch
[rosmaster.master][INFO] 2025-12-18 11:28:12,218: +PARAM [/gains/arm_3_joint/i] by /roslaunch
[rosmaster.master][INFO] 2025-12-18 11:28:12,218: +PARAM [/gains/arm_3_joint/i_clamp] by /roslaunch
[rosmaster.master][INFO] 2025-12-18 11:28:12,218: +PARAM [/gains/arm_3_joint/torque_clamp] by /roslaunch
[rosmaster.master][INFO] 2025-12-18 11:28:12,218: +PARAM [/gains/arm_4_joint/p] by /roslaunch
[rosmaster.master][INFO] 2025-12-18 11:28:12,218: +PARAM [/gains/arm_4_joint/d] by /roslaunch
[rosmaster.master][INFO] 2025-12-18 11:28:12,218: +PARAM [/gains/arm_4_joint/i] by /roslaunch
[rosmaster.master][INFO] 2025-12-18 11:28:12,218: +PARAM [/gains/arm_4_joint/i_clamp] by /roslaunch
[rosmaster.master][INFO] 2025-12-18 11:28:12,218: +PARAM [/gains/arm_4_joint/torque_clamp] by /roslaunch
[rosmaster.master][INFO] 2025-12-18 11:28:12,218: +PARAM [/gains/arm_5_joint/p] by /roslaunch
[rosmaster.master][INFO] 2025-12-18 11:28:12,218: +PARAM [/gains/arm_5_joint/d] by /roslaunch
[rosmaster.master][INFO] 2025-12-18 11:28:12,218: +PARAM [/gains/arm_5_joint/i] by /roslaunch
[rosmaster.master][INFO] 2025-12-18 11:28:12,218: +PARAM [/gains/arm_5_joint/i_clamp] by /roslaunch
[rosmaster.master][INFO] 2025-12-18 11:28:12,218: +PARAM [/gains/arm_5_joint/torque_clamp] by /roslaunch
[rosmaster.master][INFO] 2025-12-18 11:28:12,218: +PARAM [/gains/arm_6_joint/p] by /roslaunch
[rosmaster.master][INFO] 2025-12-18 11:28:12,218: +PARAM [/gains/arm_6_joint/d] by /roslaunch
[rosmaster.master][INFO] 2025-12-18 11:28:12,218: +PARAM [/gains/arm_6_joint/i] by /roslaunch
[rosmaster.master][INFO] 2025-12-18 11:28:12,218: +PARAM [/gains/arm_6_joint/i_clamp] by /roslaunch
[rosmaster.master][INFO] 2025-12-18 11:28:12,218: +PARAM [/gains/arm_6_joint/torque_clamp] by /roslaunch
[rosmaster.master][INFO] 2025-12-18 11:28:12,219: +PARAM [/gains/arm_7_joint/p] by /roslaunch
[rosmaster.master][INFO] 2025-12-18 11:28:12,219: +PARAM [/gains/arm_7_joint/d] by /roslaunch
[rosmaster.master][INFO] 2025-12-18 11:28:12,219: +PARAM [/gains/arm_7_joint/i] by /roslaunch
[rosmaster.master][INFO] 2025-12-18 11:28:12,219: +PARAM [/gains/arm_7_joint/i_clamp] by /roslaunch
[rosmaster.master][INFO] 2025-12-18 11:28:12,219: +PARAM [/gains/arm_7_joint/torque_clamp] by /roslaunch
[rosmaster.master][INFO] 2025-12-18 11:28:12,219: +PARAM [/gains/hand_index_joint/p] by /roslaunch
[rosmaster.master][INFO] 2025-12-18 11:28:12,219: +PARAM [/gains/hand_index_joint/d] by /roslaunch
[rosmaster.master][INFO] 2025-12-18 11:28:12,219: +PARAM [/gains/hand_index_joint/i] by /roslaunch
[rosmaster.master][INFO] 2025-12-18 11:28:12,219: +PARAM [/gains/hand_index_joint/i_clamp] by /roslaunch
[rosmaster.master][INFO] 2025-12-18 11:28:12,219: +PARAM [/gains/hand_thumb_joint/p] by /roslaunch
[rosmaster.master][INFO] 2025-12-18 11:28:12,219: +PARAM [/gains/hand_thumb_joint/d] by /roslaunch
[rosmaster.master][INFO] 2025-12-18 11:28:12,219: +PARAM [/gains/hand_thumb_joint/i] by /roslaunch
[rosmaster.master][INFO] 2025-12-18 11:28:12,219: +PARAM [/gains/hand_thumb_joint/i_clamp] by /roslaunch
[rosmaster.master][INFO] 2025-12-18 11:28:12,219: +PARAM [/gains/hand_mrl_joint/p] by /roslaunch
[rosmaster.master][INFO] 2025-12-18 11:28:12,219: +PARAM [/gains/hand_mrl_joint/d] by /roslaunch
[rosmaster.master][INFO] 2025-12-18 11:28:12,219: +PARAM [/gains/hand_mrl_joint/i] by /roslaunch
[rosmaster.master][INFO] 2025-12-18 11:28:12,219: +PARAM [/gains/hand_mrl_joint/i_clamp] by /roslaunch
[rosmaster.master][INFO] 2025-12-18 11:28:12,220: +PARAM [/gains/hand_index_abd_joint/p] by /roslaunch
[rosmaster.master][INFO] 2025-12-18 11:28:12,220: +PARAM [/gains/hand_index_abd_joint/d] by /roslaunch
[rosmaster.master][INFO] 2025-12-18 11:28:12,220: +PARAM [/gains/hand_index_abd_joint/i] by /roslaunch
[rosmaster.master][INFO] 2025-12-18 11:28:12,220: +PARAM [/gains/hand_index_abd_joint/i_clamp] by /roslaunch
[rosmaster.master][INFO] 2025-12-18 11:28:12,220: +PARAM [/gains/hand_index_virtual_1_joint/p] by /roslaunch
[rosmaster.master][INFO] 2025-12-18 11:28:12,220: +PARAM [/gains/hand_index_virtual_1_joint/d] by /roslaunch
[rosmaster.master][INFO] 2025-12-18 11:28:12,220: +PARAM [/gains/hand_index_virtual_1_joint/i] by /roslaunch
[rosmaster.master][INFO] 2025-12-18 11:28:12,220: +PARAM [/gains/hand_index_virtual_1_joint/i_clamp] by /roslaunch
[rosmaster.master][INFO] 2025-12-18 11:28:12,220: +PARAM [/gains/hand_index_virtual_2_joint/p] by /roslaunch
[rosmaster.master][INFO] 2025-12-18 11:28:12,220: +PARAM [/gains/hand_index_virtual_2_joint/d] by /roslaunch
[rosmaster.master][INFO] 2025-12-18 11:28:12,220: +PARAM [/gains/hand_index_virtual_2_joint/i] by /roslaunch
[rosmaster.master][INFO] 2025-12-18 11:28:12,220: +PARAM [/gains/hand_index_virtual_2_joint/i_clamp] by /roslaunch
[rosmaster.master][INFO] 2025-12-18 11:28:12,220: +PARAM [/gains/hand_index_virtual_3_joint/p] by /roslaunch
[rosmaster.master][INFO] 2025-12-18 11:28:12,220: +PARAM [/gains/hand_index_virtual_3_joint/d] by /roslaunch
[rosmaster.master][INFO] 2025-12-18 11:28:12,220: +PARAM [/gains/hand_index_virtual_3_joint/i] by /roslaunch
[rosmaster.master][INFO] 2025-12-18 11:28:12,220: +PARAM [/gains/hand_index_virtual_3_joint/i_clamp] by /roslaunch
[rosmaster.master][INFO] 2025-12-18 11:28:12,220: +PARAM [/gains/hand_index_flex_1_joint/p] by /roslaunch
[rosmaster.master][INFO] 2025-12-18 11:28:12,220: +PARAM [/gains/hand_index_flex_1_joint/d] by /roslaunch
[rosmaster.master][INFO] 2025-12-18 11:28:12,221: +PARAM [/gains/hand_index_flex_1_joint/i] by /roslaunch
[rosmaster.master][INFO] 2025-12-18 11:28:12,221: +PARAM [/gains/hand_index_flex_1_joint/i_clamp] by /roslaunch
[rosmaster.master][INFO] 2025-12-18 11:28:12,221: +PARAM [/gains/hand_index_flex_2_joint/p] by /roslaunch
[rosmaster.master][INFO] 2025-12-18 11:28:12,221: +PARAM [/gains/hand_index_flex_2_joint/d] by /roslaunch
[rosmaster.master][INFO] 2025-12-18 11:28:12,221: +PARAM [/gains/hand_index_flex_2_joint/i] by /roslaunch
[rosmaster.master][INFO] 2025-12-18 11:28:12,221: +PARAM [/gains/hand_index_flex_2_joint/i_clamp] by /roslaunch
[rosmaster.master][INFO] 2025-12-18 11:28:12,221: +PARAM [/gains/hand_index_flex_3_joint/p] by /roslaunch
[rosmaster.master][INFO] 2025-12-18 11:28:12,221: +PARAM [/gains/hand_index_flex_3_joint/d] by /roslaunch
[rosmaster.master][INFO] 2025-12-18 11:28:12,221: +PARAM [/gains/hand_index_flex_3_joint/i] by /roslaunch
[rosmaster.master][INFO] 2025-12-18 11:28:12,221: +PARAM [/gains/hand_index_flex_3_joint/i_clamp] by /roslaunch
[rosmaster.master][INFO] 2025-12-18 11:28:12,221: +PARAM [/gains/hand_little_abd_joint/p] by /roslaunch
[rosmaster.master][INFO] 2025-12-18 11:28:12,221: +PARAM [/gains/hand_little_abd_joint/d] by /roslaunch
[rosmaster.master][INFO] 2025-12-18 11:28:12,221: +PARAM [/gains/hand_little_abd_joint/i] by /roslaunch
[rosmaster.master][INFO] 2025-12-18 11:28:12,221: +PARAM [/gains/hand_little_abd_joint/i_clamp] by /roslaunch
[rosmaster.master][INFO] 2025-12-18 11:28:12,221: +PARAM [/gains/hand_little_virtual_1_joint/p] by /roslaunch
[rosmaster.master][INFO] 2025-12-18 11:28:12,221: +PARAM [/gains/hand_little_virtual_1_joint/d] by /roslaunch
[rosmaster.master][INFO] 2025-12-18 11:28:12,221: +PARAM [/gains/hand_little_virtual_1_joint/i] by /roslaunch
[rosmaster.master][INFO] 2025-12-18 11:28:12,221: +PARAM [/gains/hand_little_virtual_1_joint/i_clamp] by /roslaunch
[rosmaster.master][INFO] 2025-12-18 11:28:12,221: +PARAM [/gains/hand_little_virtual_2_joint/p] by /roslaunch
[rosmaster.master][INFO] 2025-12-18 11:28:12,222: +PARAM [/gains/hand_little_virtual_2_joint/d] by /roslaunch
[rosmaster.master][INFO] 2025-12-18 11:28:12,222: +PARAM [/gains/hand_little_virtual_2_joint/i] by /roslaunch
[rosmaster.master][INFO] 2025-12-18 11:28:12,222: +PARAM [/gains/hand_little_virtual_2_joint/i_clamp] by /roslaunch
[rosmaster.master][INFO] 2025-12-18 11:28:12,222: +PARAM [/gains/hand_little_virtual_3_joint/p] by /roslaunch
[rosmaster.master][INFO] 2025-12-18 11:28:12,222: +PARAM [/gains/hand_little_virtual_3_joint/d] by /roslaunch
[rosmaster.master][INFO] 2025-12-18 11:28:12,222: +PARAM [/gains/hand_little_virtual_3_joint/i] by /roslaunch
[rosmaster.master][INFO] 2025-12-18 11:28:12,222: +PARAM [/gains/hand_little_virtual_3_joint/i_clamp] by /roslaunch
[rosmaster.master][INFO] 2025-12-18 11:28:12,222: +PARAM [/gains/hand_little_flex_1_joint/p] by /roslaunch
[rosmaster.master][INFO] 2025-12-18 11:28:12,222: +PARAM [/gains/hand_little_flex_1_joint/d] by /roslaunch
[rosmaster.master][INFO] 2025-12-18 11:28:12,222: +PARAM [/gains/hand_little_flex_1_joint/i] by /roslaunch
[rosmaster.master][INFO] 2025-12-18 11:28:12,222: +PARAM [/gains/hand_little_flex_1_joint/i_clamp] by /roslaunch
[rosmaster.master][INFO] 2025-12-18 11:28:12,222: +PARAM [/gains/hand_little_flex_2_joint/p] by /roslaunch
[rosmaster.master][INFO] 2025-12-18 11:28:12,222: +PARAM [/gains/hand_little_flex_2_joint/d] by /roslaunch
[rosmaster.master][INFO] 2025-12-18 11:28:12,222: +PARAM [/gains/hand_little_flex_2_joint/i] by /roslaunch
[rosmaster.master][INFO] 2025-12-18 11:28:12,222: +PARAM [/gains/hand_little_flex_2_joint/i_clamp] by /roslaunch
[rosmaster.master][INFO] 2025-12-18 11:28:12,222: +PARAM [/gains/hand_little_flex_3_joint/p] by /roslaunch
[rosmaster.master][INFO] 2025-12-18 11:28:12,222: +PARAM [/gains/hand_little_flex_3_joint/d] by /roslaunch
[rosmaster.master][INFO] 2025-12-18 11:28:12,222: +PARAM [/gains/hand_little_flex_3_joint/i] by /roslaunch
[rosmaster.master][INFO] 2025-12-18 11:28:12,222: +PARAM [/gains/hand_little_flex_3_joint/i_clamp] by /roslaunch
[rosmaster.master][INFO] 2025-12-18 11:28:12,222: +PARAM [/gains/hand_middle_abd_joint/p] by /roslaunch
[rosmaster.master][INFO] 2025-12-18 11:28:12,223: +PARAM [/gains/hand_middle_abd_joint/d] by /roslaunch
[rosmaster.master][INFO] 2025-12-18 11:28:12,223: +PARAM [/gains/hand_middle_abd_joint/i] by /roslaunch
[rosmaster.master][INFO] 2025-12-18 11:28:12,223: +PARAM [/gains/hand_middle_abd_joint/i_clamp] by /roslaunch
[rosmaster.master][INFO] 2025-12-18 11:28:12,223: +PARAM [/gains/hand_middle_virtual_1_joint/p] by /roslaunch
[rosmaster.master][INFO] 2025-12-18 11:28:12,223: +PARAM [/gains/hand_middle_virtual_1_joint/d] by /roslaunch
[rosmaster.master][INFO] 2025-12-18 11:28:12,223: +PARAM [/gains/hand_middle_virtual_1_joint/i] by /roslaunch
[rosmaster.master][INFO] 2025-12-18 11:28:12,223: +PARAM [/gains/hand_middle_virtual_1_joint/i_clamp] by /roslaunch
[rosmaster.master][INFO] 2025-12-18 11:28:12,223: +PARAM [/gains/hand_middle_virtual_2_joint/p] by /roslaunch
[rosmaster.master][INFO] 2025-12-18 11:28:12,223: +PARAM [/gains/hand_middle_virtual_2_joint/d] by /roslaunch
[rosmaster.master][INFO] 2025-12-18 11:28:12,223: +PARAM [/gains/hand_middle_virtual_2_joint/i] by /roslaunch
[rosmaster.master][INFO] 2025-12-18 11:28:12,223: +PARAM [/gains/hand_middle_virtual_2_joint/i_clamp] by /roslaunch
[rosmaster.master][INFO] 2025-12-18 11:28:12,223: +PARAM [/gains/hand_middle_virtual_3_joint/p] by /roslaunch
[rosmaster.master][INFO] 2025-12-18 11:28:12,223: +PARAM [/gains/hand_middle_virtual_3_joint/d] by /roslaunch
[rosmaster.master][INFO] 2025-12-18 11:28:12,223: +PARAM [/gains/hand_middle_virtual_3_joint/i] by /roslaunch
[rosmaster.master][INFO] 2025-12-18 11:28:12,223: +PARAM [/gains/hand_middle_virtual_3_joint/i_clamp] by /roslaunch
[rosmaster.master][INFO] 2025-12-18 11:28:12,223: +PARAM [/gains/hand_middle_flex_1_joint/p] by /roslaunch
[rosmaster.master][INFO] 2025-12-18 11:28:12,224: +PARAM [/gains/hand_middle_flex_1_joint/d] by /roslaunch
[rosmaster.master][INFO] 2025-12-18 11:28:12,224: +PARAM [/gains/hand_middle_flex_1_joint/i] by /roslaunch
[rosmaster.master][INFO] 2025-12-18 11:28:12,224: +PARAM [/gains/hand_middle_flex_1_joint/i_clamp] by /roslaunch
[rosmaster.master][INFO] 2025-12-18 11:28:12,224: +PARAM [/gains/hand_middle_flex_2_joint/p] by /roslaunch
[rosmaster.master][INFO] 2025-12-18 11:28:12,224: +PARAM [/gains/hand_middle_flex_2_joint/d] by /roslaunch
[rosmaster.master][INFO] 2025-12-18 11:28:12,224: +PARAM [/gains/hand_middle_flex_2_joint/i] by /roslaunch
[rosmaster.master][INFO] 2025-12-18 11:28:12,224: +PARAM [/gains/hand_middle_flex_2_joint/i_clamp] by /roslaunch
[rosmaster.master][INFO] 2025-12-18 11:28:12,224: +PARAM [/gains/hand_middle_flex_3_joint/p] by /roslaunch
[rosmaster.master][INFO] 2025-12-18 11:28:12,224: +PARAM [/gains/hand_middle_flex_3_joint/d] by /roslaunch
[rosmaster.master][INFO] 2025-12-18 11:28:12,224: +PARAM [/gains/hand_middle_flex_3_joint/i] by /roslaunch
[rosmaster.master][INFO] 2025-12-18 11:28:12,224: +PARAM [/gains/hand_middle_flex_3_joint/i_clamp] by /roslaunch
[rosmaster.master][INFO] 2025-12-18 11:28:12,224: +PARAM [/gains/hand_ring_abd_joint/p] by /roslaunch
[rosmaster.master][INFO] 2025-12-18 11:28:12,224: +PARAM [/gains/hand_ring_abd_joint/d] by /roslaunch
[rosmaster.master][INFO] 2025-12-18 11:28:12,224: +PARAM [/gains/hand_ring_abd_joint/i] by /roslaunch
[rosmaster.master][INFO] 2025-12-18 11:28:12,224: +PARAM [/gains/hand_ring_abd_joint/i_clamp] by /roslaunch
[rosmaster.master][INFO] 2025-12-18 11:28:12,224: +PARAM [/gains/hand_ring_virtual_1_joint/p] by /roslaunch
[rosmaster.master][INFO] 2025-12-18 11:28:12,224: +PARAM [/gains/hand_ring_virtual_1_joint/d] by /roslaunch
[rosmaster.master][INFO] 2025-12-18 11:28:12,224: +PARAM [/gains/hand_ring_virtual_1_joint/i] by /roslaunch
[rosmaster.master][INFO] 2025-12-18 11:28:12,225: +PARAM [/gains/hand_ring_virtual_1_joint/i_clamp] by /roslaunch
[rosmaster.master][INFO] 2025-12-18 11:28:12,225: +PARAM [/gains/hand_ring_virtual_2_joint/p] by /roslaunch
[rosmaster.master][INFO] 2025-12-18 11:28:12,225: +PARAM [/gains/hand_ring_virtual_2_joint/d] by /roslaunch
[rosmaster.master][INFO] 2025-12-18 11:28:12,225: +PARAM [/gains/hand_ring_virtual_2_joint/i] by /roslaunch
[rosmaster.master][INFO] 2025-12-18 11:28:12,225: +PARAM [/gains/hand_ring_virtual_2_joint/i_clamp] by /roslaunch
[rosmaster.master][INFO] 2025-12-18 11:28:12,225: +PARAM [/gains/hand_ring_virtual_3_joint/p] by /roslaunch
[rosmaster.master][INFO] 2025-12-18 11:28:12,225: +PARAM [/gains/hand_ring_virtual_3_joint/d] by /roslaunch
[rosmaster.master][INFO] 2025-12-18 11:28:12,225: +PARAM [/gains/hand_ring_virtual_3_joint/i] by /roslaunch
[rosmaster.master][INFO] 2025-12-18 11:28:12,225: +PARAM [/gains/hand_ring_virtual_3_joint/i_clamp] by /roslaunch
[rosmaster.master][INFO] 2025-12-18 11:28:12,225: +PARAM [/gains/hand_ring_flex_1_joint/p] by /roslaunch
[rosmaster.master][INFO] 2025-12-18 11:28:12,225: +PARAM [/gains/hand_ring_flex_1_joint/d] by /roslaunch
[rosmaster.master][INFO] 2025-12-18 11:28:12,225: +PARAM [/gains/hand_ring_flex_1_joint/i] by /roslaunch
[rosmaster.master][INFO] 2025-12-18 11:28:12,225: +PARAM [/gains/hand_ring_flex_1_joint/i_clamp] by /roslaunch
[rosmaster.master][INFO] 2025-12-18 11:28:12,225: +PARAM [/gains/hand_ring_flex_2_joint/p] by /roslaunch
[rosmaster.master][INFO] 2025-12-18 11:28:12,225: +PARAM [/gains/hand_ring_flex_2_joint/d] by /roslaunch
[rosmaster.master][INFO] 2025-12-18 11:28:12,225: +PARAM [/gains/hand_ring_flex_2_joint/i] by /roslaunch
[rosmaster.master][INFO] 2025-12-18 11:28:12,225: +PARAM [/gains/hand_ring_flex_2_joint/i_clamp] by /roslaunch
[rosmaster.master][INFO] 2025-12-18 11:28:12,226: +PARAM [/gains/hand_ring_flex_3_joint/p] by /roslaunch
[rosmaster.master][INFO] 2025-12-18 11:28:12,226: +PARAM [/gains/hand_ring_flex_3_joint/d] by /roslaunch
[rosmaster.master][INFO] 2025-12-18 11:28:12,226: +PARAM [/gains/hand_ring_flex_3_joint/i] by /roslaunch
[rosmaster.master][INFO] 2025-12-18 11:28:12,226: +PARAM [/gains/hand_ring_flex_3_joint/i_clamp] by /roslaunch
[rosmaster.master][INFO] 2025-12-18 11:28:12,226: +PARAM [/gains/hand_thumb_abd_joint/p] by /roslaunch
[rosmaster.master][INFO] 2025-12-18 11:28:12,226: +PARAM [/gains/hand_thumb_abd_joint/d] by /roslaunch
[rosmaster.master][INFO] 2025-12-18 11:28:12,226: +PARAM [/gains/hand_thumb_abd_joint/i] by /roslaunch
[rosmaster.master][INFO] 2025-12-18 11:28:12,226: +PARAM [/gains/hand_thumb_abd_joint/i_clamp] by /roslaunch
[rosmaster.master][INFO] 2025-12-18 11:28:12,226: +PARAM [/gains/hand_thumb_virtual_1_joint/p] by /roslaunch
[rosmaster.master][INFO] 2025-12-18 11:28:12,226: +PARAM [/gains/hand_thumb_virtual_1_joint/d] by /roslaunch
[rosmaster.master][INFO] 2025-12-18 11:28:12,226: +PARAM [/gains/hand_thumb_virtual_1_joint/i] by /roslaunch
[rosmaster.master][INFO] 2025-12-18 11:28:12,226: +PARAM [/gains/hand_thumb_virtual_1_joint/i_clamp] by /roslaunch
[rosmaster.master][INFO] 2025-12-18 11:28:12,226: +PARAM [/gains/hand_thumb_virtual_2_joint/p] by /roslaunch
[rosmaster.master][INFO] 2025-12-18 11:28:12,226: +PARAM [/gains/hand_thumb_virtual_2_joint/d] by /roslaunch
[rosmaster.master][INFO] 2025-12-18 11:28:12,226: +PARAM [/gains/hand_thumb_virtual_2_joint/i] by /roslaunch
[rosmaster.master][INFO] 2025-12-18 11:28:12,226: +PARAM [/gains/hand_thumb_virtual_2_joint/i_clamp] by /roslaunch
[rosmaster.master][INFO] 2025-12-18 11:28:12,227: +PARAM [/gains/hand_thumb_virtual_3_joint/p] by /roslaunch
[rosmaster.master][INFO] 2025-12-18 11:28:12,227: +PARAM [/gains/hand_thumb_virtual_3_joint/d] by /roslaunch
[rosmaster.master][INFO] 2025-12-18 11:28:12,227: +PARAM [/gains/hand_thumb_virtual_3_joint/i] by /roslaunch
[rosmaster.master][INFO] 2025-12-18 11:28:12,227: +PARAM [/gains/hand_thumb_virtual_3_joint/i_clamp] by /roslaunch
[rosmaster.master][INFO] 2025-12-18 11:28:12,227: +PARAM [/gains/hand_thumb_flex_1_joint/p] by /roslaunch
[rosmaster.master][INFO] 2025-12-18 11:28:12,227: +PARAM [/gains/hand_thumb_flex_1_joint/d] by /roslaunch
[rosmaster.master][INFO] 2025-12-18 11:28:12,227: +PARAM [/gains/hand_thumb_flex_1_joint/i] by /roslaunch
[rosmaster.master][INFO] 2025-12-18 11:28:12,227: +PARAM [/gains/hand_thumb_flex_1_joint/i_clamp] by /roslaunch
[rosmaster.master][INFO] 2025-12-18 11:28:12,227: +PARAM [/gains/hand_thumb_flex_2_joint/p] by /roslaunch
[rosmaster.master][INFO] 2025-12-18 11:28:12,227: +PARAM [/gains/hand_thumb_flex_2_joint/d] by /roslaunch
[rosmaster.master][INFO] 2025-12-18 11:28:12,227: +PARAM [/gains/hand_thumb_flex_2_joint/i] by /roslaunch
[rosmaster.master][INFO] 2025-12-18 11:28:12,227: +PARAM [/gains/hand_thumb_flex_2_joint/i_clamp] by /roslaunch
[rosmaster.master][INFO] 2025-12-18 11:28:12,227: +PARAM [/gains/hand_thumb_flex_3_joint/p] by /roslaunch
[rosmaster.master][INFO] 2025-12-18 11:28:12,227: +PARAM [/gains/hand_thumb_flex_3_joint/d] by /roslaunch
[rosmaster.master][INFO] 2025-12-18 11:28:12,227: +PARAM [/gains/hand_thumb_flex_3_joint/i] by /roslaunch
[rosmaster.master][INFO] 2025-12-18 11:28:12,227: +PARAM [/gains/hand_thumb_flex_3_joint/i_clamp] by /roslaunch
[rosmaster.master][INFO] 2025-12-18 11:28:12,228: +PARAM [/gains/gripper_left_finger_joint/p] by /roslaunch
[rosmaster.master][INFO] 2025-12-18 11:28:12,228: +PARAM [/gains/gripper_left_finger_joint/d] by /roslaunch
[rosmaster.master][INFO] 2025-12-18 11:28:12,228: +PARAM [/gains/gripper_left_finger_joint/i] by /roslaunch
[rosmaster.master][INFO] 2025-12-18 11:28:12,228: +PARAM [/gains/gripper_left_finger_joint/p_gain] by /roslaunch
[rosmaster.master][INFO] 2025-12-18 11:28:12,228: +PARAM [/gains/gripper_right_finger_joint/p] by /roslaunch
[rosmaster.master][INFO] 2025-12-18 11:28:12,228: +PARAM [/gains/gripper_right_finger_joint/d] by /roslaunch
[rosmaster.master][INFO] 2025-12-18 11:28:12,228: +PARAM [/gains/gripper_right_finger_joint/i] by /roslaunch
[rosmaster.master][INFO] 2025-12-18 11:28:12,228: +PARAM [/gains/gripper_right_finger_joint/p_gain] by /roslaunch
[rosmaster.master][INFO] 2025-12-18 11:28:12,228: +PARAM [/gains/gripper_finger_joint/p] by /roslaunch
[rosmaster.master][INFO] 2025-12-18 11:28:12,228: +PARAM [/gains/gripper_finger_joint/d] by /roslaunch
[rosmaster.master][INFO] 2025-12-18 11:28:12,228: +PARAM [/gains/gripper_finger_joint/i] by /roslaunch
[rosmaster.master][INFO] 2025-12-18 11:28:12,228: +PARAM [/gains/gripper_finger_joint/p_gain] by /roslaunch
[rosmaster.master][INFO] 2025-12-18 11:28:12,228: +PARAM [/gains/FFJ4/p] by /roslaunch
[rosmaster.master][INFO] 2025-12-18 11:28:12,228: +PARAM [/gains/FFJ4/d] by /roslaunch
[rosmaster.master][INFO] 2025-12-18 11:28:12,228: +PARAM [/gains/FFJ4/i] by /roslaunch
[rosmaster.master][INFO] 2025-12-18 11:28:12,228: +PARAM [/gains/FFJ3/p] by /roslaunch
[rosmaster.master][INFO] 2025-12-18 11:28:12,229: +PARAM [/gains/FFJ3/d] by /roslaunch
[rosmaster.master][INFO] 2025-12-18 11:28:12,229: +PARAM [/gains/FFJ3/i] by /roslaunch
[rosmaster.master][INFO] 2025-12-18 11:28:12,229: +PARAM [/gains/FFJ2/p] by /roslaunch
[rosmaster.master][INFO] 2025-12-18 11:28:12,229: +PARAM [/gains/FFJ2/d] by /roslaunch
[rosmaster.master][INFO] 2025-12-18 11:28:12,229: +PARAM [/gains/FFJ2/i] by /roslaunch
[rosmaster.master][INFO] 2025-12-18 11:28:12,229: +PARAM [/gains/FFJ1/p] by /roslaunch
[rosmaster.master][INFO] 2025-12-18 11:28:12,229: +PARAM [/gains/FFJ1/d] by /roslaunch
[rosmaster.master][INFO] 2025-12-18 11:28:12,229: +PARAM [/gains/FFJ1/i] by /roslaunch
[rosmaster.master][INFO] 2025-12-18 11:28:12,229: +PARAM [/gains/MFJ4/p] by /roslaunch
[rosmaster.master][INFO] 2025-12-18 11:28:12,229: +PARAM [/gains/MFJ4/d] by /roslaunch
[rosmaster.master][INFO] 2025-12-18 11:28:12,229: +PARAM [/gains/MFJ4/i] by /roslaunch
[rosmaster.master][INFO] 2025-12-18 11:28:12,229: +PARAM [/gains/MFJ3/p] by /roslaunch
[rosmaster.master][INFO] 2025-12-18 11:28:12,229: +PARAM [/gains/MFJ3/d] by /roslaunch
[rosmaster.master][INFO] 2025-12-18 11:28:12,229: +PARAM [/gains/MFJ3/i] by /roslaunch
[rosmaster.master][INFO] 2025-12-18 11:28:12,229: +PARAM [/gains/MFJ2/p] by /roslaunch
[rosmaster.master][INFO] 2025-12-18 11:28:12,229: +PARAM [/gains/MFJ2/d] by /roslaunch
[rosmaster.master][INFO] 2025-12-18 11:28:12,229: +PARAM [/gains/MFJ2/i] by /roslaunch
[rosmaster.master][INFO] 2025-12-18 11:28:12,229: +PARAM [/gains/MFJ1/p] by /roslaunch
[rosmaster.master][INFO] 2025-12-18 11:28:12,229: +PARAM [/gains/MFJ1/d] by /roslaunch
[rosmaster.master][INFO] 2025-12-18 11:28:12,229: +PARAM [/gains/MFJ1/i] by /roslaunch
[rosmaster.master][INFO] 2025-12-18 11:28:12,230: +PARAM [/gains/RFJ4/p] by /roslaunch
[rosmaster.master][INFO] 2025-12-18 11:28:12,230: +PARAM [/gains/RFJ4/d] by /roslaunch
[rosmaster.master][INFO] 2025-12-18 11:28:12,230: +PARAM [/gains/RFJ4/i] by /roslaunch
[rosmaster.master][INFO] 2025-12-18 11:28:12,230: +PARAM [/gains/RFJ3/p] by /roslaunch
[rosmaster.master][INFO] 2025-12-18 11:28:12,230: +PARAM [/gains/RFJ3/d] by /roslaunch
[rosmaster.master][INFO] 2025-12-18 11:28:12,230: +PARAM [/gains/RFJ3/i] by /roslaunch
[rosmaster.master][INFO] 2025-12-18 11:28:12,230: +PARAM [/gains/RFJ2/p] by /roslaunch
[rosmaster.master][INFO] 2025-12-18 11:28:12,230: +PARAM [/gains/RFJ2/d] by /roslaunch
[rosmaster.master][INFO] 2025-12-18 11:28:12,230: +PARAM [/gains/RFJ2/i] by /roslaunch
[rosmaster.master][INFO] 2025-12-18 11:28:12,230: +PARAM [/gains/RFJ1/p] by /roslaunch
[rosmaster.master][INFO] 2025-12-18 11:28:12,230: +PARAM [/gains/RFJ1/d] by /roslaunch
[rosmaster.master][INFO] 2025-12-18 11:28:12,230: +PARAM [/gains/RFJ1/i] by /roslaunch
[rosmaster.master][INFO] 2025-12-18 11:28:12,230: +PARAM [/gains/THJ5/p] by /roslaunch
[rosmaster.master][INFO] 2025-12-18 11:28:12,230: +PARAM [/gains/THJ5/d] by /roslaunch
[rosmaster.master][INFO] 2025-12-18 11:28:12,230: +PARAM [/gains/THJ5/i] by /roslaunch
[rosmaster.master][INFO] 2025-12-18 11:28:12,230: +PARAM [/gains/THJ4/p] by /roslaunch
[rosmaster.master][INFO] 2025-12-18 11:28:12,230: +PARAM [/gains/THJ4/d] by /roslaunch
[rosmaster.master][INFO] 2025-12-18 11:28:12,230: +PARAM [/gains/THJ4/i] by /roslaunch
[rosmaster.master][INFO] 2025-12-18 11:28:12,231: +PARAM [/gains/THJ2/p] by /roslaunch
[rosmaster.master][INFO] 2025-12-18 11:28:12,231: +PARAM [/gains/THJ2/d] by /roslaunch
[rosmaster.master][INFO] 2025-12-18 11:28:12,231: +PARAM [/gains/THJ2/i] by /roslaunch
[rosmaster.master][INFO] 2025-12-18 11:28:12,231: +PARAM [/gains/THJ1/p] by /roslaunch
[rosmaster.master][INFO] 2025-12-18 11:28:12,231: +PARAM [/gains/THJ1/d] by /roslaunch
[rosmaster.master][INFO] 2025-12-18 11:28:12,231: +PARAM [/gains/THJ1/i] by /roslaunch
[rosmaster.master][INFO] 2025-12-18 11:28:12,231: +PARAM [/velocity/pid_gains/wheel_right_joint/p] by /roslaunch
[rosmaster.master][INFO] 2025-12-18 11:28:12,231: +PARAM [/velocity/pid_gains/wheel_right_joint/d] by /roslaunch
[rosmaster.master][INFO] 2025-12-18 11:28:12,231: +PARAM [/velocity/pid_gains/wheel_right_joint/i] by /roslaunch
[rosmaster.master][INFO] 2025-12-18 11:28:12,231: +PARAM [/velocity/pid_gains/wheel_right_joint/i_clamp] by /roslaunch
[rosmaster.master][INFO] 2025-12-18 11:28:12,231: +PARAM [/velocity/pid_gains/wheel_left_joint/p] by /roslaunch
[rosmaster.master][INFO] 2025-12-18 11:28:12,231: +PARAM [/velocity/pid_gains/wheel_left_joint/d] by /roslaunch
[rosmaster.master][INFO] 2025-12-18 11:28:12,231: +PARAM [/velocity/pid_gains/wheel_left_joint/i] by /roslaunch
[rosmaster.master][INFO] 2025-12-18 11:28:12,231: +PARAM [/velocity/pid_gains/wheel_left_joint/i_clamp] by /roslaunch
[rosmaster.master][INFO] 2025-12-18 11:28:12,231: +PARAM [/velocity/pid_gains/caster_front_right_1_joint/p] by /roslaunch
[rosmaster.master][INFO] 2025-12-18 11:28:12,231: +PARAM [/velocity/pid_gains/caster_front_right_1_joint/d] by /roslaunch
[rosmaster.master][INFO] 2025-12-18 11:28:12,231: +PARAM [/velocity/pid_gains/caster_front_right_1_joint/i] by /roslaunch
[rosmaster.master][INFO] 2025-12-18 11:28:12,231: +PARAM [/velocity/pid_gains/caster_front_right_1_joint/i_clamp] by /roslaunch
[rosmaster.master][INFO] 2025-12-18 11:28:12,231: +PARAM [/velocity/pid_gains/caster_front_right_2_joint/p] by /roslaunch
[rosmaster.master][INFO] 2025-12-18 11:28:12,231: +PARAM [/velocity/pid_gains/caster_front_right_2_joint/d] by /roslaunch
[rosmaster.master][INFO] 2025-12-18 11:28:12,232: +PARAM [/velocity/pid_gains/caster_front_right_2_joint/i] by /roslaunch
[rosmaster.master][INFO] 2025-12-18 11:28:12,232: +PARAM [/velocity/pid_gains/caster_front_right_2_joint/i_clamp] by /roslaunch
[rosmaster.master][INFO] 2025-12-18 11:28:12,232: +PARAM [/velocity/pid_gains/caster_front_left_1_joint/p] by /roslaunch
[rosmaster.master][INFO] 2025-12-18 11:28:12,232: +PARAM [/velocity/pid_gains/caster_front_left_1_joint/d] by /roslaunch
[rosmaster.master][INFO] 2025-12-18 11:28:12,232: +PARAM [/velocity/pid_gains/caster_front_left_1_joint/i] by /roslaunch
[rosmaster.master][INFO] 2025-12-18 11:28:12,232: +PARAM [/velocity/pid_gains/caster_front_left_1_joint/i_clamp] by /roslaunch
[rosmaster.master][INFO] 2025-12-18 11:28:12,232: +PARAM [/velocity/pid_gains/caster_front_left_2_joint/p] by /roslaunch
[rosmaster.master][INFO] 2025-12-18 11:28:12,232: +PARAM [/velocity/pid_gains/caster_front_left_2_joint/d] by /roslaunch
[rosmaster.master][INFO] 2025-12-18 11:28:12,232: +PARAM [/velocity/pid_gains/caster_front_left_2_joint/i] by /roslaunch
[rosmaster.master][INFO] 2025-12-18 11:28:12,232: +PARAM [/velocity/pid_gains/caster_front_left_2_joint/i_clamp] by /roslaunch
[rosmaster.master][INFO] 2025-12-18 11:28:12,232: +PARAM [/velocity/pid_gains/caster_back_right_1_joint/p] by /roslaunch
[rosmaster.master][INFO] 2025-12-18 11:28:12,232: +PARAM [/velocity/pid_gains/caster_back_right_1_joint/d] by /roslaunch
[rosmaster.master][INFO] 2025-12-18 11:28:12,232: +PARAM [/velocity/pid_gains/caster_back_right_1_joint/i] by /roslaunch
[rosmaster.master][INFO] 2025-12-18 11:28:12,232: +PARAM [/velocity/pid_gains/caster_back_right_1_joint/i_clamp] by /roslaunch
[rosmaster.master][INFO] 2025-12-18 11:28:12,232: +PARAM [/velocity/pid_gains/caster_back_right_2_joint/p] by /roslaunch
[rosmaster.master][INFO] 2025-12-18 11:28:12,233: +PARAM [/velocity/pid_gains/caster_back_right_2_joint/d] by /roslaunch
[rosmaster.master][INFO] 2025-12-18 11:28:12,233: +PARAM [/velocity/pid_gains/caster_back_right_2_joint/i] by /roslaunch
[rosmaster.master][INFO] 2025-12-18 11:28:12,233: +PARAM [/velocity/pid_gains/caster_back_right_2_joint/i_clamp] by /roslaunch
[rosmaster.master][INFO] 2025-12-18 11:28:12,233: +PARAM [/velocity/pid_gains/caster_back_left_1_joint/p] by /roslaunch
[rosmaster.master][INFO] 2025-12-18 11:28:12,233: +PARAM [/velocity/pid_gains/caster_back_left_1_joint/d] by /roslaunch
[rosmaster.master][INFO] 2025-12-18 11:28:12,233: +PARAM [/velocity/pid_gains/caster_back_left_1_joint/i] by /roslaunch
[rosmaster.master][INFO] 2025-12-18 11:28:12,233: +PARAM [/velocity/pid_gains/caster_back_left_1_joint/i_clamp] by /roslaunch
[rosmaster.master][INFO] 2025-12-18 11:28:12,233: +PARAM [/velocity/pid_gains/caster_back_left_2_joint/p] by /roslaunch
[rosmaster.master][INFO] 2025-12-18 11:28:12,233: +PARAM [/velocity/pid_gains/caster_back_left_2_joint/d] by /roslaunch
[rosmaster.master][INFO] 2025-12-18 11:28:12,233: +PARAM [/velocity/pid_gains/caster_back_left_2_joint/i] by /roslaunch
[rosmaster.master][INFO] 2025-12-18 11:28:12,234: +PARAM [/velocity/pid_gains/caster_back_left_2_joint/i_clamp] by /roslaunch
[rosmaster.master][INFO] 2025-12-18 11:28:12,234: +PARAM [/force_torque/wrist_ft/sensor_joint] by /roslaunch
[rosmaster.master][INFO] 2025-12-18 11:28:12,234: +PARAM [/force_torque/wrist_ft/frame] by /roslaunch
[rosmaster.master][INFO] 2025-12-18 11:28:12,234: +PARAM [/imu/base_imu/frame] by /roslaunch
[rosmaster.master][INFO] 2025-12-18 11:28:12,234: +PARAM [/imu/base_imu/gazebo_sensor_name] by /roslaunch
[rosmaster.master][INFO] 2025-12-18 11:28:12,234: +PARAM [/robot_description] by /roslaunch
[rosmaster.master][INFO] 2025-12-18 11:28:12,234: +PARAM [/collision_model_parameters/padding] by /roslaunch
[rosmaster.master][INFO] 2025-12-18 11:28:12,234: +PARAM [/collision_model_parameters/links_with_padding] by /roslaunch
[rosmaster.master][INFO] 2025-12-18 11:28:12,234: +PARAM [/collision_model_parameters/blacklist/default] by /roslaunch
[rosmaster.master][INFO] 2025-12-18 11:28:12,234: +PARAM [/mobile_base_controller/type] by /roslaunch
[rosmaster.master][INFO] 2025-12-18 11:28:12,234: +PARAM [/mobile_base_controller/left_front_wheel] by /roslaunch
[rosmaster.master][INFO] 2025-12-18 11:28:12,234: +PARAM [/mobile_base_controller/left_back_wheel] by /roslaunch
[rosmaster.master][INFO] 2025-12-18 11:28:12,234: +PARAM [/mobile_base_controller/right_front_wheel] by /roslaunch
[rosmaster.master][INFO] 2025-12-18 11:28:12,234: +PARAM [/mobile_base_controller/right_back_wheel] by /roslaunch
[rosmaster.master][INFO] 2025-12-18 11:28:12,234: +PARAM [/mobile_base_controller/publish_rate] by /roslaunch
[rosmaster.master][INFO] 2025-12-18 11:28:12,234: +PARAM [/mobile_base_controller/pose_covariance_diagonal] by /roslaunch
[rosmaster.master][INFO] 2025-12-18 11:28:12,234: +PARAM [/mobile_base_controller/twist_covariance_diagonal] by /roslaunch
[rosmaster.master][INFO] 2025-12-18 11:28:12,234: +PARAM [/mobile_base_controller/enable_pose_covariance_update] by /roslaunch
[rosmaster.master][INFO] 2025-12-18 11:28:12,235: +PARAM [/mobile_base_controller/error_constant_left] by /roslaunch
[rosmaster.master][INFO] 2025-12-18 11:28:12,235: +PARAM [/mobile_base_controller/error_constant_right] by /roslaunch
[rosmaster.master][INFO] 2025-12-18 11:28:12,235: +PARAM [/mobile_base_controller/cmd_vel_timeout] by /roslaunch
[rosmaster.master][INFO] 2025-12-18 11:28:12,235: +PARAM [/mobile_base_controller/base_frame_id] by /roslaunch
[rosmaster.master][INFO] 2025-12-18 11:28:12,235: +PARAM [/mobile_base_controller/odom_frame_id] by /roslaunch
[rosmaster.master][INFO] 2025-12-18 11:28:12,235: +PARAM [/mobile_base_controller/preserve_turning_radius] by /roslaunch
[rosmaster.master][INFO] 2025-12-18 11:28:12,235: +PARAM [/mobile_base_controller/publish_cmd] by /roslaunch
[rosmaster.master][INFO] 2025-12-18 11:28:12,235: +PARAM [/mobile_base_controller/publish_wheel_data] by /roslaunch
[rosmaster.master][INFO] 2025-12-18 11:28:12,235: +PARAM [/mobile_base_controller/linear/x/has_velocity_limits] by /roslaunch
[rosmaster.master][INFO] 2025-12-18 11:28:12,235: +PARAM [/mobile_base_controller/linear/x/max_velocity] by /roslaunch
[rosmaster.master][INFO] 2025-12-18 11:28:12,235: +PARAM [/mobile_base_controller/linear/x/min_velocity] by /roslaunch
[rosmaster.master][INFO] 2025-12-18 11:28:12,235: +PARAM [/mobile_base_controller/linear/x/has_acceleration_limits] by /roslaunch
[rosmaster.master][INFO] 2025-12-18 11:28:12,235: +PARAM [/mobile_base_controller/linear/x/max_acceleration] by /roslaunch
[rosmaster.master][INFO] 2025-12-18 11:28:12,235: +PARAM [/mobile_base_controller/linear/x/has_jerk_limits] by /roslaunch
[rosmaster.master][INFO] 2025-12-18 11:28:12,235: +PARAM [/mobile_base_controller/linear/x/max_jerk] by /roslaunch
[rosmaster.master][INFO] 2025-12-18 11:28:12,235: +PARAM [/mobile_base_controller/linear/y/has_velocity_limits] by /roslaunch
[rosmaster.master][INFO] 2025-12-18 11:28:12,235: +PARAM [/mobile_base_controller/linear/y/max_velocity] by /roslaunch
[rosmaster.master][INFO] 2025-12-18 11:28:12,235: +PARAM [/mobile_base_controller/linear/y/min_velocity] by /roslaunch
[rosmaster.master][INFO] 2025-12-18 11:28:12,236: +PARAM [/mobile_base_controller/linear/y/has_acceleration_limits] by /roslaunch
[rosmaster.master][INFO] 2025-12-18 11:28:12,236: +PARAM [/mobile_base_controller/linear/y/max_acceleration] by /roslaunch
[rosmaster.master][INFO] 2025-12-18 11:28:12,236: +PARAM [/mobile_base_controller/linear/y/has_jerk_limits] by /roslaunch
[rosmaster.master][INFO] 2025-12-18 11:28:12,236: +PARAM [/mobile_base_controller/linear/y/max_jerk] by /roslaunch
[rosmaster.master][INFO] 2025-12-18 11:28:12,236: +PARAM [/mobile_base_controller/angular/z/has_velocity_limits] by /roslaunch
[rosmaster.master][INFO] 2025-12-18 11:28:12,236: +PARAM [/mobile_base_controller/angular/z/max_velocity] by /roslaunch
[rosmaster.master][INFO] 2025-12-18 11:28:12,236: +PARAM [/mobile_base_controller/angular/z/has_acceleration_limits] by /roslaunch
[rosmaster.master][INFO] 2025-12-18 11:28:12,236: +PARAM [/mobile_base_controller/angular/z/max_acceleration] by /roslaunch
[rosmaster.master][INFO] 2025-12-18 11:28:12,236: +PARAM [/mobile_base_controller/angular/z/has_jerk_limits] by /roslaunch
[rosmaster.master][INFO] 2025-12-18 11:28:12,236: +PARAM [/mobile_base_controller/angular/z/max_jerk] by /roslaunch
[rosmaster.master][INFO] 2025-12-18 11:28:12,236: +PARAM [/mobile_base_controller/space/xy/max_velocity] by /roslaunch
[rosmaster.master][INFO] 2025-12-18 11:28:12,236: +PARAM [/mobile_base_controller/space/xz/max_velocity] by /roslaunch
[rosmaster.master][INFO] 2025-12-18 11:28:12,236: +PARAM [/mobile_base_controller/space/xyz/max_velocity] by /roslaunch
[rosmaster.master][INFO] 2025-12-18 11:28:12,237: +PARAM [/torso_controller/type] by /roslaunch
[rosmaster.master][INFO] 2025-12-18 11:28:12,237: +PARAM [/torso_controller/joints] by /roslaunch
[rosmaster.master][INFO] 2025-12-18 11:28:12,237: +PARAM [/torso_controller/constraints/goal_time] by /roslaunch
[rosmaster.master][INFO] 2025-12-18 11:28:12,237: +PARAM [/torso_controller/constraints/stopped_velocity_tolerance] by /roslaunch
[rosmaster.master][INFO] 2025-12-18 11:28:12,237: +PARAM [/torso_controller/constraints/torso_lift_joint/goal] by /roslaunch
[rosmaster.master][INFO] 2025-12-18 11:28:12,237: +PARAM [/head_controller/type] by /roslaunch
[rosmaster.master][INFO] 2025-12-18 11:28:12,237: +PARAM [/head_controller/joints] by /roslaunch
[rosmaster.master][INFO] 2025-12-18 11:28:12,237: +PARAM [/head_controller/constraints/goal_time] by /roslaunch
[rosmaster.master][INFO] 2025-12-18 11:28:12,237: +PARAM [/head_controller/constraints/stopped_velocity_tolerance] by /roslaunch
[rosmaster.master][INFO] 2025-12-18 11:28:12,237: +PARAM [/head_controller/constraints/head_1_joint/goal] by /roslaunch
[rosmaster.master][INFO] 2025-12-18 11:28:12,237: +PARAM [/head_controller/constraints/head_2_joint/goal] by /roslaunch
[rosmaster.master][INFO] 2025-12-18 11:28:12,237: +PARAM [/arm_controller/type] by /roslaunch
[rosmaster.master][INFO] 2025-12-18 11:28:12,237: +PARAM [/arm_controller/joints] by /roslaunch
[rosmaster.master][INFO] 2025-12-18 11:28:12,237: +PARAM [/arm_controller/constraints/goal_time] by /roslaunch
[rosmaster.master][INFO] 2025-12-18 11:28:12,237: +PARAM [/arm_controller/constraints/stopped_velocity_tolerance] by /roslaunch
[rosmaster.master][INFO] 2025-12-18 11:28:12,238: +PARAM [/arm_controller/constraints/arm_1_joint/goal] by /roslaunch
[rosmaster.master][INFO] 2025-12-18 11:28:12,238: +PARAM [/arm_controller/constraints/arm_2_joint/goal] by /roslaunch
[rosmaster.master][INFO] 2025-12-18 11:28:12,238: +PARAM [/arm_controller/constraints/arm_3_joint/goal] by /roslaunch
[rosmaster.master][INFO] 2025-12-18 11:28:12,238: +PARAM [/arm_controller/constraints/arm_4_joint/goal] by /roslaunch
[rosmaster.master][INFO] 2025-12-18 11:28:12,238: +PARAM [/arm_controller/constraints/arm_5_joint/goal] by /roslaunch
[rosmaster.master][INFO] 2025-12-18 11:28:12,238: +PARAM [/arm_controller/constraints/arm_6_joint/goal] by /roslaunch
[rosmaster.master][INFO] 2025-12-18 11:28:12,238: +PARAM [/arm_controller/constraints/arm_7_joint/goal] by /roslaunch
[rosmaster.master][INFO] 2025-12-18 11:28:12,238: +PARAM [/joint_state_controller/type] by /roslaunch
[rosmaster.master][INFO] 2025-12-18 11:28:12,238: +PARAM [/joint_state_controller/publish_rate] by /roslaunch
[rosmaster.master][INFO] 2025-12-18 11:28:12,238: +PARAM [/head_controller/point_head_action/pan_link] by /roslaunch
[rosmaster.master][INFO] 2025-12-18 11:28:12,238: +PARAM [/head_controller/point_head_action/tilt_link] by /roslaunch
[rosmaster.master][INFO] 2025-12-18 11:28:12,238: +PARAM [/head_controller/point_head_action/success_angle_threshold] by /roslaunch
[rosmaster.master][INFO] 2025-12-18 11:28:12,238: +PARAM [/imu_sensor_controller/type] by /roslaunch
[rosmaster.master][INFO] 2025-12-18 11:28:12,238: +PARAM [/imu_sensor_controller/publish_rate] by /roslaunch
[rosmaster.master][INFO] 2025-12-18 11:28:12,238: +PARAM [/force_torque_sensor_controller/type] by /roslaunch
[rosmaster.master][INFO] 2025-12-18 11:28:12,238: +PARAM [/force_torque_sensor_controller/publish_rate] by /roslaunch
[rosmaster.master][INFO] 2025-12-18 11:28:12,238: +PARAM [/gripper_controller/type] by /roslaunch
[rosmaster.master][INFO] 2025-12-18 11:28:12,238: +PARAM [/gripper_controller/joints] by /roslaunch
[rosmaster.master][INFO] 2025-12-18 11:28:12,239: +PARAM [/gripper_controller/constraints/goal_time] by /roslaunch
[rosmaster.master][INFO] 2025-12-18 11:28:12,239: +PARAM [/gripper_controller/constraints/stopped_velocity_tolerance] by /roslaunch
[rosmaster.master][INFO] 2025-12-18 11:28:12,239: +PARAM [/gripper_controller/constraints/gripper_right_finger_joint/goal] by /roslaunch
[rosmaster.master][INFO] 2025-12-18 11:28:12,239: +PARAM [/gripper_controller/constraints/gripper_left_finger_joint/goal] by /roslaunch
[rosmaster.master][INFO] 2025-12-18 11:28:12,239: +PARAM [/home_gripper/suffix] by /roslaunch
[rosmaster.master][INFO] 2025-12-18 11:28:12,239: +PARAM [/play_motion/controllers] by /roslaunch
[rosmaster.master][INFO] 2025-12-18 11:28:12,239: +PARAM [/play_motion/motions/home/joints] by /roslaunch
[rosmaster.master][INFO] 2025-12-18 11:28:12,239: +PARAM [/play_motion/motions/home/points] by /roslaunch
[rosmaster.master][INFO] 2025-12-18 11:28:12,239: +PARAM [/play_motion/motions/home/meta/name] by /roslaunch
[rosmaster.master][INFO] 2025-12-18 11:28:12,239: +PARAM [/play_motion/motions/home/meta/usage] by /roslaunch
[rosmaster.master][INFO] 2025-12-18 11:28:12,239: +PARAM [/play_motion/motions/home/meta/description] by /roslaunch
[rosmaster.master][INFO] 2025-12-18 11:28:12,239: +PARAM [/play_motion/motions/unfold_arm/joints] by /roslaunch
[rosmaster.master][INFO] 2025-12-18 11:28:12,239: +PARAM [/play_motion/motions/unfold_arm/points] by /roslaunch
[rosmaster.master][INFO] 2025-12-18 11:28:12,239: +PARAM [/play_motion/motions/unfold_arm/meta/name] by /roslaunch
[rosmaster.master][INFO] 2025-12-18 11:28:12,239: +PARAM [/play_motion/motions/unfold_arm/meta/usage] by /roslaunch
[rosmaster.master][INFO] 2025-12-18 11:28:12,240: +PARAM [/play_motion/motions/unfold_arm/meta/description] by /roslaunch
[rosmaster.master][INFO] 2025-12-18 11:28:12,240: +PARAM [/play_motion/motions/reach_floor/joints] by /roslaunch
[rosmaster.master][INFO] 2025-12-18 11:28:12,240: +PARAM [/play_motion/motions/reach_floor/points] by /roslaunch
[rosmaster.master][INFO] 2025-12-18 11:28:12,240: +PARAM [/play_motion/motions/reach_floor/meta/name] by /roslaunch
[rosmaster.master][INFO] 2025-12-18 11:28:12,240: +PARAM [/play_motion/motions/reach_floor/meta/usage] by /roslaunch
[rosmaster.master][INFO] 2025-12-18 11:28:12,240: +PARAM [/play_motion/motions/reach_floor/meta/description] by /roslaunch
[rosmaster.master][INFO] 2025-12-18 11:28:12,240: +PARAM [/play_motion/motions/reach_max/joints] by /roslaunch
[rosmaster.master][INFO] 2025-12-18 11:28:12,240: +PARAM [/play_motion/motions/reach_max/points] by /roslaunch
[rosmaster.master][INFO] 2025-12-18 11:28:12,240: +PARAM [/play_motion/motions/reach_max/meta/name] by /roslaunch
[rosmaster.master][INFO] 2025-12-18 11:28:12,240: +PARAM [/play_motion/motions/reach_max/meta/usage] by /roslaunch
[rosmaster.master][INFO] 2025-12-18 11:28:12,240: +PARAM [/play_motion/motions/reach_max/meta/description] by /roslaunch
[rosmaster.master][INFO] 2025-12-18 11:28:12,240: +PARAM [/play_motion/motions/prepare_grasp/joints] by /roslaunch
[rosmaster.master][INFO] 2025-12-18 11:28:12,240: +PARAM [/play_motion/motions/prepare_grasp/points] by /roslaunch
[rosmaster.master][INFO] 2025-12-18 11:28:12,240: +PARAM [/play_motion/motions/prepare_grasp/meta/name] by /roslaunch
[rosmaster.master][INFO] 2025-12-18 11:28:12,240: +PARAM [/play_motion/motions/prepare_grasp/meta/usage] by /roslaunch
[rosmaster.master][INFO] 2025-12-18 11:28:12,240: +PARAM [/play_motion/motions/prepare_grasp/meta/description] by /roslaunch
[rosmaster.master][INFO] 2025-12-18 11:28:12,240: +PARAM [/play_motion/motions/inspect_surroundings/joints] by /roslaunch
[rosmaster.master][INFO] 2025-12-18 11:28:12,240: +PARAM [/play_motion/motions/inspect_surroundings/points] by /roslaunch
[rosmaster.master][INFO] 2025-12-18 11:28:12,241: +PARAM [/play_motion/motions/inspect_surroundings/meta/name] by /roslaunch
[rosmaster.master][INFO] 2025-12-18 11:28:12,241: +PARAM [/play_motion/motions/inspect_surroundings/meta/usage] by /roslaunch
[rosmaster.master][INFO] 2025-12-18 11:28:12,241: +PARAM [/play_motion/motions/inspect_surroundings/meta/description] by /roslaunch
[rosmaster.master][INFO] 2025-12-18 11:28:12,241: +PARAM [/play_motion/motions/close_gripper/joints] by /roslaunch
[rosmaster.master][INFO] 2025-12-18 11:28:12,241: +PARAM [/play_motion/motions/close_gripper/points] by /roslaunch
[rosmaster.master][INFO] 2025-12-18 11:28:12,241: +PARAM [/play_motion/motions/close/joints] by /roslaunch
[rosmaster.master][INFO] 2025-12-18 11:28:12,241: +PARAM [/play_motion/motions/close/points] by /roslaunch
[rosmaster.master][INFO] 2025-12-18 11:28:12,241: +PARAM [/play_motion/motions/close/meta/name] by /roslaunch
[rosmaster.master][INFO] 2025-12-18 11:28:12,241: +PARAM [/play_motion/motions/close/meta/usage] by /roslaunch
[rosmaster.master][INFO] 2025-12-18 11:28:12,241: +PARAM [/play_motion/motions/close/meta/description] by /roslaunch
[rosmaster.master][INFO] 2025-12-18 11:28:12,241: +PARAM [/play_motion/motions/close_gripper_half/joints] by /roslaunch
[rosmaster.master][INFO] 2025-12-18 11:28:12,241: +PARAM [/play_motion/motions/close_gripper_half/points] by /roslaunch
[rosmaster.master][INFO] 2025-12-18 11:28:12,241: +PARAM [/play_motion/motions/close_half/joints] by /roslaunch
[rosmaster.master][INFO] 2025-12-18 11:28:12,241: +PARAM [/play_motion/motions/close_half/points] by /roslaunch
[rosmaster.master][INFO] 2025-12-18 11:28:12,241: +PARAM [/play_motion/motions/close_half/meta/name] by /roslaunch
[rosmaster.master][INFO] 2025-12-18 11:28:12,241: +PARAM [/play_motion/motions/close_half/meta/usage] by /roslaunch
[rosmaster.master][INFO] 2025-12-18 11:28:12,241: +PARAM [/play_motion/motions/close_half/meta/description] by /roslaunch
[rosmaster.master][INFO] 2025-12-18 11:28:12,241: +PARAM [/play_motion/motions/open_gripper/joints] by /roslaunch
[rosmaster.master][INFO] 2025-12-18 11:28:12,242: +PARAM [/play_motion/motions/open_gripper/points] by /roslaunch
[rosmaster.master][INFO] 2025-12-18 11:28:12,242: +PARAM [/play_motion/motions/open/joints] by /roslaunch
[rosmaster.master][INFO] 2025-12-18 11:28:12,242: +PARAM [/play_motion/motions/open/points] by /roslaunch
[rosmaster.master][INFO] 2025-12-18 11:28:12,242: +PARAM [/play_motion/motions/open/meta/name] by /roslaunch
[rosmaster.master][INFO] 2025-12-18 11:28:12,242: +PARAM [/play_motion/motions/open/meta/usage] by /roslaunch
[rosmaster.master][INFO] 2025-12-18 11:28:12,242: +PARAM [/play_motion/motions/open/meta/description] by /roslaunch
[rosmaster.master][INFO] 2025-12-18 11:28:12,242: +PARAM [/play_motion/motions/point/joints] by /roslaunch
[rosmaster.master][INFO] 2025-12-18 11:28:12,242: +PARAM [/play_motion/motions/point/points] by /roslaunch
[rosmaster.master][INFO] 2025-12-18 11:28:12,242: +PARAM [/play_motion/motions/point/meta/name] by /roslaunch
[rosmaster.master][INFO] 2025-12-18 11:28:12,242: +PARAM [/play_motion/motions/point/meta/usage] by /roslaunch
[rosmaster.master][INFO] 2025-12-18 11:28:12,242: +PARAM [/play_motion/motions/point/meta/description] by /roslaunch
[rosmaster.master][INFO] 2025-12-18 11:28:12,242: +PARAM [/play_motion/motions/wave/joints] by /roslaunch
[rosmaster.master][INFO] 2025-12-18 11:28:12,242: +PARAM [/play_motion/motions/wave/points] by /roslaunch
[rosmaster.master][INFO] 2025-12-18 11:28:12,242: +PARAM [/play_motion/motions/wave/meta/name] by /roslaunch
[rosmaster.master][INFO] 2025-12-18 11:28:12,242: +PARAM [/play_motion/motions/wave/meta/usage] by /roslaunch
[rosmaster.master][INFO] 2025-12-18 11:28:12,242: +PARAM [/play_motion/motions/wave/meta/description] by /roslaunch
[rosmaster.master][INFO] 2025-12-18 11:28:12,242: +PARAM [/play_motion/motions/pregrasp_weight/joints] by /roslaunch
[rosmaster.master][INFO] 2025-12-18 11:28:12,242: +PARAM [/play_motion/motions/pregrasp_weight/points] by /roslaunch
[rosmaster.master][INFO] 2025-12-18 11:28:12,242: +PARAM [/play_motion/motions/pregrasp_weight/meta/name] by /roslaunch
[rosmaster.master][INFO] 2025-12-18 11:28:12,242: +PARAM [/play_motion/motions/pregrasp_weight/meta/usage] by /roslaunch
[rosmaster.master][INFO] 2025-12-18 11:28:12,243: +PARAM [/play_motion/motions/pregrasp_weight/meta/description] by /roslaunch
[rosmaster.master][INFO] 2025-12-18 11:28:12,243: +PARAM [/play_motion/motions/do_weights/joints] by /roslaunch
[rosmaster.master][INFO] 2025-12-18 11:28:12,243: +PARAM [/play_motion/motions/do_weights/points] by /roslaunch
[rosmaster.master][INFO] 2025-12-18 11:28:12,243: +PARAM [/play_motion/motions/do_weights/meta/name] by /roslaunch
[rosmaster.master][INFO] 2025-12-18 11:28:12,243: +PARAM [/play_motion/motions/do_weights/meta/usage] by /roslaunch
[rosmaster.master][INFO] 2025-12-18 11:28:12,243: +PARAM [/play_motion/motions/do_weights/meta/description] by /roslaunch
[rosmaster.master][INFO] 2025-12-18 11:28:12,243: +PARAM [/play_motion/motions/offer_gripper/joints] by /roslaunch
[rosmaster.master][INFO] 2025-12-18 11:28:12,243: +PARAM [/play_motion/motions/offer_gripper/points] by /roslaunch
[rosmaster.master][INFO] 2025-12-18 11:28:12,243: +PARAM [/play_motion/motions/offer/joints] by /roslaunch
[rosmaster.master][INFO] 2025-12-18 11:28:12,243: +PARAM [/play_motion/motions/offer/points] by /roslaunch
[rosmaster.master][INFO] 2025-12-18 11:28:12,243: +PARAM [/play_motion/motions/offer/meta/name] by /roslaunch
[rosmaster.master][INFO] 2025-12-18 11:28:12,243: +PARAM [/play_motion/motions/offer/meta/usage] by /roslaunch
[rosmaster.master][INFO] 2025-12-18 11:28:12,243: +PARAM [/play_motion/motions/offer/meta/description] by /roslaunch
[rosmaster.master][INFO] 2025-12-18 11:28:12,243: +PARAM [/play_motion/motions/shake_hands/joints] by /roslaunch
[rosmaster.master][INFO] 2025-12-18 11:28:12,243: +PARAM [/play_motion/motions/shake_hands/points] by /roslaunch
[rosmaster.master][INFO] 2025-12-18 11:28:12,243: +PARAM [/play_motion/motions/shake_hands/meta/name] by /roslaunch
[rosmaster.master][INFO] 2025-12-18 11:28:12,243: +PARAM [/play_motion/motions/shake_hands/meta/usage] by /roslaunch
[rosmaster.master][INFO] 2025-12-18 11:28:12,243: +PARAM [/play_motion/motions/shake_hands/meta/description] by /roslaunch
[rosmaster.master][INFO] 2025-12-18 11:28:12,243: +PARAM [/play_motion/motions/pick_from_floor/joints] by /roslaunch
[rosmaster.master][INFO] 2025-12-18 11:28:12,244: +PARAM [/play_motion/motions/pick_from_floor/points] by /roslaunch
[rosmaster.master][INFO] 2025-12-18 11:28:12,244: +PARAM [/play_motion/motions/pick_from_floor/meta/name] by /roslaunch
[rosmaster.master][INFO] 2025-12-18 11:28:12,244: +PARAM [/play_motion/motions/pick_from_floor/meta/usage] by /roslaunch
[rosmaster.master][INFO] 2025-12-18 11:28:12,244: +PARAM [/play_motion/motions/pick_from_floor/meta/description] by /roslaunch
[rosmaster.master][INFO] 2025-12-18 11:28:12,244: +PARAM [/play_motion/motions/head_tour/joints] by /roslaunch
[rosmaster.master][INFO] 2025-12-18 11:28:12,244: +PARAM [/play_motion/motions/head_tour/points] by /roslaunch
[rosmaster.master][INFO] 2025-12-18 11:28:12,244: +PARAM [/play_motion/motions/head_tour/meta/name] by /roslaunch
[rosmaster.master][INFO] 2025-12-18 11:28:12,244: +PARAM [/play_motion/motions/head_tour/meta/usage] by /roslaunch
[rosmaster.master][INFO] 2025-12-18 11:28:12,244: +PARAM [/play_motion/motions/head_tour/meta/description] by /roslaunch
[rosmaster.master][INFO] 2025-12-18 11:28:12,244: +PARAM [/play_motion/disable_motion_planning] by /roslaunch
[rosmaster.master][INFO] 2025-12-18 11:28:12,244: +PARAM [/play_motion/approach_planner/planning_groups] by /roslaunch
[rosmaster.master][INFO] 2025-12-18 11:28:12,244: +PARAM [/play_motion/approach_planner/exclude_from_planning_joints] by /roslaunch
[rosmaster.master][INFO] 2025-12-18 11:28:12,244: +PARAM [/play_motion/approach_planner/joint_tolerance] by /roslaunch
[rosmaster.master][INFO] 2025-12-18 11:28:12,244: +PARAM [/play_motion/approach_planner/skip_planning_approach_vel] by /roslaunch
[rosmaster.master][INFO] 2025-12-18 11:28:12,244: +PARAM [/play_motion/approach_planner/skip_planning_approach_min_dur] by /roslaunch
[rosmaster.master][INFO] 2025-12-18 11:28:12,244: +PARAM [/robot_description_semantic] by /roslaunch
[rosmaster.master][INFO] 2025-12-18 11:28:12,244: +PARAM [/move_group/robot_description_planning/default_robot_link_padding/arm_5_link] by /roslaunch
[rosmaster.master][INFO] 2025-12-18 11:28:12,244: +PARAM [/robot_description_planning/default_velocity_scaling_factor] by /roslaunch
[rosmaster.master][INFO] 2025-12-18 11:28:12,244: +PARAM [/robot_description_planning/joint_limits/arm_2_joint/has_velocity_limits] by /roslaunch
[rosmaster.master][INFO] 2025-12-18 11:28:12,245: +PARAM [/robot_description_planning/joint_limits/arm_2_joint/max_velocity] by /roslaunch
[rosmaster.master][INFO] 2025-12-18 11:28:12,245: +PARAM [/robot_description_planning/joint_limits/arm_2_joint/has_acceleration_limits] by /roslaunch
[rosmaster.master][INFO] 2025-12-18 11:28:12,245: +PARAM [/robot_description_planning/joint_limits/arm_2_joint/max_acceleration] by /roslaunch
[rosmaster.master][INFO] 2025-12-18 11:28:12,245: +PARAM [/robot_description_planning/joint_limits/arm_1_joint/has_velocity_limits] by /roslaunch
[rosmaster.master][INFO] 2025-12-18 11:28:12,245: +PARAM [/robot_description_planning/joint_limits/arm_1_joint/max_velocity] by /roslaunch
[rosmaster.master][INFO] 2025-12-18 11:28:12,245: +PARAM [/robot_description_planning/joint_limits/arm_1_joint/has_acceleration_limits] by /roslaunch
[rosmaster.master][INFO] 2025-12-18 11:28:12,245: +PARAM [/robot_description_planning/joint_limits/arm_1_joint/max_acceleration] by /roslaunch
[rosmaster.master][INFO] 2025-12-18 11:28:12,245: +PARAM [/robot_description_planning/joint_limits/arm_6_joint/has_velocity_limits] by /roslaunch
[rosmaster.master][INFO] 2025-12-18 11:28:12,245: +PARAM [/robot_description_planning/joint_limits/arm_6_joint/max_velocity] by /roslaunch
[rosmaster.master][INFO] 2025-12-18 11:28:12,245: +PARAM [/robot_description_planning/joint_limits/arm_6_joint/has_acceleration_limits] by /roslaunch
[rosmaster.master][INFO] 2025-12-18 11:28:12,245: +PARAM [/robot_description_planning/joint_limits/arm_6_joint/max_acceleration] by /roslaunch
[rosmaster.master][INFO] 2025-12-18 11:28:12,245: +PARAM [/robot_description_planning/joint_limits/arm_7_joint/has_velocity_limits] by /roslaunch
[rosmaster.master][INFO] 2025-12-18 11:28:12,245: +PARAM [/robot_description_planning/joint_limits/arm_7_joint/max_velocity] by /roslaunch
[rosmaster.master][INFO] 2025-12-18 11:28:12,245: +PARAM [/robot_description_planning/joint_limits/arm_7_joint/has_acceleration_limits] by /roslaunch
[rosmaster.master][INFO] 2025-12-18 11:28:12,245: +PARAM [/robot_description_planning/joint_limits/arm_7_joint/max_acceleration] by /roslaunch
[rosmaster.master][INFO] 2025-12-18 11:28:12,245: +PARAM [/robot_description_planning/joint_limits/arm_4_joint/has_velocity_limits] by /roslaunch
[rosmaster.master][INFO] 2025-12-18 11:28:12,245: +PARAM [/robot_description_planning/joint_limits/arm_4_joint/max_velocity] by /roslaunch
[rosmaster.master][INFO] 2025-12-18 11:28:12,245: +PARAM [/robot_description_planning/joint_limits/arm_4_joint/has_acceleration_limits] by /roslaunch
[rosmaster.master][INFO] 2025-12-18 11:28:12,245: +PARAM [/robot_description_planning/joint_limits/arm_4_joint/max_acceleration] by /roslaunch
[rosmaster.master][INFO] 2025-12-18 11:28:12,245: +PARAM [/robot_description_planning/joint_limits/arm_5_joint/has_velocity_limits] by /roslaunch
[rosmaster.master][INFO] 2025-12-18 11:28:12,246: +PARAM [/robot_description_planning/joint_limits/arm_5_joint/max_velocity] by /roslaunch
[rosmaster.master][INFO] 2025-12-18 11:28:12,246: +PARAM [/robot_description_planning/joint_limits/arm_5_joint/has_acceleration_limits] by /roslaunch
[rosmaster.master][INFO] 2025-12-18 11:28:12,246: +PARAM [/robot_description_planning/joint_limits/arm_5_joint/max_acceleration] by /roslaunch
[rosmaster.master][INFO] 2025-12-18 11:28:12,246: +PARAM [/robot_description_planning/joint_limits/arm_3_joint/has_velocity_limits] by /roslaunch
[rosmaster.master][INFO] 2025-12-18 11:28:12,246: +PARAM [/robot_description_planning/joint_limits/arm_3_joint/max_velocity] by /roslaunch
[rosmaster.master][INFO] 2025-12-18 11:28:12,246: +PARAM [/robot_description_planning/joint_limits/arm_3_joint/has_acceleration_limits] by /roslaunch
[rosmaster.master][INFO] 2025-12-18 11:28:12,246: +PARAM [/robot_description_planning/joint_limits/arm_3_joint/max_acceleration] by /roslaunch
[rosmaster.master][INFO] 2025-12-18 11:28:12,246: +PARAM [/robot_description_planning/joint_limits/torso_lift_joint/has_velocity_limits] by /roslaunch
[rosmaster.master][INFO] 2025-12-18 11:28:12,246: +PARAM [/robot_description_planning/joint_limits/torso_lift_joint/max_velocity] by /roslaunch
[rosmaster.master][INFO] 2025-12-18 11:28:12,246: +PARAM [/robot_description_planning/joint_limits/torso_lift_joint/has_acceleration_limits] by /roslaunch
[rosmaster.master][INFO] 2025-12-18 11:28:12,246: +PARAM [/robot_description_planning/joint_limits/torso_lift_joint/max_acceleration] by /roslaunch
[rosmaster.master][INFO] 2025-12-18 11:28:12,246: +PARAM [/robot_description_planning/joint_limits/gripper_left_finger_joint/has_velocity_limits] by /roslaunch
[rosmaster.master][INFO] 2025-12-18 11:28:12,246: +PARAM [/robot_description_planning/joint_limits/gripper_left_finger_joint/max_velocity] by /roslaunch
[rosmaster.master][INFO] 2025-12-18 11:28:12,246: +PARAM [/robot_description_planning/joint_limits/gripper_left_finger_joint/has_acceleration_limits] by /roslaunch
[rosmaster.master][INFO] 2025-12-18 11:28:12,246: +PARAM [/robot_description_planning/joint_limits/gripper_left_finger_joint/max_acceleration] by /roslaunch
[rosmaster.master][INFO] 2025-12-18 11:28:12,246: +PARAM [/robot_description_planning/joint_limits/gripper_right_finger_joint/has_velocity_limits] by /roslaunch
[rosmaster.master][INFO] 2025-12-18 11:28:12,247: +PARAM [/robot_description_planning/joint_limits/gripper_right_finger_joint/max_velocity] by /roslaunch
[rosmaster.master][INFO] 2025-12-18 11:28:12,247: +PARAM [/robot_description_planning/joint_limits/gripper_right_finger_joint/has_acceleration_limits] by /roslaunch
[rosmaster.master][INFO] 2025-12-18 11:28:12,247: +PARAM [/robot_description_planning/joint_limits/gripper_right_finger_joint/max_acceleration] by /roslaunch
[rosmaster.master][INFO] 2025-12-18 11:28:12,247: +PARAM [/robot_description_planning/joint_limits/gripper_finger_joint/has_velocity_limits] by /roslaunch
[rosmaster.master][INFO] 2025-12-18 11:28:12,247: +PARAM [/robot_description_planning/joint_limits/gripper_finger_joint/max_velocity] by /roslaunch
[rosmaster.master][INFO] 2025-12-18 11:28:12,247: +PARAM [/robot_description_planning/joint_limits/gripper_finger_joint/has_acceleration_limits] by /roslaunch
[rosmaster.master][INFO] 2025-12-18 11:28:12,247: +PARAM [/robot_description_planning/joint_limits/gripper_finger_joint/max_acceleration] by /roslaunch
[rosmaster.master][INFO] 2025-12-18 11:28:12,247: +PARAM [/robot_description_kinematics/arm_torso/kinematics_solver] by /roslaunch
[rosmaster.master][INFO] 2025-12-18 11:28:12,247: +PARAM [/robot_description_kinematics/arm_torso/kinematics_solver_search_resolution] by /roslaunch
[rosmaster.master][INFO] 2025-12-18 11:28:12,247: +PARAM [/robot_description_kinematics/arm_torso/kinematics_solver_timeout] by /roslaunch
[rosmaster.master][INFO] 2025-12-18 11:28:12,247: +PARAM [/robot_description_kinematics/arm_torso/kinematics_solver_attempts] by /roslaunch
[rosmaster.master][INFO] 2025-12-18 11:28:12,247: +PARAM [/robot_description_kinematics/arm/kinematics_solver] by /roslaunch
[rosmaster.master][INFO] 2025-12-18 11:28:12,247: +PARAM [/robot_description_kinematics/arm/kinematics_solver_search_resolution] by /roslaunch
[rosmaster.master][INFO] 2025-12-18 11:28:12,247: +PARAM [/robot_description_kinematics/arm/kinematics_solver_timeout] by /roslaunch
[rosmaster.master][INFO] 2025-12-18 11:28:12,247: +PARAM [/robot_description_kinematics/arm/kinematics_solver_attempts] by /roslaunch
[rosmaster.master][INFO] 2025-12-18 11:28:12,247: +PARAM [/move_group/planning_plugin] by /roslaunch
[rosmaster.master][INFO] 2025-12-18 11:28:12,247: +PARAM [/move_group/request_adapters] by /roslaunch
[rosmaster.master][INFO] 2025-12-18 11:28:12,247: +PARAM [/move_group/start_state_max_bounds_error] by /roslaunch
[rosmaster.master][INFO] 2025-12-18 11:28:12,248: +PARAM [/move_group/planner_configs/SBLkConfigDefault/type] by /roslaunch
[rosmaster.master][INFO] 2025-12-18 11:28:12,248: +PARAM [/move_group/planner_configs/ESTkConfigDefault/type] by /roslaunch
[rosmaster.master][INFO] 2025-12-18 11:28:12,248: +PARAM [/move_group/planner_configs/LBKPIECEkConfigDefault/type] by /roslaunch
[rosmaster.master][INFO] 2025-12-18 11:28:12,248: +PARAM [/move_group/planner_configs/BKPIECEkConfigDefault/type] by /roslaunch
[rosmaster.master][INFO] 2025-12-18 11:28:12,248: +PARAM [/move_group/planner_configs/KPIECEkConfigDefault/type] by /roslaunch
[rosmaster.master][INFO] 2025-12-18 11:28:12,248: +PARAM [/move_group/planner_configs/RRTkConfigDefault/type] by /roslaunch
[rosmaster.master][INFO] 2025-12-18 11:28:12,248: +PARAM [/move_group/planner_configs/RRTConnectkConfigDefault/type] by /roslaunch
[rosmaster.master][INFO] 2025-12-18 11:28:12,248: +PARAM [/move_group/planner_configs/RRTstarkConfigDefault/type] by /roslaunch
[rosmaster.master][INFO] 2025-12-18 11:28:12,248: +PARAM [/move_group/planner_configs/TRRTkConfigDefault/type] by /roslaunch
[rosmaster.master][INFO] 2025-12-18 11:28:12,248: +PARAM [/move_group/planner_configs/PRMkConfigDefault/type] by /roslaunch
[rosmaster.master][INFO] 2025-12-18 11:28:12,248: +PARAM [/move_group/planner_configs/PRMstarkConfigDefault/type] by /roslaunch
[rosmaster.master][INFO] 2025-12-18 11:28:12,248: +PARAM [/move_group/arm_torso/planner_configs] by /roslaunch
[rosmaster.master][INFO] 2025-12-18 11:28:12,248: +PARAM [/move_group/arm_torso/projection_evaluator] by /roslaunch
[rosmaster.master][INFO] 2025-12-18 11:28:12,248: +PARAM [/move_group/arm_torso/longest_valid_segment_fraction] by /roslaunch
[rosmaster.master][INFO] 2025-12-18 11:28:12,248: +PARAM [/move_group/arm/planner_configs] by /roslaunch
[rosmaster.master][INFO] 2025-12-18 11:28:12,248: +PARAM [/move_group/arm/projection_evaluator] by /roslaunch
[rosmaster.master][INFO] 2025-12-18 11:28:12,248: +PARAM [/move_group/arm/longest_valid_segment_fraction] by /roslaunch
[rosmaster.master][INFO] 2025-12-18 11:28:12,248: +PARAM [/move_group/moveit_manage_controllers] by /roslaunch
[rosmaster.master][INFO] 2025-12-18 11:28:12,248: +PARAM [/move_group/trajectory_execution/allowed_execution_duration_scaling] by /roslaunch
[rosmaster.master][INFO] 2025-12-18 11:28:12,249: +PARAM [/move_group/trajectory_execution/allowed_goal_duration_margin] by /roslaunch
[rosmaster.master][INFO] 2025-12-18 11:28:12,249: +PARAM [/move_group/moveit_controller_manager] by /roslaunch
[rosmaster.master][INFO] 2025-12-18 11:28:12,249: +PARAM [/move_group/controller_manager_name] by /roslaunch
[rosmaster.master][INFO] 2025-12-18 11:28:12,249: +PARAM [/move_group/use_controller_manager] by /roslaunch
[rosmaster.master][INFO] 2025-12-18 11:28:12,249: +PARAM [/move_group/controller_manager_ns] by /roslaunch
[rosmaster.master][INFO] 2025-12-18 11:28:12,249: +PARAM [/move_group/controller_list] by /roslaunch
[rosmaster.master][INFO] 2025-12-18 11:28:12,249: +PARAM [/move_group/allow_trajectory_execution] by /roslaunch
[rosmaster.master][INFO] 2025-12-18 11:28:12,249: +PARAM [/move_group/max_safe_path_cost] by /roslaunch
[rosmaster.master][INFO] 2025-12-18 11:28:12,249: +PARAM [/move_group/jiggle_fraction] by /roslaunch
[rosmaster.master][INFO] 2025-12-18 11:28:12,249: +PARAM [/move_group/capabilities] by /roslaunch
[rosmaster.master][INFO] 2025-12-18 11:28:12,249: +PARAM [/move_group/disable_capabilities] by /roslaunch
[rosmaster.master][INFO] 2025-12-18 11:28:12,249: +PARAM [/move_group/planning_scene_monitor/publish_planning_scene] by /roslaunch
[rosmaster.master][INFO] 2025-12-18 11:28:12,249: +PARAM [/move_group/planning_scene_monitor/publish_geometry_updates] by /roslaunch
[rosmaster.master][INFO] 2025-12-18 11:28:12,249: +PARAM [/move_group/planning_scene_monitor/publish_state_updates] by /roslaunch
[rosmaster.master][INFO] 2025-12-18 11:28:12,249: +PARAM [/move_group/planning_scene_monitor/publish_transforms_updates] by /roslaunch
[rosmaster.master][INFO] 2025-12-18 11:28:12,249: +PARAM [/robot_state_publisher/publish_frequency] by /roslaunch
[rosmaster.master][INFO] 2025-12-18 11:28:12,249: +PARAM [/robot_state_publisher/tf_prefix] by /roslaunch
[rosmaster.master][INFO] 2025-12-18 11:28:12,249: +PARAM [/twist_mux/locks] by /roslaunch
[rosmaster.master][INFO] 2025-12-18 11:28:12,249: +PARAM [/twist_mux/topics] by /roslaunch
[rosmaster.master][INFO] 2025-12-18 11:28:12,249: +PARAM [/joystick_relay/priority] by /roslaunch
[rosmaster.master][INFO] 2025-12-18 11:28:12,250: +PARAM [/joystick_relay/turbo/linear_forward_min] by /roslaunch
[rosmaster.master][INFO] 2025-12-18 11:28:12,250: +PARAM [/joystick_relay/turbo/linear_forward_max] by /roslaunch
[rosmaster.master][INFO] 2025-12-18 11:28:12,250: +PARAM [/joystick_relay/turbo/linear_backward_min] by /roslaunch
[rosmaster.master][INFO] 2025-12-18 11:28:12,250: +PARAM [/joystick_relay/turbo/linear_backward_max] by /roslaunch
[rosmaster.master][INFO] 2025-12-18 11:28:12,250: +PARAM [/joystick_relay/turbo/angular_min] by /roslaunch
[rosmaster.master][INFO] 2025-12-18 11:28:12,250: +PARAM [/joystick_relay/turbo/angular_max] by /roslaunch
[rosmaster.master][INFO] 2025-12-18 11:28:12,250: +PARAM [/joystick_relay/turbo/steps] by /roslaunch
[rosmaster.master][INFO] 2025-12-18 11:28:12,250: +PARAM [/dynamic_footprint_publisher/footprint] by /roslaunch
[rosmaster.master][INFO] 2025-12-18 11:28:12,250: +PARAM [/dynamic_footprint_publisher/link_list] by /roslaunch
[rosmaster.master][INFO] 2025-12-18 11:28:12,250: +PARAM [/dynamic_footprint_publisher/padding] by /roslaunch
[rosmaster.master][INFO] 2025-12-18 11:28:12,250: +PARAM [/collision_decomposition_description] by /roslaunch
[rosmaster.master][INFO] 2025-12-18 11:28:12,250: +PARAM [/extra_capsule_descriptions/arm_7_link/position] by /roslaunch
[rosmaster.master][INFO] 2025-12-18 11:28:12,250: +PARAM [/extra_capsule_descriptions/arm_7_link/orientation] by /roslaunch
[rosmaster.master][INFO] 2025-12-18 11:28:12,250: +PARAM [/extra_capsule_descriptions/arm_7_link/l] by /roslaunch
[rosmaster.master][INFO] 2025-12-18 11:28:12,250: +PARAM [/extra_capsule_descriptions/arm_7_link/r] by /roslaunch
[rosmaster.master][INFO] 2025-12-18 11:28:12,250: +PARAM [/capsule_collision_operations] by /roslaunch
[rosmaster.master][INFO] 2025-12-18 11:28:12,250: +PARAM [/whole_body_kinematic_controller/type] by /roslaunch
[rosmaster.master][INFO] 2025-12-18 11:28:12,250: +PARAM [/whole_body_kinematic_controller/useHead] by /roslaunch
[rosmaster.master][INFO] 2025-12-18 11:28:12,250: +PARAM [/whole_body_kinematic_controller/force_torque/wrist_ft/frame] by /roslaunch
[rosmaster.master][INFO] 2025-12-18 11:28:12,251: +PARAM [/whole_body_kinematic_controller/dt] by /roslaunch
[rosmaster.master][INFO] 2025-12-18 11:28:12,251: +PARAM [/whole_body_kinematic_controller/floating_base] by /roslaunch
[rosmaster.master][INFO] 2025-12-18 11:28:12,251: +PARAM [/whole_body_kinematic_controller/formulation] by /roslaunch
[rosmaster.master][INFO] 2025-12-18 11:28:12,251: +PARAM [/whole_body_kinematic_controller/stack_configuration] by /roslaunch
[rosmaster.master][INFO] 2025-12-18 11:28:12,251: +PARAM [/whole_body_kinematic_controller/solver_type] by /roslaunch
[rosmaster.master][INFO] 2025-12-18 11:28:12,251: +PARAM [/whole_body_kinematic_controller/initialize_bfp_tf] by /roslaunch
[rosmaster.master][INFO] 2025-12-18 11:28:12,251: +PARAM [/whole_body_kinematic_controller/use_home_posture] by /roslaunch
[rosmaster.master][INFO] 2025-12-18 11:28:12,251: +PARAM [/whole_body_kinematic_controller/use_odom] by /roslaunch
[rosmaster.master][INFO] 2025-12-18 11:28:12,251: +PARAM [/whole_body_kinematic_controller/robot_model_chains] by /roslaunch
[rosmaster.master][INFO] 2025-12-18 11:28:12,251: +PARAM [/whole_body_kinematic_controller/default_configuration/arm_1_joint] by /roslaunch
[rosmaster.master][INFO] 2025-12-18 11:28:12,251: +PARAM [/whole_body_kinematic_controller/default_configuration/arm_2_joint] by /roslaunch
[rosmaster.master][INFO] 2025-12-18 11:28:12,251: +PARAM [/whole_body_kinematic_controller/default_configuration/arm_3_joint] by /roslaunch
[rosmaster.master][INFO] 2025-12-18 11:28:12,251: +PARAM [/whole_body_kinematic_controller/default_configuration/arm_4_joint] by /roslaunch
[rosmaster.master][INFO] 2025-12-18 11:28:12,251: +PARAM [/whole_body_kinematic_controller/default_configuration/arm_5_joint] by /roslaunch
[rosmaster.master][INFO] 2025-12-18 11:28:12,251: +PARAM [/whole_body_kinematic_controller/default_configuration/arm_6_joint] by /roslaunch
[rosmaster.master][INFO] 2025-12-18 11:28:12,251: +PARAM [/whole_body_kinematic_controller/default_configuration/arm_7_joint] by /roslaunch
[rosmaster.master][INFO] 2025-12-18 11:28:12,251: +PARAM [/whole_body_kinematic_controller/default_configuration/head_1_joint] by /roslaunch
[rosmaster.master][INFO] 2025-12-18 11:28:12,251: +PARAM [/whole_body_kinematic_controller/default_configuration/head_2_joint] by /roslaunch
[rosmaster.master][INFO] 2025-12-18 11:28:12,251: +PARAM [/whole_body_kinematic_controller/default_configuration/torso_lift_joint] by /roslaunch
[rosmaster.master][INFO] 2025-12-18 11:28:12,251: +PARAM [/whole_body_kinematic_controller/joints/arm_1_joint/actuator_params/ball_screw_efficiency] by /roslaunch
[rosmaster.master][INFO] 2025-12-18 11:28:12,252: +PARAM [/whole_body_kinematic_controller/joints/arm_1_joint/actuator_params/ball_screw_lead] by /roslaunch
[rosmaster.master][INFO] 2025-12-18 11:28:12,252: +PARAM [/whole_body_kinematic_controller/joints/arm_1_joint/actuator_params/motor_torque_constant] by /roslaunch
[rosmaster.master][INFO] 2025-12-18 11:28:12,252: +PARAM [/whole_body_kinematic_controller/joints/arm_1_joint/actuator_params/torque_sensor_offset] by /roslaunch
[rosmaster.master][INFO] 2025-12-18 11:28:12,252: +PARAM [/whole_body_kinematic_controller/joints/arm_1_joint/actuator_params/reduction_ratio] by /roslaunch
[rosmaster.master][INFO] 2025-12-18 11:28:12,252: +PARAM [/whole_body_kinematic_controller/joints/arm_1_joint/actuator_params/actuator_names] by /roslaunch
[rosmaster.master][INFO] 2025-12-18 11:28:12,252: +PARAM [/whole_body_kinematic_controller/joints/arm_1_joint/actuator_params/check_mode] by /roslaunch
[rosmaster.master][INFO] 2025-12-18 11:28:12,252: +PARAM [/whole_body_kinematic_controller/joints/arm_1_joint/actuator_params/motor_inertia] by /roslaunch
[rosmaster.master][INFO] 2025-12-18 11:28:12,252: +PARAM [/whole_body_kinematic_controller/joints/arm_1_joint/actuator_params/static_friction] by /roslaunch
[rosmaster.master][INFO] 2025-12-18 11:28:12,252: +PARAM [/whole_body_kinematic_controller/joints/arm_1_joint/actuator_params/viscous_friction] by /roslaunch
[rosmaster.master][INFO] 2025-12-18 11:28:12,252: +PARAM [/whole_body_kinematic_controller/joints/arm_1_joint/actuator_params/joint_elasticity] by /roslaunch
[rosmaster.master][INFO] 2025-12-18 11:28:12,252: +PARAM [/whole_body_kinematic_controller/joints/arm_1_joint/actuator_params/joint_elasticity_damping] by /roslaunch
[rosmaster.master][INFO] 2025-12-18 11:28:12,252: +PARAM [/whole_body_kinematic_controller/joints/arm_1_joint/type] by /roslaunch
[rosmaster.master][INFO] 2025-12-18 11:28:12,252: +PARAM [/whole_body_kinematic_controller/joints/arm_1_joint/check_mode] by /roslaunch
[rosmaster.master][INFO] 2025-12-18 11:28:12,252: +PARAM [/whole_body_kinematic_controller/joints/arm_1_joint/open_loop] by /roslaunch
[rosmaster.master][INFO] 2025-12-18 11:28:12,252: +PARAM [/whole_body_kinematic_controller/joints/arm_2_joint/actuator_params/ball_screw_efficiency] by /roslaunch
[rosmaster.master][INFO] 2025-12-18 11:28:12,252: +PARAM [/whole_body_kinematic_controller/joints/arm_2_joint/actuator_params/ball_screw_lead] by /roslaunch
[rosmaster.master][INFO] 2025-12-18 11:28:12,252: +PARAM [/whole_body_kinematic_controller/joints/arm_2_joint/actuator_params/motor_torque_constant] by /roslaunch
[rosmaster.master][INFO] 2025-12-18 11:28:12,252: +PARAM [/whole_body_kinematic_controller/joints/arm_2_joint/actuator_params/torque_sensor_offset] by /roslaunch
[rosmaster.master][INFO] 2025-12-18 11:28:12,252: +PARAM [/whole_body_kinematic_controller/joints/arm_2_joint/actuator_params/reduction_ratio] by /roslaunch
[rosmaster.master][INFO] 2025-12-18 11:28:12,252: +PARAM [/whole_body_kinematic_controller/joints/arm_2_joint/actuator_params/actuator_names] by /roslaunch
[rosmaster.master][INFO] 2025-12-18 11:28:12,253: +PARAM [/whole_body_kinematic_controller/joints/arm_2_joint/actuator_params/check_mode] by /roslaunch
[rosmaster.master][INFO] 2025-12-18 11:28:12,253: +PARAM [/whole_body_kinematic_controller/joints/arm_2_joint/actuator_params/motor_inertia] by /roslaunch
[rosmaster.master][INFO] 2025-12-18 11:28:12,253: +PARAM [/whole_body_kinematic_controller/joints/arm_2_joint/actuator_params/static_friction] by /roslaunch
[rosmaster.master][INFO] 2025-12-18 11:28:12,253: +PARAM [/whole_body_kinematic_controller/joints/arm_2_joint/actuator_params/viscous_friction] by /roslaunch
[rosmaster.master][INFO] 2025-12-18 11:28:12,253: +PARAM [/whole_body_kinematic_controller/joints/arm_2_joint/actuator_params/joint_elasticity] by /roslaunch
[rosmaster.master][INFO] 2025-12-18 11:28:12,253: +PARAM [/whole_body_kinematic_controller/joints/arm_2_joint/actuator_params/joint_elasticity_damping] by /roslaunch
[rosmaster.master][INFO] 2025-12-18 11:28:12,253: +PARAM [/whole_body_kinematic_controller/joints/arm_2_joint/type] by /roslaunch
[rosmaster.master][INFO] 2025-12-18 11:28:12,253: +PARAM [/whole_body_kinematic_controller/joints/arm_2_joint/check_mode] by /roslaunch
[rosmaster.master][INFO] 2025-12-18 11:28:12,253: +PARAM [/whole_body_kinematic_controller/joints/arm_2_joint/open_loop] by /roslaunch
[rosmaster.master][INFO] 2025-12-18 11:28:12,253: +PARAM [/whole_body_kinematic_controller/joints/arm_3_joint/actuator_params/ball_screw_efficiency] by /roslaunch
[rosmaster.master][INFO] 2025-12-18 11:28:12,253: +PARAM [/whole_body_kinematic_controller/joints/arm_3_joint/actuator_params/ball_screw_lead] by /roslaunch
[rosmaster.master][INFO] 2025-12-18 11:28:12,253: +PARAM [/whole_body_kinematic_controller/joints/arm_3_joint/actuator_params/motor_torque_constant] by /roslaunch
[rosmaster.master][INFO] 2025-12-18 11:28:12,253: +PARAM [/whole_body_kinematic_controller/joints/arm_3_joint/actuator_params/torque_sensor_offset] by /roslaunch
[rosmaster.master][INFO] 2025-12-18 11:28:12,253: +PARAM [/whole_body_kinematic_controller/joints/arm_3_joint/actuator_params/reduction_ratio] by /roslaunch
[rosmaster.master][INFO] 2025-12-18 11:28:12,253: +PARAM [/whole_body_kinematic_controller/joints/arm_3_joint/actuator_params/actuator_names] by /roslaunch
[rosmaster.master][INFO] 2025-12-18 11:28:12,253: +PARAM [/whole_body_kinematic_controller/joints/arm_3_joint/actuator_params/check_mode] by /roslaunch
[rosmaster.master][INFO] 2025-12-18 11:28:12,253: +PARAM [/whole_body_kinematic_controller/joints/arm_3_joint/actuator_params/motor_inertia] by /roslaunch
[rosmaster.master][INFO] 2025-12-18 11:28:12,253: +PARAM [/whole_body_kinematic_controller/joints/arm_3_joint/actuator_params/static_friction] by /roslaunch
[rosmaster.master][INFO] 2025-12-18 11:28:12,253: +PARAM [/whole_body_kinematic_controller/joints/arm_3_joint/actuator_params/viscous_friction] by /roslaunch
[rosmaster.master][INFO] 2025-12-18 11:28:12,254: +PARAM [/whole_body_kinematic_controller/joints/arm_3_joint/actuator_params/joint_elasticity] by /roslaunch
[rosmaster.master][INFO] 2025-12-18 11:28:12,254: +PARAM [/whole_body_kinematic_controller/joints/arm_3_joint/actuator_params/joint_elasticity_damping] by /roslaunch
[rosmaster.master][INFO] 2025-12-18 11:28:12,254: +PARAM [/whole_body_kinematic_controller/joints/arm_3_joint/type] by /roslaunch
[rosmaster.master][INFO] 2025-12-18 11:28:12,254: +PARAM [/whole_body_kinematic_controller/joints/arm_3_joint/check_mode] by /roslaunch
[rosmaster.master][INFO] 2025-12-18 11:28:12,254: +PARAM [/whole_body_kinematic_controller/joints/arm_3_joint/open_loop] by /roslaunch
[rosmaster.master][INFO] 2025-12-18 11:28:12,254: +PARAM [/whole_body_kinematic_controller/joints/arm_4_joint/actuator_params/ball_screw_efficiency] by /roslaunch
[rosmaster.master][INFO] 2025-12-18 11:28:12,254: +PARAM [/whole_body_kinematic_controller/joints/arm_4_joint/actuator_params/ball_screw_lead] by /roslaunch
[rosmaster.master][INFO] 2025-12-18 11:28:12,254: +PARAM [/whole_body_kinematic_controller/joints/arm_4_joint/actuator_params/motor_torque_constant] by /roslaunch
[rosmaster.master][INFO] 2025-12-18 11:28:12,254: +PARAM [/whole_body_kinematic_controller/joints/arm_4_joint/actuator_params/torque_sensor_offset] by /roslaunch
[rosmaster.master][INFO] 2025-12-18 11:28:12,254: +PARAM [/whole_body_kinematic_controller/joints/arm_4_joint/actuator_params/reduction_ratio] by /roslaunch
[rosmaster.master][INFO] 2025-12-18 11:28:12,254: +PARAM [/whole_body_kinematic_controller/joints/arm_4_joint/actuator_params/actuator_names] by /roslaunch
[rosmaster.master][INFO] 2025-12-18 11:28:12,254: +PARAM [/whole_body_kinematic_controller/joints/arm_4_joint/actuator_params/check_mode] by /roslaunch
[rosmaster.master][INFO] 2025-12-18 11:28:12,254: +PARAM [/whole_body_kinematic_controller/joints/arm_4_joint/actuator_params/motor_inertia] by /roslaunch
[rosmaster.master][INFO] 2025-12-18 11:28:12,254: +PARAM [/whole_body_kinematic_controller/joints/arm_4_joint/actuator_params/static_friction] by /roslaunch
[rosmaster.master][INFO] 2025-12-18 11:28:12,254: +PARAM [/whole_body_kinematic_controller/joints/arm_4_joint/actuator_params/viscous_friction] by /roslaunch
[rosmaster.master][INFO] 2025-12-18 11:28:12,254: +PARAM [/whole_body_kinematic_controller/joints/arm_4_joint/actuator_params/joint_elasticity] by /roslaunch
[rosmaster.master][INFO] 2025-12-18 11:28:12,254: +PARAM [/whole_body_kinematic_controller/joints/arm_4_joint/actuator_params/joint_elasticity_damping] by /roslaunch
[rosmaster.master][INFO] 2025-12-18 11:28:12,254: +PARAM [/whole_body_kinematic_controller/joints/arm_4_joint/type] by /roslaunch
[rosmaster.master][INFO] 2025-12-18 11:28:12,255: +PARAM [/whole_body_kinematic_controller/joints/arm_4_joint/check_mode] by /roslaunch
[rosmaster.master][INFO] 2025-12-18 11:28:12,255: +PARAM [/whole_body_kinematic_controller/joints/arm_4_joint/open_loop] by /roslaunch
[rosmaster.master][INFO] 2025-12-18 11:28:12,255: +PARAM [/whole_body_kinematic_controller/joints/arm_5_joint/actuator_params/ball_screw_efficiency] by /roslaunch
[rosmaster.master][INFO] 2025-12-18 11:28:12,255: +PARAM [/whole_body_kinematic_controller/joints/arm_5_joint/actuator_params/ball_screw_lead] by /roslaunch
[rosmaster.master][INFO] 2025-12-18 11:28:12,255: +PARAM [/whole_body_kinematic_controller/joints/arm_5_joint/actuator_params/motor_torque_constant] by /roslaunch
[rosmaster.master][INFO] 2025-12-18 11:28:12,255: +PARAM [/whole_body_kinematic_controller/joints/arm_5_joint/actuator_params/torque_sensor_offset] by /roslaunch
[rosmaster.master][INFO] 2025-12-18 11:28:12,255: +PARAM [/whole_body_kinematic_controller/joints/arm_5_joint/actuator_params/reduction_ratio] by /roslaunch
[rosmaster.master][INFO] 2025-12-18 11:28:12,255: +PARAM [/whole_body_kinematic_controller/joints/arm_5_joint/actuator_params/actuator_names] by /roslaunch
[rosmaster.master][INFO] 2025-12-18 11:28:12,255: +PARAM [/whole_body_kinematic_controller/joints/arm_5_joint/actuator_params/check_mode] by /roslaunch
[rosmaster.master][INFO] 2025-12-18 11:28:12,255: +PARAM [/whole_body_kinematic_controller/joints/arm_5_joint/actuator_params/motor_inertia] by /roslaunch
[rosmaster.master][INFO] 2025-12-18 11:28:12,255: +PARAM [/whole_body_kinematic_controller/joints/arm_5_joint/actuator_params/static_friction] by /roslaunch
[rosmaster.master][INFO] 2025-12-18 11:28:12,255: +PARAM [/whole_body_kinematic_controller/joints/arm_5_joint/actuator_params/viscous_friction] by /roslaunch
[rosmaster.master][INFO] 2025-12-18 11:28:12,255: +PARAM [/whole_body_kinematic_controller/joints/arm_5_joint/actuator_params/joint_elasticity] by /roslaunch
[rosmaster.master][INFO] 2025-12-18 11:28:12,255: +PARAM [/whole_body_kinematic_controller/joints/arm_5_joint/actuator_params/joint_elasticity_damping] by /roslaunch
[rosmaster.master][INFO] 2025-12-18 11:28:12,255: +PARAM [/whole_body_kinematic_controller/joints/arm_5_joint/type] by /roslaunch
[rosmaster.master][INFO] 2025-12-18 11:28:12,255: +PARAM [/whole_body_kinematic_controller/joints/arm_5_joint/check_mode] by /roslaunch
[rosmaster.master][INFO] 2025-12-18 11:28:12,255: +PARAM [/whole_body_kinematic_controller/joints/arm_5_joint/open_loop] by /roslaunch
[rosmaster.master][INFO] 2025-12-18 11:28:12,255: +PARAM [/whole_body_kinematic_controller/joints/arm_6_joint/actuator_params/ball_screw_efficiency] by /roslaunch
[rosmaster.master][INFO] 2025-12-18 11:28:12,255: +PARAM [/whole_body_kinematic_controller/joints/arm_6_joint/actuator_params/ball_screw_lead] by /roslaunch
[rosmaster.master][INFO] 2025-12-18 11:28:12,255: +PARAM [/whole_body_kinematic_controller/joints/arm_6_joint/actuator_params/motor_torque_constant] by /roslaunch
[rosmaster.master][INFO] 2025-12-18 11:28:12,256: +PARAM [/whole_body_kinematic_controller/joints/arm_6_joint/actuator_params/torque_sensor_offset] by /roslaunch
[rosmaster.master][INFO] 2025-12-18 11:28:12,256: +PARAM [/whole_body_kinematic_controller/joints/arm_6_joint/actuator_params/reduction_ratio] by /roslaunch
[rosmaster.master][INFO] 2025-12-18 11:28:12,256: +PARAM [/whole_body_kinematic_controller/joints/arm_6_joint/actuator_params/actuator_names] by /roslaunch
[rosmaster.master][INFO] 2025-12-18 11:28:12,256: +PARAM [/whole_body_kinematic_controller/joints/arm_6_joint/actuator_params/check_mode] by /roslaunch
[rosmaster.master][INFO] 2025-12-18 11:28:12,256: +PARAM [/whole_body_kinematic_controller/joints/arm_6_joint/actuator_params/motor_inertia] by /roslaunch
[rosmaster.master][INFO] 2025-12-18 11:28:12,256: +PARAM [/whole_body_kinematic_controller/joints/arm_6_joint/actuator_params/static_friction] by /roslaunch
[rosmaster.master][INFO] 2025-12-18 11:28:12,256: +PARAM [/whole_body_kinematic_controller/joints/arm_6_joint/actuator_params/viscous_friction] by /roslaunch
[rosmaster.master][INFO] 2025-12-18 11:28:12,256: +PARAM [/whole_body_kinematic_controller/joints/arm_6_joint/actuator_params/joint_elasticity] by /roslaunch
[rosmaster.master][INFO] 2025-12-18 11:28:12,256: +PARAM [/whole_body_kinematic_controller/joints/arm_6_joint/actuator_params/joint_elasticity_damping] by /roslaunch
[rosmaster.master][INFO] 2025-12-18 11:28:12,256: +PARAM [/whole_body_kinematic_controller/joints/arm_6_joint/type] by /roslaunch
[rosmaster.master][INFO] 2025-12-18 11:28:12,256: +PARAM [/whole_body_kinematic_controller/joints/arm_6_joint/check_mode] by /roslaunch
[rosmaster.master][INFO] 2025-12-18 11:28:12,256: +PARAM [/whole_body_kinematic_controller/joints/arm_6_joint/open_loop] by /roslaunch
[rosmaster.master][INFO] 2025-12-18 11:28:12,256: +PARAM [/whole_body_kinematic_controller/joints/arm_7_joint/actuator_params/ball_screw_efficiency] by /roslaunch
[rosmaster.master][INFO] 2025-12-18 11:28:12,256: +PARAM [/whole_body_kinematic_controller/joints/arm_7_joint/actuator_params/ball_screw_lead] by /roslaunch
[rosmaster.master][INFO] 2025-12-18 11:28:12,257: +PARAM [/whole_body_kinematic_controller/joints/arm_7_joint/actuator_params/motor_torque_constant] by /roslaunch
[rosmaster.master][INFO] 2025-12-18 11:28:12,257: +PARAM [/whole_body_kinematic_controller/joints/arm_7_joint/actuator_params/torque_sensor_offset] by /roslaunch
[rosmaster.master][INFO] 2025-12-18 11:28:12,257: +PARAM [/whole_body_kinematic_controller/joints/arm_7_joint/actuator_params/reduction_ratio] by /roslaunch
[rosmaster.master][INFO] 2025-12-18 11:28:12,257: +PARAM [/whole_body_kinematic_controller/joints/arm_7_joint/actuator_params/actuator_names] by /roslaunch
[rosmaster.master][INFO] 2025-12-18 11:28:12,257: +PARAM [/whole_body_kinematic_controller/joints/arm_7_joint/actuator_params/check_mode] by /roslaunch
[rosmaster.master][INFO] 2025-12-18 11:28:12,257: +PARAM [/whole_body_kinematic_controller/joints/arm_7_joint/actuator_params/motor_inertia] by /roslaunch
[rosmaster.master][INFO] 2025-12-18 11:28:12,257: +PARAM [/whole_body_kinematic_controller/joints/arm_7_joint/actuator_params/static_friction] by /roslaunch
[rosmaster.master][INFO] 2025-12-18 11:28:12,257: +PARAM [/whole_body_kinematic_controller/joints/arm_7_joint/actuator_params/viscous_friction] by /roslaunch
[rosmaster.master][INFO] 2025-12-18 11:28:12,257: +PARAM [/whole_body_kinematic_controller/joints/arm_7_joint/actuator_params/joint_elasticity] by /roslaunch
[rosmaster.master][INFO] 2025-12-18 11:28:12,257: +PARAM [/whole_body_kinematic_controller/joints/arm_7_joint/actuator_params/joint_elasticity_damping] by /roslaunch
[rosmaster.master][INFO] 2025-12-18 11:28:12,257: +PARAM [/whole_body_kinematic_controller/joints/arm_7_joint/type] by /roslaunch
[rosmaster.master][INFO] 2025-12-18 11:28:12,257: +PARAM [/whole_body_kinematic_controller/joints/arm_7_joint/check_mode] by /roslaunch
[rosmaster.master][INFO] 2025-12-18 11:28:12,257: +PARAM [/whole_body_kinematic_controller/joints/arm_7_joint/open_loop] by /roslaunch
[rosmaster.master][INFO] 2025-12-18 11:28:12,257: +PARAM [/whole_body_kinematic_controller/joints/head_1_joint/actuator_params/ball_screw_efficiency] by /roslaunch
[rosmaster.master][INFO] 2025-12-18 11:28:12,257: +PARAM [/whole_body_kinematic_controller/joints/head_1_joint/actuator_params/ball_screw_lead] by /roslaunch
[rosmaster.master][INFO] 2025-12-18 11:28:12,257: +PARAM [/whole_body_kinematic_controller/joints/head_1_joint/actuator_params/motor_torque_constant] by /roslaunch
[rosmaster.master][INFO] 2025-12-18 11:28:12,258: +PARAM [/whole_body_kinematic_controller/joints/head_1_joint/actuator_params/torque_sensor_offset] by /roslaunch
[rosmaster.master][INFO] 2025-12-18 11:28:12,258: +PARAM [/whole_body_kinematic_controller/joints/head_1_joint/actuator_params/reduction_ratio] by /roslaunch
[rosmaster.master][INFO] 2025-12-18 11:28:12,258: +PARAM [/whole_body_kinematic_controller/joints/head_1_joint/actuator_params/actuator_names] by /roslaunch
[rosmaster.master][INFO] 2025-12-18 11:28:12,258: +PARAM [/whole_body_kinematic_controller/joints/head_1_joint/actuator_params/check_mode] by /roslaunch
[rosmaster.master][INFO] 2025-12-18 11:28:12,258: +PARAM [/whole_body_kinematic_controller/joints/head_1_joint/actuator_params/motor_inertia] by /roslaunch
[rosmaster.master][INFO] 2025-12-18 11:28:12,258: +PARAM [/whole_body_kinematic_controller/joints/head_1_joint/actuator_params/static_friction] by /roslaunch
[rosmaster.master][INFO] 2025-12-18 11:28:12,258: +PARAM [/whole_body_kinematic_controller/joints/head_1_joint/actuator_params/viscous_friction] by /roslaunch
[rosmaster.master][INFO] 2025-12-18 11:28:12,258: +PARAM [/whole_body_kinematic_controller/joints/head_1_joint/actuator_params/joint_elasticity] by /roslaunch
[rosmaster.master][INFO] 2025-12-18 11:28:12,258: +PARAM [/whole_body_kinematic_controller/joints/head_1_joint/actuator_params/joint_elasticity_damping] by /roslaunch
[rosmaster.master][INFO] 2025-12-18 11:28:12,258: +PARAM [/whole_body_kinematic_controller/joints/head_1_joint/type] by /roslaunch
[rosmaster.master][INFO] 2025-12-18 11:28:12,258: +PARAM [/whole_body_kinematic_controller/joints/head_1_joint/check_mode] by /roslaunch
[rosmaster.master][INFO] 2025-12-18 11:28:12,258: +PARAM [/whole_body_kinematic_controller/joints/head_1_joint/open_loop] by /roslaunch
[rosmaster.master][INFO] 2025-12-18 11:28:12,258: +PARAM [/whole_body_kinematic_controller/joints/head_2_joint/actuator_params/ball_screw_efficiency] by /roslaunch
[rosmaster.master][INFO] 2025-12-18 11:28:12,258: +PARAM [/whole_body_kinematic_controller/joints/head_2_joint/actuator_params/ball_screw_lead] by /roslaunch
[rosmaster.master][INFO] 2025-12-18 11:28:12,258: +PARAM [/whole_body_kinematic_controller/joints/head_2_joint/actuator_params/motor_torque_constant] by /roslaunch
[rosmaster.master][INFO] 2025-12-18 11:28:12,258: +PARAM [/whole_body_kinematic_controller/joints/head_2_joint/actuator_params/torque_sensor_offset] by /roslaunch
[rosmaster.master][INFO] 2025-12-18 11:28:12,258: +PARAM [/whole_body_kinematic_controller/joints/head_2_joint/actuator_params/reduction_ratio] by /roslaunch
[rosmaster.master][INFO] 2025-12-18 11:28:12,258: +PARAM [/whole_body_kinematic_controller/joints/head_2_joint/actuator_params/actuator_names] by /roslaunch
[rosmaster.master][INFO] 2025-12-18 11:28:12,259: +PARAM [/whole_body_kinematic_controller/joints/head_2_joint/actuator_params/check_mode] by /roslaunch
[rosmaster.master][INFO] 2025-12-18 11:28:12,259: +PARAM [/whole_body_kinematic_controller/joints/head_2_joint/actuator_params/motor_inertia] by /roslaunch
[rosmaster.master][INFO] 2025-12-18 11:28:12,259: +PARAM [/whole_body_kinematic_controller/joints/head_2_joint/actuator_params/static_friction] by /roslaunch
[rosmaster.master][INFO] 2025-12-18 11:28:12,259: +PARAM [/whole_body_kinematic_controller/joints/head_2_joint/actuator_params/viscous_friction] by /roslaunch
[rosmaster.master][INFO] 2025-12-18 11:28:12,259: +PARAM [/whole_body_kinematic_controller/joints/head_2_joint/actuator_params/joint_elasticity] by /roslaunch
[rosmaster.master][INFO] 2025-12-18 11:28:12,259: +PARAM [/whole_body_kinematic_controller/joints/head_2_joint/actuator_params/joint_elasticity_damping] by /roslaunch
[rosmaster.master][INFO] 2025-12-18 11:28:12,259: +PARAM [/whole_body_kinematic_controller/joints/head_2_joint/type] by /roslaunch
[rosmaster.master][INFO] 2025-12-18 11:28:12,259: +PARAM [/whole_body_kinematic_controller/joints/head_2_joint/check_mode] by /roslaunch
[rosmaster.master][INFO] 2025-12-18 11:28:12,259: +PARAM [/whole_body_kinematic_controller/joints/head_2_joint/open_loop] by /roslaunch
[rosmaster.master][INFO] 2025-12-18 11:28:12,259: +PARAM [/whole_body_kinematic_controller/joints/torso_lift_joint/actuator_params/ball_screw_efficiency] by /roslaunch
[rosmaster.master][INFO] 2025-12-18 11:28:12,259: +PARAM [/whole_body_kinematic_controller/joints/torso_lift_joint/actuator_params/ball_screw_lead] by /roslaunch
[rosmaster.master][INFO] 2025-12-18 11:28:12,259: +PARAM [/whole_body_kinematic_controller/joints/torso_lift_joint/actuator_params/motor_torque_constant] by /roslaunch
[rosmaster.master][INFO] 2025-12-18 11:28:12,259: +PARAM [/whole_body_kinematic_controller/joints/torso_lift_joint/actuator_params/torque_sensor_offset] by /roslaunch
[rosmaster.master][INFO] 2025-12-18 11:28:12,259: +PARAM [/whole_body_kinematic_controller/joints/torso_lift_joint/actuator_params/reduction_ratio] by /roslaunch
[rosmaster.master][INFO] 2025-12-18 11:28:12,259: +PARAM [/whole_body_kinematic_controller/joints/torso_lift_joint/actuator_params/actuator_names] by /roslaunch
[rosmaster.master][INFO] 2025-12-18 11:28:12,259: +PARAM [/whole_body_kinematic_controller/joints/torso_lift_joint/actuator_params/check_mode] by /roslaunch
[rosmaster.master][INFO] 2025-12-18 11:28:12,260: +PARAM [/whole_body_kinematic_controller/joints/torso_lift_joint/actuator_params/motor_inertia] by /roslaunch
[rosmaster.master][INFO] 2025-12-18 11:28:12,260: +PARAM [/whole_body_kinematic_controller/joints/torso_lift_joint/actuator_params/static_friction] by /roslaunch
[rosmaster.master][INFO] 2025-12-18 11:28:12,260: +PARAM [/whole_body_kinematic_controller/joints/torso_lift_joint/actuator_params/viscous_friction] by /roslaunch
[rosmaster.master][INFO] 2025-12-18 11:28:12,260: +PARAM [/whole_body_kinematic_controller/joints/torso_lift_joint/actuator_params/joint_elasticity] by /roslaunch
[rosmaster.master][INFO] 2025-12-18 11:28:12,260: +PARAM [/whole_body_kinematic_controller/joints/torso_lift_joint/actuator_params/joint_elasticity_damping] by /roslaunch
[rosmaster.master][INFO] 2025-12-18 11:28:12,260: +PARAM [/whole_body_kinematic_controller/joints/torso_lift_joint/type] by /roslaunch
[rosmaster.master][INFO] 2025-12-18 11:28:12,260: +PARAM [/whole_body_kinematic_controller/joints/torso_lift_joint/check_mode] by /roslaunch
[rosmaster.master][INFO] 2025-12-18 11:28:12,260: +PARAM [/whole_body_kinematic_controller/joints/torso_lift_joint/open_loop] by /roslaunch
[rosmaster.master][INFO] 2025-12-18 11:28:12,386: +PUB [/rosout] /head_controller/point_head_action http://127.0.0.1:43797/
[rosmaster.master][INFO] 2025-12-18 11:28:12,387: +SERVICE [/head_controller/point_head_action/get_loggers] /head_controller/point_head_action http://127.0.0.1:43797/
[rosmaster.master][INFO] 2025-12-18 11:28:12,388: +SERVICE [/head_controller/point_head_action/set_logger_level] /head_controller/point_head_action http://127.0.0.1:43797/
[rosmaster.master][INFO] 2025-12-18 11:28:12,392: +SUB [/clock] /head_controller/point_head_action http://127.0.0.1:43797/
[rosmaster.master][INFO] 2025-12-18 11:28:12,395: +SUB [/tf] /head_controller/point_head_action http://127.0.0.1:43797/
[rosmaster.master][INFO] 2025-12-18 11:28:12,397: +SUB [/tf_static] /head_controller/point_head_action http://127.0.0.1:43797/
[rosmaster.master][INFO] 2025-12-18 11:28:12,402: +PUB [/head_controller/command] /head_controller/point_head_action http://127.0.0.1:43797/
[rosmaster.master][INFO] 2025-12-18 11:28:12,406: +SUB [/head_controller/state] /head_controller/point_head_action http://127.0.0.1:43797/
[rosmaster.master][INFO] 2025-12-18 11:28:12,408: +CACHEDPARAM [/rosout_disable_topics_generation] by /head_controller/point_head_action
[rosmaster.master][INFO] 2025-12-18 11:28:12,436: +PUB [/head_controller/point_head_action/result] /head_controller/point_head_action http://127.0.0.1:43797/
[rosmaster.master][INFO] 2025-12-18 11:28:12,437: +PUB [/head_controller/point_head_action/feedback] /head_controller/point_head_action http://127.0.0.1:43797/
[rosmaster.master][INFO] 2025-12-18 11:28:12,438: +PUB [/head_controller/point_head_action/status] /head_controller/point_head_action http://127.0.0.1:43797/
[rosmaster.master][INFO] 2025-12-18 11:28:12,443: +SUB [/head_controller/point_head_action/goal] /head_controller/point_head_action http://127.0.0.1:43797/
[rosmaster.master][INFO] 2025-12-18 11:28:12,447: +SUB [/head_controller/point_head_action/cancel] /head_controller/point_head_action http://127.0.0.1:43797/
[rosmaster.master][INFO] 2025-12-18 11:28:12,463: publisherUpdate[/rosout] -> http://127.0.0.1:37277/ ['http://127.0.0.1:43797/']
[rosmaster.master][INFO] 2025-12-18 11:28:12,536: publisherUpdate[/rosout] -> http://127.0.0.1:37277/ ['http://127.0.0.1:43797/']: sec=0.07, result=[1, '', 0]
[rosmaster.master][INFO] 2025-12-18 11:28:12,580: +PUB [/rosout] /robot_state_publisher http://127.0.0.1:42461/
[rosmaster.master][INFO] 2025-12-18 11:28:12,581: +SERVICE [/robot_state_publisher/get_loggers] /robot_state_publisher http://127.0.0.1:42461/
[rosmaster.master][INFO] 2025-12-18 11:28:12,585: +SERVICE [/robot_state_publisher/set_logger_level] /robot_state_publisher http://127.0.0.1:42461/
[rosmaster.master][INFO] 2025-12-18 11:28:12,607: publisherUpdate[/rosout] -> http://127.0.0.1:37277/ ['http://127.0.0.1:43797/', 'http://127.0.0.1:42461/']
[rosmaster.master][INFO] 2025-12-18 11:28:12,608: +SUB [/clock] /robot_state_publisher http://127.0.0.1:42461/
[rosmaster.master][INFO] 2025-12-18 11:28:12,617: +PUB [/rosout] /tf_lookup http://127.0.0.1:44715/
[rosmaster.master][INFO] 2025-12-18 11:28:12,623: +SERVICE [/tf_lookup/get_loggers] /tf_lookup http://127.0.0.1:44715/
[rosmaster.master][INFO] 2025-12-18 11:28:12,625: +SERVICE [/tf_lookup/set_logger_level] /tf_lookup http://127.0.0.1:44715/
[rosmaster.master][INFO] 2025-12-18 11:28:12,631: publisherUpdate[/rosout] -> http://127.0.0.1:37277/ ['http://127.0.0.1:43797/', 'http://127.0.0.1:42461/']: sec=0.02, result=[1, '', 0]
[rosmaster.master][INFO] 2025-12-18 11:28:12,631: publisherUpdate[/rosout] -> http://127.0.0.1:37277/ ['http://127.0.0.1:43797/', 'http://127.0.0.1:42461/', 'http://127.0.0.1:44715/']
[rosmaster.master][INFO] 2025-12-18 11:28:12,636: publisherUpdate[/rosout] -> http://127.0.0.1:37277/ ['http://127.0.0.1:43797/', 'http://127.0.0.1:42461/', 'http://127.0.0.1:44715/']: sec=0.00, result=[1, '', 0]
[rosmaster.master][INFO] 2025-12-18 11:28:12,639: +PUB [/rosout] /twist_mux http://127.0.0.1:32855/
[rosmaster.master][INFO] 2025-12-18 11:28:12,640: +SERVICE [/twist_mux/get_loggers] /twist_mux http://127.0.0.1:32855/
[rosmaster.master][INFO] 2025-12-18 11:28:12,647: publisherUpdate[/rosout] -> http://127.0.0.1:37277/ ['http://127.0.0.1:43797/', 'http://127.0.0.1:42461/', 'http://127.0.0.1:44715/', 'http://127.0.0.1:32855/']
[rosmaster.master][INFO] 2025-12-18 11:28:12,650: +SERVICE [/twist_mux/set_logger_level] /twist_mux http://127.0.0.1:32855/
[rosmaster.master][INFO] 2025-12-18 11:28:12,651: publisherUpdate[/rosout] -> http://127.0.0.1:37277/ ['http://127.0.0.1:43797/', 'http://127.0.0.1:42461/', 'http://127.0.0.1:44715/', 'http://127.0.0.1:32855/']: sec=0.00, result=[1, '', 0]
[rosmaster.master][INFO] 2025-12-18 11:28:12,655: +PUB [/tf] /robot_state_publisher http://127.0.0.1:42461/
[rosmaster.master][INFO] 2025-12-18 11:28:12,660: +PUB [/tf_static] /robot_state_publisher http://127.0.0.1:42461/
[rosmaster.master][INFO] 2025-12-18 11:28:12,662: +SUB [/clock] /tf_lookup http://127.0.0.1:44715/
[rosmaster.master][INFO] 2025-12-18 11:28:12,665: +SUB [/clock] /twist_mux http://127.0.0.1:32855/
[rosmaster.master][INFO] 2025-12-18 11:28:12,669: +CACHEDPARAM [/twist_mux/topics] by /twist_mux
[rosmaster.master][INFO] 2025-12-18 11:28:12,672: +PUB [/rosout] /play_motion http://127.0.0.1:33729/
[rosmaster.master][INFO] 2025-12-18 11:28:12,673: +SUB [/tf] /tf_lookup http://127.0.0.1:44715/
[rosmaster.master][INFO] 2025-12-18 11:28:12,677: +SERVICE [/play_motion/get_loggers] /play_motion http://127.0.0.1:33729/
[rosmaster.master][INFO] 2025-12-18 11:28:12,678: +CACHEDPARAM [/rosout_disable_topics_generation] by /twist_mux
[rosmaster.master][INFO] 2025-12-18 11:28:12,679: +SERVICE [/play_motion/set_logger_level] /play_motion http://127.0.0.1:33729/
[rosmaster.master][INFO] 2025-12-18 11:28:12,686: +SUB [/joint_states] /robot_state_publisher http://127.0.0.1:42461/
[rosmaster.master][INFO] 2025-12-18 11:28:12,689: +SUB [/tf_static] /tf_lookup http://127.0.0.1:44715/
[rosmaster.master][INFO] 2025-12-18 11:28:12,690: +CACHEDPARAM [/rosout_disable_topics_generation] by /tf_lookup
[rosmaster.master][INFO] 2025-12-18 11:28:12,692: +SUB [/nav_vel] /twist_mux http://127.0.0.1:32855/
[rosmaster.master][INFO] 2025-12-18 11:28:12,695: +SERVICE [/lookupTransform] /tf_lookup http://127.0.0.1:44715/
[rosmaster.master][INFO] 2025-12-18 11:28:12,701: +SUB [/clock] /play_motion http://127.0.0.1:33729/
[rosmaster.master][INFO] 2025-12-18 11:28:12,704: +PUB [/tf_lookup/result] /tf_lookup http://127.0.0.1:44715/
[rosmaster.master][INFO] 2025-12-18 11:28:12,707: +PUB [/rosout] /twist_marker http://127.0.0.1:35889/
[rosmaster.master][INFO] 2025-12-18 11:28:12,709: +SUB [/joy_vel] /twist_mux http://127.0.0.1:32855/
[rosmaster.master][INFO] 2025-12-18 11:28:12,710: +PUB [/tf_lookup/feedback] /tf_lookup http://127.0.0.1:44715/
[rosmaster.master][INFO] 2025-12-18 11:28:12,712: publisherUpdate[/tf] -> http://127.0.0.1:43797/ ['http://127.0.0.1:42461/']
[rosmaster.master][INFO] 2025-12-18 11:28:12,717: +SERVICE [/twist_marker/get_loggers] /twist_marker http://127.0.0.1:35889/
[rosmaster.master][INFO] 2025-12-18 11:28:12,718: +SUB [/joint_states] /play_motion http://127.0.0.1:33729/
[rosmaster.master][INFO] 2025-12-18 11:28:12,722: +PUB [/tf_lookup/status] /tf_lookup http://127.0.0.1:44715/
[rosmaster.master][INFO] 2025-12-18 11:28:12,724: +SERVICE [/twist_marker/set_logger_level] /twist_marker http://127.0.0.1:35889/
[rosmaster.master][INFO] 2025-12-18 11:28:12,729: +SUB [/key_vel] /twist_mux http://127.0.0.1:32855/
[rosmaster.master][INFO] 2025-12-18 11:28:12,747: publisherUpdate[/rosout] -> http://127.0.0.1:37277/ ['http://127.0.0.1:43797/', 'http://127.0.0.1:42461/', 'http://127.0.0.1:44715/', 'http://127.0.0.1:32855/', 'http://127.0.0.1:33729/']
[rosmaster.master][INFO] 2025-12-18 11:28:12,755: publisherUpdate[/rosout] -> http://127.0.0.1:37277/ ['http://127.0.0.1:43797/', 'http://127.0.0.1:42461/', 'http://127.0.0.1:44715/', 'http://127.0.0.1:32855/', 'http://127.0.0.1:33729/']: sec=0.00, result=[1, '', 0]
[rosmaster.master][INFO] 2025-12-18 11:28:12,755: publisherUpdate[/rosout] -> http://127.0.0.1:37277/ ['http://127.0.0.1:43797/', 'http://127.0.0.1:42461/', 'http://127.0.0.1:44715/', 'http://127.0.0.1:32855/', 'http://127.0.0.1:33729/', 'http://127.0.0.1:35889/']
[rosmaster.master][INFO] 2025-12-18 11:28:12,762: publisherUpdate[/rosout] -> http://127.0.0.1:37277/ ['http://127.0.0.1:43797/', 'http://127.0.0.1:42461/', 'http://127.0.0.1:44715/', 'http://127.0.0.1:32855/', 'http://127.0.0.1:33729/', 'http://127.0.0.1:35889/']: sec=0.01, result=[1, '', 0]
[rosmaster.master][INFO] 2025-12-18 11:28:12,766: +SUB [/clock] /twist_marker http://127.0.0.1:35889/
[rosmaster.master][INFO] 2025-12-18 11:28:12,767: +SUB [/tf_lookup/goal] /tf_lookup http://127.0.0.1:44715/
[rosmaster.master][INFO] 2025-12-18 11:28:12,768: +SUB [/tab_vel] /twist_mux http://127.0.0.1:32855/
[rosmaster.master][INFO] 2025-12-18 11:28:12,773: +PUB [/twist_marker] /twist_marker http://127.0.0.1:35889/
[rosmaster.master][INFO] 2025-12-18 11:28:12,780: +SUB [/tf] /play_motion http://127.0.0.1:33729/
[rosmaster.master][INFO] 2025-12-18 11:28:12,791: +SUB [/tf_lookup/cancel] /tf_lookup http://127.0.0.1:44715/
[rosmaster.master][INFO] 2025-12-18 11:28:12,797: +SUB [/marker_vel] /twist_mux http://127.0.0.1:32855/
[rosmaster.master][INFO] 2025-12-18 11:28:12,801: +SUB [/mobile_base_controller/cmd_vel] /twist_marker http://127.0.0.1:35889/
[rosmaster.master][INFO] 2025-12-18 11:28:12,802: +SUB [/tf_static] /play_motion http://127.0.0.1:33729/
[rosmaster.master][INFO] 2025-12-18 11:28:12,803: +PUB [/tf_stream/result] /tf_lookup http://127.0.0.1:44715/
[rosmaster.master][INFO] 2025-12-18 11:28:12,808: +PUB [/tf_stream/feedback] /tf_lookup http://127.0.0.1:44715/
[rosmaster.master][INFO] 2025-12-18 11:28:12,819: +PUB [/tf_stream/status] /tf_lookup http://127.0.0.1:44715/
[rosmaster.master][INFO] 2025-12-18 11:28:12,820: +SUB [/phone_vel] /twist_mux http://127.0.0.1:32855/
[rosmaster.master][INFO] 2025-12-18 11:28:12,835: +PUB [/rosout] /image_raw_to_rect_color_relay http://127.0.0.1:43711/
[rosmaster.master][INFO] 2025-12-18 11:28:12,838: publisherUpdate[/tf] -> http://127.0.0.1:43797/ ['http://127.0.0.1:42461/']: sec=0.12, result=[1, '', 0]
[rosmaster.master][INFO] 2025-12-18 11:28:12,839: publisherUpdate[/tf_static] -> http://127.0.0.1:43797/ ['http://127.0.0.1:42461/']
[rosmaster.master][INFO] 2025-12-18 11:28:12,841: +SUB [/rviz_joy_vel] /twist_mux http://127.0.0.1:32855/
[rosmaster.master][INFO] 2025-12-18 11:28:12,848: publisherUpdate[/tf_static] -> http://127.0.0.1:43797/ ['http://127.0.0.1:42461/']: sec=0.01, result=[1, '', 0]
[rosmaster.master][INFO] 2025-12-18 11:28:12,848: publisherUpdate[/rosout] -> http://127.0.0.1:37277/ ['http://127.0.0.1:43797/', 'http://127.0.0.1:42461/', 'http://127.0.0.1:44715/', 'http://127.0.0.1:32855/', 'http://127.0.0.1:33729/', 'http://127.0.0.1:35889/', 'http://127.0.0.1:43711/']
[rosmaster.master][INFO] 2025-12-18 11:28:12,849: +SERVICE [/image_raw_to_rect_color_relay/get_loggers] /image_raw_to_rect_color_relay http://127.0.0.1:43711/
[rosmaster.master][INFO] 2025-12-18 11:28:12,854: +SUB [/tf_stream/goal] /tf_lookup http://127.0.0.1:44715/
[rosmaster.master][INFO] 2025-12-18 11:28:12,858: publisherUpdate[/rosout] -> http://127.0.0.1:37277/ ['http://127.0.0.1:43797/', 'http://127.0.0.1:42461/', 'http://127.0.0.1:44715/', 'http://127.0.0.1:32855/', 'http://127.0.0.1:33729/', 'http://127.0.0.1:35889/', 'http://127.0.0.1:43711/']: sec=0.01, result=[1, '', 0]
[rosmaster.master][INFO] 2025-12-18 11:28:12,860: +SERVICE [/image_raw_to_rect_color_relay/set_logger_level] /image_raw_to_rect_color_relay http://127.0.0.1:43711/
[rosmaster.master][INFO] 2025-12-18 11:28:12,871: +SUB [/servoing_cmd_vel] /twist_mux http://127.0.0.1:32855/
[rosmaster.master][INFO] 2025-12-18 11:28:12,876: +CACHEDPARAM [/twist_mux/locks] by /twist_mux
[rosmaster.master][INFO] 2025-12-18 11:28:12,879: +SUB [/tf_stream/cancel] /tf_lookup http://127.0.0.1:44715/
[rosmaster.master][INFO] 2025-12-18 11:28:12,889: +SUB [/clock] /image_raw_to_rect_color_relay http://127.0.0.1:43711/
[rosmaster.master][INFO] 2025-12-18 11:28:12,893: +CACHEDPARAM [/rosout/omit_topics] by /rosout
[rosmaster.master][INFO] 2025-12-18 11:28:12,898: +CACHEDPARAM [/rosout_disable_topics_generation] by /play_motion
[rosmaster.master][INFO] 2025-12-18 11:28:12,903: +SUB [/pause_navigation] /twist_mux http://127.0.0.1:32855/
[rosmaster.master][INFO] 2025-12-18 11:28:12,917: +PUB [/rosout] /move_group http://127.0.0.1:45471/
[rosmaster.master][INFO] 2025-12-18 11:28:12,928: +SERVICE [/move_group/get_loggers] /move_group http://127.0.0.1:45471/
[rosmaster.master][INFO] 2025-12-18 11:28:12,930: +SERVICE [/move_group/set_logger_level] /move_group http://127.0.0.1:45471/
[rosmaster.master][INFO] 2025-12-18 11:28:12,933: +SUB [/xtion/rgb/image_raw] /image_raw_to_rect_color_relay http://127.0.0.1:43711/
[rosmaster.master][INFO] 2025-12-18 11:28:12,934: +SUB [/stop_closing_loop] /twist_mux http://127.0.0.1:32855/
[rosmaster.master][INFO] 2025-12-18 11:28:12,957: publisherUpdate[/rosout] -> http://127.0.0.1:37277/ ['http://127.0.0.1:43797/', 'http://127.0.0.1:42461/', 'http://127.0.0.1:44715/', 'http://127.0.0.1:32855/', 'http://127.0.0.1:33729/', 'http://127.0.0.1:35889/', 'http://127.0.0.1:43711/', 'http://127.0.0.1:45471/']
[rosmaster.master][INFO] 2025-12-18 11:28:12,958: publisherUpdate[/rosout] -> http://127.0.0.1:37277/ ['http://127.0.0.1:43797/', 'http://127.0.0.1:42461/', 'http://127.0.0.1:44715/', 'http://127.0.0.1:32855/', 'http://127.0.0.1:33729/', 'http://127.0.0.1:35889/', 'http://127.0.0.1:43711/', 'http://127.0.0.1:45471/']: sec=0.00, result=[1, '', 0]
[rosmaster.master][INFO] 2025-12-18 11:28:12,973: +SUB [/joy_priority] /twist_mux http://127.0.0.1:32855/
[rosmaster.master][INFO] 2025-12-18 11:28:12,981: +SUB [/clock] /move_group http://127.0.0.1:45471/
[rosmaster.master][INFO] 2025-12-18 11:28:12,982: +PUB [/mobile_base_controller/cmd_vel] /twist_mux http://127.0.0.1:32855/
[rosmaster.master][INFO] 2025-12-18 11:28:12,983: +PUB [/diagnostics] /twist_mux http://127.0.0.1:32855/
[rosmaster.master][INFO] 2025-12-18 11:28:12,985: +CACHEDPARAM [/twist_mux/diagnostic_period] by /twist_mux
[rosmaster.master][INFO] 2025-12-18 11:28:13,013: +CACHEDPARAM [/rosout_disable_topics_generation] by /move_group
[rosmaster.master][INFO] 2025-12-18 11:28:13,034: +PARAM [/move_group/default_planning_pipeline] by /move_group
[rosmaster.master][INFO] 2025-12-18 11:28:13,062: +SUB [/tf] /move_group http://127.0.0.1:45471/
[rosmaster.master][INFO] 2025-12-18 11:28:13,063: publisherUpdate[/mobile_base_controller/cmd_vel] -> http://127.0.0.1:35889/ ['http://127.0.0.1:32855/']
[rosmaster.master][INFO] 2025-12-18 11:28:13,072: publisherUpdate[/mobile_base_controller/cmd_vel] -> http://127.0.0.1:35889/ ['http://127.0.0.1:32855/']: sec=0.01, result=[1, '', 0]
[rosmaster.master][INFO] 2025-12-18 11:28:13,099: +SUB [/tf_static] /move_group http://127.0.0.1:45471/
[rosmaster.master][INFO] 2025-12-18 11:28:13,184: +PUB [/rosout] /throttle_filtering_points http://127.0.0.1:42017/
[rosmaster.master][INFO] 2025-12-18 11:28:13,185: +SERVICE [/throttle_filtering_points/get_loggers] /throttle_filtering_points http://127.0.0.1:42017/
[rosmaster.master][INFO] 2025-12-18 11:28:13,186: +SERVICE [/throttle_filtering_points/set_logger_level] /throttle_filtering_points http://127.0.0.1:42017/
[rosmaster.master][INFO] 2025-12-18 11:28:13,200: +SUB [/clock] /throttle_filtering_points http://127.0.0.1:42017/
[rosmaster.master][INFO] 2025-12-18 11:28:13,268: publisherUpdate[/rosout] -> http://127.0.0.1:37277/ ['http://127.0.0.1:43797/', 'http://127.0.0.1:42461/', 'http://127.0.0.1:44715/', 'http://127.0.0.1:32855/', 'http://127.0.0.1:33729/', 'http://127.0.0.1:35889/', 'http://127.0.0.1:43711/', 'http://127.0.0.1:45471/', 'http://127.0.0.1:42017/']
[rosmaster.master][INFO] 2025-12-18 11:28:13,269: publisherUpdate[/rosout] -> http://127.0.0.1:37277/ ['http://127.0.0.1:43797/', 'http://127.0.0.1:42461/', 'http://127.0.0.1:44715/', 'http://127.0.0.1:32855/', 'http://127.0.0.1:33729/', 'http://127.0.0.1:35889/', 'http://127.0.0.1:43711/', 'http://127.0.0.1:45471/', 'http://127.0.0.1:42017/']: sec=0.00, result=[1, '', 0]
[rosmaster.master][INFO] 2025-12-18 11:28:13,516: +PUB [/rosout] /xtion/rgb/image_proc http://127.0.0.1:45411/
[rosmaster.master][INFO] 2025-12-18 11:28:13,517: +SERVICE [/xtion/rgb/image_proc/get_loggers] /xtion/rgb/image_proc http://127.0.0.1:45411/
[rosmaster.master][INFO] 2025-12-18 11:28:13,519: +SERVICE [/xtion/rgb/image_proc/set_logger_level] /xtion/rgb/image_proc http://127.0.0.1:45411/
[rosmaster.master][INFO] 2025-12-18 11:28:13,533: +SUB [/clock] /xtion/rgb/image_proc http://127.0.0.1:45411/
[rosmaster.master][INFO] 2025-12-18 11:28:13,574: publisherUpdate[/rosout] -> http://127.0.0.1:37277/ ['http://127.0.0.1:43797/', 'http://127.0.0.1:42461/', 'http://127.0.0.1:44715/', 'http://127.0.0.1:32855/', 'http://127.0.0.1:33729/', 'http://127.0.0.1:35889/', 'http://127.0.0.1:43711/', 'http://127.0.0.1:45471/', 'http://127.0.0.1:42017/', 'http://127.0.0.1:45411/']
[rosmaster.master][INFO] 2025-12-18 11:28:13,575: publisherUpdate[/rosout] -> http://127.0.0.1:37277/ ['http://127.0.0.1:43797/', 'http://127.0.0.1:42461/', 'http://127.0.0.1:44715/', 'http://127.0.0.1:32855/', 'http://127.0.0.1:33729/', 'http://127.0.0.1:35889/', 'http://127.0.0.1:43711/', 'http://127.0.0.1:45471/', 'http://127.0.0.1:42017/', 'http://127.0.0.1:45411/']: sec=0.00, result=[1, '', 0]
[rosmaster.master][INFO] 2025-12-18 11:28:13,673: +PUB [/rosout] /spawn_model http://127.0.0.1:41161/
[rosmaster.master][INFO] 2025-12-18 11:28:13,676: publisherUpdate[/rosout] -> http://127.0.0.1:37277/ ['http://127.0.0.1:43797/', 'http://127.0.0.1:42461/', 'http://127.0.0.1:44715/', 'http://127.0.0.1:32855/', 'http://127.0.0.1:33729/', 'http://127.0.0.1:35889/', 'http://127.0.0.1:43711/', 'http://127.0.0.1:45471/', 'http://127.0.0.1:42017/', 'http://127.0.0.1:45411/', 'http://127.0.0.1:41161/']
[rosmaster.master][INFO] 2025-12-18 11:28:13,679: publisherUpdate[/rosout] -> http://127.0.0.1:37277/ ['http://127.0.0.1:43797/', 'http://127.0.0.1:42461/', 'http://127.0.0.1:44715/', 'http://127.0.0.1:32855/', 'http://127.0.0.1:33729/', 'http://127.0.0.1:35889/', 'http://127.0.0.1:43711/', 'http://127.0.0.1:45471/', 'http://127.0.0.1:42017/', 'http://127.0.0.1:45411/', 'http://127.0.0.1:41161/']: sec=0.00, result=[1, '', 0]
[rosmaster.master][INFO] 2025-12-18 11:28:13,680: +SUB [/clock] /spawn_model http://127.0.0.1:41161/
[rosmaster.master][INFO] 2025-12-18 11:28:13,706: +SERVICE [/spawn_model/get_loggers] /spawn_model http://127.0.0.1:41161/
[rosmaster.master][INFO] 2025-12-18 11:28:13,710: +SERVICE [/spawn_model/set_logger_level] /spawn_model http://127.0.0.1:41161/
[rosmaster.master][INFO] 2025-12-18 11:28:13,712: +CACHEDPARAM [/rosout_disable_topics_generation] by /spawn_model
[rosmaster.master][INFO] 2025-12-18 11:28:13,733: +CACHEDPARAM [/rosout_disable_topics_generation] by /spawn_model
[rosmaster.master][INFO] 2025-12-18 11:28:13,757: +PUB [/rosout] /home_gripper http://127.0.0.1:33181/
[rosmaster.master][INFO] 2025-12-18 11:28:13,762: +PUB [/rosout] /is_already_there http://127.0.0.1:45865/
[rosmaster.master][INFO] 2025-12-18 11:28:13,764: +SUB [/clock] /home_gripper http://127.0.0.1:33181/
[rosmaster.master][INFO] 2025-12-18 11:28:13,772: +SERVICE [/home_gripper/get_loggers] /home_gripper http://127.0.0.1:33181/
[rosmaster.master][INFO] 2025-12-18 11:28:13,775: +SUB [/clock] /is_already_there http://127.0.0.1:45865/
[rosmaster.master][INFO] 2025-12-18 11:28:13,776: +SERVICE [/home_gripper/set_logger_level] /home_gripper http://127.0.0.1:33181/
[rosmaster.master][INFO] 2025-12-18 11:28:13,780: publisherUpdate[/rosout] -> http://127.0.0.1:37277/ ['http://127.0.0.1:43797/', 'http://127.0.0.1:42461/', 'http://127.0.0.1:44715/', 'http://127.0.0.1:32855/', 'http://127.0.0.1:33729/', 'http://127.0.0.1:35889/', 'http://127.0.0.1:43711/', 'http://127.0.0.1:45471/', 'http://127.0.0.1:42017/', 'http://127.0.0.1:45411/', 'http://127.0.0.1:41161/', 'http://127.0.0.1:33181/']
[rosmaster.master][INFO] 2025-12-18 11:28:13,782: publisherUpdate[/rosout] -> http://127.0.0.1:37277/ ['http://127.0.0.1:43797/', 'http://127.0.0.1:42461/', 'http://127.0.0.1:44715/', 'http://127.0.0.1:32855/', 'http://127.0.0.1:33729/', 'http://127.0.0.1:35889/', 'http://127.0.0.1:43711/', 'http://127.0.0.1:45471/', 'http://127.0.0.1:42017/', 'http://127.0.0.1:45411/', 'http://127.0.0.1:41161/', 'http://127.0.0.1:33181/']: sec=0.00, result=[1, '', 0]
[rosmaster.master][INFO] 2025-12-18 11:28:13,782: publisherUpdate[/rosout] -> http://127.0.0.1:37277/ ['http://127.0.0.1:43797/', 'http://127.0.0.1:42461/', 'http://127.0.0.1:44715/', 'http://127.0.0.1:32855/', 'http://127.0.0.1:33729/', 'http://127.0.0.1:35889/', 'http://127.0.0.1:43711/', 'http://127.0.0.1:45471/', 'http://127.0.0.1:42017/', 'http://127.0.0.1:45411/', 'http://127.0.0.1:41161/', 'http://127.0.0.1:33181/', 'http://127.0.0.1:45865/']
[rosmaster.master][INFO] 2025-12-18 11:28:13,784: +CACHEDPARAM [/rosout_disable_topics_generation] by /home_gripper
[rosmaster.master][INFO] 2025-12-18 11:28:13,785: publisherUpdate[/rosout] -> http://127.0.0.1:37277/ ['http://127.0.0.1:43797/', 'http://127.0.0.1:42461/', 'http://127.0.0.1:44715/', 'http://127.0.0.1:32855/', 'http://127.0.0.1:33729/', 'http://127.0.0.1:35889/', 'http://127.0.0.1:43711/', 'http://127.0.0.1:45471/', 'http://127.0.0.1:42017/', 'http://127.0.0.1:45411/', 'http://127.0.0.1:41161/', 'http://127.0.0.1:33181/', 'http://127.0.0.1:45865/']: sec=0.00, result=[1, '', 0]
[rosmaster.master][INFO] 2025-12-18 11:28:13,787: +PUB [/gripper_controller/follow_joint_trajectory/goal] /home_gripper http://127.0.0.1:33181/
[rosmaster.master][INFO] 2025-12-18 11:28:13,791: +PUB [/gripper_controller/follow_joint_trajectory/cancel] /home_gripper http://127.0.0.1:33181/
[rosmaster.master][INFO] 2025-12-18 11:28:13,799: +SUB [/gripper_controller/follow_joint_trajectory/status] /home_gripper http://127.0.0.1:33181/
[rosmaster.master][INFO] 2025-12-18 11:28:13,805: +SUB [/gripper_controller/follow_joint_trajectory/result] /home_gripper http://127.0.0.1:33181/
[rosmaster.master][INFO] 2025-12-18 11:28:13,810: +SUB [/gripper_controller/follow_joint_trajectory/feedback] /home_gripper http://127.0.0.1:33181/
[rosmaster.master][INFO] 2025-12-18 11:28:13,875: +SERVICE [/is_already_there/get_loggers] /is_already_there http://127.0.0.1:45865/
[rosmaster.master][INFO] 2025-12-18 11:28:13,877: +SERVICE [/is_already_there/set_logger_level] /is_already_there http://127.0.0.1:45865/
[rosmaster.master][INFO] 2025-12-18 11:28:13,882: +SERVICE [/play_motion/is_already_there] /is_already_there http://127.0.0.1:45865/
[rosmaster.master][INFO] 2025-12-18 11:28:13,890: +SUB [/joint_states] /is_already_there http://127.0.0.1:45865/
[rosmaster.master][INFO] 2025-12-18 11:28:13,920: +SERVICE [/xtion/rgb/image_proc_debayer/set_parameters] /xtion/rgb/image_proc http://127.0.0.1:45411/
[rosmaster.master][INFO] 2025-12-18 11:28:13,922: +PUB [/xtion/rgb/image_proc_debayer/parameter_descriptions] /xtion/rgb/image_proc http://127.0.0.1:45411/
[rosmaster.master][INFO] 2025-12-18 11:28:13,926: +PUB [/xtion/rgb/image_proc_debayer/parameter_updates] /xtion/rgb/image_proc http://127.0.0.1:45411/
[rosmaster.master][INFO] 2025-12-18 11:28:13,934: +PARAM [/xtion/rgb/image_proc_debayer/debayer] by /xtion/rgb/image_proc
[rosmaster.master][INFO] 2025-12-18 11:28:13,936: +PARAM [/xtion/rgb/image_proc_debayer/debayer] by /xtion/rgb/image_proc
[rosmaster.master][INFO] 2025-12-18 11:28:13,947: +PUB [/xtion/rgb/image_mono/compressedDepth] /xtion/rgb/image_proc http://127.0.0.1:45411/
[rosmaster.master][INFO] 2025-12-18 11:28:13,952: +SERVICE [/xtion/rgb/image_mono/compressedDepth/set_parameters] /xtion/rgb/image_proc http://127.0.0.1:45411/
[rosmaster.master][INFO] 2025-12-18 11:28:13,953: +PUB [/xtion/rgb/image_mono/compressedDepth/parameter_descriptions] /xtion/rgb/image_proc http://127.0.0.1:45411/
[rosmaster.master][INFO] 2025-12-18 11:28:13,957: +PUB [/xtion/rgb/image_mono/compressedDepth/parameter_updates] /xtion/rgb/image_proc http://127.0.0.1:45411/
[rosmaster.master][INFO] 2025-12-18 11:28:13,972: +PARAM [/xtion/rgb/image_mono/compressedDepth/format] by /xtion/rgb/image_proc
[rosmaster.master][INFO] 2025-12-18 11:28:13,976: +PARAM [/xtion/rgb/image_mono/compressedDepth/depth_max] by /xtion/rgb/image_proc
[rosmaster.master][INFO] 2025-12-18 11:28:13,978: +PARAM [/xtion/rgb/image_mono/compressedDepth/depth_quantization] by /xtion/rgb/image_proc
[rosmaster.master][INFO] 2025-12-18 11:28:13,980: +PUB [/trajectory_execution_event] /play_motion http://127.0.0.1:33729/
[rosmaster.master][INFO] 2025-12-18 11:28:13,980: +PARAM [/xtion/rgb/image_mono/compressedDepth/png_level] by /xtion/rgb/image_proc
[rosmaster.master][INFO] 2025-12-18 11:28:13,982: +PUB [/attached_collision_object] /play_motion http://127.0.0.1:33729/
[rosmaster.master][INFO] 2025-12-18 11:28:13,983: +PARAM [/xtion/rgb/image_mono/compressedDepth/format] by /xtion/rgb/image_proc
[rosmaster.master][INFO] 2025-12-18 11:28:13,985: +PARAM [/xtion/rgb/image_mono/compressedDepth/depth_max] by /xtion/rgb/image_proc
[rosmaster.master][INFO] 2025-12-18 11:28:13,988: +PARAM [/xtion/rgb/image_mono/compressedDepth/depth_quantization] by /xtion/rgb/image_proc
[rosmaster.master][INFO] 2025-12-18 11:28:13,991: +PARAM [/xtion/rgb/image_mono/compressedDepth/png_level] by /xtion/rgb/image_proc
[rosmaster.master][INFO] 2025-12-18 11:28:14,001: +PUB [/xtion/rgb/image_mono/compressed] /xtion/rgb/image_proc http://127.0.0.1:45411/
[rosmaster.master][INFO] 2025-12-18 11:28:14,002: +SERVICE [/xtion/rgb/image_mono/compressed/set_parameters] /xtion/rgb/image_proc http://127.0.0.1:45411/
[rosmaster.master][INFO] 2025-12-18 11:28:14,004: +PUB [/xtion/rgb/image_mono/compressed/parameter_descriptions] /xtion/rgb/image_proc http://127.0.0.1:45411/
[rosmaster.master][INFO] 2025-12-18 11:28:14,006: +PUB [/xtion/rgb/image_mono/compressed/parameter_updates] /xtion/rgb/image_proc http://127.0.0.1:45411/
[rosmaster.master][INFO] 2025-12-18 11:28:14,015: +PARAM [/xtion/rgb/image_mono/compressed/format] by /xtion/rgb/image_proc
[rosmaster.master][INFO] 2025-12-18 11:28:14,016: +PARAM [/xtion/rgb/image_mono/compressed/jpeg_quality] by /xtion/rgb/image_proc
[rosmaster.master][INFO] 2025-12-18 11:28:14,018: +PARAM [/xtion/rgb/image_mono/compressed/jpeg_progressive] by /xtion/rgb/image_proc
[rosmaster.master][INFO] 2025-12-18 11:28:14,019: +PARAM [/xtion/rgb/image_mono/compressed/jpeg_optimize] by /xtion/rgb/image_proc
[rosmaster.master][INFO] 2025-12-18 11:28:14,020: +PARAM [/xtion/rgb/image_mono/compressed/jpeg_restart_interval] by /xtion/rgb/image_proc
[rosmaster.master][INFO] 2025-12-18 11:28:14,021: +PARAM [/xtion/rgb/image_mono/compressed/png_level] by /xtion/rgb/image_proc
[rosmaster.master][INFO] 2025-12-18 11:28:14,023: +PARAM [/xtion/rgb/image_mono/compressed/format] by /xtion/rgb/image_proc
[rosmaster.master][INFO] 2025-12-18 11:28:14,024: +PARAM [/xtion/rgb/image_mono/compressed/jpeg_quality] by /xtion/rgb/image_proc
[rosmaster.master][INFO] 2025-12-18 11:28:14,025: +PARAM [/xtion/rgb/image_mono/compressed/jpeg_progressive] by /xtion/rgb/image_proc
[rosmaster.master][INFO] 2025-12-18 11:28:14,027: +PARAM [/xtion/rgb/image_mono/compressed/jpeg_optimize] by /xtion/rgb/image_proc
[rosmaster.master][INFO] 2025-12-18 11:28:14,028: +PARAM [/xtion/rgb/image_mono/compressed/jpeg_restart_interval] by /xtion/rgb/image_proc
[rosmaster.master][INFO] 2025-12-18 11:28:14,029: +PARAM [/xtion/rgb/image_mono/compressed/png_level] by /xtion/rgb/image_proc
[rosmaster.master][INFO] 2025-12-18 11:28:14,035: +PUB [/xtion/rgb/image_mono] /xtion/rgb/image_proc http://127.0.0.1:45411/
[rosmaster.master][INFO] 2025-12-18 11:28:14,053: +PUB [/xtion/rgb/image_mono/theora] /xtion/rgb/image_proc http://127.0.0.1:45411/
[rosmaster.master][INFO] 2025-12-18 11:28:14,054: +SERVICE [/xtion/rgb/image_mono/theora/set_parameters] /xtion/rgb/image_proc http://127.0.0.1:45411/
[rosmaster.master][INFO] 2025-12-18 11:28:14,055: +PUB [/xtion/rgb/image_mono/theora/parameter_descriptions] /xtion/rgb/image_proc http://127.0.0.1:45411/
[rosmaster.master][INFO] 2025-12-18 11:28:14,056: +PUB [/xtion/rgb/image_mono/theora/parameter_updates] /xtion/rgb/image_proc http://127.0.0.1:45411/
[rosmaster.master][INFO] 2025-12-18 11:28:14,061: +PARAM [/xtion/rgb/image_mono/theora/optimize_for] by /xtion/rgb/image_proc
[rosmaster.master][INFO] 2025-12-18 11:28:14,062: +PARAM [/xtion/rgb/image_mono/theora/target_bitrate] by /xtion/rgb/image_proc
[rosmaster.master][INFO] 2025-12-18 11:28:14,063: +PARAM [/xtion/rgb/image_mono/theora/quality] by /xtion/rgb/image_proc
[rosmaster.master][INFO] 2025-12-18 11:28:14,064: +PARAM [/xtion/rgb/image_mono/theora/keyframe_frequency] by /xtion/rgb/image_proc
[rosmaster.master][INFO] 2025-12-18 11:28:14,066: +PARAM [/xtion/rgb/image_mono/theora/optimize_for] by /xtion/rgb/image_proc
[rosmaster.master][INFO] 2025-12-18 11:28:14,067: +PARAM [/xtion/rgb/image_mono/theora/target_bitrate] by /xtion/rgb/image_proc
[rosmaster.master][INFO] 2025-12-18 11:28:14,068: +PARAM [/xtion/rgb/image_mono/theora/quality] by /xtion/rgb/image_proc
[rosmaster.master][INFO] 2025-12-18 11:28:14,069: +PARAM [/xtion/rgb/image_mono/theora/keyframe_frequency] by /xtion/rgb/image_proc
[rosmaster.master][INFO] 2025-12-18 11:28:14,072: +PUB [/xtion/rgb/image_color/compressedDepth] /xtion/rgb/image_proc http://127.0.0.1:45411/
[rosmaster.master][INFO] 2025-12-18 11:28:14,073: +SERVICE [/xtion/rgb/image_color/compressedDepth/set_parameters] /xtion/rgb/image_proc http://127.0.0.1:45411/
[rosmaster.master][INFO] 2025-12-18 11:28:14,074: +PUB [/xtion/rgb/image_color/compressedDepth/parameter_descriptions] /xtion/rgb/image_proc http://127.0.0.1:45411/
[rosmaster.master][INFO] 2025-12-18 11:28:14,076: +PUB [/xtion/rgb/image_color/compressedDepth/parameter_updates] /xtion/rgb/image_proc http://127.0.0.1:45411/
[rosmaster.master][INFO] 2025-12-18 11:28:14,081: +PARAM [/xtion/rgb/image_color/compressedDepth/format] by /xtion/rgb/image_proc
[rosmaster.master][INFO] 2025-12-18 11:28:14,082: +PARAM [/xtion/rgb/image_color/compressedDepth/depth_max] by /xtion/rgb/image_proc
[rosmaster.master][INFO] 2025-12-18 11:28:14,083: +PARAM [/xtion/rgb/image_color/compressedDepth/depth_quantization] by /xtion/rgb/image_proc
[rosmaster.master][INFO] 2025-12-18 11:28:14,084: +PARAM [/xtion/rgb/image_color/compressedDepth/png_level] by /xtion/rgb/image_proc
[rosmaster.master][INFO] 2025-12-18 11:28:14,085: +PARAM [/xtion/rgb/image_color/compressedDepth/format] by /xtion/rgb/image_proc
[rosmaster.master][INFO] 2025-12-18 11:28:14,086: +PARAM [/xtion/rgb/image_color/compressedDepth/depth_max] by /xtion/rgb/image_proc
[rosmaster.master][INFO] 2025-12-18 11:28:14,087: +PARAM [/xtion/rgb/image_color/compressedDepth/depth_quantization] by /xtion/rgb/image_proc
[rosmaster.master][INFO] 2025-12-18 11:28:14,088: +PARAM [/xtion/rgb/image_color/compressedDepth/png_level] by /xtion/rgb/image_proc
[rosmaster.master][INFO] 2025-12-18 11:28:14,089: +PUB [/xtion/rgb/image_color/compressed] /xtion/rgb/image_proc http://127.0.0.1:45411/
[rosmaster.master][INFO] 2025-12-18 11:28:14,090: +SERVICE [/xtion/rgb/image_color/compressed/set_parameters] /xtion/rgb/image_proc http://127.0.0.1:45411/
[rosmaster.master][INFO] 2025-12-18 11:28:14,092: +PUB [/xtion/rgb/image_color/compressed/parameter_descriptions] /xtion/rgb/image_proc http://127.0.0.1:45411/
[rosmaster.master][INFO] 2025-12-18 11:28:14,093: +PUB [/xtion/rgb/image_color/compressed/parameter_updates] /xtion/rgb/image_proc http://127.0.0.1:45411/
[rosmaster.master][INFO] 2025-12-18 11:28:14,100: +PARAM [/xtion/rgb/image_color/compressed/format] by /xtion/rgb/image_proc
[rosmaster.master][INFO] 2025-12-18 11:28:14,101: +PARAM [/xtion/rgb/image_color/compressed/jpeg_quality] by /xtion/rgb/image_proc
[rosmaster.master][INFO] 2025-12-18 11:28:14,102: +PARAM [/xtion/rgb/image_color/compressed/jpeg_progressive] by /xtion/rgb/image_proc
[rosmaster.master][INFO] 2025-12-18 11:28:14,104: +PARAM [/xtion/rgb/image_color/compressed/jpeg_optimize] by /xtion/rgb/image_proc
[rosmaster.master][INFO] 2025-12-18 11:28:14,105: +PARAM [/xtion/rgb/image_color/compressed/jpeg_restart_interval] by /xtion/rgb/image_proc
[rosmaster.master][INFO] 2025-12-18 11:28:14,106: +PARAM [/xtion/rgb/image_color/compressed/png_level] by /xtion/rgb/image_proc
[rosmaster.master][INFO] 2025-12-18 11:28:14,107: +PARAM [/xtion/rgb/image_color/compressed/format] by /xtion/rgb/image_proc
[rosmaster.master][INFO] 2025-12-18 11:28:14,108: +PARAM [/xtion/rgb/image_color/compressed/jpeg_quality] by /xtion/rgb/image_proc
[rosmaster.master][INFO] 2025-12-18 11:28:14,109: +PARAM [/xtion/rgb/image_color/compressed/jpeg_progressive] by /xtion/rgb/image_proc
[rosmaster.master][INFO] 2025-12-18 11:28:14,110: +PARAM [/xtion/rgb/image_color/compressed/jpeg_optimize] by /xtion/rgb/image_proc
[rosmaster.master][INFO] 2025-12-18 11:28:14,111: +PARAM [/xtion/rgb/image_color/compressed/jpeg_restart_interval] by /xtion/rgb/image_proc
[rosmaster.master][INFO] 2025-12-18 11:28:14,113: +PARAM [/xtion/rgb/image_color/compressed/png_level] by /xtion/rgb/image_proc
[rosmaster.master][INFO] 2025-12-18 11:28:14,115: +PUB [/xtion/rgb/image_color] /xtion/rgb/image_proc http://127.0.0.1:45411/
[rosmaster.master][INFO] 2025-12-18 11:28:14,116: +PUB [/xtion/rgb/image_color/theora] /xtion/rgb/image_proc http://127.0.0.1:45411/
[rosmaster.master][INFO] 2025-12-18 11:28:14,117: +SERVICE [/xtion/rgb/image_color/theora/set_parameters] /xtion/rgb/image_proc http://127.0.0.1:45411/
[rosmaster.master][INFO] 2025-12-18 11:28:14,118: +PUB [/xtion/rgb/image_color/theora/parameter_descriptions] /xtion/rgb/image_proc http://127.0.0.1:45411/
[rosmaster.master][INFO] 2025-12-18 11:28:14,119: +PUB [/xtion/rgb/image_color/theora/parameter_updates] /xtion/rgb/image_proc http://127.0.0.1:45411/
[rosmaster.master][INFO] 2025-12-18 11:28:14,124: +PARAM [/xtion/rgb/image_color/theora/optimize_for] by /xtion/rgb/image_proc
[rosmaster.master][INFO] 2025-12-18 11:28:14,125: +PARAM [/xtion/rgb/image_color/theora/target_bitrate] by /xtion/rgb/image_proc
[rosmaster.master][INFO] 2025-12-18 11:28:14,127: +PARAM [/xtion/rgb/image_color/theora/quality] by /xtion/rgb/image_proc
[rosmaster.master][INFO] 2025-12-18 11:28:14,127: +PARAM [/xtion/rgb/image_color/theora/keyframe_frequency] by /xtion/rgb/image_proc
[rosmaster.master][INFO] 2025-12-18 11:28:14,129: +PARAM [/xtion/rgb/image_color/theora/optimize_for] by /xtion/rgb/image_proc
[rosmaster.master][INFO] 2025-12-18 11:28:14,130: +PARAM [/xtion/rgb/image_color/theora/target_bitrate] by /xtion/rgb/image_proc
[rosmaster.master][INFO] 2025-12-18 11:28:14,131: +PARAM [/xtion/rgb/image_color/theora/quality] by /xtion/rgb/image_proc
[rosmaster.master][INFO] 2025-12-18 11:28:14,132: +PARAM [/xtion/rgb/image_color/theora/keyframe_frequency] by /xtion/rgb/image_proc
[rosmaster.master][INFO] 2025-12-18 11:28:14,138: +SERVICE [/xtion/rgb/image_proc_rectify_mono/set_parameters] /xtion/rgb/image_proc http://127.0.0.1:45411/
[rosmaster.master][INFO] 2025-12-18 11:28:14,139: +PUB [/xtion/rgb/image_proc_rectify_mono/parameter_descriptions] /xtion/rgb/image_proc http://127.0.0.1:45411/
[rosmaster.master][INFO] 2025-12-18 11:28:14,141: +PUB [/xtion/rgb/image_proc_rectify_mono/parameter_updates] /xtion/rgb/image_proc http://127.0.0.1:45411/
[rosmaster.master][INFO] 2025-12-18 11:28:14,142: +PARAM [/xtion/rgb/image_proc_rectify_mono/interpolation] by /xtion/rgb/image_proc
[rosmaster.master][INFO] 2025-12-18 11:28:14,144: +PARAM [/xtion/rgb/image_proc_rectify_mono/interpolation] by /xtion/rgb/image_proc
[rosmaster.master][INFO] 2025-12-18 11:28:14,146: +PUB [/xtion/rgb/image_rect/compressedDepth] /xtion/rgb/image_proc http://127.0.0.1:45411/
[rosmaster.master][INFO] 2025-12-18 11:28:14,147: +SERVICE [/xtion/rgb/image_rect/compressedDepth/set_parameters] /xtion/rgb/image_proc http://127.0.0.1:45411/
[rosmaster.master][INFO] 2025-12-18 11:28:14,148: +PUB [/xtion/rgb/image_rect/compressedDepth/parameter_descriptions] /xtion/rgb/image_proc http://127.0.0.1:45411/
[rosmaster.master][INFO] 2025-12-18 11:28:14,149: +PUB [/xtion/rgb/image_rect/compressedDepth/parameter_updates] /xtion/rgb/image_proc http://127.0.0.1:45411/
[rosmaster.master][INFO] 2025-12-18 11:28:14,154: +PARAM [/xtion/rgb/image_rect/compressedDepth/format] by /xtion/rgb/image_proc
[rosmaster.master][INFO] 2025-12-18 11:28:14,154: +PARAM [/xtion/rgb/image_rect/compressedDepth/depth_max] by /xtion/rgb/image_proc
[rosmaster.master][INFO] 2025-12-18 11:28:14,156: +PARAM [/xtion/rgb/image_rect/compressedDepth/depth_quantization] by /xtion/rgb/image_proc
[rosmaster.master][INFO] 2025-12-18 11:28:14,157: +PARAM [/xtion/rgb/image_rect/compressedDepth/png_level] by /xtion/rgb/image_proc
[rosmaster.master][INFO] 2025-12-18 11:28:14,158: +PARAM [/xtion/rgb/image_rect/compressedDepth/format] by /xtion/rgb/image_proc
[rosmaster.master][INFO] 2025-12-18 11:28:14,159: +PARAM [/xtion/rgb/image_rect/compressedDepth/depth_max] by /xtion/rgb/image_proc
[rosmaster.master][INFO] 2025-12-18 11:28:14,160: +PARAM [/xtion/rgb/image_rect/compressedDepth/depth_quantization] by /xtion/rgb/image_proc
[rosmaster.master][INFO] 2025-12-18 11:28:14,161: +PARAM [/xtion/rgb/image_rect/compressedDepth/png_level] by /xtion/rgb/image_proc
[rosmaster.master][INFO] 2025-12-18 11:28:14,162: +PUB [/xtion/rgb/image_rect/compressed] /xtion/rgb/image_proc http://127.0.0.1:45411/
[rosmaster.master][INFO] 2025-12-18 11:28:14,164: +SERVICE [/xtion/rgb/image_rect/compressed/set_parameters] /xtion/rgb/image_proc http://127.0.0.1:45411/
[rosmaster.master][INFO] 2025-12-18 11:28:14,165: +PUB [/xtion/rgb/image_rect/compressed/parameter_descriptions] /xtion/rgb/image_proc http://127.0.0.1:45411/
[rosmaster.master][INFO] 2025-12-18 11:28:14,166: +PUB [/xtion/rgb/image_rect/compressed/parameter_updates] /xtion/rgb/image_proc http://127.0.0.1:45411/
[rosmaster.master][INFO] 2025-12-18 11:28:14,172: +PARAM [/xtion/rgb/image_rect/compressed/format] by /xtion/rgb/image_proc
[rosmaster.master][INFO] 2025-12-18 11:28:14,173: +PARAM [/xtion/rgb/image_rect/compressed/jpeg_quality] by /xtion/rgb/image_proc
[rosmaster.master][INFO] 2025-12-18 11:28:14,177: +PARAM [/xtion/rgb/image_rect/compressed/jpeg_progressive] by /xtion/rgb/image_proc
[rosmaster.master][INFO] 2025-12-18 11:28:14,178: +PARAM [/xtion/rgb/image_rect/compressed/jpeg_optimize] by /xtion/rgb/image_proc
[rosmaster.master][INFO] 2025-12-18 11:28:14,178: +PARAM [/xtion/rgb/image_rect/compressed/jpeg_restart_interval] by /xtion/rgb/image_proc
[rosmaster.master][INFO] 2025-12-18 11:28:14,179: +PARAM [/xtion/rgb/image_rect/compressed/png_level] by /xtion/rgb/image_proc
[rosmaster.master][INFO] 2025-12-18 11:28:14,180: +PARAM [/xtion/rgb/image_rect/compressed/format] by /xtion/rgb/image_proc
[rosmaster.master][INFO] 2025-12-18 11:28:14,181: +PARAM [/xtion/rgb/image_rect/compressed/jpeg_quality] by /xtion/rgb/image_proc
[rosmaster.master][INFO] 2025-12-18 11:28:14,182: +PARAM [/xtion/rgb/image_rect/compressed/jpeg_progressive] by /xtion/rgb/image_proc
[rosmaster.master][INFO] 2025-12-18 11:28:14,184: +PARAM [/xtion/rgb/image_rect/compressed/jpeg_optimize] by /xtion/rgb/image_proc
[rosmaster.master][INFO] 2025-12-18 11:28:14,185: +PARAM [/xtion/rgb/image_rect/compressed/jpeg_restart_interval] by /xtion/rgb/image_proc
[rosmaster.master][INFO] 2025-12-18 11:28:14,187: +PARAM [/xtion/rgb/image_rect/compressed/png_level] by /xtion/rgb/image_proc
[rosmaster.master][INFO] 2025-12-18 11:28:14,187: +PUB [/xtion/rgb/image_rect] /xtion/rgb/image_proc http://127.0.0.1:45411/
[rosmaster.master][INFO] 2025-12-18 11:28:14,190: +PUB [/xtion/rgb/image_rect/theora] /xtion/rgb/image_proc http://127.0.0.1:45411/
[rosmaster.master][INFO] 2025-12-18 11:28:14,190: +SERVICE [/xtion/rgb/image_rect/theora/set_parameters] /xtion/rgb/image_proc http://127.0.0.1:45411/
[rosmaster.master][INFO] 2025-12-18 11:28:14,192: +PUB [/xtion/rgb/image_rect/theora/parameter_descriptions] /xtion/rgb/image_proc http://127.0.0.1:45411/
[rosmaster.master][INFO] 2025-12-18 11:28:14,194: +PUB [/xtion/rgb/image_rect/theora/parameter_updates] /xtion/rgb/image_proc http://127.0.0.1:45411/
[rosmaster.master][INFO] 2025-12-18 11:28:14,198: +PARAM [/xtion/rgb/image_rect/theora/optimize_for] by /xtion/rgb/image_proc
[rosmaster.master][INFO] 2025-12-18 11:28:14,199: +PARAM [/xtion/rgb/image_rect/theora/target_bitrate] by /xtion/rgb/image_proc
[rosmaster.master][INFO] 2025-12-18 11:28:14,200: +PARAM [/xtion/rgb/image_rect/theora/quality] by /xtion/rgb/image_proc
[rosmaster.master][INFO] 2025-12-18 11:28:14,201: +PARAM [/xtion/rgb/image_rect/theora/keyframe_frequency] by /xtion/rgb/image_proc
[rosmaster.master][INFO] 2025-12-18 11:28:14,203: +PARAM [/xtion/rgb/image_rect/theora/optimize_for] by /xtion/rgb/image_proc
[rosmaster.master][INFO] 2025-12-18 11:28:14,203: +PARAM [/xtion/rgb/image_rect/theora/target_bitrate] by /xtion/rgb/image_proc
[rosmaster.master][INFO] 2025-12-18 11:28:14,205: +PARAM [/xtion/rgb/image_rect/theora/quality] by /xtion/rgb/image_proc
[rosmaster.master][INFO] 2025-12-18 11:28:14,205: +PARAM [/xtion/rgb/image_rect/theora/keyframe_frequency] by /xtion/rgb/image_proc
[rosmaster.master][INFO] 2025-12-18 11:28:14,211: +SERVICE [/xtion/rgb/image_proc_rectify_color/set_parameters] /xtion/rgb/image_proc http://127.0.0.1:45411/
[rosmaster.master][INFO] 2025-12-18 11:28:14,212: +PUB [/xtion/rgb/image_proc_rectify_color/parameter_descriptions] /xtion/rgb/image_proc http://127.0.0.1:45411/
[rosmaster.master][INFO] 2025-12-18 11:28:14,213: +PUB [/xtion/rgb/image_proc_rectify_color/parameter_updates] /xtion/rgb/image_proc http://127.0.0.1:45411/
[rosmaster.master][INFO] 2025-12-18 11:28:14,213: +PARAM [/xtion/rgb/image_proc_rectify_color/interpolation] by /xtion/rgb/image_proc
[rosmaster.master][INFO] 2025-12-18 11:28:14,214: +PARAM [/xtion/rgb/image_proc_rectify_color/interpolation] by /xtion/rgb/image_proc
[rosmaster.master][INFO] 2025-12-18 11:28:14,215: +PUB [/xtion/rgb/image_rect_color/compressedDepth] /xtion/rgb/image_proc http://127.0.0.1:45411/
[rosmaster.master][INFO] 2025-12-18 11:28:14,216: +SERVICE [/xtion/rgb/image_rect_color/compressedDepth/set_parameters] /xtion/rgb/image_proc http://127.0.0.1:45411/
[rosmaster.master][INFO] 2025-12-18 11:28:14,216: +PUB [/xtion/rgb/image_rect_color/compressedDepth/parameter_descriptions] /xtion/rgb/image_proc http://127.0.0.1:45411/
[rosmaster.master][INFO] 2025-12-18 11:28:14,217: +PUB [/xtion/rgb/image_rect_color/compressedDepth/parameter_updates] /xtion/rgb/image_proc http://127.0.0.1:45411/
[rosmaster.master][INFO] 2025-12-18 11:28:14,219: +PARAM [/xtion/rgb/image_rect_color/compressedDepth/format] by /xtion/rgb/image_proc
[rosmaster.master][INFO] 2025-12-18 11:28:14,220: +PARAM [/xtion/rgb/image_rect_color/compressedDepth/depth_max] by /xtion/rgb/image_proc
[rosmaster.master][INFO] 2025-12-18 11:28:14,220: +PARAM [/xtion/rgb/image_rect_color/compressedDepth/depth_quantization] by /xtion/rgb/image_proc
[rosmaster.master][INFO] 2025-12-18 11:28:14,221: +PARAM [/xtion/rgb/image_rect_color/compressedDepth/png_level] by /xtion/rgb/image_proc
[rosmaster.master][INFO] 2025-12-18 11:28:14,221: +PARAM [/xtion/rgb/image_rect_color/compressedDepth/format] by /xtion/rgb/image_proc
[rosmaster.master][INFO] 2025-12-18 11:28:14,222: +PARAM [/xtion/rgb/image_rect_color/compressedDepth/depth_max] by /xtion/rgb/image_proc
[rosmaster.master][INFO] 2025-12-18 11:28:14,224: +PARAM [/xtion/rgb/image_rect_color/compressedDepth/depth_quantization] by /xtion/rgb/image_proc
[rosmaster.master][INFO] 2025-12-18 11:28:14,225: +PARAM [/xtion/rgb/image_rect_color/compressedDepth/png_level] by /xtion/rgb/image_proc
[rosmaster.master][INFO] 2025-12-18 11:28:14,227: +PUB [/xtion/rgb/image_rect_color/compressed] /xtion/rgb/image_proc http://127.0.0.1:45411/
[rosmaster.master][INFO] 2025-12-18 11:28:14,228: +SERVICE [/xtion/rgb/image_rect_color/compressed/set_parameters] /xtion/rgb/image_proc http://127.0.0.1:45411/
[rosmaster.master][INFO] 2025-12-18 11:28:14,230: +PUB [/xtion/rgb/image_rect_color/compressed/parameter_descriptions] /xtion/rgb/image_proc http://127.0.0.1:45411/
[rosmaster.master][INFO] 2025-12-18 11:28:14,231: +PUB [/xtion/rgb/image_rect_color/compressed/parameter_updates] /xtion/rgb/image_proc http://127.0.0.1:45411/
[rosmaster.master][INFO] 2025-12-18 11:28:14,232: +SERVICE [/move_group/planning_scene_monitor/set_parameters] /move_group http://127.0.0.1:45471/
[rosmaster.master][INFO] 2025-12-18 11:28:14,233: +PUB [/move_group/planning_scene_monitor/parameter_descriptions] /move_group http://127.0.0.1:45471/
[rosmaster.master][INFO] 2025-12-18 11:28:14,234: +PUB [/move_group/planning_scene_monitor/parameter_updates] /move_group http://127.0.0.1:45471/
[rosmaster.master][INFO] 2025-12-18 11:28:14,237: +PARAM [/xtion/rgb/image_rect_color/compressed/format] by /xtion/rgb/image_proc
[rosmaster.master][INFO] 2025-12-18 11:28:14,237: +PARAM [/move_group/planning_scene_monitor/publish_planning_scene] by /move_group
[rosmaster.master][INFO] 2025-12-18 11:28:14,238: +PARAM [/move_group/planning_scene_monitor/publish_planning_scene_hz] by /move_group
[rosmaster.master][INFO] 2025-12-18 11:28:14,239: +PARAM [/xtion/rgb/image_rect_color/compressed/jpeg_quality] by /xtion/rgb/image_proc
[rosmaster.master][INFO] 2025-12-18 11:28:14,241: +PARAM [/move_group/planning_scene_monitor/publish_geometry_updates] by /move_group
[rosmaster.master][INFO] 2025-12-18 11:28:14,242: +PARAM [/xtion/rgb/image_rect_color/compressed/jpeg_progressive] by /xtion/rgb/image_proc
[rosmaster.master][INFO] 2025-12-18 11:28:14,243: +PARAM [/move_group/planning_scene_monitor/publish_state_updates] by /move_group
[rosmaster.master][INFO] 2025-12-18 11:28:14,243: +PARAM [/xtion/rgb/image_rect_color/compressed/jpeg_optimize] by /xtion/rgb/image_proc
[rosmaster.master][INFO] 2025-12-18 11:28:14,244: +PARAM [/move_group/planning_scene_monitor/publish_transforms_updates] by /move_group
[rosmaster.master][INFO] 2025-12-18 11:28:14,246: +PUB [/rosout] /joystick_relay http://127.0.0.1:38761/
[rosmaster.master][INFO] 2025-12-18 11:28:14,247: +PARAM [/xtion/rgb/image_rect_color/compressed/jpeg_restart_interval] by /xtion/rgb/image_proc
[rosmaster.master][INFO] 2025-12-18 11:28:14,248: +PUB [/move_group/monitored_planning_scene] /move_group http://127.0.0.1:45471/
[rosmaster.master][INFO] 2025-12-18 11:28:14,249: +PARAM [/xtion/rgb/image_rect_color/compressed/png_level] by /xtion/rgb/image_proc
[rosmaster.master][INFO] 2025-12-18 11:28:14,252: +PARAM [/move_group/planning_scene_monitor/publish_planning_scene] by /move_group
[rosmaster.master][INFO] 2025-12-18 11:28:14,253: +PARAM [/xtion/rgb/image_rect_color/compressed/format] by /xtion/rgb/image_proc
[rosmaster.master][INFO] 2025-12-18 11:28:14,253: +SUB [/clock] /joystick_relay http://127.0.0.1:38761/
[rosmaster.master][INFO] 2025-12-18 11:28:14,254: +PARAM [/move_group/planning_scene_monitor/publish_planning_scene_hz] by /move_group
[rosmaster.master][INFO] 2025-12-18 11:28:14,255: +PARAM [/xtion/rgb/image_rect_color/compressed/jpeg_quality] by /xtion/rgb/image_proc
[rosmaster.master][INFO] 2025-12-18 11:28:14,255: +PARAM [/move_group/planning_scene_monitor/publish_geometry_updates] by /move_group
[rosmaster.master][INFO] 2025-12-18 11:28:14,256: +PARAM [/xtion/rgb/image_rect_color/compressed/jpeg_progressive] by /xtion/rgb/image_proc
[rosmaster.master][INFO] 2025-12-18 11:28:14,257: +PARAM [/move_group/planning_scene_monitor/publish_state_updates] by /move_group
[rosmaster.master][INFO] 2025-12-18 11:28:14,259: +PARAM [/move_group/planning_scene_monitor/publish_transforms_updates] by /move_group
[rosmaster.master][INFO] 2025-12-18 11:28:14,258: +SERVICE [/joystick_relay/get_loggers] /joystick_relay http://127.0.0.1:38761/
[rosmaster.master][INFO] 2025-12-18 11:28:14,261: +SERVICE [/joystick_relay/set_logger_level] /joystick_relay http://127.0.0.1:38761/
[rosmaster.master][INFO] 2025-12-18 11:28:14,264: +SUB [/joint_states] /move_group http://127.0.0.1:45471/
[rosmaster.master][INFO] 2025-12-18 11:28:14,258: +PARAM [/xtion/rgb/image_rect_color/compressed/jpeg_optimize] by /xtion/rgb/image_proc
[rosmaster.master][INFO] 2025-12-18 11:28:14,267: +PARAM [/xtion/rgb/image_rect_color/compressed/jpeg_restart_interval] by /xtion/rgb/image_proc
[rosmaster.master][INFO] 2025-12-18 11:28:14,269: +PARAM [/xtion/rgb/image_rect_color/compressed/png_level] by /xtion/rgb/image_proc
[rosmaster.master][INFO] 2025-12-18 11:28:14,271: +PUB [/xtion/rgb/image_rect_color] /xtion/rgb/image_proc http://127.0.0.1:45411/
[rosmaster.master][INFO] 2025-12-18 11:28:14,273: +SUB [/attached_collision_object] /move_group http://127.0.0.1:45471/
[rosmaster.master][INFO] 2025-12-18 11:28:14,275: +PUB [/xtion/rgb/image_rect_color/theora] /xtion/rgb/image_proc http://127.0.0.1:45411/
[rosmaster.master][INFO] 2025-12-18 11:28:14,276: +SERVICE [/xtion/rgb/image_rect_color/theora/set_parameters] /xtion/rgb/image_proc http://127.0.0.1:45411/
[rosmaster.master][INFO] 2025-12-18 11:28:14,278: +PUB [/xtion/rgb/image_rect_color/theora/parameter_descriptions] /xtion/rgb/image_proc http://127.0.0.1:45411/
[rosmaster.master][INFO] 2025-12-18 11:28:14,283: +PUB [/xtion/rgb/image_rect_color/theora/parameter_updates] /xtion/rgb/image_proc http://127.0.0.1:45411/
[rosmaster.master][INFO] 2025-12-18 11:28:14,284: +PUB [/text_marker] /joystick_relay http://127.0.0.1:38761/
[rosmaster.master][INFO] 2025-12-18 11:28:14,284: publisherUpdate[/rosout] -> http://127.0.0.1:37277/ ['http://127.0.0.1:43797/', 'http://127.0.0.1:42461/', 'http://127.0.0.1:44715/', 'http://127.0.0.1:32855/', 'http://127.0.0.1:33729/', 'http://127.0.0.1:35889/', 'http://127.0.0.1:43711/', 'http://127.0.0.1:45471/', 'http://127.0.0.1:42017/', 'http://127.0.0.1:45411/', 'http://127.0.0.1:41161/', 'http://127.0.0.1:33181/', 'http://127.0.0.1:45865/', 'http://127.0.0.1:38761/']
[rosmaster.master][INFO] 2025-12-18 11:28:14,285: +SUB [/planning_scene] /move_group http://127.0.0.1:45471/
[rosmaster.master][INFO] 2025-12-18 11:28:14,287: publisherUpdate[/rosout] -> http://127.0.0.1:37277/ ['http://127.0.0.1:43797/', 'http://127.0.0.1:42461/', 'http://127.0.0.1:44715/', 'http://127.0.0.1:32855/', 'http://127.0.0.1:33729/', 'http://127.0.0.1:35889/', 'http://127.0.0.1:43711/', 'http://127.0.0.1:45471/', 'http://127.0.0.1:42017/', 'http://127.0.0.1:45411/', 'http://127.0.0.1:41161/', 'http://127.0.0.1:33181/', 'http://127.0.0.1:45865/', 'http://127.0.0.1:38761/']: sec=0.00, result=[1, '', 0]
[rosmaster.master][INFO] 2025-12-18 11:28:14,289: +PUB [/joy_vel] /joystick_relay http://127.0.0.1:38761/
[rosmaster.master][INFO] 2025-12-18 11:28:14,289: publisherUpdate[/joy_vel] -> http://127.0.0.1:32855/ ['http://127.0.0.1:38761/']
[rosmaster.master][INFO] 2025-12-18 11:28:14,290: +PARAM [/xtion/rgb/image_rect_color/theora/optimize_for] by /xtion/rgb/image_proc
[rosmaster.master][INFO] 2025-12-18 11:28:14,293: +PARAM [/xtion/rgb/image_rect_color/theora/target_bitrate] by /xtion/rgb/image_proc
[rosmaster.master][INFO] 2025-12-18 11:28:14,294: publisherUpdate[/joy_vel] -> http://127.0.0.1:32855/ ['http://127.0.0.1:38761/']: sec=0.00, result=[1, '', 0]
[rosmaster.master][INFO] 2025-12-18 11:28:14,296: +PARAM [/xtion/rgb/image_rect_color/theora/quality] by /xtion/rgb/image_proc
[rosmaster.master][INFO] 2025-12-18 11:28:14,298: +PARAM [/xtion/rgb/image_rect_color/theora/keyframe_frequency] by /xtion/rgb/image_proc
[rosmaster.master][INFO] 2025-12-18 11:28:14,297: +SUB [/collision_object] /move_group http://127.0.0.1:45471/
[rosmaster.master][INFO] 2025-12-18 11:28:14,299: +PARAM [/xtion/rgb/image_rect_color/theora/optimize_for] by /xtion/rgb/image_proc
[rosmaster.master][INFO] 2025-12-18 11:28:14,301: +SUB [/input_joy/cmd_vel] /joystick_relay http://127.0.0.1:38761/
[rosmaster.master][INFO] 2025-12-18 11:28:14,303: +PARAM [/xtion/rgb/image_rect_color/theora/target_bitrate] by /xtion/rgb/image_proc
[rosmaster.master][INFO] 2025-12-18 11:28:14,305: +PARAM [/xtion/rgb/image_rect_color/theora/quality] by /xtion/rgb/image_proc
[rosmaster.master][INFO] 2025-12-18 11:28:14,305: +PUB [/joy_priority] /joystick_relay http://127.0.0.1:38761/
[rosmaster.master][INFO] 2025-12-18 11:28:14,307: +PARAM [/xtion/rgb/image_rect_color/theora/keyframe_frequency] by /xtion/rgb/image_proc
[rosmaster.master][INFO] 2025-12-18 11:28:14,309: +SUB [/planning_scene_world] /move_group http://127.0.0.1:45471/
[rosmaster.master][INFO] 2025-12-18 11:28:14,313: +CACHEDPARAM [/rosout_disable_topics_generation] by /xtion/rgb/image_proc
[rosmaster.master][INFO] 2025-12-18 11:28:14,316: +SERVICE [/move_group/save_map] /move_group http://127.0.0.1:45471/
[rosmaster.master][INFO] 2025-12-18 11:28:14,316: +PUB [/joy_priority_action/status] /joystick_relay http://127.0.0.1:38761/
[rosmaster.master][INFO] 2025-12-18 11:28:14,317: +SERVICE [/move_group/load_map] /move_group http://127.0.0.1:45471/
[rosmaster.master][INFO] 2025-12-18 11:28:14,322: +PUB [/joy_priority_action/result] /joystick_relay http://127.0.0.1:38761/
[rosmaster.master][INFO] 2025-12-18 11:28:14,324: +PUB [/rosout] /dynamic_footprint_publisher http://127.0.0.1:39167/
[rosmaster.master][INFO] 2025-12-18 11:28:14,326: +PUB [/joy_priority_action/feedback] /joystick_relay http://127.0.0.1:38761/
[rosmaster.master][INFO] 2025-12-18 11:28:14,337: +SUB [/joy_priority_action/goal] /joystick_relay http://127.0.0.1:38761/
[rosmaster.master][INFO] 2025-12-18 11:28:14,338: +SUB [/clock] /dynamic_footprint_publisher http://127.0.0.1:39167/
[rosmaster.master][INFO] 2025-12-18 11:28:14,339: +SUB [/joy_priority_action/cancel] /joystick_relay http://127.0.0.1:38761/
[rosmaster.master][INFO] 2025-12-18 11:28:14,342: +SERVICE [/dynamic_footprint_publisher/get_loggers] /dynamic_footprint_publisher http://127.0.0.1:39167/
[rosmaster.master][INFO] 2025-12-18 11:28:14,343: +SERVICE [/dynamic_footprint_publisher/set_logger_level] /dynamic_footprint_publisher http://127.0.0.1:39167/
[rosmaster.master][INFO] 2025-12-18 11:28:14,360: +PUB [/joy_turbo_increase/status] /joystick_relay http://127.0.0.1:38761/
[rosmaster.master][INFO] 2025-12-18 11:28:14,361: +PUB [/tf_stream/goal] /dynamic_footprint_publisher http://127.0.0.1:39167/
[rosmaster.master][INFO] 2025-12-18 11:28:14,362: +PUB [/joy_turbo_increase/result] /joystick_relay http://127.0.0.1:38761/
[rosmaster.master][INFO] 2025-12-18 11:28:14,365: +PUB [/rosout] /tuck_arm http://127.0.0.1:39551/
[rosmaster.master][INFO] 2025-12-18 11:28:14,367: +PUB [/tf_stream/cancel] /dynamic_footprint_publisher http://127.0.0.1:39167/
[rosmaster.master][INFO] 2025-12-18 11:28:14,367: +PUB [/joy_turbo_increase/feedback] /joystick_relay http://127.0.0.1:38761/
[rosmaster.master][INFO] 2025-12-18 11:28:14,372: +SUB [/clock] /tuck_arm http://127.0.0.1:39551/
[rosmaster.master][INFO] 2025-12-18 11:28:14,373: +SUB [/tf_stream/status] /dynamic_footprint_publisher http://127.0.0.1:39167/
[rosmaster.master][INFO] 2025-12-18 11:28:14,375: +SUB [/joy_turbo_increase/goal] /joystick_relay http://127.0.0.1:38761/
[rosmaster.master][INFO] 2025-12-18 11:28:14,377: +SERVICE [/tuck_arm/get_loggers] /tuck_arm http://127.0.0.1:39551/
[rosmaster.master][INFO] 2025-12-18 11:28:14,378: +SERVICE [/tuck_arm/set_logger_level] /tuck_arm http://127.0.0.1:39551/
[rosmaster.master][INFO] 2025-12-18 11:28:14,381: +SUB [/tf_stream/result] /dynamic_footprint_publisher http://127.0.0.1:39167/
[rosmaster.master][INFO] 2025-12-18 11:28:14,383: +CACHEDPARAM [/rosout_disable_topics_generation] by /tuck_arm
[rosmaster.master][INFO] 2025-12-18 11:28:14,383: +SUB [/joy_turbo_increase/cancel] /joystick_relay http://127.0.0.1:38761/
[rosmaster.master][INFO] 2025-12-18 11:28:14,389: +PUB [/play_motion/goal] /tuck_arm http://127.0.0.1:39551/
[rosmaster.master][INFO] 2025-12-18 11:28:14,391: +PUB [/play_motion/cancel] /tuck_arm http://127.0.0.1:39551/
[rosmaster.master][INFO] 2025-12-18 11:28:14,391: publisherUpdate[/joy_priority] -> http://127.0.0.1:32855/ ['http://127.0.0.1:38761/']
[rosmaster.master][INFO] 2025-12-18 11:28:14,391: publisherUpdate[/rosout] -> http://127.0.0.1:37277/ ['http://127.0.0.1:43797/', 'http://127.0.0.1:42461/', 'http://127.0.0.1:44715/', 'http://127.0.0.1:32855/', 'http://127.0.0.1:33729/', 'http://127.0.0.1:35889/', 'http://127.0.0.1:43711/', 'http://127.0.0.1:45471/', 'http://127.0.0.1:42017/', 'http://127.0.0.1:45411/', 'http://127.0.0.1:41161/', 'http://127.0.0.1:33181/', 'http://127.0.0.1:45865/', 'http://127.0.0.1:38761/', 'http://127.0.0.1:39167/']
[rosmaster.master][INFO] 2025-12-18 11:28:14,394: +SUB [/tf_stream/feedback] /dynamic_footprint_publisher http://127.0.0.1:39167/
[rosmaster.master][INFO] 2025-12-18 11:28:14,395: publisherUpdate[/tf_stream/goal] -> http://127.0.0.1:44715/ ['http://127.0.0.1:39167/']
[rosmaster.master][INFO] 2025-12-18 11:28:14,399: publisherUpdate[/joy_priority] -> http://127.0.0.1:32855/ ['http://127.0.0.1:38761/']: sec=0.01, result=[1, '', 0]
[rosmaster.master][INFO] 2025-12-18 11:28:14,400: +PUB [/joy_turbo_decrease/status] /joystick_relay http://127.0.0.1:38761/
[rosmaster.master][INFO] 2025-12-18 11:28:14,401: publisherUpdate[/rosout] -> http://127.0.0.1:37277/ ['http://127.0.0.1:43797/', 'http://127.0.0.1:42461/', 'http://127.0.0.1:44715/', 'http://127.0.0.1:32855/', 'http://127.0.0.1:33729/', 'http://127.0.0.1:35889/', 'http://127.0.0.1:43711/', 'http://127.0.0.1:45471/', 'http://127.0.0.1:42017/', 'http://127.0.0.1:45411/', 'http://127.0.0.1:41161/', 'http://127.0.0.1:33181/', 'http://127.0.0.1:45865/', 'http://127.0.0.1:38761/', 'http://127.0.0.1:39167/']: sec=0.01, result=[1, '', 0]
[rosmaster.master][INFO] 2025-12-18 11:28:14,404: publisherUpdate[/tf_stream/goal] -> http://127.0.0.1:44715/ ['http://127.0.0.1:39167/']: sec=0.00, result=[1, '', 0]
[rosmaster.master][INFO] 2025-12-18 11:28:14,406: publisherUpdate[/tf_stream/cancel] -> http://127.0.0.1:44715/ ['http://127.0.0.1:39167/']
[rosmaster.master][INFO] 2025-12-18 11:28:14,404: +PUB [/dynamic_footprint_publisher/footprint] /dynamic_footprint_publisher http://127.0.0.1:39167/
[rosmaster.master][INFO] 2025-12-18 11:28:14,406: publisherUpdate[/rosout] -> http://127.0.0.1:37277/ ['http://127.0.0.1:43797/', 'http://127.0.0.1:42461/', 'http://127.0.0.1:44715/', 'http://127.0.0.1:32855/', 'http://127.0.0.1:33729/', 'http://127.0.0.1:35889/', 'http://127.0.0.1:43711/', 'http://127.0.0.1:45471/', 'http://127.0.0.1:42017/', 'http://127.0.0.1:45411/', 'http://127.0.0.1:41161/', 'http://127.0.0.1:33181/', 'http://127.0.0.1:45865/', 'http://127.0.0.1:38761/', 'http://127.0.0.1:39167/', 'http://127.0.0.1:39551/']
[rosmaster.master][INFO] 2025-12-18 11:28:14,407: +SUB [/play_motion/status] /tuck_arm http://127.0.0.1:39551/
[rosmaster.master][INFO] 2025-12-18 11:28:14,411: +PUB [/joy_turbo_decrease/result] /joystick_relay http://127.0.0.1:38761/
[rosmaster.master][INFO] 2025-12-18 11:28:14,413: publisherUpdate[/rosout] -> http://127.0.0.1:37277/ ['http://127.0.0.1:43797/', 'http://127.0.0.1:42461/', 'http://127.0.0.1:44715/', 'http://127.0.0.1:32855/', 'http://127.0.0.1:33729/', 'http://127.0.0.1:35889/', 'http://127.0.0.1:43711/', 'http://127.0.0.1:45471/', 'http://127.0.0.1:42017/', 'http://127.0.0.1:45411/', 'http://127.0.0.1:41161/', 'http://127.0.0.1:33181/', 'http://127.0.0.1:45865/', 'http://127.0.0.1:38761/', 'http://127.0.0.1:39167/', 'http://127.0.0.1:39551/']: sec=0.01, result=[1, '', 0]
[rosmaster.master][INFO] 2025-12-18 11:28:14,415: +PUB [/joy_turbo_decrease/feedback] /joystick_relay http://127.0.0.1:38761/
[rosmaster.master][INFO] 2025-12-18 11:28:14,415: +SUB [/play_motion/result] /tuck_arm http://127.0.0.1:39551/
[rosmaster.master][INFO] 2025-12-18 11:28:14,409: publisherUpdate[/tf_stream/cancel] -> http://127.0.0.1:44715/ ['http://127.0.0.1:39167/']: sec=0.00, result=[1, '', 0]
[rosmaster.master][INFO] 2025-12-18 11:28:14,418: +PUB [/dynamic_footprint_publisher/footprint_stamped] /dynamic_footprint_publisher http://127.0.0.1:39167/
[rosmaster.master][INFO] 2025-12-18 11:28:14,421: +SUB [/joy_turbo_decrease/goal] /joystick_relay http://127.0.0.1:38761/
[rosmaster.master][INFO] 2025-12-18 11:28:14,422: +SERVICE [/dynamic_footprint_publisher/change_params] /dynamic_footprint_publisher http://127.0.0.1:39167/
[rosmaster.master][INFO] 2025-12-18 11:28:14,425: +SUB [/play_motion/feedback] /tuck_arm http://127.0.0.1:39551/
[rosmaster.master][INFO] 2025-12-18 11:28:14,427: +SUB [/joy_turbo_decrease/cancel] /joystick_relay http://127.0.0.1:38761/
[rosmaster.master][INFO] 2025-12-18 11:28:14,428: +CACHEDPARAM [/rosout_disable_topics_generation] by /dynamic_footprint_publisher
[rosmaster.master][INFO] 2025-12-18 11:28:14,442: +PUB [/joy_turbo_angular_increase/status] /joystick_relay http://127.0.0.1:38761/
[rosmaster.master][INFO] 2025-12-18 11:28:14,443: +SERVICE [/move_group/ompl/set_parameters] /move_group http://127.0.0.1:45471/
[rosmaster.master][INFO] 2025-12-18 11:28:14,444: +PUB [/joy_turbo_angular_increase/result] /joystick_relay http://127.0.0.1:38761/
[rosmaster.master][INFO] 2025-12-18 11:28:14,445: +PUB [/move_group/ompl/parameter_descriptions] /move_group http://127.0.0.1:45471/
[rosmaster.master][INFO] 2025-12-18 11:28:14,445: +PUB [/joy_turbo_angular_increase/feedback] /joystick_relay http://127.0.0.1:38761/
[rosmaster.master][INFO] 2025-12-18 11:28:14,448: +PUB [/move_group/ompl/parameter_updates] /move_group http://127.0.0.1:45471/
[rosmaster.master][INFO] 2025-12-18 11:28:14,456: +SUB [/joy_turbo_angular_increase/goal] /joystick_relay http://127.0.0.1:38761/
[rosmaster.master][INFO] 2025-12-18 11:28:14,457: +PARAM [/move_group/ompl/simplify_solutions] by /move_group
[rosmaster.master][INFO] 2025-12-18 11:28:14,457: +PARAM [/move_group/ompl/minimum_waypoint_count] by /move_group
[rosmaster.master][INFO] 2025-12-18 11:28:14,458: +PARAM [/move_group/ompl/maximum_waypoint_distance] by /move_group
[rosmaster.master][INFO] 2025-12-18 11:28:14,460: +PARAM [/move_group/ompl/link_for_exploration_tree] by /move_group
[rosmaster.master][INFO] 2025-12-18 11:28:14,460: +SUB [/joy_turbo_angular_increase/cancel] /joystick_relay http://127.0.0.1:38761/
[rosmaster.master][INFO] 2025-12-18 11:28:14,461: +PARAM [/move_group/ompl/display_random_valid_states] by /move_group
[rosmaster.master][INFO] 2025-12-18 11:28:14,462: +PARAM [/move_group/ompl/simplify_solutions] by /move_group
[rosmaster.master][INFO] 2025-12-18 11:28:14,465: +PARAM [/move_group/ompl/minimum_waypoint_count] by /move_group
[rosmaster.master][INFO] 2025-12-18 11:28:14,466: +PARAM [/move_group/ompl/maximum_waypoint_distance] by /move_group
[rosmaster.master][INFO] 2025-12-18 11:28:14,467: +PARAM [/move_group/ompl/link_for_exploration_tree] by /move_group
[rosmaster.master][INFO] 2025-12-18 11:28:14,469: +PARAM [/move_group/ompl/display_random_valid_states] by /move_group
[rosmaster.master][INFO] 2025-12-18 11:28:14,476: +PUB [/joy_turbo_angular_decrease/status] /joystick_relay http://127.0.0.1:38761/
[rosmaster.master][INFO] 2025-12-18 11:28:14,480: +PUB [/joy_turbo_angular_decrease/result] /joystick_relay http://127.0.0.1:38761/
[rosmaster.master][INFO] 2025-12-18 11:28:14,484: +PUB [/joy_turbo_angular_decrease/feedback] /joystick_relay http://127.0.0.1:38761/
[rosmaster.master][INFO] 2025-12-18 11:28:14,493: +SUB [/joy_turbo_angular_decrease/goal] /joystick_relay http://127.0.0.1:38761/
[rosmaster.master][INFO] 2025-12-18 11:28:14,496: +PUB [/move_group/display_planned_path] /move_group http://127.0.0.1:45471/
[rosmaster.master][INFO] 2025-12-18 11:28:14,499: +PUB [/move_group/display_contacts] /move_group http://127.0.0.1:45471/
[rosmaster.master][INFO] 2025-12-18 11:28:14,500: +SUB [/joy_turbo_angular_decrease/cancel] /joystick_relay http://127.0.0.1:38761/
[rosmaster.master][INFO] 2025-12-18 11:28:14,517: +PUB [/joy_turbo_reset/status] /joystick_relay http://127.0.0.1:38761/
[rosmaster.master][INFO] 2025-12-18 11:28:14,519: +PUB [/joy_turbo_reset/result] /joystick_relay http://127.0.0.1:38761/
[rosmaster.master][INFO] 2025-12-18 11:28:14,520: +PUB [/joy_turbo_reset/feedback] /joystick_relay http://127.0.0.1:38761/
[rosmaster.master][INFO] 2025-12-18 11:28:14,524: +SUB [/joy_turbo_reset/goal] /joystick_relay http://127.0.0.1:38761/
[rosmaster.master][INFO] 2025-12-18 11:28:14,528: +SUB [/joy_turbo_reset/cancel] /joystick_relay http://127.0.0.1:38761/
[rosmaster.master][INFO] 2025-12-18 11:28:14,749: +PUB [/rosout] /gazebo http://127.0.0.1:43063/
[rosmaster.master][INFO] 2025-12-18 11:28:14,750: +SERVICE [/gazebo/get_loggers] /gazebo http://127.0.0.1:43063/
[rosmaster.master][INFO] 2025-12-18 11:28:14,751: +SERVICE [/gazebo/set_logger_level] /gazebo http://127.0.0.1:43063/
[rosmaster.master][INFO] 2025-12-18 11:28:14,755: +SUB [/clock] /gazebo http://127.0.0.1:43063/
[rosmaster.master][INFO] 2025-12-18 11:28:14,758: +CACHEDPARAM [/rosout_disable_topics_generation] by /gazebo
[rosmaster.master][INFO] 2025-12-18 11:28:14,786: +PUB [/rosout] /bringup_controllers_spawner_ft http://127.0.0.1:43801/
[rosmaster.master][INFO] 2025-12-18 11:28:14,789: +SUB [/clock] /bringup_controllers_spawner_ft http://127.0.0.1:43801/
[rosmaster.master][INFO] 2025-12-18 11:28:14,792: +SERVICE [/bringup_controllers_spawner_ft/get_loggers] /bringup_controllers_spawner_ft http://127.0.0.1:43801/
[rosmaster.master][INFO] 2025-12-18 11:28:14,793: +SERVICE [/bringup_controllers_spawner_ft/set_logger_level] /bringup_controllers_spawner_ft http://127.0.0.1:43801/
[rosmaster.master][INFO] 2025-12-18 11:28:14,794: +CACHEDPARAM [/rosout_disable_topics_generation] by /bringup_controllers_spawner_ft
[rosmaster.master][INFO] 2025-12-18 11:28:14,803: publisherUpdate[/rosout] -> http://127.0.0.1:37277/ ['http://127.0.0.1:43797/', 'http://127.0.0.1:42461/', 'http://127.0.0.1:44715/', 'http://127.0.0.1:32855/', 'http://127.0.0.1:33729/', 'http://127.0.0.1:35889/', 'http://127.0.0.1:43711/', 'http://127.0.0.1:45471/', 'http://127.0.0.1:42017/', 'http://127.0.0.1:45411/', 'http://127.0.0.1:41161/', 'http://127.0.0.1:33181/', 'http://127.0.0.1:45865/', 'http://127.0.0.1:38761/', 'http://127.0.0.1:39167/', 'http://127.0.0.1:39551/', 'http://127.0.0.1:43063/']
[rosmaster.master][INFO] 2025-12-18 11:28:14,805: publisherUpdate[/rosout] -> http://127.0.0.1:37277/ ['http://127.0.0.1:43797/', 'http://127.0.0.1:42461/', 'http://127.0.0.1:44715/', 'http://127.0.0.1:32855/', 'http://127.0.0.1:33729/', 'http://127.0.0.1:35889/', 'http://127.0.0.1:43711/', 'http://127.0.0.1:45471/', 'http://127.0.0.1:42017/', 'http://127.0.0.1:45411/', 'http://127.0.0.1:41161/', 'http://127.0.0.1:33181/', 'http://127.0.0.1:45865/', 'http://127.0.0.1:38761/', 'http://127.0.0.1:39167/', 'http://127.0.0.1:39551/', 'http://127.0.0.1:43063/']: sec=0.00, result=[1, '', 0]
[rosmaster.master][INFO] 2025-12-18 11:28:14,806: publisherUpdate[/rosout] -> http://127.0.0.1:37277/ ['http://127.0.0.1:43797/', 'http://127.0.0.1:42461/', 'http://127.0.0.1:44715/', 'http://127.0.0.1:32855/', 'http://127.0.0.1:33729/', 'http://127.0.0.1:35889/', 'http://127.0.0.1:43711/', 'http://127.0.0.1:45471/', 'http://127.0.0.1:42017/', 'http://127.0.0.1:45411/', 'http://127.0.0.1:41161/', 'http://127.0.0.1:33181/', 'http://127.0.0.1:45865/', 'http://127.0.0.1:38761/', 'http://127.0.0.1:39167/', 'http://127.0.0.1:39551/', 'http://127.0.0.1:43063/', 'http://127.0.0.1:43801/']
[rosmaster.master][INFO] 2025-12-18 11:28:14,807: publisherUpdate[/rosout] -> http://127.0.0.1:37277/ ['http://127.0.0.1:43797/', 'http://127.0.0.1:42461/', 'http://127.0.0.1:44715/', 'http://127.0.0.1:32855/', 'http://127.0.0.1:33729/', 'http://127.0.0.1:35889/', 'http://127.0.0.1:43711/', 'http://127.0.0.1:45471/', 'http://127.0.0.1:42017/', 'http://127.0.0.1:45411/', 'http://127.0.0.1:41161/', 'http://127.0.0.1:33181/', 'http://127.0.0.1:45865/', 'http://127.0.0.1:38761/', 'http://127.0.0.1:39167/', 'http://127.0.0.1:39551/', 'http://127.0.0.1:43063/', 'http://127.0.0.1:43801/']: sec=0.00, result=[1, '', 0]
[rosmaster.master][INFO] 2025-12-18 11:28:14,866: +PUB [/rosout] /bringup_controllers_spawner_imu http://127.0.0.1:35007/
[rosmaster.master][INFO] 2025-12-18 11:28:14,868: +SUB [/clock] /bringup_controllers_spawner_imu http://127.0.0.1:35007/
[rosmaster.master][INFO] 2025-12-18 11:28:14,870: +SERVICE [/bringup_controllers_spawner_imu/get_loggers] /bringup_controllers_spawner_imu http://127.0.0.1:35007/
[rosmaster.master][INFO] 2025-12-18 11:28:14,871: +SERVICE [/bringup_controllers_spawner_imu/set_logger_level] /bringup_controllers_spawner_imu http://127.0.0.1:35007/
[rosmaster.master][INFO] 2025-12-18 11:28:14,872: +CACHEDPARAM [/rosout_disable_topics_generation] by /bringup_controllers_spawner_imu
[rosmaster.master][INFO] 2025-12-18 11:28:14,897: +PUB [/rosout] /gripper_controllers_spawner http://127.0.0.1:40945/
[rosmaster.master][INFO] 2025-12-18 11:28:14,900: +SUB [/clock] /gripper_controllers_spawner http://127.0.0.1:40945/
[rosmaster.master][INFO] 2025-12-18 11:28:14,901: +SERVICE [/gripper_controllers_spawner/get_loggers] /gripper_controllers_spawner http://127.0.0.1:40945/
[rosmaster.master][INFO] 2025-12-18 11:28:14,902: +SERVICE [/gripper_controllers_spawner/set_logger_level] /gripper_controllers_spawner http://127.0.0.1:40945/
[rosmaster.master][INFO] 2025-12-18 11:28:14,903: +CACHEDPARAM [/rosout_disable_topics_generation] by /gripper_controllers_spawner
[rosmaster.master][INFO] 2025-12-18 11:28:14,907: publisherUpdate[/rosout] -> http://127.0.0.1:37277/ ['http://127.0.0.1:43797/', 'http://127.0.0.1:42461/', 'http://127.0.0.1:44715/', 'http://127.0.0.1:32855/', 'http://127.0.0.1:33729/', 'http://127.0.0.1:35889/', 'http://127.0.0.1:43711/', 'http://127.0.0.1:45471/', 'http://127.0.0.1:42017/', 'http://127.0.0.1:45411/', 'http://127.0.0.1:41161/', 'http://127.0.0.1:33181/', 'http://127.0.0.1:45865/', 'http://127.0.0.1:38761/', 'http://127.0.0.1:39167/', 'http://127.0.0.1:39551/', 'http://127.0.0.1:43063/', 'http://127.0.0.1:43801/', 'http://127.0.0.1:35007/']
[rosmaster.master][INFO] 2025-12-18 11:28:14,909: publisherUpdate[/rosout] -> http://127.0.0.1:37277/ ['http://127.0.0.1:43797/', 'http://127.0.0.1:42461/', 'http://127.0.0.1:44715/', 'http://127.0.0.1:32855/', 'http://127.0.0.1:33729/', 'http://127.0.0.1:35889/', 'http://127.0.0.1:43711/', 'http://127.0.0.1:45471/', 'http://127.0.0.1:42017/', 'http://127.0.0.1:45411/', 'http://127.0.0.1:41161/', 'http://127.0.0.1:33181/', 'http://127.0.0.1:45865/', 'http://127.0.0.1:38761/', 'http://127.0.0.1:39167/', 'http://127.0.0.1:39551/', 'http://127.0.0.1:43063/', 'http://127.0.0.1:43801/', 'http://127.0.0.1:35007/']: sec=0.00, result=[1, '', 0]
[rosmaster.master][INFO] 2025-12-18 11:28:14,909: publisherUpdate[/rosout] -> http://127.0.0.1:37277/ ['http://127.0.0.1:43797/', 'http://127.0.0.1:42461/', 'http://127.0.0.1:44715/', 'http://127.0.0.1:32855/', 'http://127.0.0.1:33729/', 'http://127.0.0.1:35889/', 'http://127.0.0.1:43711/', 'http://127.0.0.1:45471/', 'http://127.0.0.1:42017/', 'http://127.0.0.1:45411/', 'http://127.0.0.1:41161/', 'http://127.0.0.1:33181/', 'http://127.0.0.1:45865/', 'http://127.0.0.1:38761/', 'http://127.0.0.1:39167/', 'http://127.0.0.1:39551/', 'http://127.0.0.1:43063/', 'http://127.0.0.1:43801/', 'http://127.0.0.1:35007/', 'http://127.0.0.1:40945/']
[rosmaster.master][INFO] 2025-12-18 11:28:14,910: publisherUpdate[/rosout] -> http://127.0.0.1:37277/ ['http://127.0.0.1:43797/', 'http://127.0.0.1:42461/', 'http://127.0.0.1:44715/', 'http://127.0.0.1:32855/', 'http://127.0.0.1:33729/', 'http://127.0.0.1:35889/', 'http://127.0.0.1:43711/', 'http://127.0.0.1:45471/', 'http://127.0.0.1:42017/', 'http://127.0.0.1:45411/', 'http://127.0.0.1:41161/', 'http://127.0.0.1:33181/', 'http://127.0.0.1:45865/', 'http://127.0.0.1:38761/', 'http://127.0.0.1:39167/', 'http://127.0.0.1:39551/', 'http://127.0.0.1:43063/', 'http://127.0.0.1:43801/', 'http://127.0.0.1:35007/', 'http://127.0.0.1:40945/']: sec=0.00, result=[1, '', 0]
[rosmaster.master][INFO] 2025-12-18 11:28:14,961: +PUB [/rosout] /default_controllers_spawner http://127.0.0.1:38461/
[rosmaster.master][INFO] 2025-12-18 11:28:14,964: +SUB [/clock] /default_controllers_spawner http://127.0.0.1:38461/
[rosmaster.master][INFO] 2025-12-18 11:28:14,965: +SERVICE [/default_controllers_spawner/get_loggers] /default_controllers_spawner http://127.0.0.1:38461/
[rosmaster.master][INFO] 2025-12-18 11:28:14,966: +SERVICE [/default_controllers_spawner/set_logger_level] /default_controllers_spawner http://127.0.0.1:38461/
[rosmaster.master][INFO] 2025-12-18 11:28:14,967: +CACHEDPARAM [/rosout_disable_topics_generation] by /default_controllers_spawner
[rosmaster.master][INFO] 2025-12-18 11:28:15,010: publisherUpdate[/rosout] -> http://127.0.0.1:37277/ ['http://127.0.0.1:43797/', 'http://127.0.0.1:42461/', 'http://127.0.0.1:44715/', 'http://127.0.0.1:32855/', 'http://127.0.0.1:33729/', 'http://127.0.0.1:35889/', 'http://127.0.0.1:43711/', 'http://127.0.0.1:45471/', 'http://127.0.0.1:42017/', 'http://127.0.0.1:45411/', 'http://127.0.0.1:41161/', 'http://127.0.0.1:33181/', 'http://127.0.0.1:45865/', 'http://127.0.0.1:38761/', 'http://127.0.0.1:39167/', 'http://127.0.0.1:39551/', 'http://127.0.0.1:43063/', 'http://127.0.0.1:43801/', 'http://127.0.0.1:35007/', 'http://127.0.0.1:40945/', 'http://127.0.0.1:38461/']
[rosmaster.master][INFO] 2025-12-18 11:28:15,011: publisherUpdate[/rosout] -> http://127.0.0.1:37277/ ['http://127.0.0.1:43797/', 'http://127.0.0.1:42461/', 'http://127.0.0.1:44715/', 'http://127.0.0.1:32855/', 'http://127.0.0.1:33729/', 'http://127.0.0.1:35889/', 'http://127.0.0.1:43711/', 'http://127.0.0.1:45471/', 'http://127.0.0.1:42017/', 'http://127.0.0.1:45411/', 'http://127.0.0.1:41161/', 'http://127.0.0.1:33181/', 'http://127.0.0.1:45865/', 'http://127.0.0.1:38761/', 'http://127.0.0.1:39167/', 'http://127.0.0.1:39551/', 'http://127.0.0.1:43063/', 'http://127.0.0.1:43801/', 'http://127.0.0.1:35007/', 'http://127.0.0.1:40945/', 'http://127.0.0.1:38461/']: sec=0.00, result=[1, '', 0]
[rosmaster.master][INFO] 2025-12-18 11:28:15,418: +PUB [/clock] /gazebo http://127.0.0.1:43063/
[rosmaster.master][INFO] 2025-12-18 11:28:15,419: +SERVICE [/gazebo/spawn_sdf_model] /gazebo http://127.0.0.1:43063/
[rosmaster.master][INFO] 2025-12-18 11:28:15,420: +SERVICE [/gazebo/spawn_urdf_model] /gazebo http://127.0.0.1:43063/
[rosmaster.master][INFO] 2025-12-18 11:28:15,421: +SERVICE [/gazebo/delete_model] /gazebo http://127.0.0.1:43063/
[rosmaster.master][INFO] 2025-12-18 11:28:15,421: publisherUpdate[/clock] -> http://127.0.0.1:43797/ ['http://127.0.0.1:43063/']
[rosmaster.master][INFO] 2025-12-18 11:28:15,422: +SERVICE [/gazebo/delete_light] /gazebo http://127.0.0.1:43063/
[rosmaster.master][INFO] 2025-12-18 11:28:15,422: +SERVICE [/gazebo/get_model_properties] /gazebo http://127.0.0.1:43063/
[rosmaster.master][INFO] 2025-12-18 11:28:15,422: publisherUpdate[/clock] -> http://127.0.0.1:43797/ ['http://127.0.0.1:43063/']: sec=0.00, result=[1, '', 0]
[rosmaster.master][INFO] 2025-12-18 11:28:15,423: publisherUpdate[/clock] -> http://127.0.0.1:42461/ ['http://127.0.0.1:43063/']
[rosmaster.master][INFO] 2025-12-18 11:28:15,423: +SERVICE [/gazebo/get_model_state] /gazebo http://127.0.0.1:43063/
[rosmaster.master][INFO] 2025-12-18 11:28:15,423: publisherUpdate[/clock] -> http://127.0.0.1:44715/ ['http://127.0.0.1:43063/']
[rosmaster.master][INFO] 2025-12-18 11:28:15,424: +SERVICE [/gazebo/get_world_properties] /gazebo http://127.0.0.1:43063/
[rosmaster.master][INFO] 2025-12-18 11:28:15,424: publisherUpdate[/clock] -> http://127.0.0.1:42461/ ['http://127.0.0.1:43063/']: sec=0.00, result=[1, '', 0]
[rosmaster.master][INFO] 2025-12-18 11:28:15,425: publisherUpdate[/clock] -> http://127.0.0.1:44715/ ['http://127.0.0.1:43063/']: sec=0.00, result=[1, '', 0]
[rosmaster.master][INFO] 2025-12-18 11:28:15,425: publisherUpdate[/clock] -> http://127.0.0.1:32855/ ['http://127.0.0.1:43063/']
[rosmaster.master][INFO] 2025-12-18 11:28:15,425: +SERVICE [/gazebo/get_joint_properties] /gazebo http://127.0.0.1:43063/
[rosmaster.master][INFO] 2025-12-18 11:28:15,425: publisherUpdate[/clock] -> http://127.0.0.1:33729/ ['http://127.0.0.1:43063/']
[rosmaster.master][INFO] 2025-12-18 11:28:15,426: publisherUpdate[/clock] -> http://127.0.0.1:32855/ ['http://127.0.0.1:43063/']: sec=0.00, result=[1, '', 0]
[rosmaster.master][INFO] 2025-12-18 11:28:15,426: +SERVICE [/gazebo/get_link_properties] /gazebo http://127.0.0.1:43063/
[rosmaster.master][INFO] 2025-12-18 11:28:15,426: publisherUpdate[/clock] -> http://127.0.0.1:35889/ ['http://127.0.0.1:43063/']
[rosmaster.master][INFO] 2025-12-18 11:28:15,427: publisherUpdate[/clock] -> http://127.0.0.1:33729/ ['http://127.0.0.1:43063/']: sec=0.00, result=[1, '', 0]
[rosmaster.master][INFO] 2025-12-18 11:28:15,427: +SERVICE [/gazebo/get_link_state] /gazebo http://127.0.0.1:43063/
[rosmaster.master][INFO] 2025-12-18 11:28:15,427: publisherUpdate[/clock] -> http://127.0.0.1:43711/ ['http://127.0.0.1:43063/']
[rosmaster.master][INFO] 2025-12-18 11:28:15,428: +SERVICE [/gazebo/get_light_properties] /gazebo http://127.0.0.1:43063/
[rosmaster.master][INFO] 2025-12-18 11:28:15,428: publisherUpdate[/clock] -> http://127.0.0.1:35889/ ['http://127.0.0.1:43063/']: sec=0.00, result=[1, '', 0]
[rosmaster.master][INFO] 2025-12-18 11:28:15,429: +SERVICE [/gazebo/set_light_properties] /gazebo http://127.0.0.1:43063/
[rosmaster.master][INFO] 2025-12-18 11:28:15,429: publisherUpdate[/clock] -> http://127.0.0.1:45471/ ['http://127.0.0.1:43063/']
[rosmaster.master][INFO] 2025-12-18 11:28:15,429: publisherUpdate[/clock] -> http://127.0.0.1:43711/ ['http://127.0.0.1:43063/']: sec=0.00, result=[1, '', 0]
[rosmaster.master][INFO] 2025-12-18 11:28:15,430: +SERVICE [/gazebo/get_physics_properties] /gazebo http://127.0.0.1:43063/
[rosmaster.master][INFO] 2025-12-18 11:28:15,430: publisherUpdate[/clock] -> http://127.0.0.1:42017/ ['http://127.0.0.1:43063/']
[rosmaster.master][INFO] 2025-12-18 11:28:15,430: publisherUpdate[/clock] -> http://127.0.0.1:45471/ ['http://127.0.0.1:43063/']: sec=0.00, result=[1, '', 0]
[rosmaster.master][INFO] 2025-12-18 11:28:15,431: +PUB [/gazebo/link_states] /gazebo http://127.0.0.1:43063/
[rosmaster.master][INFO] 2025-12-18 11:28:15,431: publisherUpdate[/clock] -> http://127.0.0.1:45411/ ['http://127.0.0.1:43063/']
[rosmaster.master][INFO] 2025-12-18 11:28:15,432: publisherUpdate[/clock] -> http://127.0.0.1:42017/ ['http://127.0.0.1:43063/']: sec=0.00, result=[1, '', 0]
[rosmaster.master][INFO] 2025-12-18 11:28:15,432: +PUB [/gazebo/model_states] /gazebo http://127.0.0.1:43063/
[rosmaster.master][INFO] 2025-12-18 11:28:15,432: publisherUpdate[/clock] -> http://127.0.0.1:41161/ ['http://127.0.0.1:43063/']
[rosmaster.master][INFO] 2025-12-18 11:28:15,433: publisherUpdate[/clock] -> http://127.0.0.1:45411/ ['http://127.0.0.1:43063/']: sec=0.00, result=[1, '', 0]
[rosmaster.master][INFO] 2025-12-18 11:28:15,433: +SERVICE [/gazebo/set_link_properties] /gazebo http://127.0.0.1:43063/
[rosmaster.master][INFO] 2025-12-18 11:28:15,433: publisherUpdate[/clock] -> http://127.0.0.1:33181/ ['http://127.0.0.1:43063/']
[rosmaster.master][INFO] 2025-12-18 11:28:15,434: +SERVICE [/gazebo/set_physics_properties] /gazebo http://127.0.0.1:43063/
[rosmaster.master][INFO] 2025-12-18 11:28:15,434: publisherUpdate[/clock] -> http://127.0.0.1:41161/ ['http://127.0.0.1:43063/']: sec=0.00, result=[1, '', 0]
[rosmaster.master][INFO] 2025-12-18 11:28:15,435: publisherUpdate[/clock] -> http://127.0.0.1:45865/ ['http://127.0.0.1:43063/']
[rosmaster.master][INFO] 2025-12-18 11:28:15,435: +SERVICE [/gazebo/set_model_state] /gazebo http://127.0.0.1:43063/
[rosmaster.master][INFO] 2025-12-18 11:28:15,435: publisherUpdate[/clock] -> http://127.0.0.1:33181/ ['http://127.0.0.1:43063/']: sec=0.00, result=[1, '', 0]
[rosmaster.master][INFO] 2025-12-18 11:28:15,436: publisherUpdate[/clock] -> http://127.0.0.1:38761/ ['http://127.0.0.1:43063/']
[rosmaster.master][INFO] 2025-12-18 11:28:15,436: +SERVICE [/gazebo/set_model_configuration] /gazebo http://127.0.0.1:43063/
[rosmaster.master][INFO] 2025-12-18 11:28:15,437: publisherUpdate[/clock] -> http://127.0.0.1:45865/ ['http://127.0.0.1:43063/']: sec=0.00, result=[1, '', 0]
[rosmaster.master][INFO] 2025-12-18 11:28:15,438: +SERVICE [/gazebo/set_joint_properties] /gazebo http://127.0.0.1:43063/
[rosmaster.master][INFO] 2025-12-18 11:28:15,438: publisherUpdate[/clock] -> http://127.0.0.1:39167/ ['http://127.0.0.1:43063/']
[rosmaster.master][INFO] 2025-12-18 11:28:15,439: publisherUpdate[/clock] -> http://127.0.0.1:38761/ ['http://127.0.0.1:43063/']: sec=0.00, result=[1, '', 0]
[rosmaster.master][INFO] 2025-12-18 11:28:15,439: +SERVICE [/gazebo/set_link_state] /gazebo http://127.0.0.1:43063/
[rosmaster.master][INFO] 2025-12-18 11:28:15,439: publisherUpdate[/clock] -> http://127.0.0.1:39551/ ['http://127.0.0.1:43063/']
[rosmaster.master][INFO] 2025-12-18 11:28:15,442: publisherUpdate[/clock] -> http://127.0.0.1:39551/ ['http://127.0.0.1:43063/']: sec=0.00, result=[1, '', 0]
[rosmaster.master][INFO] 2025-12-18 11:28:15,442: publisherUpdate[/clock] -> http://127.0.0.1:43063/ ['http://127.0.0.1:43063/']
[rosmaster.master][INFO] 2025-12-18 11:28:15,442: +SUB [/gazebo/set_link_state] /gazebo http://127.0.0.1:43063/
[rosmaster.master][INFO] 2025-12-18 11:28:15,444: +SUB [/gazebo/set_model_state] /gazebo http://127.0.0.1:43063/
[rosmaster.master][INFO] 2025-12-18 11:28:15,445: +SERVICE [/gazebo/pause_physics] /gazebo http://127.0.0.1:43063/
[rosmaster.master][INFO] 2025-12-18 11:28:15,445: +SERVICE [/gazebo/unpause_physics] /gazebo http://127.0.0.1:43063/
[rosmaster.master][INFO] 2025-12-18 11:28:15,445: +SERVICE [/gazebo/apply_body_wrench] /gazebo http://127.0.0.1:43063/
[rosmaster.master][INFO] 2025-12-18 11:28:15,446: +SERVICE [/gazebo/apply_joint_effort] /gazebo http://127.0.0.1:43063/
[rosmaster.master][INFO] 2025-12-18 11:28:15,446: +SERVICE [/gazebo/clear_joint_forces] /gazebo http://127.0.0.1:43063/
[rosmaster.master][INFO] 2025-12-18 11:28:15,447: publisherUpdate[/clock] -> http://127.0.0.1:43063/ ['http://127.0.0.1:43063/']: sec=0.00, result=[1, '', 0]
[rosmaster.master][INFO] 2025-12-18 11:28:15,448: publisherUpdate[/clock] -> http://127.0.0.1:43801/ ['http://127.0.0.1:43063/']
[rosmaster.master][INFO] 2025-12-18 11:28:15,448: +SERVICE [/gazebo/clear_body_wrenches] /gazebo http://127.0.0.1:43063/
[rosmaster.master][INFO] 2025-12-18 11:28:15,450: publisherUpdate[/clock] -> http://127.0.0.1:43801/ ['http://127.0.0.1:43063/']: sec=0.00, result=[1, '', 0]
[rosmaster.master][INFO] 2025-12-18 11:28:15,450: +SERVICE [/gazebo/reset_simulation] /gazebo http://127.0.0.1:43063/
[rosmaster.master][INFO] 2025-12-18 11:28:15,450: publisherUpdate[/clock] -> http://127.0.0.1:35007/ ['http://127.0.0.1:43063/']
[rosmaster.master][INFO] 2025-12-18 11:28:15,451: +SERVICE [/gazebo/set_parameters] /gazebo http://127.0.0.1:43063/
[rosmaster.master][INFO] 2025-12-18 11:28:15,451: +SERVICE [/gazebo/reset_world] /gazebo http://127.0.0.1:43063/
[rosmaster.master][INFO] 2025-12-18 11:28:15,452: publisherUpdate[/clock] -> http://127.0.0.1:35007/ ['http://127.0.0.1:43063/']: sec=0.00, result=[1, '', 0]
[rosmaster.master][INFO] 2025-12-18 11:28:15,452: +PUB [/gazebo/parameter_descriptions] /gazebo http://127.0.0.1:43063/
[rosmaster.master][INFO] 2025-12-18 11:28:15,452: publisherUpdate[/clock] -> http://127.0.0.1:40945/ ['http://127.0.0.1:43063/']
[rosmaster.master][INFO] 2025-12-18 11:28:15,454: +PUB [/gazebo/parameter_updates] /gazebo http://127.0.0.1:43063/
[rosmaster.master][INFO] 2025-12-18 11:28:15,456: publisherUpdate[/clock] -> http://127.0.0.1:39167/ ['http://127.0.0.1:43063/']: sec=0.02, result=[1, '', 0]
[rosmaster.master][INFO] 2025-12-18 11:28:15,456: publisherUpdate[/clock] -> http://127.0.0.1:38461/ ['http://127.0.0.1:43063/']
[rosmaster.master][INFO] 2025-12-18 11:28:15,457: publisherUpdate[/clock] -> http://127.0.0.1:40945/ ['http://127.0.0.1:43063/']: sec=0.00, result=[1, '', 0]
[rosmaster.master][INFO] 2025-12-18 11:28:15,464: publisherUpdate[/clock] -> http://127.0.0.1:38461/ ['http://127.0.0.1:43063/']: sec=0.01, result=[1, '', 0]
[rosmaster.master][INFO] 2025-12-18 11:28:15,466: +PARAM [/gazebo/time_step] by /gazebo
[rosmaster.master][INFO] 2025-12-18 11:28:15,468: +PARAM [/gazebo/max_update_rate] by /gazebo
[rosmaster.master][INFO] 2025-12-18 11:28:15,469: +PARAM [/gazebo/gravity_x] by /gazebo
[rosmaster.master][INFO] 2025-12-18 11:28:15,469: +PARAM [/gazebo/gravity_y] by /gazebo
[rosmaster.master][INFO] 2025-12-18 11:28:15,470: +PARAM [/gazebo/gravity_z] by /gazebo
[rosmaster.master][INFO] 2025-12-18 11:28:15,470: +PARAM [/gazebo/auto_disable_bodies] by /gazebo
[rosmaster.master][INFO] 2025-12-18 11:28:15,471: +PARAM [/gazebo/sor_pgs_precon_iters] by /gazebo
[rosmaster.master][INFO] 2025-12-18 11:28:15,472: +PARAM [/gazebo/sor_pgs_iters] by /gazebo
[rosmaster.master][INFO] 2025-12-18 11:28:15,472: +PARAM [/gazebo/sor_pgs_w] by /gazebo
[rosmaster.master][INFO] 2025-12-18 11:28:15,473: +PARAM [/gazebo/sor_pgs_rms_error_tol] by /gazebo
[rosmaster.master][INFO] 2025-12-18 11:28:15,473: +PARAM [/gazebo/cfm] by /gazebo
[rosmaster.master][INFO] 2025-12-18 11:28:15,474: +PARAM [/gazebo/erp] by /gazebo
[rosmaster.master][INFO] 2025-12-18 11:28:15,474: +PARAM [/gazebo/contact_surface_layer] by /gazebo
[rosmaster.master][INFO] 2025-12-18 11:28:15,475: +PARAM [/gazebo/contact_max_correcting_vel] by /gazebo
[rosmaster.master][INFO] 2025-12-18 11:28:15,475: +PARAM [/gazebo/max_contacts] by /gazebo
[rosmaster.master][INFO] 2025-12-18 11:28:15,479: +PARAM [/gazebo/time_step] by /gazebo
[rosmaster.master][INFO] 2025-12-18 11:28:15,480: +PARAM [/gazebo/max_update_rate] by /gazebo
[rosmaster.master][INFO] 2025-12-18 11:28:15,481: +PARAM [/gazebo/gravity_x] by /gazebo
[rosmaster.master][INFO] 2025-12-18 11:28:15,481: +PARAM [/gazebo/gravity_y] by /gazebo
[rosmaster.master][INFO] 2025-12-18 11:28:15,482: +PARAM [/gazebo/gravity_z] by /gazebo
[rosmaster.master][INFO] 2025-12-18 11:28:15,482: +PARAM [/gazebo/auto_disable_bodies] by /gazebo
[rosmaster.master][INFO] 2025-12-18 11:28:15,483: +PARAM [/gazebo/sor_pgs_precon_iters] by /gazebo
[rosmaster.master][INFO] 2025-12-18 11:28:15,483: +PARAM [/gazebo/sor_pgs_iters] by /gazebo
[rosmaster.master][INFO] 2025-12-18 11:28:15,484: +PARAM [/gazebo/sor_pgs_w] by /gazebo
[rosmaster.master][INFO] 2025-12-18 11:28:15,484: +PARAM [/gazebo/sor_pgs_rms_error_tol] by /gazebo
[rosmaster.master][INFO] 2025-12-18 11:28:15,485: +PARAM [/gazebo/cfm] by /gazebo
[rosmaster.master][INFO] 2025-12-18 11:28:15,485: +PARAM [/gazebo/erp] by /gazebo
[rosmaster.master][INFO] 2025-12-18 11:28:15,486: +PARAM [/gazebo/contact_surface_layer] by /gazebo
[rosmaster.master][INFO] 2025-12-18 11:28:15,487: +PARAM [/gazebo/contact_max_correcting_vel] by /gazebo
[rosmaster.master][INFO] 2025-12-18 11:28:15,487: +PARAM [/gazebo/max_contacts] by /gazebo
[rosmaster.master][INFO] 2025-12-18 11:28:15,553: +CACHEDPARAM [/rosout_disable_topics_generation] by /spawn_model
[rosmaster.master][INFO] 2025-12-18 11:28:15,571: +CACHEDPARAM [/rosout_disable_topics_generation] by /spawn_model
[rosmaster.master][INFO] 2025-12-18 11:28:15,573: -SUB [/clock] /spawn_model http://127.0.0.1:41161/
[rosmaster.master][INFO] 2025-12-18 11:28:15,573: -PUB [/rosout] /spawn_model http://127.0.0.1:41161/
[rosmaster.master][INFO] 2025-12-18 11:28:15,573: -SERVICE [/spawn_model/get_loggers] /spawn_model rosrpc://127.0.0.1:36917
[rosmaster.master][INFO] 2025-12-18 11:28:15,574: -SERVICE [/spawn_model/set_logger_level] /spawn_model rosrpc://127.0.0.1:36917
[rosmaster.master][INFO] 2025-12-18 11:28:15,612: publisherUpdate[/rosout] -> http://127.0.0.1:37277/ ['http://127.0.0.1:43797/', 'http://127.0.0.1:42461/', 'http://127.0.0.1:44715/', 'http://127.0.0.1:32855/', 'http://127.0.0.1:33729/', 'http://127.0.0.1:35889/', 'http://127.0.0.1:43711/', 'http://127.0.0.1:45471/', 'http://127.0.0.1:42017/', 'http://127.0.0.1:45411/', 'http://127.0.0.1:33181/', 'http://127.0.0.1:45865/', 'http://127.0.0.1:38761/', 'http://127.0.0.1:39167/', 'http://127.0.0.1:39551/', 'http://127.0.0.1:43063/', 'http://127.0.0.1:43801/', 'http://127.0.0.1:35007/', 'http://127.0.0.1:40945/', 'http://127.0.0.1:38461/']
[rosmaster.master][INFO] 2025-12-18 11:28:15,613: publisherUpdate[/rosout] -> http://127.0.0.1:37277/ ['http://127.0.0.1:43797/', 'http://127.0.0.1:42461/', 'http://127.0.0.1:44715/', 'http://127.0.0.1:32855/', 'http://127.0.0.1:33729/', 'http://127.0.0.1:35889/', 'http://127.0.0.1:43711/', 'http://127.0.0.1:45471/', 'http://127.0.0.1:42017/', 'http://127.0.0.1:45411/', 'http://127.0.0.1:33181/', 'http://127.0.0.1:45865/', 'http://127.0.0.1:38761/', 'http://127.0.0.1:39167/', 'http://127.0.0.1:39551/', 'http://127.0.0.1:43063/', 'http://127.0.0.1:43801/', 'http://127.0.0.1:35007/', 'http://127.0.0.1:40945/', 'http://127.0.0.1:38461/']: sec=0.00, result=[1, '', 0]
[rosmaster.master][ERROR] 2025-12-18 11:28:16,296: Traceback (most recent call last):
  File "/opt/ros/noetic/lib/python3/dist-packages/rosmaster/master_api.py", line 177, in validated_f
    code, msg, val = f(*newArgs, **kwds)
  File "/opt/ros/noetic/lib/python3/dist-packages/rosmaster/master_api.py", line 435, in searchParam
    search_key = self.param_server.search_param(caller_id, key)
  File "/opt/ros/noetic/lib/python3/dist-packages/rosmaster/paramserver.py", line 116, in search_param
    raise ValueError("namespace must be global")
ValueError: namespace must be global

[rosmaster.master][INFO] 2025-12-18 11:28:16,297: +PUB [/scan_front_raw] /gazebo http://127.0.0.1:43063/
[rosmaster.master][ERROR] 2025-12-18 11:28:16,301: Traceback (most recent call last):
  File "/opt/ros/noetic/lib/python3/dist-packages/rosmaster/master_api.py", line 177, in validated_f
    code, msg, val = f(*newArgs, **kwds)
  File "/opt/ros/noetic/lib/python3/dist-packages/rosmaster/master_api.py", line 435, in searchParam
    search_key = self.param_server.search_param(caller_id, key)
  File "/opt/ros/noetic/lib/python3/dist-packages/rosmaster/paramserver.py", line 116, in search_param
    raise ValueError("namespace must be global")
ValueError: namespace must be global

[rosmaster.master][INFO] 2025-12-18 11:28:16,301: +PUB [/scan_rear_raw] /gazebo http://127.0.0.1:43063/
[rosmaster.master][INFO] 2025-12-18 11:28:16,347: +SERVICE [/xtion/set_camera_info] /gazebo http://127.0.0.1:43063/
[rosmaster.master][INFO] 2025-12-18 11:28:16,351: +SERVICE [/xtion/set_parameters] /gazebo http://127.0.0.1:43063/
[rosmaster.master][INFO] 2025-12-18 11:28:16,352: +PUB [/xtion/parameter_descriptions] /gazebo http://127.0.0.1:43063/
[rosmaster.master][INFO] 2025-12-18 11:28:16,353: +PUB [/xtion/parameter_updates] /gazebo http://127.0.0.1:43063/
[rosmaster.master][INFO] 2025-12-18 11:28:16,354: +PARAM [/xtion/imager_rate] by /gazebo
[rosmaster.master][INFO] 2025-12-18 11:28:16,354: +PARAM [/xtion/imager_rate] by /gazebo
[rosmaster.master][INFO] 2025-12-18 11:28:16,434: +PUB [/xtion/rgb/image_raw/compressedDepth] /gazebo http://127.0.0.1:43063/
[rosmaster.master][INFO] 2025-12-18 11:28:16,434: +SERVICE [/xtion/rgb/image_raw/compressedDepth/set_parameters] /gazebo http://127.0.0.1:43063/
[rosmaster.master][INFO] 2025-12-18 11:28:16,435: +PUB [/xtion/rgb/image_raw/compressedDepth/parameter_descriptions] /gazebo http://127.0.0.1:43063/
[rosmaster.master][INFO] 2025-12-18 11:28:16,435: +PUB [/xtion/rgb/image_raw/compressedDepth/parameter_updates] /gazebo http://127.0.0.1:43063/
[rosmaster.master][INFO] 2025-12-18 11:28:16,437: +PARAM [/xtion/rgb/image_raw/compressedDepth/format] by /gazebo
[rosmaster.master][INFO] 2025-12-18 11:28:16,438: +PARAM [/xtion/rgb/image_raw/compressedDepth/depth_max] by /gazebo
[rosmaster.master][INFO] 2025-12-18 11:28:16,438: +PARAM [/xtion/rgb/image_raw/compressedDepth/depth_quantization] by /gazebo
[rosmaster.master][INFO] 2025-12-18 11:28:16,439: +PARAM [/xtion/rgb/image_raw/compressedDepth/png_level] by /gazebo
[rosmaster.master][INFO] 2025-12-18 11:28:16,439: +PARAM [/xtion/rgb/image_raw/compressedDepth/format] by /gazebo
[rosmaster.master][INFO] 2025-12-18 11:28:16,439: +PARAM [/xtion/rgb/image_raw/compressedDepth/depth_max] by /gazebo
[rosmaster.master][INFO] 2025-12-18 11:28:16,440: +PARAM [/xtion/rgb/image_raw/compressedDepth/depth_quantization] by /gazebo
[rosmaster.master][INFO] 2025-12-18 11:28:16,440: +PARAM [/xtion/rgb/image_raw/compressedDepth/png_level] by /gazebo
[rosmaster.master][INFO] 2025-12-18 11:28:16,446: +PUB [/xtion/rgb/image_raw/compressed] /gazebo http://127.0.0.1:43063/
[rosmaster.master][INFO] 2025-12-18 11:28:16,447: +SERVICE [/xtion/rgb/image_raw/compressed/set_parameters] /gazebo http://127.0.0.1:43063/
[rosmaster.master][INFO] 2025-12-18 11:28:16,447: +PUB [/xtion/rgb/image_raw/compressed/parameter_descriptions] /gazebo http://127.0.0.1:43063/
[rosmaster.master][INFO] 2025-12-18 11:28:16,448: +PUB [/xtion/rgb/image_raw/compressed/parameter_updates] /gazebo http://127.0.0.1:43063/
[rosmaster.master][INFO] 2025-12-18 11:28:16,450: +PARAM [/xtion/rgb/image_raw/compressed/format] by /gazebo
[rosmaster.master][INFO] 2025-12-18 11:28:16,451: +PARAM [/xtion/rgb/image_raw/compressed/jpeg_quality] by /gazebo
[rosmaster.master][INFO] 2025-12-18 11:28:16,451: +PARAM [/xtion/rgb/image_raw/compressed/jpeg_progressive] by /gazebo
[rosmaster.master][INFO] 2025-12-18 11:28:16,452: +PARAM [/xtion/rgb/image_raw/compressed/jpeg_optimize] by /gazebo
[rosmaster.master][INFO] 2025-12-18 11:28:16,452: +PARAM [/xtion/rgb/image_raw/compressed/jpeg_restart_interval] by /gazebo
[rosmaster.master][INFO] 2025-12-18 11:28:16,452: +PARAM [/xtion/rgb/image_raw/compressed/png_level] by /gazebo
[rosmaster.master][INFO] 2025-12-18 11:28:16,453: +PARAM [/xtion/rgb/image_raw/compressed/format] by /gazebo
[rosmaster.master][INFO] 2025-12-18 11:28:16,453: +PARAM [/xtion/rgb/image_raw/compressed/jpeg_quality] by /gazebo
[rosmaster.master][INFO] 2025-12-18 11:28:16,454: +PARAM [/xtion/rgb/image_raw/compressed/jpeg_progressive] by /gazebo
[rosmaster.master][INFO] 2025-12-18 11:28:16,454: +PARAM [/xtion/rgb/image_raw/compressed/jpeg_optimize] by /gazebo
[rosmaster.master][INFO] 2025-12-18 11:28:16,455: +PARAM [/xtion/rgb/image_raw/compressed/jpeg_restart_interval] by /gazebo
[rosmaster.master][INFO] 2025-12-18 11:28:16,455: +PARAM [/xtion/rgb/image_raw/compressed/png_level] by /gazebo
[rosmaster.master][INFO] 2025-12-18 11:28:16,460: +PUB [/xtion/rgb/image_raw] /gazebo http://127.0.0.1:43063/
[rosmaster.master][INFO] 2025-12-18 11:28:16,466: +PUB [/xtion/rgb/image_raw/theora] /gazebo http://127.0.0.1:43063/
[rosmaster.master][INFO] 2025-12-18 11:28:16,466: +SERVICE [/xtion/rgb/image_raw/theora/set_parameters] /gazebo http://127.0.0.1:43063/
[rosmaster.master][INFO] 2025-12-18 11:28:16,467: +PUB [/xtion/rgb/image_raw/theora/parameter_descriptions] /gazebo http://127.0.0.1:43063/
[rosmaster.master][INFO] 2025-12-18 11:28:16,467: publisherUpdate[/xtion/rgb/image_raw] -> http://127.0.0.1:43711/ ['http://127.0.0.1:43063/']
[rosmaster.master][INFO] 2025-12-18 11:28:16,467: +PUB [/xtion/rgb/image_raw/theora/parameter_updates] /gazebo http://127.0.0.1:43063/
[rosmaster.master][INFO] 2025-12-18 11:28:16,468: publisherUpdate[/xtion/rgb/image_raw] -> http://127.0.0.1:43711/ ['http://127.0.0.1:43063/']: sec=0.00, result=[1, '', 0]
[rosmaster.master][INFO] 2025-12-18 11:28:16,470: +PARAM [/xtion/rgb/image_raw/theora/optimize_for] by /gazebo
[rosmaster.master][INFO] 2025-12-18 11:28:16,470: +PARAM [/xtion/rgb/image_raw/theora/target_bitrate] by /gazebo
[rosmaster.master][INFO] 2025-12-18 11:28:16,471: +PARAM [/xtion/rgb/image_raw/theora/quality] by /gazebo
[rosmaster.master][INFO] 2025-12-18 11:28:16,471: +PARAM [/xtion/rgb/image_raw/theora/keyframe_frequency] by /gazebo
[rosmaster.master][INFO] 2025-12-18 11:28:16,472: +PARAM [/xtion/rgb/image_raw/theora/optimize_for] by /gazebo
[rosmaster.master][INFO] 2025-12-18 11:28:16,472: +PARAM [/xtion/rgb/image_raw/theora/target_bitrate] by /gazebo
[rosmaster.master][INFO] 2025-12-18 11:28:16,472: +PARAM [/xtion/rgb/image_raw/theora/quality] by /gazebo
[rosmaster.master][INFO] 2025-12-18 11:28:16,473: +PARAM [/xtion/rgb/image_raw/theora/keyframe_frequency] by /gazebo
[rosmaster.master][INFO] 2025-12-18 11:28:16,473: +PUB [/xtion/rgb/camera_info] /gazebo http://127.0.0.1:43063/
[rosmaster.master][INFO] 2025-12-18 11:28:16,474: +PUB [/xtion/depth_registered/points] /gazebo http://127.0.0.1:43063/
[rosmaster.master][INFO] 2025-12-18 11:28:16,474: +PUB [/xtion/depth_registered/image_raw] /gazebo http://127.0.0.1:43063/
[rosmaster.master][INFO] 2025-12-18 11:28:16,475: +PUB [/xtion/depth_registered/camera_info] /gazebo http://127.0.0.1:43063/
[rosmaster.master][INFO] 2025-12-18 11:28:16,528: +SERVICE [/gains/torso_lift_joint/set_parameters] /gazebo http://127.0.0.1:43063/
[rosmaster.master][INFO] 2025-12-18 11:28:16,528: +PUB [/gains/torso_lift_joint/parameter_descriptions] /gazebo http://127.0.0.1:43063/
[rosmaster.master][INFO] 2025-12-18 11:28:16,529: +PUB [/gains/torso_lift_joint/parameter_updates] /gazebo http://127.0.0.1:43063/
[rosmaster.master][INFO] 2025-12-18 11:28:16,532: +PARAM [/gains/torso_lift_joint/p] by /gazebo
[rosmaster.master][INFO] 2025-12-18 11:28:16,532: +PARAM [/gains/torso_lift_joint/i] by /gazebo
[rosmaster.master][INFO] 2025-12-18 11:28:16,532: +PARAM [/gains/torso_lift_joint/d] by /gazebo
[rosmaster.master][INFO] 2025-12-18 11:28:16,533: +PARAM [/gains/torso_lift_joint/i_clamp_min] by /gazebo
[rosmaster.master][INFO] 2025-12-18 11:28:16,533: +PARAM [/gains/torso_lift_joint/i_clamp_max] by /gazebo
[rosmaster.master][INFO] 2025-12-18 11:28:16,534: +PARAM [/gains/torso_lift_joint/antiwindup] by /gazebo
[rosmaster.master][INFO] 2025-12-18 11:28:16,535: +PARAM [/gains/torso_lift_joint/p] by /gazebo
[rosmaster.master][INFO] 2025-12-18 11:28:16,535: +PARAM [/gains/torso_lift_joint/i] by /gazebo
[rosmaster.master][INFO] 2025-12-18 11:28:16,536: +PARAM [/gains/torso_lift_joint/d] by /gazebo
[rosmaster.master][INFO] 2025-12-18 11:28:16,536: +PARAM [/gains/torso_lift_joint/i_clamp_min] by /gazebo
[rosmaster.master][INFO] 2025-12-18 11:28:16,536: +PARAM [/gains/torso_lift_joint/i_clamp_max] by /gazebo
[rosmaster.master][INFO] 2025-12-18 11:28:16,537: +PARAM [/gains/torso_lift_joint/antiwindup] by /gazebo
[rosmaster.master][INFO] 2025-12-18 11:28:16,538: +PARAM [/gains/torso_lift_joint/p] by /gazebo
[rosmaster.master][INFO] 2025-12-18 11:28:16,538: +PARAM [/gains/torso_lift_joint/i] by /gazebo
[rosmaster.master][INFO] 2025-12-18 11:28:16,539: +PARAM [/gains/torso_lift_joint/d] by /gazebo
[rosmaster.master][INFO] 2025-12-18 11:28:16,539: +PARAM [/gains/torso_lift_joint/i_clamp_min] by /gazebo
[rosmaster.master][INFO] 2025-12-18 11:28:16,540: +PARAM [/gains/torso_lift_joint/i_clamp_max] by /gazebo
[rosmaster.master][INFO] 2025-12-18 11:28:16,540: +PARAM [/gains/torso_lift_joint/antiwindup] by /gazebo
[rosmaster.master][INFO] 2025-12-18 11:28:16,541: +PARAM [/gains/torso_lift_joint/p] by /gazebo
[rosmaster.master][INFO] 2025-12-18 11:28:16,541: +PARAM [/gains/torso_lift_joint/i] by /gazebo
[rosmaster.master][INFO] 2025-12-18 11:28:16,541: +PARAM [/gains/torso_lift_joint/d] by /gazebo
[rosmaster.master][INFO] 2025-12-18 11:28:16,542: +PARAM [/gains/torso_lift_joint/i_clamp_min] by /gazebo
[rosmaster.master][INFO] 2025-12-18 11:28:16,542: +PARAM [/gains/torso_lift_joint/i_clamp_max] by /gazebo
[rosmaster.master][INFO] 2025-12-18 11:28:16,543: +PARAM [/gains/torso_lift_joint/antiwindup] by /gazebo
[rosmaster.master][INFO] 2025-12-18 11:28:16,549: +SERVICE [/gains/head_1_joint/set_parameters] /gazebo http://127.0.0.1:43063/
[rosmaster.master][INFO] 2025-12-18 11:28:16,549: +PUB [/gains/head_1_joint/parameter_descriptions] /gazebo http://127.0.0.1:43063/
[rosmaster.master][INFO] 2025-12-18 11:28:16,550: +PUB [/gains/head_1_joint/parameter_updates] /gazebo http://127.0.0.1:43063/
[rosmaster.master][INFO] 2025-12-18 11:28:16,553: +PARAM [/gains/head_1_joint/p] by /gazebo
[rosmaster.master][INFO] 2025-12-18 11:28:16,553: +PARAM [/gains/head_1_joint/i] by /gazebo
[rosmaster.master][INFO] 2025-12-18 11:28:16,554: +PARAM [/gains/head_1_joint/d] by /gazebo
[rosmaster.master][INFO] 2025-12-18 11:28:16,554: +PARAM [/gains/head_1_joint/i_clamp_min] by /gazebo
[rosmaster.master][INFO] 2025-12-18 11:28:16,555: +PARAM [/gains/head_1_joint/i_clamp_max] by /gazebo
[rosmaster.master][INFO] 2025-12-18 11:28:16,555: +PARAM [/gains/head_1_joint/antiwindup] by /gazebo
[rosmaster.master][INFO] 2025-12-18 11:28:16,556: +PARAM [/gains/head_1_joint/p] by /gazebo
[rosmaster.master][INFO] 2025-12-18 11:28:16,556: +PARAM [/gains/head_1_joint/i] by /gazebo
[rosmaster.master][INFO] 2025-12-18 11:28:16,557: +PARAM [/gains/head_1_joint/d] by /gazebo
[rosmaster.master][INFO] 2025-12-18 11:28:16,558: +PARAM [/gains/head_1_joint/i_clamp_min] by /gazebo
[rosmaster.master][INFO] 2025-12-18 11:28:16,558: +PARAM [/gains/head_1_joint/i_clamp_max] by /gazebo
[rosmaster.master][INFO] 2025-12-18 11:28:16,559: +PARAM [/gains/head_1_joint/antiwindup] by /gazebo
[rosmaster.master][INFO] 2025-12-18 11:28:16,559: +PARAM [/gains/head_1_joint/p] by /gazebo
[rosmaster.master][INFO] 2025-12-18 11:28:16,560: +PARAM [/gains/head_1_joint/i] by /gazebo
[rosmaster.master][INFO] 2025-12-18 11:28:16,560: +PARAM [/gains/head_1_joint/d] by /gazebo
[rosmaster.master][INFO] 2025-12-18 11:28:16,560: +PARAM [/gains/head_1_joint/i_clamp_min] by /gazebo
[rosmaster.master][INFO] 2025-12-18 11:28:16,561: +PARAM [/gains/head_1_joint/i_clamp_max] by /gazebo
[rosmaster.master][INFO] 2025-12-18 11:28:16,561: +PARAM [/gains/head_1_joint/antiwindup] by /gazebo
[rosmaster.master][INFO] 2025-12-18 11:28:16,562: +PARAM [/gains/head_1_joint/p] by /gazebo
[rosmaster.master][INFO] 2025-12-18 11:28:16,563: +PARAM [/gains/head_1_joint/i] by /gazebo
[rosmaster.master][INFO] 2025-12-18 11:28:16,564: +PARAM [/gains/head_1_joint/d] by /gazebo
[rosmaster.master][INFO] 2025-12-18 11:28:16,565: +PARAM [/gains/head_1_joint/i_clamp_min] by /gazebo
[rosmaster.master][INFO] 2025-12-18 11:28:16,565: +PARAM [/gains/head_1_joint/i_clamp_max] by /gazebo
[rosmaster.master][INFO] 2025-12-18 11:28:16,566: +PARAM [/gains/head_1_joint/antiwindup] by /gazebo
[rosmaster.master][INFO] 2025-12-18 11:28:16,570: +SERVICE [/gains/head_2_joint/set_parameters] /gazebo http://127.0.0.1:43063/
[rosmaster.master][INFO] 2025-12-18 11:28:16,571: +PUB [/gains/head_2_joint/parameter_descriptions] /gazebo http://127.0.0.1:43063/
[rosmaster.master][INFO] 2025-12-18 11:28:16,572: +PUB [/gains/head_2_joint/parameter_updates] /gazebo http://127.0.0.1:43063/
[rosmaster.master][INFO] 2025-12-18 11:28:16,575: +PARAM [/gains/head_2_joint/p] by /gazebo
[rosmaster.master][INFO] 2025-12-18 11:28:16,576: +PARAM [/gains/head_2_joint/i] by /gazebo
[rosmaster.master][INFO] 2025-12-18 11:28:16,577: +PARAM [/gains/head_2_joint/d] by /gazebo
[rosmaster.master][INFO] 2025-12-18 11:28:16,577: +PARAM [/gains/head_2_joint/i_clamp_min] by /gazebo
[rosmaster.master][INFO] 2025-12-18 11:28:16,578: +PARAM [/gains/head_2_joint/i_clamp_max] by /gazebo
[rosmaster.master][INFO] 2025-12-18 11:28:16,579: +PARAM [/gains/head_2_joint/antiwindup] by /gazebo
[rosmaster.master][INFO] 2025-12-18 11:28:16,579: +PARAM [/gains/head_2_joint/p] by /gazebo
[rosmaster.master][INFO] 2025-12-18 11:28:16,580: +PARAM [/gains/head_2_joint/i] by /gazebo
[rosmaster.master][INFO] 2025-12-18 11:28:16,581: +PARAM [/gains/head_2_joint/d] by /gazebo
[rosmaster.master][INFO] 2025-12-18 11:28:16,581: +PARAM [/gains/head_2_joint/i_clamp_min] by /gazebo
[rosmaster.master][INFO] 2025-12-18 11:28:16,582: +PARAM [/gains/head_2_joint/i_clamp_max] by /gazebo
[rosmaster.master][INFO] 2025-12-18 11:28:16,583: +PARAM [/gains/head_2_joint/antiwindup] by /gazebo
[rosmaster.master][INFO] 2025-12-18 11:28:16,583: +PARAM [/gains/head_2_joint/p] by /gazebo
[rosmaster.master][INFO] 2025-12-18 11:28:16,584: +PARAM [/gains/head_2_joint/i] by /gazebo
[rosmaster.master][INFO] 2025-12-18 11:28:16,584: +PARAM [/gains/head_2_joint/d] by /gazebo
[rosmaster.master][INFO] 2025-12-18 11:28:16,585: +PARAM [/gains/head_2_joint/i_clamp_min] by /gazebo
[rosmaster.master][INFO] 2025-12-18 11:28:16,586: +PARAM [/gains/head_2_joint/i_clamp_max] by /gazebo
[rosmaster.master][INFO] 2025-12-18 11:28:16,586: +PARAM [/gains/head_2_joint/antiwindup] by /gazebo
[rosmaster.master][INFO] 2025-12-18 11:28:16,587: +PARAM [/gains/head_2_joint/p] by /gazebo
[rosmaster.master][INFO] 2025-12-18 11:28:16,587: +PARAM [/gains/head_2_joint/i] by /gazebo
[rosmaster.master][INFO] 2025-12-18 11:28:16,588: +PARAM [/gains/head_2_joint/d] by /gazebo
[rosmaster.master][INFO] 2025-12-18 11:28:16,588: +PARAM [/gains/head_2_joint/i_clamp_min] by /gazebo
[rosmaster.master][INFO] 2025-12-18 11:28:16,589: +PARAM [/gains/head_2_joint/i_clamp_max] by /gazebo
[rosmaster.master][INFO] 2025-12-18 11:28:16,589: +PARAM [/gains/head_2_joint/antiwindup] by /gazebo
[rosmaster.master][INFO] 2025-12-18 11:28:16,594: +SERVICE [/gains/arm_5_joint/set_parameters] /gazebo http://127.0.0.1:43063/
[rosmaster.master][INFO] 2025-12-18 11:28:16,595: +PUB [/gains/arm_5_joint/parameter_descriptions] /gazebo http://127.0.0.1:43063/
[rosmaster.master][INFO] 2025-12-18 11:28:16,595: +PUB [/gains/arm_5_joint/parameter_updates] /gazebo http://127.0.0.1:43063/
[rosmaster.master][INFO] 2025-12-18 11:28:16,598: +PARAM [/gains/arm_5_joint/p] by /gazebo
[rosmaster.master][INFO] 2025-12-18 11:28:16,598: +PARAM [/gains/arm_5_joint/i] by /gazebo
[rosmaster.master][INFO] 2025-12-18 11:28:16,599: +PARAM [/gains/arm_5_joint/d] by /gazebo
[rosmaster.master][INFO] 2025-12-18 11:28:16,600: +PARAM [/gains/arm_5_joint/i_clamp_min] by /gazebo
[rosmaster.master][INFO] 2025-12-18 11:28:16,600: +PARAM [/gains/arm_5_joint/i_clamp_max] by /gazebo
[rosmaster.master][INFO] 2025-12-18 11:28:16,601: +PARAM [/gains/arm_5_joint/antiwindup] by /gazebo
[rosmaster.master][INFO] 2025-12-18 11:28:16,601: +PARAM [/gains/arm_5_joint/p] by /gazebo
[rosmaster.master][INFO] 2025-12-18 11:28:16,602: +PARAM [/gains/arm_5_joint/i] by /gazebo
[rosmaster.master][INFO] 2025-12-18 11:28:16,602: +PARAM [/gains/arm_5_joint/d] by /gazebo
[rosmaster.master][INFO] 2025-12-18 11:28:16,603: +PARAM [/gains/arm_5_joint/i_clamp_min] by /gazebo
[rosmaster.master][INFO] 2025-12-18 11:28:16,604: +PARAM [/gains/arm_5_joint/i_clamp_max] by /gazebo
[rosmaster.master][INFO] 2025-12-18 11:28:16,604: +PARAM [/gains/arm_5_joint/antiwindup] by /gazebo
[rosmaster.master][INFO] 2025-12-18 11:28:16,605: +PARAM [/gains/arm_5_joint/p] by /gazebo
[rosmaster.master][INFO] 2025-12-18 11:28:16,606: +PARAM [/gains/arm_5_joint/i] by /gazebo
[rosmaster.master][INFO] 2025-12-18 11:28:16,606: +PARAM [/gains/arm_5_joint/d] by /gazebo
[rosmaster.master][INFO] 2025-12-18 11:28:16,607: +PARAM [/gains/arm_5_joint/i_clamp_min] by /gazebo
[rosmaster.master][INFO] 2025-12-18 11:28:16,607: +PARAM [/gains/arm_5_joint/i_clamp_max] by /gazebo
[rosmaster.master][INFO] 2025-12-18 11:28:16,608: +PARAM [/gains/arm_5_joint/antiwindup] by /gazebo
[rosmaster.master][INFO] 2025-12-18 11:28:16,608: +PARAM [/gains/arm_5_joint/p] by /gazebo
[rosmaster.master][INFO] 2025-12-18 11:28:16,609: +PARAM [/gains/arm_5_joint/i] by /gazebo
[rosmaster.master][INFO] 2025-12-18 11:28:16,609: +PARAM [/gains/arm_5_joint/d] by /gazebo
[rosmaster.master][INFO] 2025-12-18 11:28:16,609: +PARAM [/gains/arm_5_joint/i_clamp_min] by /gazebo
[rosmaster.master][INFO] 2025-12-18 11:28:16,610: +PARAM [/gains/arm_5_joint/i_clamp_max] by /gazebo
[rosmaster.master][INFO] 2025-12-18 11:28:16,610: +PARAM [/gains/arm_5_joint/antiwindup] by /gazebo
[rosmaster.master][INFO] 2025-12-18 11:28:16,618: +SERVICE [/gains/arm_6_joint/set_parameters] /gazebo http://127.0.0.1:43063/
[rosmaster.master][INFO] 2025-12-18 11:28:16,619: +PUB [/gains/arm_6_joint/parameter_descriptions] /gazebo http://127.0.0.1:43063/
[rosmaster.master][INFO] 2025-12-18 11:28:16,620: +PUB [/gains/arm_6_joint/parameter_updates] /gazebo http://127.0.0.1:43063/
[rosmaster.master][INFO] 2025-12-18 11:28:16,623: +PARAM [/gains/arm_6_joint/p] by /gazebo
[rosmaster.master][INFO] 2025-12-18 11:28:16,624: +PARAM [/gains/arm_6_joint/i] by /gazebo
[rosmaster.master][INFO] 2025-12-18 11:28:16,624: +PARAM [/gains/arm_6_joint/d] by /gazebo
[rosmaster.master][INFO] 2025-12-18 11:28:16,625: +PARAM [/gains/arm_6_joint/i_clamp_min] by /gazebo
[rosmaster.master][INFO] 2025-12-18 11:28:16,625: +PARAM [/gains/arm_6_joint/i_clamp_max] by /gazebo
[rosmaster.master][INFO] 2025-12-18 11:28:16,626: +PARAM [/gains/arm_6_joint/antiwindup] by /gazebo
[rosmaster.master][INFO] 2025-12-18 11:28:16,626: +PARAM [/gains/arm_6_joint/p] by /gazebo
[rosmaster.master][INFO] 2025-12-18 11:28:16,627: +PARAM [/gains/arm_6_joint/i] by /gazebo
[rosmaster.master][INFO] 2025-12-18 11:28:16,628: +PARAM [/gains/arm_6_joint/d] by /gazebo
[rosmaster.master][INFO] 2025-12-18 11:28:16,628: +PARAM [/gains/arm_6_joint/i_clamp_min] by /gazebo
[rosmaster.master][INFO] 2025-12-18 11:28:16,629: +PARAM [/gains/arm_6_joint/i_clamp_max] by /gazebo
[rosmaster.master][INFO] 2025-12-18 11:28:16,629: +PARAM [/gains/arm_6_joint/antiwindup] by /gazebo
[rosmaster.master][INFO] 2025-12-18 11:28:16,630: +PARAM [/gains/arm_6_joint/p] by /gazebo
[rosmaster.master][INFO] 2025-12-18 11:28:16,630: +PARAM [/gains/arm_6_joint/i] by /gazebo
[rosmaster.master][INFO] 2025-12-18 11:28:16,631: +PARAM [/gains/arm_6_joint/d] by /gazebo
[rosmaster.master][INFO] 2025-12-18 11:28:16,632: +PARAM [/gains/arm_6_joint/i_clamp_min] by /gazebo
[rosmaster.master][INFO] 2025-12-18 11:28:16,632: +PARAM [/gains/arm_6_joint/i_clamp_max] by /gazebo
[rosmaster.master][INFO] 2025-12-18 11:28:16,633: +PARAM [/gains/arm_6_joint/antiwindup] by /gazebo
[rosmaster.master][INFO] 2025-12-18 11:28:16,633: +PARAM [/gains/arm_6_joint/p] by /gazebo
[rosmaster.master][INFO] 2025-12-18 11:28:16,634: +PARAM [/gains/arm_6_joint/i] by /gazebo
[rosmaster.master][INFO] 2025-12-18 11:28:16,634: +PARAM [/gains/arm_6_joint/d] by /gazebo
[rosmaster.master][INFO] 2025-12-18 11:28:16,635: +PARAM [/gains/arm_6_joint/i_clamp_min] by /gazebo
[rosmaster.master][INFO] 2025-12-18 11:28:16,635: +PARAM [/gains/arm_6_joint/i_clamp_max] by /gazebo
[rosmaster.master][INFO] 2025-12-18 11:28:16,636: +PARAM [/gains/arm_6_joint/antiwindup] by /gazebo
[rosmaster.master][INFO] 2025-12-18 11:28:16,640: +SERVICE [/gains/arm_7_joint/set_parameters] /gazebo http://127.0.0.1:43063/
[rosmaster.master][INFO] 2025-12-18 11:28:16,641: +PUB [/gains/arm_7_joint/parameter_descriptions] /gazebo http://127.0.0.1:43063/
[rosmaster.master][INFO] 2025-12-18 11:28:16,642: +PUB [/gains/arm_7_joint/parameter_updates] /gazebo http://127.0.0.1:43063/
[rosmaster.master][INFO] 2025-12-18 11:28:16,645: +PARAM [/gains/arm_7_joint/p] by /gazebo
[rosmaster.master][INFO] 2025-12-18 11:28:16,645: +PARAM [/gains/arm_7_joint/i] by /gazebo
[rosmaster.master][INFO] 2025-12-18 11:28:16,646: +PARAM [/gains/arm_7_joint/d] by /gazebo
[rosmaster.master][INFO] 2025-12-18 11:28:16,646: +PARAM [/gains/arm_7_joint/i_clamp_min] by /gazebo
[rosmaster.master][INFO] 2025-12-18 11:28:16,647: +PARAM [/gains/arm_7_joint/i_clamp_max] by /gazebo
[rosmaster.master][INFO] 2025-12-18 11:28:16,647: +PARAM [/gains/arm_7_joint/antiwindup] by /gazebo
[rosmaster.master][INFO] 2025-12-18 11:28:16,648: +PARAM [/gains/arm_7_joint/p] by /gazebo
[rosmaster.master][INFO] 2025-12-18 11:28:16,649: +PARAM [/gains/arm_7_joint/i] by /gazebo
[rosmaster.master][INFO] 2025-12-18 11:28:16,649: +PARAM [/gains/arm_7_joint/d] by /gazebo
[rosmaster.master][INFO] 2025-12-18 11:28:16,649: +PARAM [/gains/arm_7_joint/i_clamp_min] by /gazebo
[rosmaster.master][INFO] 2025-12-18 11:28:16,650: +PARAM [/gains/arm_7_joint/i_clamp_max] by /gazebo
[rosmaster.master][INFO] 2025-12-18 11:28:16,650: +PARAM [/gains/arm_7_joint/antiwindup] by /gazebo
[rosmaster.master][INFO] 2025-12-18 11:28:16,651: +PARAM [/gains/arm_7_joint/p] by /gazebo
[rosmaster.master][INFO] 2025-12-18 11:28:16,652: +PARAM [/gains/arm_7_joint/i] by /gazebo
[rosmaster.master][INFO] 2025-12-18 11:28:16,652: +PARAM [/gains/arm_7_joint/d] by /gazebo
[rosmaster.master][INFO] 2025-12-18 11:28:16,653: +PARAM [/gains/arm_7_joint/i_clamp_min] by /gazebo
[rosmaster.master][INFO] 2025-12-18 11:28:16,653: +PARAM [/gains/arm_7_joint/i_clamp_max] by /gazebo
[rosmaster.master][INFO] 2025-12-18 11:28:16,653: +PARAM [/gains/arm_7_joint/antiwindup] by /gazebo
[rosmaster.master][INFO] 2025-12-18 11:28:16,654: +PARAM [/gains/arm_7_joint/p] by /gazebo
[rosmaster.master][INFO] 2025-12-18 11:28:16,654: +PARAM [/gains/arm_7_joint/i] by /gazebo
[rosmaster.master][INFO] 2025-12-18 11:28:16,655: +PARAM [/gains/arm_7_joint/d] by /gazebo
[rosmaster.master][INFO] 2025-12-18 11:28:16,656: +PARAM [/gains/arm_7_joint/i_clamp_min] by /gazebo
[rosmaster.master][INFO] 2025-12-18 11:28:16,656: +PARAM [/gains/arm_7_joint/i_clamp_max] by /gazebo
[rosmaster.master][INFO] 2025-12-18 11:28:16,657: +PARAM [/gains/arm_7_joint/antiwindup] by /gazebo
[rosmaster.master][INFO] 2025-12-18 11:28:16,662: +SERVICE [/gains/arm_1_joint/set_parameters] /gazebo http://127.0.0.1:43063/
[rosmaster.master][INFO] 2025-12-18 11:28:16,662: +PUB [/gains/arm_1_joint/parameter_descriptions] /gazebo http://127.0.0.1:43063/
[rosmaster.master][INFO] 2025-12-18 11:28:16,663: +PUB [/gains/arm_1_joint/parameter_updates] /gazebo http://127.0.0.1:43063/
[rosmaster.master][INFO] 2025-12-18 11:28:16,665: +PARAM [/gains/arm_1_joint/p] by /gazebo
[rosmaster.master][INFO] 2025-12-18 11:28:16,666: +PARAM [/gains/arm_1_joint/i] by /gazebo
[rosmaster.master][INFO] 2025-12-18 11:28:16,666: +PARAM [/gains/arm_1_joint/d] by /gazebo
[rosmaster.master][INFO] 2025-12-18 11:28:16,667: +PARAM [/gains/arm_1_joint/i_clamp_min] by /gazebo
[rosmaster.master][INFO] 2025-12-18 11:28:16,667: +PARAM [/gains/arm_1_joint/i_clamp_max] by /gazebo
[rosmaster.master][INFO] 2025-12-18 11:28:16,668: +PARAM [/gains/arm_1_joint/antiwindup] by /gazebo
[rosmaster.master][INFO] 2025-12-18 11:28:16,668: +PARAM [/gains/arm_1_joint/p] by /gazebo
[rosmaster.master][INFO] 2025-12-18 11:28:16,669: +PARAM [/gains/arm_1_joint/i] by /gazebo
[rosmaster.master][INFO] 2025-12-18 11:28:16,670: +PARAM [/gains/arm_1_joint/d] by /gazebo
[rosmaster.master][INFO] 2025-12-18 11:28:16,670: +PARAM [/gains/arm_1_joint/i_clamp_min] by /gazebo
[rosmaster.master][INFO] 2025-12-18 11:28:16,671: +PARAM [/gains/arm_1_joint/i_clamp_max] by /gazebo
[rosmaster.master][INFO] 2025-12-18 11:28:16,672: +PARAM [/gains/arm_1_joint/antiwindup] by /gazebo
[rosmaster.master][INFO] 2025-12-18 11:28:16,672: +PARAM [/gains/arm_1_joint/p] by /gazebo
[rosmaster.master][INFO] 2025-12-18 11:28:16,673: +PARAM [/gains/arm_1_joint/i] by /gazebo
[rosmaster.master][INFO] 2025-12-18 11:28:16,673: +PARAM [/gains/arm_1_joint/d] by /gazebo
[rosmaster.master][INFO] 2025-12-18 11:28:16,674: +PARAM [/gains/arm_1_joint/i_clamp_min] by /gazebo
[rosmaster.master][INFO] 2025-12-18 11:28:16,674: +PARAM [/gains/arm_1_joint/i_clamp_max] by /gazebo
[rosmaster.master][INFO] 2025-12-18 11:28:16,675: +PARAM [/gains/arm_1_joint/antiwindup] by /gazebo
[rosmaster.master][INFO] 2025-12-18 11:28:16,675: +PARAM [/gains/arm_1_joint/p] by /gazebo
[rosmaster.master][INFO] 2025-12-18 11:28:16,676: +PARAM [/gains/arm_1_joint/i] by /gazebo
[rosmaster.master][INFO] 2025-12-18 11:28:16,676: +PARAM [/gains/arm_1_joint/d] by /gazebo
[rosmaster.master][INFO] 2025-12-18 11:28:16,677: +PARAM [/gains/arm_1_joint/i_clamp_min] by /gazebo
[rosmaster.master][INFO] 2025-12-18 11:28:16,677: +PARAM [/gains/arm_1_joint/i_clamp_max] by /gazebo
[rosmaster.master][INFO] 2025-12-18 11:28:16,678: +PARAM [/gains/arm_1_joint/antiwindup] by /gazebo
[rosmaster.master][INFO] 2025-12-18 11:28:16,683: +SERVICE [/gains/arm_2_joint/set_parameters] /gazebo http://127.0.0.1:43063/
[rosmaster.master][INFO] 2025-12-18 11:28:16,683: +PUB [/gains/arm_2_joint/parameter_descriptions] /gazebo http://127.0.0.1:43063/
[rosmaster.master][INFO] 2025-12-18 11:28:16,684: +PUB [/gains/arm_2_joint/parameter_updates] /gazebo http://127.0.0.1:43063/
[rosmaster.master][INFO] 2025-12-18 11:28:16,687: +PARAM [/gains/arm_2_joint/p] by /gazebo
[rosmaster.master][INFO] 2025-12-18 11:28:16,687: +PARAM [/gains/arm_2_joint/i] by /gazebo
[rosmaster.master][INFO] 2025-12-18 11:28:16,688: +PARAM [/gains/arm_2_joint/d] by /gazebo
[rosmaster.master][INFO] 2025-12-18 11:28:16,688: +PARAM [/gains/arm_2_joint/i_clamp_min] by /gazebo
[rosmaster.master][INFO] 2025-12-18 11:28:16,689: +PARAM [/gains/arm_2_joint/i_clamp_max] by /gazebo
[rosmaster.master][INFO] 2025-12-18 11:28:16,689: +PARAM [/gains/arm_2_joint/antiwindup] by /gazebo
[rosmaster.master][INFO] 2025-12-18 11:28:16,690: +PARAM [/gains/arm_2_joint/p] by /gazebo
[rosmaster.master][INFO] 2025-12-18 11:28:16,690: +PARAM [/gains/arm_2_joint/i] by /gazebo
[rosmaster.master][INFO] 2025-12-18 11:28:16,691: +PARAM [/gains/arm_2_joint/d] by /gazebo
[rosmaster.master][INFO] 2025-12-18 11:28:16,691: +PARAM [/gains/arm_2_joint/i_clamp_min] by /gazebo
[rosmaster.master][INFO] 2025-12-18 11:28:16,692: +PARAM [/gains/arm_2_joint/i_clamp_max] by /gazebo
[rosmaster.master][INFO] 2025-12-18 11:28:16,692: +PARAM [/gains/arm_2_joint/antiwindup] by /gazebo
[rosmaster.master][INFO] 2025-12-18 11:28:16,693: +PARAM [/gains/arm_2_joint/p] by /gazebo
[rosmaster.master][INFO] 2025-12-18 11:28:16,693: +PARAM [/gains/arm_2_joint/i] by /gazebo
[rosmaster.master][INFO] 2025-12-18 11:28:16,694: +PARAM [/gains/arm_2_joint/d] by /gazebo
[rosmaster.master][INFO] 2025-12-18 11:28:16,694: +PARAM [/gains/arm_2_joint/i_clamp_min] by /gazebo
[rosmaster.master][INFO] 2025-12-18 11:28:16,695: +PARAM [/gains/arm_2_joint/i_clamp_max] by /gazebo
[rosmaster.master][INFO] 2025-12-18 11:28:16,695: +PARAM [/gains/arm_2_joint/antiwindup] by /gazebo
[rosmaster.master][INFO] 2025-12-18 11:28:16,695: +PARAM [/gains/arm_2_joint/p] by /gazebo
[rosmaster.master][INFO] 2025-12-18 11:28:16,696: +PARAM [/gains/arm_2_joint/i] by /gazebo
[rosmaster.master][INFO] 2025-12-18 11:28:16,696: +PARAM [/gains/arm_2_joint/d] by /gazebo
[rosmaster.master][INFO] 2025-12-18 11:28:16,697: +PARAM [/gains/arm_2_joint/i_clamp_min] by /gazebo
[rosmaster.master][INFO] 2025-12-18 11:28:16,697: +PARAM [/gains/arm_2_joint/i_clamp_max] by /gazebo
[rosmaster.master][INFO] 2025-12-18 11:28:16,698: +PARAM [/gains/arm_2_joint/antiwindup] by /gazebo
[rosmaster.master][INFO] 2025-12-18 11:28:16,702: +SERVICE [/gains/arm_3_joint/set_parameters] /gazebo http://127.0.0.1:43063/
[rosmaster.master][INFO] 2025-12-18 11:28:16,703: +PUB [/gains/arm_3_joint/parameter_descriptions] /gazebo http://127.0.0.1:43063/
[rosmaster.master][INFO] 2025-12-18 11:28:16,704: +PUB [/gains/arm_3_joint/parameter_updates] /gazebo http://127.0.0.1:43063/
[rosmaster.master][INFO] 2025-12-18 11:28:16,707: +PARAM [/gains/arm_3_joint/p] by /gazebo
[rosmaster.master][INFO] 2025-12-18 11:28:16,707: +PARAM [/gains/arm_3_joint/i] by /gazebo
[rosmaster.master][INFO] 2025-12-18 11:28:16,707: +PARAM [/gains/arm_3_joint/d] by /gazebo
[rosmaster.master][INFO] 2025-12-18 11:28:16,708: +PARAM [/gains/arm_3_joint/i_clamp_min] by /gazebo
[rosmaster.master][INFO] 2025-12-18 11:28:16,708: +PARAM [/gains/arm_3_joint/i_clamp_max] by /gazebo
[rosmaster.master][INFO] 2025-12-18 11:28:16,709: +PARAM [/gains/arm_3_joint/antiwindup] by /gazebo
[rosmaster.master][INFO] 2025-12-18 11:28:16,709: +PARAM [/gains/arm_3_joint/p] by /gazebo
[rosmaster.master][INFO] 2025-12-18 11:28:16,710: +PARAM [/gains/arm_3_joint/i] by /gazebo
[rosmaster.master][INFO] 2025-12-18 11:28:16,710: +PARAM [/gains/arm_3_joint/d] by /gazebo
[rosmaster.master][INFO] 2025-12-18 11:28:16,711: +PARAM [/gains/arm_3_joint/i_clamp_min] by /gazebo
[rosmaster.master][INFO] 2025-12-18 11:28:16,711: +PARAM [/gains/arm_3_joint/i_clamp_max] by /gazebo
[rosmaster.master][INFO] 2025-12-18 11:28:16,712: +PARAM [/gains/arm_3_joint/antiwindup] by /gazebo
[rosmaster.master][INFO] 2025-12-18 11:28:16,713: +PARAM [/gains/arm_3_joint/p] by /gazebo
[rosmaster.master][INFO] 2025-12-18 11:28:16,713: +PARAM [/gains/arm_3_joint/i] by /gazebo
[rosmaster.master][INFO] 2025-12-18 11:28:16,713: +PARAM [/gains/arm_3_joint/d] by /gazebo
[rosmaster.master][INFO] 2025-12-18 11:28:16,714: +PARAM [/gains/arm_3_joint/i_clamp_min] by /gazebo
[rosmaster.master][INFO] 2025-12-18 11:28:16,714: +PARAM [/gains/arm_3_joint/i_clamp_max] by /gazebo
[rosmaster.master][INFO] 2025-12-18 11:28:16,715: +PARAM [/gains/arm_3_joint/antiwindup] by /gazebo
[rosmaster.master][INFO] 2025-12-18 11:28:16,715: +PARAM [/gains/arm_3_joint/p] by /gazebo
[rosmaster.master][INFO] 2025-12-18 11:28:16,716: +PARAM [/gains/arm_3_joint/i] by /gazebo
[rosmaster.master][INFO] 2025-12-18 11:28:16,716: +PARAM [/gains/arm_3_joint/d] by /gazebo
[rosmaster.master][INFO] 2025-12-18 11:28:16,717: +PARAM [/gains/arm_3_joint/i_clamp_min] by /gazebo
[rosmaster.master][INFO] 2025-12-18 11:28:16,717: +PARAM [/gains/arm_3_joint/i_clamp_max] by /gazebo
[rosmaster.master][INFO] 2025-12-18 11:28:16,718: +PARAM [/gains/arm_3_joint/antiwindup] by /gazebo
[rosmaster.master][INFO] 2025-12-18 11:28:16,722: +SERVICE [/gains/arm_4_joint/set_parameters] /gazebo http://127.0.0.1:43063/
[rosmaster.master][INFO] 2025-12-18 11:28:16,723: +PUB [/gains/arm_4_joint/parameter_descriptions] /gazebo http://127.0.0.1:43063/
[rosmaster.master][INFO] 2025-12-18 11:28:16,723: +PUB [/gains/arm_4_joint/parameter_updates] /gazebo http://127.0.0.1:43063/
[rosmaster.master][INFO] 2025-12-18 11:28:16,726: +PARAM [/gains/arm_4_joint/p] by /gazebo
[rosmaster.master][INFO] 2025-12-18 11:28:16,726: +PARAM [/gains/arm_4_joint/i] by /gazebo
[rosmaster.master][INFO] 2025-12-18 11:28:16,727: +PARAM [/gains/arm_4_joint/d] by /gazebo
[rosmaster.master][INFO] 2025-12-18 11:28:16,727: +PARAM [/gains/arm_4_joint/i_clamp_min] by /gazebo
[rosmaster.master][INFO] 2025-12-18 11:28:16,728: +PARAM [/gains/arm_4_joint/i_clamp_max] by /gazebo
[rosmaster.master][INFO] 2025-12-18 11:28:16,728: +PARAM [/gains/arm_4_joint/antiwindup] by /gazebo
[rosmaster.master][INFO] 2025-12-18 11:28:16,729: +PARAM [/gains/arm_4_joint/p] by /gazebo
[rosmaster.master][INFO] 2025-12-18 11:28:16,729: +PARAM [/gains/arm_4_joint/i] by /gazebo
[rosmaster.master][INFO] 2025-12-18 11:28:16,729: +PARAM [/gains/arm_4_joint/d] by /gazebo
[rosmaster.master][INFO] 2025-12-18 11:28:16,730: +PARAM [/gains/arm_4_joint/i_clamp_min] by /gazebo
[rosmaster.master][INFO] 2025-12-18 11:28:16,730: +PARAM [/gains/arm_4_joint/i_clamp_max] by /gazebo
[rosmaster.master][INFO] 2025-12-18 11:28:16,731: +PARAM [/gains/arm_4_joint/antiwindup] by /gazebo
[rosmaster.master][INFO] 2025-12-18 11:28:16,731: +PARAM [/gains/arm_4_joint/p] by /gazebo
[rosmaster.master][INFO] 2025-12-18 11:28:16,732: +PARAM [/gains/arm_4_joint/i] by /gazebo
[rosmaster.master][INFO] 2025-12-18 11:28:16,732: +PARAM [/gains/arm_4_joint/d] by /gazebo
[rosmaster.master][INFO] 2025-12-18 11:28:16,733: +PARAM [/gains/arm_4_joint/i_clamp_min] by /gazebo
[rosmaster.master][INFO] 2025-12-18 11:28:16,733: +PARAM [/gains/arm_4_joint/i_clamp_max] by /gazebo
[rosmaster.master][INFO] 2025-12-18 11:28:16,733: +PARAM [/gains/arm_4_joint/antiwindup] by /gazebo
[rosmaster.master][INFO] 2025-12-18 11:28:16,734: +PARAM [/gains/arm_4_joint/p] by /gazebo
[rosmaster.master][INFO] 2025-12-18 11:28:16,734: +PARAM [/gains/arm_4_joint/i] by /gazebo
[rosmaster.master][INFO] 2025-12-18 11:28:16,735: +PARAM [/gains/arm_4_joint/d] by /gazebo
[rosmaster.master][INFO] 2025-12-18 11:28:16,735: +PARAM [/gains/arm_4_joint/i_clamp_min] by /gazebo
[rosmaster.master][INFO] 2025-12-18 11:28:16,736: +PARAM [/gains/arm_4_joint/i_clamp_max] by /gazebo
[rosmaster.master][INFO] 2025-12-18 11:28:16,736: +PARAM [/gains/arm_4_joint/antiwindup] by /gazebo
[rosmaster.master][INFO] 2025-12-18 11:28:16,741: +SERVICE [/gains/gripper_left_finger_joint/set_parameters] /gazebo http://127.0.0.1:43063/
[rosmaster.master][INFO] 2025-12-18 11:28:16,741: +PUB [/gains/gripper_left_finger_joint/parameter_descriptions] /gazebo http://127.0.0.1:43063/
[rosmaster.master][INFO] 2025-12-18 11:28:16,742: +PUB [/gains/gripper_left_finger_joint/parameter_updates] /gazebo http://127.0.0.1:43063/
[rosmaster.master][INFO] 2025-12-18 11:28:16,744: +PARAM [/gains/gripper_left_finger_joint/p] by /gazebo
[rosmaster.master][INFO] 2025-12-18 11:28:16,745: +PARAM [/gains/gripper_left_finger_joint/i] by /gazebo
[rosmaster.master][INFO] 2025-12-18 11:28:16,745: +PARAM [/gains/gripper_left_finger_joint/d] by /gazebo
[rosmaster.master][INFO] 2025-12-18 11:28:16,746: +PARAM [/gains/gripper_left_finger_joint/i_clamp_min] by /gazebo
[rosmaster.master][INFO] 2025-12-18 11:28:16,746: +PARAM [/gains/gripper_left_finger_joint/i_clamp_max] by /gazebo
[rosmaster.master][INFO] 2025-12-18 11:28:16,747: +PARAM [/gains/gripper_left_finger_joint/antiwindup] by /gazebo
[rosmaster.master][INFO] 2025-12-18 11:28:16,747: +PARAM [/gains/gripper_left_finger_joint/p] by /gazebo
[rosmaster.master][INFO] 2025-12-18 11:28:16,748: +PARAM [/gains/gripper_left_finger_joint/i] by /gazebo
[rosmaster.master][INFO] 2025-12-18 11:28:16,748: +PARAM [/gains/gripper_left_finger_joint/d] by /gazebo
[rosmaster.master][INFO] 2025-12-18 11:28:16,749: +PARAM [/gains/gripper_left_finger_joint/i_clamp_min] by /gazebo
[rosmaster.master][INFO] 2025-12-18 11:28:16,749: +PARAM [/gains/gripper_left_finger_joint/i_clamp_max] by /gazebo
[rosmaster.master][INFO] 2025-12-18 11:28:16,750: +PARAM [/gains/gripper_left_finger_joint/antiwindup] by /gazebo
[rosmaster.master][INFO] 2025-12-18 11:28:16,750: +PARAM [/gains/gripper_left_finger_joint/p] by /gazebo
[rosmaster.master][INFO] 2025-12-18 11:28:16,751: +PARAM [/gains/gripper_left_finger_joint/i] by /gazebo
[rosmaster.master][INFO] 2025-12-18 11:28:16,751: +PARAM [/gains/gripper_left_finger_joint/d] by /gazebo
[rosmaster.master][INFO] 2025-12-18 11:28:16,752: +PARAM [/gains/gripper_left_finger_joint/i_clamp_min] by /gazebo
[rosmaster.master][INFO] 2025-12-18 11:28:16,752: +PARAM [/gains/gripper_left_finger_joint/i_clamp_max] by /gazebo
[rosmaster.master][INFO] 2025-12-18 11:28:16,753: +PARAM [/gains/gripper_left_finger_joint/antiwindup] by /gazebo
[rosmaster.master][INFO] 2025-12-18 11:28:16,753: +PARAM [/gains/gripper_left_finger_joint/p] by /gazebo
[rosmaster.master][INFO] 2025-12-18 11:28:16,754: +PARAM [/gains/gripper_left_finger_joint/i] by /gazebo
[rosmaster.master][INFO] 2025-12-18 11:28:16,755: +PARAM [/gains/gripper_left_finger_joint/d] by /gazebo
[rosmaster.master][INFO] 2025-12-18 11:28:16,755: +PARAM [/gains/gripper_left_finger_joint/i_clamp_min] by /gazebo
[rosmaster.master][INFO] 2025-12-18 11:28:16,756: +PARAM [/gains/gripper_left_finger_joint/i_clamp_max] by /gazebo
[rosmaster.master][INFO] 2025-12-18 11:28:16,756: +PARAM [/gains/gripper_left_finger_joint/antiwindup] by /gazebo
[rosmaster.master][INFO] 2025-12-18 11:28:16,760: +SERVICE [/gains/gripper_right_finger_joint/set_parameters] /gazebo http://127.0.0.1:43063/
[rosmaster.master][INFO] 2025-12-18 11:28:16,761: +PUB [/gains/gripper_right_finger_joint/parameter_descriptions] /gazebo http://127.0.0.1:43063/
[rosmaster.master][INFO] 2025-12-18 11:28:16,761: +PUB [/gains/gripper_right_finger_joint/parameter_updates] /gazebo http://127.0.0.1:43063/
[rosmaster.master][INFO] 2025-12-18 11:28:16,764: +PARAM [/gains/gripper_right_finger_joint/p] by /gazebo
[rosmaster.master][INFO] 2025-12-18 11:28:16,764: +PARAM [/gains/gripper_right_finger_joint/i] by /gazebo
[rosmaster.master][INFO] 2025-12-18 11:28:16,765: +PARAM [/gains/gripper_right_finger_joint/d] by /gazebo
[rosmaster.master][INFO] 2025-12-18 11:28:16,765: +PARAM [/gains/gripper_right_finger_joint/i_clamp_min] by /gazebo
[rosmaster.master][INFO] 2025-12-18 11:28:16,766: +PARAM [/gains/gripper_right_finger_joint/i_clamp_max] by /gazebo
[rosmaster.master][INFO] 2025-12-18 11:28:16,766: +PARAM [/gains/gripper_right_finger_joint/antiwindup] by /gazebo
[rosmaster.master][INFO] 2025-12-18 11:28:16,767: +PARAM [/gains/gripper_right_finger_joint/p] by /gazebo
[rosmaster.master][INFO] 2025-12-18 11:28:16,767: +PARAM [/gains/gripper_right_finger_joint/i] by /gazebo
[rosmaster.master][INFO] 2025-12-18 11:28:16,767: +PARAM [/gains/gripper_right_finger_joint/d] by /gazebo
[rosmaster.master][INFO] 2025-12-18 11:28:16,768: +PARAM [/gains/gripper_right_finger_joint/i_clamp_min] by /gazebo
[rosmaster.master][INFO] 2025-12-18 11:28:16,768: +PARAM [/gains/gripper_right_finger_joint/i_clamp_max] by /gazebo
[rosmaster.master][INFO] 2025-12-18 11:28:16,769: +PARAM [/gains/gripper_right_finger_joint/antiwindup] by /gazebo
[rosmaster.master][INFO] 2025-12-18 11:28:16,770: +PARAM [/gains/gripper_right_finger_joint/p] by /gazebo
[rosmaster.master][INFO] 2025-12-18 11:28:16,771: +PARAM [/gains/gripper_right_finger_joint/i] by /gazebo
[rosmaster.master][INFO] 2025-12-18 11:28:16,771: +PARAM [/gains/gripper_right_finger_joint/d] by /gazebo
[rosmaster.master][INFO] 2025-12-18 11:28:16,772: +PARAM [/gains/gripper_right_finger_joint/i_clamp_min] by /gazebo
[rosmaster.master][INFO] 2025-12-18 11:28:16,772: +PARAM [/gains/gripper_right_finger_joint/i_clamp_max] by /gazebo
[rosmaster.master][INFO] 2025-12-18 11:28:16,773: +PARAM [/gains/gripper_right_finger_joint/antiwindup] by /gazebo
[rosmaster.master][INFO] 2025-12-18 11:28:16,773: +PARAM [/gains/gripper_right_finger_joint/p] by /gazebo
[rosmaster.master][INFO] 2025-12-18 11:28:16,773: +PARAM [/gains/gripper_right_finger_joint/i] by /gazebo
[rosmaster.master][INFO] 2025-12-18 11:28:16,774: +PARAM [/gains/gripper_right_finger_joint/d] by /gazebo
[rosmaster.master][INFO] 2025-12-18 11:28:16,774: +PARAM [/gains/gripper_right_finger_joint/i_clamp_min] by /gazebo
[rosmaster.master][INFO] 2025-12-18 11:28:16,775: +PARAM [/gains/gripper_right_finger_joint/i_clamp_max] by /gazebo
[rosmaster.master][INFO] 2025-12-18 11:28:16,775: +PARAM [/gains/gripper_right_finger_joint/antiwindup] by /gazebo
[rosmaster.master][INFO] 2025-12-18 11:28:16,792: +SERVICE [/controller_manager/list_controllers] /gazebo http://127.0.0.1:43063/
[rosmaster.master][INFO] 2025-12-18 11:28:16,793: +SERVICE [/controller_manager/list_controller_types] /gazebo http://127.0.0.1:43063/
[rosmaster.master][INFO] 2025-12-18 11:28:16,794: +SERVICE [/controller_manager/load_controller] /gazebo http://127.0.0.1:43063/
[rosmaster.master][INFO] 2025-12-18 11:28:16,794: +SERVICE [/controller_manager/unload_controller] /gazebo http://127.0.0.1:43063/
[rosmaster.master][INFO] 2025-12-18 11:28:16,795: +SERVICE [/controller_manager/switch_controller] /gazebo http://127.0.0.1:43063/
[rosmaster.master][INFO] 2025-12-18 11:28:16,796: +SERVICE [/controller_manager/reload_controller_libraries] /gazebo http://127.0.0.1:43063/
[rosmaster.master][ERROR] 2025-12-18 11:28:16,811: Traceback (most recent call last):
  File "/opt/ros/noetic/lib/python3/dist-packages/rosmaster/master_api.py", line 177, in validated_f
    code, msg, val = f(*newArgs, **kwds)
  File "/opt/ros/noetic/lib/python3/dist-packages/rosmaster/master_api.py", line 435, in searchParam
    search_key = self.param_server.search_param(caller_id, key)
  File "/opt/ros/noetic/lib/python3/dist-packages/rosmaster/paramserver.py", line 116, in search_param
    raise ValueError("namespace must be global")
ValueError: namespace must be global

[rosmaster.master][INFO] 2025-12-18 11:28:16,812: +PUB [/tf] /gazebo http://127.0.0.1:43063/
[rosmaster.master][INFO] 2025-12-18 11:28:16,815: +SUB [/mobile_base_controller/cmd_vel] /gazebo http://127.0.0.1:43063/
[rosmaster.master][INFO] 2025-12-18 11:28:16,816: +PUB [/mobile_base_controller/odom] /gazebo http://127.0.0.1:43063/
[rosmaster.master][INFO] 2025-12-18 11:28:16,816: publisherUpdate[/tf] -> http://127.0.0.1:43797/ ['http://127.0.0.1:42461/', 'http://127.0.0.1:43063/']
[rosmaster.master][INFO] 2025-12-18 11:28:16,817: publisherUpdate[/tf] -> http://127.0.0.1:43797/ ['http://127.0.0.1:42461/', 'http://127.0.0.1:43063/']: sec=0.00, result=[1, '', 0]
[rosmaster.master][INFO] 2025-12-18 11:28:16,817: publisherUpdate[/tf] -> http://127.0.0.1:44715/ ['http://127.0.0.1:42461/', 'http://127.0.0.1:43063/']
[rosmaster.master][INFO] 2025-12-18 11:28:16,818: publisherUpdate[/tf] -> http://127.0.0.1:44715/ ['http://127.0.0.1:42461/', 'http://127.0.0.1:43063/']: sec=0.00, result=[1, '', 0]
[rosmaster.master][INFO] 2025-12-18 11:28:16,818: publisherUpdate[/tf] -> http://127.0.0.1:33729/ ['http://127.0.0.1:42461/', 'http://127.0.0.1:43063/']
[rosmaster.master][INFO] 2025-12-18 11:28:16,820: publisherUpdate[/tf] -> http://127.0.0.1:33729/ ['http://127.0.0.1:42461/', 'http://127.0.0.1:43063/']: sec=0.00, result=[1, '', 0]
[rosmaster.master][INFO] 2025-12-18 11:28:16,820: publisherUpdate[/tf] -> http://127.0.0.1:45471/ ['http://127.0.0.1:42461/', 'http://127.0.0.1:43063/']
[rosmaster.master][INFO] 2025-12-18 11:28:16,821: publisherUpdate[/tf] -> http://127.0.0.1:45471/ ['http://127.0.0.1:42461/', 'http://127.0.0.1:43063/']: sec=0.00, result=[1, '', 0]
[rosmaster.master][INFO] 2025-12-18 11:28:16,832: +PUB [/ground_truth_odom] /gazebo http://127.0.0.1:43063/
[rosmaster.master][INFO] 2025-12-18 11:28:16,856: +PUB [/gazebo/world_odometry/parameter_descriptions] /gazebo http://127.0.0.1:43063/
[rosmaster.master][INFO] 2025-12-18 11:28:16,857: +PUB [/gazebo/world_odometry/parameter_updates] /gazebo http://127.0.0.1:43063/
[rosmaster.master][INFO] 2025-12-18 11:28:16,858: +SERVICE [/gazebo/world_odometry/set_parameters] /gazebo http://127.0.0.1:43063/
[rosmaster.master][INFO] 2025-12-18 11:28:16,859: +PUB [/floating_base_pose_simulated] /gazebo http://127.0.0.1:43063/
[rosmaster.master][INFO] 2025-12-18 11:28:16,860: +PUB [/introspection_data/full] /gazebo http://127.0.0.1:43063/
[rosmaster.master][INFO] 2025-12-18 11:28:16,861: +PUB [/introspection_data/names] /gazebo http://127.0.0.1:43063/
[rosmaster.master][INFO] 2025-12-18 11:28:16,863: +SERVICE [/throttle_filtering_points/set_parameters] /throttle_filtering_points http://127.0.0.1:42017/
[rosmaster.master][INFO] 2025-12-18 11:28:16,865: +PUB [/introspection_data/values] /gazebo http://127.0.0.1:43063/
[rosmaster.master][INFO] 2025-12-18 11:28:16,868: +PUB [/throttle_filtering_points/parameter_descriptions] /throttle_filtering_points http://127.0.0.1:42017/
[rosmaster.master][INFO] 2025-12-18 11:28:16,869: +PUB [/tfs_14594000000] /tf_lookup http://127.0.0.1:44715/
[rosmaster.master][INFO] 2025-12-18 11:28:16,875: +PUB [/throttle_filtering_points/parameter_updates] /throttle_filtering_points http://127.0.0.1:42017/
[rosmaster.master][INFO] 2025-12-18 11:28:16,878: +SUB [/tfs_14594000000] /dynamic_footprint_publisher http://127.0.0.1:39167/
[rosmaster.master][INFO] 2025-12-18 11:28:16,878: +SUB [/move_group/status] /play_motion http://127.0.0.1:33729/
[rosmaster.master][INFO] 2025-12-18 11:28:16,882: +SUB [/arm_controller/follow_joint_trajectory/status] /move_group http://127.0.0.1:45471/
[rosmaster.master][INFO] 2025-12-18 11:28:16,884: +PARAM [/throttle_filtering_points/throttle_node_rate] by /throttle_filtering_points
[rosmaster.master][INFO] 2025-12-18 11:28:16,887: +PARAM [/throttle_filtering_points/downsampling_size] by /throttle_filtering_points
[rosmaster.master][INFO] 2025-12-18 11:28:16,889: +CACHEDPARAM [/rosout_disable_topics_generation] by /throttle_filtering_points
[rosmaster.master][INFO] 2025-12-18 11:28:16,891: +SUB [/move_group/feedback] /play_motion http://127.0.0.1:33729/
[rosmaster.master][INFO] 2025-12-18 11:28:16,893: +SUB [/arm_controller/follow_joint_trajectory/feedback] /move_group http://127.0.0.1:45471/
[rosmaster.master][INFO] 2025-12-18 11:28:16,896: +PUB [/throttle_filtering_points/filtered_points] /throttle_filtering_points http://127.0.0.1:42017/
[rosmaster.master][INFO] 2025-12-18 11:28:16,898: +PARAM [/throttle_filtering_points/throttle_node_rate] by /throttle_filtering_points
[rosmaster.master][INFO] 2025-12-18 11:28:16,901: +PARAM [/throttle_filtering_points/downsampling_size] by /throttle_filtering_points
[rosmaster.master][INFO] 2025-12-18 11:28:16,902: +SUB [/move_group/result] /play_motion http://127.0.0.1:33729/
[rosmaster.master][INFO] 2025-12-18 11:28:16,903: +SUB [/arm_controller/follow_joint_trajectory/result] /move_group http://127.0.0.1:45471/
[rosmaster.master][INFO] 2025-12-18 11:28:16,904: +PUB [/move_group/goal] /play_motion http://127.0.0.1:33729/
[rosmaster.master][INFO] 2025-12-18 11:28:16,905: +PUB [/arm_controller/follow_joint_trajectory/goal] /move_group http://127.0.0.1:45471/
[rosmaster.master][INFO] 2025-12-18 11:28:16,906: +PUB [/move_group/cancel] /play_motion http://127.0.0.1:33729/
[rosmaster.master][INFO] 2025-12-18 11:28:16,907: +PUB [/arm_controller/follow_joint_trajectory/cancel] /move_group http://127.0.0.1:45471/
[rosmaster.master][INFO] 2025-12-18 11:28:16,910: +CACHEDPARAM [/rosout_disable_topics_generation] by /bringup_controllers_spawner_ft
[rosmaster.master][INFO] 2025-12-18 11:28:16,922: +CACHEDPARAM [/rosout_disable_topics_generation] by /bringup_controllers_spawner_ft
[rosmaster.master][INFO] 2025-12-18 11:28:16,931: +CACHEDPARAM [/rosout_disable_topics_generation] by /bringup_controllers_spawner_ft
[rosmaster.master][INFO] 2025-12-18 11:28:16,946: +PUB [/wrist_ft] /gazebo http://127.0.0.1:43063/
[rosmaster.master][INFO] 2025-12-18 11:28:16,948: +PUB [/wrist_ft_temperature] /gazebo http://127.0.0.1:43063/
[rosmaster.master][INFO] 2025-12-18 11:28:16,952: +CACHEDPARAM [/rosout_disable_topics_generation] by /bringup_controllers_spawner_ft
[rosmaster.master][INFO] 2025-12-18 11:28:16,964: +CACHEDPARAM [/rosout_disable_topics_generation] by /bringup_controllers_spawner_ft
[rosmaster.master][INFO] 2025-12-18 11:28:16,985: +CACHEDPARAM [/rosout_disable_topics_generation] by /bringup_controllers_spawner_imu
[rosmaster.master][INFO] 2025-12-18 11:28:16,990: +CACHEDPARAM [/rosout_disable_topics_generation] by /bringup_controllers_spawner_imu
[rosmaster.master][INFO] 2025-12-18 11:28:16,996: +CACHEDPARAM [/rosout_disable_topics_generation] by /bringup_controllers_spawner_imu
[rosmaster.master][INFO] 2025-12-18 11:28:17,011: +PUB [/base_imu] /gazebo http://127.0.0.1:43063/
[rosmaster.master][INFO] 2025-12-18 11:28:17,020: +CACHEDPARAM [/rosout_disable_topics_generation] by /bringup_controllers_spawner_imu
[rosmaster.master][INFO] 2025-12-18 11:28:17,022: +CACHEDPARAM [/rosout_disable_topics_generation] by /gripper_controllers_spawner
[rosmaster.master][INFO] 2025-12-18 11:28:17,035: +CACHEDPARAM [/rosout_disable_topics_generation] by /bringup_controllers_spawner_imu
[rosmaster.master][INFO] 2025-12-18 11:28:17,037: +CACHEDPARAM [/rosout_disable_topics_generation] by /gripper_controllers_spawner
[rosmaster.master][INFO] 2025-12-18 11:28:17,044: +CACHEDPARAM [/rosout_disable_topics_generation] by /gripper_controllers_spawner
[rosmaster.master][INFO] 2025-12-18 11:28:17,083: +CACHEDPARAM [/rosout_disable_topics_generation] by /default_controllers_spawner
[rosmaster.master][INFO] 2025-12-18 11:28:17,095: +CACHEDPARAM [/rosout_disable_topics_generation] by /default_controllers_spawner
[rosmaster.master][INFO] 2025-12-18 11:28:17,104: +CACHEDPARAM [/rosout_disable_topics_generation] by /default_controllers_spawner
[rosmaster.master][INFO] 2025-12-18 11:28:17,117: +SUB [/gripper_controller/command] /gazebo http://127.0.0.1:43063/
[rosmaster.master][INFO] 2025-12-18 11:28:17,119: +PUB [/gripper_controller/state] /gazebo http://127.0.0.1:43063/
[rosmaster.master][INFO] 2025-12-18 11:28:17,123: +PUB [/gripper_controller/follow_joint_trajectory/result] /gazebo http://127.0.0.1:43063/
[rosmaster.master][INFO] 2025-12-18 11:28:17,124: +PUB [/gripper_controller/follow_joint_trajectory/feedback] /gazebo http://127.0.0.1:43063/
[rosmaster.master][INFO] 2025-12-18 11:28:17,124: publisherUpdate[/gripper_controller/follow_joint_trajectory/result] -> http://127.0.0.1:33181/ ['http://127.0.0.1:43063/']
[rosmaster.master][INFO] 2025-12-18 11:28:17,126: +PUB [/gripper_controller/follow_joint_trajectory/status] /gazebo http://127.0.0.1:43063/
[rosmaster.master][INFO] 2025-12-18 11:28:17,129: publisherUpdate[/gripper_controller/follow_joint_trajectory/result] -> http://127.0.0.1:33181/ ['http://127.0.0.1:43063/']: sec=0.00, result=[1, '', 0]
[rosmaster.master][INFO] 2025-12-18 11:28:17,129: publisherUpdate[/gripper_controller/follow_joint_trajectory/feedback] -> http://127.0.0.1:33181/ ['http://127.0.0.1:43063/']
[rosmaster.master][INFO] 2025-12-18 11:28:17,135: publisherUpdate[/gripper_controller/follow_joint_trajectory/feedback] -> http://127.0.0.1:33181/ ['http://127.0.0.1:43063/']: sec=0.01, result=[1, '', 0]
[rosmaster.master][INFO] 2025-12-18 11:28:17,136: publisherUpdate[/gripper_controller/follow_joint_trajectory/status] -> http://127.0.0.1:33181/ ['http://127.0.0.1:43063/']
[rosmaster.master][INFO] 2025-12-18 11:28:17,140: publisherUpdate[/gripper_controller/follow_joint_trajectory/status] -> http://127.0.0.1:33181/ ['http://127.0.0.1:43063/']: sec=0.00, result=[1, '', 0]
[rosmaster.master][INFO] 2025-12-18 11:28:17,140: +SUB [/gripper_controller/follow_joint_trajectory/goal] /gazebo http://127.0.0.1:43063/
[rosmaster.master][INFO] 2025-12-18 11:28:17,149: +SUB [/gripper_controller/follow_joint_trajectory/cancel] /gazebo http://127.0.0.1:43063/
[rosmaster.master][INFO] 2025-12-18 11:28:17,151: +SERVICE [/gripper_controller/query_state] /gazebo http://127.0.0.1:43063/
[rosmaster.master][INFO] 2025-12-18 11:28:17,156: +CACHEDPARAM [/rosout_disable_topics_generation] by /gripper_controllers_spawner
[rosmaster.master][INFO] 2025-12-18 11:28:17,166: +PUB [/joint_states] /gazebo http://127.0.0.1:43063/
[rosmaster.master][INFO] 2025-12-18 11:28:17,171: publisherUpdate[/joint_states] -> http://127.0.0.1:42461/ ['http://127.0.0.1:43063/']
[rosmaster.master][INFO] 2025-12-18 11:28:17,175: publisherUpdate[/joint_states] -> http://127.0.0.1:42461/ ['http://127.0.0.1:43063/']: sec=0.00, result=[1, '', 0]
[rosmaster.master][INFO] 2025-12-18 11:28:17,175: publisherUpdate[/joint_states] -> http://127.0.0.1:33729/ ['http://127.0.0.1:43063/']
[rosmaster.master][INFO] 2025-12-18 11:28:17,175: +CACHEDPARAM [/rosout_disable_topics_generation] by /default_controllers_spawner
[rosmaster.master][INFO] 2025-12-18 11:28:17,179: +CACHEDPARAM [/rosout_disable_topics_generation] by /gripper_controllers_spawner
[rosmaster.master][INFO] 2025-12-18 11:28:17,179: publisherUpdate[/joint_states] -> http://127.0.0.1:33729/ ['http://127.0.0.1:43063/']: sec=0.00, result=[1, '', 0]
[rosmaster.master][INFO] 2025-12-18 11:28:17,180: publisherUpdate[/joint_states] -> http://127.0.0.1:45865/ ['http://127.0.0.1:43063/']
[rosmaster.master][INFO] 2025-12-18 11:28:17,183: publisherUpdate[/joint_states] -> http://127.0.0.1:45865/ ['http://127.0.0.1:43063/']: sec=0.00, result=[1, '', 0]
[rosmaster.master][INFO] 2025-12-18 11:28:17,184: publisherUpdate[/joint_states] -> http://127.0.0.1:45471/ ['http://127.0.0.1:43063/']
[rosmaster.master][INFO] 2025-12-18 11:28:17,185: publisherUpdate[/joint_states] -> http://127.0.0.1:45471/ ['http://127.0.0.1:43063/']: sec=0.00, result=[1, '', 0]
[rosmaster.master][INFO] 2025-12-18 11:28:17,212: +SUB [/torso_controller/command] /gazebo http://127.0.0.1:43063/
[rosmaster.master][INFO] 2025-12-18 11:28:17,213: +PUB [/torso_controller/state] /gazebo http://127.0.0.1:43063/
[rosmaster.master][INFO] 2025-12-18 11:28:17,217: +PUB [/torso_controller/follow_joint_trajectory/result] /gazebo http://127.0.0.1:43063/
[rosmaster.master][INFO] 2025-12-18 11:28:17,220: +PUB [/torso_controller/follow_joint_trajectory/feedback] /gazebo http://127.0.0.1:43063/
[rosmaster.master][INFO] 2025-12-18 11:28:17,221: +PUB [/torso_controller/follow_joint_trajectory/status] /gazebo http://127.0.0.1:43063/
[rosmaster.master][INFO] 2025-12-18 11:28:17,226: +SUB [/torso_controller/follow_joint_trajectory/goal] /gazebo http://127.0.0.1:43063/
[rosmaster.master][INFO] 2025-12-18 11:28:17,231: +SUB [/torso_controller/follow_joint_trajectory/cancel] /gazebo http://127.0.0.1:43063/
[rosmaster.master][INFO] 2025-12-18 11:28:17,233: +SERVICE [/torso_controller/query_state] /gazebo http://127.0.0.1:43063/
[rosmaster.master][INFO] 2025-12-18 11:28:17,235: +CACHEDPARAM [/rosout_disable_topics_generation] by /default_controllers_spawner
[rosmaster.master][INFO] 2025-12-18 11:28:17,268: +SUB [/head_controller/command] /gazebo http://127.0.0.1:43063/
[rosmaster.master][INFO] 2025-12-18 11:28:17,272: +PUB [/head_controller/state] /gazebo http://127.0.0.1:43063/
[rosmaster.master][INFO] 2025-12-18 11:28:17,274: +PUB [/head_controller/follow_joint_trajectory/result] /gazebo http://127.0.0.1:43063/
[rosmaster.master][INFO] 2025-12-18 11:28:17,275: +PUB [/head_controller/follow_joint_trajectory/feedback] /gazebo http://127.0.0.1:43063/
[rosmaster.master][INFO] 2025-12-18 11:28:17,275: +PUB [/head_controller/follow_joint_trajectory/status] /gazebo http://127.0.0.1:43063/
[rosmaster.master][INFO] 2025-12-18 11:28:17,279: +SUB [/head_controller/follow_joint_trajectory/goal] /gazebo http://127.0.0.1:43063/
[rosmaster.master][INFO] 2025-12-18 11:28:17,281: +SUB [/head_controller/follow_joint_trajectory/cancel] /gazebo http://127.0.0.1:43063/
[rosmaster.master][INFO] 2025-12-18 11:28:17,282: +SERVICE [/head_controller/query_state] /gazebo http://127.0.0.1:43063/
[rosmaster.master][INFO] 2025-12-18 11:28:17,285: +CACHEDPARAM [/rosout_disable_topics_generation] by /default_controllers_spawner
[rosmaster.master][INFO] 2025-12-18 11:28:17,287: publisherUpdate[/head_controller/state] -> http://127.0.0.1:43797/ ['http://127.0.0.1:43063/']
[rosmaster.master][INFO] 2025-12-18 11:28:17,289: publisherUpdate[/head_controller/state] -> http://127.0.0.1:43797/ ['http://127.0.0.1:43063/']: sec=0.00, result=[1, '', 0]
[rosmaster.master][INFO] 2025-12-18 11:28:17,337: +SUB [/arm_controller/command] /gazebo http://127.0.0.1:43063/
[rosmaster.master][INFO] 2025-12-18 11:28:17,339: +PUB [/arm_controller/state] /gazebo http://127.0.0.1:43063/
[rosmaster.master][INFO] 2025-12-18 11:28:17,341: +PUB [/arm_controller/follow_joint_trajectory/result] /gazebo http://127.0.0.1:43063/
[rosmaster.master][INFO] 2025-12-18 11:28:17,341: publisherUpdate[/arm_controller/follow_joint_trajectory/result] -> http://127.0.0.1:45471/ ['http://127.0.0.1:43063/']
[rosmaster.master][INFO] 2025-12-18 11:28:17,343: +PUB [/arm_controller/follow_joint_trajectory/feedback] /gazebo http://127.0.0.1:43063/
[rosmaster.master][INFO] 2025-12-18 11:28:17,345: publisherUpdate[/arm_controller/follow_joint_trajectory/result] -> http://127.0.0.1:45471/ ['http://127.0.0.1:43063/']: sec=0.00, result=[1, '', 0]
[rosmaster.master][INFO] 2025-12-18 11:28:17,345: publisherUpdate[/arm_controller/follow_joint_trajectory/feedback] -> http://127.0.0.1:45471/ ['http://127.0.0.1:43063/']
[rosmaster.master][INFO] 2025-12-18 11:28:17,347: +PUB [/arm_controller/follow_joint_trajectory/status] /gazebo http://127.0.0.1:43063/
[rosmaster.master][INFO] 2025-12-18 11:28:17,348: publisherUpdate[/arm_controller/follow_joint_trajectory/feedback] -> http://127.0.0.1:45471/ ['http://127.0.0.1:43063/']: sec=0.00, result=[1, '', 0]
[rosmaster.master][INFO] 2025-12-18 11:28:17,349: publisherUpdate[/arm_controller/follow_joint_trajectory/status] -> http://127.0.0.1:45471/ ['http://127.0.0.1:43063/']
[rosmaster.master][INFO] 2025-12-18 11:28:17,353: publisherUpdate[/arm_controller/follow_joint_trajectory/status] -> http://127.0.0.1:45471/ ['http://127.0.0.1:43063/']: sec=0.00, result=[1, '', 0]
[rosmaster.master][INFO] 2025-12-18 11:28:17,358: +SUB [/arm_controller/follow_joint_trajectory/goal] /gazebo http://127.0.0.1:43063/
[rosmaster.master][INFO] 2025-12-18 11:28:17,363: +SUB [/arm_controller/follow_joint_trajectory/cancel] /gazebo http://127.0.0.1:43063/
[rosmaster.master][INFO] 2025-12-18 11:28:17,364: +SERVICE [/arm_controller/query_state] /gazebo http://127.0.0.1:43063/
[rosmaster.master][INFO] 2025-12-18 11:28:17,371: +CACHEDPARAM [/rosout_disable_topics_generation] by /default_controllers_spawner
[rosmaster.master][INFO] 2025-12-18 11:28:17,380: +CACHEDPARAM [/rosout_disable_topics_generation] by /home_gripper
[rosmaster.master][INFO] 2025-12-18 11:28:17,396: +SUB [/joint_states] /home_gripper http://127.0.0.1:33181/
[rosmaster.master][INFO] 2025-12-18 11:28:17,511: +SERVICE [/mobile_base_controller/set_parameters] /gazebo http://127.0.0.1:43063/
[rosmaster.master][INFO] 2025-12-18 11:28:17,512: +PUB [/mobile_base_controller/parameter_descriptions] /gazebo http://127.0.0.1:43063/
[rosmaster.master][INFO] 2025-12-18 11:28:17,514: +PUB [/mobile_base_controller/parameter_updates] /gazebo http://127.0.0.1:43063/
[rosmaster.master][INFO] 2025-12-18 11:28:17,518: +PARAM [/mobile_base_controller/wheel_separation_multiplier] by /gazebo
[rosmaster.master][INFO] 2025-12-18 11:28:17,519: +PARAM [/mobile_base_controller/axis_separation_multiplier] by /gazebo
[rosmaster.master][INFO] 2025-12-18 11:28:17,520: +PARAM [/mobile_base_controller/wheel_radius_multiplier] by /gazebo
[rosmaster.master][INFO] 2025-12-18 11:28:17,520: +PARAM [/mobile_base_controller/publish_rate] by /gazebo
[rosmaster.master][INFO] 2025-12-18 11:28:17,521: +PARAM [/mobile_base_controller/enable_odom_tf] by /gazebo
[rosmaster.master][INFO] 2025-12-18 11:28:17,523: +PARAM [/mobile_base_controller/wheel_separation_multiplier] by /gazebo
[rosmaster.master][INFO] 2025-12-18 11:28:17,523: +PARAM [/mobile_base_controller/axis_separation_multiplier] by /gazebo
[rosmaster.master][INFO] 2025-12-18 11:28:17,524: +PARAM [/mobile_base_controller/wheel_radius_multiplier] by /gazebo
[rosmaster.master][INFO] 2025-12-18 11:28:17,525: +PARAM [/mobile_base_controller/publish_rate] by /gazebo
[rosmaster.master][INFO] 2025-12-18 11:28:17,526: +PARAM [/mobile_base_controller/enable_odom_tf] by /gazebo
[rosmaster.master][INFO] 2025-12-18 11:28:17,527: +PARAM [/mobile_base_controller/wheel_separation_multiplier] by /gazebo
[rosmaster.master][INFO] 2025-12-18 11:28:17,528: +PARAM [/mobile_base_controller/axis_separation_multiplier] by /gazebo
[rosmaster.master][INFO] 2025-12-18 11:28:17,529: +PARAM [/mobile_base_controller/wheel_radius_multiplier] by /gazebo
[rosmaster.master][INFO] 2025-12-18 11:28:17,530: +PARAM [/mobile_base_controller/publish_rate] by /gazebo
[rosmaster.master][INFO] 2025-12-18 11:28:17,531: +PARAM [/mobile_base_controller/enable_odom_tf] by /gazebo
[rosmaster.master][INFO] 2025-12-18 11:28:17,538: +CACHEDPARAM [/rosout_disable_topics_generation] by /default_controllers_spawner
[rosmaster.master][INFO] 2025-12-18 11:28:17,553: +CACHEDPARAM [/rosout_disable_topics_generation] by /default_controllers_spawner
[rosmaster.master][INFO] 2025-12-18 11:28:17,591: -SUB [/joint_states] /home_gripper http://127.0.0.1:33181/
[rosmaster.master][INFO] 2025-12-18 11:28:17,595: +CACHEDPARAM [/rosout_disable_topics_generation] by /home_gripper
[rosmaster.master][INFO] 2025-12-18 11:28:17,602: +SUB [/torso_controller/follow_joint_trajectory/status] /move_group http://127.0.0.1:45471/
[rosmaster.master][INFO] 2025-12-18 11:28:17,608: +SUB [/torso_controller/follow_joint_trajectory/feedback] /move_group http://127.0.0.1:45471/
[rosmaster.master][INFO] 2025-12-18 11:28:17,617: +SUB [/torso_controller/follow_joint_trajectory/result] /move_group http://127.0.0.1:45471/
[rosmaster.master][INFO] 2025-12-18 11:28:17,619: +PUB [/torso_controller/follow_joint_trajectory/goal] /move_group http://127.0.0.1:45471/
[rosmaster.master][INFO] 2025-12-18 11:28:17,622: +PUB [/torso_controller/follow_joint_trajectory/cancel] /move_group http://127.0.0.1:45471/
[rosmaster.master][INFO] 2025-12-18 11:28:17,657: publisherUpdate[/torso_controller/follow_joint_trajectory/goal] -> http://127.0.0.1:43063/ ['http://127.0.0.1:45471/']
[rosmaster.master][INFO] 2025-12-18 11:28:17,660: publisherUpdate[/torso_controller/follow_joint_trajectory/goal] -> http://127.0.0.1:43063/ ['http://127.0.0.1:45471/']: sec=0.00, result=[1, '', 0]
[rosmaster.master][INFO] 2025-12-18 11:28:17,660: publisherUpdate[/torso_controller/follow_joint_trajectory/cancel] -> http://127.0.0.1:43063/ ['http://127.0.0.1:45471/']
[rosmaster.master][INFO] 2025-12-18 11:28:17,663: publisherUpdate[/torso_controller/follow_joint_trajectory/cancel] -> http://127.0.0.1:43063/ ['http://127.0.0.1:45471/']: sec=0.00, result=[1, '', 0]
[rosmaster.master][INFO] 2025-12-18 11:28:17,713: +PUB [/xtion/rgb/image_rect_color] /image_raw_to_rect_color_relay http://127.0.0.1:43711/
[rosmaster.master][INFO] 2025-12-18 11:28:17,720: +CACHEDPARAM [/rosout_disable_topics_generation] by /image_raw_to_rect_color_relay
[rosmaster.master][INFO] 2025-12-18 11:28:18,148: +SUB [/head_controller/follow_joint_trajectory/status] /move_group http://127.0.0.1:45471/
[rosmaster.master][INFO] 2025-12-18 11:28:18,154: +SUB [/head_controller/follow_joint_trajectory/feedback] /move_group http://127.0.0.1:45471/
[rosmaster.master][INFO] 2025-12-18 11:28:18,166: +SUB [/head_controller/follow_joint_trajectory/result] /move_group http://127.0.0.1:45471/
[rosmaster.master][INFO] 2025-12-18 11:28:18,169: +PUB [/head_controller/follow_joint_trajectory/goal] /move_group http://127.0.0.1:45471/
[rosmaster.master][INFO] 2025-12-18 11:28:18,171: +PUB [/head_controller/follow_joint_trajectory/cancel] /move_group http://127.0.0.1:45471/
[rosmaster.master][INFO] 2025-12-18 11:28:18,194: publisherUpdate[/head_controller/follow_joint_trajectory/goal] -> http://127.0.0.1:43063/ ['http://127.0.0.1:45471/']
[rosmaster.master][INFO] 2025-12-18 11:28:18,210: publisherUpdate[/head_controller/follow_joint_trajectory/goal] -> http://127.0.0.1:43063/ ['http://127.0.0.1:45471/']: sec=0.02, result=[1, '', 0]
[rosmaster.master][INFO] 2025-12-18 11:28:18,211: publisherUpdate[/head_controller/follow_joint_trajectory/cancel] -> http://127.0.0.1:43063/ ['http://127.0.0.1:45471/']
[rosmaster.master][INFO] 2025-12-18 11:28:18,214: publisherUpdate[/head_controller/follow_joint_trajectory/cancel] -> http://127.0.0.1:43063/ ['http://127.0.0.1:45471/']: sec=0.00, result=[1, '', 0]
[rosmaster.master][INFO] 2025-12-18 11:28:18,439: +SUB [/gripper_controller/follow_joint_trajectory/status] /move_group http://127.0.0.1:45471/
[rosmaster.master][INFO] 2025-12-18 11:28:18,457: +SUB [/gripper_controller/follow_joint_trajectory/feedback] /move_group http://127.0.0.1:45471/
[rosmaster.master][INFO] 2025-12-18 11:28:18,463: +SUB [/gripper_controller/follow_joint_trajectory/result] /move_group http://127.0.0.1:45471/
[rosmaster.master][INFO] 2025-12-18 11:28:18,475: +PUB [/gripper_controller/follow_joint_trajectory/goal] /move_group http://127.0.0.1:45471/
[rosmaster.master][INFO] 2025-12-18 11:28:18,476: +PUB [/gripper_controller/follow_joint_trajectory/cancel] /move_group http://127.0.0.1:45471/
[rosmaster.master][INFO] 2025-12-18 11:28:18,516: publisherUpdate[/gripper_controller/follow_joint_trajectory/goal] -> http://127.0.0.1:43063/ ['http://127.0.0.1:33181/', 'http://127.0.0.1:45471/']
[rosmaster.master][INFO] 2025-12-18 11:28:18,523: publisherUpdate[/gripper_controller/follow_joint_trajectory/goal] -> http://127.0.0.1:43063/ ['http://127.0.0.1:33181/', 'http://127.0.0.1:45471/']: sec=0.01, result=[1, '', 0]
[rosmaster.master][INFO] 2025-12-18 11:28:18,524: publisherUpdate[/gripper_controller/follow_joint_trajectory/cancel] -> http://127.0.0.1:43063/ ['http://127.0.0.1:33181/', 'http://127.0.0.1:45471/']
[rosmaster.master][INFO] 2025-12-18 11:28:18,527: publisherUpdate[/gripper_controller/follow_joint_trajectory/cancel] -> http://127.0.0.1:43063/ ['http://127.0.0.1:33181/', 'http://127.0.0.1:45471/']: sec=0.00, result=[1, '', 0]
[rosmaster.master][INFO] 2025-12-18 11:28:18,761: +SUB [/trajectory_execution_event] /move_group http://127.0.0.1:45471/
[rosmaster.master][INFO] 2025-12-18 11:28:18,766: +SERVICE [/move_group/trajectory_execution/set_parameters] /move_group http://127.0.0.1:45471/
[rosmaster.master][INFO] 2025-12-18 11:28:18,774: +PUB [/move_group/trajectory_execution/parameter_descriptions] /move_group http://127.0.0.1:45471/
[rosmaster.master][INFO] 2025-12-18 11:28:18,781: +PUB [/move_group/trajectory_execution/parameter_updates] /move_group http://127.0.0.1:45471/
[rosmaster.master][INFO] 2025-12-18 11:28:18,803: +PARAM [/move_group/trajectory_execution/execution_duration_monitoring] by /move_group
[rosmaster.master][INFO] 2025-12-18 11:28:18,811: +PARAM [/move_group/trajectory_execution/allowed_execution_duration_scaling] by /move_group
[rosmaster.master][INFO] 2025-12-18 11:28:18,812: +PARAM [/move_group/trajectory_execution/allowed_goal_duration_margin] by /move_group
[rosmaster.master][INFO] 2025-12-18 11:28:18,814: +PARAM [/move_group/trajectory_execution/execution_velocity_scaling] by /move_group
[rosmaster.master][INFO] 2025-12-18 11:28:18,815: +PARAM [/move_group/trajectory_execution/allowed_start_tolerance] by /move_group
[rosmaster.master][INFO] 2025-12-18 11:28:18,817: +PARAM [/move_group/trajectory_execution/wait_for_trajectory_completion] by /move_group
[rosmaster.master][INFO] 2025-12-18 11:28:18,830: +PARAM [/move_group/trajectory_execution/execution_duration_monitoring] by /move_group
[rosmaster.master][INFO] 2025-12-18 11:28:18,831: +PARAM [/move_group/trajectory_execution/allowed_execution_duration_scaling] by /move_group
[rosmaster.master][INFO] 2025-12-18 11:28:18,834: +PARAM [/move_group/trajectory_execution/allowed_goal_duration_margin] by /move_group
[rosmaster.master][INFO] 2025-12-18 11:28:18,840: +PARAM [/move_group/trajectory_execution/execution_velocity_scaling] by /move_group
[rosmaster.master][INFO] 2025-12-18 11:28:18,843: +PARAM [/move_group/trajectory_execution/allowed_start_tolerance] by /move_group
[rosmaster.master][INFO] 2025-12-18 11:28:18,844: +PARAM [/move_group/trajectory_execution/wait_for_trajectory_completion] by /move_group
[rosmaster.master][INFO] 2025-12-18 11:28:18,855: +SERVICE [/move_group/plan_execution/set_parameters] /move_group http://127.0.0.1:45471/
[rosmaster.master][INFO] 2025-12-18 11:28:18,856: +PUB [/move_group/plan_execution/parameter_descriptions] /move_group http://127.0.0.1:45471/
[rosmaster.master][INFO] 2025-12-18 11:28:18,857: +PUB [/move_group/plan_execution/parameter_updates] /move_group http://127.0.0.1:45471/
[rosmaster.master][INFO] 2025-12-18 11:28:18,870: +PARAM [/move_group/plan_execution/max_replan_attempts] by /move_group
[rosmaster.master][INFO] 2025-12-18 11:28:18,872: +PARAM [/move_group/plan_execution/record_trajectory_state_frequency] by /move_group
[rosmaster.master][INFO] 2025-12-18 11:28:18,881: +PARAM [/move_group/plan_execution/max_replan_attempts] by /move_group
[rosmaster.master][INFO] 2025-12-18 11:28:18,882: +PARAM [/move_group/plan_execution/record_trajectory_state_frequency] by /move_group
[rosmaster.master][INFO] 2025-12-18 11:28:18,883: +SERVICE [/move_group/sense_for_plan/set_parameters] /move_group http://127.0.0.1:45471/
[rosmaster.master][INFO] 2025-12-18 11:28:18,884: +PUB [/move_group/sense_for_plan/parameter_descriptions] /move_group http://127.0.0.1:45471/
[rosmaster.master][INFO] 2025-12-18 11:28:18,884: +PUB [/move_group/sense_for_plan/parameter_updates] /move_group http://127.0.0.1:45471/
[rosmaster.master][INFO] 2025-12-18 11:28:18,898: +PARAM [/move_group/sense_for_plan/max_safe_path_cost] by /move_group
[rosmaster.master][INFO] 2025-12-18 11:28:18,900: +PARAM [/move_group/sense_for_plan/max_look_attempts] by /move_group
[rosmaster.master][INFO] 2025-12-18 11:28:18,908: +PARAM [/move_group/sense_for_plan/max_cost_sources] by /move_group
[rosmaster.master][INFO] 2025-12-18 11:28:18,910: +PARAM [/move_group/sense_for_plan/discard_overlapping_cost_sources] by /move_group
[rosmaster.master][INFO] 2025-12-18 11:28:18,911: +PARAM [/move_group/sense_for_plan/max_safe_path_cost] by /move_group
[rosmaster.master][INFO] 2025-12-18 11:28:18,912: +PARAM [/move_group/sense_for_plan/max_look_attempts] by /move_group
[rosmaster.master][INFO] 2025-12-18 11:28:18,913: +PARAM [/move_group/sense_for_plan/max_cost_sources] by /move_group
[rosmaster.master][INFO] 2025-12-18 11:28:18,914: +PARAM [/move_group/sense_for_plan/discard_overlapping_cost_sources] by /move_group
[rosmaster.master][INFO] 2025-12-18 11:28:18,960: +SERVICE [/apply_planning_scene] /move_group http://127.0.0.1:45471/
[rosmaster.master][INFO] 2025-12-18 11:28:18,975: +SERVICE [/load_move_group_capabilities] /move_group http://127.0.0.1:45471/
[rosmaster.master][INFO] 2025-12-18 11:28:18,977: +SERVICE [/clear_octomap] /move_group http://127.0.0.1:45471/
[rosmaster.master][INFO] 2025-12-18 11:28:18,978: +SERVICE [/compute_cartesian_path] /move_group http://127.0.0.1:45471/
[rosmaster.master][INFO] 2025-12-18 11:28:18,981: +PUB [/execute_trajectory/result] /move_group http://127.0.0.1:45471/
[rosmaster.master][INFO] 2025-12-18 11:28:18,982: +PUB [/execute_trajectory/feedback] /move_group http://127.0.0.1:45471/
[rosmaster.master][INFO] 2025-12-18 11:28:18,983: +PUB [/execute_trajectory/status] /move_group http://127.0.0.1:45471/
[rosmaster.master][INFO] 2025-12-18 11:28:18,998: +SUB [/execute_trajectory/goal] /move_group http://127.0.0.1:45471/
[rosmaster.master][INFO] 2025-12-18 11:28:19,007: +SUB [/execute_trajectory/cancel] /move_group http://127.0.0.1:45471/
[rosmaster.master][INFO] 2025-12-18 11:28:19,013: +SERVICE [/get_planning_scene] /move_group http://127.0.0.1:45471/
[rosmaster.master][INFO] 2025-12-18 11:28:19,014: +SERVICE [/compute_fk] /move_group http://127.0.0.1:45471/
[rosmaster.master][INFO] 2025-12-18 11:28:19,014: +SERVICE [/compute_ik] /move_group http://127.0.0.1:45471/
[rosmaster.master][INFO] 2025-12-18 11:28:19,018: +PUB [/move_group/result] /move_group http://127.0.0.1:45471/
[rosmaster.master][INFO] 2025-12-18 11:28:19,020: +PUB [/move_group/feedback] /move_group http://127.0.0.1:45471/
[rosmaster.master][INFO] 2025-12-18 11:28:19,025: +PUB [/move_group/status] /move_group http://127.0.0.1:45471/
[rosmaster.master][INFO] 2025-12-18 11:28:19,032: publisherUpdate[/move_group/result] -> http://127.0.0.1:33729/ ['http://127.0.0.1:45471/']
[rosmaster.master][INFO] 2025-12-18 11:28:19,040: publisherUpdate[/move_group/result] -> http://127.0.0.1:33729/ ['http://127.0.0.1:45471/']: sec=0.00, result=[1, '', 0]
[rosmaster.master][INFO] 2025-12-18 11:28:19,042: publisherUpdate[/move_group/feedback] -> http://127.0.0.1:33729/ ['http://127.0.0.1:45471/']
[rosmaster.master][INFO] 2025-12-18 11:28:19,055: publisherUpdate[/move_group/feedback] -> http://127.0.0.1:33729/ ['http://127.0.0.1:45471/']: sec=0.01, result=[1, '', 0]
[rosmaster.master][INFO] 2025-12-18 11:28:19,055: publisherUpdate[/move_group/status] -> http://127.0.0.1:33729/ ['http://127.0.0.1:45471/']
[rosmaster.master][INFO] 2025-12-18 11:28:19,056: +SUB [/move_group/goal] /move_group http://127.0.0.1:45471/
[rosmaster.master][INFO] 2025-12-18 11:28:19,059: publisherUpdate[/move_group/status] -> http://127.0.0.1:33729/ ['http://127.0.0.1:45471/']: sec=0.00, result=[1, '', 0]
[rosmaster.master][INFO] 2025-12-18 11:28:19,060: +SUB [/move_group/cancel] /move_group http://127.0.0.1:45471/
[rosmaster.master][INFO] 2025-12-18 11:28:19,082: +PUB [/pickup/result] /move_group http://127.0.0.1:45471/
[rosmaster.master][INFO] 2025-12-18 11:28:19,090: +PUB [/pickup/feedback] /move_group http://127.0.0.1:45471/
[rosmaster.master][INFO] 2025-12-18 11:28:19,095: +PUB [/pickup/status] /move_group http://127.0.0.1:45471/
[rosmaster.master][INFO] 2025-12-18 11:28:19,105: +SUB [/pickup/goal] /move_group http://127.0.0.1:45471/
[rosmaster.master][INFO] 2025-12-18 11:28:19,109: +SUB [/pickup/cancel] /move_group http://127.0.0.1:45471/
[rosmaster.master][INFO] 2025-12-18 11:28:19,125: +PUB [/place/result] /move_group http://127.0.0.1:45471/
[rosmaster.master][INFO] 2025-12-18 11:28:19,126: +PUB [/place/feedback] /move_group http://127.0.0.1:45471/
[rosmaster.master][INFO] 2025-12-18 11:28:19,127: +PUB [/place/status] /move_group http://127.0.0.1:45471/
[rosmaster.master][INFO] 2025-12-18 11:28:19,144: +SUB [/place/goal] /move_group http://127.0.0.1:45471/
[rosmaster.master][INFO] 2025-12-18 11:28:19,148: +SUB [/place/cancel] /move_group http://127.0.0.1:45471/
[rosmaster.master][INFO] 2025-12-18 11:28:19,161: +SERVICE [/plan_kinematic_path] /move_group http://127.0.0.1:45471/
[rosmaster.master][INFO] 2025-12-18 11:28:19,163: +SERVICE [/query_planner_interface] /move_group http://127.0.0.1:45471/
[rosmaster.master][INFO] 2025-12-18 11:28:19,165: +SERVICE [/get_planner_params] /move_group http://127.0.0.1:45471/
[rosmaster.master][INFO] 2025-12-18 11:28:19,168: +SERVICE [/set_planner_params] /move_group http://127.0.0.1:45471/
[rosmaster.master][INFO] 2025-12-18 11:28:19,177: +SERVICE [/check_state_validity] /move_group http://127.0.0.1:45471/
[rosmaster.master][INFO] 2025-12-18 11:28:19,314: +SUB [/pickup/status] /play_motion http://127.0.0.1:33729/
[rosmaster.master][INFO] 2025-12-18 11:28:19,331: +SUB [/pickup/feedback] /play_motion http://127.0.0.1:33729/
[rosmaster.master][INFO] 2025-12-18 11:28:19,345: +SUB [/pickup/result] /play_motion http://127.0.0.1:33729/
[rosmaster.master][INFO] 2025-12-18 11:28:19,347: +PUB [/pickup/goal] /play_motion http://127.0.0.1:33729/
[rosmaster.master][INFO] 2025-12-18 11:28:19,349: +PUB [/pickup/cancel] /play_motion http://127.0.0.1:33729/
[rosmaster.master][INFO] 2025-12-18 11:28:19,374: publisherUpdate[/pickup/goal] -> http://127.0.0.1:45471/ ['http://127.0.0.1:33729/']
[rosmaster.master][INFO] 2025-12-18 11:28:19,385: publisherUpdate[/pickup/goal] -> http://127.0.0.1:45471/ ['http://127.0.0.1:33729/']: sec=0.01, result=[1, '', 0]
[rosmaster.master][INFO] 2025-12-18 11:28:19,385: publisherUpdate[/pickup/cancel] -> http://127.0.0.1:45471/ ['http://127.0.0.1:33729/']
[rosmaster.master][INFO] 2025-12-18 11:28:19,396: publisherUpdate[/pickup/cancel] -> http://127.0.0.1:45471/ ['http://127.0.0.1:33729/']: sec=0.01, result=[1, '', 0]
[rosmaster.master][INFO] 2025-12-18 11:28:19,650: +SUB [/place/status] /play_motion http://127.0.0.1:33729/
[rosmaster.master][INFO] 2025-12-18 11:28:19,665: +SUB [/place/feedback] /play_motion http://127.0.0.1:33729/
[rosmaster.master][INFO] 2025-12-18 11:28:19,687: +SUB [/place/result] /play_motion http://127.0.0.1:33729/
[rosmaster.master][INFO] 2025-12-18 11:28:19,692: +PUB [/place/goal] /play_motion http://127.0.0.1:33729/
[rosmaster.master][INFO] 2025-12-18 11:28:19,704: publisherUpdate[/place/goal] -> http://127.0.0.1:45471/ ['http://127.0.0.1:33729/']
[rosmaster.master][INFO] 2025-12-18 11:28:19,705: +PUB [/place/cancel] /play_motion http://127.0.0.1:33729/
[rosmaster.master][INFO] 2025-12-18 11:28:19,707: publisherUpdate[/place/goal] -> http://127.0.0.1:45471/ ['http://127.0.0.1:33729/']: sec=0.00, result=[1, '', 0]
[rosmaster.master][INFO] 2025-12-18 11:28:19,707: publisherUpdate[/place/cancel] -> http://127.0.0.1:45471/ ['http://127.0.0.1:33729/']
[rosmaster.master][INFO] 2025-12-18 11:28:19,709: publisherUpdate[/place/cancel] -> http://127.0.0.1:45471/ ['http://127.0.0.1:33729/']: sec=0.00, result=[1, '', 0]
[rosmaster.master][INFO] 2025-12-18 11:28:19,946: +SUB [/execute_trajectory/status] /play_motion http://127.0.0.1:33729/
[rosmaster.master][INFO] 2025-12-18 11:28:19,972: +SUB [/execute_trajectory/feedback] /play_motion http://127.0.0.1:33729/
[rosmaster.master][INFO] 2025-12-18 11:28:19,992: +SUB [/execute_trajectory/result] /play_motion http://127.0.0.1:33729/
[rosmaster.master][INFO] 2025-12-18 11:28:19,996: +PUB [/execute_trajectory/goal] /play_motion http://127.0.0.1:33729/
[rosmaster.master][INFO] 2025-12-18 11:28:20,003: +PUB [/execute_trajectory/cancel] /play_motion http://127.0.0.1:33729/
[rosmaster.master][INFO] 2025-12-18 11:28:20,010: publisherUpdate[/execute_trajectory/goal] -> http://127.0.0.1:45471/ ['http://127.0.0.1:33729/']
[rosmaster.master][INFO] 2025-12-18 11:28:20,012: publisherUpdate[/execute_trajectory/goal] -> http://127.0.0.1:45471/ ['http://127.0.0.1:33729/']: sec=0.00, result=[1, '', 0]
[rosmaster.master][INFO] 2025-12-18 11:28:20,012: publisherUpdate[/execute_trajectory/cancel] -> http://127.0.0.1:45471/ ['http://127.0.0.1:33729/']
[rosmaster.master][INFO] 2025-12-18 11:28:20,018: publisherUpdate[/execute_trajectory/cancel] -> http://127.0.0.1:45471/ ['http://127.0.0.1:33729/']: sec=0.01, result=[1, '', 0]
[rosmaster.master][INFO] 2025-12-18 11:28:21,455: +PUB [/play_motion/result] /play_motion http://127.0.0.1:33729/
[rosmaster.master][INFO] 2025-12-18 11:28:21,463: +PUB [/play_motion/feedback] /play_motion http://127.0.0.1:33729/
[rosmaster.master][INFO] 2025-12-18 11:28:21,467: +PUB [/play_motion/status] /play_motion http://127.0.0.1:33729/
[rosmaster.master][INFO] 2025-12-18 11:28:21,484: +SUB [/play_motion/goal] /play_motion http://127.0.0.1:33729/
[rosmaster.master][INFO] 2025-12-18 11:28:21,488: +SUB [/play_motion/cancel] /play_motion http://127.0.0.1:33729/
[rosmaster.master][INFO] 2025-12-18 11:28:21,496: +SERVICE [/play_motion/list_motions] /play_motion http://127.0.0.1:33729/
[rosmaster.master][INFO] 2025-12-18 11:28:21,497: publisherUpdate[/play_motion/result] -> http://127.0.0.1:39551/ ['http://127.0.0.1:33729/']
[rosmaster.master][INFO] 2025-12-18 11:28:21,500: +PUB [/diagnostics] /play_motion http://127.0.0.1:33729/
[rosmaster.master][INFO] 2025-12-18 11:28:21,507: publisherUpdate[/play_motion/result] -> http://127.0.0.1:39551/ ['http://127.0.0.1:33729/']: sec=0.01, result=[1, '', 0]
[rosmaster.master][INFO] 2025-12-18 11:28:21,508: publisherUpdate[/play_motion/feedback] -> http://127.0.0.1:39551/ ['http://127.0.0.1:33729/']
[rosmaster.master][INFO] 2025-12-18 11:28:21,512: publisherUpdate[/play_motion/feedback] -> http://127.0.0.1:39551/ ['http://127.0.0.1:33729/']: sec=0.00, result=[1, '', 0]
[rosmaster.master][INFO] 2025-12-18 11:28:21,512: publisherUpdate[/play_motion/status] -> http://127.0.0.1:39551/ ['http://127.0.0.1:33729/']
[rosmaster.master][INFO] 2025-12-18 11:28:21,522: +SUB [/arm_controller/follow_joint_trajectory/status] /play_motion http://127.0.0.1:33729/
[rosmaster.master][INFO] 2025-12-18 11:28:21,523: publisherUpdate[/play_motion/status] -> http://127.0.0.1:39551/ ['http://127.0.0.1:33729/']: sec=0.01, result=[1, '', 0]
[rosmaster.master][INFO] 2025-12-18 11:28:21,527: +SUB [/arm_controller/follow_joint_trajectory/feedback] /play_motion http://127.0.0.1:33729/
[rosmaster.master][INFO] 2025-12-18 11:28:21,541: +SUB [/arm_controller/follow_joint_trajectory/result] /play_motion http://127.0.0.1:33729/
[rosmaster.master][INFO] 2025-12-18 11:28:21,542: +PUB [/arm_controller/follow_joint_trajectory/goal] /play_motion http://127.0.0.1:33729/
[rosmaster.master][INFO] 2025-12-18 11:28:21,543: +PUB [/arm_controller/follow_joint_trajectory/cancel] /play_motion http://127.0.0.1:33729/
[rosmaster.master][INFO] 2025-12-18 11:28:21,556: +SUB [/gripper_controller/follow_joint_trajectory/status] /play_motion http://127.0.0.1:33729/
[rosmaster.master][INFO] 2025-12-18 11:28:21,575: +SUB [/gripper_controller/follow_joint_trajectory/feedback] /play_motion http://127.0.0.1:33729/
[rosmaster.master][INFO] 2025-12-18 11:28:21,588: +SUB [/gripper_controller/follow_joint_trajectory/result] /play_motion http://127.0.0.1:33729/
[rosmaster.master][INFO] 2025-12-18 11:28:21,589: +PUB [/gripper_controller/follow_joint_trajectory/goal] /play_motion http://127.0.0.1:33729/
[rosmaster.master][INFO] 2025-12-18 11:28:21,589: +PUB [/gripper_controller/follow_joint_trajectory/cancel] /play_motion http://127.0.0.1:33729/
[rosmaster.master][INFO] 2025-12-18 11:28:21,603: +SUB [/head_controller/follow_joint_trajectory/status] /play_motion http://127.0.0.1:33729/
[rosmaster.master][INFO] 2025-12-18 11:28:21,611: publisherUpdate[/arm_controller/follow_joint_trajectory/goal] -> http://127.0.0.1:43063/ ['http://127.0.0.1:45471/', 'http://127.0.0.1:33729/']
[rosmaster.master][INFO] 2025-12-18 11:28:21,617: publisherUpdate[/arm_controller/follow_joint_trajectory/goal] -> http://127.0.0.1:43063/ ['http://127.0.0.1:45471/', 'http://127.0.0.1:33729/']: sec=0.00, result=[1, '', 0]
[rosmaster.master][INFO] 2025-12-18 11:28:21,627: publisherUpdate[/arm_controller/follow_joint_trajectory/cancel] -> http://127.0.0.1:43063/ ['http://127.0.0.1:45471/', 'http://127.0.0.1:33729/']
[rosmaster.master][INFO] 2025-12-18 11:28:21,628: +SUB [/head_controller/follow_joint_trajectory/feedback] /play_motion http://127.0.0.1:33729/
[rosmaster.master][INFO] 2025-12-18 11:28:21,630: publisherUpdate[/arm_controller/follow_joint_trajectory/cancel] -> http://127.0.0.1:43063/ ['http://127.0.0.1:45471/', 'http://127.0.0.1:33729/']: sec=0.00, result=[1, '', 0]
[rosmaster.master][INFO] 2025-12-18 11:28:21,631: publisherUpdate[/gripper_controller/follow_joint_trajectory/goal] -> http://127.0.0.1:43063/ ['http://127.0.0.1:33181/', 'http://127.0.0.1:45471/', 'http://127.0.0.1:33729/']
[rosmaster.master][INFO] 2025-12-18 11:28:21,632: publisherUpdate[/gripper_controller/follow_joint_trajectory/goal] -> http://127.0.0.1:43063/ ['http://127.0.0.1:33181/', 'http://127.0.0.1:45471/', 'http://127.0.0.1:33729/']: sec=0.00, result=[1, '', 0]
[rosmaster.master][INFO] 2025-12-18 11:28:21,633: publisherUpdate[/gripper_controller/follow_joint_trajectory/cancel] -> http://127.0.0.1:43063/ ['http://127.0.0.1:33181/', 'http://127.0.0.1:45471/', 'http://127.0.0.1:33729/']
[rosmaster.master][INFO] 2025-12-18 11:28:21,642: +SUB [/head_controller/follow_joint_trajectory/result] /play_motion http://127.0.0.1:33729/
[rosmaster.master][INFO] 2025-12-18 11:28:21,643: publisherUpdate[/gripper_controller/follow_joint_trajectory/cancel] -> http://127.0.0.1:43063/ ['http://127.0.0.1:33181/', 'http://127.0.0.1:45471/', 'http://127.0.0.1:33729/']: sec=0.01, result=[1, '', 0]
[rosmaster.master][INFO] 2025-12-18 11:28:21,644: +PUB [/head_controller/follow_joint_trajectory/goal] /play_motion http://127.0.0.1:33729/
[rosmaster.master][INFO] 2025-12-18 11:28:21,645: +PUB [/head_controller/follow_joint_trajectory/cancel] /play_motion http://127.0.0.1:33729/
[rosmaster.master][INFO] 2025-12-18 11:28:21,663: +SUB [/torso_controller/follow_joint_trajectory/status] /play_motion http://127.0.0.1:33729/
[rosmaster.master][INFO] 2025-12-18 11:28:21,678: +SUB [/torso_controller/follow_joint_trajectory/feedback] /play_motion http://127.0.0.1:33729/
[rosmaster.master][INFO] 2025-12-18 11:28:21,682: +SUB [/torso_controller/follow_joint_trajectory/result] /play_motion http://127.0.0.1:33729/
[rosmaster.master][INFO] 2025-12-18 11:28:21,688: +PUB [/torso_controller/follow_joint_trajectory/goal] /play_motion http://127.0.0.1:33729/
[rosmaster.master][INFO] 2025-12-18 11:28:21,693: +PUB [/torso_controller/follow_joint_trajectory/cancel] /play_motion http://127.0.0.1:33729/
[rosmaster.master][INFO] 2025-12-18 11:28:21,729: publisherUpdate[/head_controller/follow_joint_trajectory/goal] -> http://127.0.0.1:43063/ ['http://127.0.0.1:45471/', 'http://127.0.0.1:33729/']
[rosmaster.master][INFO] 2025-12-18 11:28:21,735: publisherUpdate[/head_controller/follow_joint_trajectory/goal] -> http://127.0.0.1:43063/ ['http://127.0.0.1:45471/', 'http://127.0.0.1:33729/']: sec=0.01, result=[1, '', 0]
[rosmaster.master][INFO] 2025-12-18 11:28:21,737: publisherUpdate[/head_controller/follow_joint_trajectory/cancel] -> http://127.0.0.1:43063/ ['http://127.0.0.1:45471/', 'http://127.0.0.1:33729/']
[rosmaster.master][INFO] 2025-12-18 11:28:21,743: publisherUpdate[/head_controller/follow_joint_trajectory/cancel] -> http://127.0.0.1:43063/ ['http://127.0.0.1:45471/', 'http://127.0.0.1:33729/']: sec=0.00, result=[1, '', 0]
[rosmaster.master][INFO] 2025-12-18 11:28:21,743: publisherUpdate[/torso_controller/follow_joint_trajectory/goal] -> http://127.0.0.1:43063/ ['http://127.0.0.1:45471/', 'http://127.0.0.1:33729/']
[rosmaster.master][INFO] 2025-12-18 11:28:21,745: publisherUpdate[/torso_controller/follow_joint_trajectory/goal] -> http://127.0.0.1:43063/ ['http://127.0.0.1:45471/', 'http://127.0.0.1:33729/']: sec=0.00, result=[1, '', 0]
[rosmaster.master][INFO] 2025-12-18 11:28:21,746: publisherUpdate[/torso_controller/follow_joint_trajectory/cancel] -> http://127.0.0.1:43063/ ['http://127.0.0.1:45471/', 'http://127.0.0.1:33729/']
[rosmaster.master][INFO] 2025-12-18 11:28:21,757: publisherUpdate[/torso_controller/follow_joint_trajectory/cancel] -> http://127.0.0.1:43063/ ['http://127.0.0.1:45471/', 'http://127.0.0.1:33729/']: sec=0.01, result=[1, '', 0]
[rosmaster.master][INFO] 2025-12-18 11:28:21,758: +CACHEDPARAM [/rosout_disable_topics_generation] by /tuck_arm
[rosmaster.master][INFO] 2025-12-18 11:28:21,768: +SUB [/joint_states] /tuck_arm http://127.0.0.1:39551/
[rosmaster.master][INFO] 2025-12-18 11:28:21,811: -SUB [/joint_states] /tuck_arm http://127.0.0.1:39551/
[rosmaster.master][INFO] 2025-12-18 11:28:22,751: +CACHEDPARAM [/rosout_disable_topics_generation] by /home_gripper
[rosmaster.master][INFO] 2025-12-18 11:28:22,760: -SUB [/clock] /home_gripper http://127.0.0.1:33181/
[rosmaster.master][INFO] 2025-12-18 11:28:22,761: -SUB [/gripper_controller/follow_joint_trajectory/status] /home_gripper http://127.0.0.1:33181/
[rosmaster.master][INFO] 2025-12-18 11:28:22,763: -SUB [/gripper_controller/follow_joint_trajectory/result] /home_gripper http://127.0.0.1:33181/
[rosmaster.master][INFO] 2025-12-18 11:28:22,764: -SUB [/gripper_controller/follow_joint_trajectory/feedback] /home_gripper http://127.0.0.1:33181/
[rosmaster.master][INFO] 2025-12-18 11:28:22,764: -PUB [/rosout] /home_gripper http://127.0.0.1:33181/
[rosmaster.master][INFO] 2025-12-18 11:28:22,764: -PUB [/gripper_controller/follow_joint_trajectory/goal] /home_gripper http://127.0.0.1:33181/
[rosmaster.master][INFO] 2025-12-18 11:28:22,764: -PUB [/gripper_controller/follow_joint_trajectory/cancel] /home_gripper http://127.0.0.1:33181/
[rosmaster.master][INFO] 2025-12-18 11:28:22,764: -SERVICE [/home_gripper/get_loggers] /home_gripper rosrpc://127.0.0.1:33407
[rosmaster.master][INFO] 2025-12-18 11:28:22,765: -SERVICE [/home_gripper/set_logger_level] /home_gripper rosrpc://127.0.0.1:33407
[rosmaster.master][INFO] 2025-12-18 11:28:22,767: publisherUpdate[/rosout] -> http://127.0.0.1:37277/ ['http://127.0.0.1:43797/', 'http://127.0.0.1:42461/', 'http://127.0.0.1:44715/', 'http://127.0.0.1:32855/', 'http://127.0.0.1:33729/', 'http://127.0.0.1:35889/', 'http://127.0.0.1:43711/', 'http://127.0.0.1:45471/', 'http://127.0.0.1:42017/', 'http://127.0.0.1:45411/', 'http://127.0.0.1:45865/', 'http://127.0.0.1:38761/', 'http://127.0.0.1:39167/', 'http://127.0.0.1:39551/', 'http://127.0.0.1:43063/', 'http://127.0.0.1:43801/', 'http://127.0.0.1:35007/', 'http://127.0.0.1:40945/', 'http://127.0.0.1:38461/']
[rosmaster.master][INFO] 2025-12-18 11:28:22,769: publisherUpdate[/rosout] -> http://127.0.0.1:37277/ ['http://127.0.0.1:43797/', 'http://127.0.0.1:42461/', 'http://127.0.0.1:44715/', 'http://127.0.0.1:32855/', 'http://127.0.0.1:33729/', 'http://127.0.0.1:35889/', 'http://127.0.0.1:43711/', 'http://127.0.0.1:45471/', 'http://127.0.0.1:42017/', 'http://127.0.0.1:45411/', 'http://127.0.0.1:45865/', 'http://127.0.0.1:38761/', 'http://127.0.0.1:39167/', 'http://127.0.0.1:39551/', 'http://127.0.0.1:43063/', 'http://127.0.0.1:43801/', 'http://127.0.0.1:35007/', 'http://127.0.0.1:40945/', 'http://127.0.0.1:38461/']: sec=0.00, result=[1, '', 0]
[rosmaster.master][INFO] 2025-12-18 11:28:22,769: publisherUpdate[/gripper_controller/follow_joint_trajectory/goal] -> http://127.0.0.1:43063/ ['http://127.0.0.1:45471/', 'http://127.0.0.1:33729/']
[rosmaster.master][INFO] 2025-12-18 11:28:22,770: publisherUpdate[/gripper_controller/follow_joint_trajectory/goal] -> http://127.0.0.1:43063/ ['http://127.0.0.1:45471/', 'http://127.0.0.1:33729/']: sec=0.00, result=[1, '', 0]
[rosmaster.master][INFO] 2025-12-18 11:28:22,773: publisherUpdate[/gripper_controller/follow_joint_trajectory/cancel] -> http://127.0.0.1:43063/ ['http://127.0.0.1:45471/', 'http://127.0.0.1:33729/']
[rosmaster.master][INFO] 2025-12-18 11:28:22,786: publisherUpdate[/gripper_controller/follow_joint_trajectory/cancel] -> http://127.0.0.1:43063/ ['http://127.0.0.1:45471/', 'http://127.0.0.1:33729/']: sec=0.01, result=[1, '', 0]
[rosmaster.master][INFO] 2025-12-18 11:28:28,336: +CACHEDPARAM [/rosout_disable_topics_generation] by /tuck_arm
[rosmaster.master][INFO] 2025-12-18 11:28:28,352: +CACHEDPARAM [/play_motion/motions/home] by /play_motion
[rosmaster.master][INFO] 2025-12-18 11:29:02,878: +CACHEDPARAM [/rosout_disable_topics_generation] by /tuck_arm
[rosmaster.master][INFO] 2025-12-18 11:29:02,911: -SUB [/clock] /tuck_arm http://127.0.0.1:39551/
[rosmaster.master][INFO] 2025-12-18 11:29:02,913: -SUB [/play_motion/status] /tuck_arm http://127.0.0.1:39551/
[rosmaster.master][INFO] 2025-12-18 11:29:02,916: -SUB [/play_motion/result] /tuck_arm http://127.0.0.1:39551/
[rosmaster.master][INFO] 2025-12-18 11:29:02,917: -SUB [/play_motion/feedback] /tuck_arm http://127.0.0.1:39551/
[rosmaster.master][INFO] 2025-12-18 11:29:02,919: -PUB [/rosout] /tuck_arm http://127.0.0.1:39551/
[rosmaster.master][INFO] 2025-12-18 11:29:02,920: -PUB [/play_motion/goal] /tuck_arm http://127.0.0.1:39551/
[rosmaster.master][INFO] 2025-12-18 11:29:02,921: -PUB [/play_motion/cancel] /tuck_arm http://127.0.0.1:39551/
[rosmaster.master][INFO] 2025-12-18 11:29:02,921: -SERVICE [/tuck_arm/get_loggers] /tuck_arm rosrpc://127.0.0.1:35703
[rosmaster.master][INFO] 2025-12-18 11:29:02,922: -SERVICE [/tuck_arm/set_logger_level] /tuck_arm rosrpc://127.0.0.1:35703
[rosmaster.master][INFO] 2025-12-18 11:29:02,944: publisherUpdate[/rosout] -> http://127.0.0.1:37277/ ['http://127.0.0.1:43797/', 'http://127.0.0.1:42461/', 'http://127.0.0.1:44715/', 'http://127.0.0.1:32855/', 'http://127.0.0.1:33729/', 'http://127.0.0.1:35889/', 'http://127.0.0.1:43711/', 'http://127.0.0.1:45471/', 'http://127.0.0.1:42017/', 'http://127.0.0.1:45411/', 'http://127.0.0.1:45865/', 'http://127.0.0.1:38761/', 'http://127.0.0.1:39167/', 'http://127.0.0.1:43063/', 'http://127.0.0.1:43801/', 'http://127.0.0.1:35007/', 'http://127.0.0.1:40945/', 'http://127.0.0.1:38461/']
[rosmaster.master][INFO] 2025-12-18 11:29:02,953: publisherUpdate[/rosout] -> http://127.0.0.1:37277/ ['http://127.0.0.1:43797/', 'http://127.0.0.1:42461/', 'http://127.0.0.1:44715/', 'http://127.0.0.1:32855/', 'http://127.0.0.1:33729/', 'http://127.0.0.1:35889/', 'http://127.0.0.1:43711/', 'http://127.0.0.1:45471/', 'http://127.0.0.1:42017/', 'http://127.0.0.1:45411/', 'http://127.0.0.1:45865/', 'http://127.0.0.1:38761/', 'http://127.0.0.1:39167/', 'http://127.0.0.1:43063/', 'http://127.0.0.1:43801/', 'http://127.0.0.1:35007/', 'http://127.0.0.1:40945/', 'http://127.0.0.1:38461/']: sec=0.00, result=[1, '', 0]
[rosmaster.master][INFO] 2025-12-18 11:29:02,954: publisherUpdate[/play_motion/goal] -> http://127.0.0.1:33729/ []
[rosmaster.master][INFO] 2025-12-18 11:29:02,957: publisherUpdate[/play_motion/goal] -> http://127.0.0.1:33729/ []: sec=0.00, result=[1, '', 0]
[rosmaster.master][INFO] 2025-12-18 11:29:02,958: publisherUpdate[/play_motion/cancel] -> http://127.0.0.1:33729/ []
[rosmaster.master][INFO] 2025-12-18 11:29:02,966: publisherUpdate[/play_motion/cancel] -> http://127.0.0.1:33729/ []: sec=0.01, result=[1, '', 0]
[rosmaster.master][INFO] 2025-12-18 11:30:19,680: +PUB [/rosout] /tiago_depth_capture_1193_1766053818020 http://127.0.0.1:43841/
[rosmaster.master][INFO] 2025-12-18 11:30:19,698: publisherUpdate[/rosout] -> http://127.0.0.1:37277/ ['http://127.0.0.1:43797/', 'http://127.0.0.1:42461/', 'http://127.0.0.1:44715/', 'http://127.0.0.1:32855/', 'http://127.0.0.1:33729/', 'http://127.0.0.1:35889/', 'http://127.0.0.1:43711/', 'http://127.0.0.1:45471/', 'http://127.0.0.1:42017/', 'http://127.0.0.1:45411/', 'http://127.0.0.1:45865/', 'http://127.0.0.1:38761/', 'http://127.0.0.1:39167/', 'http://127.0.0.1:43063/', 'http://127.0.0.1:43801/', 'http://127.0.0.1:35007/', 'http://127.0.0.1:40945/', 'http://127.0.0.1:38461/', 'http://127.0.0.1:43841/']
[rosmaster.master][INFO] 2025-12-18 11:30:19,709: publisherUpdate[/rosout] -> http://127.0.0.1:37277/ ['http://127.0.0.1:43797/', 'http://127.0.0.1:42461/', 'http://127.0.0.1:44715/', 'http://127.0.0.1:32855/', 'http://127.0.0.1:33729/', 'http://127.0.0.1:35889/', 'http://127.0.0.1:43711/', 'http://127.0.0.1:45471/', 'http://127.0.0.1:42017/', 'http://127.0.0.1:45411/', 'http://127.0.0.1:45865/', 'http://127.0.0.1:38761/', 'http://127.0.0.1:39167/', 'http://127.0.0.1:43063/', 'http://127.0.0.1:43801/', 'http://127.0.0.1:35007/', 'http://127.0.0.1:40945/', 'http://127.0.0.1:38461/', 'http://127.0.0.1:43841/']: sec=0.01, result=[1, '', 0]
[rosmaster.master][INFO] 2025-12-18 11:30:19,712: +SUB [/clock] /tiago_depth_capture_1193_1766053818020 http://127.0.0.1:43841/
[rosmaster.master][INFO] 2025-12-18 11:30:19,732: +SERVICE [/tiago_depth_capture_1193_1766053818020/get_loggers] /tiago_depth_capture_1193_1766053818020 http://127.0.0.1:43841/
[rosmaster.master][INFO] 2025-12-18 11:30:19,742: +SERVICE [/tiago_depth_capture_1193_1766053818020/set_logger_level] /tiago_depth_capture_1193_1766053818020 http://127.0.0.1:43841/
[rosmaster.master][INFO] 2025-12-18 11:30:19,779: +SUB [/xtion/rgb/image_raw] /tiago_depth_capture_1193_1766053818020 http://127.0.0.1:43841/
[rosmaster.master][INFO] 2025-12-18 11:30:19,795: +SUB [/xtion/depth_registered/image_raw] /tiago_depth_capture_1193_1766053818020 http://127.0.0.1:43841/
[rosmaster.master][INFO] 2025-12-18 11:30:19,814: +PUB [/head_controller/command] /tiago_depth_capture_1193_1766053818020 http://127.0.0.1:43841/
[rosmaster.master][INFO] 2025-12-18 11:30:19,814: publisherUpdate[/head_controller/command] -> http://127.0.0.1:43063/ ['http://127.0.0.1:43797/', 'http://127.0.0.1:43841/']
[rosmaster.master][INFO] 2025-12-18 11:30:19,820: publisherUpdate[/head_controller/command] -> http://127.0.0.1:43063/ ['http://127.0.0.1:43797/', 'http://127.0.0.1:43841/']: sec=0.00, result=[1, '', 0]
[rosmaster.master][INFO] 2025-12-18 11:30:19,833: +PUB [/torso_controller/command] /tiago_depth_capture_1193_1766053818020 http://127.0.0.1:43841/
[rosmaster.master][INFO] 2025-12-18 11:30:19,835: publisherUpdate[/torso_controller/command] -> http://127.0.0.1:43063/ ['http://127.0.0.1:43841/']
[rosmaster.master][INFO] 2025-12-18 11:30:19,851: publisherUpdate[/torso_controller/command] -> http://127.0.0.1:43063/ ['http://127.0.0.1:43841/']: sec=0.01, result=[1, '', 0]
[rosmaster.master][INFO] 2025-12-18 11:30:22,884: +CACHEDPARAM [/rosout_disable_topics_generation] by /tiago_depth_capture_1193_1766053818020
[rosmaster.master][INFO] 2025-12-18 11:30:28,884: +CACHEDPARAM [/rosout_disable_topics_generation] by /tiago_depth_capture_1193_1766053818020
[rosmaster.master][INFO] 2025-12-18 11:30:28,903: +CACHEDPARAM [/rosout_disable_topics_generation] by /tiago_depth_capture_1193_1766053818020
[rosmaster.master][INFO] 2025-12-18 11:30:28,922: +CACHEDPARAM [/rosout_disable_topics_generation] by /tiago_depth_capture_1193_1766053818020
[rosmaster.master][INFO] 2025-12-18 11:30:35,041: +CACHEDPARAM [/rosout_disable_topics_generation] by /tiago_depth_capture_1193_1766053818020
[rosmaster.master][INFO] 2025-12-18 11:30:46,761: +CACHEDPARAM [/rosout_disable_topics_generation] by /tiago_depth_capture_1193_1766053818020
[rosmaster.master][INFO] 2025-12-18 11:30:46,788: +CACHEDPARAM [/rosout_disable_topics_generation] by /tiago_depth_capture_1193_1766053818020
[rosmaster.master][INFO] 2025-12-18 11:30:46,809: +CACHEDPARAM [/rosout_disable_topics_generation] by /tiago_depth_capture_1193_1766053818020
[rosmaster.master][INFO] 2025-12-18 11:30:46,836: +CACHEDPARAM [/rosout_disable_topics_generation] by /tiago_depth_capture_1193_1766053818020
[rosmaster.master][INFO] 2025-12-18 11:30:46,855: +CACHEDPARAM [/rosout_disable_topics_generation] by /tiago_depth_capture_1193_1766053818020
[rosmaster.master][INFO] 2025-12-18 11:30:46,882: +CACHEDPARAM [/rosout_disable_topics_generation] by /tiago_depth_capture_1193_1766053818020
[rosmaster.master][INFO] 2025-12-18 11:30:46,892: +CACHEDPARAM [/rosout_disable_topics_generation] by /tiago_depth_capture_1193_1766053818020
[rosmaster.master][INFO] 2025-12-18 11:30:46,903: +CACHEDPARAM [/rosout_disable_topics_generation] by /tiago_depth_capture_1193_1766053818020
[rosmaster.master][INFO] 2025-12-18 11:30:46,914: +CACHEDPARAM [/rosout_disable_topics_generation] by /tiago_depth_capture_1193_1766053818020
[rosmaster.master][INFO] 2025-12-18 11:30:46,961: +CACHEDPARAM [/rosout_disable_topics_generation] by /tiago_depth_capture_1193_1766053818020
[rosmaster.master][INFO] 2025-12-18 11:30:46,986: +CACHEDPARAM [/rosout_disable_topics_generation] by /tiago_depth_capture_1193_1766053818020
[rosmaster.master][INFO] 2025-12-18 11:30:47,006: +CACHEDPARAM [/rosout_disable_topics_generation] by /tiago_depth_capture_1193_1766053818020
[rosmaster.master][INFO] 2025-12-18 11:30:47,020: -SUB [/clock] /tiago_depth_capture_1193_1766053818020 http://127.0.0.1:43841/
[rosmaster.master][INFO] 2025-12-18 11:30:47,022: -SUB [/xtion/rgb/image_raw] /tiago_depth_capture_1193_1766053818020 http://127.0.0.1:43841/
[rosmaster.master][INFO] 2025-12-18 11:30:47,025: -SUB [/xtion/depth_registered/image_raw] /tiago_depth_capture_1193_1766053818020 http://127.0.0.1:43841/
[rosmaster.master][INFO] 2025-12-18 11:30:47,028: -PUB [/rosout] /tiago_depth_capture_1193_1766053818020 http://127.0.0.1:43841/
[rosmaster.master][INFO] 2025-12-18 11:30:47,029: -PUB [/head_controller/command] /tiago_depth_capture_1193_1766053818020 http://127.0.0.1:43841/
[rosmaster.master][INFO] 2025-12-18 11:30:47,030: -PUB [/torso_controller/command] /tiago_depth_capture_1193_1766053818020 http://127.0.0.1:43841/
[rosmaster.master][INFO] 2025-12-18 11:30:47,034: -SERVICE [/tiago_depth_capture_1193_1766053818020/get_loggers] /tiago_depth_capture_1193_1766053818020 rosrpc://127.0.0.1:40387
[rosmaster.master][INFO] 2025-12-18 11:30:47,035: -SERVICE [/tiago_depth_capture_1193_1766053818020/set_logger_level] /tiago_depth_capture_1193_1766053818020 rosrpc://127.0.0.1:40387
[rosmaster.master][INFO] 2025-12-18 11:30:47,074: publisherUpdate[/rosout] -> http://127.0.0.1:37277/ ['http://127.0.0.1:43797/', 'http://127.0.0.1:42461/', 'http://127.0.0.1:44715/', 'http://127.0.0.1:32855/', 'http://127.0.0.1:33729/', 'http://127.0.0.1:35889/', 'http://127.0.0.1:43711/', 'http://127.0.0.1:45471/', 'http://127.0.0.1:42017/', 'http://127.0.0.1:45411/', 'http://127.0.0.1:45865/', 'http://127.0.0.1:38761/', 'http://127.0.0.1:39167/', 'http://127.0.0.1:43063/', 'http://127.0.0.1:43801/', 'http://127.0.0.1:35007/', 'http://127.0.0.1:40945/', 'http://127.0.0.1:38461/']
[rosmaster.master][INFO] 2025-12-18 11:30:47,085: publisherUpdate[/rosout] -> http://127.0.0.1:37277/ ['http://127.0.0.1:43797/', 'http://127.0.0.1:42461/', 'http://127.0.0.1:44715/', 'http://127.0.0.1:32855/', 'http://127.0.0.1:33729/', 'http://127.0.0.1:35889/', 'http://127.0.0.1:43711/', 'http://127.0.0.1:45471/', 'http://127.0.0.1:42017/', 'http://127.0.0.1:45411/', 'http://127.0.0.1:45865/', 'http://127.0.0.1:38761/', 'http://127.0.0.1:39167/', 'http://127.0.0.1:43063/', 'http://127.0.0.1:43801/', 'http://127.0.0.1:35007/', 'http://127.0.0.1:40945/', 'http://127.0.0.1:38461/']: sec=0.01, result=[1, '', 0]
[rosmaster.master][INFO] 2025-12-18 11:30:47,086: publisherUpdate[/head_controller/command] -> http://127.0.0.1:43063/ ['http://127.0.0.1:43797/']
[rosmaster.master][INFO] 2025-12-18 11:30:47,091: publisherUpdate[/head_controller/command] -> http://127.0.0.1:43063/ ['http://127.0.0.1:43797/']: sec=0.00, result=[1, '', 0]
[rosmaster.master][INFO] 2025-12-18 11:30:47,091: publisherUpdate[/torso_controller/command] -> http://127.0.0.1:43063/ []
[rosmaster.master][INFO] 2025-12-18 11:30:47,095: publisherUpdate[/torso_controller/command] -> http://127.0.0.1:43063/ []: sec=0.00, result=[1, '', 0]
[rosmaster.master][INFO] 2025-12-18 11:34:13,358: +PUB [/rosout] /tiago_position_with_depth http://127.0.0.1:36469/
[rosmaster.master][INFO] 2025-12-18 11:34:13,373: +SUB [/clock] /tiago_position_with_depth http://127.0.0.1:36469/
[rosmaster.master][INFO] 2025-12-18 11:34:13,387: +SERVICE [/tiago_position_with_depth/get_loggers] /tiago_position_with_depth http://127.0.0.1:36469/
[rosmaster.master][INFO] 2025-12-18 11:34:13,389: publisherUpdate[/rosout] -> http://127.0.0.1:37277/ ['http://127.0.0.1:43797/', 'http://127.0.0.1:42461/', 'http://127.0.0.1:44715/', 'http://127.0.0.1:32855/', 'http://127.0.0.1:33729/', 'http://127.0.0.1:35889/', 'http://127.0.0.1:43711/', 'http://127.0.0.1:45471/', 'http://127.0.0.1:42017/', 'http://127.0.0.1:45411/', 'http://127.0.0.1:45865/', 'http://127.0.0.1:38761/', 'http://127.0.0.1:39167/', 'http://127.0.0.1:43063/', 'http://127.0.0.1:43801/', 'http://127.0.0.1:35007/', 'http://127.0.0.1:40945/', 'http://127.0.0.1:38461/', 'http://127.0.0.1:36469/']
[rosmaster.master][INFO] 2025-12-18 11:34:13,397: publisherUpdate[/rosout] -> http://127.0.0.1:37277/ ['http://127.0.0.1:43797/', 'http://127.0.0.1:42461/', 'http://127.0.0.1:44715/', 'http://127.0.0.1:32855/', 'http://127.0.0.1:33729/', 'http://127.0.0.1:35889/', 'http://127.0.0.1:43711/', 'http://127.0.0.1:45471/', 'http://127.0.0.1:42017/', 'http://127.0.0.1:45411/', 'http://127.0.0.1:45865/', 'http://127.0.0.1:38761/', 'http://127.0.0.1:39167/', 'http://127.0.0.1:43063/', 'http://127.0.0.1:43801/', 'http://127.0.0.1:35007/', 'http://127.0.0.1:40945/', 'http://127.0.0.1:38461/', 'http://127.0.0.1:36469/']: sec=0.01, result=[1, '', 0]
[rosmaster.master][INFO] 2025-12-18 11:34:13,405: +SERVICE [/tiago_position_with_depth/set_logger_level] /tiago_position_with_depth http://127.0.0.1:36469/
[rosmaster.master][INFO] 2025-12-18 11:34:13,440: +PUB [/rosout] /move_group_commander_wrappers_1766054053412521071 http://127.0.0.1:39677/
[rosmaster.master][INFO] 2025-12-18 11:34:13,447: +SERVICE [/move_group_commander_wrappers_1766054053412521071/get_loggers] /move_group_commander_wrappers_1766054053412521071 http://127.0.0.1:39677/
[rosmaster.master][INFO] 2025-12-18 11:34:13,456: +SERVICE [/move_group_commander_wrappers_1766054053412521071/set_logger_level] /move_group_commander_wrappers_1766054053412521071 http://127.0.0.1:39677/
[rosmaster.master][INFO] 2025-12-18 11:34:13,472: publisherUpdate[/rosout] -> http://127.0.0.1:37277/ ['http://127.0.0.1:43797/', 'http://127.0.0.1:42461/', 'http://127.0.0.1:44715/', 'http://127.0.0.1:32855/', 'http://127.0.0.1:33729/', 'http://127.0.0.1:35889/', 'http://127.0.0.1:43711/', 'http://127.0.0.1:45471/', 'http://127.0.0.1:42017/', 'http://127.0.0.1:45411/', 'http://127.0.0.1:45865/', 'http://127.0.0.1:38761/', 'http://127.0.0.1:39167/', 'http://127.0.0.1:43063/', 'http://127.0.0.1:43801/', 'http://127.0.0.1:35007/', 'http://127.0.0.1:40945/', 'http://127.0.0.1:38461/', 'http://127.0.0.1:36469/', 'http://127.0.0.1:39677/']
[rosmaster.master][INFO] 2025-12-18 11:34:13,487: publisherUpdate[/rosout] -> http://127.0.0.1:37277/ ['http://127.0.0.1:43797/', 'http://127.0.0.1:42461/', 'http://127.0.0.1:44715/', 'http://127.0.0.1:32855/', 'http://127.0.0.1:33729/', 'http://127.0.0.1:35889/', 'http://127.0.0.1:43711/', 'http://127.0.0.1:45471/', 'http://127.0.0.1:42017/', 'http://127.0.0.1:45411/', 'http://127.0.0.1:45865/', 'http://127.0.0.1:38761/', 'http://127.0.0.1:39167/', 'http://127.0.0.1:43063/', 'http://127.0.0.1:43801/', 'http://127.0.0.1:35007/', 'http://127.0.0.1:40945/', 'http://127.0.0.1:38461/', 'http://127.0.0.1:36469/', 'http://127.0.0.1:39677/']: sec=0.01, result=[1, '', 0]
[rosmaster.master][INFO] 2025-12-18 11:34:13,507: +SUB [/clock] /move_group_commander_wrappers_1766054053412521071 http://127.0.0.1:39677/
[rosmaster.master][INFO] 2025-12-18 11:34:13,532: +SUB [/tf] /move_group_commander_wrappers_1766054053412521071 http://127.0.0.1:39677/
[rosmaster.master][INFO] 2025-12-18 11:34:13,550: +SUB [/tf_static] /move_group_commander_wrappers_1766054053412521071 http://127.0.0.1:39677/
[rosmaster.master][INFO] 2025-12-18 11:34:13,611: +CACHEDPARAM [/rosout_disable_topics_generation] by /move_group_commander_wrappers_1766054053412521071
[rosmaster.master][INFO] 2025-12-18 11:34:14,949: +PUB [/trajectory_execution_event] /move_group_commander_wrappers_1766054053412521071 http://127.0.0.1:39677/
[rosmaster.master][INFO] 2025-12-18 11:34:14,951: +PUB [/attached_collision_object] /move_group_commander_wrappers_1766054053412521071 http://127.0.0.1:39677/
[rosmaster.master][INFO] 2025-12-18 11:34:14,981: +SUB [/move_group/status] /move_group_commander_wrappers_1766054053412521071 http://127.0.0.1:39677/
[rosmaster.master][INFO] 2025-12-18 11:34:15,004: publisherUpdate[/trajectory_execution_event] -> http://127.0.0.1:45471/ ['http://127.0.0.1:33729/', 'http://127.0.0.1:39677/']
[rosmaster.master][INFO] 2025-12-18 11:34:15,019: +SUB [/move_group/feedback] /move_group_commander_wrappers_1766054053412521071 http://127.0.0.1:39677/
[rosmaster.master][INFO] 2025-12-18 11:34:15,027: publisherUpdate[/trajectory_execution_event] -> http://127.0.0.1:45471/ ['http://127.0.0.1:33729/', 'http://127.0.0.1:39677/']: sec=0.01, result=[1, '', 0]
[rosmaster.master][INFO] 2025-12-18 11:34:15,030: publisherUpdate[/attached_collision_object] -> http://127.0.0.1:45471/ ['http://127.0.0.1:33729/', 'http://127.0.0.1:39677/']
[rosmaster.master][INFO] 2025-12-18 11:34:15,045: publisherUpdate[/attached_collision_object] -> http://127.0.0.1:45471/ ['http://127.0.0.1:33729/', 'http://127.0.0.1:39677/']: sec=0.01, result=[1, '', 0]
[rosmaster.master][INFO] 2025-12-18 11:34:15,048: +SUB [/move_group/result] /move_group_commander_wrappers_1766054053412521071 http://127.0.0.1:39677/
[rosmaster.master][INFO] 2025-12-18 11:34:15,052: +PUB [/move_group/goal] /move_group_commander_wrappers_1766054053412521071 http://127.0.0.1:39677/
[rosmaster.master][INFO] 2025-12-18 11:34:15,055: +PUB [/move_group/cancel] /move_group_commander_wrappers_1766054053412521071 http://127.0.0.1:39677/
[rosmaster.master][INFO] 2025-12-18 11:34:15,114: publisherUpdate[/move_group/goal] -> http://127.0.0.1:45471/ ['http://127.0.0.1:33729/', 'http://127.0.0.1:39677/']
[rosmaster.master][INFO] 2025-12-18 11:34:15,130: publisherUpdate[/move_group/goal] -> http://127.0.0.1:45471/ ['http://127.0.0.1:33729/', 'http://127.0.0.1:39677/']: sec=0.01, result=[1, '', 0]
[rosmaster.master][INFO] 2025-12-18 11:34:15,130: publisherUpdate[/move_group/cancel] -> http://127.0.0.1:45471/ ['http://127.0.0.1:33729/', 'http://127.0.0.1:39677/']
[rosmaster.master][INFO] 2025-12-18 11:34:15,146: publisherUpdate[/move_group/cancel] -> http://127.0.0.1:45471/ ['http://127.0.0.1:33729/', 'http://127.0.0.1:39677/']: sec=0.02, result=[1, '', 0]
[rosmaster.master][INFO] 2025-12-18 11:34:15,378: +SUB [/pickup/status] /move_group_commander_wrappers_1766054053412521071 http://127.0.0.1:39677/
[rosmaster.master][INFO] 2025-12-18 11:34:15,396: +SUB [/pickup/feedback] /move_group_commander_wrappers_1766054053412521071 http://127.0.0.1:39677/
[rosmaster.master][INFO] 2025-12-18 11:34:15,424: +SUB [/pickup/result] /move_group_commander_wrappers_1766054053412521071 http://127.0.0.1:39677/
[rosmaster.master][INFO] 2025-12-18 11:34:15,427: +PUB [/pickup/goal] /move_group_commander_wrappers_1766054053412521071 http://127.0.0.1:39677/
[rosmaster.master][INFO] 2025-12-18 11:34:15,432: +PUB [/pickup/cancel] /move_group_commander_wrappers_1766054053412521071 http://127.0.0.1:39677/
[rosmaster.master][INFO] 2025-12-18 11:34:15,447: publisherUpdate[/pickup/goal] -> http://127.0.0.1:45471/ ['http://127.0.0.1:33729/', 'http://127.0.0.1:39677/']
[rosmaster.master][INFO] 2025-12-18 11:34:15,453: publisherUpdate[/pickup/goal] -> http://127.0.0.1:45471/ ['http://127.0.0.1:33729/', 'http://127.0.0.1:39677/']: sec=0.01, result=[1, '', 0]
[rosmaster.master][INFO] 2025-12-18 11:34:15,454: publisherUpdate[/pickup/cancel] -> http://127.0.0.1:45471/ ['http://127.0.0.1:33729/', 'http://127.0.0.1:39677/']
[rosmaster.master][INFO] 2025-12-18 11:34:15,458: publisherUpdate[/pickup/cancel] -> http://127.0.0.1:45471/ ['http://127.0.0.1:33729/', 'http://127.0.0.1:39677/']: sec=0.00, result=[1, '', 0]
[rosmaster.master][INFO] 2025-12-18 11:34:15,696: +SUB [/place/status] /move_group_commander_wrappers_1766054053412521071 http://127.0.0.1:39677/
[rosmaster.master][INFO] 2025-12-18 11:34:15,713: +SUB [/place/feedback] /move_group_commander_wrappers_1766054053412521071 http://127.0.0.1:39677/
[rosmaster.master][INFO] 2025-12-18 11:34:15,739: +SUB [/place/result] /move_group_commander_wrappers_1766054053412521071 http://127.0.0.1:39677/
[rosmaster.master][INFO] 2025-12-18 11:34:15,742: +PUB [/place/goal] /move_group_commander_wrappers_1766054053412521071 http://127.0.0.1:39677/
[rosmaster.master][INFO] 2025-12-18 11:34:15,748: +PUB [/place/cancel] /move_group_commander_wrappers_1766054053412521071 http://127.0.0.1:39677/
[rosmaster.master][INFO] 2025-12-18 11:34:15,751: publisherUpdate[/place/goal] -> http://127.0.0.1:45471/ ['http://127.0.0.1:33729/', 'http://127.0.0.1:39677/']
[rosmaster.master][INFO] 2025-12-18 11:34:15,763: publisherUpdate[/place/goal] -> http://127.0.0.1:45471/ ['http://127.0.0.1:33729/', 'http://127.0.0.1:39677/']: sec=0.01, result=[1, '', 0]
[rosmaster.master][INFO] 2025-12-18 11:34:15,765: publisherUpdate[/place/cancel] -> http://127.0.0.1:45471/ ['http://127.0.0.1:33729/', 'http://127.0.0.1:39677/']
[rosmaster.master][INFO] 2025-12-18 11:34:15,770: publisherUpdate[/place/cancel] -> http://127.0.0.1:45471/ ['http://127.0.0.1:33729/', 'http://127.0.0.1:39677/']: sec=0.00, result=[1, '', 0]
[rosmaster.master][INFO] 2025-12-18 11:34:15,907: +SUB [/execute_trajectory/status] /move_group_commander_wrappers_1766054053412521071 http://127.0.0.1:39677/
[rosmaster.master][INFO] 2025-12-18 11:34:15,934: +SUB [/execute_trajectory/feedback] /move_group_commander_wrappers_1766054053412521071 http://127.0.0.1:39677/
[rosmaster.master][INFO] 2025-12-18 11:34:15,947: +SUB [/execute_trajectory/result] /move_group_commander_wrappers_1766054053412521071 http://127.0.0.1:39677/
[rosmaster.master][INFO] 2025-12-18 11:34:15,951: +PUB [/execute_trajectory/goal] /move_group_commander_wrappers_1766054053412521071 http://127.0.0.1:39677/
[rosmaster.master][INFO] 2025-12-18 11:34:15,955: +PUB [/execute_trajectory/cancel] /move_group_commander_wrappers_1766054053412521071 http://127.0.0.1:39677/
[rosmaster.master][INFO] 2025-12-18 11:34:15,956: publisherUpdate[/execute_trajectory/goal] -> http://127.0.0.1:45471/ ['http://127.0.0.1:33729/', 'http://127.0.0.1:39677/']
[rosmaster.master][INFO] 2025-12-18 11:34:15,967: publisherUpdate[/execute_trajectory/goal] -> http://127.0.0.1:45471/ ['http://127.0.0.1:33729/', 'http://127.0.0.1:39677/']: sec=0.01, result=[1, '', 0]
[rosmaster.master][INFO] 2025-12-18 11:34:15,967: publisherUpdate[/execute_trajectory/cancel] -> http://127.0.0.1:45471/ ['http://127.0.0.1:33729/', 'http://127.0.0.1:39677/']
[rosmaster.master][INFO] 2025-12-18 11:34:15,976: publisherUpdate[/execute_trajectory/cancel] -> http://127.0.0.1:45471/ ['http://127.0.0.1:33729/', 'http://127.0.0.1:39677/']: sec=0.01, result=[1, '', 0]
[rosmaster.master][INFO] 2025-12-18 11:34:16,129: +SERVICE [/tiago_position_with_depth/tf2_frames] /tiago_position_with_depth http://127.0.0.1:36469/
[rosmaster.master][INFO] 2025-12-18 11:34:16,147: +SUB [/tf] /tiago_position_with_depth http://127.0.0.1:36469/
[rosmaster.master][INFO] 2025-12-18 11:34:16,165: +SUB [/tf_static] /tiago_position_with_depth http://127.0.0.1:36469/
[rosmaster.master][INFO] 2025-12-18 11:34:16,357: +CACHEDPARAM [/rosout_disable_topics_generation] by /tiago_position_with_depth
[rosmaster.master][INFO] 2025-12-18 11:34:16,377: +CACHEDPARAM [/rosout_disable_topics_generation] by /tiago_position_with_depth
[rosmaster.master][INFO] 2025-12-18 11:34:16,397: +CACHEDPARAM [/rosout_disable_topics_generation] by /tiago_position_with_depth
[rosmaster.master][INFO] 2025-12-18 11:34:23,415: +CACHEDPARAM [/rosout_disable_topics_generation] by /tiago_position_with_depth
[rosmaster.master][INFO] 2025-12-18 11:34:54,484: +CACHEDPARAM [/rosout_disable_topics_generation] by /tiago_position_with_depth
[rosmaster.master][INFO] 2025-12-18 11:34:54,507: +CACHEDPARAM [/rosout_disable_topics_generation] by /tiago_position_with_depth
[rosmaster.master][INFO] 2025-12-18 11:34:54,547: +CACHEDPARAM [/rosout_disable_topics_generation] by /tiago_position_with_depth
[rosmaster.master][INFO] 2025-12-18 11:34:54,580: +CACHEDPARAM [/rosout_disable_topics_generation] by /tiago_position_with_depth
[rosmaster.master][INFO] 2025-12-18 11:34:54,587: +CACHEDPARAM [/rosout_disable_topics_generation] by /tiago_position_with_depth
[rosmaster.master][INFO] 2025-12-18 11:35:04,725: +CACHEDPARAM [/rosout_disable_topics_generation] by /tiago_position_with_depth
[rosmaster.master][INFO] 2025-12-18 11:35:04,788: -PUB [/rosout] /move_group_commander_wrappers_1766054053412521071 http://127.0.0.1:39677/
[rosmaster.master][INFO] 2025-12-18 11:35:04,797: -PUB [/trajectory_execution_event] /move_group_commander_wrappers_1766054053412521071 http://127.0.0.1:39677/
[rosmaster.master][INFO] 2025-12-18 11:35:04,804: publisherUpdate[/rosout] -> http://127.0.0.1:37277/ ['http://127.0.0.1:43797/', 'http://127.0.0.1:42461/', 'http://127.0.0.1:44715/', 'http://127.0.0.1:32855/', 'http://127.0.0.1:33729/', 'http://127.0.0.1:35889/', 'http://127.0.0.1:43711/', 'http://127.0.0.1:45471/', 'http://127.0.0.1:42017/', 'http://127.0.0.1:45411/', 'http://127.0.0.1:45865/', 'http://127.0.0.1:38761/', 'http://127.0.0.1:39167/', 'http://127.0.0.1:43063/', 'http://127.0.0.1:43801/', 'http://127.0.0.1:35007/', 'http://127.0.0.1:40945/', 'http://127.0.0.1:38461/', 'http://127.0.0.1:36469/']
[rosmaster.master][INFO] 2025-12-18 11:35:04,810: -PUB [/attached_collision_object] /move_group_commander_wrappers_1766054053412521071 http://127.0.0.1:39677/
[rosmaster.master][INFO] 2025-12-18 11:35:04,814: publisherUpdate[/trajectory_execution_event] -> http://127.0.0.1:45471/ ['http://127.0.0.1:33729/']
[rosmaster.master][INFO] 2025-12-18 11:35:04,820: -PUB [/move_group/goal] /move_group_commander_wrappers_1766054053412521071 http://127.0.0.1:39677/
[rosmaster.master][INFO] 2025-12-18 11:35:04,822: publisherUpdate[/rosout] -> http://127.0.0.1:37277/ ['http://127.0.0.1:43797/', 'http://127.0.0.1:42461/', 'http://127.0.0.1:44715/', 'http://127.0.0.1:32855/', 'http://127.0.0.1:33729/', 'http://127.0.0.1:35889/', 'http://127.0.0.1:43711/', 'http://127.0.0.1:45471/', 'http://127.0.0.1:42017/', 'http://127.0.0.1:45411/', 'http://127.0.0.1:45865/', 'http://127.0.0.1:38761/', 'http://127.0.0.1:39167/', 'http://127.0.0.1:43063/', 'http://127.0.0.1:43801/', 'http://127.0.0.1:35007/', 'http://127.0.0.1:40945/', 'http://127.0.0.1:38461/', 'http://127.0.0.1:36469/']: sec=0.01, result=[1, '', 0]
[rosmaster.master][INFO] 2025-12-18 11:35:04,827: -PUB [/move_group/cancel] /move_group_commander_wrappers_1766054053412521071 http://127.0.0.1:39677/
[rosmaster.master][INFO] 2025-12-18 11:35:04,825: publisherUpdate[/trajectory_execution_event] -> http://127.0.0.1:45471/ ['http://127.0.0.1:33729/']: sec=0.00, result=[1, '', 0]
[rosmaster.master][INFO] 2025-12-18 11:35:04,830: -PUB [/pickup/goal] /move_group_commander_wrappers_1766054053412521071 http://127.0.0.1:39677/
[rosmaster.master][INFO] 2025-12-18 11:35:04,832: publisherUpdate[/attached_collision_object] -> http://127.0.0.1:45471/ ['http://127.0.0.1:33729/']
[rosmaster.master][INFO] 2025-12-18 11:35:04,836: publisherUpdate[/attached_collision_object] -> http://127.0.0.1:45471/ ['http://127.0.0.1:33729/']: sec=0.00, result=[1, '', 0]
[rosmaster.master][INFO] 2025-12-18 11:35:04,836: publisherUpdate[/move_group/goal] -> http://127.0.0.1:45471/ ['http://127.0.0.1:33729/']
[rosmaster.master][INFO] 2025-12-18 11:35:04,838: -PUB [/pickup/cancel] /move_group_commander_wrappers_1766054053412521071 http://127.0.0.1:39677/
[rosmaster.master][INFO] 2025-12-18 11:35:04,840: -PUB [/place/goal] /move_group_commander_wrappers_1766054053412521071 http://127.0.0.1:39677/
[rosmaster.master][INFO] 2025-12-18 11:35:04,842: publisherUpdate[/move_group/goal] -> http://127.0.0.1:45471/ ['http://127.0.0.1:33729/']: sec=0.01, result=[1, '', 0]
[rosmaster.master][INFO] 2025-12-18 11:35:04,843: -PUB [/place/cancel] /move_group_commander_wrappers_1766054053412521071 http://127.0.0.1:39677/
[rosmaster.master][INFO] 2025-12-18 11:35:04,844: publisherUpdate[/move_group/cancel] -> http://127.0.0.1:45471/ ['http://127.0.0.1:33729/']
[rosmaster.master][INFO] 2025-12-18 11:35:04,880: publisherUpdate[/move_group/cancel] -> http://127.0.0.1:45471/ ['http://127.0.0.1:33729/']: sec=0.04, result=[1, '', 0]
[rosmaster.master][INFO] 2025-12-18 11:35:04,882: publisherUpdate[/pickup/goal] -> http://127.0.0.1:45471/ ['http://127.0.0.1:33729/']
[rosmaster.master][INFO] 2025-12-18 11:35:04,883: -PUB [/execute_trajectory/goal] /move_group_commander_wrappers_1766054053412521071 http://127.0.0.1:39677/
[rosmaster.master][INFO] 2025-12-18 11:35:04,886: publisherUpdate[/pickup/goal] -> http://127.0.0.1:45471/ ['http://127.0.0.1:33729/']: sec=0.00, result=[1, '', 0]
[rosmaster.master][INFO] 2025-12-18 11:35:04,886: publisherUpdate[/pickup/cancel] -> http://127.0.0.1:45471/ ['http://127.0.0.1:33729/']
[rosmaster.master][INFO] 2025-12-18 11:35:04,891: -PUB [/execute_trajectory/cancel] /move_group_commander_wrappers_1766054053412521071 http://127.0.0.1:39677/
[rosmaster.master][INFO] 2025-12-18 11:35:04,892: publisherUpdate[/pickup/cancel] -> http://127.0.0.1:45471/ ['http://127.0.0.1:33729/']: sec=0.01, result=[1, '', 0]
[rosmaster.master][INFO] 2025-12-18 11:35:04,894: publisherUpdate[/place/goal] -> http://127.0.0.1:45471/ ['http://127.0.0.1:33729/']
[rosmaster.master][INFO] 2025-12-18 11:35:04,903: -SUB [/clock] /move_group_commander_wrappers_1766054053412521071 http://127.0.0.1:39677/
[rosmaster.master][INFO] 2025-12-18 11:35:04,909: publisherUpdate[/place/goal] -> http://127.0.0.1:45471/ ['http://127.0.0.1:33729/']: sec=0.01, result=[1, '', 0]
[rosmaster.master][INFO] 2025-12-18 11:35:04,912: -SUB [/tf] /move_group_commander_wrappers_1766054053412521071 http://127.0.0.1:39677/
[rosmaster.master][INFO] 2025-12-18 11:35:04,914: publisherUpdate[/place/cancel] -> http://127.0.0.1:45471/ ['http://127.0.0.1:33729/']
[rosmaster.master][INFO] 2025-12-18 11:35:04,922: publisherUpdate[/place/cancel] -> http://127.0.0.1:45471/ ['http://127.0.0.1:33729/']: sec=0.00, result=[1, '', 0]
[rosmaster.master][INFO] 2025-12-18 11:35:04,924: publisherUpdate[/execute_trajectory/goal] -> http://127.0.0.1:45471/ ['http://127.0.0.1:33729/']
[rosmaster.master][INFO] 2025-12-18 11:35:04,923: -SUB [/tf_static] /move_group_commander_wrappers_1766054053412521071 http://127.0.0.1:39677/
[rosmaster.master][INFO] 2025-12-18 11:35:04,925: publisherUpdate[/execute_trajectory/goal] -> http://127.0.0.1:45471/ ['http://127.0.0.1:33729/']: sec=0.00, result=[1, '', 0]
[rosmaster.master][INFO] 2025-12-18 11:35:04,926: publisherUpdate[/execute_trajectory/cancel] -> http://127.0.0.1:45471/ ['http://127.0.0.1:33729/']
[rosmaster.master][INFO] 2025-12-18 11:35:04,927: -SUB [/move_group/status] /move_group_commander_wrappers_1766054053412521071 http://127.0.0.1:39677/
[rosmaster.master][INFO] 2025-12-18 11:35:04,928: publisherUpdate[/execute_trajectory/cancel] -> http://127.0.0.1:45471/ ['http://127.0.0.1:33729/']: sec=0.00, result=[1, '', 0]
[rosmaster.master][INFO] 2025-12-18 11:35:04,929: -SUB [/move_group/feedback] /move_group_commander_wrappers_1766054053412521071 http://127.0.0.1:39677/
[rosmaster.master][INFO] 2025-12-18 11:35:04,930: -SUB [/move_group/result] /move_group_commander_wrappers_1766054053412521071 http://127.0.0.1:39677/
[rosmaster.master][INFO] 2025-12-18 11:35:04,931: -SUB [/pickup/status] /move_group_commander_wrappers_1766054053412521071 http://127.0.0.1:39677/
[rosmaster.master][INFO] 2025-12-18 11:35:04,933: -SUB [/pickup/feedback] /move_group_commander_wrappers_1766054053412521071 http://127.0.0.1:39677/
[rosmaster.master][INFO] 2025-12-18 11:35:04,934: -SUB [/pickup/result] /move_group_commander_wrappers_1766054053412521071 http://127.0.0.1:39677/
[rosmaster.master][INFO] 2025-12-18 11:35:04,946: -SUB [/place/status] /move_group_commander_wrappers_1766054053412521071 http://127.0.0.1:39677/
[rosmaster.master][INFO] 2025-12-18 11:35:04,954: -SUB [/place/feedback] /move_group_commander_wrappers_1766054053412521071 http://127.0.0.1:39677/
[rosmaster.master][INFO] 2025-12-18 11:35:04,968: -SUB [/place/result] /move_group_commander_wrappers_1766054053412521071 http://127.0.0.1:39677/
[rosmaster.master][INFO] 2025-12-18 11:35:04,973: -SUB [/execute_trajectory/status] /move_group_commander_wrappers_1766054053412521071 http://127.0.0.1:39677/
[rosmaster.master][INFO] 2025-12-18 11:35:04,985: -SUB [/execute_trajectory/feedback] /move_group_commander_wrappers_1766054053412521071 http://127.0.0.1:39677/
[rosmaster.master][INFO] 2025-12-18 11:35:04,991: -SUB [/execute_trajectory/result] /move_group_commander_wrappers_1766054053412521071 http://127.0.0.1:39677/
[rosmaster.master][INFO] 2025-12-18 11:35:04,999: -SERVICE [/move_group_commander_wrappers_1766054053412521071/get_loggers] /move_group_commander_wrappers_1766054053412521071 rosrpc://127.0.0.1:50039
[rosmaster.master][INFO] 2025-12-18 11:35:05,006: -SERVICE [/move_group_commander_wrappers_1766054053412521071/set_logger_level] /move_group_commander_wrappers_1766054053412521071 rosrpc://127.0.0.1:50039
[rosmaster.master][INFO] 2025-12-18 11:35:05,013: -CACHEDPARAM [/rosout_disable_topics_generation] by /move_group_commander_wrappers_1766054053412521071
[rosmaster.master][INFO] 2025-12-18 11:35:05,132: -SUB [/clock] /tiago_position_with_depth http://127.0.0.1:36469/
[rosmaster.master][INFO] 2025-12-18 11:35:05,137: -SUB [/tf] /tiago_position_with_depth http://127.0.0.1:36469/
[rosmaster.master][INFO] 2025-12-18 11:35:05,138: -SUB [/tf_static] /tiago_position_with_depth http://127.0.0.1:36469/
[rosmaster.master][INFO] 2025-12-18 11:35:05,139: -PUB [/rosout] /tiago_position_with_depth http://127.0.0.1:36469/
[rosmaster.master][INFO] 2025-12-18 11:35:05,141: -SERVICE [/tiago_position_with_depth/get_loggers] /tiago_position_with_depth rosrpc://127.0.0.1:34845
[rosmaster.master][INFO] 2025-12-18 11:35:05,144: -SERVICE [/tiago_position_with_depth/set_logger_level] /tiago_position_with_depth rosrpc://127.0.0.1:34845
[rosmaster.master][INFO] 2025-12-18 11:35:05,151: -SERVICE [/tiago_position_with_depth/tf2_frames] /tiago_position_with_depth rosrpc://127.0.0.1:34845
[rosmaster.master][INFO] 2025-12-18 11:35:05,174: publisherUpdate[/rosout] -> http://127.0.0.1:37277/ ['http://127.0.0.1:43797/', 'http://127.0.0.1:42461/', 'http://127.0.0.1:44715/', 'http://127.0.0.1:32855/', 'http://127.0.0.1:33729/', 'http://127.0.0.1:35889/', 'http://127.0.0.1:43711/', 'http://127.0.0.1:45471/', 'http://127.0.0.1:42017/', 'http://127.0.0.1:45411/', 'http://127.0.0.1:45865/', 'http://127.0.0.1:38761/', 'http://127.0.0.1:39167/', 'http://127.0.0.1:43063/', 'http://127.0.0.1:43801/', 'http://127.0.0.1:35007/', 'http://127.0.0.1:40945/', 'http://127.0.0.1:38461/']
[rosmaster.master][INFO] 2025-12-18 11:35:05,208: publisherUpdate[/rosout] -> http://127.0.0.1:37277/ ['http://127.0.0.1:43797/', 'http://127.0.0.1:42461/', 'http://127.0.0.1:44715/', 'http://127.0.0.1:32855/', 'http://127.0.0.1:33729/', 'http://127.0.0.1:35889/', 'http://127.0.0.1:43711/', 'http://127.0.0.1:45471/', 'http://127.0.0.1:42017/', 'http://127.0.0.1:45411/', 'http://127.0.0.1:45865/', 'http://127.0.0.1:38761/', 'http://127.0.0.1:39167/', 'http://127.0.0.1:43063/', 'http://127.0.0.1:43801/', 'http://127.0.0.1:35007/', 'http://127.0.0.1:40945/', 'http://127.0.0.1:38461/']: sec=0.03, result=[1, '', 0]
[rosmaster.master][INFO] 2025-12-18 11:36:17,450: +PUB [/rosout] /tiago_position_with_depth http://127.0.0.1:36865/
[rosmaster.master][INFO] 2025-12-18 11:36:17,477: +SUB [/clock] /tiago_position_with_depth http://127.0.0.1:36865/
[rosmaster.master][INFO] 2025-12-18 11:36:17,509: publisherUpdate[/rosout] -> http://127.0.0.1:37277/ ['http://127.0.0.1:43797/', 'http://127.0.0.1:42461/', 'http://127.0.0.1:44715/', 'http://127.0.0.1:32855/', 'http://127.0.0.1:33729/', 'http://127.0.0.1:35889/', 'http://127.0.0.1:43711/', 'http://127.0.0.1:45471/', 'http://127.0.0.1:42017/', 'http://127.0.0.1:45411/', 'http://127.0.0.1:45865/', 'http://127.0.0.1:38761/', 'http://127.0.0.1:39167/', 'http://127.0.0.1:43063/', 'http://127.0.0.1:43801/', 'http://127.0.0.1:35007/', 'http://127.0.0.1:40945/', 'http://127.0.0.1:38461/', 'http://127.0.0.1:36865/']
[rosmaster.master][INFO] 2025-12-18 11:36:17,511: +SERVICE [/tiago_position_with_depth/get_loggers] /tiago_position_with_depth http://127.0.0.1:36865/
[rosmaster.master][INFO] 2025-12-18 11:36:17,524: publisherUpdate[/rosout] -> http://127.0.0.1:37277/ ['http://127.0.0.1:43797/', 'http://127.0.0.1:42461/', 'http://127.0.0.1:44715/', 'http://127.0.0.1:32855/', 'http://127.0.0.1:33729/', 'http://127.0.0.1:35889/', 'http://127.0.0.1:43711/', 'http://127.0.0.1:45471/', 'http://127.0.0.1:42017/', 'http://127.0.0.1:45411/', 'http://127.0.0.1:45865/', 'http://127.0.0.1:38761/', 'http://127.0.0.1:39167/', 'http://127.0.0.1:43063/', 'http://127.0.0.1:43801/', 'http://127.0.0.1:35007/', 'http://127.0.0.1:40945/', 'http://127.0.0.1:38461/', 'http://127.0.0.1:36865/']: sec=0.01, result=[1, '', 0]
[rosmaster.master][INFO] 2025-12-18 11:36:17,535: +SERVICE [/tiago_position_with_depth/set_logger_level] /tiago_position_with_depth http://127.0.0.1:36865/
[rosmaster.master][INFO] 2025-12-18 11:36:17,578: +PUB [/rosout] /move_group_commander_wrappers_1766054177541116181 http://127.0.0.1:38137/
[rosmaster.master][INFO] 2025-12-18 11:36:17,585: +SERVICE [/move_group_commander_wrappers_1766054177541116181/get_loggers] /move_group_commander_wrappers_1766054177541116181 http://127.0.0.1:38137/
[rosmaster.master][INFO] 2025-12-18 11:36:17,603: +SERVICE [/move_group_commander_wrappers_1766054177541116181/set_logger_level] /move_group_commander_wrappers_1766054177541116181 http://127.0.0.1:38137/
[rosmaster.master][INFO] 2025-12-18 11:36:17,626: publisherUpdate[/rosout] -> http://127.0.0.1:37277/ ['http://127.0.0.1:43797/', 'http://127.0.0.1:42461/', 'http://127.0.0.1:44715/', 'http://127.0.0.1:32855/', 'http://127.0.0.1:33729/', 'http://127.0.0.1:35889/', 'http://127.0.0.1:43711/', 'http://127.0.0.1:45471/', 'http://127.0.0.1:42017/', 'http://127.0.0.1:45411/', 'http://127.0.0.1:45865/', 'http://127.0.0.1:38761/', 'http://127.0.0.1:39167/', 'http://127.0.0.1:43063/', 'http://127.0.0.1:43801/', 'http://127.0.0.1:35007/', 'http://127.0.0.1:40945/', 'http://127.0.0.1:38461/', 'http://127.0.0.1:36865/', 'http://127.0.0.1:38137/']
[rosmaster.master][INFO] 2025-12-18 11:36:17,644: publisherUpdate[/rosout] -> http://127.0.0.1:37277/ ['http://127.0.0.1:43797/', 'http://127.0.0.1:42461/', 'http://127.0.0.1:44715/', 'http://127.0.0.1:32855/', 'http://127.0.0.1:33729/', 'http://127.0.0.1:35889/', 'http://127.0.0.1:43711/', 'http://127.0.0.1:45471/', 'http://127.0.0.1:42017/', 'http://127.0.0.1:45411/', 'http://127.0.0.1:45865/', 'http://127.0.0.1:38761/', 'http://127.0.0.1:39167/', 'http://127.0.0.1:43063/', 'http://127.0.0.1:43801/', 'http://127.0.0.1:35007/', 'http://127.0.0.1:40945/', 'http://127.0.0.1:38461/', 'http://127.0.0.1:36865/', 'http://127.0.0.1:38137/']: sec=0.01, result=[1, '', 0]
[rosmaster.master][INFO] 2025-12-18 11:36:17,652: +SUB [/clock] /move_group_commander_wrappers_1766054177541116181 http://127.0.0.1:38137/
[rosmaster.master][INFO] 2025-12-18 11:36:17,690: +SUB [/tf] /move_group_commander_wrappers_1766054177541116181 http://127.0.0.1:38137/
[rosmaster.master][INFO] 2025-12-18 11:36:17,725: +SUB [/tf_static] /move_group_commander_wrappers_1766054177541116181 http://127.0.0.1:38137/
[rosmaster.master][INFO] 2025-12-18 11:36:17,794: +CACHEDPARAM [/rosout_disable_topics_generation] by /move_group_commander_wrappers_1766054177541116181
[rosmaster.master][INFO] 2025-12-18 11:36:19,476: +PUB [/trajectory_execution_event] /move_group_commander_wrappers_1766054177541116181 http://127.0.0.1:38137/
[rosmaster.master][INFO] 2025-12-18 11:36:19,493: +PUB [/attached_collision_object] /move_group_commander_wrappers_1766054177541116181 http://127.0.0.1:38137/
[rosmaster.master][INFO] 2025-12-18 11:36:19,508: publisherUpdate[/trajectory_execution_event] -> http://127.0.0.1:45471/ ['http://127.0.0.1:33729/', 'http://127.0.0.1:38137/']
[rosmaster.master][INFO] 2025-12-18 11:36:19,536: publisherUpdate[/trajectory_execution_event] -> http://127.0.0.1:45471/ ['http://127.0.0.1:33729/', 'http://127.0.0.1:38137/']: sec=0.01, result=[1, '', 0]
[rosmaster.master][INFO] 2025-12-18 11:36:19,541: publisherUpdate[/attached_collision_object] -> http://127.0.0.1:45471/ ['http://127.0.0.1:33729/', 'http://127.0.0.1:38137/']
[rosmaster.master][INFO] 2025-12-18 11:36:19,544: publisherUpdate[/attached_collision_object] -> http://127.0.0.1:45471/ ['http://127.0.0.1:33729/', 'http://127.0.0.1:38137/']: sec=0.00, result=[1, '', 0]
[rosmaster.master][INFO] 2025-12-18 11:36:19,560: +SUB [/move_group/status] /move_group_commander_wrappers_1766054177541116181 http://127.0.0.1:38137/
[rosmaster.master][INFO] 2025-12-18 11:36:19,609: +SUB [/move_group/feedback] /move_group_commander_wrappers_1766054177541116181 http://127.0.0.1:38137/
[rosmaster.master][INFO] 2025-12-18 11:36:19,642: +SUB [/move_group/result] /move_group_commander_wrappers_1766054177541116181 http://127.0.0.1:38137/
[rosmaster.master][INFO] 2025-12-18 11:36:19,647: +PUB [/move_group/goal] /move_group_commander_wrappers_1766054177541116181 http://127.0.0.1:38137/
[rosmaster.master][INFO] 2025-12-18 11:36:19,654: +PUB [/move_group/cancel] /move_group_commander_wrappers_1766054177541116181 http://127.0.0.1:38137/
[rosmaster.master][INFO] 2025-12-18 11:36:19,715: publisherUpdate[/move_group/goal] -> http://127.0.0.1:45471/ ['http://127.0.0.1:33729/', 'http://127.0.0.1:38137/']
[rosmaster.master][INFO] 2025-12-18 11:36:19,725: publisherUpdate[/move_group/goal] -> http://127.0.0.1:45471/ ['http://127.0.0.1:33729/', 'http://127.0.0.1:38137/']: sec=0.01, result=[1, '', 0]
[rosmaster.master][INFO] 2025-12-18 11:36:19,727: publisherUpdate[/move_group/cancel] -> http://127.0.0.1:45471/ ['http://127.0.0.1:33729/', 'http://127.0.0.1:38137/']
[rosmaster.master][INFO] 2025-12-18 11:36:19,732: publisherUpdate[/move_group/cancel] -> http://127.0.0.1:45471/ ['http://127.0.0.1:33729/', 'http://127.0.0.1:38137/']: sec=0.00, result=[1, '', 0]
[rosmaster.master][INFO] 2025-12-18 11:36:19,961: +SUB [/pickup/status] /move_group_commander_wrappers_1766054177541116181 http://127.0.0.1:38137/
[rosmaster.master][INFO] 2025-12-18 11:36:19,997: +SUB [/pickup/feedback] /move_group_commander_wrappers_1766054177541116181 http://127.0.0.1:38137/
[rosmaster.master][INFO] 2025-12-18 11:36:20,003: +SUB [/pickup/result] /move_group_commander_wrappers_1766054177541116181 http://127.0.0.1:38137/
[rosmaster.master][INFO] 2025-12-18 11:36:20,010: +PUB [/pickup/goal] /move_group_commander_wrappers_1766054177541116181 http://127.0.0.1:38137/
[rosmaster.master][INFO] 2025-12-18 11:36:20,018: +PUB [/pickup/cancel] /move_group_commander_wrappers_1766054177541116181 http://127.0.0.1:38137/
[rosmaster.master][INFO] 2025-12-18 11:36:20,038: publisherUpdate[/pickup/goal] -> http://127.0.0.1:45471/ ['http://127.0.0.1:33729/', 'http://127.0.0.1:38137/']
[rosmaster.master][INFO] 2025-12-18 11:36:20,044: publisherUpdate[/pickup/goal] -> http://127.0.0.1:45471/ ['http://127.0.0.1:33729/', 'http://127.0.0.1:38137/']: sec=0.01, result=[1, '', 0]
[rosmaster.master][INFO] 2025-12-18 11:36:20,045: publisherUpdate[/pickup/cancel] -> http://127.0.0.1:45471/ ['http://127.0.0.1:33729/', 'http://127.0.0.1:38137/']
[rosmaster.master][INFO] 2025-12-18 11:36:20,050: publisherUpdate[/pickup/cancel] -> http://127.0.0.1:45471/ ['http://127.0.0.1:33729/', 'http://127.0.0.1:38137/']: sec=0.00, result=[1, '', 0]
[rosmaster.master][INFO] 2025-12-18 11:36:20,323: +SUB [/place/status] /move_group_commander_wrappers_1766054177541116181 http://127.0.0.1:38137/
[rosmaster.master][INFO] 2025-12-18 11:36:20,349: +SUB [/place/feedback] /move_group_commander_wrappers_1766054177541116181 http://127.0.0.1:38137/
[rosmaster.master][INFO] 2025-12-18 11:36:20,391: +SUB [/place/result] /move_group_commander_wrappers_1766054177541116181 http://127.0.0.1:38137/
[rosmaster.master][INFO] 2025-12-18 11:36:20,408: +PUB [/place/goal] /move_group_commander_wrappers_1766054177541116181 http://127.0.0.1:38137/
[rosmaster.master][INFO] 2025-12-18 11:36:20,415: +PUB [/place/cancel] /move_group_commander_wrappers_1766054177541116181 http://127.0.0.1:38137/
[rosmaster.master][INFO] 2025-12-18 11:36:20,450: publisherUpdate[/place/goal] -> http://127.0.0.1:45471/ ['http://127.0.0.1:33729/', 'http://127.0.0.1:38137/']
[rosmaster.master][INFO] 2025-12-18 11:36:20,457: publisherUpdate[/place/goal] -> http://127.0.0.1:45471/ ['http://127.0.0.1:33729/', 'http://127.0.0.1:38137/']: sec=0.01, result=[1, '', 0]
[rosmaster.master][INFO] 2025-12-18 11:36:20,462: publisherUpdate[/place/cancel] -> http://127.0.0.1:45471/ ['http://127.0.0.1:33729/', 'http://127.0.0.1:38137/']
[rosmaster.master][INFO] 2025-12-18 11:36:20,489: publisherUpdate[/place/cancel] -> http://127.0.0.1:45471/ ['http://127.0.0.1:33729/', 'http://127.0.0.1:38137/']: sec=0.03, result=[1, '', 0]
[rosmaster.master][INFO] 2025-12-18 11:36:20,769: +SUB [/execute_trajectory/status] /move_group_commander_wrappers_1766054177541116181 http://127.0.0.1:38137/
[rosmaster.master][INFO] 2025-12-18 11:36:20,828: +SUB [/execute_trajectory/feedback] /move_group_commander_wrappers_1766054177541116181 http://127.0.0.1:38137/
[rosmaster.master][INFO] 2025-12-18 11:36:20,868: +SUB [/execute_trajectory/result] /move_group_commander_wrappers_1766054177541116181 http://127.0.0.1:38137/
[rosmaster.master][INFO] 2025-12-18 11:36:20,876: +PUB [/execute_trajectory/goal] /move_group_commander_wrappers_1766054177541116181 http://127.0.0.1:38137/
[rosmaster.master][INFO] 2025-12-18 11:36:20,877: publisherUpdate[/execute_trajectory/goal] -> http://127.0.0.1:45471/ ['http://127.0.0.1:33729/', 'http://127.0.0.1:38137/']
[rosmaster.master][INFO] 2025-12-18 11:36:20,890: +PUB [/execute_trajectory/cancel] /move_group_commander_wrappers_1766054177541116181 http://127.0.0.1:38137/
[rosmaster.master][INFO] 2025-12-18 11:36:20,894: publisherUpdate[/execute_trajectory/goal] -> http://127.0.0.1:45471/ ['http://127.0.0.1:33729/', 'http://127.0.0.1:38137/']: sec=0.01, result=[1, '', 0]
[rosmaster.master][INFO] 2025-12-18 11:36:20,895: publisherUpdate[/execute_trajectory/cancel] -> http://127.0.0.1:45471/ ['http://127.0.0.1:33729/', 'http://127.0.0.1:38137/']
[rosmaster.master][INFO] 2025-12-18 11:36:20,904: publisherUpdate[/execute_trajectory/cancel] -> http://127.0.0.1:45471/ ['http://127.0.0.1:33729/', 'http://127.0.0.1:38137/']: sec=0.01, result=[1, '', 0]
[rosmaster.master][INFO] 2025-12-18 11:36:21,154: +SERVICE [/tiago_position_with_depth/tf2_frames] /tiago_position_with_depth http://127.0.0.1:36865/
[rosmaster.master][INFO] 2025-12-18 11:36:21,189: +SUB [/tf] /tiago_position_with_depth http://127.0.0.1:36865/
[rosmaster.master][INFO] 2025-12-18 11:36:21,200: +SUB [/tf_static] /tiago_position_with_depth http://127.0.0.1:36865/
[rosmaster.master][INFO] 2025-12-18 11:36:21,437: +CACHEDPARAM [/rosout_disable_topics_generation] by /tiago_position_with_depth
[rosmaster.master][INFO] 2025-12-18 11:36:21,454: +CACHEDPARAM [/rosout_disable_topics_generation] by /tiago_position_with_depth
[rosmaster.master][INFO] 2025-12-18 11:36:21,473: +CACHEDPARAM [/rosout_disable_topics_generation] by /tiago_position_with_depth
[rosmaster.master][INFO] 2025-12-18 11:36:30,681: +CACHEDPARAM [/rosout_disable_topics_generation] by /tiago_position_with_depth
[rosmaster.master][INFO] 2025-12-18 11:37:38,574: +CACHEDPARAM [/rosout_disable_topics_generation] by /tiago_position_with_depth
[rosmaster.master][INFO] 2025-12-18 11:37:38,585: +CACHEDPARAM [/rosout_disable_topics_generation] by /tiago_position_with_depth
[rosmaster.master][INFO] 2025-12-18 11:37:38,633: +CACHEDPARAM [/rosout_disable_topics_generation] by /tiago_position_with_depth
[rosmaster.master][INFO] 2025-12-18 11:37:38,640: +CACHEDPARAM [/rosout_disable_topics_generation] by /tiago_position_with_depth
[rosmaster.master][INFO] 2025-12-18 11:37:38,648: +CACHEDPARAM [/rosout_disable_topics_generation] by /tiago_position_with_depth
[rosmaster.master][INFO] 2025-12-18 11:37:48,791: +CACHEDPARAM [/rosout_disable_topics_generation] by /tiago_position_with_depth
[rosmaster.master][INFO] 2025-12-18 11:37:48,841: -PUB [/rosout] /move_group_commander_wrappers_1766054177541116181 http://127.0.0.1:38137/
[rosmaster.master][INFO] 2025-12-18 11:37:48,856: -PUB [/trajectory_execution_event] /move_group_commander_wrappers_1766054177541116181 http://127.0.0.1:38137/
[rosmaster.master][INFO] 2025-12-18 11:37:48,871: publisherUpdate[/rosout] -> http://127.0.0.1:37277/ ['http://127.0.0.1:43797/', 'http://127.0.0.1:42461/', 'http://127.0.0.1:44715/', 'http://127.0.0.1:32855/', 'http://127.0.0.1:33729/', 'http://127.0.0.1:35889/', 'http://127.0.0.1:43711/', 'http://127.0.0.1:45471/', 'http://127.0.0.1:42017/', 'http://127.0.0.1:45411/', 'http://127.0.0.1:45865/', 'http://127.0.0.1:38761/', 'http://127.0.0.1:39167/', 'http://127.0.0.1:43063/', 'http://127.0.0.1:43801/', 'http://127.0.0.1:35007/', 'http://127.0.0.1:40945/', 'http://127.0.0.1:38461/', 'http://127.0.0.1:36865/']
[rosmaster.master][INFO] 2025-12-18 11:37:48,872: -PUB [/attached_collision_object] /move_group_commander_wrappers_1766054177541116181 http://127.0.0.1:38137/
[rosmaster.master][INFO] 2025-12-18 11:37:48,887: -PUB [/move_group/goal] /move_group_commander_wrappers_1766054177541116181 http://127.0.0.1:38137/
[rosmaster.master][INFO] 2025-12-18 11:37:48,911: publisherUpdate[/rosout] -> http://127.0.0.1:37277/ ['http://127.0.0.1:43797/', 'http://127.0.0.1:42461/', 'http://127.0.0.1:44715/', 'http://127.0.0.1:32855/', 'http://127.0.0.1:33729/', 'http://127.0.0.1:35889/', 'http://127.0.0.1:43711/', 'http://127.0.0.1:45471/', 'http://127.0.0.1:42017/', 'http://127.0.0.1:45411/', 'http://127.0.0.1:45865/', 'http://127.0.0.1:38761/', 'http://127.0.0.1:39167/', 'http://127.0.0.1:43063/', 'http://127.0.0.1:43801/', 'http://127.0.0.1:35007/', 'http://127.0.0.1:40945/', 'http://127.0.0.1:38461/', 'http://127.0.0.1:36865/']: sec=0.04, result=[1, '', 0]
[rosmaster.master][INFO] 2025-12-18 11:37:48,912: -PUB [/move_group/cancel] /move_group_commander_wrappers_1766054177541116181 http://127.0.0.1:38137/
[rosmaster.master][INFO] 2025-12-18 11:37:48,918: publisherUpdate[/trajectory_execution_event] -> http://127.0.0.1:45471/ ['http://127.0.0.1:33729/']
[rosmaster.master][INFO] 2025-12-18 11:37:48,926: -PUB [/pickup/goal] /move_group_commander_wrappers_1766054177541116181 http://127.0.0.1:38137/
[rosmaster.master][INFO] 2025-12-18 11:37:48,929: publisherUpdate[/trajectory_execution_event] -> http://127.0.0.1:45471/ ['http://127.0.0.1:33729/']: sec=0.00, result=[1, '', 0]
[rosmaster.master][INFO] 2025-12-18 11:37:48,942: -PUB [/pickup/cancel] /move_group_commander_wrappers_1766054177541116181 http://127.0.0.1:38137/
[rosmaster.master][INFO] 2025-12-18 11:37:48,943: publisherUpdate[/attached_collision_object] -> http://127.0.0.1:45471/ ['http://127.0.0.1:33729/']
[rosmaster.master][INFO] 2025-12-18 11:37:48,959: -PUB [/place/goal] /move_group_commander_wrappers_1766054177541116181 http://127.0.0.1:38137/
[rosmaster.master][INFO] 2025-12-18 11:37:48,962: publisherUpdate[/attached_collision_object] -> http://127.0.0.1:45471/ ['http://127.0.0.1:33729/']: sec=0.01, result=[1, '', 0]
[rosmaster.master][INFO] 2025-12-18 11:37:48,963: publisherUpdate[/move_group/goal] -> http://127.0.0.1:45471/ ['http://127.0.0.1:33729/']
[rosmaster.master][INFO] 2025-12-18 11:37:48,992: -PUB [/place/cancel] /move_group_commander_wrappers_1766054177541116181 http://127.0.0.1:38137/
[rosmaster.master][INFO] 2025-12-18 11:37:48,993: publisherUpdate[/move_group/goal] -> http://127.0.0.1:45471/ ['http://127.0.0.1:33729/']: sec=0.03, result=[1, '', 0]
[rosmaster.master][INFO] 2025-12-18 11:37:48,997: -PUB [/execute_trajectory/goal] /move_group_commander_wrappers_1766054177541116181 http://127.0.0.1:38137/
[rosmaster.master][INFO] 2025-12-18 11:37:48,998: publisherUpdate[/move_group/cancel] -> http://127.0.0.1:45471/ ['http://127.0.0.1:33729/']
[rosmaster.master][INFO] 2025-12-18 11:37:49,001: -PUB [/execute_trajectory/cancel] /move_group_commander_wrappers_1766054177541116181 http://127.0.0.1:38137/
[rosmaster.master][INFO] 2025-12-18 11:37:49,003: publisherUpdate[/move_group/cancel] -> http://127.0.0.1:45471/ ['http://127.0.0.1:33729/']: sec=0.00, result=[1, '', 0]
[rosmaster.master][INFO] 2025-12-18 11:37:49,012: publisherUpdate[/pickup/goal] -> http://127.0.0.1:45471/ ['http://127.0.0.1:33729/']
[rosmaster.master][INFO] 2025-12-18 11:37:49,020: -SUB [/clock] /move_group_commander_wrappers_1766054177541116181 http://127.0.0.1:38137/
[rosmaster.master][INFO] 2025-12-18 11:37:49,033: -SUB [/tf] /move_group_commander_wrappers_1766054177541116181 http://127.0.0.1:38137/
[rosmaster.master][INFO] 2025-12-18 11:37:49,034: publisherUpdate[/pickup/goal] -> http://127.0.0.1:45471/ ['http://127.0.0.1:33729/']: sec=0.01, result=[1, '', 0]
[rosmaster.master][INFO] 2025-12-18 11:37:49,034: publisherUpdate[/pickup/cancel] -> http://127.0.0.1:45471/ ['http://127.0.0.1:33729/']
[rosmaster.master][INFO] 2025-12-18 11:37:49,041: -SUB [/tf_static] /move_group_commander_wrappers_1766054177541116181 http://127.0.0.1:38137/
[rosmaster.master][INFO] 2025-12-18 11:37:49,076: -SUB [/move_group/status] /move_group_commander_wrappers_1766054177541116181 http://127.0.0.1:38137/
[rosmaster.master][INFO] 2025-12-18 11:37:49,080: publisherUpdate[/pickup/cancel] -> http://127.0.0.1:45471/ ['http://127.0.0.1:33729/']: sec=0.05, result=[1, '', 0]
[rosmaster.master][INFO] 2025-12-18 11:37:49,081: publisherUpdate[/place/goal] -> http://127.0.0.1:45471/ ['http://127.0.0.1:33729/']
[rosmaster.master][INFO] 2025-12-18 11:37:49,118: publisherUpdate[/place/goal] -> http://127.0.0.1:45471/ ['http://127.0.0.1:33729/']: sec=0.04, result=[1, '', 0]
[rosmaster.master][INFO] 2025-12-18 11:37:49,119: publisherUpdate[/place/cancel] -> http://127.0.0.1:45471/ ['http://127.0.0.1:33729/']
[rosmaster.master][INFO] 2025-12-18 11:37:49,119: -SUB [/move_group/feedback] /move_group_commander_wrappers_1766054177541116181 http://127.0.0.1:38137/
[rosmaster.master][INFO] 2025-12-18 11:37:49,124: publisherUpdate[/place/cancel] -> http://127.0.0.1:45471/ ['http://127.0.0.1:33729/']: sec=0.00, result=[1, '', 0]
[rosmaster.master][INFO] 2025-12-18 11:37:49,126: publisherUpdate[/execute_trajectory/goal] -> http://127.0.0.1:45471/ ['http://127.0.0.1:33729/']
[rosmaster.master][INFO] 2025-12-18 11:37:49,130: -SUB [/move_group/result] /move_group_commander_wrappers_1766054177541116181 http://127.0.0.1:38137/
[rosmaster.master][INFO] 2025-12-18 11:37:49,132: publisherUpdate[/execute_trajectory/goal] -> http://127.0.0.1:45471/ ['http://127.0.0.1:33729/']: sec=0.00, result=[1, '', 0]
[rosmaster.master][INFO] 2025-12-18 11:37:49,135: -SUB [/pickup/status] /move_group_commander_wrappers_1766054177541116181 http://127.0.0.1:38137/
[rosmaster.master][INFO] 2025-12-18 11:37:49,140: publisherUpdate[/execute_trajectory/cancel] -> http://127.0.0.1:45471/ ['http://127.0.0.1:33729/']
[rosmaster.master][INFO] 2025-12-18 11:37:49,153: -SUB [/pickup/feedback] /move_group_commander_wrappers_1766054177541116181 http://127.0.0.1:38137/
[rosmaster.master][INFO] 2025-12-18 11:37:49,162: publisherUpdate[/execute_trajectory/cancel] -> http://127.0.0.1:45471/ ['http://127.0.0.1:33729/']: sec=0.02, result=[1, '', 0]
[rosmaster.master][INFO] 2025-12-18 11:37:49,164: -SUB [/pickup/result] /move_group_commander_wrappers_1766054177541116181 http://127.0.0.1:38137/
[rosmaster.master][INFO] 2025-12-18 11:37:49,168: -SUB [/place/status] /move_group_commander_wrappers_1766054177541116181 http://127.0.0.1:38137/
[rosmaster.master][INFO] 2025-12-18 11:37:49,176: -SUB [/place/feedback] /move_group_commander_wrappers_1766054177541116181 http://127.0.0.1:38137/
[rosmaster.master][INFO] 2025-12-18 11:37:49,187: -SUB [/place/result] /move_group_commander_wrappers_1766054177541116181 http://127.0.0.1:38137/
[rosmaster.master][INFO] 2025-12-18 11:37:49,192: -SUB [/execute_trajectory/status] /move_group_commander_wrappers_1766054177541116181 http://127.0.0.1:38137/
[rosmaster.master][INFO] 2025-12-18 11:37:49,200: -SUB [/execute_trajectory/feedback] /move_group_commander_wrappers_1766054177541116181 http://127.0.0.1:38137/
[rosmaster.master][INFO] 2025-12-18 11:37:49,207: -SUB [/execute_trajectory/result] /move_group_commander_wrappers_1766054177541116181 http://127.0.0.1:38137/
[rosmaster.master][INFO] 2025-12-18 11:37:49,212: -SERVICE [/move_group_commander_wrappers_1766054177541116181/get_loggers] /move_group_commander_wrappers_1766054177541116181 rosrpc://127.0.0.1:51823
[rosmaster.master][INFO] 2025-12-18 11:37:49,213: -SERVICE [/move_group_commander_wrappers_1766054177541116181/set_logger_level] /move_group_commander_wrappers_1766054177541116181 rosrpc://127.0.0.1:51823
[rosmaster.master][INFO] 2025-12-18 11:37:49,215: -CACHEDPARAM [/rosout_disable_topics_generation] by /move_group_commander_wrappers_1766054177541116181
[rosmaster.master][INFO] 2025-12-18 11:37:49,294: -SUB [/clock] /tiago_position_with_depth http://127.0.0.1:36865/
[rosmaster.master][INFO] 2025-12-18 11:37:49,294: -SUB [/tf] /tiago_position_with_depth http://127.0.0.1:36865/
[rosmaster.master][INFO] 2025-12-18 11:37:49,295: -SUB [/tf_static] /tiago_position_with_depth http://127.0.0.1:36865/
[rosmaster.master][INFO] 2025-12-18 11:37:49,295: -PUB [/rosout] /tiago_position_with_depth http://127.0.0.1:36865/
[rosmaster.master][INFO] 2025-12-18 11:37:49,295: -SERVICE [/tiago_position_with_depth/get_loggers] /tiago_position_with_depth rosrpc://127.0.0.1:46681
[rosmaster.master][INFO] 2025-12-18 11:37:49,295: -SERVICE [/tiago_position_with_depth/set_logger_level] /tiago_position_with_depth rosrpc://127.0.0.1:46681
[rosmaster.master][INFO] 2025-12-18 11:37:49,296: -SERVICE [/tiago_position_with_depth/tf2_frames] /tiago_position_with_depth rosrpc://127.0.0.1:46681
[rosmaster.master][INFO] 2025-12-18 11:37:49,367: publisherUpdate[/rosout] -> http://127.0.0.1:37277/ ['http://127.0.0.1:43797/', 'http://127.0.0.1:42461/', 'http://127.0.0.1:44715/', 'http://127.0.0.1:32855/', 'http://127.0.0.1:33729/', 'http://127.0.0.1:35889/', 'http://127.0.0.1:43711/', 'http://127.0.0.1:45471/', 'http://127.0.0.1:42017/', 'http://127.0.0.1:45411/', 'http://127.0.0.1:45865/', 'http://127.0.0.1:38761/', 'http://127.0.0.1:39167/', 'http://127.0.0.1:43063/', 'http://127.0.0.1:43801/', 'http://127.0.0.1:35007/', 'http://127.0.0.1:40945/', 'http://127.0.0.1:38461/']
[rosmaster.master][INFO] 2025-12-18 11:37:49,377: publisherUpdate[/rosout] -> http://127.0.0.1:37277/ ['http://127.0.0.1:43797/', 'http://127.0.0.1:42461/', 'http://127.0.0.1:44715/', 'http://127.0.0.1:32855/', 'http://127.0.0.1:33729/', 'http://127.0.0.1:35889/', 'http://127.0.0.1:43711/', 'http://127.0.0.1:45471/', 'http://127.0.0.1:42017/', 'http://127.0.0.1:45411/', 'http://127.0.0.1:45865/', 'http://127.0.0.1:38761/', 'http://127.0.0.1:39167/', 'http://127.0.0.1:43063/', 'http://127.0.0.1:43801/', 'http://127.0.0.1:35007/', 'http://127.0.0.1:40945/', 'http://127.0.0.1:38461/']: sec=0.00, result=[1, '', 0]
[rosmaster.master][INFO] 2025-12-18 11:38:35,640: -PUB [/rosout] /xtion/rgb/image_proc http://127.0.0.1:45411/
[rosmaster.master][INFO] 2025-12-18 11:38:35,643: publisherUpdate[/rosout] -> http://127.0.0.1:37277/ ['http://127.0.0.1:43797/', 'http://127.0.0.1:42461/', 'http://127.0.0.1:44715/', 'http://127.0.0.1:32855/', 'http://127.0.0.1:33729/', 'http://127.0.0.1:35889/', 'http://127.0.0.1:43711/', 'http://127.0.0.1:45471/', 'http://127.0.0.1:42017/', 'http://127.0.0.1:45865/', 'http://127.0.0.1:38761/', 'http://127.0.0.1:39167/', 'http://127.0.0.1:43063/', 'http://127.0.0.1:43801/', 'http://127.0.0.1:35007/', 'http://127.0.0.1:40945/', 'http://127.0.0.1:38461/']
[rosmaster.master][INFO] 2025-12-18 11:38:35,656: -PUB [/xtion/rgb/image_proc_debayer/parameter_descriptions] /xtion/rgb/image_proc http://127.0.0.1:45411/
[rosmaster.master][INFO] 2025-12-18 11:38:35,658: -PUB [/xtion/rgb/image_proc_debayer/parameter_updates] /xtion/rgb/image_proc http://127.0.0.1:45411/
[rosmaster.master][INFO] 2025-12-18 11:38:35,665: -SUB [/clock] /dynamic_footprint_publisher http://127.0.0.1:39167/
[rosmaster.master][INFO] 2025-12-18 11:38:35,666: -SUB [/tf_stream/status] /dynamic_footprint_publisher http://127.0.0.1:39167/
[rosmaster.master][INFO] 2025-12-18 11:38:35,668: -SUB [/tf_stream/result] /dynamic_footprint_publisher http://127.0.0.1:39167/
[rosmaster.master][INFO] 2025-12-18 11:38:35,679: -SUB [/tf_stream/feedback] /dynamic_footprint_publisher http://127.0.0.1:39167/
[rosmaster.master][INFO] 2025-12-18 11:38:35,692: -SUB [/tfs_14594000000] /dynamic_footprint_publisher http://127.0.0.1:39167/
[rosmaster.master][INFO] 2025-12-18 11:38:35,693: -PUB [/xtion/rgb/image_mono/compressedDepth] /xtion/rgb/image_proc http://127.0.0.1:45411/
[rosmaster.master][INFO] 2025-12-18 11:38:35,695: -PUB [/xtion/rgb/image_mono/compressedDepth/parameter_descriptions] /xtion/rgb/image_proc http://127.0.0.1:45411/
[rosmaster.master][INFO] 2025-12-18 11:38:35,695: -PUB [/rosout] /throttle_filtering_points http://127.0.0.1:42017/
[rosmaster.master][INFO] 2025-12-18 11:38:35,696: publisherUpdate[/rosout] -> http://127.0.0.1:37277/ ['http://127.0.0.1:43797/', 'http://127.0.0.1:42461/', 'http://127.0.0.1:44715/', 'http://127.0.0.1:32855/', 'http://127.0.0.1:33729/', 'http://127.0.0.1:35889/', 'http://127.0.0.1:43711/', 'http://127.0.0.1:45471/', 'http://127.0.0.1:42017/', 'http://127.0.0.1:45865/', 'http://127.0.0.1:38761/', 'http://127.0.0.1:39167/', 'http://127.0.0.1:43063/', 'http://127.0.0.1:43801/', 'http://127.0.0.1:35007/', 'http://127.0.0.1:40945/', 'http://127.0.0.1:38461/']: sec=0.04, result=[1, '', 0]
[rosmaster.master][INFO] 2025-12-18 11:38:35,696: publisherUpdate[/rosout] -> http://127.0.0.1:37277/ ['http://127.0.0.1:43797/', 'http://127.0.0.1:42461/', 'http://127.0.0.1:44715/', 'http://127.0.0.1:32855/', 'http://127.0.0.1:33729/', 'http://127.0.0.1:35889/', 'http://127.0.0.1:43711/', 'http://127.0.0.1:45471/', 'http://127.0.0.1:45865/', 'http://127.0.0.1:38761/', 'http://127.0.0.1:39167/', 'http://127.0.0.1:43063/', 'http://127.0.0.1:43801/', 'http://127.0.0.1:35007/', 'http://127.0.0.1:40945/', 'http://127.0.0.1:38461/']
[rosmaster.master][INFO] 2025-12-18 11:38:35,698: -PUB [/rosout] /dynamic_footprint_publisher http://127.0.0.1:39167/
[rosmaster.master][INFO] 2025-12-18 11:38:35,708: -PUB [/tf_stream/goal] /dynamic_footprint_publisher http://127.0.0.1:39167/
[rosmaster.master][INFO] 2025-12-18 11:38:35,710: publisherUpdate[/tf_stream/goal] -> http://127.0.0.1:44715/ []
[rosmaster.master][INFO] 2025-12-18 11:38:35,712: publisherUpdate[/rosout] -> http://127.0.0.1:37277/ ['http://127.0.0.1:43797/', 'http://127.0.0.1:42461/', 'http://127.0.0.1:44715/', 'http://127.0.0.1:32855/', 'http://127.0.0.1:33729/', 'http://127.0.0.1:35889/', 'http://127.0.0.1:43711/', 'http://127.0.0.1:45471/', 'http://127.0.0.1:45865/', 'http://127.0.0.1:38761/', 'http://127.0.0.1:39167/', 'http://127.0.0.1:43063/', 'http://127.0.0.1:43801/', 'http://127.0.0.1:35007/', 'http://127.0.0.1:40945/', 'http://127.0.0.1:38461/']: sec=0.02, result=[1, '', 0]
[rosmaster.master][INFO] 2025-12-18 11:38:35,725: publisherUpdate[/rosout] -> http://127.0.0.1:37277/ ['http://127.0.0.1:43797/', 'http://127.0.0.1:42461/', 'http://127.0.0.1:44715/', 'http://127.0.0.1:32855/', 'http://127.0.0.1:33729/', 'http://127.0.0.1:35889/', 'http://127.0.0.1:43711/', 'http://127.0.0.1:45471/', 'http://127.0.0.1:45865/', 'http://127.0.0.1:38761/', 'http://127.0.0.1:43063/', 'http://127.0.0.1:43801/', 'http://127.0.0.1:35007/', 'http://127.0.0.1:40945/', 'http://127.0.0.1:38461/']
[rosmaster.master][INFO] 2025-12-18 11:38:35,718: -PUB [/tf_stream/cancel] /dynamic_footprint_publisher http://127.0.0.1:39167/
[rosmaster.master][INFO] 2025-12-18 11:38:35,734: publisherUpdate[/tf_stream/goal] -> http://127.0.0.1:44715/ []: sec=0.01, exception=<Fault -1: 'publisherUpdate: unknown method name'>
[rosmaster.master][INFO] 2025-12-18 11:38:35,742: -PUB [/throttle_filtering_points/parameter_descriptions] /throttle_filtering_points http://127.0.0.1:42017/
[rosmaster.master][INFO] 2025-12-18 11:38:35,772: -PUB [/rosout] /move_group http://127.0.0.1:45471/
[rosmaster.master][INFO] 2025-12-18 11:38:35,746: publisherUpdate[/rosout] -> http://127.0.0.1:37277/ ['http://127.0.0.1:43797/', 'http://127.0.0.1:42461/', 'http://127.0.0.1:44715/', 'http://127.0.0.1:32855/', 'http://127.0.0.1:33729/', 'http://127.0.0.1:35889/', 'http://127.0.0.1:43711/', 'http://127.0.0.1:45471/', 'http://127.0.0.1:45865/', 'http://127.0.0.1:38761/', 'http://127.0.0.1:43063/', 'http://127.0.0.1:43801/', 'http://127.0.0.1:35007/', 'http://127.0.0.1:40945/', 'http://127.0.0.1:38461/']: sec=0.02, result=[1, '', 0]
[rosmaster.master][INFO] 2025-12-18 11:38:35,785: publisherUpdate[/tf_stream/cancel] -> http://127.0.0.1:44715/ []
[rosmaster.master][INFO] 2025-12-18 11:38:35,797: -PUB [/xtion/rgb/image_mono/compressedDepth/parameter_updates] /xtion/rgb/image_proc http://127.0.0.1:45411/
[rosmaster.master][INFO] 2025-12-18 11:38:35,814: publisherUpdate[/tf_stream/cancel] -> http://127.0.0.1:44715/ []: sec=0.02, exception=<Fault -1: 'publisherUpdate: unknown method name'>
[rosmaster.master][INFO] 2025-12-18 11:38:35,814: -PUB [/rosout] /twist_marker http://127.0.0.1:35889/
[rosmaster.master][INFO] 2025-12-18 11:38:35,827: -PUB [/dynamic_footprint_publisher/footprint] /dynamic_footprint_publisher http://127.0.0.1:39167/
[rosmaster.threadpool][ERROR] 2025-12-18 11:38:35,833: Traceback (most recent call last):
  File "/opt/ros/noetic/lib/python3/dist-packages/rosmaster/threadpool.py", line 218, in run
    result = cmd(*args)
  File "/opt/ros/noetic/lib/python3/dist-packages/rosmaster/master_api.py", line 210, in publisher_update_task
    ret = xmlrpcapi(api).publisherUpdate('/master', topic, pub_uris)
  File "/usr/lib/python3.8/xmlrpc/client.py", line 1109, in __call__
    return self.__send(self.__name, args)
  File "/usr/lib/python3.8/xmlrpc/client.py", line 1450, in __request
    response = self.__transport.request(
  File "/usr/lib/python3.8/xmlrpc/client.py", line 1153, in request
    return self.single_request(host, handler, request_body, verbose)
  File "/usr/lib/python3.8/xmlrpc/client.py", line 1169, in single_request
    return self.parse_response(resp)
  File "/usr/lib/python3.8/xmlrpc/client.py", line 1341, in parse_response
    return u.close()
  File "/usr/lib/python3.8/xmlrpc/client.py", line 655, in close
    raise Fault(**self._stack[0])
xmlrpc.client.Fault: <Fault -1: 'publisherUpdate: unknown method name'>

[rosmaster.master][INFO] 2025-12-18 11:38:35,835: publisherUpdate[/rosout] -> http://127.0.0.1:37277/ ['http://127.0.0.1:43797/', 'http://127.0.0.1:42461/', 'http://127.0.0.1:44715/', 'http://127.0.0.1:32855/', 'http://127.0.0.1:33729/', 'http://127.0.0.1:35889/', 'http://127.0.0.1:43711/', 'http://127.0.0.1:45865/', 'http://127.0.0.1:38761/', 'http://127.0.0.1:43063/', 'http://127.0.0.1:43801/', 'http://127.0.0.1:35007/', 'http://127.0.0.1:40945/', 'http://127.0.0.1:38461/']
[rosmaster.master][INFO] 2025-12-18 11:38:35,846: -PUB [/rosout] /tf_lookup http://127.0.0.1:44715/
[rosmaster.threadpool][ERROR] 2025-12-18 11:38:35,850: Traceback (most recent call last):
  File "/opt/ros/noetic/lib/python3/dist-packages/rosmaster/threadpool.py", line 218, in run
    result = cmd(*args)
  File "/opt/ros/noetic/lib/python3/dist-packages/rosmaster/master_api.py", line 210, in publisher_update_task
    ret = xmlrpcapi(api).publisherUpdate('/master', topic, pub_uris)
  File "/usr/lib/python3.8/xmlrpc/client.py", line 1109, in __call__
    return self.__send(self.__name, args)
  File "/usr/lib/python3.8/xmlrpc/client.py", line 1450, in __request
    response = self.__transport.request(
  File "/usr/lib/python3.8/xmlrpc/client.py", line 1153, in request
    return self.single_request(host, handler, request_body, verbose)
  File "/usr/lib/python3.8/xmlrpc/client.py", line 1169, in single_request
    return self.parse_response(resp)
  File "/usr/lib/python3.8/xmlrpc/client.py", line 1341, in parse_response
    return u.close()
  File "/usr/lib/python3.8/xmlrpc/client.py", line 655, in close
    raise Fault(**self._stack[0])
xmlrpc.client.Fault: <Fault -1: 'publisherUpdate: unknown method name'>

[rosmaster.master][INFO] 2025-12-18 11:38:35,867: -PUB [/rosout] /twist_mux http://127.0.0.1:32855/
[rosmaster.master][INFO] 2025-12-18 11:38:35,874: -PUB [/tf_lookup/result] /tf_lookup http://127.0.0.1:44715/
[rosmaster.master][INFO] 2025-12-18 11:38:35,888: -PUB [/move_group/planning_scene_monitor/parameter_descriptions] /move_group http://127.0.0.1:45471/
[rosmaster.master][INFO] 2025-12-18 11:38:35,890: -PUB [/rosout] /robot_state_publisher http://127.0.0.1:42461/
[rosmaster.master][INFO] 2025-12-18 11:38:35,891: publisherUpdate[/rosout] -> http://127.0.0.1:37277/ ['http://127.0.0.1:43797/', 'http://127.0.0.1:42461/', 'http://127.0.0.1:44715/', 'http://127.0.0.1:32855/', 'http://127.0.0.1:33729/', 'http://127.0.0.1:35889/', 'http://127.0.0.1:43711/', 'http://127.0.0.1:45865/', 'http://127.0.0.1:38761/', 'http://127.0.0.1:43063/', 'http://127.0.0.1:43801/', 'http://127.0.0.1:35007/', 'http://127.0.0.1:40945/', 'http://127.0.0.1:38461/']: sec=0.04, result=[1, '', 0]
[rosmaster.master][INFO] 2025-12-18 11:38:35,898: publisherUpdate[/rosout] -> http://127.0.0.1:37277/ ['http://127.0.0.1:43797/', 'http://127.0.0.1:42461/', 'http://127.0.0.1:44715/', 'http://127.0.0.1:32855/', 'http://127.0.0.1:33729/', 'http://127.0.0.1:43711/', 'http://127.0.0.1:45865/', 'http://127.0.0.1:38761/', 'http://127.0.0.1:43063/', 'http://127.0.0.1:43801/', 'http://127.0.0.1:35007/', 'http://127.0.0.1:40945/', 'http://127.0.0.1:38461/']
[rosmaster.master][INFO] 2025-12-18 11:38:35,894: -PUB [/move_group/planning_scene_monitor/parameter_updates] /move_group http://127.0.0.1:45471/
[rosmaster.master][INFO] 2025-12-18 11:38:35,899: -PUB [/mobile_base_controller/cmd_vel] /twist_mux http://127.0.0.1:32855/
[rosmaster.master][INFO] 2025-12-18 11:38:35,901: -PUB [/throttle_filtering_points/parameter_updates] /throttle_filtering_points http://127.0.0.1:42017/
[rosmaster.master][INFO] 2025-12-18 11:38:35,901: -PUB [/move_group/monitored_planning_scene] /move_group http://127.0.0.1:45471/
[rosmaster.master][INFO] 2025-12-18 11:38:35,907: publisherUpdate[/rosout] -> http://127.0.0.1:37277/ ['http://127.0.0.1:43797/', 'http://127.0.0.1:42461/', 'http://127.0.0.1:44715/', 'http://127.0.0.1:32855/', 'http://127.0.0.1:33729/', 'http://127.0.0.1:43711/', 'http://127.0.0.1:45865/', 'http://127.0.0.1:38761/', 'http://127.0.0.1:43063/', 'http://127.0.0.1:43801/', 'http://127.0.0.1:35007/', 'http://127.0.0.1:40945/', 'http://127.0.0.1:38461/']: sec=0.01, result=[1, '', 0]
[rosmaster.master][INFO] 2025-12-18 11:38:35,913: publisherUpdate[/rosout] -> http://127.0.0.1:37277/ ['http://127.0.0.1:43797/', 'http://127.0.0.1:42461/', 'http://127.0.0.1:32855/', 'http://127.0.0.1:33729/', 'http://127.0.0.1:43711/', 'http://127.0.0.1:45865/', 'http://127.0.0.1:38761/', 'http://127.0.0.1:43063/', 'http://127.0.0.1:43801/', 'http://127.0.0.1:35007/', 'http://127.0.0.1:40945/', 'http://127.0.0.1:38461/']
[rosmaster.master][INFO] 2025-12-18 11:38:35,908: -PUB [/dynamic_footprint_publisher/footprint_stamped] /dynamic_footprint_publisher http://127.0.0.1:39167/
[rosmaster.master][INFO] 2025-12-18 11:38:35,915: -SUB [/clock] /joystick_relay http://127.0.0.1:38761/
[rosmaster.master][INFO] 2025-12-18 11:38:35,915: -SUB [/input_joy/cmd_vel] /joystick_relay http://127.0.0.1:38761/
[rosmaster.master][INFO] 2025-12-18 11:38:35,915: -SUB [/joy_priority_action/goal] /joystick_relay http://127.0.0.1:38761/
[rosmaster.master][INFO] 2025-12-18 11:38:35,916: -SUB [/joy_priority_action/cancel] /joystick_relay http://127.0.0.1:38761/
[rosmaster.master][INFO] 2025-12-18 11:38:35,916: -PUB [/xtion/rgb/image_mono/compressed] /xtion/rgb/image_proc http://127.0.0.1:45411/
[rosmaster.master][INFO] 2025-12-18 11:38:35,917: publisherUpdate[/rosout] -> http://127.0.0.1:37277/ ['http://127.0.0.1:43797/', 'http://127.0.0.1:42461/', 'http://127.0.0.1:32855/', 'http://127.0.0.1:33729/', 'http://127.0.0.1:43711/', 'http://127.0.0.1:45865/', 'http://127.0.0.1:38761/', 'http://127.0.0.1:43063/', 'http://127.0.0.1:43801/', 'http://127.0.0.1:35007/', 'http://127.0.0.1:40945/', 'http://127.0.0.1:38461/']: sec=0.00, result=[1, '', 0]
[rosmaster.master][INFO] 2025-12-18 11:38:35,927: publisherUpdate[/rosout] -> http://127.0.0.1:37277/ ['http://127.0.0.1:43797/', 'http://127.0.0.1:42461/', 'http://127.0.0.1:33729/', 'http://127.0.0.1:43711/', 'http://127.0.0.1:45865/', 'http://127.0.0.1:38761/', 'http://127.0.0.1:43063/', 'http://127.0.0.1:43801/', 'http://127.0.0.1:35007/', 'http://127.0.0.1:40945/', 'http://127.0.0.1:38461/']
[rosmaster.master][INFO] 2025-12-18 11:38:35,925: -PUB [/twist_marker] /twist_marker http://127.0.0.1:35889/
[rosmaster.master][INFO] 2025-12-18 11:38:35,930: -PUB [/xtion/rgb/image_mono/compressed/parameter_descriptions] /xtion/rgb/image_proc http://127.0.0.1:45411/
[rosmaster.master][INFO] 2025-12-18 11:38:35,930: -PUB [/throttle_filtering_points/filtered_points] /throttle_filtering_points http://127.0.0.1:42017/
[rosmaster.master][INFO] 2025-12-18 11:38:35,933: -PUB [/diagnostics] /twist_mux http://127.0.0.1:32855/
[rosmaster.master][INFO] 2025-12-18 11:38:35,934: -PUB [/tf_lookup/feedback] /tf_lookup http://127.0.0.1:44715/
[rosmaster.master][INFO] 2025-12-18 11:38:35,934: publisherUpdate[/rosout] -> http://127.0.0.1:37277/ ['http://127.0.0.1:43797/', 'http://127.0.0.1:42461/', 'http://127.0.0.1:33729/', 'http://127.0.0.1:43711/', 'http://127.0.0.1:45865/', 'http://127.0.0.1:38761/', 'http://127.0.0.1:43063/', 'http://127.0.0.1:43801/', 'http://127.0.0.1:35007/', 'http://127.0.0.1:40945/', 'http://127.0.0.1:38461/']: sec=0.01, result=[1, '', 0]
[rosmaster.master][INFO] 2025-12-18 11:38:35,934: publisherUpdate[/rosout] -> http://127.0.0.1:37277/ ['http://127.0.0.1:43797/', 'http://127.0.0.1:33729/', 'http://127.0.0.1:43711/', 'http://127.0.0.1:45865/', 'http://127.0.0.1:38761/', 'http://127.0.0.1:43063/', 'http://127.0.0.1:43801/', 'http://127.0.0.1:35007/', 'http://127.0.0.1:40945/', 'http://127.0.0.1:38461/']
[rosmaster.master][INFO] 2025-12-18 11:38:35,935: -SUB [/joy_turbo_increase/goal] /joystick_relay http://127.0.0.1:38761/
[rosmaster.master][INFO] 2025-12-18 11:38:35,935: -PUB [/rosout] /image_raw_to_rect_color_relay http://127.0.0.1:43711/
[rosmaster.master][INFO] 2025-12-18 11:38:35,935: -PUB [/tf] /robot_state_publisher http://127.0.0.1:42461/
[rosmaster.master][INFO] 2025-12-18 11:38:35,935: -SUB [/joy_turbo_increase/cancel] /joystick_relay http://127.0.0.1:38761/
[rosmaster.master][INFO] 2025-12-18 11:38:35,936: -SERVICE [/dynamic_footprint_publisher/get_loggers] /dynamic_footprint_publisher rosrpc://127.0.0.1:44445
[rosmaster.master][INFO] 2025-12-18 11:38:35,938: -SERVICE [/dynamic_footprint_publisher/set_logger_level] /dynamic_footprint_publisher rosrpc://127.0.0.1:44445
[rosmaster.master][INFO] 2025-12-18 11:38:35,938: -SERVICE [/dynamic_footprint_publisher/change_params] /dynamic_footprint_publisher rosrpc://127.0.0.1:44445
[rosmaster.master][INFO] 2025-12-18 11:38:35,938: -PUB [/xtion/rgb/image_mono/compressed/parameter_updates] /xtion/rgb/image_proc http://127.0.0.1:45411/
[rosmaster.master][INFO] 2025-12-18 11:38:35,938: publisherUpdate[/mobile_base_controller/cmd_vel] -> http://127.0.0.1:35889/ []
[rosmaster.master][INFO] 2025-12-18 11:38:35,939: -PUB [/xtion/rgb/image_rect_color] /image_raw_to_rect_color_relay http://127.0.0.1:43711/
[rosmaster.master][INFO] 2025-12-18 11:38:35,940: publisherUpdate[/rosout] -> http://127.0.0.1:37277/ ['http://127.0.0.1:43797/', 'http://127.0.0.1:33729/', 'http://127.0.0.1:43711/', 'http://127.0.0.1:45865/', 'http://127.0.0.1:38761/', 'http://127.0.0.1:43063/', 'http://127.0.0.1:43801/', 'http://127.0.0.1:35007/', 'http://127.0.0.1:40945/', 'http://127.0.0.1:38461/']: sec=0.01, result=[1, '', 0]
[rosmaster.master][INFO] 2025-12-18 11:38:35,942: -SUB [/clock] /throttle_filtering_points http://127.0.0.1:42017/
[rosmaster.master][INFO] 2025-12-18 11:38:35,944: -PUB [/tf_lookup/status] /tf_lookup http://127.0.0.1:44715/
[rosmaster.master][INFO] 2025-12-18 11:38:35,942: publisherUpdate[/mobile_base_controller/cmd_vel] -> http://127.0.0.1:43063/ []
[rosmaster.master][INFO] 2025-12-18 11:38:35,946: -PUB [/tf_stream/result] /tf_lookup http://127.0.0.1:44715/
[rosmaster.master][INFO] 2025-12-18 11:38:35,948: -PUB [/tf_static] /robot_state_publisher http://127.0.0.1:42461/
[rosmaster.master][INFO] 2025-12-18 11:38:35,949: publisherUpdate[/mobile_base_controller/cmd_vel] -> http://127.0.0.1:35889/ []: sec=0.01, exception=<Fault -1: 'publisherUpdate: unknown method name'>
[rosmaster.master][INFO] 2025-12-18 11:38:35,949: publisherUpdate[/mobile_base_controller/cmd_vel] -> http://127.0.0.1:43063/ []: sec=0.00, result=[1, '', 0]
[rosmaster.master][INFO] 2025-12-18 11:38:35,950: publisherUpdate[/rosout] -> http://127.0.0.1:37277/ ['http://127.0.0.1:43797/', 'http://127.0.0.1:33729/', 'http://127.0.0.1:45865/', 'http://127.0.0.1:38761/', 'http://127.0.0.1:43063/', 'http://127.0.0.1:43801/', 'http://127.0.0.1:35007/', 'http://127.0.0.1:40945/', 'http://127.0.0.1:38461/']
[rosmaster.master][INFO] 2025-12-18 11:38:35,956: -SUB [/clock] /twist_marker http://127.0.0.1:35889/
[rosmaster.master][INFO] 2025-12-18 11:38:35,964: -SUB [/clock] /twist_mux http://127.0.0.1:32855/
[rosmaster.master][INFO] 2025-12-18 11:38:35,970: publisherUpdate[/rosout] -> http://127.0.0.1:37277/ ['http://127.0.0.1:43797/', 'http://127.0.0.1:33729/', 'http://127.0.0.1:45865/', 'http://127.0.0.1:38761/', 'http://127.0.0.1:43063/', 'http://127.0.0.1:43801/', 'http://127.0.0.1:35007/', 'http://127.0.0.1:40945/', 'http://127.0.0.1:38461/']: sec=0.02, result=[1, '', 0]
[rosmaster.master][INFO] 2025-12-18 11:38:35,971: publisherUpdate[/tf] -> http://127.0.0.1:44715/ ['http://127.0.0.1:43063/']
[rosmaster.master][INFO] 2025-12-18 11:38:35,969: publisherUpdate[/tf] -> http://127.0.0.1:43797/ ['http://127.0.0.1:43063/']
[rosmaster.threadpool][ERROR] 2025-12-18 11:38:35,965: Traceback (most recent call last):
  File "/opt/ros/noetic/lib/python3/dist-packages/rosmaster/threadpool.py", line 218, in run
    result = cmd(*args)
  File "/opt/ros/noetic/lib/python3/dist-packages/rosmaster/master_api.py", line 210, in publisher_update_task
    ret = xmlrpcapi(api).publisherUpdate('/master', topic, pub_uris)
  File "/usr/lib/python3.8/xmlrpc/client.py", line 1109, in __call__
    return self.__send(self.__name, args)
  File "/usr/lib/python3.8/xmlrpc/client.py", line 1450, in __request
    response = self.__transport.request(
  File "/usr/lib/python3.8/xmlrpc/client.py", line 1153, in request
    return self.single_request(host, handler, request_body, verbose)
  File "/usr/lib/python3.8/xmlrpc/client.py", line 1169, in single_request
    return self.parse_response(resp)
  File "/usr/lib/python3.8/xmlrpc/client.py", line 1341, in parse_response
    return u.close()
  File "/usr/lib/python3.8/xmlrpc/client.py", line 655, in close
    raise Fault(**self._stack[0])
xmlrpc.client.Fault: <Fault -1: 'publisherUpdate: unknown method name'>

[rosmaster.master][INFO] 2025-12-18 11:38:35,995: publisherUpdate[/tf] -> http://127.0.0.1:33729/ ['http://127.0.0.1:43063/']
[rosmaster.master][INFO] 2025-12-18 11:38:35,992: -PUB [/xtion/rgb/image_mono] /xtion/rgb/image_proc http://127.0.0.1:45411/
[rosmaster.master][INFO] 2025-12-18 11:38:35,995: publisherUpdate[/tf] -> http://127.0.0.1:43797/ ['http://127.0.0.1:43063/']: sec=0.02, result=[1, '', 0]
[rosmaster.master][INFO] 2025-12-18 11:38:35,996: publisherUpdate[/tf] -> http://127.0.0.1:44715/ ['http://127.0.0.1:43063/']: sec=0.03, exception=<Fault -1: 'publisherUpdate: unknown method name'>
[rosmaster.threadpool][ERROR] 2025-12-18 11:38:36,022: Traceback (most recent call last):
  File "/opt/ros/noetic/lib/python3/dist-packages/rosmaster/threadpool.py", line 218, in run
    result = cmd(*args)
  File "/opt/ros/noetic/lib/python3/dist-packages/rosmaster/master_api.py", line 210, in publisher_update_task
    ret = xmlrpcapi(api).publisherUpdate('/master', topic, pub_uris)
  File "/usr/lib/python3.8/xmlrpc/client.py", line 1109, in __call__
    return self.__send(self.__name, args)
  File "/usr/lib/python3.8/xmlrpc/client.py", line 1450, in __request
    response = self.__transport.request(
  File "/usr/lib/python3.8/xmlrpc/client.py", line 1153, in request
    return self.single_request(host, handler, request_body, verbose)
  File "/usr/lib/python3.8/xmlrpc/client.py", line 1169, in single_request
    return self.parse_response(resp)
  File "/usr/lib/python3.8/xmlrpc/client.py", line 1341, in parse_response
    return u.close()
  File "/usr/lib/python3.8/xmlrpc/client.py", line 655, in close
    raise Fault(**self._stack[0])
xmlrpc.client.Fault: <Fault -1: 'publisherUpdate: unknown method name'>

[rosmaster.master][INFO] 2025-12-18 11:38:36,036: publisherUpdate[/tf_static] -> http://127.0.0.1:43797/ []
[rosmaster.master][INFO] 2025-12-18 11:38:36,011: -SUB [/joy_turbo_decrease/goal] /joystick_relay http://127.0.0.1:38761/
[rosmaster.master][INFO] 2025-12-18 11:38:36,035: publisherUpdate[/tf] -> http://127.0.0.1:33729/ ['http://127.0.0.1:43063/']: sec=0.04, result=[1, '', 0]
[rosmaster.master][INFO] 2025-12-18 11:38:36,040: publisherUpdate[/tf_static] -> http://127.0.0.1:44715/ []
[rosmaster.master][INFO] 2025-12-18 11:38:36,039: -PUB [/move_group/ompl/parameter_descriptions] /move_group http://127.0.0.1:45471/
[rosmaster.master][INFO] 2025-12-18 11:38:36,017: publisherUpdate[/tf] -> http://127.0.0.1:45471/ ['http://127.0.0.1:43063/']
[rosmaster.master][INFO] 2025-12-18 11:38:36,043: -SERVICE [/throttle_filtering_points/get_loggers] /throttle_filtering_points rosrpc://127.0.0.1:33135
[rosmaster.master][INFO] 2025-12-18 11:38:36,058: publisherUpdate[/tf] -> http://127.0.0.1:45471/ ['http://127.0.0.1:43063/']: sec=0.02, exception=<Fault -1: 'publisherUpdate: unknown method name'>
[rosmaster.threadpool][ERROR] 2025-12-18 11:38:36,073: Traceback (most recent call last):
  File "/opt/ros/noetic/lib/python3/dist-packages/rosmaster/threadpool.py", line 218, in run
    result = cmd(*args)
  File "/opt/ros/noetic/lib/python3/dist-packages/rosmaster/master_api.py", line 210, in publisher_update_task
    ret = xmlrpcapi(api).publisherUpdate('/master', topic, pub_uris)
  File "/usr/lib/python3.8/xmlrpc/client.py", line 1109, in __call__
    return self.__send(self.__name, args)
  File "/usr/lib/python3.8/xmlrpc/client.py", line 1450, in __request
    response = self.__transport.request(
  File "/usr/lib/python3.8/xmlrpc/client.py", line 1153, in request
    return self.single_request(host, handler, request_body, verbose)
  File "/usr/lib/python3.8/xmlrpc/client.py", line 1169, in single_request
    return self.parse_response(resp)
  File "/usr/lib/python3.8/xmlrpc/client.py", line 1341, in parse_response
    return u.close()
  File "/usr/lib/python3.8/xmlrpc/client.py", line 655, in close
    raise Fault(**self._stack[0])
xmlrpc.client.Fault: <Fault -1: 'publisherUpdate: unknown method name'>

[rosmaster.master][INFO] 2025-12-18 11:38:36,074: publisherUpdate[/tf_static] -> http://127.0.0.1:33729/ []
[rosmaster.master][INFO] 2025-12-18 11:38:36,074: publisherUpdate[/tf_static] -> http://127.0.0.1:44715/ []: sec=0.03, exception=<Fault -1: 'publisherUpdate: unknown method name'>
[rosmaster.threadpool][ERROR] 2025-12-18 11:38:36,075: Traceback (most recent call last):
  File "/opt/ros/noetic/lib/python3/dist-packages/rosmaster/threadpool.py", line 218, in run
    result = cmd(*args)
  File "/opt/ros/noetic/lib/python3/dist-packages/rosmaster/master_api.py", line 210, in publisher_update_task
    ret = xmlrpcapi(api).publisherUpdate('/master', topic, pub_uris)
  File "/usr/lib/python3.8/xmlrpc/client.py", line 1109, in __call__
    return self.__send(self.__name, args)
  File "/usr/lib/python3.8/xmlrpc/client.py", line 1450, in __request
    response = self.__transport.request(
  File "/usr/lib/python3.8/xmlrpc/client.py", line 1153, in request
    return self.single_request(host, handler, request_body, verbose)
  File "/usr/lib/python3.8/xmlrpc/client.py", line 1169, in single_request
    return self.parse_response(resp)
  File "/usr/lib/python3.8/xmlrpc/client.py", line 1341, in parse_response
    return u.close()
  File "/usr/lib/python3.8/xmlrpc/client.py", line 655, in close
    raise Fault(**self._stack[0])
xmlrpc.client.Fault: <Fault -1: 'publisherUpdate: unknown method name'>

[rosmaster.master][INFO] 2025-12-18 11:38:36,075: publisherUpdate[/tf_static] -> http://127.0.0.1:45471/ []
[rosmaster.master][INFO] 2025-12-18 11:38:36,073: -SUB [/clock] /image_raw_to_rect_color_relay http://127.0.0.1:43711/
[rosmaster.master][INFO] 2025-12-18 11:38:36,077: -SUB [/clock] /robot_state_publisher http://127.0.0.1:42461/
[rosmaster.master][INFO] 2025-12-18 11:38:36,078: -PUB [/tf_stream/feedback] /tf_lookup http://127.0.0.1:44715/
[rosmaster.master][INFO] 2025-12-18 11:38:36,072: publisherUpdate[/tf_static] -> http://127.0.0.1:43797/ []: sec=0.03, result=[1, '', 0]
[rosmaster.master][INFO] 2025-12-18 11:38:36,080: publisherUpdate[/tf_static] -> http://127.0.0.1:33729/ []: sec=0.01, result=[1, '', 0]
[rosmaster.master][INFO] 2025-12-18 11:38:36,080: -SUB [/mobile_base_controller/cmd_vel] /twist_marker http://127.0.0.1:35889/
[rosmaster.master][INFO] 2025-12-18 11:38:36,081: -PUB [/tf_stream/status] /tf_lookup http://127.0.0.1:44715/
[rosmaster.master][INFO] 2025-12-18 11:38:36,080: publisherUpdate[/tf_static] -> http://127.0.0.1:45471/ []: sec=0.00, exception=<Fault -1: 'publisherUpdate: unknown method name'>
[rosmaster.threadpool][ERROR] 2025-12-18 11:38:36,082: Traceback (most recent call last):
  File "/opt/ros/noetic/lib/python3/dist-packages/rosmaster/threadpool.py", line 218, in run
    result = cmd(*args)
  File "/opt/ros/noetic/lib/python3/dist-packages/rosmaster/master_api.py", line 210, in publisher_update_task
    ret = xmlrpcapi(api).publisherUpdate('/master', topic, pub_uris)
  File "/usr/lib/python3.8/xmlrpc/client.py", line 1109, in __call__
    return self.__send(self.__name, args)
  File "/usr/lib/python3.8/xmlrpc/client.py", line 1450, in __request
    response = self.__transport.request(
  File "/usr/lib/python3.8/xmlrpc/client.py", line 1153, in request
    return self.single_request(host, handler, request_body, verbose)
  File "/usr/lib/python3.8/xmlrpc/client.py", line 1169, in single_request
    return self.parse_response(resp)
  File "/usr/lib/python3.8/xmlrpc/client.py", line 1341, in parse_response
    return u.close()
  File "/usr/lib/python3.8/xmlrpc/client.py", line 655, in close
    raise Fault(**self._stack[0])
xmlrpc.client.Fault: <Fault -1: 'publisherUpdate: unknown method name'>

[rosmaster.master][INFO] 2025-12-18 11:38:36,082: -SUB [/nav_vel] /twist_mux http://127.0.0.1:32855/
[rosmaster.master][INFO] 2025-12-18 11:38:36,083: -SUB [/joy_turbo_decrease/cancel] /joystick_relay http://127.0.0.1:38761/
[rosmaster.master][INFO] 2025-12-18 11:38:36,084: -SUB [/joy_turbo_angular_increase/goal] /joystick_relay http://127.0.0.1:38761/
[rosmaster.master][INFO] 2025-12-18 11:38:36,087: -SUB [/joy_turbo_angular_increase/cancel] /joystick_relay http://127.0.0.1:38761/
[rosmaster.master][INFO] 2025-12-18 11:38:36,087: -SUB [/joy_turbo_angular_decrease/goal] /joystick_relay http://127.0.0.1:38761/
[rosmaster.master][INFO] 2025-12-18 11:38:36,087: -SUB [/joint_states] /robot_state_publisher http://127.0.0.1:42461/
[rosmaster.master][INFO] 2025-12-18 11:38:36,088: -PUB [/xtion/rgb/image_mono/theora] /xtion/rgb/image_proc http://127.0.0.1:45411/
[rosmaster.master][INFO] 2025-12-18 11:38:36,088: -PUB [/move_group/ompl/parameter_updates] /move_group http://127.0.0.1:45471/
[rosmaster.master][INFO] 2025-12-18 11:38:36,096: -SERVICE [/twist_marker/get_loggers] /twist_marker rosrpc://127.0.0.1:54629
[rosmaster.master][INFO] 2025-12-18 11:38:36,100: -PUB [/tfs_14594000000] /tf_lookup http://127.0.0.1:44715/
[rosmaster.master][INFO] 2025-12-18 11:38:36,109: -SUB [/joy_vel] /twist_mux http://127.0.0.1:32855/
[rosmaster.master][INFO] 2025-12-18 11:38:36,118: -SERVICE [/throttle_filtering_points/set_logger_level] /throttle_filtering_points rosrpc://127.0.0.1:33135
[rosmaster.master][INFO] 2025-12-18 11:38:36,121: -SUB [/xtion/rgb/image_raw] /image_raw_to_rect_color_relay http://127.0.0.1:43711/
[rosmaster.master][INFO] 2025-12-18 11:38:36,125: -SUB [/joy_turbo_angular_decrease/cancel] /joystick_relay http://127.0.0.1:38761/
[rosmaster.master][INFO] 2025-12-18 11:38:36,139: -SUB [/joy_turbo_reset/goal] /joystick_relay http://127.0.0.1:38761/
[rosmaster.master][INFO] 2025-12-18 11:38:36,139: -SUB [/joy_turbo_reset/cancel] /joystick_relay http://127.0.0.1:38761/
[rosmaster.master][INFO] 2025-12-18 11:38:36,142: -PUB [/rosout] /joystick_relay http://127.0.0.1:38761/
[rosmaster.master][INFO] 2025-12-18 11:38:36,150: -SERVICE [/twist_marker/set_logger_level] /twist_marker rosrpc://127.0.0.1:54629
[rosmaster.master][INFO] 2025-12-18 11:38:36,153: -SUB [/clock] /tf_lookup http://127.0.0.1:44715/
[rosmaster.master][INFO] 2025-12-18 11:38:36,154: -SUB [/key_vel] /twist_mux http://127.0.0.1:32855/
[rosmaster.master][INFO] 2025-12-18 11:38:36,154: -SERVICE [/throttle_filtering_points/set_parameters] /throttle_filtering_points rosrpc://127.0.0.1:33135
[rosmaster.master][INFO] 2025-12-18 11:38:36,156: -SERVICE [/robot_state_publisher/get_loggers] /robot_state_publisher rosrpc://127.0.0.1:51217
[rosmaster.master][INFO] 2025-12-18 11:38:36,157: -PUB [/xtion/rgb/image_mono/theora/parameter_descriptions] /xtion/rgb/image_proc http://127.0.0.1:45411/
[rosmaster.master][INFO] 2025-12-18 11:38:36,157: -PUB [/move_group/display_planned_path] /move_group http://127.0.0.1:45471/
[rosmaster.master][INFO] 2025-12-18 11:38:36,158: -PUB [/text_marker] /joystick_relay http://127.0.0.1:38761/
[rosmaster.master][INFO] 2025-12-18 11:38:36,160: -SERVICE [/image_raw_to_rect_color_relay/get_loggers] /image_raw_to_rect_color_relay rosrpc://127.0.0.1:47411
[rosmaster.master][INFO] 2025-12-18 11:38:36,160: -PUB [/move_group/display_contacts] /move_group http://127.0.0.1:45471/
[rosmaster.master][INFO] 2025-12-18 11:38:36,161: -SUB [/tf] /tf_lookup http://127.0.0.1:44715/
[rosmaster.master][INFO] 2025-12-18 11:38:36,164: -SUB [/tab_vel] /twist_mux http://127.0.0.1:32855/
[rosmaster.master][INFO] 2025-12-18 11:38:36,166: -PUB [/joy_vel] /joystick_relay http://127.0.0.1:38761/
[rosmaster.master][INFO] 2025-12-18 11:38:36,167: -PUB [/joy_priority] /joystick_relay http://127.0.0.1:38761/
[rosmaster.master][INFO] 2025-12-18 11:38:36,168: -PUB [/joy_priority_action/status] /joystick_relay http://127.0.0.1:38761/
[rosmaster.master][INFO] 2025-12-18 11:38:36,169: -PUB [/joy_priority_action/result] /joystick_relay http://127.0.0.1:38761/
[rosmaster.master][INFO] 2025-12-18 11:38:36,170: -CACHEDPARAM [/rosout_disable_topics_generation] by /throttle_filtering_points
[rosmaster.master][INFO] 2025-12-18 11:38:36,171: -PUB [/arm_controller/follow_joint_trajectory/goal] /move_group http://127.0.0.1:45471/
[rosmaster.master][INFO] 2025-12-18 11:38:36,171: -SUB [/tf_static] /tf_lookup http://127.0.0.1:44715/
[rosmaster.master][INFO] 2025-12-18 11:38:36,173: -SERVICE [/image_raw_to_rect_color_relay/set_logger_level] /image_raw_to_rect_color_relay rosrpc://127.0.0.1:47411
[rosmaster.master][INFO] 2025-12-18 11:38:36,174: -SERVICE [/robot_state_publisher/set_logger_level] /robot_state_publisher rosrpc://127.0.0.1:51217
[rosmaster.master][INFO] 2025-12-18 11:38:36,174: -PUB [/xtion/rgb/image_mono/theora/parameter_updates] /xtion/rgb/image_proc http://127.0.0.1:45411/
[rosmaster.master][INFO] 2025-12-18 11:38:36,174: -SUB [/tf_lookup/goal] /tf_lookup http://127.0.0.1:44715/
[rosmaster.master][INFO] 2025-12-18 11:38:36,180: publisherUpdate[/rosout] -> http://127.0.0.1:37277/ ['http://127.0.0.1:43797/', 'http://127.0.0.1:33729/', 'http://127.0.0.1:45865/', 'http://127.0.0.1:43063/', 'http://127.0.0.1:43801/', 'http://127.0.0.1:35007/', 'http://127.0.0.1:40945/', 'http://127.0.0.1:38461/']
[rosmaster.master][INFO] 2025-12-18 11:38:36,183: publisherUpdate[/rosout] -> http://127.0.0.1:37277/ ['http://127.0.0.1:43797/', 'http://127.0.0.1:33729/', 'http://127.0.0.1:45865/', 'http://127.0.0.1:43063/', 'http://127.0.0.1:43801/', 'http://127.0.0.1:35007/', 'http://127.0.0.1:40945/', 'http://127.0.0.1:38461/']: sec=0.00, result=[1, '', 0]
[rosmaster.master][INFO] 2025-12-18 11:38:36,183: -SUB [/marker_vel] /twist_mux http://127.0.0.1:32855/
[rosmaster.master][INFO] 2025-12-18 11:38:36,183: publisherUpdate[/joy_priority] -> http://127.0.0.1:32855/ []
[rosmaster.master][INFO] 2025-12-18 11:38:36,183: publisherUpdate[/arm_controller/follow_joint_trajectory/goal] -> http://127.0.0.1:43063/ ['http://127.0.0.1:33729/']
[rosmaster.master][INFO] 2025-12-18 11:38:36,185: -PUB [/arm_controller/follow_joint_trajectory/cancel] /move_group http://127.0.0.1:45471/
[rosmaster.master][INFO] 2025-12-18 11:38:36,189: publisherUpdate[/joy_priority] -> http://127.0.0.1:32855/ []: sec=0.00, exception=<Fault -1: 'publisherUpdate: unknown method name'>
[rosmaster.master][INFO] 2025-12-18 11:38:36,188: publisherUpdate[/arm_controller/follow_joint_trajectory/goal] -> http://127.0.0.1:43063/ ['http://127.0.0.1:33729/']: sec=0.00, result=[1, '', 0]
[rosmaster.master][INFO] 2025-12-18 11:38:36,206: publisherUpdate[/arm_controller/follow_joint_trajectory/cancel] -> http://127.0.0.1:43063/ ['http://127.0.0.1:33729/']
[rosmaster.master][INFO] 2025-12-18 11:38:36,199: -PUB [/joy_priority_action/feedback] /joystick_relay http://127.0.0.1:38761/
[rosmaster.master][INFO] 2025-12-18 11:38:36,226: -PUB [/joy_turbo_increase/status] /joystick_relay http://127.0.0.1:38761/
[rosmaster.master][INFO] 2025-12-18 11:38:36,228: -PUB [/joy_turbo_increase/result] /joystick_relay http://127.0.0.1:38761/
[rosmaster.master][INFO] 2025-12-18 11:38:36,226: publisherUpdate[/arm_controller/follow_joint_trajectory/cancel] -> http://127.0.0.1:43063/ ['http://127.0.0.1:33729/']: sec=0.02, result=[1, '', 0]
[rosmaster.master][INFO] 2025-12-18 11:38:36,228: -PUB [/joy_turbo_increase/feedback] /joystick_relay http://127.0.0.1:38761/
[rosmaster.threadpool][ERROR] 2025-12-18 11:38:36,222: Traceback (most recent call last):
  File "/opt/ros/noetic/lib/python3/dist-packages/rosmaster/threadpool.py", line 218, in run
    result = cmd(*args)
  File "/opt/ros/noetic/lib/python3/dist-packages/rosmaster/master_api.py", line 210, in publisher_update_task
    ret = xmlrpcapi(api).publisherUpdate('/master', topic, pub_uris)
  File "/usr/lib/python3.8/xmlrpc/client.py", line 1109, in __call__
    return self.__send(self.__name, args)
  File "/usr/lib/python3.8/xmlrpc/client.py", line 1450, in __request
    response = self.__transport.request(
  File "/usr/lib/python3.8/xmlrpc/client.py", line 1153, in request
    return self.single_request(host, handler, request_body, verbose)
  File "/usr/lib/python3.8/xmlrpc/client.py", line 1169, in single_request
    return self.parse_response(resp)
  File "/usr/lib/python3.8/xmlrpc/client.py", line 1341, in parse_response
    return u.close()
  File "/usr/lib/python3.8/xmlrpc/client.py", line 655, in close
    raise Fault(**self._stack[0])
xmlrpc.client.Fault: <Fault -1: 'publisherUpdate: unknown method name'>

[rosmaster.master][INFO] 2025-12-18 11:38:36,231: -SUB [/phone_vel] /twist_mux http://127.0.0.1:32855/
[rosmaster.master][INFO] 2025-12-18 11:38:36,232: -PUB [/torso_controller/follow_joint_trajectory/goal] /move_group http://127.0.0.1:45471/
[rosmaster.master][INFO] 2025-12-18 11:38:36,233: -PUB [/xtion/rgb/image_color/compressedDepth] /xtion/rgb/image_proc http://127.0.0.1:45411/
[rosmaster.master][INFO] 2025-12-18 11:38:36,234: -CACHEDPARAM [/rosout_disable_topics_generation] by /image_raw_to_rect_color_relay
[rosmaster.master][INFO] 2025-12-18 11:38:36,236: -PUB [/xtion/rgb/image_color/compressedDepth/parameter_descriptions] /xtion/rgb/image_proc http://127.0.0.1:45411/
[rosmaster.master][INFO] 2025-12-18 11:38:36,238: -PUB [/torso_controller/follow_joint_trajectory/cancel] /move_group http://127.0.0.1:45471/
[rosmaster.master][INFO] 2025-12-18 11:38:36,238: -PUB [/joy_turbo_decrease/status] /joystick_relay http://127.0.0.1:38761/
[rosmaster.master][INFO] 2025-12-18 11:38:36,239: -PUB [/joy_turbo_decrease/result] /joystick_relay http://127.0.0.1:38761/
[rosmaster.master][INFO] 2025-12-18 11:38:36,239: -PUB [/joy_turbo_decrease/feedback] /joystick_relay http://127.0.0.1:38761/
[rosmaster.master][INFO] 2025-12-18 11:38:36,239: -PUB [/joy_turbo_angular_increase/status] /joystick_relay http://127.0.0.1:38761/
[rosmaster.master][INFO] 2025-12-18 11:38:36,240: -PUB [/joy_turbo_angular_increase/result] /joystick_relay http://127.0.0.1:38761/
[rosmaster.master][INFO] 2025-12-18 11:38:36,242: -SUB [/rviz_joy_vel] /twist_mux http://127.0.0.1:32855/
[rosmaster.master][INFO] 2025-12-18 11:38:36,243: -SUB [/tf_lookup/cancel] /tf_lookup http://127.0.0.1:44715/
[rosmaster.master][INFO] 2025-12-18 11:38:36,244: -SUB [/tf_stream/goal] /tf_lookup http://127.0.0.1:44715/
[rosmaster.master][INFO] 2025-12-18 11:38:36,244: -PUB [/head_controller/follow_joint_trajectory/goal] /move_group http://127.0.0.1:45471/
[rosmaster.master][INFO] 2025-12-18 11:38:36,245: -PUB [/joy_turbo_angular_increase/feedback] /joystick_relay http://127.0.0.1:38761/
[rosmaster.master][INFO] 2025-12-18 11:38:36,245: -PUB [/joy_turbo_angular_decrease/status] /joystick_relay http://127.0.0.1:38761/
[rosmaster.master][INFO] 2025-12-18 11:38:36,246: -PUB [/joy_turbo_angular_decrease/result] /joystick_relay http://127.0.0.1:38761/
[rosmaster.master][INFO] 2025-12-18 11:38:36,247: -PUB [/joy_turbo_angular_decrease/feedback] /joystick_relay http://127.0.0.1:38761/
[rosmaster.master][INFO] 2025-12-18 11:38:36,247: -PUB [/joy_turbo_reset/status] /joystick_relay http://127.0.0.1:38761/
[rosmaster.master][INFO] 2025-12-18 11:38:36,248: -PUB [/joy_turbo_reset/result] /joystick_relay http://127.0.0.1:38761/
[rosmaster.master][INFO] 2025-12-18 11:38:36,249: -PUB [/xtion/rgb/image_color/compressedDepth/parameter_updates] /xtion/rgb/image_proc http://127.0.0.1:45411/
[rosmaster.master][INFO] 2025-12-18 11:38:36,249: -SUB [/servoing_cmd_vel] /twist_mux http://127.0.0.1:32855/
[rosmaster.master][INFO] 2025-12-18 11:38:36,249: -PUB [/head_controller/follow_joint_trajectory/cancel] /move_group http://127.0.0.1:45471/
[rosmaster.master][INFO] 2025-12-18 11:38:36,249: -SUB [/tf_stream/cancel] /tf_lookup http://127.0.0.1:44715/
[rosmaster.master][INFO] 2025-12-18 11:38:36,258: -PUB [/joy_turbo_reset/feedback] /joystick_relay http://127.0.0.1:38761/
[rosmaster.master][INFO] 2025-12-18 11:38:36,267: -PUB [/gripper_controller/follow_joint_trajectory/goal] /move_group http://127.0.0.1:45471/
[rosmaster.master][INFO] 2025-12-18 11:38:36,269: -PUB [/xtion/rgb/image_color/compressed] /xtion/rgb/image_proc http://127.0.0.1:45411/
[rosmaster.master][INFO] 2025-12-18 11:38:36,276: -SERVICE [/tf_lookup/get_loggers] /tf_lookup rosrpc://127.0.0.1:45191
[rosmaster.master][INFO] 2025-12-18 11:38:36,283: -PUB [/xtion/rgb/image_color/compressed/parameter_descriptions] /xtion/rgb/image_proc http://127.0.0.1:45411/
[rosmaster.master][INFO] 2025-12-18 11:38:36,284: publisherUpdate[/torso_controller/follow_joint_trajectory/goal] -> http://127.0.0.1:43063/ ['http://127.0.0.1:33729/']
[rosmaster.master][INFO] 2025-12-18 11:38:36,286: -SERVICE [/joystick_relay/get_loggers] /joystick_relay rosrpc://127.0.0.1:44541
[rosmaster.master][INFO] 2025-12-18 11:38:36,286: -SERVICE [/joystick_relay/set_logger_level] /joystick_relay rosrpc://127.0.0.1:44541
[rosmaster.master][INFO] 2025-12-18 11:38:36,290: -SUB [/pause_navigation] /twist_mux http://127.0.0.1:32855/
[rosmaster.master][INFO] 2025-12-18 11:38:36,293: -SERVICE [/tf_lookup/set_logger_level] /tf_lookup rosrpc://127.0.0.1:45191
[rosmaster.master][INFO] 2025-12-18 11:38:36,310: publisherUpdate[/torso_controller/follow_joint_trajectory/goal] -> http://127.0.0.1:43063/ ['http://127.0.0.1:33729/']: sec=0.02, result=[1, '', 0]
[rosmaster.master][INFO] 2025-12-18 11:38:36,322: publisherUpdate[/torso_controller/follow_joint_trajectory/cancel] -> http://127.0.0.1:43063/ ['http://127.0.0.1:33729/']
[rosmaster.master][INFO] 2025-12-18 11:38:36,315: -PUB [/gripper_controller/follow_joint_trajectory/cancel] /move_group http://127.0.0.1:45471/
[rosmaster.master][INFO] 2025-12-18 11:38:36,325: publisherUpdate[/torso_controller/follow_joint_trajectory/cancel] -> http://127.0.0.1:43063/ ['http://127.0.0.1:33729/']: sec=0.00, result=[1, '', 0]
[rosmaster.master][INFO] 2025-12-18 11:38:36,326: -SUB [/clock] /is_already_there http://127.0.0.1:45865/
[rosmaster.master][INFO] 2025-12-18 11:38:36,342: publisherUpdate[/head_controller/follow_joint_trajectory/goal] -> http://127.0.0.1:43063/ ['http://127.0.0.1:33729/']
[rosmaster.master][INFO] 2025-12-18 11:38:36,344: -PUB [/xtion/rgb/image_color/compressed/parameter_updates] /xtion/rgb/image_proc http://127.0.0.1:45411/
[rosmaster.master][INFO] 2025-12-18 11:38:36,362: publisherUpdate[/head_controller/follow_joint_trajectory/goal] -> http://127.0.0.1:43063/ ['http://127.0.0.1:33729/']: sec=0.01, result=[1, '', 0]
[rosmaster.master][INFO] 2025-12-18 11:38:36,371: publisherUpdate[/head_controller/follow_joint_trajectory/cancel] -> http://127.0.0.1:43063/ ['http://127.0.0.1:33729/']
[rosmaster.master][INFO] 2025-12-18 11:38:36,377: -SUB [/stop_closing_loop] /twist_mux http://127.0.0.1:32855/
[rosmaster.master][INFO] 2025-12-18 11:38:36,391: -SERVICE [/lookupTransform] /tf_lookup rosrpc://127.0.0.1:45191
[rosmaster.master][INFO] 2025-12-18 11:38:36,394: -SUB [/joy_priority] /twist_mux http://127.0.0.1:32855/
[rosmaster.master][INFO] 2025-12-18 11:38:36,408: publisherUpdate[/head_controller/follow_joint_trajectory/cancel] -> http://127.0.0.1:43063/ ['http://127.0.0.1:33729/']: sec=0.04, result=[1, '', 0]
[rosmaster.master][INFO] 2025-12-18 11:38:36,409: publisherUpdate[/gripper_controller/follow_joint_trajectory/goal] -> http://127.0.0.1:43063/ ['http://127.0.0.1:33729/']
[rosmaster.master][INFO] 2025-12-18 11:38:36,410: +CACHEDPARAM [/rosout_disable_topics_generation] by /gripper_controllers_spawner
[rosmaster.master][INFO] 2025-12-18 11:38:36,411: -SUB [/joint_states] /is_already_there http://127.0.0.1:45865/
[rosmaster.master][INFO] 2025-12-18 11:38:36,413: -PUB [/rosout] /is_already_there http://127.0.0.1:45865/
[rosmaster.master][INFO] 2025-12-18 11:38:36,413: -SERVICE [/is_already_there/get_loggers] /is_already_there rosrpc://127.0.0.1:37021
[rosmaster.master][INFO] 2025-12-18 11:38:36,414: -PUB [/move_group/trajectory_execution/parameter_descriptions] /move_group http://127.0.0.1:45471/
[rosmaster.master][INFO] 2025-12-18 11:38:36,425: publisherUpdate[/gripper_controller/follow_joint_trajectory/goal] -> http://127.0.0.1:43063/ ['http://127.0.0.1:33729/']: sec=0.02, result=[1, '', 0]
[rosmaster.master][INFO] 2025-12-18 11:38:36,426: -CACHEDPARAM [/rosout_disable_topics_generation] by /tf_lookup
[rosmaster.master][INFO] 2025-12-18 11:38:36,427: publisherUpdate[/gripper_controller/follow_joint_trajectory/cancel] -> http://127.0.0.1:43063/ ['http://127.0.0.1:33729/']
[rosmaster.master][INFO] 2025-12-18 11:38:36,427: -PUB [/move_group/trajectory_execution/parameter_updates] /move_group http://127.0.0.1:45471/
[rosmaster.master][INFO] 2025-12-18 11:38:36,429: -PUB [/move_group/plan_execution/parameter_descriptions] /move_group http://127.0.0.1:45471/
[rosmaster.master][INFO] 2025-12-18 11:38:36,430: -PUB [/rosout] /play_motion http://127.0.0.1:33729/
[rosmaster.master][INFO] 2025-12-18 11:38:36,431: publisherUpdate[/gripper_controller/follow_joint_trajectory/cancel] -> http://127.0.0.1:43063/ ['http://127.0.0.1:33729/']: sec=0.00, result=[1, '', 0]
[rosmaster.master][INFO] 2025-12-18 11:38:36,431: -SERVICE [/twist_mux/get_loggers] /twist_mux rosrpc://127.0.0.1:43527
[rosmaster.master][INFO] 2025-12-18 11:38:36,440: publisherUpdate[/rosout] -> http://127.0.0.1:37277/ ['http://127.0.0.1:43797/', 'http://127.0.0.1:33729/', 'http://127.0.0.1:43063/', 'http://127.0.0.1:43801/', 'http://127.0.0.1:35007/', 'http://127.0.0.1:40945/', 'http://127.0.0.1:38461/']
[rosmaster.master][INFO] 2025-12-18 11:38:36,458: publisherUpdate[/rosout] -> http://127.0.0.1:37277/ ['http://127.0.0.1:43797/', 'http://127.0.0.1:33729/', 'http://127.0.0.1:43063/', 'http://127.0.0.1:43801/', 'http://127.0.0.1:35007/', 'http://127.0.0.1:40945/', 'http://127.0.0.1:38461/']: sec=0.01, result=[1, '', 0]
[rosmaster.master][INFO] 2025-12-18 11:38:36,460: -SERVICE [/is_already_there/set_logger_level] /is_already_there rosrpc://127.0.0.1:37021
[rosmaster.master][INFO] 2025-12-18 11:38:36,462: +CACHEDPARAM [/rosout_disable_topics_generation] by /bringup_controllers_spawner_ft
[rosmaster.master][INFO] 2025-12-18 11:38:36,463: -PUB [/xtion/rgb/image_color] /xtion/rgb/image_proc http://127.0.0.1:45411/
[rosmaster.master][INFO] 2025-12-18 11:38:36,462: publisherUpdate[/rosout] -> http://127.0.0.1:37277/ ['http://127.0.0.1:43797/', 'http://127.0.0.1:43063/', 'http://127.0.0.1:43801/', 'http://127.0.0.1:35007/', 'http://127.0.0.1:40945/', 'http://127.0.0.1:38461/']
[rosmaster.master][INFO] 2025-12-18 11:38:36,464: -PUB [/trajectory_execution_event] /play_motion http://127.0.0.1:33729/
[rosmaster.master][INFO] 2025-12-18 11:38:36,465: -PUB [/xtion/rgb/image_color/theora] /xtion/rgb/image_proc http://127.0.0.1:45411/
[rosmaster.master][INFO] 2025-12-18 11:38:36,467: -SERVICE [/twist_mux/set_logger_level] /twist_mux rosrpc://127.0.0.1:43527
[rosmaster.master][INFO] 2025-12-18 11:38:36,466: publisherUpdate[/rosout] -> http://127.0.0.1:37277/ ['http://127.0.0.1:43797/', 'http://127.0.0.1:43063/', 'http://127.0.0.1:43801/', 'http://127.0.0.1:35007/', 'http://127.0.0.1:40945/', 'http://127.0.0.1:38461/']: sec=0.00, result=[1, '', 0]
[rosmaster.master][INFO] 2025-12-18 11:38:36,472: publisherUpdate[/trajectory_execution_event] -> http://127.0.0.1:45471/ []
[rosmaster.master][INFO] 2025-12-18 11:38:36,472: -SERVICE [/play_motion/is_already_there] /is_already_there rosrpc://127.0.0.1:37021
[rosmaster.master][INFO] 2025-12-18 11:38:36,473: publisherUpdate[/trajectory_execution_event] -> http://127.0.0.1:45471/ []: sec=0.00, exception=<Fault -1: 'publisherUpdate: unknown method name'>
[rosmaster.threadpool][ERROR] 2025-12-18 11:38:36,474: Traceback (most recent call last):
  File "/opt/ros/noetic/lib/python3/dist-packages/rosmaster/threadpool.py", line 218, in run
    result = cmd(*args)
  File "/opt/ros/noetic/lib/python3/dist-packages/rosmaster/master_api.py", line 210, in publisher_update_task
    ret = xmlrpcapi(api).publisherUpdate('/master', topic, pub_uris)
  File "/usr/lib/python3.8/xmlrpc/client.py", line 1109, in __call__
    return self.__send(self.__name, args)
  File "/usr/lib/python3.8/xmlrpc/client.py", line 1450, in __request
    response = self.__transport.request(
  File "/usr/lib/python3.8/xmlrpc/client.py", line 1153, in request
    return self.single_request(host, handler, request_body, verbose)
  File "/usr/lib/python3.8/xmlrpc/client.py", line 1169, in single_request
    return self.parse_response(resp)
  File "/usr/lib/python3.8/xmlrpc/client.py", line 1341, in parse_response
    return u.close()
  File "/usr/lib/python3.8/xmlrpc/client.py", line 655, in close
    raise Fault(**self._stack[0])
xmlrpc.client.Fault: <Fault -1: 'publisherUpdate: unknown method name'>

[rosmaster.master][INFO] 2025-12-18 11:38:36,473: -PUB [/move_group/plan_execution/parameter_updates] /move_group http://127.0.0.1:45471/
[rosmaster.master][INFO] 2025-12-18 11:38:36,474: -PUB [/attached_collision_object] /play_motion http://127.0.0.1:33729/
[rosmaster.master][INFO] 2025-12-18 11:38:36,474: -CACHEDPARAM [/rosout_disable_topics_generation] by /twist_mux
[rosmaster.master][INFO] 2025-12-18 11:38:36,475: -CACHEDPARAM [/twist_mux/diagnostic_period] by /twist_mux
[rosmaster.master][INFO] 2025-12-18 11:38:36,477: -PUB [/xtion/rgb/image_color/theora/parameter_descriptions] /xtion/rgb/image_proc http://127.0.0.1:45411/
[rosmaster.master][INFO] 2025-12-18 11:38:36,478: -CACHEDPARAM [/twist_mux/locks] by /twist_mux
[rosmaster.master][INFO] 2025-12-18 11:38:36,479: -PUB [/xtion/rgb/image_color/theora/parameter_updates] /xtion/rgb/image_proc http://127.0.0.1:45411/
[rosmaster.master][INFO] 2025-12-18 11:38:36,480: -PUB [/move_group/goal] /play_motion http://127.0.0.1:33729/
[rosmaster.master][INFO] 2025-12-18 11:38:36,480: -PUB [/xtion/rgb/image_proc_rectify_mono/parameter_descriptions] /xtion/rgb/image_proc http://127.0.0.1:45411/
[rosmaster.master][INFO] 2025-12-18 11:38:36,482: -CACHEDPARAM [/twist_mux/topics] by /twist_mux
[rosmaster.master][INFO] 2025-12-18 11:38:36,483: -PUB [/move_group/sense_for_plan/parameter_descriptions] /move_group http://127.0.0.1:45471/
[rosmaster.master][INFO] 2025-12-18 11:38:36,483: -PUB [/move_group/sense_for_plan/parameter_updates] /move_group http://127.0.0.1:45471/
[rosmaster.master][INFO] 2025-12-18 11:38:36,484: -PUB [/move_group/cancel] /play_motion http://127.0.0.1:33729/
[rosmaster.master][INFO] 2025-12-18 11:38:36,485: -PUB [/execute_trajectory/result] /move_group http://127.0.0.1:45471/
[rosmaster.master][INFO] 2025-12-18 11:38:36,486: -PUB [/xtion/rgb/image_proc_rectify_mono/parameter_updates] /xtion/rgb/image_proc http://127.0.0.1:45411/
[rosmaster.master][INFO] 2025-12-18 11:38:36,486: -PUB [/pickup/goal] /play_motion http://127.0.0.1:33729/
[rosmaster.master][INFO] 2025-12-18 11:38:36,487: -PUB [/xtion/rgb/image_rect/compressedDepth] /xtion/rgb/image_proc http://127.0.0.1:45411/
[rosmaster.master][INFO] 2025-12-18 11:38:36,492: -PUB [/execute_trajectory/feedback] /move_group http://127.0.0.1:45471/
[rosmaster.master][INFO] 2025-12-18 11:38:36,494: -PUB [/execute_trajectory/status] /move_group http://127.0.0.1:45471/
[rosmaster.master][INFO] 2025-12-18 11:38:36,495: -PUB [/pickup/cancel] /play_motion http://127.0.0.1:33729/
[rosmaster.master][INFO] 2025-12-18 11:38:36,495: -PUB [/xtion/rgb/image_rect/compressedDepth/parameter_descriptions] /xtion/rgb/image_proc http://127.0.0.1:45411/
[rosmaster.master][INFO] 2025-12-18 11:38:36,495: +CACHEDPARAM [/rosout_disable_topics_generation] by /bringup_controllers_spawner_imu
[rosmaster.master][INFO] 2025-12-18 11:38:36,496: -PUB [/place/goal] /play_motion http://127.0.0.1:33729/
[rosmaster.master][INFO] 2025-12-18 11:38:36,497: -PUB [/xtion/rgb/image_rect/compressedDepth/parameter_updates] /xtion/rgb/image_proc http://127.0.0.1:45411/
[rosmaster.master][INFO] 2025-12-18 11:38:36,497: -PUB [/move_group/result] /move_group http://127.0.0.1:45471/
[rosmaster.master][INFO] 2025-12-18 11:38:36,498: -PUB [/xtion/rgb/image_rect/compressed] /xtion/rgb/image_proc http://127.0.0.1:45411/
[rosmaster.master][INFO] 2025-12-18 11:38:36,499: -PUB [/xtion/rgb/image_rect/compressed/parameter_descriptions] /xtion/rgb/image_proc http://127.0.0.1:45411/
[rosmaster.master][INFO] 2025-12-18 11:38:36,501: -PUB [/move_group/feedback] /move_group http://127.0.0.1:45471/
[rosmaster.master][INFO] 2025-12-18 11:38:36,507: -PUB [/place/cancel] /play_motion http://127.0.0.1:33729/
[rosmaster.master][INFO] 2025-12-18 11:38:36,507: -PUB [/xtion/rgb/image_rect/compressed/parameter_updates] /xtion/rgb/image_proc http://127.0.0.1:45411/
[rosmaster.master][INFO] 2025-12-18 11:38:36,510: -PUB [/execute_trajectory/goal] /play_motion http://127.0.0.1:33729/
[rosmaster.master][INFO] 2025-12-18 11:38:36,515: -PUB [/xtion/rgb/image_rect] /xtion/rgb/image_proc http://127.0.0.1:45411/
[rosmaster.master][INFO] 2025-12-18 11:38:36,523: -PUB [/execute_trajectory/cancel] /play_motion http://127.0.0.1:33729/
[rosmaster.master][INFO] 2025-12-18 11:38:36,527: -PUB [/move_group/status] /move_group http://127.0.0.1:45471/
[rosmaster.master][INFO] 2025-12-18 11:38:36,530: -PUB [/xtion/rgb/image_rect/theora] /xtion/rgb/image_proc http://127.0.0.1:45411/
[rosmaster.master][INFO] 2025-12-18 11:38:36,538: -PUB [/play_motion/result] /play_motion http://127.0.0.1:33729/
[rosmaster.master][INFO] 2025-12-18 11:38:36,544: -PUB [/pickup/result] /move_group http://127.0.0.1:45471/
[rosmaster.master][INFO] 2025-12-18 11:38:36,545: publisherUpdate[/attached_collision_object] -> http://127.0.0.1:45471/ []
[rosmaster.master][INFO] 2025-12-18 11:38:36,552: -PUB [/xtion/rgb/image_rect/theora/parameter_descriptions] /xtion/rgb/image_proc http://127.0.0.1:45411/
[rosmaster.master][INFO] 2025-12-18 11:38:36,545: publisherUpdate[/execute_trajectory/result] -> http://127.0.0.1:33729/ []
[rosmaster.master][INFO] 2025-12-18 11:38:36,559: -PUB [/pickup/feedback] /move_group http://127.0.0.1:45471/
[rosmaster.master][INFO] 2025-12-18 11:38:36,564: publisherUpdate[/execute_trajectory/result] -> http://127.0.0.1:33729/ []: sec=0.01, exception=<Fault -1: 'publisherUpdate: unknown method name'>
[rosmaster.threadpool][ERROR] 2025-12-18 11:38:36,568: Traceback (most recent call last):
  File "/opt/ros/noetic/lib/python3/dist-packages/rosmaster/threadpool.py", line 218, in run
    result = cmd(*args)
  File "/opt/ros/noetic/lib/python3/dist-packages/rosmaster/master_api.py", line 210, in publisher_update_task
    ret = xmlrpcapi(api).publisherUpdate('/master', topic, pub_uris)
  File "/usr/lib/python3.8/xmlrpc/client.py", line 1109, in __call__
    return self.__send(self.__name, args)
  File "/usr/lib/python3.8/xmlrpc/client.py", line 1450, in __request
    response = self.__transport.request(
  File "/usr/lib/python3.8/xmlrpc/client.py", line 1153, in request
    return self.single_request(host, handler, request_body, verbose)
  File "/usr/lib/python3.8/xmlrpc/client.py", line 1169, in single_request
    return self.parse_response(resp)
  File "/usr/lib/python3.8/xmlrpc/client.py", line 1341, in parse_response
    return u.close()
  File "/usr/lib/python3.8/xmlrpc/client.py", line 655, in close
    raise Fault(**self._stack[0])
xmlrpc.client.Fault: <Fault -1: 'publisherUpdate: unknown method name'>

[rosmaster.master][INFO] 2025-12-18 11:38:36,569: publisherUpdate[/execute_trajectory/feedback] -> http://127.0.0.1:33729/ []
[rosmaster.master][INFO] 2025-12-18 11:38:36,567: -PUB [/play_motion/feedback] /play_motion http://127.0.0.1:33729/
[rosmaster.master][INFO] 2025-12-18 11:38:36,580: publisherUpdate[/attached_collision_object] -> http://127.0.0.1:45471/ []: sec=0.03, exception=<Fault -1: 'publisherUpdate: unknown method name'>
[rosmaster.master][INFO] 2025-12-18 11:38:36,582: publisherUpdate[/execute_trajectory/feedback] -> http://127.0.0.1:33729/ []: sec=0.01, exception=<Fault -1: 'publisherUpdate: unknown method name'>
[rosmaster.master][INFO] 2025-12-18 11:38:36,583: -PUB [/xtion/rgb/image_rect/theora/parameter_updates] /xtion/rgb/image_proc http://127.0.0.1:45411/
[rosmaster.threadpool][ERROR] 2025-12-18 11:38:36,587: Traceback (most recent call last):
  File "/opt/ros/noetic/lib/python3/dist-packages/rosmaster/threadpool.py", line 218, in run
    result = cmd(*args)
  File "/opt/ros/noetic/lib/python3/dist-packages/rosmaster/master_api.py", line 210, in publisher_update_task
    ret = xmlrpcapi(api).publisherUpdate('/master', topic, pub_uris)
  File "/usr/lib/python3.8/xmlrpc/client.py", line 1109, in __call__
    return self.__send(self.__name, args)
  File "/usr/lib/python3.8/xmlrpc/client.py", line 1450, in __request
    response = self.__transport.request(
  File "/usr/lib/python3.8/xmlrpc/client.py", line 1153, in request
    return self.single_request(host, handler, request_body, verbose)
  File "/usr/lib/python3.8/xmlrpc/client.py", line 1169, in single_request
    return self.parse_response(resp)
  File "/usr/lib/python3.8/xmlrpc/client.py", line 1341, in parse_response
    return u.close()
  File "/usr/lib/python3.8/xmlrpc/client.py", line 655, in close
    raise Fault(**self._stack[0])
xmlrpc.client.Fault: <Fault -1: 'publisherUpdate: unknown method name'>

[rosmaster.master][INFO] 2025-12-18 11:38:36,591: -PUB [/pickup/status] /move_group http://127.0.0.1:45471/
[rosmaster.threadpool][ERROR] 2025-12-18 11:38:36,599: Traceback (most recent call last):
  File "/opt/ros/noetic/lib/python3/dist-packages/rosmaster/threadpool.py", line 218, in run
    result = cmd(*args)
  File "/opt/ros/noetic/lib/python3/dist-packages/rosmaster/master_api.py", line 210, in publisher_update_task
    ret = xmlrpcapi(api).publisherUpdate('/master', topic, pub_uris)
  File "/usr/lib/python3.8/xmlrpc/client.py", line 1109, in __call__
    return self.__send(self.__name, args)
  File "/usr/lib/python3.8/xmlrpc/client.py", line 1450, in __request
    response = self.__transport.request(
  File "/usr/lib/python3.8/xmlrpc/client.py", line 1153, in request
    return self.single_request(host, handler, request_body, verbose)
  File "/usr/lib/python3.8/xmlrpc/client.py", line 1169, in single_request
    return self.parse_response(resp)
  File "/usr/lib/python3.8/xmlrpc/client.py", line 1341, in parse_response
    return u.close()
  File "/usr/lib/python3.8/xmlrpc/client.py", line 655, in close
    raise Fault(**self._stack[0])
xmlrpc.client.Fault: <Fault -1: 'publisherUpdate: unknown method name'>

[rosmaster.master][INFO] 2025-12-18 11:38:36,600: publisherUpdate[/move_group/goal] -> http://127.0.0.1:45471/ []
[rosmaster.master][INFO] 2025-12-18 11:38:36,603: -PUB [/play_motion/status] /play_motion http://127.0.0.1:33729/
[rosmaster.master][INFO] 2025-12-18 11:38:36,604: publisherUpdate[/execute_trajectory/status] -> http://127.0.0.1:33729/ []
[rosmaster.master][INFO] 2025-12-18 11:38:36,615: -PUB [/xtion/rgb/image_proc_rectify_color/parameter_descriptions] /xtion/rgb/image_proc http://127.0.0.1:45411/
[rosmaster.master][INFO] 2025-12-18 11:38:36,618: publisherUpdate[/move_group/goal] -> http://127.0.0.1:45471/ []: sec=0.01, exception=<Fault -1: 'publisherUpdate: unknown method name'>
[rosmaster.master][INFO] 2025-12-18 11:38:36,619: publisherUpdate[/execute_trajectory/status] -> http://127.0.0.1:33729/ []: sec=0.00, exception=<Fault -1: 'publisherUpdate: unknown method name'>
[rosmaster.threadpool][ERROR] 2025-12-18 11:38:36,622: Traceback (most recent call last):
  File "/opt/ros/noetic/lib/python3/dist-packages/rosmaster/threadpool.py", line 218, in run
    result = cmd(*args)
  File "/opt/ros/noetic/lib/python3/dist-packages/rosmaster/master_api.py", line 210, in publisher_update_task
    ret = xmlrpcapi(api).publisherUpdate('/master', topic, pub_uris)
  File "/usr/lib/python3.8/xmlrpc/client.py", line 1109, in __call__
    return self.__send(self.__name, args)
  File "/usr/lib/python3.8/xmlrpc/client.py", line 1450, in __request
    response = self.__transport.request(
  File "/usr/lib/python3.8/xmlrpc/client.py", line 1153, in request
    return self.single_request(host, handler, request_body, verbose)
  File "/usr/lib/python3.8/xmlrpc/client.py", line 1169, in single_request
    return self.parse_response(resp)
  File "/usr/lib/python3.8/xmlrpc/client.py", line 1341, in parse_response
    return u.close()
  File "/usr/lib/python3.8/xmlrpc/client.py", line 655, in close
    raise Fault(**self._stack[0])
xmlrpc.client.Fault: <Fault -1: 'publisherUpdate: unknown method name'>

[rosmaster.master][INFO] 2025-12-18 11:38:36,623: publisherUpdate[/move_group/cancel] -> http://127.0.0.1:45471/ []
[rosmaster.master][INFO] 2025-12-18 11:38:36,620: -PUB [/place/result] /move_group http://127.0.0.1:45471/
[rosmaster.threadpool][ERROR] 2025-12-18 11:38:36,623: Traceback (most recent call last):
  File "/opt/ros/noetic/lib/python3/dist-packages/rosmaster/threadpool.py", line 218, in run
    result = cmd(*args)
  File "/opt/ros/noetic/lib/python3/dist-packages/rosmaster/master_api.py", line 210, in publisher_update_task
    ret = xmlrpcapi(api).publisherUpdate('/master', topic, pub_uris)
  File "/usr/lib/python3.8/xmlrpc/client.py", line 1109, in __call__
    return self.__send(self.__name, args)
  File "/usr/lib/python3.8/xmlrpc/client.py", line 1450, in __request
    response = self.__transport.request(
  File "/usr/lib/python3.8/xmlrpc/client.py", line 1153, in request
    return self.single_request(host, handler, request_body, verbose)
  File "/usr/lib/python3.8/xmlrpc/client.py", line 1169, in single_request
    return self.parse_response(resp)
  File "/usr/lib/python3.8/xmlrpc/client.py", line 1341, in parse_response
    return u.close()
  File "/usr/lib/python3.8/xmlrpc/client.py", line 655, in close
    raise Fault(**self._stack[0])
xmlrpc.client.Fault: <Fault -1: 'publisherUpdate: unknown method name'>

[rosmaster.master][INFO] 2025-12-18 11:38:36,625: -PUB [/diagnostics] /play_motion http://127.0.0.1:33729/
[rosmaster.master][INFO] 2025-12-18 11:38:36,628: publisherUpdate[/move_group/result] -> http://127.0.0.1:33729/ []
[rosmaster.master][INFO] 2025-12-18 11:38:36,637: -PUB [/xtion/rgb/image_proc_rectify_color/parameter_updates] /xtion/rgb/image_proc http://127.0.0.1:45411/
[rosmaster.master][INFO] 2025-12-18 11:38:36,640: publisherUpdate[/move_group/cancel] -> http://127.0.0.1:45471/ []: sec=0.02, exception=<Fault -1: 'publisherUpdate: unknown method name'>
[rosmaster.threadpool][ERROR] 2025-12-18 11:38:36,653: Traceback (most recent call last):
  File "/opt/ros/noetic/lib/python3/dist-packages/rosmaster/threadpool.py", line 218, in run
    result = cmd(*args)
  File "/opt/ros/noetic/lib/python3/dist-packages/rosmaster/master_api.py", line 210, in publisher_update_task
    ret = xmlrpcapi(api).publisherUpdate('/master', topic, pub_uris)
  File "/usr/lib/python3.8/xmlrpc/client.py", line 1109, in __call__
    return self.__send(self.__name, args)
  File "/usr/lib/python3.8/xmlrpc/client.py", line 1450, in __request
    response = self.__transport.request(
  File "/usr/lib/python3.8/xmlrpc/client.py", line 1153, in request
    return self.single_request(host, handler, request_body, verbose)
  File "/usr/lib/python3.8/xmlrpc/client.py", line 1169, in single_request
    return self.parse_response(resp)
  File "/usr/lib/python3.8/xmlrpc/client.py", line 1341, in parse_response
    return u.close()
  File "/usr/lib/python3.8/xmlrpc/client.py", line 655, in close
    raise Fault(**self._stack[0])
xmlrpc.client.Fault: <Fault -1: 'publisherUpdate: unknown method name'>

[rosmaster.master][INFO] 2025-12-18 11:38:36,654: publisherUpdate[/pickup/goal] -> http://127.0.0.1:45471/ []
[rosmaster.master][INFO] 2025-12-18 11:38:36,643: -PUB [/place/feedback] /move_group http://127.0.0.1:45471/
[rosmaster.master][INFO] 2025-12-18 11:38:36,647: publisherUpdate[/move_group/result] -> http://127.0.0.1:33729/ []: sec=0.01, exception=<Fault -1: 'publisherUpdate: unknown method name'>
[rosmaster.threadpool][ERROR] 2025-12-18 11:38:36,656: Traceback (most recent call last):
  File "/opt/ros/noetic/lib/python3/dist-packages/rosmaster/threadpool.py", line 218, in run
    result = cmd(*args)
  File "/opt/ros/noetic/lib/python3/dist-packages/rosmaster/master_api.py", line 210, in publisher_update_task
    ret = xmlrpcapi(api).publisherUpdate('/master', topic, pub_uris)
  File "/usr/lib/python3.8/xmlrpc/client.py", line 1109, in __call__
    return self.__send(self.__name, args)
  File "/usr/lib/python3.8/xmlrpc/client.py", line 1450, in __request
    response = self.__transport.request(
  File "/usr/lib/python3.8/xmlrpc/client.py", line 1153, in request
    return self.single_request(host, handler, request_body, verbose)
  File "/usr/lib/python3.8/xmlrpc/client.py", line 1169, in single_request
    return self.parse_response(resp)
  File "/usr/lib/python3.8/xmlrpc/client.py", line 1341, in parse_response
    return u.close()
  File "/usr/lib/python3.8/xmlrpc/client.py", line 655, in close
    raise Fault(**self._stack[0])
xmlrpc.client.Fault: <Fault -1: 'publisherUpdate: unknown method name'>

[rosmaster.master][INFO] 2025-12-18 11:38:36,656: publisherUpdate[/move_group/feedback] -> http://127.0.0.1:33729/ []
[rosmaster.master][INFO] 2025-12-18 11:38:36,658: -PUB [/arm_controller/follow_joint_trajectory/goal] /play_motion http://127.0.0.1:33729/
[rosmaster.master][INFO] 2025-12-18 11:38:36,659: -PUB [/place/status] /move_group http://127.0.0.1:45471/
[rosmaster.master][INFO] 2025-12-18 11:38:36,659: -PUB [/xtion/rgb/image_rect_color/compressedDepth] /xtion/rgb/image_proc http://127.0.0.1:45411/
[rosmaster.master][INFO] 2025-12-18 11:38:36,661: publisherUpdate[/move_group/feedback] -> http://127.0.0.1:33729/ []: sec=0.00, exception=<Fault -1: 'publisherUpdate: unknown method name'>
[rosmaster.master][INFO] 2025-12-18 11:38:36,661: -PUB [/xtion/rgb/image_rect_color/compressedDepth/parameter_descriptions] /xtion/rgb/image_proc http://127.0.0.1:45411/
[rosmaster.master][INFO] 2025-12-18 11:38:36,664: -PUB [/arm_controller/follow_joint_trajectory/cancel] /play_motion http://127.0.0.1:33729/
[rosmaster.threadpool][ERROR] 2025-12-18 11:38:36,663: Traceback (most recent call last):
  File "/opt/ros/noetic/lib/python3/dist-packages/rosmaster/threadpool.py", line 218, in run
    result = cmd(*args)
  File "/opt/ros/noetic/lib/python3/dist-packages/rosmaster/master_api.py", line 210, in publisher_update_task
    ret = xmlrpcapi(api).publisherUpdate('/master', topic, pub_uris)
  File "/usr/lib/python3.8/xmlrpc/client.py", line 1109, in __call__
    return self.__send(self.__name, args)
  File "/usr/lib/python3.8/xmlrpc/client.py", line 1450, in __request
    response = self.__transport.request(
  File "/usr/lib/python3.8/xmlrpc/client.py", line 1153, in request
    return self.single_request(host, handler, request_body, verbose)
  File "/usr/lib/python3.8/xmlrpc/client.py", line 1169, in single_request
    return self.parse_response(resp)
  File "/usr/lib/python3.8/xmlrpc/client.py", line 1341, in parse_response
    return u.close()
  File "/usr/lib/python3.8/xmlrpc/client.py", line 655, in close
    raise Fault(**self._stack[0])
xmlrpc.client.Fault: <Fault -1: 'publisherUpdate: unknown method name'>

[rosmaster.master][INFO] 2025-12-18 11:38:36,665: publisherUpdate[/move_group/status] -> http://127.0.0.1:33729/ []
[rosmaster.master][INFO] 2025-12-18 11:38:36,665: -SUB [/clock] /move_group http://127.0.0.1:45471/
[rosmaster.master][INFO] 2025-12-18 11:38:36,678: publisherUpdate[/arm_controller/follow_joint_trajectory/goal] -> http://127.0.0.1:43063/ []
[rosmaster.master][INFO] 2025-12-18 11:38:36,669: publisherUpdate[/pickup/goal] -> http://127.0.0.1:45471/ []: sec=0.01, exception=<Fault -1: 'publisherUpdate: unknown method name'>
[rosmaster.master][INFO] 2025-12-18 11:38:36,683: -PUB [/gripper_controller/follow_joint_trajectory/goal] /play_motion http://127.0.0.1:33729/
[rosmaster.master][INFO] 2025-12-18 11:38:36,701: publisherUpdate[/move_group/status] -> http://127.0.0.1:33729/ []: sec=0.04, exception=<Fault -1: 'publisherUpdate: unknown method name'>
[rosmaster.threadpool][ERROR] 2025-12-18 11:38:36,702: Traceback (most recent call last):
  File "/opt/ros/noetic/lib/python3/dist-packages/rosmaster/threadpool.py", line 218, in run
    result = cmd(*args)
  File "/opt/ros/noetic/lib/python3/dist-packages/rosmaster/master_api.py", line 210, in publisher_update_task
    ret = xmlrpcapi(api).publisherUpdate('/master', topic, pub_uris)
  File "/usr/lib/python3.8/xmlrpc/client.py", line 1109, in __call__
    return self.__send(self.__name, args)
  File "/usr/lib/python3.8/xmlrpc/client.py", line 1450, in __request
    response = self.__transport.request(
  File "/usr/lib/python3.8/xmlrpc/client.py", line 1153, in request
    return self.single_request(host, handler, request_body, verbose)
  File "/usr/lib/python3.8/xmlrpc/client.py", line 1169, in single_request
    return self.parse_response(resp)
  File "/usr/lib/python3.8/xmlrpc/client.py", line 1341, in parse_response
    return u.close()
  File "/usr/lib/python3.8/xmlrpc/client.py", line 655, in close
    raise Fault(**self._stack[0])
xmlrpc.client.Fault: <Fault -1: 'publisherUpdate: unknown method name'>

[rosmaster.master][INFO] 2025-12-18 11:38:36,704: -PUB [/xtion/rgb/image_rect_color/compressedDepth/parameter_updates] /xtion/rgb/image_proc http://127.0.0.1:45411/
[rosmaster.threadpool][ERROR] 2025-12-18 11:38:36,705: Traceback (most recent call last):
  File "/opt/ros/noetic/lib/python3/dist-packages/rosmaster/threadpool.py", line 218, in run
    result = cmd(*args)
  File "/opt/ros/noetic/lib/python3/dist-packages/rosmaster/master_api.py", line 210, in publisher_update_task
    ret = xmlrpcapi(api).publisherUpdate('/master', topic, pub_uris)
  File "/usr/lib/python3.8/xmlrpc/client.py", line 1109, in __call__
    return self.__send(self.__name, args)
  File "/usr/lib/python3.8/xmlrpc/client.py", line 1450, in __request
    response = self.__transport.request(
  File "/usr/lib/python3.8/xmlrpc/client.py", line 1153, in request
    return self.single_request(host, handler, request_body, verbose)
  File "/usr/lib/python3.8/xmlrpc/client.py", line 1169, in single_request
    return self.parse_response(resp)
  File "/usr/lib/python3.8/xmlrpc/client.py", line 1341, in parse_response
    return u.close()
  File "/usr/lib/python3.8/xmlrpc/client.py", line 655, in close
    raise Fault(**self._stack[0])
xmlrpc.client.Fault: <Fault -1: 'publisherUpdate: unknown method name'>

[rosmaster.master][INFO] 2025-12-18 11:38:36,706: -SUB [/tf] /move_group http://127.0.0.1:45471/
[rosmaster.master][INFO] 2025-12-18 11:38:36,705: publisherUpdate[/pickup/cancel] -> http://127.0.0.1:45471/ []
[rosmaster.master][INFO] 2025-12-18 11:38:36,706: publisherUpdate[/pickup/result] -> http://127.0.0.1:33729/ []
[rosmaster.master][INFO] 2025-12-18 11:38:36,709: publisherUpdate[/pickup/cancel] -> http://127.0.0.1:45471/ []: sec=0.00, exception=<Fault -1: 'publisherUpdate: unknown method name'>
[rosmaster.master][INFO] 2025-12-18 11:38:36,707: -PUB [/gripper_controller/follow_joint_trajectory/cancel] /play_motion http://127.0.0.1:33729/
[rosmaster.master][INFO] 2025-12-18 11:38:36,711: -PUB [/head_controller/follow_joint_trajectory/goal] /play_motion http://127.0.0.1:33729/
[rosmaster.threadpool][ERROR] 2025-12-18 11:38:36,712: Traceback (most recent call last):
  File "/opt/ros/noetic/lib/python3/dist-packages/rosmaster/threadpool.py", line 218, in run
    result = cmd(*args)
  File "/opt/ros/noetic/lib/python3/dist-packages/rosmaster/master_api.py", line 210, in publisher_update_task
    ret = xmlrpcapi(api).publisherUpdate('/master', topic, pub_uris)
  File "/usr/lib/python3.8/xmlrpc/client.py", line 1109, in __call__
    return self.__send(self.__name, args)
  File "/usr/lib/python3.8/xmlrpc/client.py", line 1450, in __request
    response = self.__transport.request(
  File "/usr/lib/python3.8/xmlrpc/client.py", line 1153, in request
    return self.single_request(host, handler, request_body, verbose)
  File "/usr/lib/python3.8/xmlrpc/client.py", line 1169, in single_request
    return self.parse_response(resp)
  File "/usr/lib/python3.8/xmlrpc/client.py", line 1341, in parse_response
    return u.close()
  File "/usr/lib/python3.8/xmlrpc/client.py", line 655, in close
    raise Fault(**self._stack[0])
xmlrpc.client.Fault: <Fault -1: 'publisherUpdate: unknown method name'>

[rosmaster.master][INFO] 2025-12-18 11:38:36,712: -PUB [/xtion/rgb/image_rect_color/compressed] /xtion/rgb/image_proc http://127.0.0.1:45411/
[rosmaster.master][INFO] 2025-12-18 11:38:36,712: publisherUpdate[/place/goal] -> http://127.0.0.1:45471/ []
[rosmaster.master][INFO] 2025-12-18 11:38:36,713: publisherUpdate[/pickup/result] -> http://127.0.0.1:33729/ []: sec=0.00, exception=<Fault -1: 'publisherUpdate: unknown method name'>
[rosmaster.master][INFO] 2025-12-18 11:38:36,714: -SUB [/tf_static] /move_group http://127.0.0.1:45471/
[rosmaster.master][INFO] 2025-12-18 11:38:36,732: -PUB [/head_controller/follow_joint_trajectory/cancel] /play_motion http://127.0.0.1:33729/
[rosmaster.threadpool][ERROR] 2025-12-18 11:38:36,733: Traceback (most recent call last):
  File "/opt/ros/noetic/lib/python3/dist-packages/rosmaster/threadpool.py", line 218, in run
    result = cmd(*args)
  File "/opt/ros/noetic/lib/python3/dist-packages/rosmaster/master_api.py", line 210, in publisher_update_task
    ret = xmlrpcapi(api).publisherUpdate('/master', topic, pub_uris)
  File "/usr/lib/python3.8/xmlrpc/client.py", line 1109, in __call__
    return self.__send(self.__name, args)
  File "/usr/lib/python3.8/xmlrpc/client.py", line 1450, in __request
    response = self.__transport.request(
  File "/usr/lib/python3.8/xmlrpc/client.py", line 1153, in request
    return self.single_request(host, handler, request_body, verbose)
  File "/usr/lib/python3.8/xmlrpc/client.py", line 1169, in single_request
    return self.parse_response(resp)
  File "/usr/lib/python3.8/xmlrpc/client.py", line 1341, in parse_response
    return u.close()
  File "/usr/lib/python3.8/xmlrpc/client.py", line 655, in close
    raise Fault(**self._stack[0])
xmlrpc.client.Fault: <Fault -1: 'publisherUpdate: unknown method name'>

[rosmaster.master][INFO] 2025-12-18 11:38:36,749: publisherUpdate[/pickup/feedback] -> http://127.0.0.1:33729/ []
[rosmaster.master][INFO] 2025-12-18 11:38:36,744: publisherUpdate[/arm_controller/follow_joint_trajectory/goal] -> http://127.0.0.1:43063/ []: sec=0.06, result=[1, '', 0]
[rosmaster.master][INFO] 2025-12-18 11:38:36,751: publisherUpdate[/arm_controller/follow_joint_trajectory/cancel] -> http://127.0.0.1:43063/ []
[rosmaster.master][INFO] 2025-12-18 11:38:36,739: publisherUpdate[/place/goal] -> http://127.0.0.1:45471/ []: sec=0.02, exception=<Fault -1: 'publisherUpdate: unknown method name'>
[rosmaster.threadpool][ERROR] 2025-12-18 11:38:36,752: Traceback (most recent call last):
  File "/opt/ros/noetic/lib/python3/dist-packages/rosmaster/threadpool.py", line 218, in run
    result = cmd(*args)
  File "/opt/ros/noetic/lib/python3/dist-packages/rosmaster/master_api.py", line 210, in publisher_update_task
    ret = xmlrpcapi(api).publisherUpdate('/master', topic, pub_uris)
  File "/usr/lib/python3.8/xmlrpc/client.py", line 1109, in __call__
    return self.__send(self.__name, args)
  File "/usr/lib/python3.8/xmlrpc/client.py", line 1450, in __request
    response = self.__transport.request(
  File "/usr/lib/python3.8/xmlrpc/client.py", line 1153, in request
    return self.single_request(host, handler, request_body, verbose)
  File "/usr/lib/python3.8/xmlrpc/client.py", line 1169, in single_request
    return self.parse_response(resp)
  File "/usr/lib/python3.8/xmlrpc/client.py", line 1341, in parse_response
    return u.close()
  File "/usr/lib/python3.8/xmlrpc/client.py", line 655, in close
    raise Fault(**self._stack[0])
xmlrpc.client.Fault: <Fault -1: 'publisherUpdate: unknown method name'>

[rosmaster.master][INFO] 2025-12-18 11:38:36,752: publisherUpdate[/place/cancel] -> http://127.0.0.1:45471/ []
[rosmaster.master][INFO] 2025-12-18 11:38:36,752: -PUB [/rosout] /head_controller/point_head_action http://127.0.0.1:43797/
[rosmaster.master][INFO] 2025-12-18 11:38:36,751: publisherUpdate[/pickup/feedback] -> http://127.0.0.1:33729/ []: sec=0.00, exception=<Fault -1: 'publisherUpdate: unknown method name'>
[rosmaster.threadpool][ERROR] 2025-12-18 11:38:36,754: Traceback (most recent call last):
  File "/opt/ros/noetic/lib/python3/dist-packages/rosmaster/threadpool.py", line 218, in run
    result = cmd(*args)
  File "/opt/ros/noetic/lib/python3/dist-packages/rosmaster/master_api.py", line 210, in publisher_update_task
    ret = xmlrpcapi(api).publisherUpdate('/master', topic, pub_uris)
  File "/usr/lib/python3.8/xmlrpc/client.py", line 1109, in __call__
    return self.__send(self.__name, args)
  File "/usr/lib/python3.8/xmlrpc/client.py", line 1450, in __request
    response = self.__transport.request(
  File "/usr/lib/python3.8/xmlrpc/client.py", line 1153, in request
    return self.single_request(host, handler, request_body, verbose)
  File "/usr/lib/python3.8/xmlrpc/client.py", line 1169, in single_request
    return self.parse_response(resp)
  File "/usr/lib/python3.8/xmlrpc/client.py", line 1341, in parse_response
    return u.close()
  File "/usr/lib/python3.8/xmlrpc/client.py", line 655, in close
    raise Fault(**self._stack[0])
xmlrpc.client.Fault: <Fault -1: 'publisherUpdate: unknown method name'>

[rosmaster.master][INFO] 2025-12-18 11:38:36,754: publisherUpdate[/pickup/status] -> http://127.0.0.1:33729/ []
[rosmaster.master][INFO] 2025-12-18 11:38:36,755: -SUB [/joint_states] /move_group http://127.0.0.1:45471/
[rosmaster.master][INFO] 2025-12-18 11:38:36,756: publisherUpdate[/place/cancel] -> http://127.0.0.1:45471/ []: sec=0.00, exception=<Fault -1: 'publisherUpdate: unknown method name'>
[rosmaster.master][INFO] 2025-12-18 11:38:36,756: publisherUpdate[/pickup/status] -> http://127.0.0.1:33729/ []: sec=0.00, exception=<Fault -1: 'publisherUpdate: unknown method name'>
[rosmaster.threadpool][ERROR] 2025-12-18 11:38:36,772: Traceback (most recent call last):
  File "/opt/ros/noetic/lib/python3/dist-packages/rosmaster/threadpool.py", line 218, in run
    result = cmd(*args)
  File "/opt/ros/noetic/lib/python3/dist-packages/rosmaster/master_api.py", line 210, in publisher_update_task
    ret = xmlrpcapi(api).publisherUpdate('/master', topic, pub_uris)
  File "/usr/lib/python3.8/xmlrpc/client.py", line 1109, in __call__
    return self.__send(self.__name, args)
  File "/usr/lib/python3.8/xmlrpc/client.py", line 1450, in __request
    response = self.__transport.request(
  File "/usr/lib/python3.8/xmlrpc/client.py", line 1153, in request
    return self.single_request(host, handler, request_body, verbose)
  File "/usr/lib/python3.8/xmlrpc/client.py", line 1169, in single_request
    return self.parse_response(resp)
  File "/usr/lib/python3.8/xmlrpc/client.py", line 1341, in parse_response
    return u.close()
  File "/usr/lib/python3.8/xmlrpc/client.py", line 655, in close
    raise Fault(**self._stack[0])
xmlrpc.client.Fault: <Fault -1: 'publisherUpdate: unknown method name'>

[rosmaster.master][INFO] 2025-12-18 11:38:36,774: publisherUpdate[/execute_trajectory/goal] -> http://127.0.0.1:45471/ []
[rosmaster.master][INFO] 2025-12-18 11:38:36,763: -PUB [/xtion/rgb/image_rect_color/compressed/parameter_descriptions] /xtion/rgb/image_proc http://127.0.0.1:45411/
[rosmaster.threadpool][ERROR] 2025-12-18 11:38:36,773: Traceback (most recent call last):
  File "/opt/ros/noetic/lib/python3/dist-packages/rosmaster/threadpool.py", line 218, in run
    result = cmd(*args)
  File "/opt/ros/noetic/lib/python3/dist-packages/rosmaster/master_api.py", line 210, in publisher_update_task
    ret = xmlrpcapi(api).publisherUpdate('/master', topic, pub_uris)
  File "/usr/lib/python3.8/xmlrpc/client.py", line 1109, in __call__
    return self.__send(self.__name, args)
  File "/usr/lib/python3.8/xmlrpc/client.py", line 1450, in __request
    response = self.__transport.request(
  File "/usr/lib/python3.8/xmlrpc/client.py", line 1153, in request
    return self.single_request(host, handler, request_body, verbose)
  File "/usr/lib/python3.8/xmlrpc/client.py", line 1169, in single_request
    return self.parse_response(resp)
  File "/usr/lib/python3.8/xmlrpc/client.py", line 1341, in parse_response
    return u.close()
  File "/usr/lib/python3.8/xmlrpc/client.py", line 655, in close
    raise Fault(**self._stack[0])
xmlrpc.client.Fault: <Fault -1: 'publisherUpdate: unknown method name'>

[rosmaster.master][INFO] 2025-12-18 11:38:36,768: publisherUpdate[/arm_controller/follow_joint_trajectory/cancel] -> http://127.0.0.1:43063/ []: sec=0.02, result=[1, '', 0]
[rosmaster.master][INFO] 2025-12-18 11:38:36,782: publisherUpdate[/gripper_controller/follow_joint_trajectory/goal] -> http://127.0.0.1:43063/ []
[rosmaster.master][INFO] 2025-12-18 11:38:36,776: -PUB [/torso_controller/follow_joint_trajectory/goal] /play_motion http://127.0.0.1:33729/
[rosmaster.master][INFO] 2025-12-18 11:38:36,777: publisherUpdate[/place/result] -> http://127.0.0.1:33729/ []
[rosmaster.master][INFO] 2025-12-18 11:38:36,788: -PUB [/head_controller/command] /head_controller/point_head_action http://127.0.0.1:43797/
[rosmaster.master][INFO] 2025-12-18 11:38:36,789: -SUB [/attached_collision_object] /move_group http://127.0.0.1:45471/
[rosmaster.master][INFO] 2025-12-18 11:38:36,792: publisherUpdate[/place/result] -> http://127.0.0.1:33729/ []: sec=0.00, exception=<Fault -1: 'publisherUpdate: unknown method name'>
[rosmaster.master][INFO] 2025-12-18 11:38:36,786: publisherUpdate[/execute_trajectory/goal] -> http://127.0.0.1:45471/ []: sec=0.01, exception=<Fault -1: 'publisherUpdate: unknown method name'>
[rosmaster.threadpool][ERROR] 2025-12-18 11:38:36,794: Traceback (most recent call last):
  File "/opt/ros/noetic/lib/python3/dist-packages/rosmaster/threadpool.py", line 218, in run
    result = cmd(*args)
  File "/opt/ros/noetic/lib/python3/dist-packages/rosmaster/master_api.py", line 210, in publisher_update_task
    ret = xmlrpcapi(api).publisherUpdate('/master', topic, pub_uris)
  File "/usr/lib/python3.8/xmlrpc/client.py", line 1109, in __call__
    return self.__send(self.__name, args)
  File "/usr/lib/python3.8/xmlrpc/client.py", line 1450, in __request
    response = self.__transport.request(
  File "/usr/lib/python3.8/xmlrpc/client.py", line 1153, in request
    return self.single_request(host, handler, request_body, verbose)
  File "/usr/lib/python3.8/xmlrpc/client.py", line 1169, in single_request
    return self.parse_response(resp)
  File "/usr/lib/python3.8/xmlrpc/client.py", line 1341, in parse_response
    return u.close()
  File "/usr/lib/python3.8/xmlrpc/client.py", line 655, in close
    raise Fault(**self._stack[0])
xmlrpc.client.Fault: <Fault -1: 'publisherUpdate: unknown method name'>

[rosmaster.master][INFO] 2025-12-18 11:38:36,794: publisherUpdate[/execute_trajectory/cancel] -> http://127.0.0.1:45471/ []
[rosmaster.master][INFO] 2025-12-18 11:38:36,793: publisherUpdate[/gripper_controller/follow_joint_trajectory/goal] -> http://127.0.0.1:43063/ []: sec=0.01, result=[1, '', 0]
[rosmaster.master][INFO] 2025-12-18 11:38:36,795: publisherUpdate[/place/feedback] -> http://127.0.0.1:33729/ []
[rosmaster.master][INFO] 2025-12-18 11:38:36,793: -PUB [/xtion/rgb/image_rect_color/compressed/parameter_updates] /xtion/rgb/image_proc http://127.0.0.1:45411/
[rosmaster.threadpool][ERROR] 2025-12-18 11:38:36,795: Traceback (most recent call last):
  File "/opt/ros/noetic/lib/python3/dist-packages/rosmaster/threadpool.py", line 218, in run
    result = cmd(*args)
  File "/opt/ros/noetic/lib/python3/dist-packages/rosmaster/master_api.py", line 210, in publisher_update_task
    ret = xmlrpcapi(api).publisherUpdate('/master', topic, pub_uris)
  File "/usr/lib/python3.8/xmlrpc/client.py", line 1109, in __call__
    return self.__send(self.__name, args)
  File "/usr/lib/python3.8/xmlrpc/client.py", line 1450, in __request
    response = self.__transport.request(
  File "/usr/lib/python3.8/xmlrpc/client.py", line 1153, in request
    return self.single_request(host, handler, request_body, verbose)
  File "/usr/lib/python3.8/xmlrpc/client.py", line 1169, in single_request
    return self.parse_response(resp)
  File "/usr/lib/python3.8/xmlrpc/client.py", line 1341, in parse_response
    return u.close()
  File "/usr/lib/python3.8/xmlrpc/client.py", line 655, in close
    raise Fault(**self._stack[0])
xmlrpc.client.Fault: <Fault -1: 'publisherUpdate: unknown method name'>

[rosmaster.master][INFO] 2025-12-18 11:38:36,795: publisherUpdate[/gripper_controller/follow_joint_trajectory/cancel] -> http://127.0.0.1:43063/ []
[rosmaster.master][INFO] 2025-12-18 11:38:36,797: -PUB [/head_controller/point_head_action/result] /head_controller/point_head_action http://127.0.0.1:43797/
[rosmaster.master][INFO] 2025-12-18 11:38:36,797: -PUB [/torso_controller/follow_joint_trajectory/cancel] /play_motion http://127.0.0.1:33729/
[rosmaster.master][INFO] 2025-12-18 11:38:36,798: publisherUpdate[/place/feedback] -> http://127.0.0.1:33729/ []: sec=0.00, exception=<Fault -1: 'publisherUpdate: unknown method name'>
[rosmaster.master][INFO] 2025-12-18 11:38:36,799: -SUB [/planning_scene] /move_group http://127.0.0.1:45471/
[rosmaster.threadpool][ERROR] 2025-12-18 11:38:36,800: Traceback (most recent call last):
  File "/opt/ros/noetic/lib/python3/dist-packages/rosmaster/threadpool.py", line 218, in run
    result = cmd(*args)
  File "/opt/ros/noetic/lib/python3/dist-packages/rosmaster/master_api.py", line 210, in publisher_update_task
    ret = xmlrpcapi(api).publisherUpdate('/master', topic, pub_uris)
  File "/usr/lib/python3.8/xmlrpc/client.py", line 1109, in __call__
    return self.__send(self.__name, args)
  File "/usr/lib/python3.8/xmlrpc/client.py", line 1450, in __request
    response = self.__transport.request(
  File "/usr/lib/python3.8/xmlrpc/client.py", line 1153, in request
    return self.single_request(host, handler, request_body, verbose)
  File "/usr/lib/python3.8/xmlrpc/client.py", line 1169, in single_request
    return self.parse_response(resp)
  File "/usr/lib/python3.8/xmlrpc/client.py", line 1341, in parse_response
    return u.close()
  File "/usr/lib/python3.8/xmlrpc/client.py", line 655, in close
    raise Fault(**self._stack[0])
xmlrpc.client.Fault: <Fault -1: 'publisherUpdate: unknown method name'>

[rosmaster.master][INFO] 2025-12-18 11:38:36,800: publisherUpdate[/place/status] -> http://127.0.0.1:33729/ []
[rosmaster.master][INFO] 2025-12-18 11:38:36,800: -PUB [/xtion/rgb/image_rect_color] /xtion/rgb/image_proc http://127.0.0.1:45411/
[rosmaster.master][INFO] 2025-12-18 11:38:36,801: -SUB [/clock] /play_motion http://127.0.0.1:33729/
[rosmaster.master][INFO] 2025-12-18 11:38:36,802: -PUB [/head_controller/point_head_action/feedback] /head_controller/point_head_action http://127.0.0.1:43797/
[rosmaster.master][INFO] 2025-12-18 11:38:36,806: -SUB [/collision_object] /move_group http://127.0.0.1:45471/
[rosmaster.master][INFO] 2025-12-18 11:38:36,818: publisherUpdate[/place/status] -> http://127.0.0.1:33729/ []: sec=0.02, exception=<Fault -1: 'publisherUpdate: unknown method name'>
[rosmaster.master][INFO] 2025-12-18 11:38:36,820: publisherUpdate[/execute_trajectory/cancel] -> http://127.0.0.1:45471/ []: sec=0.03, exception=<Fault -1: 'publisherUpdate: unknown method name'>
[rosmaster.master][INFO] 2025-12-18 11:38:36,829: -SUB [/joint_states] /play_motion http://127.0.0.1:33729/
[rosmaster.threadpool][ERROR] 2025-12-18 11:38:36,833: Traceback (most recent call last):
  File "/opt/ros/noetic/lib/python3/dist-packages/rosmaster/threadpool.py", line 218, in run
    result = cmd(*args)
  File "/opt/ros/noetic/lib/python3/dist-packages/rosmaster/master_api.py", line 210, in publisher_update_task
    ret = xmlrpcapi(api).publisherUpdate('/master', topic, pub_uris)
  File "/usr/lib/python3.8/xmlrpc/client.py", line 1109, in __call__
    return self.__send(self.__name, args)
  File "/usr/lib/python3.8/xmlrpc/client.py", line 1450, in __request
    response = self.__transport.request(
  File "/usr/lib/python3.8/xmlrpc/client.py", line 1153, in request
    return self.single_request(host, handler, request_body, verbose)
  File "/usr/lib/python3.8/xmlrpc/client.py", line 1169, in single_request
    return self.parse_response(resp)
  File "/usr/lib/python3.8/xmlrpc/client.py", line 1341, in parse_response
    return u.close()
  File "/usr/lib/python3.8/xmlrpc/client.py", line 655, in close
    raise Fault(**self._stack[0])
xmlrpc.client.Fault: <Fault -1: 'publisherUpdate: unknown method name'>

[rosmaster.master][INFO] 2025-12-18 11:38:36,838: publisherUpdate[/rosout] -> http://127.0.0.1:37277/ ['http://127.0.0.1:43063/', 'http://127.0.0.1:43801/', 'http://127.0.0.1:35007/', 'http://127.0.0.1:40945/', 'http://127.0.0.1:38461/']
[rosmaster.master][INFO] 2025-12-18 11:38:36,837: -PUB [/xtion/rgb/image_rect_color/theora] /xtion/rgb/image_proc http://127.0.0.1:45411/
[rosmaster.threadpool][ERROR] 2025-12-18 11:38:36,839: Traceback (most recent call last):
  File "/opt/ros/noetic/lib/python3/dist-packages/rosmaster/threadpool.py", line 218, in run
    result = cmd(*args)
  File "/opt/ros/noetic/lib/python3/dist-packages/rosmaster/master_api.py", line 210, in publisher_update_task
    ret = xmlrpcapi(api).publisherUpdate('/master', topic, pub_uris)
  File "/usr/lib/python3.8/xmlrpc/client.py", line 1109, in __call__
    return self.__send(self.__name, args)
  File "/usr/lib/python3.8/xmlrpc/client.py", line 1450, in __request
    response = self.__transport.request(
  File "/usr/lib/python3.8/xmlrpc/client.py", line 1153, in request
    return self.single_request(host, handler, request_body, verbose)
  File "/usr/lib/python3.8/xmlrpc/client.py", line 1169, in single_request
    return self.parse_response(resp)
  File "/usr/lib/python3.8/xmlrpc/client.py", line 1341, in parse_response
    return u.close()
  File "/usr/lib/python3.8/xmlrpc/client.py", line 655, in close
    raise Fault(**self._stack[0])
xmlrpc.client.Fault: <Fault -1: 'publisherUpdate: unknown method name'>

[rosmaster.master][INFO] 2025-12-18 11:38:36,841: -PUB [/head_controller/point_head_action/status] /head_controller/point_head_action http://127.0.0.1:43797/
[rosmaster.master][INFO] 2025-12-18 11:38:36,841: publisherUpdate[/rosout] -> http://127.0.0.1:37277/ ['http://127.0.0.1:43063/', 'http://127.0.0.1:43801/', 'http://127.0.0.1:35007/', 'http://127.0.0.1:40945/', 'http://127.0.0.1:38461/']: sec=0.00, result=[1, '', 0]
[rosmaster.master][INFO] 2025-12-18 11:38:36,844: publisherUpdate[/gripper_controller/follow_joint_trajectory/cancel] -> http://127.0.0.1:43063/ []: sec=0.05, result=[1, '', 0]
[rosmaster.master][INFO] 2025-12-18 11:38:36,863: -SUB [/planning_scene_world] /move_group http://127.0.0.1:45471/
[rosmaster.master][INFO] 2025-12-18 11:38:36,871: publisherUpdate[/head_controller/follow_joint_trajectory/goal] -> http://127.0.0.1:43063/ []
[rosmaster.master][INFO] 2025-12-18 11:38:36,872: -SUB [/tf] /play_motion http://127.0.0.1:33729/
[rosmaster.master][INFO] 2025-12-18 11:38:36,877: publisherUpdate[/head_controller/follow_joint_trajectory/goal] -> http://127.0.0.1:43063/ []: sec=0.00, result=[1, '', 0]
[rosmaster.master][INFO] 2025-12-18 11:38:36,877: -SUB [/clock] /head_controller/point_head_action http://127.0.0.1:43797/
[rosmaster.master][INFO] 2025-12-18 11:38:36,877: publisherUpdate[/head_controller/follow_joint_trajectory/cancel] -> http://127.0.0.1:43063/ []
[rosmaster.master][INFO] 2025-12-18 11:38:36,878: -PUB [/xtion/rgb/image_rect_color/theora/parameter_descriptions] /xtion/rgb/image_proc http://127.0.0.1:45411/
[rosmaster.master][INFO] 2025-12-18 11:38:36,881: -SUB [/tf_static] /play_motion http://127.0.0.1:33729/
[rosmaster.master][INFO] 2025-12-18 11:38:36,883: -SUB [/arm_controller/follow_joint_trajectory/status] /move_group http://127.0.0.1:45471/
[rosmaster.master][INFO] 2025-12-18 11:38:36,892: -SUB [/tf] /head_controller/point_head_action http://127.0.0.1:43797/
[rosmaster.master][INFO] 2025-12-18 11:38:36,899: -SUB [/move_group/status] /play_motion http://127.0.0.1:33729/
[rosmaster.master][INFO] 2025-12-18 11:38:36,917: -PUB [/xtion/rgb/image_rect_color/theora/parameter_updates] /xtion/rgb/image_proc http://127.0.0.1:45411/
[rosmaster.master][INFO] 2025-12-18 11:38:36,918: -SUB [/arm_controller/follow_joint_trajectory/feedback] /move_group http://127.0.0.1:45471/
[rosmaster.master][INFO] 2025-12-18 11:38:36,918: -SUB [/move_group/feedback] /play_motion http://127.0.0.1:33729/
[rosmaster.master][INFO] 2025-12-18 11:38:36,918: -SUB [/tf_static] /head_controller/point_head_action http://127.0.0.1:43797/
[rosmaster.master][INFO] 2025-12-18 11:38:36,919: -SUB [/clock] /xtion/rgb/image_proc http://127.0.0.1:45411/
[rosmaster.master][INFO] 2025-12-18 11:38:36,920: -SUB [/arm_controller/follow_joint_trajectory/result] /move_group http://127.0.0.1:45471/
[rosmaster.master][INFO] 2025-12-18 11:38:36,922: -SUB [/move_group/result] /play_motion http://127.0.0.1:33729/
[rosmaster.master][INFO] 2025-12-18 11:38:36,922: -SERVICE [/xtion/rgb/image_proc/get_loggers] /xtion/rgb/image_proc rosrpc://127.0.0.1:57907
[rosmaster.master][INFO] 2025-12-18 11:38:36,941: publisherUpdate[/head_controller/follow_joint_trajectory/cancel] -> http://127.0.0.1:43063/ []: sec=0.06, result=[1, '', 0]
[rosmaster.master][INFO] 2025-12-18 11:38:36,958: publisherUpdate[/torso_controller/follow_joint_trajectory/goal] -> http://127.0.0.1:43063/ []
[rosmaster.master][INFO] 2025-12-18 11:38:36,972: -SUB [/head_controller/state] /head_controller/point_head_action http://127.0.0.1:43797/
[rosmaster.master][INFO] 2025-12-18 11:38:36,973: publisherUpdate[/torso_controller/follow_joint_trajectory/goal] -> http://127.0.0.1:43063/ []: sec=0.01, result=[1, '', 0]
[rosmaster.master][INFO] 2025-12-18 11:38:36,974: publisherUpdate[/head_controller/command] -> http://127.0.0.1:43063/ []
[rosmaster.master][INFO] 2025-12-18 11:38:36,975: -SUB [/pickup/status] /play_motion http://127.0.0.1:33729/
[rosmaster.master][INFO] 2025-12-18 11:38:36,976: -SUB [/torso_controller/follow_joint_trajectory/status] /move_group http://127.0.0.1:45471/
[rosmaster.master][INFO] 2025-12-18 11:38:36,979: -SERVICE [/xtion/rgb/image_proc/set_logger_level] /xtion/rgb/image_proc rosrpc://127.0.0.1:57907
[rosmaster.master][INFO] 2025-12-18 11:38:37,006: publisherUpdate[/head_controller/command] -> http://127.0.0.1:43063/ []: sec=0.03, result=[1, '', 0]
[rosmaster.master][INFO] 2025-12-18 11:38:37,003: -SUB [/pickup/feedback] /play_motion http://127.0.0.1:33729/
[rosmaster.master][INFO] 2025-12-18 11:38:37,013: publisherUpdate[/torso_controller/follow_joint_trajectory/cancel] -> http://127.0.0.1:43063/ []
[rosmaster.master][INFO] 2025-12-18 11:38:37,015: -SERVICE [/xtion/rgb/image_proc_debayer/set_parameters] /xtion/rgb/image_proc rosrpc://127.0.0.1:57907
[rosmaster.master][INFO] 2025-12-18 11:38:37,043: -SUB [/head_controller/point_head_action/goal] /head_controller/point_head_action http://127.0.0.1:43797/
[rosmaster.master][INFO] 2025-12-18 11:38:37,064: -SUB [/torso_controller/follow_joint_trajectory/feedback] /move_group http://127.0.0.1:45471/
[rosmaster.master][INFO] 2025-12-18 11:38:37,069: -SUB [/head_controller/point_head_action/cancel] /head_controller/point_head_action http://127.0.0.1:43797/
[rosmaster.master][INFO] 2025-12-18 11:38:37,087: -SERVICE [/xtion/rgb/image_mono/compressedDepth/set_parameters] /xtion/rgb/image_proc rosrpc://127.0.0.1:57907
[rosmaster.master][INFO] 2025-12-18 11:38:37,088: -SUB [/pickup/result] /play_motion http://127.0.0.1:33729/
[rosmaster.master][INFO] 2025-12-18 11:38:37,089: -SUB [/torso_controller/follow_joint_trajectory/result] /move_group http://127.0.0.1:45471/
[rosmaster.master][INFO] 2025-12-18 11:38:37,090: -SUB [/place/status] /play_motion http://127.0.0.1:33729/
[rosmaster.master][INFO] 2025-12-18 11:38:37,093: -SERVICE [/head_controller/point_head_action/get_loggers] /head_controller/point_head_action rosrpc://127.0.0.1:45615
[rosmaster.master][INFO] 2025-12-18 11:38:37,119: -SUB [/place/feedback] /play_motion http://127.0.0.1:33729/
[rosmaster.master][INFO] 2025-12-18 11:38:37,130: -SERVICE [/xtion/rgb/image_mono/compressed/set_parameters] /xtion/rgb/image_proc rosrpc://127.0.0.1:57907
[rosmaster.master][INFO] 2025-12-18 11:38:37,130: -SUB [/head_controller/follow_joint_trajectory/status] /move_group http://127.0.0.1:45471/
[rosmaster.master][INFO] 2025-12-18 11:38:37,138: -SERVICE [/head_controller/point_head_action/set_logger_level] /head_controller/point_head_action rosrpc://127.0.0.1:45615
[rosmaster.master][INFO] 2025-12-18 11:38:37,138: -SUB [/place/result] /play_motion http://127.0.0.1:33729/
[rosmaster.master][INFO] 2025-12-18 11:38:37,138: -SERVICE [/xtion/rgb/image_mono/theora/set_parameters] /xtion/rgb/image_proc rosrpc://127.0.0.1:57907
[rosmaster.master][INFO] 2025-12-18 11:38:37,139: -SUB [/head_controller/follow_joint_trajectory/feedback] /move_group http://127.0.0.1:45471/
[rosmaster.master][INFO] 2025-12-18 11:38:37,140: -SUB [/head_controller/follow_joint_trajectory/result] /move_group http://127.0.0.1:45471/
[rosmaster.master][INFO] 2025-12-18 11:38:37,142: -SERVICE [/xtion/rgb/image_color/compressedDepth/set_parameters] /xtion/rgb/image_proc rosrpc://127.0.0.1:57907
[rosmaster.master][INFO] 2025-12-18 11:38:37,143: -SUB [/execute_trajectory/status] /play_motion http://127.0.0.1:33729/
[rosmaster.master][INFO] 2025-12-18 11:38:37,144: -CACHEDPARAM [/rosout_disable_topics_generation] by /head_controller/point_head_action
[rosmaster.master][INFO] 2025-12-18 11:38:37,145: -SUB [/execute_trajectory/feedback] /play_motion http://127.0.0.1:33729/
[rosmaster.master][INFO] 2025-12-18 11:38:37,147: -SUB [/gripper_controller/follow_joint_trajectory/status] /move_group http://127.0.0.1:45471/
[rosmaster.master][INFO] 2025-12-18 11:38:37,152: -SERVICE [/xtion/rgb/image_color/compressed/set_parameters] /xtion/rgb/image_proc rosrpc://127.0.0.1:57907
[rosmaster.master][INFO] 2025-12-18 11:38:37,161: publisherUpdate[/torso_controller/follow_joint_trajectory/cancel] -> http://127.0.0.1:43063/ []: sec=0.14, result=[1, '', 0]
[rosmaster.master][INFO] 2025-12-18 11:38:37,174: -SUB [/gripper_controller/follow_joint_trajectory/feedback] /move_group http://127.0.0.1:45471/
[rosmaster.master][INFO] 2025-12-18 11:38:37,177: -SUB [/execute_trajectory/result] /play_motion http://127.0.0.1:33729/
[rosmaster.master][INFO] 2025-12-18 11:38:37,180: -SERVICE [/xtion/rgb/image_color/theora/set_parameters] /xtion/rgb/image_proc rosrpc://127.0.0.1:57907
[rosmaster.master][INFO] 2025-12-18 11:38:37,182: -SUB [/gripper_controller/follow_joint_trajectory/result] /move_group http://127.0.0.1:45471/
[rosmaster.master][INFO] 2025-12-18 11:38:37,185: -SUB [/trajectory_execution_event] /move_group http://127.0.0.1:45471/
[rosmaster.master][INFO] 2025-12-18 11:38:37,188: -SUB [/play_motion/goal] /play_motion http://127.0.0.1:33729/
[rosmaster.master][INFO] 2025-12-18 11:38:37,190: -SERVICE [/xtion/rgb/image_proc_rectify_mono/set_parameters] /xtion/rgb/image_proc rosrpc://127.0.0.1:57907
[rosmaster.master][INFO] 2025-12-18 11:38:37,197: -SUB [/execute_trajectory/goal] /move_group http://127.0.0.1:45471/
[rosmaster.master][INFO] 2025-12-18 11:38:37,222: -SUB [/play_motion/cancel] /play_motion http://127.0.0.1:33729/
[rosmaster.master][INFO] 2025-12-18 11:38:37,226: -SUB [/execute_trajectory/cancel] /move_group http://127.0.0.1:45471/
[rosmaster.master][INFO] 2025-12-18 11:38:37,226: -SERVICE [/xtion/rgb/image_rect/compressedDepth/set_parameters] /xtion/rgb/image_proc rosrpc://127.0.0.1:57907
[rosmaster.master][INFO] 2025-12-18 11:38:37,229: -SUB [/arm_controller/follow_joint_trajectory/status] /play_motion http://127.0.0.1:33729/
[rosmaster.master][INFO] 2025-12-18 11:38:37,231: -SERVICE [/xtion/rgb/image_rect/compressed/set_parameters] /xtion/rgb/image_proc rosrpc://127.0.0.1:57907
[rosmaster.master][INFO] 2025-12-18 11:38:37,232: -SUB [/move_group/goal] /move_group http://127.0.0.1:45471/
[rosmaster.master][INFO] 2025-12-18 11:38:37,233: -SUB [/arm_controller/follow_joint_trajectory/feedback] /play_motion http://127.0.0.1:33729/
[rosmaster.master][INFO] 2025-12-18 11:38:37,234: -SERVICE [/xtion/rgb/image_rect/theora/set_parameters] /xtion/rgb/image_proc rosrpc://127.0.0.1:57907
[rosmaster.master][INFO] 2025-12-18 11:38:37,236: -SERVICE [/xtion/rgb/image_proc_rectify_color/set_parameters] /xtion/rgb/image_proc rosrpc://127.0.0.1:57907
[rosmaster.master][INFO] 2025-12-18 11:38:37,238: -SUB [/arm_controller/follow_joint_trajectory/result] /play_motion http://127.0.0.1:33729/
[rosmaster.master][INFO] 2025-12-18 11:38:37,239: -SUB [/move_group/cancel] /move_group http://127.0.0.1:45471/
[rosmaster.master][INFO] 2025-12-18 11:38:37,240: -SUB [/gripper_controller/follow_joint_trajectory/status] /play_motion http://127.0.0.1:33729/
[rosmaster.master][INFO] 2025-12-18 11:38:37,242: -SUB [/pickup/goal] /move_group http://127.0.0.1:45471/
[rosmaster.master][INFO] 2025-12-18 11:38:37,243: -SERVICE [/xtion/rgb/image_rect_color/compressedDepth/set_parameters] /xtion/rgb/image_proc rosrpc://127.0.0.1:57907
[rosmaster.master][INFO] 2025-12-18 11:38:37,244: -SUB [/pickup/cancel] /move_group http://127.0.0.1:45471/
[rosmaster.master][INFO] 2025-12-18 11:38:37,246: -SUB [/gripper_controller/follow_joint_trajectory/feedback] /play_motion http://127.0.0.1:33729/
[rosmaster.master][INFO] 2025-12-18 11:38:37,249: -SERVICE [/xtion/rgb/image_rect_color/compressed/set_parameters] /xtion/rgb/image_proc rosrpc://127.0.0.1:57907
[rosmaster.master][INFO] 2025-12-18 11:38:37,249: -SUB [/gripper_controller/follow_joint_trajectory/result] /play_motion http://127.0.0.1:33729/
[rosmaster.master][INFO] 2025-12-18 11:38:37,250: -SUB [/place/goal] /move_group http://127.0.0.1:45471/
[rosmaster.master][INFO] 2025-12-18 11:38:37,252: -SUB [/head_controller/follow_joint_trajectory/status] /play_motion http://127.0.0.1:33729/
[rosmaster.master][INFO] 2025-12-18 11:38:37,254: -SERVICE [/xtion/rgb/image_rect_color/theora/set_parameters] /xtion/rgb/image_proc rosrpc://127.0.0.1:57907
[rosmaster.master][INFO] 2025-12-18 11:38:37,255: -SUB [/place/cancel] /move_group http://127.0.0.1:45471/
[rosmaster.master][INFO] 2025-12-18 11:38:37,269: -SUB [/head_controller/follow_joint_trajectory/feedback] /play_motion http://127.0.0.1:33729/
[rosmaster.master][INFO] 2025-12-18 11:38:37,274: -CACHEDPARAM [/rosout_disable_topics_generation] by /xtion/rgb/image_proc
[rosmaster.master][INFO] 2025-12-18 11:38:37,283: -SERVICE [/move_group/get_loggers] /move_group rosrpc://127.0.0.1:49301
[rosmaster.master][INFO] 2025-12-18 11:38:37,286: -SUB [/head_controller/follow_joint_trajectory/result] /play_motion http://127.0.0.1:33729/
[rosmaster.master][INFO] 2025-12-18 11:38:37,289: -SERVICE [/move_group/set_logger_level] /move_group rosrpc://127.0.0.1:49301
[rosmaster.master][INFO] 2025-12-18 11:38:37,290: -SUB [/torso_controller/follow_joint_trajectory/status] /play_motion http://127.0.0.1:33729/
[rosmaster.master][INFO] 2025-12-18 11:38:37,293: -SERVICE [/move_group/planning_scene_monitor/set_parameters] /move_group rosrpc://127.0.0.1:49301
[rosmaster.master][INFO] 2025-12-18 11:38:37,294: -SUB [/torso_controller/follow_joint_trajectory/feedback] /play_motion http://127.0.0.1:33729/
[rosmaster.master][INFO] 2025-12-18 11:38:37,295: -SERVICE [/move_group/save_map] /move_group rosrpc://127.0.0.1:49301
[rosmaster.master][INFO] 2025-12-18 11:38:37,297: -SUB [/torso_controller/follow_joint_trajectory/result] /play_motion http://127.0.0.1:33729/
[rosmaster.master][INFO] 2025-12-18 11:38:37,300: +CACHEDPARAM [/rosout_disable_topics_generation] by /default_controllers_spawner
[rosmaster.master][INFO] 2025-12-18 11:38:37,302: -SERVICE [/move_group/load_map] /move_group rosrpc://127.0.0.1:49301
[rosmaster.master][INFO] 2025-12-18 11:38:37,320: -SERVICE [/play_motion/get_loggers] /play_motion rosrpc://127.0.0.1:37283
[rosmaster.master][INFO] 2025-12-18 11:38:37,328: -SERVICE [/move_group/ompl/set_parameters] /move_group rosrpc://127.0.0.1:49301
[rosmaster.master][INFO] 2025-12-18 11:38:37,333: -SERVICE [/play_motion/set_logger_level] /play_motion rosrpc://127.0.0.1:37283
[rosmaster.master][INFO] 2025-12-18 11:38:37,335: -SERVICE [/move_group/trajectory_execution/set_parameters] /move_group rosrpc://127.0.0.1:49301
[rosmaster.master][INFO] 2025-12-18 11:38:37,337: -SERVICE [/play_motion/list_motions] /play_motion rosrpc://127.0.0.1:37283
[rosmaster.master][INFO] 2025-12-18 11:38:37,339: -SERVICE [/move_group/plan_execution/set_parameters] /move_group rosrpc://127.0.0.1:49301
[rosmaster.master][INFO] 2025-12-18 11:38:37,339: -CACHEDPARAM [/play_motion/motions/home] by /play_motion
[rosmaster.master][INFO] 2025-12-18 11:38:37,351: -SERVICE [/move_group/sense_for_plan/set_parameters] /move_group rosrpc://127.0.0.1:49301
[rosmaster.master][INFO] 2025-12-18 11:38:37,362: -CACHEDPARAM [/rosout_disable_topics_generation] by /play_motion
[rosmaster.master][INFO] 2025-12-18 11:38:37,371: -SERVICE [/apply_planning_scene] /move_group rosrpc://127.0.0.1:49301
[rosmaster.master][INFO] 2025-12-18 11:38:37,375: -SERVICE [/load_move_group_capabilities] /move_group rosrpc://127.0.0.1:49301
[rosmaster.master][INFO] 2025-12-18 11:38:37,378: -SERVICE [/clear_octomap] /move_group rosrpc://127.0.0.1:49301
[rosmaster.master][INFO] 2025-12-18 11:38:37,383: -SERVICE [/compute_cartesian_path] /move_group rosrpc://127.0.0.1:49301
[rosmaster.master][INFO] 2025-12-18 11:38:37,392: -SERVICE [/get_planning_scene] /move_group rosrpc://127.0.0.1:49301
[rosmaster.master][INFO] 2025-12-18 11:38:37,395: -SERVICE [/compute_fk] /move_group rosrpc://127.0.0.1:49301
[rosmaster.master][INFO] 2025-12-18 11:38:37,397: -SERVICE [/compute_ik] /move_group rosrpc://127.0.0.1:49301
[rosmaster.master][INFO] 2025-12-18 11:38:37,400: -SERVICE [/plan_kinematic_path] /move_group rosrpc://127.0.0.1:49301
[rosmaster.master][INFO] 2025-12-18 11:38:37,401: -SERVICE [/query_planner_interface] /move_group rosrpc://127.0.0.1:49301
[rosmaster.master][INFO] 2025-12-18 11:38:37,423: -SERVICE [/get_planner_params] /move_group rosrpc://127.0.0.1:49301
[rosmaster.master][INFO] 2025-12-18 11:38:37,501: -SERVICE [/set_planner_params] /move_group rosrpc://127.0.0.1:49301
[rosmaster.master][INFO] 2025-12-18 11:38:37,514: -SERVICE [/check_state_validity] /move_group rosrpc://127.0.0.1:49301
[rosmaster.master][INFO] 2025-12-18 11:38:37,518: -CACHEDPARAM [/rosout_disable_topics_generation] by /move_group
[rosmaster.master][INFO] 2025-12-18 11:38:37,554: +CACHEDPARAM [/rosout_disable_topics_generation] by /gripper_controllers_spawner
[rosmaster.master][INFO] 2025-12-18 11:38:37,598: +CACHEDPARAM [/rosout_disable_topics_generation] by /gripper_controllers_spawner
[rosmaster.master][INFO] 2025-12-18 11:38:37,600: +CACHEDPARAM [/rosout_disable_topics_generation] by /bringup_controllers_spawner_imu
[rosmaster.master][INFO] 2025-12-18 11:38:37,601: +CACHEDPARAM [/rosout_disable_topics_generation] by /bringup_controllers_spawner_ft
[rosmaster.master][INFO] 2025-12-18 11:38:37,601: +CACHEDPARAM [/rosout_disable_topics_generation] by /gripper_controllers_spawner
[rosmaster.master][INFO] 2025-12-18 11:38:38,341: +CACHEDPARAM [/rosout_disable_topics_generation] by /default_controllers_spawner
