[roslaunch][INFO] 2025-11-18 20:01:17,788: Checking log directory for disk usage. This may take a while.
Press Ctrl-C to interrupt
[roslaunch][INFO] 2025-11-18 20:01:17,798: Done checking log file disk usage. Usage is <1GB.
[roslaunch][INFO] 2025-11-18 20:01:17,798: roslaunch starting with args ['/opt/ros/noetic/bin/roslaunch', 'tiago_gazebo.launch']
[roslaunch][INFO] 2025-11-18 20:01:17,799: roslaunch env is environ({'ROS_VERSION': '1', 'DISABLE_ROS1_EOL_WARNINGS': '1', 'PKG_CONFIG_PATH': '/opt/pal/gallium/lib/pkgconfig:/opt/pal/gallium/lib/x86_64-linux-gnu/pkgconfig:/opt/ros/noetic/lib/pkgconfig:/opt/ros/noetic/lib/x86_64-linux-gnu/pkgconfig', 'ROS_PYTHON_VERSION': '3', 'HOSTNAME': 'epan-tiago-noetic-ssh', 'VISP_WS': '/home/pal/visp-ws', 'ROS_PACKAGE_PATH': '/home/pal/ros_ws/src:/opt/pal/gallium/share:/opt/ros/noetic/share', 'ROSLISP_PACKAGE_DIRECTORIES': '/home/pal/ros_ws/devel/share/common-lisp', 'PWD': '/home/pal/ros_ws/src', 'XAUTHORITY': '', 'TZ': 'Europe/Paris', 'ROS_IP': '127.0.0.1', 'HOME': '/home/pal', 'ROS_ETC_DIR': '/opt/ros/noetic/etc/ros', 'LS_COLORS': 'rs=0:di=01;34:ln=01;36:mh=00:pi=40;33:so=01;35:do=01;35:bd=40;33;01:cd=40;33;01:or=40;31;01:mi=00:su=37;41:sg=30;43:ca=30;41:tw=30;42:ow=34;42:st=37;44:ex=01;32:*.tar=01;31:*.tgz=01;31:*.arc=01;31:*.arj=01;31:*.taz=01;31:*.lha=01;31:*.lz4=01;31:*.lzh=01;31:*.lzma=01;31:*.tlz=01;31:*.txz=01;31:*.tzo=01;31:*.t7z=01;31:*.zip=01;31:*.z=01;31:*.dz=01;31:*.gz=01;31:*.lrz=01;31:*.lz=01;31:*.lzo=01;31:*.xz=01;31:*.zst=01;31:*.tzst=01;31:*.bz2=01;31:*.bz=01;31:*.tbz=01;31:*.tbz2=01;31:*.tz=01;31:*.deb=01;31:*.rpm=01;31:*.jar=01;31:*.war=01;31:*.ear=01;31:*.sar=01;31:*.rar=01;31:*.alz=01;31:*.ace=01;31:*.zoo=01;31:*.cpio=01;31:*.7z=01;31:*.rz=01;31:*.cab=01;31:*.wim=01;31:*.swm=01;31:*.dwm=01;31:*.esd=01;31:*.jpg=01;35:*.jpeg=01;35:*.mjpg=01;35:*.mjpeg=01;35:*.gif=01;35:*.bmp=01;35:*.pbm=01;35:*.pgm=01;35:*.ppm=01;35:*.tga=01;35:*.xbm=01;35:*.xpm=01;35:*.tif=01;35:*.tiff=01;35:*.png=01;35:*.svg=01;35:*.svgz=01;35:*.mng=01;35:*.pcx=01;35:*.mov=01;35:*.mpg=01;35:*.mpeg=01;35:*.m2v=01;35:*.mkv=01;35:*.webm=01;35:*.ogm=01;35:*.mp4=01;35:*.m4v=01;35:*.mp4v=01;35:*.vob=01;35:*.qt=01;35:*.nuv=01;35:*.wmv=01;35:*.asf=01;35:*.rm=01;35:*.rmvb=01;35:*.flc=01;35:*.avi=01;35:*.fli=01;35:*.flv=01;35:*.gl=01;35:*.dl=01;35:*.xcf=01;35:*.xwd=01;35:*.yuv=01;35:*.cgm=01;35:*.emf=01;35:*.ogv=01;35:*.ogx=01;35:*.aac=00;36:*.au=00;36:*.flac=00;36:*.m4a=00;36:*.mid=00;36:*.midi=00;36:*.mka=00;36:*.mp3=00;36:*.mpc=00;36:*.ogg=00;36:*.ra=00;36:*.wav=00;36:*.oga=00;36:*.opus=00;36:*.spx=00;36:*.xspf=00;36:', 'OROCOS_TARGET': 'gnulinux', 'CMAKE_PREFIX_PATH': '/home/pal/ros_ws/devel:/opt/pal/gallium:/opt/ros/noetic', 'GAZEBO_RESOURCE_PATH': '/home/pal/ros_ws/src/va50:', 'ROS_WORKSPACE': '/home/pal/ros_ws', 'LESSCLOSE': '/usr/bin/lesspipe %s %s', 'PYTHONPATH': '/opt/pal/gallium/lib/python3/dist-packages:/opt/ros/noetic/lib/python3/dist-packages', 'TERM': 'xterm', 'VISP_INPUT_IMAGE_PATH': '/home/pal/visp-ws/visp-images', 'LESSOPEN': '| /usr/bin/lesspipe %s', 'USER': 'pal', 'RTT_COMPONENT_PATH': '/opt/pal/gallium/lib/orocos', 'DISPLAY': ':1', 'SHLVL': '1', 'PAL_DISTRO': 'gallium', 'ROS_MASTER_URI': 'http://localhost:11311/', 'LD_LIBRARY_PATH': '/home/pal/ros_ws/devel/lib:/opt/pal/gallium/lib:/opt/pal/gallium/lib/x86_64-linux-gnu:/opt/ros/noetic/lib:/opt/ros/noetic/lib/x86_64-linux-gnu:/usr/local/lib', 'GAZEBO_MODEL_PATH': '/home/pal/ros_ws/src/va50/models:', 'PATH': '/opt/pal/gallium/bin:/opt/ros/noetic/bin:/opt/pal/gallium/lib/pal_debian_utils/:/usr/local/sbin:/usr/local/bin:/usr/sbin:/usr/bin:/sbin:/bin', 'LUA_PATH': ';;/opt/pal/gallium/share/lua/5.1/?.lua;/opt/pal/gallium/share/lua/5.1/?.lua;/opt/pal/gallium/share/lua/5.1/?.lua', 'DEBIAN_FRONTEND': 'noninteractive', 'ROS_ROOT': '/opt/ros/noetic/share/ros', 'ROS_DISTRO': 'noetic', 'QT_X11_NO_MITSHM': '1', '_': '/opt/ros/noetic/bin/roslaunch', 'OLDPWD': '/home/pal/ros_ws', 'LC_CTYPE': 'C.UTF-8', 'ROS_LOG_FILENAME': '/home/pal/.ros/log/f65f8850-c4b0-11f0-b6c7-0028f8234b19/roslaunch-epan-tiago-noetic-ssh-137.log'})
[roslaunch][INFO] 2025-11-18 20:01:17,799: starting in server mode
[roslaunch.parent][INFO] 2025-11-18 20:01:17,800: starting roslaunch parent run
[roslaunch][INFO] 2025-11-18 20:01:17,801: loading roscore config file /opt/ros/noetic/etc/ros/roscore.xml
[roslaunch][INFO] 2025-11-18 20:01:18,065: Added core node of type [rosout/rosout] in namespace [/]
[roslaunch.config][INFO] 2025-11-18 20:01:18,066: loading config file tiago_gazebo.launch
[roslaunch][INFO] 2025-11-18 20:01:18,131: Added node of type [gazebo_ros/gzserver] in namespace [/]
[roslaunch][INFO] 2025-11-18 20:01:18,131: Added node of type [gazebo_ros/gzclient] in namespace [/]
[roslaunch][INFO] 2025-11-18 20:01:18,907: Added node of type [gazebo_ros/spawn_model] in namespace [/]
[roslaunch][INFO] 2025-11-18 20:01:18,926: Added node of type [controller_manager/spawner] in namespace [/]
[roslaunch][INFO] 2025-11-18 20:01:18,926: Added node of type [head_action/head_action] in namespace [/head_controller/]
[roslaunch][INFO] 2025-11-18 20:01:18,928: Added node of type [controller_manager/spawner] in namespace [/]
[roslaunch][INFO] 2025-11-18 20:01:18,930: Added node of type [controller_manager/spawner] in namespace [/]
[roslaunch][INFO] 2025-11-18 20:01:18,934: Added node of type [controller_manager/spawner] in namespace [/]
[roslaunch][INFO] 2025-11-18 20:01:18,934: Added node of type [pal_gripper_controller_configuration/home_gripper.py] in namespace [/]
[roslaunch][INFO] 2025-11-18 20:01:19,001: Added node of type [play_motion/play_motion] in namespace [/]
[roslaunch][INFO] 2025-11-18 20:01:19,001: Added node of type [play_motion/is_already_there.py] in namespace [/]
[roslaunch][INFO] 2025-11-18 20:01:19,032: Added node of type [moveit_ros_move_group/move_group] in namespace [/]
[roslaunch][INFO] 2025-11-18 20:01:19,032: Added node of type [robot_state_publisher/robot_state_publisher] in namespace [/]
[roslaunch][INFO] 2025-11-18 20:01:19,033: Added node of type [tf_lookup/tf_lookup] in namespace [/]
[roslaunch][INFO] 2025-11-18 20:01:19,042: Added node of type [twist_mux/twist_mux] in namespace [/]
[roslaunch][INFO] 2025-11-18 20:01:19,042: Added node of type [twist_mux/twist_marker] in namespace [/]
[roslaunch][INFO] 2025-11-18 20:01:19,043: Added node of type [twist_mux/joystick_relay.py] in namespace [/]
[roslaunch][INFO] 2025-11-18 20:01:19,056: Added node of type [dynamic_footprint/dynamic_footprint_publisher.py] in namespace [/]
[roslaunch][INFO] 2025-11-18 20:01:19,057: Added node of type [topic_tools/relay] in namespace [/]
[roslaunch][INFO] 2025-11-18 20:01:19,058: Added node of type [pal_pcl_points_throttle_and_filter/throttle_filtering_points] in namespace [/]
[roslaunch][INFO] 2025-11-18 20:01:19,058: Added node of type [tiago_gazebo/tuck_arm.py] in namespace [/]
[roslaunch][INFO] 2025-11-18 20:01:19,059: Added node of type [image_proc/image_proc] in namespace [/xtion/rgb/]
[roslaunch][INFO] 2025-11-18 20:01:19,093: ... selected machine [] for node of type [gazebo_ros/gzserver]
[roslaunch][INFO] 2025-11-18 20:01:19,093: ... selected machine [] for node of type [gazebo_ros/gzclient]
[roslaunch][INFO] 2025-11-18 20:01:19,093: ... selected machine [] for node of type [gazebo_ros/spawn_model]
[roslaunch][INFO] 2025-11-18 20:01:19,093: ... selected machine [] for node of type [controller_manager/spawner]
[roslaunch][INFO] 2025-11-18 20:01:19,093: ... selected machine [] for node of type [head_action/head_action]
[roslaunch][INFO] 2025-11-18 20:01:19,093: ... selected machine [] for node of type [controller_manager/spawner]
[roslaunch][INFO] 2025-11-18 20:01:19,093: ... selected machine [] for node of type [controller_manager/spawner]
[roslaunch][INFO] 2025-11-18 20:01:19,093: ... selected machine [] for node of type [controller_manager/spawner]
[roslaunch][INFO] 2025-11-18 20:01:19,093: ... selected machine [] for node of type [pal_gripper_controller_configuration/home_gripper.py]
[roslaunch][INFO] 2025-11-18 20:01:19,093: ... selected machine [] for node of type [play_motion/play_motion]
[roslaunch][INFO] 2025-11-18 20:01:19,093: ... selected machine [] for node of type [play_motion/is_already_there.py]
[roslaunch][INFO] 2025-11-18 20:01:19,093: ... selected machine [] for node of type [moveit_ros_move_group/move_group]
[roslaunch][INFO] 2025-11-18 20:01:19,093: ... selected machine [] for node of type [robot_state_publisher/robot_state_publisher]
[roslaunch][INFO] 2025-11-18 20:01:19,093: ... selected machine [] for node of type [tf_lookup/tf_lookup]
[roslaunch][INFO] 2025-11-18 20:01:19,093: ... selected machine [] for node of type [twist_mux/twist_mux]
[roslaunch][INFO] 2025-11-18 20:01:19,093: ... selected machine [] for node of type [twist_mux/twist_marker]
[roslaunch][INFO] 2025-11-18 20:01:19,093: ... selected machine [] for node of type [twist_mux/joystick_relay.py]
[roslaunch][INFO] 2025-11-18 20:01:19,093: ... selected machine [] for node of type [dynamic_footprint/dynamic_footprint_publisher.py]
[roslaunch][INFO] 2025-11-18 20:01:19,093: ... selected machine [] for node of type [topic_tools/relay]
[roslaunch][INFO] 2025-11-18 20:01:19,093: ... selected machine [] for node of type [pal_pcl_points_throttle_and_filter/throttle_filtering_points]
[roslaunch][INFO] 2025-11-18 20:01:19,094: ... selected machine [] for node of type [tiago_gazebo/tuck_arm.py]
[roslaunch][INFO] 2025-11-18 20:01:19,094: ... selected machine [] for node of type [image_proc/image_proc]
[roslaunch.pmon][INFO] 2025-11-18 20:01:19,095: start_process_monitor: creating ProcessMonitor
[roslaunch.pmon][INFO] 2025-11-18 20:01:19,095: created process monitor <ProcessMonitor(ProcessMonitor-1, initial daemon)>
[roslaunch.pmon][INFO] 2025-11-18 20:01:19,095: start_process_monitor: ProcessMonitor started
[roslaunch.parent][INFO] 2025-11-18 20:01:19,095: starting parent XML-RPC server
[roslaunch.server][INFO] 2025-11-18 20:01:19,095: starting roslaunch XML-RPC server
[roslaunch.server][INFO] 2025-11-18 20:01:19,095: waiting for roslaunch XML-RPC server to initialize
[xmlrpc][INFO] 2025-11-18 20:01:19,095: XML-RPC server binding to 127.0.0.1:0
[xmlrpc][INFO] 2025-11-18 20:01:19,096: Started XML-RPC server [http://127.0.0.1:33111/]
[xmlrpc][INFO] 2025-11-18 20:01:19,096: xml rpc node: starting XML-RPC server
[roslaunch][INFO] 2025-11-18 20:01:19,107: started roslaunch server http://127.0.0.1:33111/
[roslaunch.parent][INFO] 2025-11-18 20:01:19,107: ... parent XML-RPC server started
[roslaunch][INFO] 2025-11-18 20:01:19,112: master.is_running[http://localhost:11311/]
[roslaunch][INFO] 2025-11-18 20:01:19,113: auto-starting new master
[roslaunch][INFO] 2025-11-18 20:01:19,113: create_master_process: rosmaster, /opt/ros/noetic/share/ros, 11311, 3, None, False
[roslaunch][INFO] 2025-11-18 20:01:19,113: process[master]: launching with args [['rosmaster', '--core', '-p', '11311', '-w', '3']]
[roslaunch.pmon][INFO] 2025-11-18 20:01:19,113: ProcessMonitor.register[master]
[roslaunch.pmon][INFO] 2025-11-18 20:01:19,113: ProcessMonitor.register[master] complete
[roslaunch][INFO] 2025-11-18 20:01:19,113: process[master]: starting os process
[roslaunch][INFO] 2025-11-18 20:01:19,113: process[master]: start w/ args [['rosmaster', '--core', '-p', '11311', '-w', '3', '__log:=/home/pal/.ros/log/f65f8850-c4b0-11f0-b6c7-0028f8234b19/master.log']]
[roslaunch][INFO] 2025-11-18 20:01:19,113: process[master]: cwd will be [/home/pal/.ros]
[roslaunch][INFO] 2025-11-18 20:01:19,122: process[master]: started with pid [157]
[roslaunch][INFO] 2025-11-18 20:01:19,122: master.is_running[http://localhost:11311/]
[roslaunch][INFO] 2025-11-18 20:01:19,223: master.is_running[http://localhost:11311/]
[roslaunch][INFO] 2025-11-18 20:01:19,324: master.is_running[http://localhost:11311/]
[roslaunch][INFO] 2025-11-18 20:01:19,425: master.is_running[http://localhost:11311/]
[roslaunch][INFO] 2025-11-18 20:01:19,526: master.is_running[http://localhost:11311/]
[roslaunch][INFO] 2025-11-18 20:01:19,528: master.is_running[http://localhost:11311/]
[roslaunch][INFO] 2025-11-18 20:01:19,529: ROS_MASTER_URI=http://localhost:11311/
[roslaunch][INFO] 2025-11-18 20:01:19,530: setting /run_id to f65f8850-c4b0-11f0-b6c7-0028f8234b19
[roslaunch][INFO] 2025-11-18 20:01:19,531: setting /roslaunch/uris/host_127_0_0_1__33111' to http://127.0.0.1:33111/
[roslaunch][INFO] 2025-11-18 20:01:19,534: ... preparing to launch node of type [rosout/rosout]
[roslaunch][INFO] 2025-11-18 20:01:19,534: create_node_process: package[rosout] type[rosout] machine[Machine(name[] env_loader[None] address[localhost] ssh_port[22] user[None] assignable[True] timeout[10.0])] master_uri[http://localhost:11311/]
[roslaunch][INFO] 2025-11-18 20:01:19,534: process[rosout-1]: env[{'ROS_VERSION': '1', 'DISABLE_ROS1_EOL_WARNINGS': '1', 'PKG_CONFIG_PATH': '/opt/pal/gallium/lib/pkgconfig:/opt/pal/gallium/lib/x86_64-linux-gnu/pkgconfig:/opt/ros/noetic/lib/pkgconfig:/opt/ros/noetic/lib/x86_64-linux-gnu/pkgconfig', 'ROS_PYTHON_VERSION': '3', 'HOSTNAME': 'epan-tiago-noetic-ssh', 'VISP_WS': '/home/pal/visp-ws', 'ROS_PACKAGE_PATH': '/home/pal/ros_ws/src:/opt/pal/gallium/share:/opt/ros/noetic/share', 'ROSLISP_PACKAGE_DIRECTORIES': '/home/pal/ros_ws/devel/share/common-lisp', 'PWD': '/home/pal/ros_ws/src', 'XAUTHORITY': '', 'TZ': 'Europe/Paris', 'ROS_IP': '127.0.0.1', 'HOME': '/home/pal', 'ROS_ETC_DIR': '/opt/ros/noetic/etc/ros', 'LS_COLORS': 'rs=0:di=01;34:ln=01;36:mh=00:pi=40;33:so=01;35:do=01;35:bd=40;33;01:cd=40;33;01:or=40;31;01:mi=00:su=37;41:sg=30;43:ca=30;41:tw=30;42:ow=34;42:st=37;44:ex=01;32:*.tar=01;31:*.tgz=01;31:*.arc=01;31:*.arj=01;31:*.taz=01;31:*.lha=01;31:*.lz4=01;31:*.lzh=01;31:*.lzma=01;31:*.tlz=01;31:*.txz=01;31:*.tzo=01;31:*.t7z=01;31:*.zip=01;31:*.z=01;31:*.dz=01;31:*.gz=01;31:*.lrz=01;31:*.lz=01;31:*.lzo=01;31:*.xz=01;31:*.zst=01;31:*.tzst=01;31:*.bz2=01;31:*.bz=01;31:*.tbz=01;31:*.tbz2=01;31:*.tz=01;31:*.deb=01;31:*.rpm=01;31:*.jar=01;31:*.war=01;31:*.ear=01;31:*.sar=01;31:*.rar=01;31:*.alz=01;31:*.ace=01;31:*.zoo=01;31:*.cpio=01;31:*.7z=01;31:*.rz=01;31:*.cab=01;31:*.wim=01;31:*.swm=01;31:*.dwm=01;31:*.esd=01;31:*.jpg=01;35:*.jpeg=01;35:*.mjpg=01;35:*.mjpeg=01;35:*.gif=01;35:*.bmp=01;35:*.pbm=01;35:*.pgm=01;35:*.ppm=01;35:*.tga=01;35:*.xbm=01;35:*.xpm=01;35:*.tif=01;35:*.tiff=01;35:*.png=01;35:*.svg=01;35:*.svgz=01;35:*.mng=01;35:*.pcx=01;35:*.mov=01;35:*.mpg=01;35:*.mpeg=01;35:*.m2v=01;35:*.mkv=01;35:*.webm=01;35:*.ogm=01;35:*.mp4=01;35:*.m4v=01;35:*.mp4v=01;35:*.vob=01;35:*.qt=01;35:*.nuv=01;35:*.wmv=01;35:*.asf=01;35:*.rm=01;35:*.rmvb=01;35:*.flc=01;35:*.avi=01;35:*.fli=01;35:*.flv=01;35:*.gl=01;35:*.dl=01;35:*.xcf=01;35:*.xwd=01;35:*.yuv=01;35:*.cgm=01;35:*.emf=01;35:*.ogv=01;35:*.ogx=01;35:*.aac=00;36:*.au=00;36:*.flac=00;36:*.m4a=00;36:*.mid=00;36:*.midi=00;36:*.mka=00;36:*.mp3=00;36:*.mpc=00;36:*.ogg=00;36:*.ra=00;36:*.wav=00;36:*.oga=00;36:*.opus=00;36:*.spx=00;36:*.xspf=00;36:', 'OROCOS_TARGET': 'gnulinux', 'CMAKE_PREFIX_PATH': '/home/pal/ros_ws/devel:/opt/pal/gallium:/opt/ros/noetic', 'GAZEBO_RESOURCE_PATH': '/home/pal/ros_ws/src/va50:', 'ROS_WORKSPACE': '/home/pal/ros_ws', 'LESSCLOSE': '/usr/bin/lesspipe %s %s', 'PYTHONPATH': '/opt/pal/gallium/lib/python3/dist-packages:/opt/ros/noetic/lib/python3/dist-packages', 'TERM': 'xterm', 'VISP_INPUT_IMAGE_PATH': '/home/pal/visp-ws/visp-images', 'LESSOPEN': '| /usr/bin/lesspipe %s', 'USER': 'pal', 'RTT_COMPONENT_PATH': '/opt/pal/gallium/lib/orocos', 'DISPLAY': ':1', 'SHLVL': '1', 'PAL_DISTRO': 'gallium', 'ROS_MASTER_URI': 'http://localhost:11311/', 'LD_LIBRARY_PATH': '/home/pal/ros_ws/devel/lib:/opt/pal/gallium/lib:/opt/pal/gallium/lib/x86_64-linux-gnu:/opt/ros/noetic/lib:/opt/ros/noetic/lib/x86_64-linux-gnu:/usr/local/lib', 'GAZEBO_MODEL_PATH': '/home/pal/ros_ws/src/va50/models:', 'PATH': '/opt/pal/gallium/bin:/opt/ros/noetic/bin:/opt/pal/gallium/lib/pal_debian_utils/:/usr/local/sbin:/usr/local/bin:/usr/sbin:/usr/bin:/sbin:/bin', 'LUA_PATH': ';;/opt/pal/gallium/share/lua/5.1/?.lua;/opt/pal/gallium/share/lua/5.1/?.lua;/opt/pal/gallium/share/lua/5.1/?.lua', 'DEBIAN_FRONTEND': 'noninteractive', 'ROS_ROOT': '/opt/ros/noetic/share/ros', 'ROS_DISTRO': 'noetic', 'QT_X11_NO_MITSHM': '1', '_': '/opt/ros/noetic/bin/roslaunch', 'OLDPWD': '/home/pal/ros_ws', 'LC_CTYPE': 'C.UTF-8', 'ROS_LOG_FILENAME': '/home/pal/.ros/log/f65f8850-c4b0-11f0-b6c7-0028f8234b19/roslaunch-epan-tiago-noetic-ssh-137.log'}]
[roslaunch][INFO] 2025-11-18 20:01:19,617: process[rosout-1]: args[['/opt/ros/noetic/lib/rosout/rosout', '__name:=rosout']]
[roslaunch][INFO] 2025-11-18 20:01:19,618: ... created process [rosout-1]
[roslaunch.pmon][INFO] 2025-11-18 20:01:19,618: ProcessMonitor.register[rosout-1]
[roslaunch.pmon][INFO] 2025-11-18 20:01:19,618: ProcessMonitor.register[rosout-1] complete
[roslaunch][INFO] 2025-11-18 20:01:19,618: ... registered process [rosout-1]
[roslaunch][INFO] 2025-11-18 20:01:19,618: process[rosout-1]: starting os process
[roslaunch][INFO] 2025-11-18 20:01:19,618: process[rosout-1]: start w/ args [['/opt/ros/noetic/lib/rosout/rosout', '__name:=rosout', '__log:=/home/pal/.ros/log/f65f8850-c4b0-11f0-b6c7-0028f8234b19/rosout-1.log']]
[roslaunch][INFO] 2025-11-18 20:01:19,618: process[rosout-1]: cwd will be [/home/pal/.ros]
[roslaunch][INFO] 2025-11-18 20:01:19,622: process[rosout-1]: started with pid [167]
[roslaunch][INFO] 2025-11-18 20:01:19,623: ... successfully launched [rosout-1]
[roslaunch][INFO] 2025-11-18 20:01:19,623: load_parameters starting ...
[roslaunch][INFO] 2025-11-18 20:01:19,755: ... load_parameters complete
[roslaunch][INFO] 2025-11-18 20:01:19,755: launch_nodes: launching local nodes ...
[roslaunch][INFO] 2025-11-18 20:01:19,757: ... preparing to launch node of type [gazebo_ros/gzserver]
[roslaunch][INFO] 2025-11-18 20:01:19,757: create_node_process: package[gazebo_ros] type[gzserver] machine[Machine(name[] env_loader[None] address[localhost] ssh_port[22] user[None] assignable[True] timeout[10.0])] master_uri[http://localhost:11311/]
[roslaunch][INFO] 2025-11-18 20:01:19,757: process[gazebo-2]: env[{'ROS_VERSION': '1', 'DISABLE_ROS1_EOL_WARNINGS': '1', 'PKG_CONFIG_PATH': '/opt/pal/gallium/lib/pkgconfig:/opt/pal/gallium/lib/x86_64-linux-gnu/pkgconfig:/opt/ros/noetic/lib/pkgconfig:/opt/ros/noetic/lib/x86_64-linux-gnu/pkgconfig', 'ROS_PYTHON_VERSION': '3', 'HOSTNAME': 'epan-tiago-noetic-ssh', 'VISP_WS': '/home/pal/visp-ws', 'ROS_PACKAGE_PATH': '/home/pal/ros_ws/src:/opt/pal/gallium/share:/opt/ros/noetic/share', 'ROSLISP_PACKAGE_DIRECTORIES': '/home/pal/ros_ws/devel/share/common-lisp', 'PWD': '/home/pal/ros_ws/src', 'XAUTHORITY': '', 'TZ': 'Europe/Paris', 'ROS_IP': '127.0.0.1', 'HOME': '/home/pal', 'ROS_ETC_DIR': '/opt/ros/noetic/etc/ros', 'LS_COLORS': 'rs=0:di=01;34:ln=01;36:mh=00:pi=40;33:so=01;35:do=01;35:bd=40;33;01:cd=40;33;01:or=40;31;01:mi=00:su=37;41:sg=30;43:ca=30;41:tw=30;42:ow=34;42:st=37;44:ex=01;32:*.tar=01;31:*.tgz=01;31:*.arc=01;31:*.arj=01;31:*.taz=01;31:*.lha=01;31:*.lz4=01;31:*.lzh=01;31:*.lzma=01;31:*.tlz=01;31:*.txz=01;31:*.tzo=01;31:*.t7z=01;31:*.zip=01;31:*.z=01;31:*.dz=01;31:*.gz=01;31:*.lrz=01;31:*.lz=01;31:*.lzo=01;31:*.xz=01;31:*.zst=01;31:*.tzst=01;31:*.bz2=01;31:*.bz=01;31:*.tbz=01;31:*.tbz2=01;31:*.tz=01;31:*.deb=01;31:*.rpm=01;31:*.jar=01;31:*.war=01;31:*.ear=01;31:*.sar=01;31:*.rar=01;31:*.alz=01;31:*.ace=01;31:*.zoo=01;31:*.cpio=01;31:*.7z=01;31:*.rz=01;31:*.cab=01;31:*.wim=01;31:*.swm=01;31:*.dwm=01;31:*.esd=01;31:*.jpg=01;35:*.jpeg=01;35:*.mjpg=01;35:*.mjpeg=01;35:*.gif=01;35:*.bmp=01;35:*.pbm=01;35:*.pgm=01;35:*.ppm=01;35:*.tga=01;35:*.xbm=01;35:*.xpm=01;35:*.tif=01;35:*.tiff=01;35:*.png=01;35:*.svg=01;35:*.svgz=01;35:*.mng=01;35:*.pcx=01;35:*.mov=01;35:*.mpg=01;35:*.mpeg=01;35:*.m2v=01;35:*.mkv=01;35:*.webm=01;35:*.ogm=01;35:*.mp4=01;35:*.m4v=01;35:*.mp4v=01;35:*.vob=01;35:*.qt=01;35:*.nuv=01;35:*.wmv=01;35:*.asf=01;35:*.rm=01;35:*.rmvb=01;35:*.flc=01;35:*.avi=01;35:*.fli=01;35:*.flv=01;35:*.gl=01;35:*.dl=01;35:*.xcf=01;35:*.xwd=01;35:*.yuv=01;35:*.cgm=01;35:*.emf=01;35:*.ogv=01;35:*.ogx=01;35:*.aac=00;36:*.au=00;36:*.flac=00;36:*.m4a=00;36:*.mid=00;36:*.midi=00;36:*.mka=00;36:*.mp3=00;36:*.mpc=00;36:*.ogg=00;36:*.ra=00;36:*.wav=00;36:*.oga=00;36:*.opus=00;36:*.spx=00;36:*.xspf=00;36:', 'OROCOS_TARGET': 'gnulinux', 'CMAKE_PREFIX_PATH': '/home/pal/ros_ws/devel:/opt/pal/gallium:/opt/ros/noetic', 'GAZEBO_RESOURCE_PATH': '/opt/pal/gallium/share/tiago_gazebo:/opt/pal/gallium/share/pal_gazebo_worlds/../pal_gazebo_worlds_private:/opt/pal/gallium/share/pal_gazebo_worlds/:/home/pal/ros_ws/src/va50:', 'ROS_WORKSPACE': '/home/pal/ros_ws', 'LESSCLOSE': '/usr/bin/lesspipe %s %s', 'PYTHONPATH': '/opt/pal/gallium/lib/python3/dist-packages:/opt/ros/noetic/lib/python3/dist-packages', 'TERM': 'xterm', 'VISP_INPUT_IMAGE_PATH': '/home/pal/visp-ws/visp-images', 'LESSOPEN': '| /usr/bin/lesspipe %s', 'USER': 'pal', 'RTT_COMPONENT_PATH': '/opt/pal/gallium/lib/orocos', 'DISPLAY': ':1', 'SHLVL': '1', 'PAL_DISTRO': 'gallium', 'ROS_MASTER_URI': 'http://localhost:11311/', 'LD_LIBRARY_PATH': '/home/pal/ros_ws/devel/lib:/opt/pal/gallium/lib:/opt/pal/gallium/lib/x86_64-linux-gnu:/opt/ros/noetic/lib:/opt/ros/noetic/lib/x86_64-linux-gnu:/usr/local/lib', 'GAZEBO_MODEL_PATH': '/opt/pal/gallium/share/tiago_gazebo/models:/opt/pal/gallium/share/pal_gazebo_worlds/../pal_gazebo_worlds_private/models:/opt/pal/gallium/share/pal_gazebo_worlds/models:/home/pal/ros_ws/src/va50/models:', 'PATH': '/opt/pal/gallium/bin:/opt/ros/noetic/bin:/opt/pal/gallium/lib/pal_debian_utils/:/usr/local/sbin:/usr/local/bin:/usr/sbin:/usr/bin:/sbin:/bin', 'LUA_PATH': ';;/opt/pal/gallium/share/lua/5.1/?.lua;/opt/pal/gallium/share/lua/5.1/?.lua;/opt/pal/gallium/share/lua/5.1/?.lua', 'DEBIAN_FRONTEND': 'noninteractive', 'ROS_ROOT': '/opt/ros/noetic/share/ros', 'ROS_DISTRO': 'noetic', 'QT_X11_NO_MITSHM': '1', '_': '/opt/ros/noetic/bin/roslaunch', 'OLDPWD': '/home/pal/ros_ws', 'LC_CTYPE': 'C.UTF-8', 'ROS_LOG_FILENAME': '/home/pal/.ros/log/f65f8850-c4b0-11f0-b6c7-0028f8234b19/roslaunch-epan-tiago-noetic-ssh-137.log', 'LC_NUMERIC': 'C'}]
[roslaunch][INFO] 2025-11-18 20:01:19,758: process[gazebo-2]: args[['/opt/pal/gallium/lib/gazebo_ros/gzserver', '-e', 'ode', 'worlds/table_plate_fork_knife.world', '__name:=gazebo']]
[roslaunch][INFO] 2025-11-18 20:01:19,758: ... created process [gazebo-2]
[roslaunch.pmon][INFO] 2025-11-18 20:01:19,758: ProcessMonitor.register[gazebo-2]
[roslaunch.pmon][INFO] 2025-11-18 20:01:19,758: ProcessMonitor.register[gazebo-2] complete
[roslaunch][INFO] 2025-11-18 20:01:19,758: ... registered process [gazebo-2]
[roslaunch][INFO] 2025-11-18 20:01:19,758: process[gazebo-2]: starting os process
[roslaunch][INFO] 2025-11-18 20:01:19,758: process[gazebo-2]: start w/ args [['/opt/pal/gallium/lib/gazebo_ros/gzserver', '-e', 'ode', 'worlds/table_plate_fork_knife.world', '__name:=gazebo', '__log:=/home/pal/.ros/log/f65f8850-c4b0-11f0-b6c7-0028f8234b19/gazebo-2.log']]
[roslaunch][INFO] 2025-11-18 20:01:19,758: process[gazebo-2]: cwd will be [/home/pal/.ros]
[roslaunch][INFO] 2025-11-18 20:01:19,763: process[gazebo-2]: started with pid [174]
[roslaunch][INFO] 2025-11-18 20:01:19,763: ... successfully launched [gazebo-2]
[roslaunch][INFO] 2025-11-18 20:01:19,763: ... preparing to launch node of type [gazebo_ros/gzclient]
[roslaunch][INFO] 2025-11-18 20:01:19,763: create_node_process: package[gazebo_ros] type[gzclient] machine[Machine(name[] env_loader[None] address[localhost] ssh_port[22] user[None] assignable[True] timeout[10.0])] master_uri[http://localhost:11311/]
[roslaunch][INFO] 2025-11-18 20:01:19,764: process[gazebo_gui-3]: env[{'ROS_VERSION': '1', 'DISABLE_ROS1_EOL_WARNINGS': '1', 'PKG_CONFIG_PATH': '/opt/pal/gallium/lib/pkgconfig:/opt/pal/gallium/lib/x86_64-linux-gnu/pkgconfig:/opt/ros/noetic/lib/pkgconfig:/opt/ros/noetic/lib/x86_64-linux-gnu/pkgconfig', 'ROS_PYTHON_VERSION': '3', 'HOSTNAME': 'epan-tiago-noetic-ssh', 'VISP_WS': '/home/pal/visp-ws', 'ROS_PACKAGE_PATH': '/home/pal/ros_ws/src:/opt/pal/gallium/share:/opt/ros/noetic/share', 'ROSLISP_PACKAGE_DIRECTORIES': '/home/pal/ros_ws/devel/share/common-lisp', 'PWD': '/home/pal/ros_ws/src', 'XAUTHORITY': '', 'TZ': 'Europe/Paris', 'ROS_IP': '127.0.0.1', 'HOME': '/home/pal', 'ROS_ETC_DIR': '/opt/ros/noetic/etc/ros', 'LS_COLORS': 'rs=0:di=01;34:ln=01;36:mh=00:pi=40;33:so=01;35:do=01;35:bd=40;33;01:cd=40;33;01:or=40;31;01:mi=00:su=37;41:sg=30;43:ca=30;41:tw=30;42:ow=34;42:st=37;44:ex=01;32:*.tar=01;31:*.tgz=01;31:*.arc=01;31:*.arj=01;31:*.taz=01;31:*.lha=01;31:*.lz4=01;31:*.lzh=01;31:*.lzma=01;31:*.tlz=01;31:*.txz=01;31:*.tzo=01;31:*.t7z=01;31:*.zip=01;31:*.z=01;31:*.dz=01;31:*.gz=01;31:*.lrz=01;31:*.lz=01;31:*.lzo=01;31:*.xz=01;31:*.zst=01;31:*.tzst=01;31:*.bz2=01;31:*.bz=01;31:*.tbz=01;31:*.tbz2=01;31:*.tz=01;31:*.deb=01;31:*.rpm=01;31:*.jar=01;31:*.war=01;31:*.ear=01;31:*.sar=01;31:*.rar=01;31:*.alz=01;31:*.ace=01;31:*.zoo=01;31:*.cpio=01;31:*.7z=01;31:*.rz=01;31:*.cab=01;31:*.wim=01;31:*.swm=01;31:*.dwm=01;31:*.esd=01;31:*.jpg=01;35:*.jpeg=01;35:*.mjpg=01;35:*.mjpeg=01;35:*.gif=01;35:*.bmp=01;35:*.pbm=01;35:*.pgm=01;35:*.ppm=01;35:*.tga=01;35:*.xbm=01;35:*.xpm=01;35:*.tif=01;35:*.tiff=01;35:*.png=01;35:*.svg=01;35:*.svgz=01;35:*.mng=01;35:*.pcx=01;35:*.mov=01;35:*.mpg=01;35:*.mpeg=01;35:*.m2v=01;35:*.mkv=01;35:*.webm=01;35:*.ogm=01;35:*.mp4=01;35:*.m4v=01;35:*.mp4v=01;35:*.vob=01;35:*.qt=01;35:*.nuv=01;35:*.wmv=01;35:*.asf=01;35:*.rm=01;35:*.rmvb=01;35:*.flc=01;35:*.avi=01;35:*.fli=01;35:*.flv=01;35:*.gl=01;35:*.dl=01;35:*.xcf=01;35:*.xwd=01;35:*.yuv=01;35:*.cgm=01;35:*.emf=01;35:*.ogv=01;35:*.ogx=01;35:*.aac=00;36:*.au=00;36:*.flac=00;36:*.m4a=00;36:*.mid=00;36:*.midi=00;36:*.mka=00;36:*.mp3=00;36:*.mpc=00;36:*.ogg=00;36:*.ra=00;36:*.wav=00;36:*.oga=00;36:*.opus=00;36:*.spx=00;36:*.xspf=00;36:', 'OROCOS_TARGET': 'gnulinux', 'CMAKE_PREFIX_PATH': '/home/pal/ros_ws/devel:/opt/pal/gallium:/opt/ros/noetic', 'GAZEBO_RESOURCE_PATH': '/opt/pal/gallium/share/tiago_gazebo:/opt/pal/gallium/share/pal_gazebo_worlds/../pal_gazebo_worlds_private:/opt/pal/gallium/share/pal_gazebo_worlds/:/home/pal/ros_ws/src/va50:', 'ROS_WORKSPACE': '/home/pal/ros_ws', 'LESSCLOSE': '/usr/bin/lesspipe %s %s', 'PYTHONPATH': '/opt/pal/gallium/lib/python3/dist-packages:/opt/ros/noetic/lib/python3/dist-packages', 'TERM': 'xterm', 'VISP_INPUT_IMAGE_PATH': '/home/pal/visp-ws/visp-images', 'LESSOPEN': '| /usr/bin/lesspipe %s', 'USER': 'pal', 'RTT_COMPONENT_PATH': '/opt/pal/gallium/lib/orocos', 'DISPLAY': ':1', 'SHLVL': '1', 'PAL_DISTRO': 'gallium', 'ROS_MASTER_URI': 'http://localhost:11311/', 'LD_LIBRARY_PATH': '/home/pal/ros_ws/devel/lib:/opt/pal/gallium/lib:/opt/pal/gallium/lib/x86_64-linux-gnu:/opt/ros/noetic/lib:/opt/ros/noetic/lib/x86_64-linux-gnu:/usr/local/lib', 'GAZEBO_MODEL_PATH': '/opt/pal/gallium/share/tiago_gazebo/models:/opt/pal/gallium/share/pal_gazebo_worlds/../pal_gazebo_worlds_private/models:/opt/pal/gallium/share/pal_gazebo_worlds/models:/home/pal/ros_ws/src/va50/models:', 'PATH': '/opt/pal/gallium/bin:/opt/ros/noetic/bin:/opt/pal/gallium/lib/pal_debian_utils/:/usr/local/sbin:/usr/local/bin:/usr/sbin:/usr/bin:/sbin:/bin', 'LUA_PATH': ';;/opt/pal/gallium/share/lua/5.1/?.lua;/opt/pal/gallium/share/lua/5.1/?.lua;/opt/pal/gallium/share/lua/5.1/?.lua', 'DEBIAN_FRONTEND': 'noninteractive', 'ROS_ROOT': '/opt/ros/noetic/share/ros', 'ROS_DISTRO': 'noetic', 'QT_X11_NO_MITSHM': '1', '_': '/opt/ros/noetic/bin/roslaunch', 'OLDPWD': '/home/pal/ros_ws', 'LC_CTYPE': 'C.UTF-8', 'ROS_LOG_FILENAME': '/home/pal/.ros/log/f65f8850-c4b0-11f0-b6c7-0028f8234b19/roslaunch-epan-tiago-noetic-ssh-137.log', 'LC_NUMERIC': 'C'}]
[roslaunch][INFO] 2025-11-18 20:01:19,765: process[gazebo_gui-3]: args[['/opt/pal/gallium/lib/gazebo_ros/gzclient', '__name:=gazebo_gui']]
[roslaunch][INFO] 2025-11-18 20:01:19,765: ... created process [gazebo_gui-3]
[roslaunch.pmon][INFO] 2025-11-18 20:01:19,765: ProcessMonitor.register[gazebo_gui-3]
[roslaunch.pmon][INFO] 2025-11-18 20:01:19,765: ProcessMonitor.register[gazebo_gui-3] complete
[roslaunch][INFO] 2025-11-18 20:01:19,765: ... registered process [gazebo_gui-3]
[roslaunch][INFO] 2025-11-18 20:01:19,765: process[gazebo_gui-3]: starting os process
[roslaunch][INFO] 2025-11-18 20:01:19,765: process[gazebo_gui-3]: start w/ args [['/opt/pal/gallium/lib/gazebo_ros/gzclient', '__name:=gazebo_gui', '__log:=/home/pal/.ros/log/f65f8850-c4b0-11f0-b6c7-0028f8234b19/gazebo_gui-3.log']]
[roslaunch][INFO] 2025-11-18 20:01:19,765: process[gazebo_gui-3]: cwd will be [/home/pal/.ros]
[roslaunch][INFO] 2025-11-18 20:01:19,770: process[gazebo_gui-3]: started with pid [178]
[roslaunch][INFO] 2025-11-18 20:01:19,770: ... successfully launched [gazebo_gui-3]
[roslaunch][INFO] 2025-11-18 20:01:19,770: ... preparing to launch node of type [gazebo_ros/spawn_model]
[roslaunch][INFO] 2025-11-18 20:01:19,770: create_node_process: package[gazebo_ros] type[spawn_model] machine[Machine(name[] env_loader[None] address[localhost] ssh_port[22] user[None] assignable[True] timeout[10.0])] master_uri[http://localhost:11311/]
[roslaunch][INFO] 2025-11-18 20:01:19,771: process[spawn_model-4]: env[{'ROS_VERSION': '1', 'DISABLE_ROS1_EOL_WARNINGS': '1', 'PKG_CONFIG_PATH': '/opt/pal/gallium/lib/pkgconfig:/opt/pal/gallium/lib/x86_64-linux-gnu/pkgconfig:/opt/ros/noetic/lib/pkgconfig:/opt/ros/noetic/lib/x86_64-linux-gnu/pkgconfig', 'ROS_PYTHON_VERSION': '3', 'HOSTNAME': 'epan-tiago-noetic-ssh', 'VISP_WS': '/home/pal/visp-ws', 'ROS_PACKAGE_PATH': '/home/pal/ros_ws/src:/opt/pal/gallium/share:/opt/ros/noetic/share', 'ROSLISP_PACKAGE_DIRECTORIES': '/home/pal/ros_ws/devel/share/common-lisp', 'PWD': '/home/pal/ros_ws/src', 'XAUTHORITY': '', 'TZ': 'Europe/Paris', 'ROS_IP': '127.0.0.1', 'HOME': '/home/pal', 'ROS_ETC_DIR': '/opt/ros/noetic/etc/ros', 'LS_COLORS': 'rs=0:di=01;34:ln=01;36:mh=00:pi=40;33:so=01;35:do=01;35:bd=40;33;01:cd=40;33;01:or=40;31;01:mi=00:su=37;41:sg=30;43:ca=30;41:tw=30;42:ow=34;42:st=37;44:ex=01;32:*.tar=01;31:*.tgz=01;31:*.arc=01;31:*.arj=01;31:*.taz=01;31:*.lha=01;31:*.lz4=01;31:*.lzh=01;31:*.lzma=01;31:*.tlz=01;31:*.txz=01;31:*.tzo=01;31:*.t7z=01;31:*.zip=01;31:*.z=01;31:*.dz=01;31:*.gz=01;31:*.lrz=01;31:*.lz=01;31:*.lzo=01;31:*.xz=01;31:*.zst=01;31:*.tzst=01;31:*.bz2=01;31:*.bz=01;31:*.tbz=01;31:*.tbz2=01;31:*.tz=01;31:*.deb=01;31:*.rpm=01;31:*.jar=01;31:*.war=01;31:*.ear=01;31:*.sar=01;31:*.rar=01;31:*.alz=01;31:*.ace=01;31:*.zoo=01;31:*.cpio=01;31:*.7z=01;31:*.rz=01;31:*.cab=01;31:*.wim=01;31:*.swm=01;31:*.dwm=01;31:*.esd=01;31:*.jpg=01;35:*.jpeg=01;35:*.mjpg=01;35:*.mjpeg=01;35:*.gif=01;35:*.bmp=01;35:*.pbm=01;35:*.pgm=01;35:*.ppm=01;35:*.tga=01;35:*.xbm=01;35:*.xpm=01;35:*.tif=01;35:*.tiff=01;35:*.png=01;35:*.svg=01;35:*.svgz=01;35:*.mng=01;35:*.pcx=01;35:*.mov=01;35:*.mpg=01;35:*.mpeg=01;35:*.m2v=01;35:*.mkv=01;35:*.webm=01;35:*.ogm=01;35:*.mp4=01;35:*.m4v=01;35:*.mp4v=01;35:*.vob=01;35:*.qt=01;35:*.nuv=01;35:*.wmv=01;35:*.asf=01;35:*.rm=01;35:*.rmvb=01;35:*.flc=01;35:*.avi=01;35:*.fli=01;35:*.flv=01;35:*.gl=01;35:*.dl=01;35:*.xcf=01;35:*.xwd=01;35:*.yuv=01;35:*.cgm=01;35:*.emf=01;35:*.ogv=01;35:*.ogx=01;35:*.aac=00;36:*.au=00;36:*.flac=00;36:*.m4a=00;36:*.mid=00;36:*.midi=00;36:*.mka=00;36:*.mp3=00;36:*.mpc=00;36:*.ogg=00;36:*.ra=00;36:*.wav=00;36:*.oga=00;36:*.opus=00;36:*.spx=00;36:*.xspf=00;36:', 'OROCOS_TARGET': 'gnulinux', 'CMAKE_PREFIX_PATH': '/home/pal/ros_ws/devel:/opt/pal/gallium:/opt/ros/noetic', 'GAZEBO_RESOURCE_PATH': '/home/pal/ros_ws/src/va50:', 'ROS_WORKSPACE': '/home/pal/ros_ws', 'LESSCLOSE': '/usr/bin/lesspipe %s %s', 'PYTHONPATH': '/opt/pal/gallium/lib/python3/dist-packages:/opt/ros/noetic/lib/python3/dist-packages', 'TERM': 'xterm', 'VISP_INPUT_IMAGE_PATH': '/home/pal/visp-ws/visp-images', 'LESSOPEN': '| /usr/bin/lesspipe %s', 'USER': 'pal', 'RTT_COMPONENT_PATH': '/opt/pal/gallium/lib/orocos', 'DISPLAY': ':1', 'SHLVL': '1', 'PAL_DISTRO': 'gallium', 'ROS_MASTER_URI': 'http://localhost:11311/', 'LD_LIBRARY_PATH': '/home/pal/ros_ws/devel/lib:/opt/pal/gallium/lib:/opt/pal/gallium/lib/x86_64-linux-gnu:/opt/ros/noetic/lib:/opt/ros/noetic/lib/x86_64-linux-gnu:/usr/local/lib', 'GAZEBO_MODEL_PATH': '/home/pal/ros_ws/src/va50/models:', 'PATH': '/opt/pal/gallium/bin:/opt/ros/noetic/bin:/opt/pal/gallium/lib/pal_debian_utils/:/usr/local/sbin:/usr/local/bin:/usr/sbin:/usr/bin:/sbin:/bin', 'LUA_PATH': ';;/opt/pal/gallium/share/lua/5.1/?.lua;/opt/pal/gallium/share/lua/5.1/?.lua;/opt/pal/gallium/share/lua/5.1/?.lua', 'DEBIAN_FRONTEND': 'noninteractive', 'ROS_ROOT': '/opt/ros/noetic/share/ros', 'ROS_DISTRO': 'noetic', 'QT_X11_NO_MITSHM': '1', '_': '/opt/ros/noetic/bin/roslaunch', 'OLDPWD': '/home/pal/ros_ws', 'LC_CTYPE': 'C.UTF-8', 'ROS_LOG_FILENAME': '/home/pal/.ros/log/f65f8850-c4b0-11f0-b6c7-0028f8234b19/roslaunch-epan-tiago-noetic-ssh-137.log', 'LC_NUMERIC': 'C'}]
[roslaunch][INFO] 2025-11-18 20:01:19,772: process[spawn_model-4]: args[['/opt/pal/gallium/lib/gazebo_ros/spawn_model', '-urdf', '-param', 'robot_description', '-x', '0.0', '-y', '0.0', '-z', '0.0', '-R', '0.0', '-P', '0.0', '-Y', '0.0', '-model', 'tiago', '__name:=spawn_model']]
[roslaunch][INFO] 2025-11-18 20:01:19,772: ... created process [spawn_model-4]
[roslaunch.pmon][INFO] 2025-11-18 20:01:19,772: ProcessMonitor.register[spawn_model-4]
[roslaunch.pmon][INFO] 2025-11-18 20:01:19,772: ProcessMonitor.register[spawn_model-4] complete
[roslaunch][INFO] 2025-11-18 20:01:19,772: ... registered process [spawn_model-4]
[roslaunch][INFO] 2025-11-18 20:01:19,772: process[spawn_model-4]: starting os process
[roslaunch][INFO] 2025-11-18 20:01:19,773: process[spawn_model-4]: start w/ args [['/opt/pal/gallium/lib/gazebo_ros/spawn_model', '-urdf', '-param', 'robot_description', '-x', '0.0', '-y', '0.0', '-z', '0.0', '-R', '0.0', '-P', '0.0', '-Y', '0.0', '-model', 'tiago', '__name:=spawn_model', '__log:=/home/pal/.ros/log/f65f8850-c4b0-11f0-b6c7-0028f8234b19/spawn_model-4.log']]
[roslaunch][INFO] 2025-11-18 20:01:19,773: process[spawn_model-4]: cwd will be [/home/pal/.ros]
[roslaunch][INFO] 2025-11-18 20:01:19,780: process[spawn_model-4]: started with pid [184]
[roslaunch][INFO] 2025-11-18 20:01:19,781: ... successfully launched [spawn_model-4]
[roslaunch][INFO] 2025-11-18 20:01:19,781: ... preparing to launch node of type [controller_manager/spawner]
[roslaunch][INFO] 2025-11-18 20:01:19,781: create_node_process: package[controller_manager] type[spawner] machine[Machine(name[] env_loader[None] address[localhost] ssh_port[22] user[None] assignable[True] timeout[10.0])] master_uri[http://localhost:11311/]
[roslaunch][INFO] 2025-11-18 20:01:19,782: process[default_controllers_spawner-5]: env[{'ROS_VERSION': '1', 'DISABLE_ROS1_EOL_WARNINGS': '1', 'PKG_CONFIG_PATH': '/opt/pal/gallium/lib/pkgconfig:/opt/pal/gallium/lib/x86_64-linux-gnu/pkgconfig:/opt/ros/noetic/lib/pkgconfig:/opt/ros/noetic/lib/x86_64-linux-gnu/pkgconfig', 'ROS_PYTHON_VERSION': '3', 'HOSTNAME': 'epan-tiago-noetic-ssh', 'VISP_WS': '/home/pal/visp-ws', 'ROS_PACKAGE_PATH': '/home/pal/ros_ws/src:/opt/pal/gallium/share:/opt/ros/noetic/share', 'ROSLISP_PACKAGE_DIRECTORIES': '/home/pal/ros_ws/devel/share/common-lisp', 'PWD': '/home/pal/ros_ws/src', 'XAUTHORITY': '', 'TZ': 'Europe/Paris', 'ROS_IP': '127.0.0.1', 'HOME': '/home/pal', 'ROS_ETC_DIR': '/opt/ros/noetic/etc/ros', 'LS_COLORS': 'rs=0:di=01;34:ln=01;36:mh=00:pi=40;33:so=01;35:do=01;35:bd=40;33;01:cd=40;33;01:or=40;31;01:mi=00:su=37;41:sg=30;43:ca=30;41:tw=30;42:ow=34;42:st=37;44:ex=01;32:*.tar=01;31:*.tgz=01;31:*.arc=01;31:*.arj=01;31:*.taz=01;31:*.lha=01;31:*.lz4=01;31:*.lzh=01;31:*.lzma=01;31:*.tlz=01;31:*.txz=01;31:*.tzo=01;31:*.t7z=01;31:*.zip=01;31:*.z=01;31:*.dz=01;31:*.gz=01;31:*.lrz=01;31:*.lz=01;31:*.lzo=01;31:*.xz=01;31:*.zst=01;31:*.tzst=01;31:*.bz2=01;31:*.bz=01;31:*.tbz=01;31:*.tbz2=01;31:*.tz=01;31:*.deb=01;31:*.rpm=01;31:*.jar=01;31:*.war=01;31:*.ear=01;31:*.sar=01;31:*.rar=01;31:*.alz=01;31:*.ace=01;31:*.zoo=01;31:*.cpio=01;31:*.7z=01;31:*.rz=01;31:*.cab=01;31:*.wim=01;31:*.swm=01;31:*.dwm=01;31:*.esd=01;31:*.jpg=01;35:*.jpeg=01;35:*.mjpg=01;35:*.mjpeg=01;35:*.gif=01;35:*.bmp=01;35:*.pbm=01;35:*.pgm=01;35:*.ppm=01;35:*.tga=01;35:*.xbm=01;35:*.xpm=01;35:*.tif=01;35:*.tiff=01;35:*.png=01;35:*.svg=01;35:*.svgz=01;35:*.mng=01;35:*.pcx=01;35:*.mov=01;35:*.mpg=01;35:*.mpeg=01;35:*.m2v=01;35:*.mkv=01;35:*.webm=01;35:*.ogm=01;35:*.mp4=01;35:*.m4v=01;35:*.mp4v=01;35:*.vob=01;35:*.qt=01;35:*.nuv=01;35:*.wmv=01;35:*.asf=01;35:*.rm=01;35:*.rmvb=01;35:*.flc=01;35:*.avi=01;35:*.fli=01;35:*.flv=01;35:*.gl=01;35:*.dl=01;35:*.xcf=01;35:*.xwd=01;35:*.yuv=01;35:*.cgm=01;35:*.emf=01;35:*.ogv=01;35:*.ogx=01;35:*.aac=00;36:*.au=00;36:*.flac=00;36:*.m4a=00;36:*.mid=00;36:*.midi=00;36:*.mka=00;36:*.mp3=00;36:*.mpc=00;36:*.ogg=00;36:*.ra=00;36:*.wav=00;36:*.oga=00;36:*.opus=00;36:*.spx=00;36:*.xspf=00;36:', 'OROCOS_TARGET': 'gnulinux', 'CMAKE_PREFIX_PATH': '/home/pal/ros_ws/devel:/opt/pal/gallium:/opt/ros/noetic', 'GAZEBO_RESOURCE_PATH': '/home/pal/ros_ws/src/va50:', 'ROS_WORKSPACE': '/home/pal/ros_ws', 'LESSCLOSE': '/usr/bin/lesspipe %s %s', 'PYTHONPATH': '/opt/pal/gallium/lib/python3/dist-packages:/opt/ros/noetic/lib/python3/dist-packages', 'TERM': 'xterm', 'VISP_INPUT_IMAGE_PATH': '/home/pal/visp-ws/visp-images', 'LESSOPEN': '| /usr/bin/lesspipe %s', 'USER': 'pal', 'RTT_COMPONENT_PATH': '/opt/pal/gallium/lib/orocos', 'DISPLAY': ':1', 'SHLVL': '1', 'PAL_DISTRO': 'gallium', 'ROS_MASTER_URI': 'http://localhost:11311/', 'LD_LIBRARY_PATH': '/home/pal/ros_ws/devel/lib:/opt/pal/gallium/lib:/opt/pal/gallium/lib/x86_64-linux-gnu:/opt/ros/noetic/lib:/opt/ros/noetic/lib/x86_64-linux-gnu:/usr/local/lib', 'GAZEBO_MODEL_PATH': '/home/pal/ros_ws/src/va50/models:', 'PATH': '/opt/pal/gallium/bin:/opt/ros/noetic/bin:/opt/pal/gallium/lib/pal_debian_utils/:/usr/local/sbin:/usr/local/bin:/usr/sbin:/usr/bin:/sbin:/bin', 'LUA_PATH': ';;/opt/pal/gallium/share/lua/5.1/?.lua;/opt/pal/gallium/share/lua/5.1/?.lua;/opt/pal/gallium/share/lua/5.1/?.lua', 'DEBIAN_FRONTEND': 'noninteractive', 'ROS_ROOT': '/opt/ros/noetic/share/ros', 'ROS_DISTRO': 'noetic', 'QT_X11_NO_MITSHM': '1', '_': '/opt/ros/noetic/bin/roslaunch', 'OLDPWD': '/home/pal/ros_ws', 'LC_CTYPE': 'C.UTF-8', 'ROS_LOG_FILENAME': '/home/pal/.ros/log/f65f8850-c4b0-11f0-b6c7-0028f8234b19/roslaunch-epan-tiago-noetic-ssh-137.log', 'LC_NUMERIC': 'C'}]
[roslaunch][INFO] 2025-11-18 20:01:19,785: process[default_controllers_spawner-5]: args[['/opt/pal/gallium/lib/controller_manager/spawner', '--timeout', '120', 'joint_state_controller', 'torso_controller', 'head_controller', 'arm_controller', 'mobile_base_controller', '__name:=default_controllers_spawner']]
[roslaunch][INFO] 2025-11-18 20:01:19,786: ... created process [default_controllers_spawner-5]
[roslaunch.pmon][INFO] 2025-11-18 20:01:19,786: ProcessMonitor.register[default_controllers_spawner-5]
[roslaunch.pmon][INFO] 2025-11-18 20:01:19,786: ProcessMonitor.register[default_controllers_spawner-5] complete
[roslaunch][INFO] 2025-11-18 20:01:19,786: ... registered process [default_controllers_spawner-5]
[roslaunch][INFO] 2025-11-18 20:01:19,786: process[default_controllers_spawner-5]: starting os process
[roslaunch][INFO] 2025-11-18 20:01:19,786: process[default_controllers_spawner-5]: start w/ args [['/opt/pal/gallium/lib/controller_manager/spawner', '--timeout', '120', 'joint_state_controller', 'torso_controller', 'head_controller', 'arm_controller', 'mobile_base_controller', '__name:=default_controllers_spawner', '__log:=/home/pal/.ros/log/f65f8850-c4b0-11f0-b6c7-0028f8234b19/default_controllers_spawner-5.log']]
[roslaunch][INFO] 2025-11-18 20:01:19,786: process[default_controllers_spawner-5]: cwd will be [/home/pal/.ros]
[roslaunch][INFO] 2025-11-18 20:01:19,794: process[default_controllers_spawner-5]: started with pid [185]
[roslaunch][INFO] 2025-11-18 20:01:19,795: ... successfully launched [default_controllers_spawner-5]
[roslaunch][INFO] 2025-11-18 20:01:19,795: ... preparing to launch node of type [head_action/head_action]
[roslaunch][INFO] 2025-11-18 20:01:19,796: create_node_process: package[head_action] type[head_action] machine[Machine(name[] env_loader[None] address[localhost] ssh_port[22] user[None] assignable[True] timeout[10.0])] master_uri[http://localhost:11311/]
[roslaunch][INFO] 2025-11-18 20:01:19,796: process[head_controller/point_head_action-6]: env[{'ROS_VERSION': '1', 'DISABLE_ROS1_EOL_WARNINGS': '1', 'PKG_CONFIG_PATH': '/opt/pal/gallium/lib/pkgconfig:/opt/pal/gallium/lib/x86_64-linux-gnu/pkgconfig:/opt/ros/noetic/lib/pkgconfig:/opt/ros/noetic/lib/x86_64-linux-gnu/pkgconfig', 'ROS_PYTHON_VERSION': '3', 'HOSTNAME': 'epan-tiago-noetic-ssh', 'VISP_WS': '/home/pal/visp-ws', 'ROS_PACKAGE_PATH': '/home/pal/ros_ws/src:/opt/pal/gallium/share:/opt/ros/noetic/share', 'ROSLISP_PACKAGE_DIRECTORIES': '/home/pal/ros_ws/devel/share/common-lisp', 'PWD': '/home/pal/ros_ws/src', 'XAUTHORITY': '', 'TZ': 'Europe/Paris', 'ROS_IP': '127.0.0.1', 'HOME': '/home/pal', 'ROS_ETC_DIR': '/opt/ros/noetic/etc/ros', 'LS_COLORS': 'rs=0:di=01;34:ln=01;36:mh=00:pi=40;33:so=01;35:do=01;35:bd=40;33;01:cd=40;33;01:or=40;31;01:mi=00:su=37;41:sg=30;43:ca=30;41:tw=30;42:ow=34;42:st=37;44:ex=01;32:*.tar=01;31:*.tgz=01;31:*.arc=01;31:*.arj=01;31:*.taz=01;31:*.lha=01;31:*.lz4=01;31:*.lzh=01;31:*.lzma=01;31:*.tlz=01;31:*.txz=01;31:*.tzo=01;31:*.t7z=01;31:*.zip=01;31:*.z=01;31:*.dz=01;31:*.gz=01;31:*.lrz=01;31:*.lz=01;31:*.lzo=01;31:*.xz=01;31:*.zst=01;31:*.tzst=01;31:*.bz2=01;31:*.bz=01;31:*.tbz=01;31:*.tbz2=01;31:*.tz=01;31:*.deb=01;31:*.rpm=01;31:*.jar=01;31:*.war=01;31:*.ear=01;31:*.sar=01;31:*.rar=01;31:*.alz=01;31:*.ace=01;31:*.zoo=01;31:*.cpio=01;31:*.7z=01;31:*.rz=01;31:*.cab=01;31:*.wim=01;31:*.swm=01;31:*.dwm=01;31:*.esd=01;31:*.jpg=01;35:*.jpeg=01;35:*.mjpg=01;35:*.mjpeg=01;35:*.gif=01;35:*.bmp=01;35:*.pbm=01;35:*.pgm=01;35:*.ppm=01;35:*.tga=01;35:*.xbm=01;35:*.xpm=01;35:*.tif=01;35:*.tiff=01;35:*.png=01;35:*.svg=01;35:*.svgz=01;35:*.mng=01;35:*.pcx=01;35:*.mov=01;35:*.mpg=01;35:*.mpeg=01;35:*.m2v=01;35:*.mkv=01;35:*.webm=01;35:*.ogm=01;35:*.mp4=01;35:*.m4v=01;35:*.mp4v=01;35:*.vob=01;35:*.qt=01;35:*.nuv=01;35:*.wmv=01;35:*.asf=01;35:*.rm=01;35:*.rmvb=01;35:*.flc=01;35:*.avi=01;35:*.fli=01;35:*.flv=01;35:*.gl=01;35:*.dl=01;35:*.xcf=01;35:*.xwd=01;35:*.yuv=01;35:*.cgm=01;35:*.emf=01;35:*.ogv=01;35:*.ogx=01;35:*.aac=00;36:*.au=00;36:*.flac=00;36:*.m4a=00;36:*.mid=00;36:*.midi=00;36:*.mka=00;36:*.mp3=00;36:*.mpc=00;36:*.ogg=00;36:*.ra=00;36:*.wav=00;36:*.oga=00;36:*.opus=00;36:*.spx=00;36:*.xspf=00;36:', 'OROCOS_TARGET': 'gnulinux', 'CMAKE_PREFIX_PATH': '/home/pal/ros_ws/devel:/opt/pal/gallium:/opt/ros/noetic', 'GAZEBO_RESOURCE_PATH': '/home/pal/ros_ws/src/va50:', 'ROS_WORKSPACE': '/home/pal/ros_ws', 'LESSCLOSE': '/usr/bin/lesspipe %s %s', 'PYTHONPATH': '/opt/pal/gallium/lib/python3/dist-packages:/opt/ros/noetic/lib/python3/dist-packages', 'TERM': 'xterm', 'VISP_INPUT_IMAGE_PATH': '/home/pal/visp-ws/visp-images', 'LESSOPEN': '| /usr/bin/lesspipe %s', 'USER': 'pal', 'RTT_COMPONENT_PATH': '/opt/pal/gallium/lib/orocos', 'DISPLAY': ':1', 'SHLVL': '1', 'PAL_DISTRO': 'gallium', 'ROS_MASTER_URI': 'http://localhost:11311/', 'LD_LIBRARY_PATH': '/home/pal/ros_ws/devel/lib:/opt/pal/gallium/lib:/opt/pal/gallium/lib/x86_64-linux-gnu:/opt/ros/noetic/lib:/opt/ros/noetic/lib/x86_64-linux-gnu:/usr/local/lib', 'GAZEBO_MODEL_PATH': '/home/pal/ros_ws/src/va50/models:', 'PATH': '/opt/pal/gallium/bin:/opt/ros/noetic/bin:/opt/pal/gallium/lib/pal_debian_utils/:/usr/local/sbin:/usr/local/bin:/usr/sbin:/usr/bin:/sbin:/bin', 'LUA_PATH': ';;/opt/pal/gallium/share/lua/5.1/?.lua;/opt/pal/gallium/share/lua/5.1/?.lua;/opt/pal/gallium/share/lua/5.1/?.lua', 'DEBIAN_FRONTEND': 'noninteractive', 'ROS_ROOT': '/opt/ros/noetic/share/ros', 'ROS_DISTRO': 'noetic', 'QT_X11_NO_MITSHM': '1', '_': '/opt/ros/noetic/bin/roslaunch', 'OLDPWD': '/home/pal/ros_ws', 'LC_CTYPE': 'C.UTF-8', 'ROS_LOG_FILENAME': '/home/pal/.ros/log/f65f8850-c4b0-11f0-b6c7-0028f8234b19/roslaunch-epan-tiago-noetic-ssh-137.log', 'ROS_NAMESPACE': '/head_controller', 'LC_NUMERIC': 'C'}]
[roslaunch][INFO] 2025-11-18 20:01:19,799: process[head_controller/point_head_action-6]: args[['/opt/pal/gallium/lib/head_action/head_action', '__name:=point_head_action']]
[roslaunch][INFO] 2025-11-18 20:01:19,799: ... created process [head_controller/point_head_action-6]
[roslaunch.pmon][INFO] 2025-11-18 20:01:19,799: ProcessMonitor.register[head_controller/point_head_action-6]
[roslaunch.pmon][INFO] 2025-11-18 20:01:19,799: ProcessMonitor.register[head_controller/point_head_action-6] complete
[roslaunch][INFO] 2025-11-18 20:01:19,799: ... registered process [head_controller/point_head_action-6]
[roslaunch][INFO] 2025-11-18 20:01:19,799: process[head_controller/point_head_action-6]: starting os process
[roslaunch][INFO] 2025-11-18 20:01:19,799: process[head_controller/point_head_action-6]: start w/ args [['/opt/pal/gallium/lib/head_action/head_action', '__name:=point_head_action', '__log:=/home/pal/.ros/log/f65f8850-c4b0-11f0-b6c7-0028f8234b19/head_controller-point_head_action-6.log']]
[roslaunch][INFO] 2025-11-18 20:01:19,800: process[head_controller/point_head_action-6]: cwd will be [/home/pal/.ros]
[roslaunch][INFO] 2025-11-18 20:01:19,808: process[head_controller/point_head_action-6]: started with pid [186]
[roslaunch][INFO] 2025-11-18 20:01:19,808: ... successfully launched [head_controller/point_head_action-6]
[roslaunch][INFO] 2025-11-18 20:01:19,808: ... preparing to launch node of type [controller_manager/spawner]
[roslaunch][INFO] 2025-11-18 20:01:19,808: create_node_process: package[controller_manager] type[spawner] machine[Machine(name[] env_loader[None] address[localhost] ssh_port[22] user[None] assignable[True] timeout[10.0])] master_uri[http://localhost:11311/]
[roslaunch][INFO] 2025-11-18 20:01:19,809: process[bringup_controllers_spawner_imu-7]: env[{'ROS_VERSION': '1', 'DISABLE_ROS1_EOL_WARNINGS': '1', 'PKG_CONFIG_PATH': '/opt/pal/gallium/lib/pkgconfig:/opt/pal/gallium/lib/x86_64-linux-gnu/pkgconfig:/opt/ros/noetic/lib/pkgconfig:/opt/ros/noetic/lib/x86_64-linux-gnu/pkgconfig', 'ROS_PYTHON_VERSION': '3', 'HOSTNAME': 'epan-tiago-noetic-ssh', 'VISP_WS': '/home/pal/visp-ws', 'ROS_PACKAGE_PATH': '/home/pal/ros_ws/src:/opt/pal/gallium/share:/opt/ros/noetic/share', 'ROSLISP_PACKAGE_DIRECTORIES': '/home/pal/ros_ws/devel/share/common-lisp', 'PWD': '/home/pal/ros_ws/src', 'XAUTHORITY': '', 'TZ': 'Europe/Paris', 'ROS_IP': '127.0.0.1', 'HOME': '/home/pal', 'ROS_ETC_DIR': '/opt/ros/noetic/etc/ros', 'LS_COLORS': 'rs=0:di=01;34:ln=01;36:mh=00:pi=40;33:so=01;35:do=01;35:bd=40;33;01:cd=40;33;01:or=40;31;01:mi=00:su=37;41:sg=30;43:ca=30;41:tw=30;42:ow=34;42:st=37;44:ex=01;32:*.tar=01;31:*.tgz=01;31:*.arc=01;31:*.arj=01;31:*.taz=01;31:*.lha=01;31:*.lz4=01;31:*.lzh=01;31:*.lzma=01;31:*.tlz=01;31:*.txz=01;31:*.tzo=01;31:*.t7z=01;31:*.zip=01;31:*.z=01;31:*.dz=01;31:*.gz=01;31:*.lrz=01;31:*.lz=01;31:*.lzo=01;31:*.xz=01;31:*.zst=01;31:*.tzst=01;31:*.bz2=01;31:*.bz=01;31:*.tbz=01;31:*.tbz2=01;31:*.tz=01;31:*.deb=01;31:*.rpm=01;31:*.jar=01;31:*.war=01;31:*.ear=01;31:*.sar=01;31:*.rar=01;31:*.alz=01;31:*.ace=01;31:*.zoo=01;31:*.cpio=01;31:*.7z=01;31:*.rz=01;31:*.cab=01;31:*.wim=01;31:*.swm=01;31:*.dwm=01;31:*.esd=01;31:*.jpg=01;35:*.jpeg=01;35:*.mjpg=01;35:*.mjpeg=01;35:*.gif=01;35:*.bmp=01;35:*.pbm=01;35:*.pgm=01;35:*.ppm=01;35:*.tga=01;35:*.xbm=01;35:*.xpm=01;35:*.tif=01;35:*.tiff=01;35:*.png=01;35:*.svg=01;35:*.svgz=01;35:*.mng=01;35:*.pcx=01;35:*.mov=01;35:*.mpg=01;35:*.mpeg=01;35:*.m2v=01;35:*.mkv=01;35:*.webm=01;35:*.ogm=01;35:*.mp4=01;35:*.m4v=01;35:*.mp4v=01;35:*.vob=01;35:*.qt=01;35:*.nuv=01;35:*.wmv=01;35:*.asf=01;35:*.rm=01;35:*.rmvb=01;35:*.flc=01;35:*.avi=01;35:*.fli=01;35:*.flv=01;35:*.gl=01;35:*.dl=01;35:*.xcf=01;35:*.xwd=01;35:*.yuv=01;35:*.cgm=01;35:*.emf=01;35:*.ogv=01;35:*.ogx=01;35:*.aac=00;36:*.au=00;36:*.flac=00;36:*.m4a=00;36:*.mid=00;36:*.midi=00;36:*.mka=00;36:*.mp3=00;36:*.mpc=00;36:*.ogg=00;36:*.ra=00;36:*.wav=00;36:*.oga=00;36:*.opus=00;36:*.spx=00;36:*.xspf=00;36:', 'OROCOS_TARGET': 'gnulinux', 'CMAKE_PREFIX_PATH': '/home/pal/ros_ws/devel:/opt/pal/gallium:/opt/ros/noetic', 'GAZEBO_RESOURCE_PATH': '/home/pal/ros_ws/src/va50:', 'ROS_WORKSPACE': '/home/pal/ros_ws', 'LESSCLOSE': '/usr/bin/lesspipe %s %s', 'PYTHONPATH': '/opt/pal/gallium/lib/python3/dist-packages:/opt/ros/noetic/lib/python3/dist-packages', 'TERM': 'xterm', 'VISP_INPUT_IMAGE_PATH': '/home/pal/visp-ws/visp-images', 'LESSOPEN': '| /usr/bin/lesspipe %s', 'USER': 'pal', 'RTT_COMPONENT_PATH': '/opt/pal/gallium/lib/orocos', 'DISPLAY': ':1', 'SHLVL': '1', 'PAL_DISTRO': 'gallium', 'ROS_MASTER_URI': 'http://localhost:11311/', 'LD_LIBRARY_PATH': '/home/pal/ros_ws/devel/lib:/opt/pal/gallium/lib:/opt/pal/gallium/lib/x86_64-linux-gnu:/opt/ros/noetic/lib:/opt/ros/noetic/lib/x86_64-linux-gnu:/usr/local/lib', 'GAZEBO_MODEL_PATH': '/home/pal/ros_ws/src/va50/models:', 'PATH': '/opt/pal/gallium/bin:/opt/ros/noetic/bin:/opt/pal/gallium/lib/pal_debian_utils/:/usr/local/sbin:/usr/local/bin:/usr/sbin:/usr/bin:/sbin:/bin', 'LUA_PATH': ';;/opt/pal/gallium/share/lua/5.1/?.lua;/opt/pal/gallium/share/lua/5.1/?.lua;/opt/pal/gallium/share/lua/5.1/?.lua', 'DEBIAN_FRONTEND': 'noninteractive', 'ROS_ROOT': '/opt/ros/noetic/share/ros', 'ROS_DISTRO': 'noetic', 'QT_X11_NO_MITSHM': '1', '_': '/opt/ros/noetic/bin/roslaunch', 'OLDPWD': '/home/pal/ros_ws', 'LC_CTYPE': 'C.UTF-8', 'ROS_LOG_FILENAME': '/home/pal/.ros/log/f65f8850-c4b0-11f0-b6c7-0028f8234b19/roslaunch-epan-tiago-noetic-ssh-137.log', 'LC_NUMERIC': 'C'}]
[roslaunch][INFO] 2025-11-18 20:01:19,810: process[bringup_controllers_spawner_imu-7]: args[['/opt/pal/gallium/lib/controller_manager/spawner', 'imu_sensor_controller', '__name:=bringup_controllers_spawner_imu']]
[roslaunch][INFO] 2025-11-18 20:01:19,811: ... created process [bringup_controllers_spawner_imu-7]
[roslaunch.pmon][INFO] 2025-11-18 20:01:19,812: ProcessMonitor.register[bringup_controllers_spawner_imu-7]
[roslaunch.pmon][INFO] 2025-11-18 20:01:19,812: ProcessMonitor.register[bringup_controllers_spawner_imu-7] complete
[roslaunch][INFO] 2025-11-18 20:01:19,812: ... registered process [bringup_controllers_spawner_imu-7]
[roslaunch][INFO] 2025-11-18 20:01:19,812: process[bringup_controllers_spawner_imu-7]: starting os process
[roslaunch][INFO] 2025-11-18 20:01:19,812: process[bringup_controllers_spawner_imu-7]: start w/ args [['/opt/pal/gallium/lib/controller_manager/spawner', 'imu_sensor_controller', '__name:=bringup_controllers_spawner_imu', '__log:=/home/pal/.ros/log/f65f8850-c4b0-11f0-b6c7-0028f8234b19/bringup_controllers_spawner_imu-7.log']]
[roslaunch][INFO] 2025-11-18 20:01:19,813: process[bringup_controllers_spawner_imu-7]: cwd will be [/home/pal/.ros]
[roslaunch][INFO] 2025-11-18 20:01:19,824: process[bringup_controllers_spawner_imu-7]: started with pid [187]
[roslaunch][INFO] 2025-11-18 20:01:19,824: ... successfully launched [bringup_controllers_spawner_imu-7]
[roslaunch][INFO] 2025-11-18 20:01:19,825: ... preparing to launch node of type [controller_manager/spawner]
[roslaunch][INFO] 2025-11-18 20:01:19,825: create_node_process: package[controller_manager] type[spawner] machine[Machine(name[] env_loader[None] address[localhost] ssh_port[22] user[None] assignable[True] timeout[10.0])] master_uri[http://localhost:11311/]
[roslaunch][INFO] 2025-11-18 20:01:19,825: process[bringup_controllers_spawner_ft-8]: env[{'ROS_VERSION': '1', 'DISABLE_ROS1_EOL_WARNINGS': '1', 'PKG_CONFIG_PATH': '/opt/pal/gallium/lib/pkgconfig:/opt/pal/gallium/lib/x86_64-linux-gnu/pkgconfig:/opt/ros/noetic/lib/pkgconfig:/opt/ros/noetic/lib/x86_64-linux-gnu/pkgconfig', 'ROS_PYTHON_VERSION': '3', 'HOSTNAME': 'epan-tiago-noetic-ssh', 'VISP_WS': '/home/pal/visp-ws', 'ROS_PACKAGE_PATH': '/home/pal/ros_ws/src:/opt/pal/gallium/share:/opt/ros/noetic/share', 'ROSLISP_PACKAGE_DIRECTORIES': '/home/pal/ros_ws/devel/share/common-lisp', 'PWD': '/home/pal/ros_ws/src', 'XAUTHORITY': '', 'TZ': 'Europe/Paris', 'ROS_IP': '127.0.0.1', 'HOME': '/home/pal', 'ROS_ETC_DIR': '/opt/ros/noetic/etc/ros', 'LS_COLORS': 'rs=0:di=01;34:ln=01;36:mh=00:pi=40;33:so=01;35:do=01;35:bd=40;33;01:cd=40;33;01:or=40;31;01:mi=00:su=37;41:sg=30;43:ca=30;41:tw=30;42:ow=34;42:st=37;44:ex=01;32:*.tar=01;31:*.tgz=01;31:*.arc=01;31:*.arj=01;31:*.taz=01;31:*.lha=01;31:*.lz4=01;31:*.lzh=01;31:*.lzma=01;31:*.tlz=01;31:*.txz=01;31:*.tzo=01;31:*.t7z=01;31:*.zip=01;31:*.z=01;31:*.dz=01;31:*.gz=01;31:*.lrz=01;31:*.lz=01;31:*.lzo=01;31:*.xz=01;31:*.zst=01;31:*.tzst=01;31:*.bz2=01;31:*.bz=01;31:*.tbz=01;31:*.tbz2=01;31:*.tz=01;31:*.deb=01;31:*.rpm=01;31:*.jar=01;31:*.war=01;31:*.ear=01;31:*.sar=01;31:*.rar=01;31:*.alz=01;31:*.ace=01;31:*.zoo=01;31:*.cpio=01;31:*.7z=01;31:*.rz=01;31:*.cab=01;31:*.wim=01;31:*.swm=01;31:*.dwm=01;31:*.esd=01;31:*.jpg=01;35:*.jpeg=01;35:*.mjpg=01;35:*.mjpeg=01;35:*.gif=01;35:*.bmp=01;35:*.pbm=01;35:*.pgm=01;35:*.ppm=01;35:*.tga=01;35:*.xbm=01;35:*.xpm=01;35:*.tif=01;35:*.tiff=01;35:*.png=01;35:*.svg=01;35:*.svgz=01;35:*.mng=01;35:*.pcx=01;35:*.mov=01;35:*.mpg=01;35:*.mpeg=01;35:*.m2v=01;35:*.mkv=01;35:*.webm=01;35:*.ogm=01;35:*.mp4=01;35:*.m4v=01;35:*.mp4v=01;35:*.vob=01;35:*.qt=01;35:*.nuv=01;35:*.wmv=01;35:*.asf=01;35:*.rm=01;35:*.rmvb=01;35:*.flc=01;35:*.avi=01;35:*.fli=01;35:*.flv=01;35:*.gl=01;35:*.dl=01;35:*.xcf=01;35:*.xwd=01;35:*.yuv=01;35:*.cgm=01;35:*.emf=01;35:*.ogv=01;35:*.ogx=01;35:*.aac=00;36:*.au=00;36:*.flac=00;36:*.m4a=00;36:*.mid=00;36:*.midi=00;36:*.mka=00;36:*.mp3=00;36:*.mpc=00;36:*.ogg=00;36:*.ra=00;36:*.wav=00;36:*.oga=00;36:*.opus=00;36:*.spx=00;36:*.xspf=00;36:', 'OROCOS_TARGET': 'gnulinux', 'CMAKE_PREFIX_PATH': '/home/pal/ros_ws/devel:/opt/pal/gallium:/opt/ros/noetic', 'GAZEBO_RESOURCE_PATH': '/home/pal/ros_ws/src/va50:', 'ROS_WORKSPACE': '/home/pal/ros_ws', 'LESSCLOSE': '/usr/bin/lesspipe %s %s', 'PYTHONPATH': '/opt/pal/gallium/lib/python3/dist-packages:/opt/ros/noetic/lib/python3/dist-packages', 'TERM': 'xterm', 'VISP_INPUT_IMAGE_PATH': '/home/pal/visp-ws/visp-images', 'LESSOPEN': '| /usr/bin/lesspipe %s', 'USER': 'pal', 'RTT_COMPONENT_PATH': '/opt/pal/gallium/lib/orocos', 'DISPLAY': ':1', 'SHLVL': '1', 'PAL_DISTRO': 'gallium', 'ROS_MASTER_URI': 'http://localhost:11311/', 'LD_LIBRARY_PATH': '/home/pal/ros_ws/devel/lib:/opt/pal/gallium/lib:/opt/pal/gallium/lib/x86_64-linux-gnu:/opt/ros/noetic/lib:/opt/ros/noetic/lib/x86_64-linux-gnu:/usr/local/lib', 'GAZEBO_MODEL_PATH': '/home/pal/ros_ws/src/va50/models:', 'PATH': '/opt/pal/gallium/bin:/opt/ros/noetic/bin:/opt/pal/gallium/lib/pal_debian_utils/:/usr/local/sbin:/usr/local/bin:/usr/sbin:/usr/bin:/sbin:/bin', 'LUA_PATH': ';;/opt/pal/gallium/share/lua/5.1/?.lua;/opt/pal/gallium/share/lua/5.1/?.lua;/opt/pal/gallium/share/lua/5.1/?.lua', 'DEBIAN_FRONTEND': 'noninteractive', 'ROS_ROOT': '/opt/ros/noetic/share/ros', 'ROS_DISTRO': 'noetic', 'QT_X11_NO_MITSHM': '1', '_': '/opt/ros/noetic/bin/roslaunch', 'OLDPWD': '/home/pal/ros_ws', 'LC_CTYPE': 'C.UTF-8', 'ROS_LOG_FILENAME': '/home/pal/.ros/log/f65f8850-c4b0-11f0-b6c7-0028f8234b19/roslaunch-epan-tiago-noetic-ssh-137.log', 'LC_NUMERIC': 'C'}]
[roslaunch][INFO] 2025-11-18 20:01:19,827: process[bringup_controllers_spawner_ft-8]: args[['/opt/pal/gallium/lib/controller_manager/spawner', 'force_torque_sensor_controller', '__name:=bringup_controllers_spawner_ft']]
[roslaunch][INFO] 2025-11-18 20:01:19,827: ... created process [bringup_controllers_spawner_ft-8]
[roslaunch.pmon][INFO] 2025-11-18 20:01:19,827: ProcessMonitor.register[bringup_controllers_spawner_ft-8]
[roslaunch.pmon][INFO] 2025-11-18 20:01:19,827: ProcessMonitor.register[bringup_controllers_spawner_ft-8] complete
[roslaunch][INFO] 2025-11-18 20:01:19,827: ... registered process [bringup_controllers_spawner_ft-8]
[roslaunch][INFO] 2025-11-18 20:01:19,827: process[bringup_controllers_spawner_ft-8]: starting os process
[roslaunch][INFO] 2025-11-18 20:01:19,828: process[bringup_controllers_spawner_ft-8]: start w/ args [['/opt/pal/gallium/lib/controller_manager/spawner', 'force_torque_sensor_controller', '__name:=bringup_controllers_spawner_ft', '__log:=/home/pal/.ros/log/f65f8850-c4b0-11f0-b6c7-0028f8234b19/bringup_controllers_spawner_ft-8.log']]
[roslaunch][INFO] 2025-11-18 20:01:19,828: process[bringup_controllers_spawner_ft-8]: cwd will be [/home/pal/.ros]
[roslaunch][INFO] 2025-11-18 20:01:19,835: process[bringup_controllers_spawner_ft-8]: started with pid [188]
[roslaunch][INFO] 2025-11-18 20:01:19,835: ... successfully launched [bringup_controllers_spawner_ft-8]
[roslaunch][INFO] 2025-11-18 20:01:19,835: ... preparing to launch node of type [controller_manager/spawner]
[roslaunch][INFO] 2025-11-18 20:01:19,835: create_node_process: package[controller_manager] type[spawner] machine[Machine(name[] env_loader[None] address[localhost] ssh_port[22] user[None] assignable[True] timeout[10.0])] master_uri[http://localhost:11311/]
[roslaunch][INFO] 2025-11-18 20:01:19,836: process[gripper_controllers_spawner-9]: env[{'ROS_VERSION': '1', 'DISABLE_ROS1_EOL_WARNINGS': '1', 'PKG_CONFIG_PATH': '/opt/pal/gallium/lib/pkgconfig:/opt/pal/gallium/lib/x86_64-linux-gnu/pkgconfig:/opt/ros/noetic/lib/pkgconfig:/opt/ros/noetic/lib/x86_64-linux-gnu/pkgconfig', 'ROS_PYTHON_VERSION': '3', 'HOSTNAME': 'epan-tiago-noetic-ssh', 'VISP_WS': '/home/pal/visp-ws', 'ROS_PACKAGE_PATH': '/home/pal/ros_ws/src:/opt/pal/gallium/share:/opt/ros/noetic/share', 'ROSLISP_PACKAGE_DIRECTORIES': '/home/pal/ros_ws/devel/share/common-lisp', 'PWD': '/home/pal/ros_ws/src', 'XAUTHORITY': '', 'TZ': 'Europe/Paris', 'ROS_IP': '127.0.0.1', 'HOME': '/home/pal', 'ROS_ETC_DIR': '/opt/ros/noetic/etc/ros', 'LS_COLORS': 'rs=0:di=01;34:ln=01;36:mh=00:pi=40;33:so=01;35:do=01;35:bd=40;33;01:cd=40;33;01:or=40;31;01:mi=00:su=37;41:sg=30;43:ca=30;41:tw=30;42:ow=34;42:st=37;44:ex=01;32:*.tar=01;31:*.tgz=01;31:*.arc=01;31:*.arj=01;31:*.taz=01;31:*.lha=01;31:*.lz4=01;31:*.lzh=01;31:*.lzma=01;31:*.tlz=01;31:*.txz=01;31:*.tzo=01;31:*.t7z=01;31:*.zip=01;31:*.z=01;31:*.dz=01;31:*.gz=01;31:*.lrz=01;31:*.lz=01;31:*.lzo=01;31:*.xz=01;31:*.zst=01;31:*.tzst=01;31:*.bz2=01;31:*.bz=01;31:*.tbz=01;31:*.tbz2=01;31:*.tz=01;31:*.deb=01;31:*.rpm=01;31:*.jar=01;31:*.war=01;31:*.ear=01;31:*.sar=01;31:*.rar=01;31:*.alz=01;31:*.ace=01;31:*.zoo=01;31:*.cpio=01;31:*.7z=01;31:*.rz=01;31:*.cab=01;31:*.wim=01;31:*.swm=01;31:*.dwm=01;31:*.esd=01;31:*.jpg=01;35:*.jpeg=01;35:*.mjpg=01;35:*.mjpeg=01;35:*.gif=01;35:*.bmp=01;35:*.pbm=01;35:*.pgm=01;35:*.ppm=01;35:*.tga=01;35:*.xbm=01;35:*.xpm=01;35:*.tif=01;35:*.tiff=01;35:*.png=01;35:*.svg=01;35:*.svgz=01;35:*.mng=01;35:*.pcx=01;35:*.mov=01;35:*.mpg=01;35:*.mpeg=01;35:*.m2v=01;35:*.mkv=01;35:*.webm=01;35:*.ogm=01;35:*.mp4=01;35:*.m4v=01;35:*.mp4v=01;35:*.vob=01;35:*.qt=01;35:*.nuv=01;35:*.wmv=01;35:*.asf=01;35:*.rm=01;35:*.rmvb=01;35:*.flc=01;35:*.avi=01;35:*.fli=01;35:*.flv=01;35:*.gl=01;35:*.dl=01;35:*.xcf=01;35:*.xwd=01;35:*.yuv=01;35:*.cgm=01;35:*.emf=01;35:*.ogv=01;35:*.ogx=01;35:*.aac=00;36:*.au=00;36:*.flac=00;36:*.m4a=00;36:*.mid=00;36:*.midi=00;36:*.mka=00;36:*.mp3=00;36:*.mpc=00;36:*.ogg=00;36:*.ra=00;36:*.wav=00;36:*.oga=00;36:*.opus=00;36:*.spx=00;36:*.xspf=00;36:', 'OROCOS_TARGET': 'gnulinux', 'CMAKE_PREFIX_PATH': '/home/pal/ros_ws/devel:/opt/pal/gallium:/opt/ros/noetic', 'GAZEBO_RESOURCE_PATH': '/home/pal/ros_ws/src/va50:', 'ROS_WORKSPACE': '/home/pal/ros_ws', 'LESSCLOSE': '/usr/bin/lesspipe %s %s', 'PYTHONPATH': '/opt/pal/gallium/lib/python3/dist-packages:/opt/ros/noetic/lib/python3/dist-packages', 'TERM': 'xterm', 'VISP_INPUT_IMAGE_PATH': '/home/pal/visp-ws/visp-images', 'LESSOPEN': '| /usr/bin/lesspipe %s', 'USER': 'pal', 'RTT_COMPONENT_PATH': '/opt/pal/gallium/lib/orocos', 'DISPLAY': ':1', 'SHLVL': '1', 'PAL_DISTRO': 'gallium', 'ROS_MASTER_URI': 'http://localhost:11311/', 'LD_LIBRARY_PATH': '/home/pal/ros_ws/devel/lib:/opt/pal/gallium/lib:/opt/pal/gallium/lib/x86_64-linux-gnu:/opt/ros/noetic/lib:/opt/ros/noetic/lib/x86_64-linux-gnu:/usr/local/lib', 'GAZEBO_MODEL_PATH': '/home/pal/ros_ws/src/va50/models:', 'PATH': '/opt/pal/gallium/bin:/opt/ros/noetic/bin:/opt/pal/gallium/lib/pal_debian_utils/:/usr/local/sbin:/usr/local/bin:/usr/sbin:/usr/bin:/sbin:/bin', 'LUA_PATH': ';;/opt/pal/gallium/share/lua/5.1/?.lua;/opt/pal/gallium/share/lua/5.1/?.lua;/opt/pal/gallium/share/lua/5.1/?.lua', 'DEBIAN_FRONTEND': 'noninteractive', 'ROS_ROOT': '/opt/ros/noetic/share/ros', 'ROS_DISTRO': 'noetic', 'QT_X11_NO_MITSHM': '1', '_': '/opt/ros/noetic/bin/roslaunch', 'OLDPWD': '/home/pal/ros_ws', 'LC_CTYPE': 'C.UTF-8', 'ROS_LOG_FILENAME': '/home/pal/.ros/log/f65f8850-c4b0-11f0-b6c7-0028f8234b19/roslaunch-epan-tiago-noetic-ssh-137.log', 'LC_NUMERIC': 'C'}]
[roslaunch][INFO] 2025-11-18 20:01:19,837: process[gripper_controllers_spawner-9]: args[['/opt/pal/gallium/lib/controller_manager/spawner', '--timeout', '120', 'gripper_controller', '__name:=gripper_controllers_spawner']]
[roslaunch][INFO] 2025-11-18 20:01:19,837: ... created process [gripper_controllers_spawner-9]
[roslaunch.pmon][INFO] 2025-11-18 20:01:19,837: ProcessMonitor.register[gripper_controllers_spawner-9]
[roslaunch.pmon][INFO] 2025-11-18 20:01:19,837: ProcessMonitor.register[gripper_controllers_spawner-9] complete
[roslaunch][INFO] 2025-11-18 20:01:19,837: ... registered process [gripper_controllers_spawner-9]
[roslaunch][INFO] 2025-11-18 20:01:19,837: process[gripper_controllers_spawner-9]: starting os process
[roslaunch][INFO] 2025-11-18 20:01:19,838: process[gripper_controllers_spawner-9]: start w/ args [['/opt/pal/gallium/lib/controller_manager/spawner', '--timeout', '120', 'gripper_controller', '__name:=gripper_controllers_spawner', '__log:=/home/pal/.ros/log/f65f8850-c4b0-11f0-b6c7-0028f8234b19/gripper_controllers_spawner-9.log']]
[roslaunch][INFO] 2025-11-18 20:01:19,838: process[gripper_controllers_spawner-9]: cwd will be [/home/pal/.ros]
[roslaunch][INFO] 2025-11-18 20:01:19,854: process[gripper_controllers_spawner-9]: started with pid [189]
[roslaunch][INFO] 2025-11-18 20:01:19,855: ... successfully launched [gripper_controllers_spawner-9]
[roslaunch][INFO] 2025-11-18 20:01:19,855: ... preparing to launch node of type [pal_gripper_controller_configuration/home_gripper.py]
[roslaunch][INFO] 2025-11-18 20:01:19,855: create_node_process: package[pal_gripper_controller_configuration] type[home_gripper.py] machine[Machine(name[] env_loader[None] address[localhost] ssh_port[22] user[None] assignable[True] timeout[10.0])] master_uri[http://localhost:11311/]
[roslaunch][INFO] 2025-11-18 20:01:19,855: process[home_gripper-10]: env[{'ROS_VERSION': '1', 'DISABLE_ROS1_EOL_WARNINGS': '1', 'PKG_CONFIG_PATH': '/opt/pal/gallium/lib/pkgconfig:/opt/pal/gallium/lib/x86_64-linux-gnu/pkgconfig:/opt/ros/noetic/lib/pkgconfig:/opt/ros/noetic/lib/x86_64-linux-gnu/pkgconfig', 'ROS_PYTHON_VERSION': '3', 'HOSTNAME': 'epan-tiago-noetic-ssh', 'VISP_WS': '/home/pal/visp-ws', 'ROS_PACKAGE_PATH': '/home/pal/ros_ws/src:/opt/pal/gallium/share:/opt/ros/noetic/share', 'ROSLISP_PACKAGE_DIRECTORIES': '/home/pal/ros_ws/devel/share/common-lisp', 'PWD': '/home/pal/ros_ws/src', 'XAUTHORITY': '', 'TZ': 'Europe/Paris', 'ROS_IP': '127.0.0.1', 'HOME': '/home/pal', 'ROS_ETC_DIR': '/opt/ros/noetic/etc/ros', 'LS_COLORS': 'rs=0:di=01;34:ln=01;36:mh=00:pi=40;33:so=01;35:do=01;35:bd=40;33;01:cd=40;33;01:or=40;31;01:mi=00:su=37;41:sg=30;43:ca=30;41:tw=30;42:ow=34;42:st=37;44:ex=01;32:*.tar=01;31:*.tgz=01;31:*.arc=01;31:*.arj=01;31:*.taz=01;31:*.lha=01;31:*.lz4=01;31:*.lzh=01;31:*.lzma=01;31:*.tlz=01;31:*.txz=01;31:*.tzo=01;31:*.t7z=01;31:*.zip=01;31:*.z=01;31:*.dz=01;31:*.gz=01;31:*.lrz=01;31:*.lz=01;31:*.lzo=01;31:*.xz=01;31:*.zst=01;31:*.tzst=01;31:*.bz2=01;31:*.bz=01;31:*.tbz=01;31:*.tbz2=01;31:*.tz=01;31:*.deb=01;31:*.rpm=01;31:*.jar=01;31:*.war=01;31:*.ear=01;31:*.sar=01;31:*.rar=01;31:*.alz=01;31:*.ace=01;31:*.zoo=01;31:*.cpio=01;31:*.7z=01;31:*.rz=01;31:*.cab=01;31:*.wim=01;31:*.swm=01;31:*.dwm=01;31:*.esd=01;31:*.jpg=01;35:*.jpeg=01;35:*.mjpg=01;35:*.mjpeg=01;35:*.gif=01;35:*.bmp=01;35:*.pbm=01;35:*.pgm=01;35:*.ppm=01;35:*.tga=01;35:*.xbm=01;35:*.xpm=01;35:*.tif=01;35:*.tiff=01;35:*.png=01;35:*.svg=01;35:*.svgz=01;35:*.mng=01;35:*.pcx=01;35:*.mov=01;35:*.mpg=01;35:*.mpeg=01;35:*.m2v=01;35:*.mkv=01;35:*.webm=01;35:*.ogm=01;35:*.mp4=01;35:*.m4v=01;35:*.mp4v=01;35:*.vob=01;35:*.qt=01;35:*.nuv=01;35:*.wmv=01;35:*.asf=01;35:*.rm=01;35:*.rmvb=01;35:*.flc=01;35:*.avi=01;35:*.fli=01;35:*.flv=01;35:*.gl=01;35:*.dl=01;35:*.xcf=01;35:*.xwd=01;35:*.yuv=01;35:*.cgm=01;35:*.emf=01;35:*.ogv=01;35:*.ogx=01;35:*.aac=00;36:*.au=00;36:*.flac=00;36:*.m4a=00;36:*.mid=00;36:*.midi=00;36:*.mka=00;36:*.mp3=00;36:*.mpc=00;36:*.ogg=00;36:*.ra=00;36:*.wav=00;36:*.oga=00;36:*.opus=00;36:*.spx=00;36:*.xspf=00;36:', 'OROCOS_TARGET': 'gnulinux', 'CMAKE_PREFIX_PATH': '/home/pal/ros_ws/devel:/opt/pal/gallium:/opt/ros/noetic', 'GAZEBO_RESOURCE_PATH': '/home/pal/ros_ws/src/va50:', 'ROS_WORKSPACE': '/home/pal/ros_ws', 'LESSCLOSE': '/usr/bin/lesspipe %s %s', 'PYTHONPATH': '/opt/pal/gallium/lib/python3/dist-packages:/opt/ros/noetic/lib/python3/dist-packages', 'TERM': 'xterm', 'VISP_INPUT_IMAGE_PATH': '/home/pal/visp-ws/visp-images', 'LESSOPEN': '| /usr/bin/lesspipe %s', 'USER': 'pal', 'RTT_COMPONENT_PATH': '/opt/pal/gallium/lib/orocos', 'DISPLAY': ':1', 'SHLVL': '1', 'PAL_DISTRO': 'gallium', 'ROS_MASTER_URI': 'http://localhost:11311/', 'LD_LIBRARY_PATH': '/home/pal/ros_ws/devel/lib:/opt/pal/gallium/lib:/opt/pal/gallium/lib/x86_64-linux-gnu:/opt/ros/noetic/lib:/opt/ros/noetic/lib/x86_64-linux-gnu:/usr/local/lib', 'GAZEBO_MODEL_PATH': '/home/pal/ros_ws/src/va50/models:', 'PATH': '/opt/pal/gallium/bin:/opt/ros/noetic/bin:/opt/pal/gallium/lib/pal_debian_utils/:/usr/local/sbin:/usr/local/bin:/usr/sbin:/usr/bin:/sbin:/bin', 'LUA_PATH': ';;/opt/pal/gallium/share/lua/5.1/?.lua;/opt/pal/gallium/share/lua/5.1/?.lua;/opt/pal/gallium/share/lua/5.1/?.lua', 'DEBIAN_FRONTEND': 'noninteractive', 'ROS_ROOT': '/opt/ros/noetic/share/ros', 'ROS_DISTRO': 'noetic', 'QT_X11_NO_MITSHM': '1', '_': '/opt/ros/noetic/bin/roslaunch', 'OLDPWD': '/home/pal/ros_ws', 'LC_CTYPE': 'C.UTF-8', 'ROS_LOG_FILENAME': '/home/pal/.ros/log/f65f8850-c4b0-11f0-b6c7-0028f8234b19/roslaunch-epan-tiago-noetic-ssh-137.log', 'LC_NUMERIC': 'C'}]
[roslaunch][INFO] 2025-11-18 20:01:19,858: process[home_gripper-10]: args[['/opt/pal/gallium/lib/pal_gripper_controller_configuration/home_gripper.py', '__name:=home_gripper']]
[roslaunch][INFO] 2025-11-18 20:01:19,859: ... created process [home_gripper-10]
[roslaunch.pmon][INFO] 2025-11-18 20:01:19,859: ProcessMonitor.register[home_gripper-10]
[roslaunch.pmon][INFO] 2025-11-18 20:01:19,859: ProcessMonitor.register[home_gripper-10] complete
[roslaunch][INFO] 2025-11-18 20:01:19,859: ... registered process [home_gripper-10]
[roslaunch][INFO] 2025-11-18 20:01:19,859: process[home_gripper-10]: starting os process
[roslaunch][INFO] 2025-11-18 20:01:19,859: process[home_gripper-10]: start w/ args [['/opt/pal/gallium/lib/pal_gripper_controller_configuration/home_gripper.py', '__name:=home_gripper', '__log:=/home/pal/.ros/log/f65f8850-c4b0-11f0-b6c7-0028f8234b19/home_gripper-10.log']]
[roslaunch][INFO] 2025-11-18 20:01:19,859: process[home_gripper-10]: cwd will be [/home/pal/.ros]
[roslaunch][INFO] 2025-11-18 20:01:19,873: process[home_gripper-10]: started with pid [194]
[roslaunch][INFO] 2025-11-18 20:01:19,877: ... successfully launched [home_gripper-10]
[roslaunch][INFO] 2025-11-18 20:01:19,877: ... preparing to launch node of type [play_motion/play_motion]
[roslaunch][INFO] 2025-11-18 20:01:19,877: create_node_process: package[play_motion] type[play_motion] machine[Machine(name[] env_loader[None] address[localhost] ssh_port[22] user[None] assignable[True] timeout[10.0])] master_uri[http://localhost:11311/]
[roslaunch][INFO] 2025-11-18 20:01:19,877: process[play_motion-11]: env[{'ROS_VERSION': '1', 'DISABLE_ROS1_EOL_WARNINGS': '1', 'PKG_CONFIG_PATH': '/opt/pal/gallium/lib/pkgconfig:/opt/pal/gallium/lib/x86_64-linux-gnu/pkgconfig:/opt/ros/noetic/lib/pkgconfig:/opt/ros/noetic/lib/x86_64-linux-gnu/pkgconfig', 'ROS_PYTHON_VERSION': '3', 'HOSTNAME': 'epan-tiago-noetic-ssh', 'VISP_WS': '/home/pal/visp-ws', 'ROS_PACKAGE_PATH': '/home/pal/ros_ws/src:/opt/pal/gallium/share:/opt/ros/noetic/share', 'ROSLISP_PACKAGE_DIRECTORIES': '/home/pal/ros_ws/devel/share/common-lisp', 'PWD': '/home/pal/ros_ws/src', 'XAUTHORITY': '', 'TZ': 'Europe/Paris', 'ROS_IP': '127.0.0.1', 'HOME': '/home/pal', 'ROS_ETC_DIR': '/opt/ros/noetic/etc/ros', 'LS_COLORS': 'rs=0:di=01;34:ln=01;36:mh=00:pi=40;33:so=01;35:do=01;35:bd=40;33;01:cd=40;33;01:or=40;31;01:mi=00:su=37;41:sg=30;43:ca=30;41:tw=30;42:ow=34;42:st=37;44:ex=01;32:*.tar=01;31:*.tgz=01;31:*.arc=01;31:*.arj=01;31:*.taz=01;31:*.lha=01;31:*.lz4=01;31:*.lzh=01;31:*.lzma=01;31:*.tlz=01;31:*.txz=01;31:*.tzo=01;31:*.t7z=01;31:*.zip=01;31:*.z=01;31:*.dz=01;31:*.gz=01;31:*.lrz=01;31:*.lz=01;31:*.lzo=01;31:*.xz=01;31:*.zst=01;31:*.tzst=01;31:*.bz2=01;31:*.bz=01;31:*.tbz=01;31:*.tbz2=01;31:*.tz=01;31:*.deb=01;31:*.rpm=01;31:*.jar=01;31:*.war=01;31:*.ear=01;31:*.sar=01;31:*.rar=01;31:*.alz=01;31:*.ace=01;31:*.zoo=01;31:*.cpio=01;31:*.7z=01;31:*.rz=01;31:*.cab=01;31:*.wim=01;31:*.swm=01;31:*.dwm=01;31:*.esd=01;31:*.jpg=01;35:*.jpeg=01;35:*.mjpg=01;35:*.mjpeg=01;35:*.gif=01;35:*.bmp=01;35:*.pbm=01;35:*.pgm=01;35:*.ppm=01;35:*.tga=01;35:*.xbm=01;35:*.xpm=01;35:*.tif=01;35:*.tiff=01;35:*.png=01;35:*.svg=01;35:*.svgz=01;35:*.mng=01;35:*.pcx=01;35:*.mov=01;35:*.mpg=01;35:*.mpeg=01;35:*.m2v=01;35:*.mkv=01;35:*.webm=01;35:*.ogm=01;35:*.mp4=01;35:*.m4v=01;35:*.mp4v=01;35:*.vob=01;35:*.qt=01;35:*.nuv=01;35:*.wmv=01;35:*.asf=01;35:*.rm=01;35:*.rmvb=01;35:*.flc=01;35:*.avi=01;35:*.fli=01;35:*.flv=01;35:*.gl=01;35:*.dl=01;35:*.xcf=01;35:*.xwd=01;35:*.yuv=01;35:*.cgm=01;35:*.emf=01;35:*.ogv=01;35:*.ogx=01;35:*.aac=00;36:*.au=00;36:*.flac=00;36:*.m4a=00;36:*.mid=00;36:*.midi=00;36:*.mka=00;36:*.mp3=00;36:*.mpc=00;36:*.ogg=00;36:*.ra=00;36:*.wav=00;36:*.oga=00;36:*.opus=00;36:*.spx=00;36:*.xspf=00;36:', 'OROCOS_TARGET': 'gnulinux', 'CMAKE_PREFIX_PATH': '/home/pal/ros_ws/devel:/opt/pal/gallium:/opt/ros/noetic', 'GAZEBO_RESOURCE_PATH': '/home/pal/ros_ws/src/va50:', 'ROS_WORKSPACE': '/home/pal/ros_ws', 'LESSCLOSE': '/usr/bin/lesspipe %s %s', 'PYTHONPATH': '/opt/pal/gallium/lib/python3/dist-packages:/opt/ros/noetic/lib/python3/dist-packages', 'TERM': 'xterm', 'VISP_INPUT_IMAGE_PATH': '/home/pal/visp-ws/visp-images', 'LESSOPEN': '| /usr/bin/lesspipe %s', 'USER': 'pal', 'RTT_COMPONENT_PATH': '/opt/pal/gallium/lib/orocos', 'DISPLAY': ':1', 'SHLVL': '1', 'PAL_DISTRO': 'gallium', 'ROS_MASTER_URI': 'http://localhost:11311/', 'LD_LIBRARY_PATH': '/home/pal/ros_ws/devel/lib:/opt/pal/gallium/lib:/opt/pal/gallium/lib/x86_64-linux-gnu:/opt/ros/noetic/lib:/opt/ros/noetic/lib/x86_64-linux-gnu:/usr/local/lib', 'GAZEBO_MODEL_PATH': '/home/pal/ros_ws/src/va50/models:', 'PATH': '/opt/pal/gallium/bin:/opt/ros/noetic/bin:/opt/pal/gallium/lib/pal_debian_utils/:/usr/local/sbin:/usr/local/bin:/usr/sbin:/usr/bin:/sbin:/bin', 'LUA_PATH': ';;/opt/pal/gallium/share/lua/5.1/?.lua;/opt/pal/gallium/share/lua/5.1/?.lua;/opt/pal/gallium/share/lua/5.1/?.lua', 'DEBIAN_FRONTEND': 'noninteractive', 'ROS_ROOT': '/opt/ros/noetic/share/ros', 'ROS_DISTRO': 'noetic', 'QT_X11_NO_MITSHM': '1', '_': '/opt/ros/noetic/bin/roslaunch', 'OLDPWD': '/home/pal/ros_ws', 'LC_CTYPE': 'C.UTF-8', 'ROS_LOG_FILENAME': '/home/pal/.ros/log/f65f8850-c4b0-11f0-b6c7-0028f8234b19/roslaunch-epan-tiago-noetic-ssh-137.log', 'LC_NUMERIC': 'C'}]
[roslaunch][INFO] 2025-11-18 20:01:19,883: process[play_motion-11]: args[['/opt/pal/gallium/lib/play_motion/play_motion', '__name:=play_motion']]
[roslaunch][INFO] 2025-11-18 20:01:19,883: ... created process [play_motion-11]
[roslaunch.pmon][INFO] 2025-11-18 20:01:19,883: ProcessMonitor.register[play_motion-11]
[roslaunch.pmon][INFO] 2025-11-18 20:01:19,883: ProcessMonitor.register[play_motion-11] complete
[roslaunch][INFO] 2025-11-18 20:01:19,883: ... registered process [play_motion-11]
[roslaunch][INFO] 2025-11-18 20:01:19,883: process[play_motion-11]: starting os process
[roslaunch][INFO] 2025-11-18 20:01:19,884: process[play_motion-11]: start w/ args [['/opt/pal/gallium/lib/play_motion/play_motion', '__name:=play_motion', '__log:=/home/pal/.ros/log/f65f8850-c4b0-11f0-b6c7-0028f8234b19/play_motion-11.log']]
[roslaunch][INFO] 2025-11-18 20:01:19,884: process[play_motion-11]: cwd will be [/home/pal/.ros]
[roslaunch][INFO] 2025-11-18 20:01:19,900: process[play_motion-11]: started with pid [197]
[roslaunch][INFO] 2025-11-18 20:01:19,902: ... successfully launched [play_motion-11]
[roslaunch][INFO] 2025-11-18 20:01:19,902: ... preparing to launch node of type [play_motion/is_already_there.py]
[roslaunch][INFO] 2025-11-18 20:01:19,902: create_node_process: package[play_motion] type[is_already_there.py] machine[Machine(name[] env_loader[None] address[localhost] ssh_port[22] user[None] assignable[True] timeout[10.0])] master_uri[http://localhost:11311/]
[roslaunch][INFO] 2025-11-18 20:01:19,903: process[is_already_there-12]: env[{'ROS_VERSION': '1', 'DISABLE_ROS1_EOL_WARNINGS': '1', 'PKG_CONFIG_PATH': '/opt/pal/gallium/lib/pkgconfig:/opt/pal/gallium/lib/x86_64-linux-gnu/pkgconfig:/opt/ros/noetic/lib/pkgconfig:/opt/ros/noetic/lib/x86_64-linux-gnu/pkgconfig', 'ROS_PYTHON_VERSION': '3', 'HOSTNAME': 'epan-tiago-noetic-ssh', 'VISP_WS': '/home/pal/visp-ws', 'ROS_PACKAGE_PATH': '/home/pal/ros_ws/src:/opt/pal/gallium/share:/opt/ros/noetic/share', 'ROSLISP_PACKAGE_DIRECTORIES': '/home/pal/ros_ws/devel/share/common-lisp', 'PWD': '/home/pal/ros_ws/src', 'XAUTHORITY': '', 'TZ': 'Europe/Paris', 'ROS_IP': '127.0.0.1', 'HOME': '/home/pal', 'ROS_ETC_DIR': '/opt/ros/noetic/etc/ros', 'LS_COLORS': 'rs=0:di=01;34:ln=01;36:mh=00:pi=40;33:so=01;35:do=01;35:bd=40;33;01:cd=40;33;01:or=40;31;01:mi=00:su=37;41:sg=30;43:ca=30;41:tw=30;42:ow=34;42:st=37;44:ex=01;32:*.tar=01;31:*.tgz=01;31:*.arc=01;31:*.arj=01;31:*.taz=01;31:*.lha=01;31:*.lz4=01;31:*.lzh=01;31:*.lzma=01;31:*.tlz=01;31:*.txz=01;31:*.tzo=01;31:*.t7z=01;31:*.zip=01;31:*.z=01;31:*.dz=01;31:*.gz=01;31:*.lrz=01;31:*.lz=01;31:*.lzo=01;31:*.xz=01;31:*.zst=01;31:*.tzst=01;31:*.bz2=01;31:*.bz=01;31:*.tbz=01;31:*.tbz2=01;31:*.tz=01;31:*.deb=01;31:*.rpm=01;31:*.jar=01;31:*.war=01;31:*.ear=01;31:*.sar=01;31:*.rar=01;31:*.alz=01;31:*.ace=01;31:*.zoo=01;31:*.cpio=01;31:*.7z=01;31:*.rz=01;31:*.cab=01;31:*.wim=01;31:*.swm=01;31:*.dwm=01;31:*.esd=01;31:*.jpg=01;35:*.jpeg=01;35:*.mjpg=01;35:*.mjpeg=01;35:*.gif=01;35:*.bmp=01;35:*.pbm=01;35:*.pgm=01;35:*.ppm=01;35:*.tga=01;35:*.xbm=01;35:*.xpm=01;35:*.tif=01;35:*.tiff=01;35:*.png=01;35:*.svg=01;35:*.svgz=01;35:*.mng=01;35:*.pcx=01;35:*.mov=01;35:*.mpg=01;35:*.mpeg=01;35:*.m2v=01;35:*.mkv=01;35:*.webm=01;35:*.ogm=01;35:*.mp4=01;35:*.m4v=01;35:*.mp4v=01;35:*.vob=01;35:*.qt=01;35:*.nuv=01;35:*.wmv=01;35:*.asf=01;35:*.rm=01;35:*.rmvb=01;35:*.flc=01;35:*.avi=01;35:*.fli=01;35:*.flv=01;35:*.gl=01;35:*.dl=01;35:*.xcf=01;35:*.xwd=01;35:*.yuv=01;35:*.cgm=01;35:*.emf=01;35:*.ogv=01;35:*.ogx=01;35:*.aac=00;36:*.au=00;36:*.flac=00;36:*.m4a=00;36:*.mid=00;36:*.midi=00;36:*.mka=00;36:*.mp3=00;36:*.mpc=00;36:*.ogg=00;36:*.ra=00;36:*.wav=00;36:*.oga=00;36:*.opus=00;36:*.spx=00;36:*.xspf=00;36:', 'OROCOS_TARGET': 'gnulinux', 'CMAKE_PREFIX_PATH': '/home/pal/ros_ws/devel:/opt/pal/gallium:/opt/ros/noetic', 'GAZEBO_RESOURCE_PATH': '/home/pal/ros_ws/src/va50:', 'ROS_WORKSPACE': '/home/pal/ros_ws', 'LESSCLOSE': '/usr/bin/lesspipe %s %s', 'PYTHONPATH': '/opt/pal/gallium/lib/python3/dist-packages:/opt/ros/noetic/lib/python3/dist-packages', 'TERM': 'xterm', 'VISP_INPUT_IMAGE_PATH': '/home/pal/visp-ws/visp-images', 'LESSOPEN': '| /usr/bin/lesspipe %s', 'USER': 'pal', 'RTT_COMPONENT_PATH': '/opt/pal/gallium/lib/orocos', 'DISPLAY': ':1', 'SHLVL': '1', 'PAL_DISTRO': 'gallium', 'ROS_MASTER_URI': 'http://localhost:11311/', 'LD_LIBRARY_PATH': '/home/pal/ros_ws/devel/lib:/opt/pal/gallium/lib:/opt/pal/gallium/lib/x86_64-linux-gnu:/opt/ros/noetic/lib:/opt/ros/noetic/lib/x86_64-linux-gnu:/usr/local/lib', 'GAZEBO_MODEL_PATH': '/home/pal/ros_ws/src/va50/models:', 'PATH': '/opt/pal/gallium/bin:/opt/ros/noetic/bin:/opt/pal/gallium/lib/pal_debian_utils/:/usr/local/sbin:/usr/local/bin:/usr/sbin:/usr/bin:/sbin:/bin', 'LUA_PATH': ';;/opt/pal/gallium/share/lua/5.1/?.lua;/opt/pal/gallium/share/lua/5.1/?.lua;/opt/pal/gallium/share/lua/5.1/?.lua', 'DEBIAN_FRONTEND': 'noninteractive', 'ROS_ROOT': '/opt/ros/noetic/share/ros', 'ROS_DISTRO': 'noetic', 'QT_X11_NO_MITSHM': '1', '_': '/opt/ros/noetic/bin/roslaunch', 'OLDPWD': '/home/pal/ros_ws', 'LC_CTYPE': 'C.UTF-8', 'ROS_LOG_FILENAME': '/home/pal/.ros/log/f65f8850-c4b0-11f0-b6c7-0028f8234b19/roslaunch-epan-tiago-noetic-ssh-137.log', 'LC_NUMERIC': 'C'}]
[roslaunch][INFO] 2025-11-18 20:01:19,906: process[is_already_there-12]: args[['/opt/pal/gallium/lib/play_motion/is_already_there.py', '__name:=is_already_there']]
[roslaunch][INFO] 2025-11-18 20:01:19,907: ... created process [is_already_there-12]
[roslaunch.pmon][INFO] 2025-11-18 20:01:19,907: ProcessMonitor.register[is_already_there-12]
[roslaunch.pmon][INFO] 2025-11-18 20:01:19,907: ProcessMonitor.register[is_already_there-12] complete
[roslaunch][INFO] 2025-11-18 20:01:19,908: ... registered process [is_already_there-12]
[roslaunch][INFO] 2025-11-18 20:01:19,908: process[is_already_there-12]: starting os process
[roslaunch][INFO] 2025-11-18 20:01:19,908: process[is_already_there-12]: start w/ args [['/opt/pal/gallium/lib/play_motion/is_already_there.py', '__name:=is_already_there', '__log:=/home/pal/.ros/log/f65f8850-c4b0-11f0-b6c7-0028f8234b19/is_already_there-12.log']]
[roslaunch][INFO] 2025-11-18 20:01:19,908: process[is_already_there-12]: cwd will be [/home/pal/.ros]
[roslaunch][INFO] 2025-11-18 20:01:19,922: process[is_already_there-12]: started with pid [199]
[roslaunch][INFO] 2025-11-18 20:01:19,926: ... successfully launched [is_already_there-12]
[roslaunch][INFO] 2025-11-18 20:01:19,926: ... preparing to launch node of type [moveit_ros_move_group/move_group]
[roslaunch][INFO] 2025-11-18 20:01:19,927: create_node_process: package[moveit_ros_move_group] type[move_group] machine[Machine(name[] env_loader[None] address[localhost] ssh_port[22] user[None] assignable[True] timeout[10.0])] master_uri[http://localhost:11311/]
[roslaunch][INFO] 2025-11-18 20:01:19,927: process[move_group-13]: env[{'ROS_VERSION': '1', 'DISABLE_ROS1_EOL_WARNINGS': '1', 'PKG_CONFIG_PATH': '/opt/pal/gallium/lib/pkgconfig:/opt/pal/gallium/lib/x86_64-linux-gnu/pkgconfig:/opt/ros/noetic/lib/pkgconfig:/opt/ros/noetic/lib/x86_64-linux-gnu/pkgconfig', 'ROS_PYTHON_VERSION': '3', 'HOSTNAME': 'epan-tiago-noetic-ssh', 'VISP_WS': '/home/pal/visp-ws', 'ROS_PACKAGE_PATH': '/home/pal/ros_ws/src:/opt/pal/gallium/share:/opt/ros/noetic/share', 'ROSLISP_PACKAGE_DIRECTORIES': '/home/pal/ros_ws/devel/share/common-lisp', 'PWD': '/home/pal/ros_ws/src', 'XAUTHORITY': '', 'TZ': 'Europe/Paris', 'ROS_IP': '127.0.0.1', 'HOME': '/home/pal', 'ROS_ETC_DIR': '/opt/ros/noetic/etc/ros', 'LS_COLORS': 'rs=0:di=01;34:ln=01;36:mh=00:pi=40;33:so=01;35:do=01;35:bd=40;33;01:cd=40;33;01:or=40;31;01:mi=00:su=37;41:sg=30;43:ca=30;41:tw=30;42:ow=34;42:st=37;44:ex=01;32:*.tar=01;31:*.tgz=01;31:*.arc=01;31:*.arj=01;31:*.taz=01;31:*.lha=01;31:*.lz4=01;31:*.lzh=01;31:*.lzma=01;31:*.tlz=01;31:*.txz=01;31:*.tzo=01;31:*.t7z=01;31:*.zip=01;31:*.z=01;31:*.dz=01;31:*.gz=01;31:*.lrz=01;31:*.lz=01;31:*.lzo=01;31:*.xz=01;31:*.zst=01;31:*.tzst=01;31:*.bz2=01;31:*.bz=01;31:*.tbz=01;31:*.tbz2=01;31:*.tz=01;31:*.deb=01;31:*.rpm=01;31:*.jar=01;31:*.war=01;31:*.ear=01;31:*.sar=01;31:*.rar=01;31:*.alz=01;31:*.ace=01;31:*.zoo=01;31:*.cpio=01;31:*.7z=01;31:*.rz=01;31:*.cab=01;31:*.wim=01;31:*.swm=01;31:*.dwm=01;31:*.esd=01;31:*.jpg=01;35:*.jpeg=01;35:*.mjpg=01;35:*.mjpeg=01;35:*.gif=01;35:*.bmp=01;35:*.pbm=01;35:*.pgm=01;35:*.ppm=01;35:*.tga=01;35:*.xbm=01;35:*.xpm=01;35:*.tif=01;35:*.tiff=01;35:*.png=01;35:*.svg=01;35:*.svgz=01;35:*.mng=01;35:*.pcx=01;35:*.mov=01;35:*.mpg=01;35:*.mpeg=01;35:*.m2v=01;35:*.mkv=01;35:*.webm=01;35:*.ogm=01;35:*.mp4=01;35:*.m4v=01;35:*.mp4v=01;35:*.vob=01;35:*.qt=01;35:*.nuv=01;35:*.wmv=01;35:*.asf=01;35:*.rm=01;35:*.rmvb=01;35:*.flc=01;35:*.avi=01;35:*.fli=01;35:*.flv=01;35:*.gl=01;35:*.dl=01;35:*.xcf=01;35:*.xwd=01;35:*.yuv=01;35:*.cgm=01;35:*.emf=01;35:*.ogv=01;35:*.ogx=01;35:*.aac=00;36:*.au=00;36:*.flac=00;36:*.m4a=00;36:*.mid=00;36:*.midi=00;36:*.mka=00;36:*.mp3=00;36:*.mpc=00;36:*.ogg=00;36:*.ra=00;36:*.wav=00;36:*.oga=00;36:*.opus=00;36:*.spx=00;36:*.xspf=00;36:', 'OROCOS_TARGET': 'gnulinux', 'CMAKE_PREFIX_PATH': '/home/pal/ros_ws/devel:/opt/pal/gallium:/opt/ros/noetic', 'GAZEBO_RESOURCE_PATH': '/home/pal/ros_ws/src/va50:', 'ROS_WORKSPACE': '/home/pal/ros_ws', 'LESSCLOSE': '/usr/bin/lesspipe %s %s', 'PYTHONPATH': '/opt/pal/gallium/lib/python3/dist-packages:/opt/ros/noetic/lib/python3/dist-packages', 'TERM': 'xterm', 'VISP_INPUT_IMAGE_PATH': '/home/pal/visp-ws/visp-images', 'LESSOPEN': '| /usr/bin/lesspipe %s', 'USER': 'pal', 'RTT_COMPONENT_PATH': '/opt/pal/gallium/lib/orocos', 'DISPLAY': ':1', 'SHLVL': '1', 'PAL_DISTRO': 'gallium', 'ROS_MASTER_URI': 'http://localhost:11311/', 'LD_LIBRARY_PATH': '/home/pal/ros_ws/devel/lib:/opt/pal/gallium/lib:/opt/pal/gallium/lib/x86_64-linux-gnu:/opt/ros/noetic/lib:/opt/ros/noetic/lib/x86_64-linux-gnu:/usr/local/lib', 'GAZEBO_MODEL_PATH': '/home/pal/ros_ws/src/va50/models:', 'PATH': '/opt/pal/gallium/bin:/opt/ros/noetic/bin:/opt/pal/gallium/lib/pal_debian_utils/:/usr/local/sbin:/usr/local/bin:/usr/sbin:/usr/bin:/sbin:/bin', 'LUA_PATH': ';;/opt/pal/gallium/share/lua/5.1/?.lua;/opt/pal/gallium/share/lua/5.1/?.lua;/opt/pal/gallium/share/lua/5.1/?.lua', 'DEBIAN_FRONTEND': 'noninteractive', 'ROS_ROOT': '/opt/ros/noetic/share/ros', 'ROS_DISTRO': 'noetic', 'QT_X11_NO_MITSHM': '1', '_': '/opt/ros/noetic/bin/roslaunch', 'OLDPWD': '/home/pal/ros_ws', 'LC_CTYPE': 'C.UTF-8', 'ROS_LOG_FILENAME': '/home/pal/.ros/log/f65f8850-c4b0-11f0-b6c7-0028f8234b19/roslaunch-epan-tiago-noetic-ssh-137.log', 'LC_NUMERIC': 'C'}]
[roslaunch][INFO] 2025-11-18 20:01:19,931: process[move_group-13]: args[['/opt/ros/noetic/lib/moveit_ros_move_group/move_group', '__name:=move_group']]
[roslaunch][INFO] 2025-11-18 20:01:19,931: ... created process [move_group-13]
[roslaunch.pmon][INFO] 2025-11-18 20:01:19,931: ProcessMonitor.register[move_group-13]
[roslaunch.pmon][INFO] 2025-11-18 20:01:19,931: ProcessMonitor.register[move_group-13] complete
[roslaunch][INFO] 2025-11-18 20:01:19,931: ... registered process [move_group-13]
[roslaunch][INFO] 2025-11-18 20:01:19,931: process[move_group-13]: starting os process
[roslaunch][INFO] 2025-11-18 20:01:19,932: process[move_group-13]: start w/ args [['/opt/ros/noetic/lib/moveit_ros_move_group/move_group', '__name:=move_group', '__log:=/home/pal/.ros/log/f65f8850-c4b0-11f0-b6c7-0028f8234b19/move_group-13.log']]
[roslaunch][INFO] 2025-11-18 20:01:19,932: process[move_group-13]: cwd will be [/home/pal/.ros]
[roslaunch][INFO] 2025-11-18 20:01:19,948: process[move_group-13]: started with pid [200]
[roslaunch][INFO] 2025-11-18 20:01:19,949: ... successfully launched [move_group-13]
[roslaunch][INFO] 2025-11-18 20:01:19,950: ... preparing to launch node of type [robot_state_publisher/robot_state_publisher]
[roslaunch][INFO] 2025-11-18 20:01:19,950: create_node_process: package[robot_state_publisher] type[robot_state_publisher] machine[Machine(name[] env_loader[None] address[localhost] ssh_port[22] user[None] assignable[True] timeout[10.0])] master_uri[http://localhost:11311/]
[roslaunch][INFO] 2025-11-18 20:01:19,950: process[robot_state_publisher-14]: env[{'ROS_VERSION': '1', 'DISABLE_ROS1_EOL_WARNINGS': '1', 'PKG_CONFIG_PATH': '/opt/pal/gallium/lib/pkgconfig:/opt/pal/gallium/lib/x86_64-linux-gnu/pkgconfig:/opt/ros/noetic/lib/pkgconfig:/opt/ros/noetic/lib/x86_64-linux-gnu/pkgconfig', 'ROS_PYTHON_VERSION': '3', 'HOSTNAME': 'epan-tiago-noetic-ssh', 'VISP_WS': '/home/pal/visp-ws', 'ROS_PACKAGE_PATH': '/home/pal/ros_ws/src:/opt/pal/gallium/share:/opt/ros/noetic/share', 'ROSLISP_PACKAGE_DIRECTORIES': '/home/pal/ros_ws/devel/share/common-lisp', 'PWD': '/home/pal/ros_ws/src', 'XAUTHORITY': '', 'TZ': 'Europe/Paris', 'ROS_IP': '127.0.0.1', 'HOME': '/home/pal', 'ROS_ETC_DIR': '/opt/ros/noetic/etc/ros', 'LS_COLORS': 'rs=0:di=01;34:ln=01;36:mh=00:pi=40;33:so=01;35:do=01;35:bd=40;33;01:cd=40;33;01:or=40;31;01:mi=00:su=37;41:sg=30;43:ca=30;41:tw=30;42:ow=34;42:st=37;44:ex=01;32:*.tar=01;31:*.tgz=01;31:*.arc=01;31:*.arj=01;31:*.taz=01;31:*.lha=01;31:*.lz4=01;31:*.lzh=01;31:*.lzma=01;31:*.tlz=01;31:*.txz=01;31:*.tzo=01;31:*.t7z=01;31:*.zip=01;31:*.z=01;31:*.dz=01;31:*.gz=01;31:*.lrz=01;31:*.lz=01;31:*.lzo=01;31:*.xz=01;31:*.zst=01;31:*.tzst=01;31:*.bz2=01;31:*.bz=01;31:*.tbz=01;31:*.tbz2=01;31:*.tz=01;31:*.deb=01;31:*.rpm=01;31:*.jar=01;31:*.war=01;31:*.ear=01;31:*.sar=01;31:*.rar=01;31:*.alz=01;31:*.ace=01;31:*.zoo=01;31:*.cpio=01;31:*.7z=01;31:*.rz=01;31:*.cab=01;31:*.wim=01;31:*.swm=01;31:*.dwm=01;31:*.esd=01;31:*.jpg=01;35:*.jpeg=01;35:*.mjpg=01;35:*.mjpeg=01;35:*.gif=01;35:*.bmp=01;35:*.pbm=01;35:*.pgm=01;35:*.ppm=01;35:*.tga=01;35:*.xbm=01;35:*.xpm=01;35:*.tif=01;35:*.tiff=01;35:*.png=01;35:*.svg=01;35:*.svgz=01;35:*.mng=01;35:*.pcx=01;35:*.mov=01;35:*.mpg=01;35:*.mpeg=01;35:*.m2v=01;35:*.mkv=01;35:*.webm=01;35:*.ogm=01;35:*.mp4=01;35:*.m4v=01;35:*.mp4v=01;35:*.vob=01;35:*.qt=01;35:*.nuv=01;35:*.wmv=01;35:*.asf=01;35:*.rm=01;35:*.rmvb=01;35:*.flc=01;35:*.avi=01;35:*.fli=01;35:*.flv=01;35:*.gl=01;35:*.dl=01;35:*.xcf=01;35:*.xwd=01;35:*.yuv=01;35:*.cgm=01;35:*.emf=01;35:*.ogv=01;35:*.ogx=01;35:*.aac=00;36:*.au=00;36:*.flac=00;36:*.m4a=00;36:*.mid=00;36:*.midi=00;36:*.mka=00;36:*.mp3=00;36:*.mpc=00;36:*.ogg=00;36:*.ra=00;36:*.wav=00;36:*.oga=00;36:*.opus=00;36:*.spx=00;36:*.xspf=00;36:', 'OROCOS_TARGET': 'gnulinux', 'CMAKE_PREFIX_PATH': '/home/pal/ros_ws/devel:/opt/pal/gallium:/opt/ros/noetic', 'GAZEBO_RESOURCE_PATH': '/home/pal/ros_ws/src/va50:', 'ROS_WORKSPACE': '/home/pal/ros_ws', 'LESSCLOSE': '/usr/bin/lesspipe %s %s', 'PYTHONPATH': '/opt/pal/gallium/lib/python3/dist-packages:/opt/ros/noetic/lib/python3/dist-packages', 'TERM': 'xterm', 'VISP_INPUT_IMAGE_PATH': '/home/pal/visp-ws/visp-images', 'LESSOPEN': '| /usr/bin/lesspipe %s', 'USER': 'pal', 'RTT_COMPONENT_PATH': '/opt/pal/gallium/lib/orocos', 'DISPLAY': ':1', 'SHLVL': '1', 'PAL_DISTRO': 'gallium', 'ROS_MASTER_URI': 'http://localhost:11311/', 'LD_LIBRARY_PATH': '/home/pal/ros_ws/devel/lib:/opt/pal/gallium/lib:/opt/pal/gallium/lib/x86_64-linux-gnu:/opt/ros/noetic/lib:/opt/ros/noetic/lib/x86_64-linux-gnu:/usr/local/lib', 'GAZEBO_MODEL_PATH': '/home/pal/ros_ws/src/va50/models:', 'PATH': '/opt/pal/gallium/bin:/opt/ros/noetic/bin:/opt/pal/gallium/lib/pal_debian_utils/:/usr/local/sbin:/usr/local/bin:/usr/sbin:/usr/bin:/sbin:/bin', 'LUA_PATH': ';;/opt/pal/gallium/share/lua/5.1/?.lua;/opt/pal/gallium/share/lua/5.1/?.lua;/opt/pal/gallium/share/lua/5.1/?.lua', 'DEBIAN_FRONTEND': 'noninteractive', 'ROS_ROOT': '/opt/ros/noetic/share/ros', 'ROS_DISTRO': 'noetic', 'QT_X11_NO_MITSHM': '1', '_': '/opt/ros/noetic/bin/roslaunch', 'OLDPWD': '/home/pal/ros_ws', 'LC_CTYPE': 'C.UTF-8', 'ROS_LOG_FILENAME': '/home/pal/.ros/log/f65f8850-c4b0-11f0-b6c7-0028f8234b19/roslaunch-epan-tiago-noetic-ssh-137.log', 'LC_NUMERIC': 'C'}]
[roslaunch][INFO] 2025-11-18 20:01:19,960: process[robot_state_publisher-14]: args[['/opt/ros/noetic/lib/robot_state_publisher/robot_state_publisher', '__name:=robot_state_publisher']]
[roslaunch][INFO] 2025-11-18 20:01:19,960: ... created process [robot_state_publisher-14]
[roslaunch.pmon][INFO] 2025-11-18 20:01:19,960: ProcessMonitor.register[robot_state_publisher-14]
[roslaunch.pmon][INFO] 2025-11-18 20:01:19,960: ProcessMonitor.register[robot_state_publisher-14] complete
[roslaunch][INFO] 2025-11-18 20:01:19,960: ... registered process [robot_state_publisher-14]
[roslaunch][INFO] 2025-11-18 20:01:19,961: process[robot_state_publisher-14]: starting os process
[roslaunch][INFO] 2025-11-18 20:01:19,961: process[robot_state_publisher-14]: start w/ args [['/opt/ros/noetic/lib/robot_state_publisher/robot_state_publisher', '__name:=robot_state_publisher', '__log:=/home/pal/.ros/log/f65f8850-c4b0-11f0-b6c7-0028f8234b19/robot_state_publisher-14.log']]
[roslaunch][INFO] 2025-11-18 20:01:19,961: process[robot_state_publisher-14]: cwd will be [/home/pal/.ros]
[roslaunch][INFO] 2025-11-18 20:01:19,994: process[robot_state_publisher-14]: started with pid [203]
[roslaunch][INFO] 2025-11-18 20:01:19,996: ... successfully launched [robot_state_publisher-14]
[roslaunch][INFO] 2025-11-18 20:01:19,996: ... preparing to launch node of type [tf_lookup/tf_lookup]
[roslaunch][INFO] 2025-11-18 20:01:19,996: create_node_process: package[tf_lookup] type[tf_lookup] machine[Machine(name[] env_loader[None] address[localhost] ssh_port[22] user[None] assignable[True] timeout[10.0])] master_uri[http://localhost:11311/]
[roslaunch][INFO] 2025-11-18 20:01:19,997: process[tf_lookup-15]: env[{'ROS_VERSION': '1', 'DISABLE_ROS1_EOL_WARNINGS': '1', 'PKG_CONFIG_PATH': '/opt/pal/gallium/lib/pkgconfig:/opt/pal/gallium/lib/x86_64-linux-gnu/pkgconfig:/opt/ros/noetic/lib/pkgconfig:/opt/ros/noetic/lib/x86_64-linux-gnu/pkgconfig', 'ROS_PYTHON_VERSION': '3', 'HOSTNAME': 'epan-tiago-noetic-ssh', 'VISP_WS': '/home/pal/visp-ws', 'ROS_PACKAGE_PATH': '/home/pal/ros_ws/src:/opt/pal/gallium/share:/opt/ros/noetic/share', 'ROSLISP_PACKAGE_DIRECTORIES': '/home/pal/ros_ws/devel/share/common-lisp', 'PWD': '/home/pal/ros_ws/src', 'XAUTHORITY': '', 'TZ': 'Europe/Paris', 'ROS_IP': '127.0.0.1', 'HOME': '/home/pal', 'ROS_ETC_DIR': '/opt/ros/noetic/etc/ros', 'LS_COLORS': 'rs=0:di=01;34:ln=01;36:mh=00:pi=40;33:so=01;35:do=01;35:bd=40;33;01:cd=40;33;01:or=40;31;01:mi=00:su=37;41:sg=30;43:ca=30;41:tw=30;42:ow=34;42:st=37;44:ex=01;32:*.tar=01;31:*.tgz=01;31:*.arc=01;31:*.arj=01;31:*.taz=01;31:*.lha=01;31:*.lz4=01;31:*.lzh=01;31:*.lzma=01;31:*.tlz=01;31:*.txz=01;31:*.tzo=01;31:*.t7z=01;31:*.zip=01;31:*.z=01;31:*.dz=01;31:*.gz=01;31:*.lrz=01;31:*.lz=01;31:*.lzo=01;31:*.xz=01;31:*.zst=01;31:*.tzst=01;31:*.bz2=01;31:*.bz=01;31:*.tbz=01;31:*.tbz2=01;31:*.tz=01;31:*.deb=01;31:*.rpm=01;31:*.jar=01;31:*.war=01;31:*.ear=01;31:*.sar=01;31:*.rar=01;31:*.alz=01;31:*.ace=01;31:*.zoo=01;31:*.cpio=01;31:*.7z=01;31:*.rz=01;31:*.cab=01;31:*.wim=01;31:*.swm=01;31:*.dwm=01;31:*.esd=01;31:*.jpg=01;35:*.jpeg=01;35:*.mjpg=01;35:*.mjpeg=01;35:*.gif=01;35:*.bmp=01;35:*.pbm=01;35:*.pgm=01;35:*.ppm=01;35:*.tga=01;35:*.xbm=01;35:*.xpm=01;35:*.tif=01;35:*.tiff=01;35:*.png=01;35:*.svg=01;35:*.svgz=01;35:*.mng=01;35:*.pcx=01;35:*.mov=01;35:*.mpg=01;35:*.mpeg=01;35:*.m2v=01;35:*.mkv=01;35:*.webm=01;35:*.ogm=01;35:*.mp4=01;35:*.m4v=01;35:*.mp4v=01;35:*.vob=01;35:*.qt=01;35:*.nuv=01;35:*.wmv=01;35:*.asf=01;35:*.rm=01;35:*.rmvb=01;35:*.flc=01;35:*.avi=01;35:*.fli=01;35:*.flv=01;35:*.gl=01;35:*.dl=01;35:*.xcf=01;35:*.xwd=01;35:*.yuv=01;35:*.cgm=01;35:*.emf=01;35:*.ogv=01;35:*.ogx=01;35:*.aac=00;36:*.au=00;36:*.flac=00;36:*.m4a=00;36:*.mid=00;36:*.midi=00;36:*.mka=00;36:*.mp3=00;36:*.mpc=00;36:*.ogg=00;36:*.ra=00;36:*.wav=00;36:*.oga=00;36:*.opus=00;36:*.spx=00;36:*.xspf=00;36:', 'OROCOS_TARGET': 'gnulinux', 'CMAKE_PREFIX_PATH': '/home/pal/ros_ws/devel:/opt/pal/gallium:/opt/ros/noetic', 'GAZEBO_RESOURCE_PATH': '/home/pal/ros_ws/src/va50:', 'ROS_WORKSPACE': '/home/pal/ros_ws', 'LESSCLOSE': '/usr/bin/lesspipe %s %s', 'PYTHONPATH': '/opt/pal/gallium/lib/python3/dist-packages:/opt/ros/noetic/lib/python3/dist-packages', 'TERM': 'xterm', 'VISP_INPUT_IMAGE_PATH': '/home/pal/visp-ws/visp-images', 'LESSOPEN': '| /usr/bin/lesspipe %s', 'USER': 'pal', 'RTT_COMPONENT_PATH': '/opt/pal/gallium/lib/orocos', 'DISPLAY': ':1', 'SHLVL': '1', 'PAL_DISTRO': 'gallium', 'ROS_MASTER_URI': 'http://localhost:11311/', 'LD_LIBRARY_PATH': '/home/pal/ros_ws/devel/lib:/opt/pal/gallium/lib:/opt/pal/gallium/lib/x86_64-linux-gnu:/opt/ros/noetic/lib:/opt/ros/noetic/lib/x86_64-linux-gnu:/usr/local/lib', 'GAZEBO_MODEL_PATH': '/home/pal/ros_ws/src/va50/models:', 'PATH': '/opt/pal/gallium/bin:/opt/ros/noetic/bin:/opt/pal/gallium/lib/pal_debian_utils/:/usr/local/sbin:/usr/local/bin:/usr/sbin:/usr/bin:/sbin:/bin', 'LUA_PATH': ';;/opt/pal/gallium/share/lua/5.1/?.lua;/opt/pal/gallium/share/lua/5.1/?.lua;/opt/pal/gallium/share/lua/5.1/?.lua', 'DEBIAN_FRONTEND': 'noninteractive', 'ROS_ROOT': '/opt/ros/noetic/share/ros', 'ROS_DISTRO': 'noetic', 'QT_X11_NO_MITSHM': '1', '_': '/opt/ros/noetic/bin/roslaunch', 'OLDPWD': '/home/pal/ros_ws', 'LC_CTYPE': 'C.UTF-8', 'ROS_LOG_FILENAME': '/home/pal/.ros/log/f65f8850-c4b0-11f0-b6c7-0028f8234b19/roslaunch-epan-tiago-noetic-ssh-137.log', 'LC_NUMERIC': 'C'}]
[roslaunch][INFO] 2025-11-18 20:01:20,001: process[tf_lookup-15]: args[['/opt/pal/gallium/lib/tf_lookup/tf_lookup', '__name:=tf_lookup']]
[roslaunch][INFO] 2025-11-18 20:01:20,001: ... created process [tf_lookup-15]
[roslaunch.pmon][INFO] 2025-11-18 20:01:20,001: ProcessMonitor.register[tf_lookup-15]
[roslaunch.pmon][INFO] 2025-11-18 20:01:20,002: ProcessMonitor.register[tf_lookup-15] complete
[roslaunch][INFO] 2025-11-18 20:01:20,002: ... registered process [tf_lookup-15]
[roslaunch][INFO] 2025-11-18 20:01:20,003: process[tf_lookup-15]: starting os process
[roslaunch][INFO] 2025-11-18 20:01:20,003: process[tf_lookup-15]: start w/ args [['/opt/pal/gallium/lib/tf_lookup/tf_lookup', '__name:=tf_lookup', '__log:=/home/pal/.ros/log/f65f8850-c4b0-11f0-b6c7-0028f8234b19/tf_lookup-15.log']]
[roslaunch][INFO] 2025-11-18 20:01:20,003: process[tf_lookup-15]: cwd will be [/home/pal/.ros]
[roslaunch][INFO] 2025-11-18 20:01:20,036: process[tf_lookup-15]: started with pid [205]
[roslaunch][INFO] 2025-11-18 20:01:20,038: ... successfully launched [tf_lookup-15]
[roslaunch][INFO] 2025-11-18 20:01:20,039: ... preparing to launch node of type [twist_mux/twist_mux]
[roslaunch][INFO] 2025-11-18 20:01:20,039: create_node_process: package[twist_mux] type[twist_mux] machine[Machine(name[] env_loader[None] address[localhost] ssh_port[22] user[None] assignable[True] timeout[10.0])] master_uri[http://localhost:11311/]
[roslaunch][INFO] 2025-11-18 20:01:20,039: process[twist_mux-16]: env[{'ROS_VERSION': '1', 'DISABLE_ROS1_EOL_WARNINGS': '1', 'PKG_CONFIG_PATH': '/opt/pal/gallium/lib/pkgconfig:/opt/pal/gallium/lib/x86_64-linux-gnu/pkgconfig:/opt/ros/noetic/lib/pkgconfig:/opt/ros/noetic/lib/x86_64-linux-gnu/pkgconfig', 'ROS_PYTHON_VERSION': '3', 'HOSTNAME': 'epan-tiago-noetic-ssh', 'VISP_WS': '/home/pal/visp-ws', 'ROS_PACKAGE_PATH': '/home/pal/ros_ws/src:/opt/pal/gallium/share:/opt/ros/noetic/share', 'ROSLISP_PACKAGE_DIRECTORIES': '/home/pal/ros_ws/devel/share/common-lisp', 'PWD': '/home/pal/ros_ws/src', 'XAUTHORITY': '', 'TZ': 'Europe/Paris', 'ROS_IP': '127.0.0.1', 'HOME': '/home/pal', 'ROS_ETC_DIR': '/opt/ros/noetic/etc/ros', 'LS_COLORS': 'rs=0:di=01;34:ln=01;36:mh=00:pi=40;33:so=01;35:do=01;35:bd=40;33;01:cd=40;33;01:or=40;31;01:mi=00:su=37;41:sg=30;43:ca=30;41:tw=30;42:ow=34;42:st=37;44:ex=01;32:*.tar=01;31:*.tgz=01;31:*.arc=01;31:*.arj=01;31:*.taz=01;31:*.lha=01;31:*.lz4=01;31:*.lzh=01;31:*.lzma=01;31:*.tlz=01;31:*.txz=01;31:*.tzo=01;31:*.t7z=01;31:*.zip=01;31:*.z=01;31:*.dz=01;31:*.gz=01;31:*.lrz=01;31:*.lz=01;31:*.lzo=01;31:*.xz=01;31:*.zst=01;31:*.tzst=01;31:*.bz2=01;31:*.bz=01;31:*.tbz=01;31:*.tbz2=01;31:*.tz=01;31:*.deb=01;31:*.rpm=01;31:*.jar=01;31:*.war=01;31:*.ear=01;31:*.sar=01;31:*.rar=01;31:*.alz=01;31:*.ace=01;31:*.zoo=01;31:*.cpio=01;31:*.7z=01;31:*.rz=01;31:*.cab=01;31:*.wim=01;31:*.swm=01;31:*.dwm=01;31:*.esd=01;31:*.jpg=01;35:*.jpeg=01;35:*.mjpg=01;35:*.mjpeg=01;35:*.gif=01;35:*.bmp=01;35:*.pbm=01;35:*.pgm=01;35:*.ppm=01;35:*.tga=01;35:*.xbm=01;35:*.xpm=01;35:*.tif=01;35:*.tiff=01;35:*.png=01;35:*.svg=01;35:*.svgz=01;35:*.mng=01;35:*.pcx=01;35:*.mov=01;35:*.mpg=01;35:*.mpeg=01;35:*.m2v=01;35:*.mkv=01;35:*.webm=01;35:*.ogm=01;35:*.mp4=01;35:*.m4v=01;35:*.mp4v=01;35:*.vob=01;35:*.qt=01;35:*.nuv=01;35:*.wmv=01;35:*.asf=01;35:*.rm=01;35:*.rmvb=01;35:*.flc=01;35:*.avi=01;35:*.fli=01;35:*.flv=01;35:*.gl=01;35:*.dl=01;35:*.xcf=01;35:*.xwd=01;35:*.yuv=01;35:*.cgm=01;35:*.emf=01;35:*.ogv=01;35:*.ogx=01;35:*.aac=00;36:*.au=00;36:*.flac=00;36:*.m4a=00;36:*.mid=00;36:*.midi=00;36:*.mka=00;36:*.mp3=00;36:*.mpc=00;36:*.ogg=00;36:*.ra=00;36:*.wav=00;36:*.oga=00;36:*.opus=00;36:*.spx=00;36:*.xspf=00;36:', 'OROCOS_TARGET': 'gnulinux', 'CMAKE_PREFIX_PATH': '/home/pal/ros_ws/devel:/opt/pal/gallium:/opt/ros/noetic', 'GAZEBO_RESOURCE_PATH': '/home/pal/ros_ws/src/va50:', 'ROS_WORKSPACE': '/home/pal/ros_ws', 'LESSCLOSE': '/usr/bin/lesspipe %s %s', 'PYTHONPATH': '/opt/pal/gallium/lib/python3/dist-packages:/opt/ros/noetic/lib/python3/dist-packages', 'TERM': 'xterm', 'VISP_INPUT_IMAGE_PATH': '/home/pal/visp-ws/visp-images', 'LESSOPEN': '| /usr/bin/lesspipe %s', 'USER': 'pal', 'RTT_COMPONENT_PATH': '/opt/pal/gallium/lib/orocos', 'DISPLAY': ':1', 'SHLVL': '1', 'PAL_DISTRO': 'gallium', 'ROS_MASTER_URI': 'http://localhost:11311/', 'LD_LIBRARY_PATH': '/home/pal/ros_ws/devel/lib:/opt/pal/gallium/lib:/opt/pal/gallium/lib/x86_64-linux-gnu:/opt/ros/noetic/lib:/opt/ros/noetic/lib/x86_64-linux-gnu:/usr/local/lib', 'GAZEBO_MODEL_PATH': '/home/pal/ros_ws/src/va50/models:', 'PATH': '/opt/pal/gallium/bin:/opt/ros/noetic/bin:/opt/pal/gallium/lib/pal_debian_utils/:/usr/local/sbin:/usr/local/bin:/usr/sbin:/usr/bin:/sbin:/bin', 'LUA_PATH': ';;/opt/pal/gallium/share/lua/5.1/?.lua;/opt/pal/gallium/share/lua/5.1/?.lua;/opt/pal/gallium/share/lua/5.1/?.lua', 'DEBIAN_FRONTEND': 'noninteractive', 'ROS_ROOT': '/opt/ros/noetic/share/ros', 'ROS_DISTRO': 'noetic', 'QT_X11_NO_MITSHM': '1', '_': '/opt/ros/noetic/bin/roslaunch', 'OLDPWD': '/home/pal/ros_ws', 'LC_CTYPE': 'C.UTF-8', 'ROS_LOG_FILENAME': '/home/pal/.ros/log/f65f8850-c4b0-11f0-b6c7-0028f8234b19/roslaunch-epan-tiago-noetic-ssh-137.log', 'LC_NUMERIC': 'C'}]
[roslaunch][INFO] 2025-11-18 20:01:20,049: process[twist_mux-16]: args[['/opt/ros/noetic/lib/twist_mux/twist_mux', 'cmd_vel_out:=mobile_base_controller/cmd_vel', '__name:=twist_mux']]
[roslaunch][INFO] 2025-11-18 20:01:20,050: ... created process [twist_mux-16]
[roslaunch.pmon][INFO] 2025-11-18 20:01:20,050: ProcessMonitor.register[twist_mux-16]
[roslaunch.pmon][INFO] 2025-11-18 20:01:20,050: ProcessMonitor.register[twist_mux-16] complete
[roslaunch][INFO] 2025-11-18 20:01:20,050: ... registered process [twist_mux-16]
[roslaunch][INFO] 2025-11-18 20:01:20,050: process[twist_mux-16]: starting os process
[roslaunch][INFO] 2025-11-18 20:01:20,050: process[twist_mux-16]: start w/ args [['/opt/ros/noetic/lib/twist_mux/twist_mux', 'cmd_vel_out:=mobile_base_controller/cmd_vel', '__name:=twist_mux', '__log:=/home/pal/.ros/log/f65f8850-c4b0-11f0-b6c7-0028f8234b19/twist_mux-16.log']]
[roslaunch][INFO] 2025-11-18 20:01:20,050: process[twist_mux-16]: cwd will be [/home/pal/.ros]
[roslaunch][INFO] 2025-11-18 20:01:20,086: process[twist_mux-16]: started with pid [214]
[roslaunch][INFO] 2025-11-18 20:01:20,088: ... successfully launched [twist_mux-16]
[roslaunch][INFO] 2025-11-18 20:01:20,088: ... preparing to launch node of type [twist_mux/twist_marker]
[roslaunch][INFO] 2025-11-18 20:01:20,088: create_node_process: package[twist_mux] type[twist_marker] machine[Machine(name[] env_loader[None] address[localhost] ssh_port[22] user[None] assignable[True] timeout[10.0])] master_uri[http://localhost:11311/]
[roslaunch][INFO] 2025-11-18 20:01:20,089: process[twist_marker-17]: env[{'ROS_VERSION': '1', 'DISABLE_ROS1_EOL_WARNINGS': '1', 'PKG_CONFIG_PATH': '/opt/pal/gallium/lib/pkgconfig:/opt/pal/gallium/lib/x86_64-linux-gnu/pkgconfig:/opt/ros/noetic/lib/pkgconfig:/opt/ros/noetic/lib/x86_64-linux-gnu/pkgconfig', 'ROS_PYTHON_VERSION': '3', 'HOSTNAME': 'epan-tiago-noetic-ssh', 'VISP_WS': '/home/pal/visp-ws', 'ROS_PACKAGE_PATH': '/home/pal/ros_ws/src:/opt/pal/gallium/share:/opt/ros/noetic/share', 'ROSLISP_PACKAGE_DIRECTORIES': '/home/pal/ros_ws/devel/share/common-lisp', 'PWD': '/home/pal/ros_ws/src', 'XAUTHORITY': '', 'TZ': 'Europe/Paris', 'ROS_IP': '127.0.0.1', 'HOME': '/home/pal', 'ROS_ETC_DIR': '/opt/ros/noetic/etc/ros', 'LS_COLORS': 'rs=0:di=01;34:ln=01;36:mh=00:pi=40;33:so=01;35:do=01;35:bd=40;33;01:cd=40;33;01:or=40;31;01:mi=00:su=37;41:sg=30;43:ca=30;41:tw=30;42:ow=34;42:st=37;44:ex=01;32:*.tar=01;31:*.tgz=01;31:*.arc=01;31:*.arj=01;31:*.taz=01;31:*.lha=01;31:*.lz4=01;31:*.lzh=01;31:*.lzma=01;31:*.tlz=01;31:*.txz=01;31:*.tzo=01;31:*.t7z=01;31:*.zip=01;31:*.z=01;31:*.dz=01;31:*.gz=01;31:*.lrz=01;31:*.lz=01;31:*.lzo=01;31:*.xz=01;31:*.zst=01;31:*.tzst=01;31:*.bz2=01;31:*.bz=01;31:*.tbz=01;31:*.tbz2=01;31:*.tz=01;31:*.deb=01;31:*.rpm=01;31:*.jar=01;31:*.war=01;31:*.ear=01;31:*.sar=01;31:*.rar=01;31:*.alz=01;31:*.ace=01;31:*.zoo=01;31:*.cpio=01;31:*.7z=01;31:*.rz=01;31:*.cab=01;31:*.wim=01;31:*.swm=01;31:*.dwm=01;31:*.esd=01;31:*.jpg=01;35:*.jpeg=01;35:*.mjpg=01;35:*.mjpeg=01;35:*.gif=01;35:*.bmp=01;35:*.pbm=01;35:*.pgm=01;35:*.ppm=01;35:*.tga=01;35:*.xbm=01;35:*.xpm=01;35:*.tif=01;35:*.tiff=01;35:*.png=01;35:*.svg=01;35:*.svgz=01;35:*.mng=01;35:*.pcx=01;35:*.mov=01;35:*.mpg=01;35:*.mpeg=01;35:*.m2v=01;35:*.mkv=01;35:*.webm=01;35:*.ogm=01;35:*.mp4=01;35:*.m4v=01;35:*.mp4v=01;35:*.vob=01;35:*.qt=01;35:*.nuv=01;35:*.wmv=01;35:*.asf=01;35:*.rm=01;35:*.rmvb=01;35:*.flc=01;35:*.avi=01;35:*.fli=01;35:*.flv=01;35:*.gl=01;35:*.dl=01;35:*.xcf=01;35:*.xwd=01;35:*.yuv=01;35:*.cgm=01;35:*.emf=01;35:*.ogv=01;35:*.ogx=01;35:*.aac=00;36:*.au=00;36:*.flac=00;36:*.m4a=00;36:*.mid=00;36:*.midi=00;36:*.mka=00;36:*.mp3=00;36:*.mpc=00;36:*.ogg=00;36:*.ra=00;36:*.wav=00;36:*.oga=00;36:*.opus=00;36:*.spx=00;36:*.xspf=00;36:', 'OROCOS_TARGET': 'gnulinux', 'CMAKE_PREFIX_PATH': '/home/pal/ros_ws/devel:/opt/pal/gallium:/opt/ros/noetic', 'GAZEBO_RESOURCE_PATH': '/home/pal/ros_ws/src/va50:', 'ROS_WORKSPACE': '/home/pal/ros_ws', 'LESSCLOSE': '/usr/bin/lesspipe %s %s', 'PYTHONPATH': '/opt/pal/gallium/lib/python3/dist-packages:/opt/ros/noetic/lib/python3/dist-packages', 'TERM': 'xterm', 'VISP_INPUT_IMAGE_PATH': '/home/pal/visp-ws/visp-images', 'LESSOPEN': '| /usr/bin/lesspipe %s', 'USER': 'pal', 'RTT_COMPONENT_PATH': '/opt/pal/gallium/lib/orocos', 'DISPLAY': ':1', 'SHLVL': '1', 'PAL_DISTRO': 'gallium', 'ROS_MASTER_URI': 'http://localhost:11311/', 'LD_LIBRARY_PATH': '/home/pal/ros_ws/devel/lib:/opt/pal/gallium/lib:/opt/pal/gallium/lib/x86_64-linux-gnu:/opt/ros/noetic/lib:/opt/ros/noetic/lib/x86_64-linux-gnu:/usr/local/lib', 'GAZEBO_MODEL_PATH': '/home/pal/ros_ws/src/va50/models:', 'PATH': '/opt/pal/gallium/bin:/opt/ros/noetic/bin:/opt/pal/gallium/lib/pal_debian_utils/:/usr/local/sbin:/usr/local/bin:/usr/sbin:/usr/bin:/sbin:/bin', 'LUA_PATH': ';;/opt/pal/gallium/share/lua/5.1/?.lua;/opt/pal/gallium/share/lua/5.1/?.lua;/opt/pal/gallium/share/lua/5.1/?.lua', 'DEBIAN_FRONTEND': 'noninteractive', 'ROS_ROOT': '/opt/ros/noetic/share/ros', 'ROS_DISTRO': 'noetic', 'QT_X11_NO_MITSHM': '1', '_': '/opt/ros/noetic/bin/roslaunch', 'OLDPWD': '/home/pal/ros_ws', 'LC_CTYPE': 'C.UTF-8', 'ROS_LOG_FILENAME': '/home/pal/.ros/log/f65f8850-c4b0-11f0-b6c7-0028f8234b19/roslaunch-epan-tiago-noetic-ssh-137.log', 'LC_NUMERIC': 'C'}]
[roslaunch][INFO] 2025-11-18 20:01:20,100: process[twist_marker-17]: args[['/opt/ros/noetic/lib/twist_mux/twist_marker', 'twist:=mobile_base_controller/cmd_vel', 'marker:=twist_marker', '__name:=twist_marker']]
[roslaunch][INFO] 2025-11-18 20:01:20,101: ... created process [twist_marker-17]
[roslaunch.pmon][INFO] 2025-11-18 20:01:20,101: ProcessMonitor.register[twist_marker-17]
[roslaunch.pmon][INFO] 2025-11-18 20:01:20,101: ProcessMonitor.register[twist_marker-17] complete
[roslaunch][INFO] 2025-11-18 20:01:20,101: ... registered process [twist_marker-17]
[roslaunch][INFO] 2025-11-18 20:01:20,101: process[twist_marker-17]: starting os process
[roslaunch][INFO] 2025-11-18 20:01:20,101: process[twist_marker-17]: start w/ args [['/opt/ros/noetic/lib/twist_mux/twist_marker', 'twist:=mobile_base_controller/cmd_vel', 'marker:=twist_marker', '__name:=twist_marker', '__log:=/home/pal/.ros/log/f65f8850-c4b0-11f0-b6c7-0028f8234b19/twist_marker-17.log']]
[roslaunch][INFO] 2025-11-18 20:01:20,101: process[twist_marker-17]: cwd will be [/home/pal/.ros]
[roslaunch][INFO] 2025-11-18 20:01:20,132: process[twist_marker-17]: started with pid [221]
[roslaunch][INFO] 2025-11-18 20:01:20,133: ... successfully launched [twist_marker-17]
[roslaunch][INFO] 2025-11-18 20:01:20,133: ... preparing to launch node of type [twist_mux/joystick_relay.py]
[roslaunch][INFO] 2025-11-18 20:01:20,133: create_node_process: package[twist_mux] type[joystick_relay.py] machine[Machine(name[] env_loader[None] address[localhost] ssh_port[22] user[None] assignable[True] timeout[10.0])] master_uri[http://localhost:11311/]
[roslaunch][INFO] 2025-11-18 20:01:20,134: process[joystick_relay-18]: env[{'ROS_VERSION': '1', 'DISABLE_ROS1_EOL_WARNINGS': '1', 'PKG_CONFIG_PATH': '/opt/pal/gallium/lib/pkgconfig:/opt/pal/gallium/lib/x86_64-linux-gnu/pkgconfig:/opt/ros/noetic/lib/pkgconfig:/opt/ros/noetic/lib/x86_64-linux-gnu/pkgconfig', 'ROS_PYTHON_VERSION': '3', 'HOSTNAME': 'epan-tiago-noetic-ssh', 'VISP_WS': '/home/pal/visp-ws', 'ROS_PACKAGE_PATH': '/home/pal/ros_ws/src:/opt/pal/gallium/share:/opt/ros/noetic/share', 'ROSLISP_PACKAGE_DIRECTORIES': '/home/pal/ros_ws/devel/share/common-lisp', 'PWD': '/home/pal/ros_ws/src', 'XAUTHORITY': '', 'TZ': 'Europe/Paris', 'ROS_IP': '127.0.0.1', 'HOME': '/home/pal', 'ROS_ETC_DIR': '/opt/ros/noetic/etc/ros', 'LS_COLORS': 'rs=0:di=01;34:ln=01;36:mh=00:pi=40;33:so=01;35:do=01;35:bd=40;33;01:cd=40;33;01:or=40;31;01:mi=00:su=37;41:sg=30;43:ca=30;41:tw=30;42:ow=34;42:st=37;44:ex=01;32:*.tar=01;31:*.tgz=01;31:*.arc=01;31:*.arj=01;31:*.taz=01;31:*.lha=01;31:*.lz4=01;31:*.lzh=01;31:*.lzma=01;31:*.tlz=01;31:*.txz=01;31:*.tzo=01;31:*.t7z=01;31:*.zip=01;31:*.z=01;31:*.dz=01;31:*.gz=01;31:*.lrz=01;31:*.lz=01;31:*.lzo=01;31:*.xz=01;31:*.zst=01;31:*.tzst=01;31:*.bz2=01;31:*.bz=01;31:*.tbz=01;31:*.tbz2=01;31:*.tz=01;31:*.deb=01;31:*.rpm=01;31:*.jar=01;31:*.war=01;31:*.ear=01;31:*.sar=01;31:*.rar=01;31:*.alz=01;31:*.ace=01;31:*.zoo=01;31:*.cpio=01;31:*.7z=01;31:*.rz=01;31:*.cab=01;31:*.wim=01;31:*.swm=01;31:*.dwm=01;31:*.esd=01;31:*.jpg=01;35:*.jpeg=01;35:*.mjpg=01;35:*.mjpeg=01;35:*.gif=01;35:*.bmp=01;35:*.pbm=01;35:*.pgm=01;35:*.ppm=01;35:*.tga=01;35:*.xbm=01;35:*.xpm=01;35:*.tif=01;35:*.tiff=01;35:*.png=01;35:*.svg=01;35:*.svgz=01;35:*.mng=01;35:*.pcx=01;35:*.mov=01;35:*.mpg=01;35:*.mpeg=01;35:*.m2v=01;35:*.mkv=01;35:*.webm=01;35:*.ogm=01;35:*.mp4=01;35:*.m4v=01;35:*.mp4v=01;35:*.vob=01;35:*.qt=01;35:*.nuv=01;35:*.wmv=01;35:*.asf=01;35:*.rm=01;35:*.rmvb=01;35:*.flc=01;35:*.avi=01;35:*.fli=01;35:*.flv=01;35:*.gl=01;35:*.dl=01;35:*.xcf=01;35:*.xwd=01;35:*.yuv=01;35:*.cgm=01;35:*.emf=01;35:*.ogv=01;35:*.ogx=01;35:*.aac=00;36:*.au=00;36:*.flac=00;36:*.m4a=00;36:*.mid=00;36:*.midi=00;36:*.mka=00;36:*.mp3=00;36:*.mpc=00;36:*.ogg=00;36:*.ra=00;36:*.wav=00;36:*.oga=00;36:*.opus=00;36:*.spx=00;36:*.xspf=00;36:', 'OROCOS_TARGET': 'gnulinux', 'CMAKE_PREFIX_PATH': '/home/pal/ros_ws/devel:/opt/pal/gallium:/opt/ros/noetic', 'GAZEBO_RESOURCE_PATH': '/home/pal/ros_ws/src/va50:', 'ROS_WORKSPACE': '/home/pal/ros_ws', 'LESSCLOSE': '/usr/bin/lesspipe %s %s', 'PYTHONPATH': '/opt/pal/gallium/lib/python3/dist-packages:/opt/ros/noetic/lib/python3/dist-packages', 'TERM': 'xterm', 'VISP_INPUT_IMAGE_PATH': '/home/pal/visp-ws/visp-images', 'LESSOPEN': '| /usr/bin/lesspipe %s', 'USER': 'pal', 'RTT_COMPONENT_PATH': '/opt/pal/gallium/lib/orocos', 'DISPLAY': ':1', 'SHLVL': '1', 'PAL_DISTRO': 'gallium', 'ROS_MASTER_URI': 'http://localhost:11311/', 'LD_LIBRARY_PATH': '/home/pal/ros_ws/devel/lib:/opt/pal/gallium/lib:/opt/pal/gallium/lib/x86_64-linux-gnu:/opt/ros/noetic/lib:/opt/ros/noetic/lib/x86_64-linux-gnu:/usr/local/lib', 'GAZEBO_MODEL_PATH': '/home/pal/ros_ws/src/va50/models:', 'PATH': '/opt/pal/gallium/bin:/opt/ros/noetic/bin:/opt/pal/gallium/lib/pal_debian_utils/:/usr/local/sbin:/usr/local/bin:/usr/sbin:/usr/bin:/sbin:/bin', 'LUA_PATH': ';;/opt/pal/gallium/share/lua/5.1/?.lua;/opt/pal/gallium/share/lua/5.1/?.lua;/opt/pal/gallium/share/lua/5.1/?.lua', 'DEBIAN_FRONTEND': 'noninteractive', 'ROS_ROOT': '/opt/ros/noetic/share/ros', 'ROS_DISTRO': 'noetic', 'QT_X11_NO_MITSHM': '1', '_': '/opt/ros/noetic/bin/roslaunch', 'OLDPWD': '/home/pal/ros_ws', 'LC_CTYPE': 'C.UTF-8', 'ROS_LOG_FILENAME': '/home/pal/.ros/log/f65f8850-c4b0-11f0-b6c7-0028f8234b19/roslaunch-epan-tiago-noetic-ssh-137.log', 'LC_NUMERIC': 'C'}]
[roslaunch][INFO] 2025-11-18 20:01:20,137: process[joystick_relay-18]: args[['/opt/ros/noetic/lib/twist_mux/joystick_relay.py', 'joy_vel_in:=input_joy/cmd_vel', 'joy_vel_out:=joy_vel', '__name:=joystick_relay']]
[roslaunch][INFO] 2025-11-18 20:01:20,137: ... created process [joystick_relay-18]
[roslaunch.pmon][INFO] 2025-11-18 20:01:20,138: ProcessMonitor.register[joystick_relay-18]
[roslaunch.pmon][INFO] 2025-11-18 20:01:20,138: ProcessMonitor.register[joystick_relay-18] complete
[roslaunch][INFO] 2025-11-18 20:01:20,138: ... registered process [joystick_relay-18]
[roslaunch][INFO] 2025-11-18 20:01:20,138: process[joystick_relay-18]: starting os process
[roslaunch][INFO] 2025-11-18 20:01:20,143: process[joystick_relay-18]: start w/ args [['/opt/ros/noetic/lib/twist_mux/joystick_relay.py', 'joy_vel_in:=input_joy/cmd_vel', 'joy_vel_out:=joy_vel', '__name:=joystick_relay', '__log:=/home/pal/.ros/log/f65f8850-c4b0-11f0-b6c7-0028f8234b19/joystick_relay-18.log']]
[roslaunch][INFO] 2025-11-18 20:01:20,143: process[joystick_relay-18]: cwd will be [/home/pal/.ros]
[roslaunch][INFO] 2025-11-18 20:01:20,168: process[joystick_relay-18]: started with pid [226]
[roslaunch][INFO] 2025-11-18 20:01:20,172: ... successfully launched [joystick_relay-18]
[roslaunch][INFO] 2025-11-18 20:01:20,174: ... preparing to launch node of type [dynamic_footprint/dynamic_footprint_publisher.py]
[roslaunch][INFO] 2025-11-18 20:01:20,175: create_node_process: package[dynamic_footprint] type[dynamic_footprint_publisher.py] machine[Machine(name[] env_loader[None] address[localhost] ssh_port[22] user[None] assignable[True] timeout[10.0])] master_uri[http://localhost:11311/]
[roslaunch][INFO] 2025-11-18 20:01:20,177: process[dynamic_footprint_publisher-19]: env[{'ROS_VERSION': '1', 'DISABLE_ROS1_EOL_WARNINGS': '1', 'PKG_CONFIG_PATH': '/opt/pal/gallium/lib/pkgconfig:/opt/pal/gallium/lib/x86_64-linux-gnu/pkgconfig:/opt/ros/noetic/lib/pkgconfig:/opt/ros/noetic/lib/x86_64-linux-gnu/pkgconfig', 'ROS_PYTHON_VERSION': '3', 'HOSTNAME': 'epan-tiago-noetic-ssh', 'VISP_WS': '/home/pal/visp-ws', 'ROS_PACKAGE_PATH': '/home/pal/ros_ws/src:/opt/pal/gallium/share:/opt/ros/noetic/share', 'ROSLISP_PACKAGE_DIRECTORIES': '/home/pal/ros_ws/devel/share/common-lisp', 'PWD': '/home/pal/ros_ws/src', 'XAUTHORITY': '', 'TZ': 'Europe/Paris', 'ROS_IP': '127.0.0.1', 'HOME': '/home/pal', 'ROS_ETC_DIR': '/opt/ros/noetic/etc/ros', 'LS_COLORS': 'rs=0:di=01;34:ln=01;36:mh=00:pi=40;33:so=01;35:do=01;35:bd=40;33;01:cd=40;33;01:or=40;31;01:mi=00:su=37;41:sg=30;43:ca=30;41:tw=30;42:ow=34;42:st=37;44:ex=01;32:*.tar=01;31:*.tgz=01;31:*.arc=01;31:*.arj=01;31:*.taz=01;31:*.lha=01;31:*.lz4=01;31:*.lzh=01;31:*.lzma=01;31:*.tlz=01;31:*.txz=01;31:*.tzo=01;31:*.t7z=01;31:*.zip=01;31:*.z=01;31:*.dz=01;31:*.gz=01;31:*.lrz=01;31:*.lz=01;31:*.lzo=01;31:*.xz=01;31:*.zst=01;31:*.tzst=01;31:*.bz2=01;31:*.bz=01;31:*.tbz=01;31:*.tbz2=01;31:*.tz=01;31:*.deb=01;31:*.rpm=01;31:*.jar=01;31:*.war=01;31:*.ear=01;31:*.sar=01;31:*.rar=01;31:*.alz=01;31:*.ace=01;31:*.zoo=01;31:*.cpio=01;31:*.7z=01;31:*.rz=01;31:*.cab=01;31:*.wim=01;31:*.swm=01;31:*.dwm=01;31:*.esd=01;31:*.jpg=01;35:*.jpeg=01;35:*.mjpg=01;35:*.mjpeg=01;35:*.gif=01;35:*.bmp=01;35:*.pbm=01;35:*.pgm=01;35:*.ppm=01;35:*.tga=01;35:*.xbm=01;35:*.xpm=01;35:*.tif=01;35:*.tiff=01;35:*.png=01;35:*.svg=01;35:*.svgz=01;35:*.mng=01;35:*.pcx=01;35:*.mov=01;35:*.mpg=01;35:*.mpeg=01;35:*.m2v=01;35:*.mkv=01;35:*.webm=01;35:*.ogm=01;35:*.mp4=01;35:*.m4v=01;35:*.mp4v=01;35:*.vob=01;35:*.qt=01;35:*.nuv=01;35:*.wmv=01;35:*.asf=01;35:*.rm=01;35:*.rmvb=01;35:*.flc=01;35:*.avi=01;35:*.fli=01;35:*.flv=01;35:*.gl=01;35:*.dl=01;35:*.xcf=01;35:*.xwd=01;35:*.yuv=01;35:*.cgm=01;35:*.emf=01;35:*.ogv=01;35:*.ogx=01;35:*.aac=00;36:*.au=00;36:*.flac=00;36:*.m4a=00;36:*.mid=00;36:*.midi=00;36:*.mka=00;36:*.mp3=00;36:*.mpc=00;36:*.ogg=00;36:*.ra=00;36:*.wav=00;36:*.oga=00;36:*.opus=00;36:*.spx=00;36:*.xspf=00;36:', 'OROCOS_TARGET': 'gnulinux', 'CMAKE_PREFIX_PATH': '/home/pal/ros_ws/devel:/opt/pal/gallium:/opt/ros/noetic', 'GAZEBO_RESOURCE_PATH': '/home/pal/ros_ws/src/va50:', 'ROS_WORKSPACE': '/home/pal/ros_ws', 'LESSCLOSE': '/usr/bin/lesspipe %s %s', 'PYTHONPATH': '/opt/pal/gallium/lib/python3/dist-packages:/opt/ros/noetic/lib/python3/dist-packages', 'TERM': 'xterm', 'VISP_INPUT_IMAGE_PATH': '/home/pal/visp-ws/visp-images', 'LESSOPEN': '| /usr/bin/lesspipe %s', 'USER': 'pal', 'RTT_COMPONENT_PATH': '/opt/pal/gallium/lib/orocos', 'DISPLAY': ':1', 'SHLVL': '1', 'PAL_DISTRO': 'gallium', 'ROS_MASTER_URI': 'http://localhost:11311/', 'LD_LIBRARY_PATH': '/home/pal/ros_ws/devel/lib:/opt/pal/gallium/lib:/opt/pal/gallium/lib/x86_64-linux-gnu:/opt/ros/noetic/lib:/opt/ros/noetic/lib/x86_64-linux-gnu:/usr/local/lib', 'GAZEBO_MODEL_PATH': '/home/pal/ros_ws/src/va50/models:', 'PATH': '/opt/pal/gallium/bin:/opt/ros/noetic/bin:/opt/pal/gallium/lib/pal_debian_utils/:/usr/local/sbin:/usr/local/bin:/usr/sbin:/usr/bin:/sbin:/bin', 'LUA_PATH': ';;/opt/pal/gallium/share/lua/5.1/?.lua;/opt/pal/gallium/share/lua/5.1/?.lua;/opt/pal/gallium/share/lua/5.1/?.lua', 'DEBIAN_FRONTEND': 'noninteractive', 'ROS_ROOT': '/opt/ros/noetic/share/ros', 'ROS_DISTRO': 'noetic', 'QT_X11_NO_MITSHM': '1', '_': '/opt/ros/noetic/bin/roslaunch', 'OLDPWD': '/home/pal/ros_ws', 'LC_CTYPE': 'C.UTF-8', 'ROS_LOG_FILENAME': '/home/pal/.ros/log/f65f8850-c4b0-11f0-b6c7-0028f8234b19/roslaunch-epan-tiago-noetic-ssh-137.log', 'LC_NUMERIC': 'C'}]
[roslaunch][INFO] 2025-11-18 20:01:20,191: process[dynamic_footprint_publisher-19]: args[['/opt/pal/gallium/lib/dynamic_footprint/dynamic_footprint_publisher.py', '__name:=dynamic_footprint_publisher']]
[roslaunch][INFO] 2025-11-18 20:01:20,191: ... created process [dynamic_footprint_publisher-19]
[roslaunch.pmon][INFO] 2025-11-18 20:01:20,192: ProcessMonitor.register[dynamic_footprint_publisher-19]
[roslaunch.pmon][INFO] 2025-11-18 20:01:20,192: ProcessMonitor.register[dynamic_footprint_publisher-19] complete
[roslaunch][INFO] 2025-11-18 20:01:20,192: ... registered process [dynamic_footprint_publisher-19]
[roslaunch][INFO] 2025-11-18 20:01:20,192: process[dynamic_footprint_publisher-19]: starting os process
[roslaunch][INFO] 2025-11-18 20:01:20,193: process[dynamic_footprint_publisher-19]: start w/ args [['/opt/pal/gallium/lib/dynamic_footprint/dynamic_footprint_publisher.py', '__name:=dynamic_footprint_publisher', '__log:=/home/pal/.ros/log/f65f8850-c4b0-11f0-b6c7-0028f8234b19/dynamic_footprint_publisher-19.log']]
[roslaunch][INFO] 2025-11-18 20:01:20,194: process[dynamic_footprint_publisher-19]: cwd will be [/home/pal/.ros]
[roslaunch][INFO] 2025-11-18 20:01:20,219: process[dynamic_footprint_publisher-19]: started with pid [240]
[roslaunch][INFO] 2025-11-18 20:01:20,221: ... successfully launched [dynamic_footprint_publisher-19]
[roslaunch][INFO] 2025-11-18 20:01:20,221: ... preparing to launch node of type [topic_tools/relay]
[roslaunch][INFO] 2025-11-18 20:01:20,223: create_node_process: package[topic_tools] type[relay] machine[Machine(name[] env_loader[None] address[localhost] ssh_port[22] user[None] assignable[True] timeout[10.0])] master_uri[http://localhost:11311/]
[roslaunch][INFO] 2025-11-18 20:01:20,223: process[image_raw_to_rect_color_relay-20]: env[{'ROS_VERSION': '1', 'DISABLE_ROS1_EOL_WARNINGS': '1', 'PKG_CONFIG_PATH': '/opt/pal/gallium/lib/pkgconfig:/opt/pal/gallium/lib/x86_64-linux-gnu/pkgconfig:/opt/ros/noetic/lib/pkgconfig:/opt/ros/noetic/lib/x86_64-linux-gnu/pkgconfig', 'ROS_PYTHON_VERSION': '3', 'HOSTNAME': 'epan-tiago-noetic-ssh', 'VISP_WS': '/home/pal/visp-ws', 'ROS_PACKAGE_PATH': '/home/pal/ros_ws/src:/opt/pal/gallium/share:/opt/ros/noetic/share', 'ROSLISP_PACKAGE_DIRECTORIES': '/home/pal/ros_ws/devel/share/common-lisp', 'PWD': '/home/pal/ros_ws/src', 'XAUTHORITY': '', 'TZ': 'Europe/Paris', 'ROS_IP': '127.0.0.1', 'HOME': '/home/pal', 'ROS_ETC_DIR': '/opt/ros/noetic/etc/ros', 'LS_COLORS': 'rs=0:di=01;34:ln=01;36:mh=00:pi=40;33:so=01;35:do=01;35:bd=40;33;01:cd=40;33;01:or=40;31;01:mi=00:su=37;41:sg=30;43:ca=30;41:tw=30;42:ow=34;42:st=37;44:ex=01;32:*.tar=01;31:*.tgz=01;31:*.arc=01;31:*.arj=01;31:*.taz=01;31:*.lha=01;31:*.lz4=01;31:*.lzh=01;31:*.lzma=01;31:*.tlz=01;31:*.txz=01;31:*.tzo=01;31:*.t7z=01;31:*.zip=01;31:*.z=01;31:*.dz=01;31:*.gz=01;31:*.lrz=01;31:*.lz=01;31:*.lzo=01;31:*.xz=01;31:*.zst=01;31:*.tzst=01;31:*.bz2=01;31:*.bz=01;31:*.tbz=01;31:*.tbz2=01;31:*.tz=01;31:*.deb=01;31:*.rpm=01;31:*.jar=01;31:*.war=01;31:*.ear=01;31:*.sar=01;31:*.rar=01;31:*.alz=01;31:*.ace=01;31:*.zoo=01;31:*.cpio=01;31:*.7z=01;31:*.rz=01;31:*.cab=01;31:*.wim=01;31:*.swm=01;31:*.dwm=01;31:*.esd=01;31:*.jpg=01;35:*.jpeg=01;35:*.mjpg=01;35:*.mjpeg=01;35:*.gif=01;35:*.bmp=01;35:*.pbm=01;35:*.pgm=01;35:*.ppm=01;35:*.tga=01;35:*.xbm=01;35:*.xpm=01;35:*.tif=01;35:*.tiff=01;35:*.png=01;35:*.svg=01;35:*.svgz=01;35:*.mng=01;35:*.pcx=01;35:*.mov=01;35:*.mpg=01;35:*.mpeg=01;35:*.m2v=01;35:*.mkv=01;35:*.webm=01;35:*.ogm=01;35:*.mp4=01;35:*.m4v=01;35:*.mp4v=01;35:*.vob=01;35:*.qt=01;35:*.nuv=01;35:*.wmv=01;35:*.asf=01;35:*.rm=01;35:*.rmvb=01;35:*.flc=01;35:*.avi=01;35:*.fli=01;35:*.flv=01;35:*.gl=01;35:*.dl=01;35:*.xcf=01;35:*.xwd=01;35:*.yuv=01;35:*.cgm=01;35:*.emf=01;35:*.ogv=01;35:*.ogx=01;35:*.aac=00;36:*.au=00;36:*.flac=00;36:*.m4a=00;36:*.mid=00;36:*.midi=00;36:*.mka=00;36:*.mp3=00;36:*.mpc=00;36:*.ogg=00;36:*.ra=00;36:*.wav=00;36:*.oga=00;36:*.opus=00;36:*.spx=00;36:*.xspf=00;36:', 'OROCOS_TARGET': 'gnulinux', 'CMAKE_PREFIX_PATH': '/home/pal/ros_ws/devel:/opt/pal/gallium:/opt/ros/noetic', 'GAZEBO_RESOURCE_PATH': '/home/pal/ros_ws/src/va50:', 'ROS_WORKSPACE': '/home/pal/ros_ws', 'LESSCLOSE': '/usr/bin/lesspipe %s %s', 'PYTHONPATH': '/opt/pal/gallium/lib/python3/dist-packages:/opt/ros/noetic/lib/python3/dist-packages', 'TERM': 'xterm', 'VISP_INPUT_IMAGE_PATH': '/home/pal/visp-ws/visp-images', 'LESSOPEN': '| /usr/bin/lesspipe %s', 'USER': 'pal', 'RTT_COMPONENT_PATH': '/opt/pal/gallium/lib/orocos', 'DISPLAY': ':1', 'SHLVL': '1', 'PAL_DISTRO': 'gallium', 'ROS_MASTER_URI': 'http://localhost:11311/', 'LD_LIBRARY_PATH': '/home/pal/ros_ws/devel/lib:/opt/pal/gallium/lib:/opt/pal/gallium/lib/x86_64-linux-gnu:/opt/ros/noetic/lib:/opt/ros/noetic/lib/x86_64-linux-gnu:/usr/local/lib', 'GAZEBO_MODEL_PATH': '/home/pal/ros_ws/src/va50/models:', 'PATH': '/opt/pal/gallium/bin:/opt/ros/noetic/bin:/opt/pal/gallium/lib/pal_debian_utils/:/usr/local/sbin:/usr/local/bin:/usr/sbin:/usr/bin:/sbin:/bin', 'LUA_PATH': ';;/opt/pal/gallium/share/lua/5.1/?.lua;/opt/pal/gallium/share/lua/5.1/?.lua;/opt/pal/gallium/share/lua/5.1/?.lua', 'DEBIAN_FRONTEND': 'noninteractive', 'ROS_ROOT': '/opt/ros/noetic/share/ros', 'ROS_DISTRO': 'noetic', 'QT_X11_NO_MITSHM': '1', '_': '/opt/ros/noetic/bin/roslaunch', 'OLDPWD': '/home/pal/ros_ws', 'LC_CTYPE': 'C.UTF-8', 'ROS_LOG_FILENAME': '/home/pal/.ros/log/f65f8850-c4b0-11f0-b6c7-0028f8234b19/roslaunch-epan-tiago-noetic-ssh-137.log', 'LC_NUMERIC': 'C'}]
[roslaunch][INFO] 2025-11-18 20:01:20,232: process[image_raw_to_rect_color_relay-20]: args[['/opt/ros/noetic/lib/topic_tools/relay', 'xtion/rgb/image_raw', 'xtion/rgb/image_rect_color', '__name:=image_raw_to_rect_color_relay']]
[roslaunch][INFO] 2025-11-18 20:01:20,233: ... created process [image_raw_to_rect_color_relay-20]
[roslaunch.pmon][INFO] 2025-11-18 20:01:20,234: ProcessMonitor.register[image_raw_to_rect_color_relay-20]
[roslaunch.pmon][INFO] 2025-11-18 20:01:20,234: ProcessMonitor.register[image_raw_to_rect_color_relay-20] complete
[roslaunch][INFO] 2025-11-18 20:01:20,234: ... registered process [image_raw_to_rect_color_relay-20]
[roslaunch][INFO] 2025-11-18 20:01:20,235: process[image_raw_to_rect_color_relay-20]: starting os process
[roslaunch][INFO] 2025-11-18 20:01:20,235: process[image_raw_to_rect_color_relay-20]: start w/ args [['/opt/ros/noetic/lib/topic_tools/relay', 'xtion/rgb/image_raw', 'xtion/rgb/image_rect_color', '__name:=image_raw_to_rect_color_relay', '__log:=/home/pal/.ros/log/f65f8850-c4b0-11f0-b6c7-0028f8234b19/image_raw_to_rect_color_relay-20.log']]
[roslaunch][INFO] 2025-11-18 20:01:20,235: process[image_raw_to_rect_color_relay-20]: cwd will be [/home/pal/.ros]
[roslaunch][INFO] 2025-11-18 20:01:20,288: process[image_raw_to_rect_color_relay-20]: started with pid [244]
[roslaunch][INFO] 2025-11-18 20:01:20,292: ... successfully launched [image_raw_to_rect_color_relay-20]
[roslaunch][INFO] 2025-11-18 20:01:20,293: ... preparing to launch node of type [pal_pcl_points_throttle_and_filter/throttle_filtering_points]
[roslaunch][INFO] 2025-11-18 20:01:20,294: create_node_process: package[pal_pcl_points_throttle_and_filter] type[throttle_filtering_points] machine[Machine(name[] env_loader[None] address[localhost] ssh_port[22] user[None] assignable[True] timeout[10.0])] master_uri[http://localhost:11311/]
[roslaunch][INFO] 2025-11-18 20:01:20,294: process[throttle_filtering_points-21]: env[{'ROS_VERSION': '1', 'DISABLE_ROS1_EOL_WARNINGS': '1', 'PKG_CONFIG_PATH': '/opt/pal/gallium/lib/pkgconfig:/opt/pal/gallium/lib/x86_64-linux-gnu/pkgconfig:/opt/ros/noetic/lib/pkgconfig:/opt/ros/noetic/lib/x86_64-linux-gnu/pkgconfig', 'ROS_PYTHON_VERSION': '3', 'HOSTNAME': 'epan-tiago-noetic-ssh', 'VISP_WS': '/home/pal/visp-ws', 'ROS_PACKAGE_PATH': '/home/pal/ros_ws/src:/opt/pal/gallium/share:/opt/ros/noetic/share', 'ROSLISP_PACKAGE_DIRECTORIES': '/home/pal/ros_ws/devel/share/common-lisp', 'PWD': '/home/pal/ros_ws/src', 'XAUTHORITY': '', 'TZ': 'Europe/Paris', 'ROS_IP': '127.0.0.1', 'HOME': '/home/pal', 'ROS_ETC_DIR': '/opt/ros/noetic/etc/ros', 'LS_COLORS': 'rs=0:di=01;34:ln=01;36:mh=00:pi=40;33:so=01;35:do=01;35:bd=40;33;01:cd=40;33;01:or=40;31;01:mi=00:su=37;41:sg=30;43:ca=30;41:tw=30;42:ow=34;42:st=37;44:ex=01;32:*.tar=01;31:*.tgz=01;31:*.arc=01;31:*.arj=01;31:*.taz=01;31:*.lha=01;31:*.lz4=01;31:*.lzh=01;31:*.lzma=01;31:*.tlz=01;31:*.txz=01;31:*.tzo=01;31:*.t7z=01;31:*.zip=01;31:*.z=01;31:*.dz=01;31:*.gz=01;31:*.lrz=01;31:*.lz=01;31:*.lzo=01;31:*.xz=01;31:*.zst=01;31:*.tzst=01;31:*.bz2=01;31:*.bz=01;31:*.tbz=01;31:*.tbz2=01;31:*.tz=01;31:*.deb=01;31:*.rpm=01;31:*.jar=01;31:*.war=01;31:*.ear=01;31:*.sar=01;31:*.rar=01;31:*.alz=01;31:*.ace=01;31:*.zoo=01;31:*.cpio=01;31:*.7z=01;31:*.rz=01;31:*.cab=01;31:*.wim=01;31:*.swm=01;31:*.dwm=01;31:*.esd=01;31:*.jpg=01;35:*.jpeg=01;35:*.mjpg=01;35:*.mjpeg=01;35:*.gif=01;35:*.bmp=01;35:*.pbm=01;35:*.pgm=01;35:*.ppm=01;35:*.tga=01;35:*.xbm=01;35:*.xpm=01;35:*.tif=01;35:*.tiff=01;35:*.png=01;35:*.svg=01;35:*.svgz=01;35:*.mng=01;35:*.pcx=01;35:*.mov=01;35:*.mpg=01;35:*.mpeg=01;35:*.m2v=01;35:*.mkv=01;35:*.webm=01;35:*.ogm=01;35:*.mp4=01;35:*.m4v=01;35:*.mp4v=01;35:*.vob=01;35:*.qt=01;35:*.nuv=01;35:*.wmv=01;35:*.asf=01;35:*.rm=01;35:*.rmvb=01;35:*.flc=01;35:*.avi=01;35:*.fli=01;35:*.flv=01;35:*.gl=01;35:*.dl=01;35:*.xcf=01;35:*.xwd=01;35:*.yuv=01;35:*.cgm=01;35:*.emf=01;35:*.ogv=01;35:*.ogx=01;35:*.aac=00;36:*.au=00;36:*.flac=00;36:*.m4a=00;36:*.mid=00;36:*.midi=00;36:*.mka=00;36:*.mp3=00;36:*.mpc=00;36:*.ogg=00;36:*.ra=00;36:*.wav=00;36:*.oga=00;36:*.opus=00;36:*.spx=00;36:*.xspf=00;36:', 'OROCOS_TARGET': 'gnulinux', 'CMAKE_PREFIX_PATH': '/home/pal/ros_ws/devel:/opt/pal/gallium:/opt/ros/noetic', 'GAZEBO_RESOURCE_PATH': '/home/pal/ros_ws/src/va50:', 'ROS_WORKSPACE': '/home/pal/ros_ws', 'LESSCLOSE': '/usr/bin/lesspipe %s %s', 'PYTHONPATH': '/opt/pal/gallium/lib/python3/dist-packages:/opt/ros/noetic/lib/python3/dist-packages', 'TERM': 'xterm', 'VISP_INPUT_IMAGE_PATH': '/home/pal/visp-ws/visp-images', 'LESSOPEN': '| /usr/bin/lesspipe %s', 'USER': 'pal', 'RTT_COMPONENT_PATH': '/opt/pal/gallium/lib/orocos', 'DISPLAY': ':1', 'SHLVL': '1', 'PAL_DISTRO': 'gallium', 'ROS_MASTER_URI': 'http://localhost:11311/', 'LD_LIBRARY_PATH': '/home/pal/ros_ws/devel/lib:/opt/pal/gallium/lib:/opt/pal/gallium/lib/x86_64-linux-gnu:/opt/ros/noetic/lib:/opt/ros/noetic/lib/x86_64-linux-gnu:/usr/local/lib', 'GAZEBO_MODEL_PATH': '/home/pal/ros_ws/src/va50/models:', 'PATH': '/opt/pal/gallium/bin:/opt/ros/noetic/bin:/opt/pal/gallium/lib/pal_debian_utils/:/usr/local/sbin:/usr/local/bin:/usr/sbin:/usr/bin:/sbin:/bin', 'LUA_PATH': ';;/opt/pal/gallium/share/lua/5.1/?.lua;/opt/pal/gallium/share/lua/5.1/?.lua;/opt/pal/gallium/share/lua/5.1/?.lua', 'DEBIAN_FRONTEND': 'noninteractive', 'ROS_ROOT': '/opt/ros/noetic/share/ros', 'ROS_DISTRO': 'noetic', 'QT_X11_NO_MITSHM': '1', '_': '/opt/ros/noetic/bin/roslaunch', 'OLDPWD': '/home/pal/ros_ws', 'LC_CTYPE': 'C.UTF-8', 'ROS_LOG_FILENAME': '/home/pal/.ros/log/f65f8850-c4b0-11f0-b6c7-0028f8234b19/roslaunch-epan-tiago-noetic-ssh-137.log', 'LC_NUMERIC': 'C'}]
[roslaunch][INFO] 2025-11-18 20:01:20,306: process[throttle_filtering_points-21]: args[['/opt/pal/gallium/lib/pal_pcl_points_throttle_and_filter/throttle_filtering_points', 'cloud:=/xtion/depth_registered/points', '__name:=throttle_filtering_points']]
[roslaunch][INFO] 2025-11-18 20:01:20,308: ... created process [throttle_filtering_points-21]
[roslaunch.pmon][INFO] 2025-11-18 20:01:20,308: ProcessMonitor.register[throttle_filtering_points-21]
[roslaunch.pmon][INFO] 2025-11-18 20:01:20,308: ProcessMonitor.register[throttle_filtering_points-21] complete
[roslaunch][INFO] 2025-11-18 20:01:20,309: ... registered process [throttle_filtering_points-21]
[roslaunch][INFO] 2025-11-18 20:01:20,309: process[throttle_filtering_points-21]: starting os process
[roslaunch][INFO] 2025-11-18 20:01:20,309: process[throttle_filtering_points-21]: start w/ args [['/opt/pal/gallium/lib/pal_pcl_points_throttle_and_filter/throttle_filtering_points', 'cloud:=/xtion/depth_registered/points', '__name:=throttle_filtering_points', '__log:=/home/pal/.ros/log/f65f8850-c4b0-11f0-b6c7-0028f8234b19/throttle_filtering_points-21.log']]
[roslaunch][INFO] 2025-11-18 20:01:20,309: process[throttle_filtering_points-21]: cwd will be [/home/pal/.ros]
[roslaunch][INFO] 2025-11-18 20:01:20,348: process[throttle_filtering_points-21]: started with pid [253]
[roslaunch][INFO] 2025-11-18 20:01:20,350: ... successfully launched [throttle_filtering_points-21]
[roslaunch][INFO] 2025-11-18 20:01:20,351: ... preparing to launch node of type [tiago_gazebo/tuck_arm.py]
[roslaunch][INFO] 2025-11-18 20:01:20,352: create_node_process: package[tiago_gazebo] type[tuck_arm.py] machine[Machine(name[] env_loader[None] address[localhost] ssh_port[22] user[None] assignable[True] timeout[10.0])] master_uri[http://localhost:11311/]
[roslaunch][INFO] 2025-11-18 20:01:20,352: process[tuck_arm-22]: env[{'ROS_VERSION': '1', 'DISABLE_ROS1_EOL_WARNINGS': '1', 'PKG_CONFIG_PATH': '/opt/pal/gallium/lib/pkgconfig:/opt/pal/gallium/lib/x86_64-linux-gnu/pkgconfig:/opt/ros/noetic/lib/pkgconfig:/opt/ros/noetic/lib/x86_64-linux-gnu/pkgconfig', 'ROS_PYTHON_VERSION': '3', 'HOSTNAME': 'epan-tiago-noetic-ssh', 'VISP_WS': '/home/pal/visp-ws', 'ROS_PACKAGE_PATH': '/home/pal/ros_ws/src:/opt/pal/gallium/share:/opt/ros/noetic/share', 'ROSLISP_PACKAGE_DIRECTORIES': '/home/pal/ros_ws/devel/share/common-lisp', 'PWD': '/home/pal/ros_ws/src', 'XAUTHORITY': '', 'TZ': 'Europe/Paris', 'ROS_IP': '127.0.0.1', 'HOME': '/home/pal', 'ROS_ETC_DIR': '/opt/ros/noetic/etc/ros', 'LS_COLORS': 'rs=0:di=01;34:ln=01;36:mh=00:pi=40;33:so=01;35:do=01;35:bd=40;33;01:cd=40;33;01:or=40;31;01:mi=00:su=37;41:sg=30;43:ca=30;41:tw=30;42:ow=34;42:st=37;44:ex=01;32:*.tar=01;31:*.tgz=01;31:*.arc=01;31:*.arj=01;31:*.taz=01;31:*.lha=01;31:*.lz4=01;31:*.lzh=01;31:*.lzma=01;31:*.tlz=01;31:*.txz=01;31:*.tzo=01;31:*.t7z=01;31:*.zip=01;31:*.z=01;31:*.dz=01;31:*.gz=01;31:*.lrz=01;31:*.lz=01;31:*.lzo=01;31:*.xz=01;31:*.zst=01;31:*.tzst=01;31:*.bz2=01;31:*.bz=01;31:*.tbz=01;31:*.tbz2=01;31:*.tz=01;31:*.deb=01;31:*.rpm=01;31:*.jar=01;31:*.war=01;31:*.ear=01;31:*.sar=01;31:*.rar=01;31:*.alz=01;31:*.ace=01;31:*.zoo=01;31:*.cpio=01;31:*.7z=01;31:*.rz=01;31:*.cab=01;31:*.wim=01;31:*.swm=01;31:*.dwm=01;31:*.esd=01;31:*.jpg=01;35:*.jpeg=01;35:*.mjpg=01;35:*.mjpeg=01;35:*.gif=01;35:*.bmp=01;35:*.pbm=01;35:*.pgm=01;35:*.ppm=01;35:*.tga=01;35:*.xbm=01;35:*.xpm=01;35:*.tif=01;35:*.tiff=01;35:*.png=01;35:*.svg=01;35:*.svgz=01;35:*.mng=01;35:*.pcx=01;35:*.mov=01;35:*.mpg=01;35:*.mpeg=01;35:*.m2v=01;35:*.mkv=01;35:*.webm=01;35:*.ogm=01;35:*.mp4=01;35:*.m4v=01;35:*.mp4v=01;35:*.vob=01;35:*.qt=01;35:*.nuv=01;35:*.wmv=01;35:*.asf=01;35:*.rm=01;35:*.rmvb=01;35:*.flc=01;35:*.avi=01;35:*.fli=01;35:*.flv=01;35:*.gl=01;35:*.dl=01;35:*.xcf=01;35:*.xwd=01;35:*.yuv=01;35:*.cgm=01;35:*.emf=01;35:*.ogv=01;35:*.ogx=01;35:*.aac=00;36:*.au=00;36:*.flac=00;36:*.m4a=00;36:*.mid=00;36:*.midi=00;36:*.mka=00;36:*.mp3=00;36:*.mpc=00;36:*.ogg=00;36:*.ra=00;36:*.wav=00;36:*.oga=00;36:*.opus=00;36:*.spx=00;36:*.xspf=00;36:', 'OROCOS_TARGET': 'gnulinux', 'CMAKE_PREFIX_PATH': '/home/pal/ros_ws/devel:/opt/pal/gallium:/opt/ros/noetic', 'GAZEBO_RESOURCE_PATH': '/home/pal/ros_ws/src/va50:', 'ROS_WORKSPACE': '/home/pal/ros_ws', 'LESSCLOSE': '/usr/bin/lesspipe %s %s', 'PYTHONPATH': '/opt/pal/gallium/lib/python3/dist-packages:/opt/ros/noetic/lib/python3/dist-packages', 'TERM': 'xterm', 'VISP_INPUT_IMAGE_PATH': '/home/pal/visp-ws/visp-images', 'LESSOPEN': '| /usr/bin/lesspipe %s', 'USER': 'pal', 'RTT_COMPONENT_PATH': '/opt/pal/gallium/lib/orocos', 'DISPLAY': ':1', 'SHLVL': '1', 'PAL_DISTRO': 'gallium', 'ROS_MASTER_URI': 'http://localhost:11311/', 'LD_LIBRARY_PATH': '/home/pal/ros_ws/devel/lib:/opt/pal/gallium/lib:/opt/pal/gallium/lib/x86_64-linux-gnu:/opt/ros/noetic/lib:/opt/ros/noetic/lib/x86_64-linux-gnu:/usr/local/lib', 'GAZEBO_MODEL_PATH': '/home/pal/ros_ws/src/va50/models:', 'PATH': '/opt/pal/gallium/bin:/opt/ros/noetic/bin:/opt/pal/gallium/lib/pal_debian_utils/:/usr/local/sbin:/usr/local/bin:/usr/sbin:/usr/bin:/sbin:/bin', 'LUA_PATH': ';;/opt/pal/gallium/share/lua/5.1/?.lua;/opt/pal/gallium/share/lua/5.1/?.lua;/opt/pal/gallium/share/lua/5.1/?.lua', 'DEBIAN_FRONTEND': 'noninteractive', 'ROS_ROOT': '/opt/ros/noetic/share/ros', 'ROS_DISTRO': 'noetic', 'QT_X11_NO_MITSHM': '1', '_': '/opt/ros/noetic/bin/roslaunch', 'OLDPWD': '/home/pal/ros_ws', 'LC_CTYPE': 'C.UTF-8', 'ROS_LOG_FILENAME': '/home/pal/.ros/log/f65f8850-c4b0-11f0-b6c7-0028f8234b19/roslaunch-epan-tiago-noetic-ssh-137.log', 'LC_NUMERIC': 'C'}]
[roslaunch][INFO] 2025-11-18 20:01:20,504: process[tuck_arm-22]: args[['/opt/pal/gallium/lib/tiago_gazebo/tuck_arm.py', '__name:=tuck_arm']]
[roslaunch][INFO] 2025-11-18 20:01:20,505: ... created process [tuck_arm-22]
[roslaunch.pmon][INFO] 2025-11-18 20:01:20,505: ProcessMonitor.register[tuck_arm-22]
[roslaunch.pmon][INFO] 2025-11-18 20:01:20,505: ProcessMonitor.register[tuck_arm-22] complete
[roslaunch][INFO] 2025-11-18 20:01:20,505: ... registered process [tuck_arm-22]
[roslaunch][INFO] 2025-11-18 20:01:20,505: process[tuck_arm-22]: starting os process
[roslaunch][INFO] 2025-11-18 20:01:20,512: process[tuck_arm-22]: start w/ args [['/opt/pal/gallium/lib/tiago_gazebo/tuck_arm.py', '__name:=tuck_arm', '__log:=/home/pal/.ros/log/f65f8850-c4b0-11f0-b6c7-0028f8234b19/tuck_arm-22.log']]
[roslaunch][INFO] 2025-11-18 20:01:20,513: process[tuck_arm-22]: cwd will be [/home/pal/.ros]
[roslaunch][INFO] 2025-11-18 20:01:20,583: process[tuck_arm-22]: started with pid [287]
[roslaunch][INFO] 2025-11-18 20:01:20,583: ... successfully launched [tuck_arm-22]
[roslaunch][INFO] 2025-11-18 20:01:20,584: ... preparing to launch node of type [image_proc/image_proc]
[roslaunch][INFO] 2025-11-18 20:01:20,584: create_node_process: package[image_proc] type[image_proc] machine[Machine(name[] env_loader[None] address[localhost] ssh_port[22] user[None] assignable[True] timeout[10.0])] master_uri[http://localhost:11311/]
[roslaunch][INFO] 2025-11-18 20:01:20,584: process[xtion/rgb/image_proc-23]: env[{'ROS_VERSION': '1', 'DISABLE_ROS1_EOL_WARNINGS': '1', 'PKG_CONFIG_PATH': '/opt/pal/gallium/lib/pkgconfig:/opt/pal/gallium/lib/x86_64-linux-gnu/pkgconfig:/opt/ros/noetic/lib/pkgconfig:/opt/ros/noetic/lib/x86_64-linux-gnu/pkgconfig', 'ROS_PYTHON_VERSION': '3', 'HOSTNAME': 'epan-tiago-noetic-ssh', 'VISP_WS': '/home/pal/visp-ws', 'ROS_PACKAGE_PATH': '/home/pal/ros_ws/src:/opt/pal/gallium/share:/opt/ros/noetic/share', 'ROSLISP_PACKAGE_DIRECTORIES': '/home/pal/ros_ws/devel/share/common-lisp', 'PWD': '/home/pal/ros_ws/src', 'XAUTHORITY': '', 'TZ': 'Europe/Paris', 'ROS_IP': '127.0.0.1', 'HOME': '/home/pal', 'ROS_ETC_DIR': '/opt/ros/noetic/etc/ros', 'LS_COLORS': 'rs=0:di=01;34:ln=01;36:mh=00:pi=40;33:so=01;35:do=01;35:bd=40;33;01:cd=40;33;01:or=40;31;01:mi=00:su=37;41:sg=30;43:ca=30;41:tw=30;42:ow=34;42:st=37;44:ex=01;32:*.tar=01;31:*.tgz=01;31:*.arc=01;31:*.arj=01;31:*.taz=01;31:*.lha=01;31:*.lz4=01;31:*.lzh=01;31:*.lzma=01;31:*.tlz=01;31:*.txz=01;31:*.tzo=01;31:*.t7z=01;31:*.zip=01;31:*.z=01;31:*.dz=01;31:*.gz=01;31:*.lrz=01;31:*.lz=01;31:*.lzo=01;31:*.xz=01;31:*.zst=01;31:*.tzst=01;31:*.bz2=01;31:*.bz=01;31:*.tbz=01;31:*.tbz2=01;31:*.tz=01;31:*.deb=01;31:*.rpm=01;31:*.jar=01;31:*.war=01;31:*.ear=01;31:*.sar=01;31:*.rar=01;31:*.alz=01;31:*.ace=01;31:*.zoo=01;31:*.cpio=01;31:*.7z=01;31:*.rz=01;31:*.cab=01;31:*.wim=01;31:*.swm=01;31:*.dwm=01;31:*.esd=01;31:*.jpg=01;35:*.jpeg=01;35:*.mjpg=01;35:*.mjpeg=01;35:*.gif=01;35:*.bmp=01;35:*.pbm=01;35:*.pgm=01;35:*.ppm=01;35:*.tga=01;35:*.xbm=01;35:*.xpm=01;35:*.tif=01;35:*.tiff=01;35:*.png=01;35:*.svg=01;35:*.svgz=01;35:*.mng=01;35:*.pcx=01;35:*.mov=01;35:*.mpg=01;35:*.mpeg=01;35:*.m2v=01;35:*.mkv=01;35:*.webm=01;35:*.ogm=01;35:*.mp4=01;35:*.m4v=01;35:*.mp4v=01;35:*.vob=01;35:*.qt=01;35:*.nuv=01;35:*.wmv=01;35:*.asf=01;35:*.rm=01;35:*.rmvb=01;35:*.flc=01;35:*.avi=01;35:*.fli=01;35:*.flv=01;35:*.gl=01;35:*.dl=01;35:*.xcf=01;35:*.xwd=01;35:*.yuv=01;35:*.cgm=01;35:*.emf=01;35:*.ogv=01;35:*.ogx=01;35:*.aac=00;36:*.au=00;36:*.flac=00;36:*.m4a=00;36:*.mid=00;36:*.midi=00;36:*.mka=00;36:*.mp3=00;36:*.mpc=00;36:*.ogg=00;36:*.ra=00;36:*.wav=00;36:*.oga=00;36:*.opus=00;36:*.spx=00;36:*.xspf=00;36:', 'OROCOS_TARGET': 'gnulinux', 'CMAKE_PREFIX_PATH': '/home/pal/ros_ws/devel:/opt/pal/gallium:/opt/ros/noetic', 'GAZEBO_RESOURCE_PATH': '/home/pal/ros_ws/src/va50:', 'ROS_WORKSPACE': '/home/pal/ros_ws', 'LESSCLOSE': '/usr/bin/lesspipe %s %s', 'PYTHONPATH': '/opt/pal/gallium/lib/python3/dist-packages:/opt/ros/noetic/lib/python3/dist-packages', 'TERM': 'xterm', 'VISP_INPUT_IMAGE_PATH': '/home/pal/visp-ws/visp-images', 'LESSOPEN': '| /usr/bin/lesspipe %s', 'USER': 'pal', 'RTT_COMPONENT_PATH': '/opt/pal/gallium/lib/orocos', 'DISPLAY': ':1', 'SHLVL': '1', 'PAL_DISTRO': 'gallium', 'ROS_MASTER_URI': 'http://localhost:11311/', 'LD_LIBRARY_PATH': '/home/pal/ros_ws/devel/lib:/opt/pal/gallium/lib:/opt/pal/gallium/lib/x86_64-linux-gnu:/opt/ros/noetic/lib:/opt/ros/noetic/lib/x86_64-linux-gnu:/usr/local/lib', 'GAZEBO_MODEL_PATH': '/home/pal/ros_ws/src/va50/models:', 'PATH': '/opt/pal/gallium/bin:/opt/ros/noetic/bin:/opt/pal/gallium/lib/pal_debian_utils/:/usr/local/sbin:/usr/local/bin:/usr/sbin:/usr/bin:/sbin:/bin', 'LUA_PATH': ';;/opt/pal/gallium/share/lua/5.1/?.lua;/opt/pal/gallium/share/lua/5.1/?.lua;/opt/pal/gallium/share/lua/5.1/?.lua', 'DEBIAN_FRONTEND': 'noninteractive', 'ROS_ROOT': '/opt/ros/noetic/share/ros', 'ROS_DISTRO': 'noetic', 'QT_X11_NO_MITSHM': '1', '_': '/opt/ros/noetic/bin/roslaunch', 'OLDPWD': '/home/pal/ros_ws', 'LC_CTYPE': 'C.UTF-8', 'ROS_LOG_FILENAME': '/home/pal/.ros/log/f65f8850-c4b0-11f0-b6c7-0028f8234b19/roslaunch-epan-tiago-noetic-ssh-137.log', 'ROS_NAMESPACE': '/xtion/rgb', 'LC_NUMERIC': 'C'}]
[roslaunch][INFO] 2025-11-18 20:01:20,599: process[xtion/rgb/image_proc-23]: args[['/opt/ros/noetic/lib/image_proc/image_proc', '__name:=image_proc']]
[roslaunch][INFO] 2025-11-18 20:01:20,599: ... created process [xtion/rgb/image_proc-23]
[roslaunch.pmon][INFO] 2025-11-18 20:01:20,599: ProcessMonitor.register[xtion/rgb/image_proc-23]
[roslaunch.pmon][INFO] 2025-11-18 20:01:20,600: ProcessMonitor.register[xtion/rgb/image_proc-23] complete
[roslaunch][INFO] 2025-11-18 20:01:20,600: ... registered process [xtion/rgb/image_proc-23]
[roslaunch][INFO] 2025-11-18 20:01:20,600: process[xtion/rgb/image_proc-23]: starting os process
[roslaunch][INFO] 2025-11-18 20:01:20,600: process[xtion/rgb/image_proc-23]: start w/ args [['/opt/ros/noetic/lib/image_proc/image_proc', '__name:=image_proc', '__log:=/home/pal/.ros/log/f65f8850-c4b0-11f0-b6c7-0028f8234b19/xtion-rgb-image_proc-23.log']]
[roslaunch][INFO] 2025-11-18 20:01:20,600: process[xtion/rgb/image_proc-23]: cwd will be [/home/pal/.ros]
[roslaunch][INFO] 2025-11-18 20:01:20,624: process[xtion/rgb/image_proc-23]: started with pid [296]
[roslaunch][INFO] 2025-11-18 20:01:20,625: ... successfully launched [xtion/rgb/image_proc-23]
[roslaunch][INFO] 2025-11-18 20:01:20,625: ... launch_nodes complete
[roslaunch.pmon][INFO] 2025-11-18 20:01:20,626: registrations completed <ProcessMonitor(ProcessMonitor-1, started daemon 135049260996352)>
[roslaunch.parent][INFO] 2025-11-18 20:01:20,627: ... roslaunch parent running, waiting for process exit
[roslaunch][INFO] 2025-11-18 20:01:20,627: spin
[roslaunch][INFO] 2025-11-18 20:01:24,541: [spawn_model-4] process has finished cleanly
log file: /home/pal/.ros/log/f65f8850-c4b0-11f0-b6c7-0028f8234b19/spawn_model-4*.log
[roslaunch.pmon][INFO] 2025-11-18 20:01:24,546: ProcessMonitor.unregister[spawn_model-4] starting
[roslaunch.pmon][INFO] 2025-11-18 20:01:24,546: ProcessMonitor.unregister[spawn_model-4] complete
[roslaunch][INFO] 2025-11-18 20:01:31,557: [home_gripper-10] process has finished cleanly
log file: /home/pal/.ros/log/f65f8850-c4b0-11f0-b6c7-0028f8234b19/home_gripper-10*.log
[roslaunch.pmon][INFO] 2025-11-18 20:01:31,558: ProcessMonitor.unregister[home_gripper-10] starting
[roslaunch.pmon][INFO] 2025-11-18 20:01:31,558: ProcessMonitor.unregister[home_gripper-10] complete
[roslaunch][INFO] 2025-11-18 20:02:04,524: [tuck_arm-22] process has finished cleanly
log file: /home/pal/.ros/log/f65f8850-c4b0-11f0-b6c7-0028f8234b19/tuck_arm-22*.log
[roslaunch.pmon][INFO] 2025-11-18 20:02:04,525: ProcessMonitor.unregister[tuck_arm-22] starting
[roslaunch.pmon][INFO] 2025-11-18 20:02:04,525: ProcessMonitor.unregister[tuck_arm-22] complete
[roslaunch][INFO] 2025-11-18 20:28:36,528: [gazebo_gui-3] process has finished cleanly
log file: /home/pal/.ros/log/f65f8850-c4b0-11f0-b6c7-0028f8234b19/gazebo_gui-3*.log
[roslaunch][INFO] 2025-11-18 20:28:36,528: [default_controllers_spawner-5] process has finished cleanly
log file: /home/pal/.ros/log/f65f8850-c4b0-11f0-b6c7-0028f8234b19/default_controllers_spawner-5*.log
[roslaunch][INFO] 2025-11-18 20:28:36,528: [head_controller/point_head_action-6] process has finished cleanly
log file: /home/pal/.ros/log/f65f8850-c4b0-11f0-b6c7-0028f8234b19/head_controller-point_head_action-6*.log
[roslaunch][INFO] 2025-11-18 20:28:36,529: [bringup_controllers_spawner_imu-7] process has finished cleanly
log file: /home/pal/.ros/log/f65f8850-c4b0-11f0-b6c7-0028f8234b19/bringup_controllers_spawner_imu-7*.log
[roslaunch][INFO] 2025-11-18 20:28:36,529: [play_motion-11] process has finished cleanly
log file: /home/pal/.ros/log/f65f8850-c4b0-11f0-b6c7-0028f8234b19/play_motion-11*.log
[roslaunch][INFO] 2025-11-18 20:28:36,530: [is_already_there-12] process has finished cleanly
log file: /home/pal/.ros/log/f65f8850-c4b0-11f0-b6c7-0028f8234b19/is_already_there-12*.log
[roslaunch][INFO] 2025-11-18 20:28:36,530: [move_group-13] process has finished cleanly
log file: /home/pal/.ros/log/f65f8850-c4b0-11f0-b6c7-0028f8234b19/move_group-13*.log
[roslaunch][INFO] 2025-11-18 20:28:36,530: [robot_state_publisher-14] process has finished cleanly
log file: /home/pal/.ros/log/f65f8850-c4b0-11f0-b6c7-0028f8234b19/robot_state_publisher-14*.log
[roslaunch][INFO] 2025-11-18 20:28:36,531: [tf_lookup-15] process has finished cleanly
log file: /home/pal/.ros/log/f65f8850-c4b0-11f0-b6c7-0028f8234b19/tf_lookup-15*.log
[roslaunch][INFO] 2025-11-18 20:28:36,531: [twist_mux-16] process has finished cleanly
log file: /home/pal/.ros/log/f65f8850-c4b0-11f0-b6c7-0028f8234b19/twist_mux-16*.log
[roslaunch][INFO] 2025-11-18 20:28:36,531: [twist_marker-17] process has finished cleanly
log file: /home/pal/.ros/log/f65f8850-c4b0-11f0-b6c7-0028f8234b19/twist_marker-17*.log
[roslaunch][INFO] 2025-11-18 20:28:36,531: [joystick_relay-18] process has finished cleanly
log file: /home/pal/.ros/log/f65f8850-c4b0-11f0-b6c7-0028f8234b19/joystick_relay-18*.log
[roslaunch][ERROR] 2025-11-18 20:28:36,532: [dynamic_footprint_publisher-19] process has died [pid 240, exit code 1, cmd /opt/pal/gallium/lib/dynamic_footprint/dynamic_footprint_publisher.py __name:=dynamic_footprint_publisher __log:=/home/pal/.ros/log/f65f8850-c4b0-11f0-b6c7-0028f8234b19/dynamic_footprint_publisher-19.log].
log file: /home/pal/.ros/log/f65f8850-c4b0-11f0-b6c7-0028f8234b19/dynamic_footprint_publisher-19*.log
[roslaunch][INFO] 2025-11-18 20:28:36,534: [image_raw_to_rect_color_relay-20] process has finished cleanly
log file: /home/pal/.ros/log/f65f8850-c4b0-11f0-b6c7-0028f8234b19/image_raw_to_rect_color_relay-20*.log
[roslaunch][INFO] 2025-11-18 20:28:36,534: [throttle_filtering_points-21] process has finished cleanly
log file: /home/pal/.ros/log/f65f8850-c4b0-11f0-b6c7-0028f8234b19/throttle_filtering_points-21*.log
[roslaunch][INFO] 2025-11-18 20:28:36,534: [xtion/rgb/image_proc-23] process has finished cleanly
log file: /home/pal/.ros/log/f65f8850-c4b0-11f0-b6c7-0028f8234b19/xtion-rgb-image_proc-23*.log
[roslaunch.pmon][INFO] 2025-11-18 20:28:36,534: ProcessMonitor.unregister[gazebo_gui-3] starting
[roslaunch.pmon][INFO] 2025-11-18 20:28:36,534: ProcessMonitor.unregister[gazebo_gui-3] complete
[roslaunch.pmon][INFO] 2025-11-18 20:28:36,535: ProcessMonitor.unregister[default_controllers_spawner-5] starting
[roslaunch.pmon][INFO] 2025-11-18 20:28:36,536: ProcessMonitor.unregister[default_controllers_spawner-5] complete
[roslaunch.pmon][INFO] 2025-11-18 20:28:36,536: ProcessMonitor.unregister[head_controller/point_head_action-6] starting
[roslaunch.pmon][INFO] 2025-11-18 20:28:36,536: ProcessMonitor.unregister[head_controller/point_head_action-6] complete
[roslaunch.pmon][INFO] 2025-11-18 20:28:36,536: ProcessMonitor.unregister[bringup_controllers_spawner_imu-7] starting
[roslaunch.pmon][INFO] 2025-11-18 20:28:36,536: ProcessMonitor.unregister[bringup_controllers_spawner_imu-7] complete
[roslaunch.pmon][INFO] 2025-11-18 20:28:36,536: ProcessMonitor.unregister[play_motion-11] starting
[roslaunch.pmon][INFO] 2025-11-18 20:28:36,537: ProcessMonitor.unregister[play_motion-11] complete
[roslaunch.pmon][INFO] 2025-11-18 20:28:36,537: ProcessMonitor.unregister[is_already_there-12] starting
[roslaunch.pmon][INFO] 2025-11-18 20:28:36,537: ProcessMonitor.unregister[is_already_there-12] complete
[roslaunch.pmon][INFO] 2025-11-18 20:28:36,538: ProcessMonitor.unregister[move_group-13] starting
[roslaunch.pmon][INFO] 2025-11-18 20:28:36,538: ProcessMonitor.unregister[move_group-13] complete
[roslaunch.pmon][INFO] 2025-11-18 20:28:36,538: ProcessMonitor.unregister[robot_state_publisher-14] starting
[roslaunch.pmon][INFO] 2025-11-18 20:28:36,538: ProcessMonitor.unregister[robot_state_publisher-14] complete
[roslaunch.pmon][INFO] 2025-11-18 20:28:36,538: ProcessMonitor.unregister[tf_lookup-15] starting
[roslaunch.pmon][INFO] 2025-11-18 20:28:36,538: ProcessMonitor.unregister[tf_lookup-15] complete
[roslaunch.pmon][INFO] 2025-11-18 20:28:36,539: ProcessMonitor.unregister[twist_mux-16] starting
[roslaunch.pmon][INFO] 2025-11-18 20:28:36,539: ProcessMonitor.unregister[twist_mux-16] complete
[roslaunch.pmon][INFO] 2025-11-18 20:28:36,539: ProcessMonitor.unregister[twist_marker-17] starting
[roslaunch.pmon][INFO] 2025-11-18 20:28:36,539: ProcessMonitor.unregister[twist_marker-17] complete
[roslaunch.pmon][INFO] 2025-11-18 20:28:36,539: ProcessMonitor.unregister[joystick_relay-18] starting
[roslaunch.pmon][INFO] 2025-11-18 20:28:36,539: ProcessMonitor.unregister[joystick_relay-18] complete
[roslaunch.pmon][INFO] 2025-11-18 20:28:36,539: ProcessMonitor.unregister[dynamic_footprint_publisher-19] starting
[roslaunch.pmon][INFO] 2025-11-18 20:28:36,540: ProcessMonitor.unregister[dynamic_footprint_publisher-19] complete
[roslaunch.pmon][INFO] 2025-11-18 20:28:36,540: ProcessMonitor.unregister[image_raw_to_rect_color_relay-20] starting
[roslaunch.pmon][INFO] 2025-11-18 20:28:36,540: ProcessMonitor.unregister[image_raw_to_rect_color_relay-20] complete
[roslaunch.pmon][INFO] 2025-11-18 20:28:36,540: ProcessMonitor.unregister[throttle_filtering_points-21] starting
[roslaunch.pmon][INFO] 2025-11-18 20:28:36,540: ProcessMonitor.unregister[throttle_filtering_points-21] complete
[roslaunch.pmon][INFO] 2025-11-18 20:28:36,541: ProcessMonitor.unregister[xtion/rgb/image_proc-23] starting
[roslaunch.pmon][INFO] 2025-11-18 20:28:36,541: ProcessMonitor.unregister[xtion/rgb/image_proc-23] complete
[roslaunch.pmon][INFO] 2025-11-18 20:28:36,586: ProcessMonitor.shutdown <ProcessMonitor(ProcessMonitor-1, started daemon 135049260996352)>
[roslaunch.pmon][INFO] 2025-11-18 20:28:36,642: ProcessMonitor._post_run <ProcessMonitor(ProcessMonitor-1, started daemon 135049260996352)>
[roslaunch.pmon][INFO] 2025-11-18 20:28:36,644: ProcessMonitor._post_run <ProcessMonitor(ProcessMonitor-1, started daemon 135049260996352)>: remaining procs are [<roslaunch.nodeprocess.LocalProcess object at 0x7ad39b46e850>, <roslaunch.nodeprocess.LocalProcess object at 0x7ad39b46e4f0>, <roslaunch.nodeprocess.LocalProcess object at 0x7ad39b46e610>, <roslaunch.nodeprocess.LocalProcess object at 0x7ad39b46eac0>, <roslaunch.nodeprocess.LocalProcess object at 0x7ad39b46edc0>]
[roslaunch.pmon][INFO] 2025-11-18 20:28:36,650: ProcessMonitor exit: killing gripper_controllers_spawner-9
[roslaunch.pmon][INFO] 2025-11-18 20:28:36,652: ProcessMonitor exit: killing bringup_controllers_spawner_ft-8
[roslaunch][INFO] 2025-11-18 20:28:36,652: [gripper_controllers_spawner-9] killing on exit
[roslaunch.pmon][INFO] 2025-11-18 20:28:36,656: ProcessMonitor exit: killing gazebo-2
[roslaunch][INFO] 2025-11-18 20:28:36,657: [bringup_controllers_spawner_ft-8] killing on exit
[roslaunch][INFO] 2025-11-18 20:28:36,659: process[gripper_controllers_spawner-9]: killing os process with pid[189] pgid[189]
[roslaunch][INFO] 2025-11-18 20:28:36,659: [gazebo-2] killing on exit
[roslaunch][INFO] 2025-11-18 20:28:36,660: process[bringup_controllers_spawner_ft-8]: killing os process with pid[188] pgid[188]
[roslaunch][INFO] 2025-11-18 20:28:36,661: [bringup_controllers_spawner_ft-8] sending SIGINT to pgid [188]
[roslaunch][INFO] 2025-11-18 20:28:36,661: process[gazebo-2]: killing os process with pid[174] pgid[174]
[roslaunch][INFO] 2025-11-18 20:28:36,660: [gripper_controllers_spawner-9] sending SIGINT to pgid [189]
[roslaunch][INFO] 2025-11-18 20:28:36,661: [bringup_controllers_spawner_ft-8] sent SIGINT to pgid [188]
[roslaunch][INFO] 2025-11-18 20:28:36,662: [gazebo-2] sending SIGINT to pgid [174]
[roslaunch][INFO] 2025-11-18 20:28:36,662: [gripper_controllers_spawner-9] sent SIGINT to pgid [189]
[roslaunch][INFO] 2025-11-18 20:28:36,662: [gazebo-2] sent SIGINT to pgid [174]
[roslaunch][INFO] 2025-11-18 20:28:37,063: process[gazebo-2]: SIGINT killed with return value -2
[roslaunch][ERROR] 2025-11-18 20:28:51,694: [gripper_controllers_spawner-9] escalating to SIGTERM
[roslaunch][ERROR] 2025-11-18 20:28:51,694: [bringup_controllers_spawner_ft-8] escalating to SIGTERM
[roslaunch][INFO] 2025-11-18 20:28:51,694: [gripper_controllers_spawner-9] sent SIGTERM to pgid [189]
[roslaunch][INFO] 2025-11-18 20:28:51,695: [bringup_controllers_spawner_ft-8] sent SIGTERM to pgid [188]
[roslaunch][ERROR] 2025-11-18 20:28:53,698: [gripper_controllers_spawner-9] escalating to SIGKILL
[roslaunch][INFO] 2025-11-18 20:28:53,699: [gripper_controllers_spawner-9] sent SIGKILL to pgid [189]
[roslaunch][ERROR] 2025-11-18 20:28:53,699: [bringup_controllers_spawner_ft-8] escalating to SIGKILL
[roslaunch][INFO] 2025-11-18 20:28:53,699: process[gripper_controllers_spawner-9]: sent SIGKILL
[roslaunch][INFO] 2025-11-18 20:28:53,699: [bringup_controllers_spawner_ft-8] sent SIGKILL to pgid [188]
[roslaunch][INFO] 2025-11-18 20:28:53,703: process[bringup_controllers_spawner_ft-8]: sent SIGKILL
[roslaunch.pmon][INFO] 2025-11-18 20:28:53,704: ProcessMonitor exit: killing rosout-1
[roslaunch][INFO] 2025-11-18 20:28:53,704: [rosout-1] killing on exit
[roslaunch][INFO] 2025-11-18 20:28:53,704: process[rosout-1]: killing os process with pid[167] pgid[167]
[roslaunch][INFO] 2025-11-18 20:28:53,704: [rosout-1] sending SIGINT to pgid [167]
[roslaunch][INFO] 2025-11-18 20:28:53,704: [rosout-1] sent SIGINT to pgid [167]
[roslaunch][INFO] 2025-11-18 20:28:53,905: process[rosout-1]: SIGINT killed with return value 0
[roslaunch.pmon][INFO] 2025-11-18 20:28:53,905: ProcessMonitor exit: killing master
[roslaunch][INFO] 2025-11-18 20:28:53,905: [master] killing on exit
[roslaunch][INFO] 2025-11-18 20:28:53,906: process[master]: killing os process with pid[157] pgid[157]
[roslaunch][INFO] 2025-11-18 20:28:53,906: [master] sending SIGINT to pgid [157]
[roslaunch][INFO] 2025-11-18 20:28:53,906: [master] sent SIGINT to pgid [157]
[roslaunch][INFO] 2025-11-18 20:28:54,306: process[master]: SIGINT killed with return value 0
[roslaunch.pmon][INFO] 2025-11-18 20:28:54,307: ProcessMonitor exit: cleaning up data structures and signals
[roslaunch.pmon][INFO] 2025-11-18 20:28:54,311: ProcessMonitor exit: pmon has shutdown
[roslaunch][ERROR] 2025-11-18 20:28:54,311: Shutdown errors:
 * process[gripper_controllers_spawner-9, pid 189]: required SIGKILL. May still be running.
 * process[bringup_controllers_spawner_ft-8, pid 188]: required SIGKILL. May still be running.
[roslaunch][INFO] 2025-11-18 20:28:54,312: process monitor is done spinning, initiating full shutdown
[roslaunch][INFO] 2025-11-18 20:28:54,313: runner.stop()
[roslaunch][INFO] 2025-11-18 20:28:54,313: shutting down processing monitor...
[roslaunch][INFO] 2025-11-18 20:28:54,313: shutting down processing monitor <ProcessMonitor(ProcessMonitor-1, stopped daemon 135049260996352)>
[roslaunch.pmon][INFO] 2025-11-18 20:28:54,313: ProcessMonitor.shutdown <ProcessMonitor(ProcessMonitor-1, stopped daemon 135049260996352)>
[roslaunch][INFO] 2025-11-18 20:28:54,313: ... shutting down processing monitor complete
[roslaunch][INFO] 2025-11-18 20:28:54,313: done
[roslaunch.pmon][INFO] 2025-11-18 20:28:54,319: ProcessMonitor.shutdown <ProcessMonitor(ProcessMonitor-1, stopped daemon 135049260996352)>
[rospy.core][INFO] 2025-11-18 20:28:54,325: signal_shutdown [atexit]
