[roslaunch][INFO] 2025-11-09 14:41:17,281: Checking log directory for disk usage. This may take a while.
Press Ctrl-C to interrupt
[roslaunch][INFO] 2025-11-09 14:41:17,287: Done checking log file disk usage. Usage is <1GB.
[roslaunch][INFO] 2025-11-09 14:41:17,287: roslaunch starting with args ['/opt/ros/noetic/bin/roslaunch', 'tiago_gazebo.launch']
[roslaunch][INFO] 2025-11-09 14:41:17,287: roslaunch env is environ({'ROS_VERSION': '1', 'DISABLE_ROS1_EOL_WARNINGS': '1', 'PKG_CONFIG_PATH': '/opt/pal/gallium/lib/pkgconfig:/opt/pal/gallium/lib/x86_64-linux-gnu/pkgconfig:/opt/ros/noetic/lib/pkgconfig:/opt/ros/noetic/lib/x86_64-linux-gnu/pkgconfig', 'ROS_PYTHON_VERSION': '3', 'HOSTNAME': 'epan-tiago-noetic-ssh', 'VISP_WS': '/home/pal/visp-ws', 'ROS_PACKAGE_PATH': '/home/pal/ros_ws/src:/opt/pal/gallium/share:/opt/ros/noetic/share', 'ROSLISP_PACKAGE_DIRECTORIES': '/home/pal/ros_ws/devel/share/common-lisp', 'PWD': '/home/pal/ros_ws/src', 'XAUTHORITY': '', 'TZ': 'Europe/Paris', 'ROS_IP': '127.0.0.1', 'HOME': '/home/pal', 'ROS_ETC_DIR': '/opt/ros/noetic/etc/ros', 'LS_COLORS': 'rs=0:di=01;34:ln=01;36:mh=00:pi=40;33:so=01;35:do=01;35:bd=40;33;01:cd=40;33;01:or=40;31;01:mi=00:su=37;41:sg=30;43:ca=30;41:tw=30;42:ow=34;42:st=37;44:ex=01;32:*.tar=01;31:*.tgz=01;31:*.arc=01;31:*.arj=01;31:*.taz=01;31:*.lha=01;31:*.lz4=01;31:*.lzh=01;31:*.lzma=01;31:*.tlz=01;31:*.txz=01;31:*.tzo=01;31:*.t7z=01;31:*.zip=01;31:*.z=01;31:*.dz=01;31:*.gz=01;31:*.lrz=01;31:*.lz=01;31:*.lzo=01;31:*.xz=01;31:*.zst=01;31:*.tzst=01;31:*.bz2=01;31:*.bz=01;31:*.tbz=01;31:*.tbz2=01;31:*.tz=01;31:*.deb=01;31:*.rpm=01;31:*.jar=01;31:*.war=01;31:*.ear=01;31:*.sar=01;31:*.rar=01;31:*.alz=01;31:*.ace=01;31:*.zoo=01;31:*.cpio=01;31:*.7z=01;31:*.rz=01;31:*.cab=01;31:*.wim=01;31:*.swm=01;31:*.dwm=01;31:*.esd=01;31:*.jpg=01;35:*.jpeg=01;35:*.mjpg=01;35:*.mjpeg=01;35:*.gif=01;35:*.bmp=01;35:*.pbm=01;35:*.pgm=01;35:*.ppm=01;35:*.tga=01;35:*.xbm=01;35:*.xpm=01;35:*.tif=01;35:*.tiff=01;35:*.png=01;35:*.svg=01;35:*.svgz=01;35:*.mng=01;35:*.pcx=01;35:*.mov=01;35:*.mpg=01;35:*.mpeg=01;35:*.m2v=01;35:*.mkv=01;35:*.webm=01;35:*.ogm=01;35:*.mp4=01;35:*.m4v=01;35:*.mp4v=01;35:*.vob=01;35:*.qt=01;35:*.nuv=01;35:*.wmv=01;35:*.asf=01;35:*.rm=01;35:*.rmvb=01;35:*.flc=01;35:*.avi=01;35:*.fli=01;35:*.flv=01;35:*.gl=01;35:*.dl=01;35:*.xcf=01;35:*.xwd=01;35:*.yuv=01;35:*.cgm=01;35:*.emf=01;35:*.ogv=01;35:*.ogx=01;35:*.aac=00;36:*.au=00;36:*.flac=00;36:*.m4a=00;36:*.mid=00;36:*.midi=00;36:*.mka=00;36:*.mp3=00;36:*.mpc=00;36:*.ogg=00;36:*.ra=00;36:*.wav=00;36:*.oga=00;36:*.opus=00;36:*.spx=00;36:*.xspf=00;36:', 'OROCOS_TARGET': 'gnulinux', 'CMAKE_PREFIX_PATH': '/home/pal/ros_ws/devel:/opt/pal/gallium:/opt/ros/noetic', 'GAZEBO_RESOURCE_PATH': '/home/pal/ros_ws/src/va50:', 'ROS_WORKSPACE': '/home/pal/ros_ws', 'LESSCLOSE': '/usr/bin/lesspipe %s %s', 'PYTHONPATH': '/opt/pal/gallium/lib/python3/dist-packages:/opt/ros/noetic/lib/python3/dist-packages', 'TERM': 'xterm', 'VISP_INPUT_IMAGE_PATH': '/home/pal/visp-ws/visp-images', 'LESSOPEN': '| /usr/bin/lesspipe %s', 'USER': 'pal', 'RTT_COMPONENT_PATH': '/opt/pal/gallium/lib/orocos', 'DISPLAY': ':1', 'SHLVL': '1', 'PAL_DISTRO': 'gallium', 'ROS_MASTER_URI': 'http://localhost:11311/', 'LD_LIBRARY_PATH': '/home/pal/ros_ws/devel/lib:/opt/pal/gallium/lib:/opt/pal/gallium/lib/x86_64-linux-gnu:/opt/ros/noetic/lib:/opt/ros/noetic/lib/x86_64-linux-gnu:/usr/local/lib', 'GAZEBO_MODEL_PATH': '/home/pal/ros_ws/src/va50/models:', 'PATH': '/opt/pal/gallium/bin:/opt/ros/noetic/bin:/opt/pal/gallium/lib/pal_debian_utils/:/usr/local/sbin:/usr/local/bin:/usr/sbin:/usr/bin:/sbin:/bin', 'LUA_PATH': ';;/opt/pal/gallium/share/lua/5.1/?.lua;/opt/pal/gallium/share/lua/5.1/?.lua;/opt/pal/gallium/share/lua/5.1/?.lua', 'DEBIAN_FRONTEND': 'noninteractive', 'ROS_ROOT': '/opt/ros/noetic/share/ros', 'ROS_DISTRO': 'noetic', 'QT_X11_NO_MITSHM': '1', '_': '/opt/ros/noetic/bin/roslaunch', 'OLDPWD': '/home/pal/ros_ws', 'LC_CTYPE': 'C.UTF-8', 'ROS_LOG_FILENAME': '/home/pal/.ros/log/c45e90d0-bd71-11f0-9b28-0028f8234b19/roslaunch-epan-tiago-noetic-ssh-136.log'})
[roslaunch][INFO] 2025-11-09 14:41:17,287: starting in server mode
[roslaunch.parent][INFO] 2025-11-09 14:41:17,288: starting roslaunch parent run
[roslaunch][INFO] 2025-11-09 14:41:17,288: loading roscore config file /opt/ros/noetic/etc/ros/roscore.xml
[roslaunch][INFO] 2025-11-09 14:41:17,528: Added core node of type [rosout/rosout] in namespace [/]
[roslaunch.config][INFO] 2025-11-09 14:41:17,528: loading config file tiago_gazebo.launch
[roslaunch][INFO] 2025-11-09 14:41:17,593: Added node of type [gazebo_ros/gzserver] in namespace [/]
[roslaunch][INFO] 2025-11-09 14:41:17,594: Added node of type [gazebo_ros/gzclient] in namespace [/]
[roslaunch][INFO] 2025-11-09 14:41:18,366: Added node of type [gazebo_ros/spawn_model] in namespace [/]
[roslaunch][INFO] 2025-11-09 14:41:18,383: Added node of type [controller_manager/spawner] in namespace [/]
[roslaunch][INFO] 2025-11-09 14:41:18,384: Added node of type [head_action/head_action] in namespace [/head_controller/]
[roslaunch][INFO] 2025-11-09 14:41:18,385: Added node of type [controller_manager/spawner] in namespace [/]
[roslaunch][INFO] 2025-11-09 14:41:18,387: Added node of type [controller_manager/spawner] in namespace [/]
[roslaunch][INFO] 2025-11-09 14:41:18,389: Added node of type [controller_manager/spawner] in namespace [/]
[roslaunch][INFO] 2025-11-09 14:41:18,390: Added node of type [pal_gripper_controller_configuration/home_gripper.py] in namespace [/]
[roslaunch][INFO] 2025-11-09 14:41:18,460: Added node of type [play_motion/play_motion] in namespace [/]
[roslaunch][INFO] 2025-11-09 14:41:18,461: Added node of type [play_motion/is_already_there.py] in namespace [/]
[roslaunch][INFO] 2025-11-09 14:41:18,488: Added node of type [moveit_ros_move_group/move_group] in namespace [/]
[roslaunch][INFO] 2025-11-09 14:41:18,488: Added node of type [robot_state_publisher/robot_state_publisher] in namespace [/]
[roslaunch][INFO] 2025-11-09 14:41:18,489: Added node of type [tf_lookup/tf_lookup] in namespace [/]
[roslaunch][INFO] 2025-11-09 14:41:18,497: Added node of type [twist_mux/twist_mux] in namespace [/]
[roslaunch][INFO] 2025-11-09 14:41:18,497: Added node of type [twist_mux/twist_marker] in namespace [/]
[roslaunch][INFO] 2025-11-09 14:41:18,498: Added node of type [twist_mux/joystick_relay.py] in namespace [/]
[roslaunch][INFO] 2025-11-09 14:41:18,511: Added node of type [dynamic_footprint/dynamic_footprint_publisher.py] in namespace [/]
[roslaunch][INFO] 2025-11-09 14:41:18,511: Added node of type [topic_tools/relay] in namespace [/]
[roslaunch][INFO] 2025-11-09 14:41:18,512: Added node of type [pal_pcl_points_throttle_and_filter/throttle_filtering_points] in namespace [/]
[roslaunch][INFO] 2025-11-09 14:41:18,513: Added node of type [tiago_gazebo/tuck_arm.py] in namespace [/]
[roslaunch][INFO] 2025-11-09 14:41:18,513: Added node of type [image_proc/image_proc] in namespace [/xtion/rgb/]
[roslaunch][INFO] 2025-11-09 14:41:18,546: ... selected machine [] for node of type [gazebo_ros/gzserver]
[roslaunch][INFO] 2025-11-09 14:41:18,546: ... selected machine [] for node of type [gazebo_ros/gzclient]
[roslaunch][INFO] 2025-11-09 14:41:18,546: ... selected machine [] for node of type [gazebo_ros/spawn_model]
[roslaunch][INFO] 2025-11-09 14:41:18,546: ... selected machine [] for node of type [controller_manager/spawner]
[roslaunch][INFO] 2025-11-09 14:41:18,546: ... selected machine [] for node of type [head_action/head_action]
[roslaunch][INFO] 2025-11-09 14:41:18,546: ... selected machine [] for node of type [controller_manager/spawner]
[roslaunch][INFO] 2025-11-09 14:41:18,546: ... selected machine [] for node of type [controller_manager/spawner]
[roslaunch][INFO] 2025-11-09 14:41:18,546: ... selected machine [] for node of type [controller_manager/spawner]
[roslaunch][INFO] 2025-11-09 14:41:18,546: ... selected machine [] for node of type [pal_gripper_controller_configuration/home_gripper.py]
[roslaunch][INFO] 2025-11-09 14:41:18,547: ... selected machine [] for node of type [play_motion/play_motion]
[roslaunch][INFO] 2025-11-09 14:41:18,547: ... selected machine [] for node of type [play_motion/is_already_there.py]
[roslaunch][INFO] 2025-11-09 14:41:18,547: ... selected machine [] for node of type [moveit_ros_move_group/move_group]
[roslaunch][INFO] 2025-11-09 14:41:18,547: ... selected machine [] for node of type [robot_state_publisher/robot_state_publisher]
[roslaunch][INFO] 2025-11-09 14:41:18,547: ... selected machine [] for node of type [tf_lookup/tf_lookup]
[roslaunch][INFO] 2025-11-09 14:41:18,547: ... selected machine [] for node of type [twist_mux/twist_mux]
[roslaunch][INFO] 2025-11-09 14:41:18,547: ... selected machine [] for node of type [twist_mux/twist_marker]
[roslaunch][INFO] 2025-11-09 14:41:18,547: ... selected machine [] for node of type [twist_mux/joystick_relay.py]
[roslaunch][INFO] 2025-11-09 14:41:18,547: ... selected machine [] for node of type [dynamic_footprint/dynamic_footprint_publisher.py]
[roslaunch][INFO] 2025-11-09 14:41:18,547: ... selected machine [] for node of type [topic_tools/relay]
[roslaunch][INFO] 2025-11-09 14:41:18,547: ... selected machine [] for node of type [pal_pcl_points_throttle_and_filter/throttle_filtering_points]
[roslaunch][INFO] 2025-11-09 14:41:18,547: ... selected machine [] for node of type [tiago_gazebo/tuck_arm.py]
[roslaunch][INFO] 2025-11-09 14:41:18,547: ... selected machine [] for node of type [image_proc/image_proc]
[roslaunch.pmon][INFO] 2025-11-09 14:41:18,548: start_process_monitor: creating ProcessMonitor
[roslaunch.pmon][INFO] 2025-11-09 14:41:18,548: created process monitor <ProcessMonitor(ProcessMonitor-1, initial daemon)>
[roslaunch.pmon][INFO] 2025-11-09 14:41:18,548: start_process_monitor: ProcessMonitor started
[roslaunch.parent][INFO] 2025-11-09 14:41:18,549: starting parent XML-RPC server
[roslaunch.server][INFO] 2025-11-09 14:41:18,549: starting roslaunch XML-RPC server
[roslaunch.server][INFO] 2025-11-09 14:41:18,549: waiting for roslaunch XML-RPC server to initialize
[xmlrpc][INFO] 2025-11-09 14:41:18,549: XML-RPC server binding to 127.0.0.1:0
[xmlrpc][INFO] 2025-11-09 14:41:18,549: Started XML-RPC server [http://127.0.0.1:33107/]
[xmlrpc][INFO] 2025-11-09 14:41:18,549: xml rpc node: starting XML-RPC server
[roslaunch][INFO] 2025-11-09 14:41:18,561: started roslaunch server http://127.0.0.1:33107/
[roslaunch.parent][INFO] 2025-11-09 14:41:18,561: ... parent XML-RPC server started
[roslaunch][INFO] 2025-11-09 14:41:18,568: master.is_running[http://localhost:11311/]
[roslaunch][INFO] 2025-11-09 14:41:18,569: auto-starting new master
[roslaunch][INFO] 2025-11-09 14:41:18,569: create_master_process: rosmaster, /opt/ros/noetic/share/ros, 11311, 3, None, False
[roslaunch][INFO] 2025-11-09 14:41:18,569: process[master]: launching with args [['rosmaster', '--core', '-p', '11311', '-w', '3']]
[roslaunch.pmon][INFO] 2025-11-09 14:41:18,569: ProcessMonitor.register[master]
[roslaunch.pmon][INFO] 2025-11-09 14:41:18,569: ProcessMonitor.register[master] complete
[roslaunch][INFO] 2025-11-09 14:41:18,569: process[master]: starting os process
[roslaunch][INFO] 2025-11-09 14:41:18,569: process[master]: start w/ args [['rosmaster', '--core', '-p', '11311', '-w', '3', '__log:=/home/pal/.ros/log/c45e90d0-bd71-11f0-9b28-0028f8234b19/master.log']]
[roslaunch][INFO] 2025-11-09 14:41:18,569: process[master]: cwd will be [/home/pal/.ros]
[roslaunch][INFO] 2025-11-09 14:41:18,575: process[master]: started with pid [156]
[roslaunch][INFO] 2025-11-09 14:41:18,575: master.is_running[http://localhost:11311/]
[roslaunch][INFO] 2025-11-09 14:41:18,676: master.is_running[http://localhost:11311/]
[roslaunch][INFO] 2025-11-09 14:41:18,777: master.is_running[http://localhost:11311/]
[roslaunch][INFO] 2025-11-09 14:41:18,878: master.is_running[http://localhost:11311/]
[roslaunch][INFO] 2025-11-09 14:41:18,979: master.is_running[http://localhost:11311/]
[roslaunch][INFO] 2025-11-09 14:41:18,980: master.is_running[http://localhost:11311/]
[roslaunch][INFO] 2025-11-09 14:41:18,982: ROS_MASTER_URI=http://localhost:11311/
[roslaunch][INFO] 2025-11-09 14:41:18,983: setting /run_id to c45e90d0-bd71-11f0-9b28-0028f8234b19
[roslaunch][INFO] 2025-11-09 14:41:18,984: setting /roslaunch/uris/host_127_0_0_1__33107' to http://127.0.0.1:33107/
[roslaunch][INFO] 2025-11-09 14:41:18,987: ... preparing to launch node of type [rosout/rosout]
[roslaunch][INFO] 2025-11-09 14:41:18,987: create_node_process: package[rosout] type[rosout] machine[Machine(name[] env_loader[None] address[localhost] ssh_port[22] user[None] assignable[True] timeout[10.0])] master_uri[http://localhost:11311/]
[roslaunch][INFO] 2025-11-09 14:41:18,987: process[rosout-1]: env[{'ROS_VERSION': '1', 'DISABLE_ROS1_EOL_WARNINGS': '1', 'PKG_CONFIG_PATH': '/opt/pal/gallium/lib/pkgconfig:/opt/pal/gallium/lib/x86_64-linux-gnu/pkgconfig:/opt/ros/noetic/lib/pkgconfig:/opt/ros/noetic/lib/x86_64-linux-gnu/pkgconfig', 'ROS_PYTHON_VERSION': '3', 'HOSTNAME': 'epan-tiago-noetic-ssh', 'VISP_WS': '/home/pal/visp-ws', 'ROS_PACKAGE_PATH': '/home/pal/ros_ws/src:/opt/pal/gallium/share:/opt/ros/noetic/share', 'ROSLISP_PACKAGE_DIRECTORIES': '/home/pal/ros_ws/devel/share/common-lisp', 'PWD': '/home/pal/ros_ws/src', 'XAUTHORITY': '', 'TZ': 'Europe/Paris', 'ROS_IP': '127.0.0.1', 'HOME': '/home/pal', 'ROS_ETC_DIR': '/opt/ros/noetic/etc/ros', 'LS_COLORS': 'rs=0:di=01;34:ln=01;36:mh=00:pi=40;33:so=01;35:do=01;35:bd=40;33;01:cd=40;33;01:or=40;31;01:mi=00:su=37;41:sg=30;43:ca=30;41:tw=30;42:ow=34;42:st=37;44:ex=01;32:*.tar=01;31:*.tgz=01;31:*.arc=01;31:*.arj=01;31:*.taz=01;31:*.lha=01;31:*.lz4=01;31:*.lzh=01;31:*.lzma=01;31:*.tlz=01;31:*.txz=01;31:*.tzo=01;31:*.t7z=01;31:*.zip=01;31:*.z=01;31:*.dz=01;31:*.gz=01;31:*.lrz=01;31:*.lz=01;31:*.lzo=01;31:*.xz=01;31:*.zst=01;31:*.tzst=01;31:*.bz2=01;31:*.bz=01;31:*.tbz=01;31:*.tbz2=01;31:*.tz=01;31:*.deb=01;31:*.rpm=01;31:*.jar=01;31:*.war=01;31:*.ear=01;31:*.sar=01;31:*.rar=01;31:*.alz=01;31:*.ace=01;31:*.zoo=01;31:*.cpio=01;31:*.7z=01;31:*.rz=01;31:*.cab=01;31:*.wim=01;31:*.swm=01;31:*.dwm=01;31:*.esd=01;31:*.jpg=01;35:*.jpeg=01;35:*.mjpg=01;35:*.mjpeg=01;35:*.gif=01;35:*.bmp=01;35:*.pbm=01;35:*.pgm=01;35:*.ppm=01;35:*.tga=01;35:*.xbm=01;35:*.xpm=01;35:*.tif=01;35:*.tiff=01;35:*.png=01;35:*.svg=01;35:*.svgz=01;35:*.mng=01;35:*.pcx=01;35:*.mov=01;35:*.mpg=01;35:*.mpeg=01;35:*.m2v=01;35:*.mkv=01;35:*.webm=01;35:*.ogm=01;35:*.mp4=01;35:*.m4v=01;35:*.mp4v=01;35:*.vob=01;35:*.qt=01;35:*.nuv=01;35:*.wmv=01;35:*.asf=01;35:*.rm=01;35:*.rmvb=01;35:*.flc=01;35:*.avi=01;35:*.fli=01;35:*.flv=01;35:*.gl=01;35:*.dl=01;35:*.xcf=01;35:*.xwd=01;35:*.yuv=01;35:*.cgm=01;35:*.emf=01;35:*.ogv=01;35:*.ogx=01;35:*.aac=00;36:*.au=00;36:*.flac=00;36:*.m4a=00;36:*.mid=00;36:*.midi=00;36:*.mka=00;36:*.mp3=00;36:*.mpc=00;36:*.ogg=00;36:*.ra=00;36:*.wav=00;36:*.oga=00;36:*.opus=00;36:*.spx=00;36:*.xspf=00;36:', 'OROCOS_TARGET': 'gnulinux', 'CMAKE_PREFIX_PATH': '/home/pal/ros_ws/devel:/opt/pal/gallium:/opt/ros/noetic', 'GAZEBO_RESOURCE_PATH': '/home/pal/ros_ws/src/va50:', 'ROS_WORKSPACE': '/home/pal/ros_ws', 'LESSCLOSE': '/usr/bin/lesspipe %s %s', 'PYTHONPATH': '/opt/pal/gallium/lib/python3/dist-packages:/opt/ros/noetic/lib/python3/dist-packages', 'TERM': 'xterm', 'VISP_INPUT_IMAGE_PATH': '/home/pal/visp-ws/visp-images', 'LESSOPEN': '| /usr/bin/lesspipe %s', 'USER': 'pal', 'RTT_COMPONENT_PATH': '/opt/pal/gallium/lib/orocos', 'DISPLAY': ':1', 'SHLVL': '1', 'PAL_DISTRO': 'gallium', 'ROS_MASTER_URI': 'http://localhost:11311/', 'LD_LIBRARY_PATH': '/home/pal/ros_ws/devel/lib:/opt/pal/gallium/lib:/opt/pal/gallium/lib/x86_64-linux-gnu:/opt/ros/noetic/lib:/opt/ros/noetic/lib/x86_64-linux-gnu:/usr/local/lib', 'GAZEBO_MODEL_PATH': '/home/pal/ros_ws/src/va50/models:', 'PATH': '/opt/pal/gallium/bin:/opt/ros/noetic/bin:/opt/pal/gallium/lib/pal_debian_utils/:/usr/local/sbin:/usr/local/bin:/usr/sbin:/usr/bin:/sbin:/bin', 'LUA_PATH': ';;/opt/pal/gallium/share/lua/5.1/?.lua;/opt/pal/gallium/share/lua/5.1/?.lua;/opt/pal/gallium/share/lua/5.1/?.lua', 'DEBIAN_FRONTEND': 'noninteractive', 'ROS_ROOT': '/opt/ros/noetic/share/ros', 'ROS_DISTRO': 'noetic', 'QT_X11_NO_MITSHM': '1', '_': '/opt/ros/noetic/bin/roslaunch', 'OLDPWD': '/home/pal/ros_ws', 'LC_CTYPE': 'C.UTF-8', 'ROS_LOG_FILENAME': '/home/pal/.ros/log/c45e90d0-bd71-11f0-9b28-0028f8234b19/roslaunch-epan-tiago-noetic-ssh-136.log'}]
[roslaunch][INFO] 2025-11-09 14:41:19,061: process[rosout-1]: args[['/opt/ros/noetic/lib/rosout/rosout', '__name:=rosout']]
[roslaunch][INFO] 2025-11-09 14:41:19,061: ... created process [rosout-1]
[roslaunch.pmon][INFO] 2025-11-09 14:41:19,061: ProcessMonitor.register[rosout-1]
[roslaunch.pmon][INFO] 2025-11-09 14:41:19,061: ProcessMonitor.register[rosout-1] complete
[roslaunch][INFO] 2025-11-09 14:41:19,061: ... registered process [rosout-1]
[roslaunch][INFO] 2025-11-09 14:41:19,061: process[rosout-1]: starting os process
[roslaunch][INFO] 2025-11-09 14:41:19,061: process[rosout-1]: start w/ args [['/opt/ros/noetic/lib/rosout/rosout', '__name:=rosout', '__log:=/home/pal/.ros/log/c45e90d0-bd71-11f0-9b28-0028f8234b19/rosout-1.log']]
[roslaunch][INFO] 2025-11-09 14:41:19,061: process[rosout-1]: cwd will be [/home/pal/.ros]
[roslaunch][INFO] 2025-11-09 14:41:19,065: process[rosout-1]: started with pid [166]
[roslaunch][INFO] 2025-11-09 14:41:19,065: ... successfully launched [rosout-1]
[roslaunch][INFO] 2025-11-09 14:41:19,066: load_parameters starting ...
[roslaunch][INFO] 2025-11-09 14:41:19,215: ... load_parameters complete
[roslaunch][INFO] 2025-11-09 14:41:19,215: launch_nodes: launching local nodes ...
[roslaunch][INFO] 2025-11-09 14:41:19,217: ... preparing to launch node of type [gazebo_ros/gzserver]
[roslaunch][INFO] 2025-11-09 14:41:19,217: create_node_process: package[gazebo_ros] type[gzserver] machine[Machine(name[] env_loader[None] address[localhost] ssh_port[22] user[None] assignable[True] timeout[10.0])] master_uri[http://localhost:11311/]
[roslaunch][INFO] 2025-11-09 14:41:19,217: process[gazebo-2]: env[{'ROS_VERSION': '1', 'DISABLE_ROS1_EOL_WARNINGS': '1', 'PKG_CONFIG_PATH': '/opt/pal/gallium/lib/pkgconfig:/opt/pal/gallium/lib/x86_64-linux-gnu/pkgconfig:/opt/ros/noetic/lib/pkgconfig:/opt/ros/noetic/lib/x86_64-linux-gnu/pkgconfig', 'ROS_PYTHON_VERSION': '3', 'HOSTNAME': 'epan-tiago-noetic-ssh', 'VISP_WS': '/home/pal/visp-ws', 'ROS_PACKAGE_PATH': '/home/pal/ros_ws/src:/opt/pal/gallium/share:/opt/ros/noetic/share', 'ROSLISP_PACKAGE_DIRECTORIES': '/home/pal/ros_ws/devel/share/common-lisp', 'PWD': '/home/pal/ros_ws/src', 'XAUTHORITY': '', 'TZ': 'Europe/Paris', 'ROS_IP': '127.0.0.1', 'HOME': '/home/pal', 'ROS_ETC_DIR': '/opt/ros/noetic/etc/ros', 'LS_COLORS': 'rs=0:di=01;34:ln=01;36:mh=00:pi=40;33:so=01;35:do=01;35:bd=40;33;01:cd=40;33;01:or=40;31;01:mi=00:su=37;41:sg=30;43:ca=30;41:tw=30;42:ow=34;42:st=37;44:ex=01;32:*.tar=01;31:*.tgz=01;31:*.arc=01;31:*.arj=01;31:*.taz=01;31:*.lha=01;31:*.lz4=01;31:*.lzh=01;31:*.lzma=01;31:*.tlz=01;31:*.txz=01;31:*.tzo=01;31:*.t7z=01;31:*.zip=01;31:*.z=01;31:*.dz=01;31:*.gz=01;31:*.lrz=01;31:*.lz=01;31:*.lzo=01;31:*.xz=01;31:*.zst=01;31:*.tzst=01;31:*.bz2=01;31:*.bz=01;31:*.tbz=01;31:*.tbz2=01;31:*.tz=01;31:*.deb=01;31:*.rpm=01;31:*.jar=01;31:*.war=01;31:*.ear=01;31:*.sar=01;31:*.rar=01;31:*.alz=01;31:*.ace=01;31:*.zoo=01;31:*.cpio=01;31:*.7z=01;31:*.rz=01;31:*.cab=01;31:*.wim=01;31:*.swm=01;31:*.dwm=01;31:*.esd=01;31:*.jpg=01;35:*.jpeg=01;35:*.mjpg=01;35:*.mjpeg=01;35:*.gif=01;35:*.bmp=01;35:*.pbm=01;35:*.pgm=01;35:*.ppm=01;35:*.tga=01;35:*.xbm=01;35:*.xpm=01;35:*.tif=01;35:*.tiff=01;35:*.png=01;35:*.svg=01;35:*.svgz=01;35:*.mng=01;35:*.pcx=01;35:*.mov=01;35:*.mpg=01;35:*.mpeg=01;35:*.m2v=01;35:*.mkv=01;35:*.webm=01;35:*.ogm=01;35:*.mp4=01;35:*.m4v=01;35:*.mp4v=01;35:*.vob=01;35:*.qt=01;35:*.nuv=01;35:*.wmv=01;35:*.asf=01;35:*.rm=01;35:*.rmvb=01;35:*.flc=01;35:*.avi=01;35:*.fli=01;35:*.flv=01;35:*.gl=01;35:*.dl=01;35:*.xcf=01;35:*.xwd=01;35:*.yuv=01;35:*.cgm=01;35:*.emf=01;35:*.ogv=01;35:*.ogx=01;35:*.aac=00;36:*.au=00;36:*.flac=00;36:*.m4a=00;36:*.mid=00;36:*.midi=00;36:*.mka=00;36:*.mp3=00;36:*.mpc=00;36:*.ogg=00;36:*.ra=00;36:*.wav=00;36:*.oga=00;36:*.opus=00;36:*.spx=00;36:*.xspf=00;36:', 'OROCOS_TARGET': 'gnulinux', 'CMAKE_PREFIX_PATH': '/home/pal/ros_ws/devel:/opt/pal/gallium:/opt/ros/noetic', 'GAZEBO_RESOURCE_PATH': '/opt/pal/gallium/share/tiago_gazebo:/opt/pal/gallium/share/pal_gazebo_worlds/../pal_gazebo_worlds_private:/opt/pal/gallium/share/pal_gazebo_worlds/:/home/pal/ros_ws/src/va50:', 'ROS_WORKSPACE': '/home/pal/ros_ws', 'LESSCLOSE': '/usr/bin/lesspipe %s %s', 'PYTHONPATH': '/opt/pal/gallium/lib/python3/dist-packages:/opt/ros/noetic/lib/python3/dist-packages', 'TERM': 'xterm', 'VISP_INPUT_IMAGE_PATH': '/home/pal/visp-ws/visp-images', 'LESSOPEN': '| /usr/bin/lesspipe %s', 'USER': 'pal', 'RTT_COMPONENT_PATH': '/opt/pal/gallium/lib/orocos', 'DISPLAY': ':1', 'SHLVL': '1', 'PAL_DISTRO': 'gallium', 'ROS_MASTER_URI': 'http://localhost:11311/', 'LD_LIBRARY_PATH': '/home/pal/ros_ws/devel/lib:/opt/pal/gallium/lib:/opt/pal/gallium/lib/x86_64-linux-gnu:/opt/ros/noetic/lib:/opt/ros/noetic/lib/x86_64-linux-gnu:/usr/local/lib', 'GAZEBO_MODEL_PATH': '/opt/pal/gallium/share/tiago_gazebo/models:/opt/pal/gallium/share/pal_gazebo_worlds/../pal_gazebo_worlds_private/models:/opt/pal/gallium/share/pal_gazebo_worlds/models:/home/pal/ros_ws/src/va50/models:', 'PATH': '/opt/pal/gallium/bin:/opt/ros/noetic/bin:/opt/pal/gallium/lib/pal_debian_utils/:/usr/local/sbin:/usr/local/bin:/usr/sbin:/usr/bin:/sbin:/bin', 'LUA_PATH': ';;/opt/pal/gallium/share/lua/5.1/?.lua;/opt/pal/gallium/share/lua/5.1/?.lua;/opt/pal/gallium/share/lua/5.1/?.lua', 'DEBIAN_FRONTEND': 'noninteractive', 'ROS_ROOT': '/opt/ros/noetic/share/ros', 'ROS_DISTRO': 'noetic', 'QT_X11_NO_MITSHM': '1', '_': '/opt/ros/noetic/bin/roslaunch', 'OLDPWD': '/home/pal/ros_ws', 'LC_CTYPE': 'C.UTF-8', 'ROS_LOG_FILENAME': '/home/pal/.ros/log/c45e90d0-bd71-11f0-9b28-0028f8234b19/roslaunch-epan-tiago-noetic-ssh-136.log', 'LC_NUMERIC': 'C'}]
[roslaunch][INFO] 2025-11-09 14:41:19,218: process[gazebo-2]: args[['/opt/pal/gallium/lib/gazebo_ros/gzserver', '-e', 'ode', 'worlds/table_plate_fork_knife.world', '__name:=gazebo']]
[roslaunch][INFO] 2025-11-09 14:41:19,218: ... created process [gazebo-2]
[roslaunch.pmon][INFO] 2025-11-09 14:41:19,218: ProcessMonitor.register[gazebo-2]
[roslaunch.pmon][INFO] 2025-11-09 14:41:19,218: ProcessMonitor.register[gazebo-2] complete
[roslaunch][INFO] 2025-11-09 14:41:19,219: ... registered process [gazebo-2]
[roslaunch][INFO] 2025-11-09 14:41:19,219: process[gazebo-2]: starting os process
[roslaunch][INFO] 2025-11-09 14:41:19,219: process[gazebo-2]: start w/ args [['/opt/pal/gallium/lib/gazebo_ros/gzserver', '-e', 'ode', 'worlds/table_plate_fork_knife.world', '__name:=gazebo', '__log:=/home/pal/.ros/log/c45e90d0-bd71-11f0-9b28-0028f8234b19/gazebo-2.log']]
[roslaunch][INFO] 2025-11-09 14:41:19,219: process[gazebo-2]: cwd will be [/home/pal/.ros]
[roslaunch][INFO] 2025-11-09 14:41:19,222: process[gazebo-2]: started with pid [173]
[roslaunch][INFO] 2025-11-09 14:41:19,223: ... successfully launched [gazebo-2]
[roslaunch][INFO] 2025-11-09 14:41:19,223: ... preparing to launch node of type [gazebo_ros/gzclient]
[roslaunch][INFO] 2025-11-09 14:41:19,223: create_node_process: package[gazebo_ros] type[gzclient] machine[Machine(name[] env_loader[None] address[localhost] ssh_port[22] user[None] assignable[True] timeout[10.0])] master_uri[http://localhost:11311/]
[roslaunch][INFO] 2025-11-09 14:41:19,223: process[gazebo_gui-3]: env[{'ROS_VERSION': '1', 'DISABLE_ROS1_EOL_WARNINGS': '1', 'PKG_CONFIG_PATH': '/opt/pal/gallium/lib/pkgconfig:/opt/pal/gallium/lib/x86_64-linux-gnu/pkgconfig:/opt/ros/noetic/lib/pkgconfig:/opt/ros/noetic/lib/x86_64-linux-gnu/pkgconfig', 'ROS_PYTHON_VERSION': '3', 'HOSTNAME': 'epan-tiago-noetic-ssh', 'VISP_WS': '/home/pal/visp-ws', 'ROS_PACKAGE_PATH': '/home/pal/ros_ws/src:/opt/pal/gallium/share:/opt/ros/noetic/share', 'ROSLISP_PACKAGE_DIRECTORIES': '/home/pal/ros_ws/devel/share/common-lisp', 'PWD': '/home/pal/ros_ws/src', 'XAUTHORITY': '', 'TZ': 'Europe/Paris', 'ROS_IP': '127.0.0.1', 'HOME': '/home/pal', 'ROS_ETC_DIR': '/opt/ros/noetic/etc/ros', 'LS_COLORS': 'rs=0:di=01;34:ln=01;36:mh=00:pi=40;33:so=01;35:do=01;35:bd=40;33;01:cd=40;33;01:or=40;31;01:mi=00:su=37;41:sg=30;43:ca=30;41:tw=30;42:ow=34;42:st=37;44:ex=01;32:*.tar=01;31:*.tgz=01;31:*.arc=01;31:*.arj=01;31:*.taz=01;31:*.lha=01;31:*.lz4=01;31:*.lzh=01;31:*.lzma=01;31:*.tlz=01;31:*.txz=01;31:*.tzo=01;31:*.t7z=01;31:*.zip=01;31:*.z=01;31:*.dz=01;31:*.gz=01;31:*.lrz=01;31:*.lz=01;31:*.lzo=01;31:*.xz=01;31:*.zst=01;31:*.tzst=01;31:*.bz2=01;31:*.bz=01;31:*.tbz=01;31:*.tbz2=01;31:*.tz=01;31:*.deb=01;31:*.rpm=01;31:*.jar=01;31:*.war=01;31:*.ear=01;31:*.sar=01;31:*.rar=01;31:*.alz=01;31:*.ace=01;31:*.zoo=01;31:*.cpio=01;31:*.7z=01;31:*.rz=01;31:*.cab=01;31:*.wim=01;31:*.swm=01;31:*.dwm=01;31:*.esd=01;31:*.jpg=01;35:*.jpeg=01;35:*.mjpg=01;35:*.mjpeg=01;35:*.gif=01;35:*.bmp=01;35:*.pbm=01;35:*.pgm=01;35:*.ppm=01;35:*.tga=01;35:*.xbm=01;35:*.xpm=01;35:*.tif=01;35:*.tiff=01;35:*.png=01;35:*.svg=01;35:*.svgz=01;35:*.mng=01;35:*.pcx=01;35:*.mov=01;35:*.mpg=01;35:*.mpeg=01;35:*.m2v=01;35:*.mkv=01;35:*.webm=01;35:*.ogm=01;35:*.mp4=01;35:*.m4v=01;35:*.mp4v=01;35:*.vob=01;35:*.qt=01;35:*.nuv=01;35:*.wmv=01;35:*.asf=01;35:*.rm=01;35:*.rmvb=01;35:*.flc=01;35:*.avi=01;35:*.fli=01;35:*.flv=01;35:*.gl=01;35:*.dl=01;35:*.xcf=01;35:*.xwd=01;35:*.yuv=01;35:*.cgm=01;35:*.emf=01;35:*.ogv=01;35:*.ogx=01;35:*.aac=00;36:*.au=00;36:*.flac=00;36:*.m4a=00;36:*.mid=00;36:*.midi=00;36:*.mka=00;36:*.mp3=00;36:*.mpc=00;36:*.ogg=00;36:*.ra=00;36:*.wav=00;36:*.oga=00;36:*.opus=00;36:*.spx=00;36:*.xspf=00;36:', 'OROCOS_TARGET': 'gnulinux', 'CMAKE_PREFIX_PATH': '/home/pal/ros_ws/devel:/opt/pal/gallium:/opt/ros/noetic', 'GAZEBO_RESOURCE_PATH': '/opt/pal/gallium/share/tiago_gazebo:/opt/pal/gallium/share/pal_gazebo_worlds/../pal_gazebo_worlds_private:/opt/pal/gallium/share/pal_gazebo_worlds/:/home/pal/ros_ws/src/va50:', 'ROS_WORKSPACE': '/home/pal/ros_ws', 'LESSCLOSE': '/usr/bin/lesspipe %s %s', 'PYTHONPATH': '/opt/pal/gallium/lib/python3/dist-packages:/opt/ros/noetic/lib/python3/dist-packages', 'TERM': 'xterm', 'VISP_INPUT_IMAGE_PATH': '/home/pal/visp-ws/visp-images', 'LESSOPEN': '| /usr/bin/lesspipe %s', 'USER': 'pal', 'RTT_COMPONENT_PATH': '/opt/pal/gallium/lib/orocos', 'DISPLAY': ':1', 'SHLVL': '1', 'PAL_DISTRO': 'gallium', 'ROS_MASTER_URI': 'http://localhost:11311/', 'LD_LIBRARY_PATH': '/home/pal/ros_ws/devel/lib:/opt/pal/gallium/lib:/opt/pal/gallium/lib/x86_64-linux-gnu:/opt/ros/noetic/lib:/opt/ros/noetic/lib/x86_64-linux-gnu:/usr/local/lib', 'GAZEBO_MODEL_PATH': '/opt/pal/gallium/share/tiago_gazebo/models:/opt/pal/gallium/share/pal_gazebo_worlds/../pal_gazebo_worlds_private/models:/opt/pal/gallium/share/pal_gazebo_worlds/models:/home/pal/ros_ws/src/va50/models:', 'PATH': '/opt/pal/gallium/bin:/opt/ros/noetic/bin:/opt/pal/gallium/lib/pal_debian_utils/:/usr/local/sbin:/usr/local/bin:/usr/sbin:/usr/bin:/sbin:/bin', 'LUA_PATH': ';;/opt/pal/gallium/share/lua/5.1/?.lua;/opt/pal/gallium/share/lua/5.1/?.lua;/opt/pal/gallium/share/lua/5.1/?.lua', 'DEBIAN_FRONTEND': 'noninteractive', 'ROS_ROOT': '/opt/ros/noetic/share/ros', 'ROS_DISTRO': 'noetic', 'QT_X11_NO_MITSHM': '1', '_': '/opt/ros/noetic/bin/roslaunch', 'OLDPWD': '/home/pal/ros_ws', 'LC_CTYPE': 'C.UTF-8', 'ROS_LOG_FILENAME': '/home/pal/.ros/log/c45e90d0-bd71-11f0-9b28-0028f8234b19/roslaunch-epan-tiago-noetic-ssh-136.log', 'LC_NUMERIC': 'C'}]
[roslaunch][INFO] 2025-11-09 14:41:19,224: process[gazebo_gui-3]: args[['/opt/pal/gallium/lib/gazebo_ros/gzclient', '__name:=gazebo_gui']]
[roslaunch][INFO] 2025-11-09 14:41:19,224: ... created process [gazebo_gui-3]
[roslaunch.pmon][INFO] 2025-11-09 14:41:19,224: ProcessMonitor.register[gazebo_gui-3]
[roslaunch.pmon][INFO] 2025-11-09 14:41:19,224: ProcessMonitor.register[gazebo_gui-3] complete
[roslaunch][INFO] 2025-11-09 14:41:19,224: ... registered process [gazebo_gui-3]
[roslaunch][INFO] 2025-11-09 14:41:19,225: process[gazebo_gui-3]: starting os process
[roslaunch][INFO] 2025-11-09 14:41:19,225: process[gazebo_gui-3]: start w/ args [['/opt/pal/gallium/lib/gazebo_ros/gzclient', '__name:=gazebo_gui', '__log:=/home/pal/.ros/log/c45e90d0-bd71-11f0-9b28-0028f8234b19/gazebo_gui-3.log']]
[roslaunch][INFO] 2025-11-09 14:41:19,225: process[gazebo_gui-3]: cwd will be [/home/pal/.ros]
[roslaunch][INFO] 2025-11-09 14:41:19,229: process[gazebo_gui-3]: started with pid [177]
[roslaunch][INFO] 2025-11-09 14:41:19,229: ... successfully launched [gazebo_gui-3]
[roslaunch][INFO] 2025-11-09 14:41:19,229: ... preparing to launch node of type [gazebo_ros/spawn_model]
[roslaunch][INFO] 2025-11-09 14:41:19,230: create_node_process: package[gazebo_ros] type[spawn_model] machine[Machine(name[] env_loader[None] address[localhost] ssh_port[22] user[None] assignable[True] timeout[10.0])] master_uri[http://localhost:11311/]
[roslaunch][INFO] 2025-11-09 14:41:19,230: process[spawn_model-4]: env[{'ROS_VERSION': '1', 'DISABLE_ROS1_EOL_WARNINGS': '1', 'PKG_CONFIG_PATH': '/opt/pal/gallium/lib/pkgconfig:/opt/pal/gallium/lib/x86_64-linux-gnu/pkgconfig:/opt/ros/noetic/lib/pkgconfig:/opt/ros/noetic/lib/x86_64-linux-gnu/pkgconfig', 'ROS_PYTHON_VERSION': '3', 'HOSTNAME': 'epan-tiago-noetic-ssh', 'VISP_WS': '/home/pal/visp-ws', 'ROS_PACKAGE_PATH': '/home/pal/ros_ws/src:/opt/pal/gallium/share:/opt/ros/noetic/share', 'ROSLISP_PACKAGE_DIRECTORIES': '/home/pal/ros_ws/devel/share/common-lisp', 'PWD': '/home/pal/ros_ws/src', 'XAUTHORITY': '', 'TZ': 'Europe/Paris', 'ROS_IP': '127.0.0.1', 'HOME': '/home/pal', 'ROS_ETC_DIR': '/opt/ros/noetic/etc/ros', 'LS_COLORS': 'rs=0:di=01;34:ln=01;36:mh=00:pi=40;33:so=01;35:do=01;35:bd=40;33;01:cd=40;33;01:or=40;31;01:mi=00:su=37;41:sg=30;43:ca=30;41:tw=30;42:ow=34;42:st=37;44:ex=01;32:*.tar=01;31:*.tgz=01;31:*.arc=01;31:*.arj=01;31:*.taz=01;31:*.lha=01;31:*.lz4=01;31:*.lzh=01;31:*.lzma=01;31:*.tlz=01;31:*.txz=01;31:*.tzo=01;31:*.t7z=01;31:*.zip=01;31:*.z=01;31:*.dz=01;31:*.gz=01;31:*.lrz=01;31:*.lz=01;31:*.lzo=01;31:*.xz=01;31:*.zst=01;31:*.tzst=01;31:*.bz2=01;31:*.bz=01;31:*.tbz=01;31:*.tbz2=01;31:*.tz=01;31:*.deb=01;31:*.rpm=01;31:*.jar=01;31:*.war=01;31:*.ear=01;31:*.sar=01;31:*.rar=01;31:*.alz=01;31:*.ace=01;31:*.zoo=01;31:*.cpio=01;31:*.7z=01;31:*.rz=01;31:*.cab=01;31:*.wim=01;31:*.swm=01;31:*.dwm=01;31:*.esd=01;31:*.jpg=01;35:*.jpeg=01;35:*.mjpg=01;35:*.mjpeg=01;35:*.gif=01;35:*.bmp=01;35:*.pbm=01;35:*.pgm=01;35:*.ppm=01;35:*.tga=01;35:*.xbm=01;35:*.xpm=01;35:*.tif=01;35:*.tiff=01;35:*.png=01;35:*.svg=01;35:*.svgz=01;35:*.mng=01;35:*.pcx=01;35:*.mov=01;35:*.mpg=01;35:*.mpeg=01;35:*.m2v=01;35:*.mkv=01;35:*.webm=01;35:*.ogm=01;35:*.mp4=01;35:*.m4v=01;35:*.mp4v=01;35:*.vob=01;35:*.qt=01;35:*.nuv=01;35:*.wmv=01;35:*.asf=01;35:*.rm=01;35:*.rmvb=01;35:*.flc=01;35:*.avi=01;35:*.fli=01;35:*.flv=01;35:*.gl=01;35:*.dl=01;35:*.xcf=01;35:*.xwd=01;35:*.yuv=01;35:*.cgm=01;35:*.emf=01;35:*.ogv=01;35:*.ogx=01;35:*.aac=00;36:*.au=00;36:*.flac=00;36:*.m4a=00;36:*.mid=00;36:*.midi=00;36:*.mka=00;36:*.mp3=00;36:*.mpc=00;36:*.ogg=00;36:*.ra=00;36:*.wav=00;36:*.oga=00;36:*.opus=00;36:*.spx=00;36:*.xspf=00;36:', 'OROCOS_TARGET': 'gnulinux', 'CMAKE_PREFIX_PATH': '/home/pal/ros_ws/devel:/opt/pal/gallium:/opt/ros/noetic', 'GAZEBO_RESOURCE_PATH': '/home/pal/ros_ws/src/va50:', 'ROS_WORKSPACE': '/home/pal/ros_ws', 'LESSCLOSE': '/usr/bin/lesspipe %s %s', 'PYTHONPATH': '/opt/pal/gallium/lib/python3/dist-packages:/opt/ros/noetic/lib/python3/dist-packages', 'TERM': 'xterm', 'VISP_INPUT_IMAGE_PATH': '/home/pal/visp-ws/visp-images', 'LESSOPEN': '| /usr/bin/lesspipe %s', 'USER': 'pal', 'RTT_COMPONENT_PATH': '/opt/pal/gallium/lib/orocos', 'DISPLAY': ':1', 'SHLVL': '1', 'PAL_DISTRO': 'gallium', 'ROS_MASTER_URI': 'http://localhost:11311/', 'LD_LIBRARY_PATH': '/home/pal/ros_ws/devel/lib:/opt/pal/gallium/lib:/opt/pal/gallium/lib/x86_64-linux-gnu:/opt/ros/noetic/lib:/opt/ros/noetic/lib/x86_64-linux-gnu:/usr/local/lib', 'GAZEBO_MODEL_PATH': '/home/pal/ros_ws/src/va50/models:', 'PATH': '/opt/pal/gallium/bin:/opt/ros/noetic/bin:/opt/pal/gallium/lib/pal_debian_utils/:/usr/local/sbin:/usr/local/bin:/usr/sbin:/usr/bin:/sbin:/bin', 'LUA_PATH': ';;/opt/pal/gallium/share/lua/5.1/?.lua;/opt/pal/gallium/share/lua/5.1/?.lua;/opt/pal/gallium/share/lua/5.1/?.lua', 'DEBIAN_FRONTEND': 'noninteractive', 'ROS_ROOT': '/opt/ros/noetic/share/ros', 'ROS_DISTRO': 'noetic', 'QT_X11_NO_MITSHM': '1', '_': '/opt/ros/noetic/bin/roslaunch', 'OLDPWD': '/home/pal/ros_ws', 'LC_CTYPE': 'C.UTF-8', 'ROS_LOG_FILENAME': '/home/pal/.ros/log/c45e90d0-bd71-11f0-9b28-0028f8234b19/roslaunch-epan-tiago-noetic-ssh-136.log', 'LC_NUMERIC': 'C'}]
[roslaunch][INFO] 2025-11-09 14:41:19,231: process[spawn_model-4]: args[['/opt/pal/gallium/lib/gazebo_ros/spawn_model', '-urdf', '-param', 'robot_description', '-x', '0.0', '-y', '0.0', '-z', '0.0', '-R', '0.0', '-P', '0.0', '-Y', '0.0', '-model', 'tiago', '__name:=spawn_model']]
[roslaunch][INFO] 2025-11-09 14:41:19,231: ... created process [spawn_model-4]
[roslaunch.pmon][INFO] 2025-11-09 14:41:19,232: ProcessMonitor.register[spawn_model-4]
[roslaunch.pmon][INFO] 2025-11-09 14:41:19,232: ProcessMonitor.register[spawn_model-4] complete
[roslaunch][INFO] 2025-11-09 14:41:19,232: ... registered process [spawn_model-4]
[roslaunch][INFO] 2025-11-09 14:41:19,232: process[spawn_model-4]: starting os process
[roslaunch][INFO] 2025-11-09 14:41:19,232: process[spawn_model-4]: start w/ args [['/opt/pal/gallium/lib/gazebo_ros/spawn_model', '-urdf', '-param', 'robot_description', '-x', '0.0', '-y', '0.0', '-z', '0.0', '-R', '0.0', '-P', '0.0', '-Y', '0.0', '-model', 'tiago', '__name:=spawn_model', '__log:=/home/pal/.ros/log/c45e90d0-bd71-11f0-9b28-0028f8234b19/spawn_model-4.log']]
[roslaunch][INFO] 2025-11-09 14:41:19,232: process[spawn_model-4]: cwd will be [/home/pal/.ros]
[roslaunch][INFO] 2025-11-09 14:41:19,239: process[spawn_model-4]: started with pid [182]
[roslaunch][INFO] 2025-11-09 14:41:19,240: ... successfully launched [spawn_model-4]
[roslaunch][INFO] 2025-11-09 14:41:19,240: ... preparing to launch node of type [controller_manager/spawner]
[roslaunch][INFO] 2025-11-09 14:41:19,240: create_node_process: package[controller_manager] type[spawner] machine[Machine(name[] env_loader[None] address[localhost] ssh_port[22] user[None] assignable[True] timeout[10.0])] master_uri[http://localhost:11311/]
[roslaunch][INFO] 2025-11-09 14:41:19,240: process[default_controllers_spawner-5]: env[{'ROS_VERSION': '1', 'DISABLE_ROS1_EOL_WARNINGS': '1', 'PKG_CONFIG_PATH': '/opt/pal/gallium/lib/pkgconfig:/opt/pal/gallium/lib/x86_64-linux-gnu/pkgconfig:/opt/ros/noetic/lib/pkgconfig:/opt/ros/noetic/lib/x86_64-linux-gnu/pkgconfig', 'ROS_PYTHON_VERSION': '3', 'HOSTNAME': 'epan-tiago-noetic-ssh', 'VISP_WS': '/home/pal/visp-ws', 'ROS_PACKAGE_PATH': '/home/pal/ros_ws/src:/opt/pal/gallium/share:/opt/ros/noetic/share', 'ROSLISP_PACKAGE_DIRECTORIES': '/home/pal/ros_ws/devel/share/common-lisp', 'PWD': '/home/pal/ros_ws/src', 'XAUTHORITY': '', 'TZ': 'Europe/Paris', 'ROS_IP': '127.0.0.1', 'HOME': '/home/pal', 'ROS_ETC_DIR': '/opt/ros/noetic/etc/ros', 'LS_COLORS': 'rs=0:di=01;34:ln=01;36:mh=00:pi=40;33:so=01;35:do=01;35:bd=40;33;01:cd=40;33;01:or=40;31;01:mi=00:su=37;41:sg=30;43:ca=30;41:tw=30;42:ow=34;42:st=37;44:ex=01;32:*.tar=01;31:*.tgz=01;31:*.arc=01;31:*.arj=01;31:*.taz=01;31:*.lha=01;31:*.lz4=01;31:*.lzh=01;31:*.lzma=01;31:*.tlz=01;31:*.txz=01;31:*.tzo=01;31:*.t7z=01;31:*.zip=01;31:*.z=01;31:*.dz=01;31:*.gz=01;31:*.lrz=01;31:*.lz=01;31:*.lzo=01;31:*.xz=01;31:*.zst=01;31:*.tzst=01;31:*.bz2=01;31:*.bz=01;31:*.tbz=01;31:*.tbz2=01;31:*.tz=01;31:*.deb=01;31:*.rpm=01;31:*.jar=01;31:*.war=01;31:*.ear=01;31:*.sar=01;31:*.rar=01;31:*.alz=01;31:*.ace=01;31:*.zoo=01;31:*.cpio=01;31:*.7z=01;31:*.rz=01;31:*.cab=01;31:*.wim=01;31:*.swm=01;31:*.dwm=01;31:*.esd=01;31:*.jpg=01;35:*.jpeg=01;35:*.mjpg=01;35:*.mjpeg=01;35:*.gif=01;35:*.bmp=01;35:*.pbm=01;35:*.pgm=01;35:*.ppm=01;35:*.tga=01;35:*.xbm=01;35:*.xpm=01;35:*.tif=01;35:*.tiff=01;35:*.png=01;35:*.svg=01;35:*.svgz=01;35:*.mng=01;35:*.pcx=01;35:*.mov=01;35:*.mpg=01;35:*.mpeg=01;35:*.m2v=01;35:*.mkv=01;35:*.webm=01;35:*.ogm=01;35:*.mp4=01;35:*.m4v=01;35:*.mp4v=01;35:*.vob=01;35:*.qt=01;35:*.nuv=01;35:*.wmv=01;35:*.asf=01;35:*.rm=01;35:*.rmvb=01;35:*.flc=01;35:*.avi=01;35:*.fli=01;35:*.flv=01;35:*.gl=01;35:*.dl=01;35:*.xcf=01;35:*.xwd=01;35:*.yuv=01;35:*.cgm=01;35:*.emf=01;35:*.ogv=01;35:*.ogx=01;35:*.aac=00;36:*.au=00;36:*.flac=00;36:*.m4a=00;36:*.mid=00;36:*.midi=00;36:*.mka=00;36:*.mp3=00;36:*.mpc=00;36:*.ogg=00;36:*.ra=00;36:*.wav=00;36:*.oga=00;36:*.opus=00;36:*.spx=00;36:*.xspf=00;36:', 'OROCOS_TARGET': 'gnulinux', 'CMAKE_PREFIX_PATH': '/home/pal/ros_ws/devel:/opt/pal/gallium:/opt/ros/noetic', 'GAZEBO_RESOURCE_PATH': '/home/pal/ros_ws/src/va50:', 'ROS_WORKSPACE': '/home/pal/ros_ws', 'LESSCLOSE': '/usr/bin/lesspipe %s %s', 'PYTHONPATH': '/opt/pal/gallium/lib/python3/dist-packages:/opt/ros/noetic/lib/python3/dist-packages', 'TERM': 'xterm', 'VISP_INPUT_IMAGE_PATH': '/home/pal/visp-ws/visp-images', 'LESSOPEN': '| /usr/bin/lesspipe %s', 'USER': 'pal', 'RTT_COMPONENT_PATH': '/opt/pal/gallium/lib/orocos', 'DISPLAY': ':1', 'SHLVL': '1', 'PAL_DISTRO': 'gallium', 'ROS_MASTER_URI': 'http://localhost:11311/', 'LD_LIBRARY_PATH': '/home/pal/ros_ws/devel/lib:/opt/pal/gallium/lib:/opt/pal/gallium/lib/x86_64-linux-gnu:/opt/ros/noetic/lib:/opt/ros/noetic/lib/x86_64-linux-gnu:/usr/local/lib', 'GAZEBO_MODEL_PATH': '/home/pal/ros_ws/src/va50/models:', 'PATH': '/opt/pal/gallium/bin:/opt/ros/noetic/bin:/opt/pal/gallium/lib/pal_debian_utils/:/usr/local/sbin:/usr/local/bin:/usr/sbin:/usr/bin:/sbin:/bin', 'LUA_PATH': ';;/opt/pal/gallium/share/lua/5.1/?.lua;/opt/pal/gallium/share/lua/5.1/?.lua;/opt/pal/gallium/share/lua/5.1/?.lua', 'DEBIAN_FRONTEND': 'noninteractive', 'ROS_ROOT': '/opt/ros/noetic/share/ros', 'ROS_DISTRO': 'noetic', 'QT_X11_NO_MITSHM': '1', '_': '/opt/ros/noetic/bin/roslaunch', 'OLDPWD': '/home/pal/ros_ws', 'LC_CTYPE': 'C.UTF-8', 'ROS_LOG_FILENAME': '/home/pal/.ros/log/c45e90d0-bd71-11f0-9b28-0028f8234b19/roslaunch-epan-tiago-noetic-ssh-136.log', 'LC_NUMERIC': 'C'}]
[roslaunch][INFO] 2025-11-09 14:41:19,241: process[default_controllers_spawner-5]: args[['/opt/pal/gallium/lib/controller_manager/spawner', '--timeout', '120', 'joint_state_controller', 'torso_controller', 'head_controller', 'arm_controller', 'mobile_base_controller', '__name:=default_controllers_spawner']]
[roslaunch][INFO] 2025-11-09 14:41:19,241: ... created process [default_controllers_spawner-5]
[roslaunch.pmon][INFO] 2025-11-09 14:41:19,241: ProcessMonitor.register[default_controllers_spawner-5]
[roslaunch.pmon][INFO] 2025-11-09 14:41:19,242: ProcessMonitor.register[default_controllers_spawner-5] complete
[roslaunch][INFO] 2025-11-09 14:41:19,242: ... registered process [default_controllers_spawner-5]
[roslaunch][INFO] 2025-11-09 14:41:19,242: process[default_controllers_spawner-5]: starting os process
[roslaunch][INFO] 2025-11-09 14:41:19,242: process[default_controllers_spawner-5]: start w/ args [['/opt/pal/gallium/lib/controller_manager/spawner', '--timeout', '120', 'joint_state_controller', 'torso_controller', 'head_controller', 'arm_controller', 'mobile_base_controller', '__name:=default_controllers_spawner', '__log:=/home/pal/.ros/log/c45e90d0-bd71-11f0-9b28-0028f8234b19/default_controllers_spawner-5.log']]
[roslaunch][INFO] 2025-11-09 14:41:19,242: process[default_controllers_spawner-5]: cwd will be [/home/pal/.ros]
[roslaunch][INFO] 2025-11-09 14:41:19,247: process[default_controllers_spawner-5]: started with pid [184]
[roslaunch][INFO] 2025-11-09 14:41:19,247: ... successfully launched [default_controllers_spawner-5]
[roslaunch][INFO] 2025-11-09 14:41:19,247: ... preparing to launch node of type [head_action/head_action]
[roslaunch][INFO] 2025-11-09 14:41:19,248: create_node_process: package[head_action] type[head_action] machine[Machine(name[] env_loader[None] address[localhost] ssh_port[22] user[None] assignable[True] timeout[10.0])] master_uri[http://localhost:11311/]
[roslaunch][INFO] 2025-11-09 14:41:19,248: process[head_controller/point_head_action-6]: env[{'ROS_VERSION': '1', 'DISABLE_ROS1_EOL_WARNINGS': '1', 'PKG_CONFIG_PATH': '/opt/pal/gallium/lib/pkgconfig:/opt/pal/gallium/lib/x86_64-linux-gnu/pkgconfig:/opt/ros/noetic/lib/pkgconfig:/opt/ros/noetic/lib/x86_64-linux-gnu/pkgconfig', 'ROS_PYTHON_VERSION': '3', 'HOSTNAME': 'epan-tiago-noetic-ssh', 'VISP_WS': '/home/pal/visp-ws', 'ROS_PACKAGE_PATH': '/home/pal/ros_ws/src:/opt/pal/gallium/share:/opt/ros/noetic/share', 'ROSLISP_PACKAGE_DIRECTORIES': '/home/pal/ros_ws/devel/share/common-lisp', 'PWD': '/home/pal/ros_ws/src', 'XAUTHORITY': '', 'TZ': 'Europe/Paris', 'ROS_IP': '127.0.0.1', 'HOME': '/home/pal', 'ROS_ETC_DIR': '/opt/ros/noetic/etc/ros', 'LS_COLORS': 'rs=0:di=01;34:ln=01;36:mh=00:pi=40;33:so=01;35:do=01;35:bd=40;33;01:cd=40;33;01:or=40;31;01:mi=00:su=37;41:sg=30;43:ca=30;41:tw=30;42:ow=34;42:st=37;44:ex=01;32:*.tar=01;31:*.tgz=01;31:*.arc=01;31:*.arj=01;31:*.taz=01;31:*.lha=01;31:*.lz4=01;31:*.lzh=01;31:*.lzma=01;31:*.tlz=01;31:*.txz=01;31:*.tzo=01;31:*.t7z=01;31:*.zip=01;31:*.z=01;31:*.dz=01;31:*.gz=01;31:*.lrz=01;31:*.lz=01;31:*.lzo=01;31:*.xz=01;31:*.zst=01;31:*.tzst=01;31:*.bz2=01;31:*.bz=01;31:*.tbz=01;31:*.tbz2=01;31:*.tz=01;31:*.deb=01;31:*.rpm=01;31:*.jar=01;31:*.war=01;31:*.ear=01;31:*.sar=01;31:*.rar=01;31:*.alz=01;31:*.ace=01;31:*.zoo=01;31:*.cpio=01;31:*.7z=01;31:*.rz=01;31:*.cab=01;31:*.wim=01;31:*.swm=01;31:*.dwm=01;31:*.esd=01;31:*.jpg=01;35:*.jpeg=01;35:*.mjpg=01;35:*.mjpeg=01;35:*.gif=01;35:*.bmp=01;35:*.pbm=01;35:*.pgm=01;35:*.ppm=01;35:*.tga=01;35:*.xbm=01;35:*.xpm=01;35:*.tif=01;35:*.tiff=01;35:*.png=01;35:*.svg=01;35:*.svgz=01;35:*.mng=01;35:*.pcx=01;35:*.mov=01;35:*.mpg=01;35:*.mpeg=01;35:*.m2v=01;35:*.mkv=01;35:*.webm=01;35:*.ogm=01;35:*.mp4=01;35:*.m4v=01;35:*.mp4v=01;35:*.vob=01;35:*.qt=01;35:*.nuv=01;35:*.wmv=01;35:*.asf=01;35:*.rm=01;35:*.rmvb=01;35:*.flc=01;35:*.avi=01;35:*.fli=01;35:*.flv=01;35:*.gl=01;35:*.dl=01;35:*.xcf=01;35:*.xwd=01;35:*.yuv=01;35:*.cgm=01;35:*.emf=01;35:*.ogv=01;35:*.ogx=01;35:*.aac=00;36:*.au=00;36:*.flac=00;36:*.m4a=00;36:*.mid=00;36:*.midi=00;36:*.mka=00;36:*.mp3=00;36:*.mpc=00;36:*.ogg=00;36:*.ra=00;36:*.wav=00;36:*.oga=00;36:*.opus=00;36:*.spx=00;36:*.xspf=00;36:', 'OROCOS_TARGET': 'gnulinux', 'CMAKE_PREFIX_PATH': '/home/pal/ros_ws/devel:/opt/pal/gallium:/opt/ros/noetic', 'GAZEBO_RESOURCE_PATH': '/home/pal/ros_ws/src/va50:', 'ROS_WORKSPACE': '/home/pal/ros_ws', 'LESSCLOSE': '/usr/bin/lesspipe %s %s', 'PYTHONPATH': '/opt/pal/gallium/lib/python3/dist-packages:/opt/ros/noetic/lib/python3/dist-packages', 'TERM': 'xterm', 'VISP_INPUT_IMAGE_PATH': '/home/pal/visp-ws/visp-images', 'LESSOPEN': '| /usr/bin/lesspipe %s', 'USER': 'pal', 'RTT_COMPONENT_PATH': '/opt/pal/gallium/lib/orocos', 'DISPLAY': ':1', 'SHLVL': '1', 'PAL_DISTRO': 'gallium', 'ROS_MASTER_URI': 'http://localhost:11311/', 'LD_LIBRARY_PATH': '/home/pal/ros_ws/devel/lib:/opt/pal/gallium/lib:/opt/pal/gallium/lib/x86_64-linux-gnu:/opt/ros/noetic/lib:/opt/ros/noetic/lib/x86_64-linux-gnu:/usr/local/lib', 'GAZEBO_MODEL_PATH': '/home/pal/ros_ws/src/va50/models:', 'PATH': '/opt/pal/gallium/bin:/opt/ros/noetic/bin:/opt/pal/gallium/lib/pal_debian_utils/:/usr/local/sbin:/usr/local/bin:/usr/sbin:/usr/bin:/sbin:/bin', 'LUA_PATH': ';;/opt/pal/gallium/share/lua/5.1/?.lua;/opt/pal/gallium/share/lua/5.1/?.lua;/opt/pal/gallium/share/lua/5.1/?.lua', 'DEBIAN_FRONTEND': 'noninteractive', 'ROS_ROOT': '/opt/ros/noetic/share/ros', 'ROS_DISTRO': 'noetic', 'QT_X11_NO_MITSHM': '1', '_': '/opt/ros/noetic/bin/roslaunch', 'OLDPWD': '/home/pal/ros_ws', 'LC_CTYPE': 'C.UTF-8', 'ROS_LOG_FILENAME': '/home/pal/.ros/log/c45e90d0-bd71-11f0-9b28-0028f8234b19/roslaunch-epan-tiago-noetic-ssh-136.log', 'ROS_NAMESPACE': '/head_controller', 'LC_NUMERIC': 'C'}]
[roslaunch][INFO] 2025-11-09 14:41:19,249: process[head_controller/point_head_action-6]: args[['/opt/pal/gallium/lib/head_action/head_action', '__name:=point_head_action']]
[roslaunch][INFO] 2025-11-09 14:41:19,249: ... created process [head_controller/point_head_action-6]
[roslaunch.pmon][INFO] 2025-11-09 14:41:19,250: ProcessMonitor.register[head_controller/point_head_action-6]
[roslaunch.pmon][INFO] 2025-11-09 14:41:19,250: ProcessMonitor.register[head_controller/point_head_action-6] complete
[roslaunch][INFO] 2025-11-09 14:41:19,250: ... registered process [head_controller/point_head_action-6]
[roslaunch][INFO] 2025-11-09 14:41:19,250: process[head_controller/point_head_action-6]: starting os process
[roslaunch][INFO] 2025-11-09 14:41:19,250: process[head_controller/point_head_action-6]: start w/ args [['/opt/pal/gallium/lib/head_action/head_action', '__name:=point_head_action', '__log:=/home/pal/.ros/log/c45e90d0-bd71-11f0-9b28-0028f8234b19/head_controller-point_head_action-6.log']]
[roslaunch][INFO] 2025-11-09 14:41:19,251: process[head_controller/point_head_action-6]: cwd will be [/home/pal/.ros]
[roslaunch][INFO] 2025-11-09 14:41:19,258: process[head_controller/point_head_action-6]: started with pid [185]
[roslaunch][INFO] 2025-11-09 14:41:19,259: ... successfully launched [head_controller/point_head_action-6]
[roslaunch][INFO] 2025-11-09 14:41:19,259: ... preparing to launch node of type [controller_manager/spawner]
[roslaunch][INFO] 2025-11-09 14:41:19,260: create_node_process: package[controller_manager] type[spawner] machine[Machine(name[] env_loader[None] address[localhost] ssh_port[22] user[None] assignable[True] timeout[10.0])] master_uri[http://localhost:11311/]
[roslaunch][INFO] 2025-11-09 14:41:19,260: process[bringup_controllers_spawner_imu-7]: env[{'ROS_VERSION': '1', 'DISABLE_ROS1_EOL_WARNINGS': '1', 'PKG_CONFIG_PATH': '/opt/pal/gallium/lib/pkgconfig:/opt/pal/gallium/lib/x86_64-linux-gnu/pkgconfig:/opt/ros/noetic/lib/pkgconfig:/opt/ros/noetic/lib/x86_64-linux-gnu/pkgconfig', 'ROS_PYTHON_VERSION': '3', 'HOSTNAME': 'epan-tiago-noetic-ssh', 'VISP_WS': '/home/pal/visp-ws', 'ROS_PACKAGE_PATH': '/home/pal/ros_ws/src:/opt/pal/gallium/share:/opt/ros/noetic/share', 'ROSLISP_PACKAGE_DIRECTORIES': '/home/pal/ros_ws/devel/share/common-lisp', 'PWD': '/home/pal/ros_ws/src', 'XAUTHORITY': '', 'TZ': 'Europe/Paris', 'ROS_IP': '127.0.0.1', 'HOME': '/home/pal', 'ROS_ETC_DIR': '/opt/ros/noetic/etc/ros', 'LS_COLORS': 'rs=0:di=01;34:ln=01;36:mh=00:pi=40;33:so=01;35:do=01;35:bd=40;33;01:cd=40;33;01:or=40;31;01:mi=00:su=37;41:sg=30;43:ca=30;41:tw=30;42:ow=34;42:st=37;44:ex=01;32:*.tar=01;31:*.tgz=01;31:*.arc=01;31:*.arj=01;31:*.taz=01;31:*.lha=01;31:*.lz4=01;31:*.lzh=01;31:*.lzma=01;31:*.tlz=01;31:*.txz=01;31:*.tzo=01;31:*.t7z=01;31:*.zip=01;31:*.z=01;31:*.dz=01;31:*.gz=01;31:*.lrz=01;31:*.lz=01;31:*.lzo=01;31:*.xz=01;31:*.zst=01;31:*.tzst=01;31:*.bz2=01;31:*.bz=01;31:*.tbz=01;31:*.tbz2=01;31:*.tz=01;31:*.deb=01;31:*.rpm=01;31:*.jar=01;31:*.war=01;31:*.ear=01;31:*.sar=01;31:*.rar=01;31:*.alz=01;31:*.ace=01;31:*.zoo=01;31:*.cpio=01;31:*.7z=01;31:*.rz=01;31:*.cab=01;31:*.wim=01;31:*.swm=01;31:*.dwm=01;31:*.esd=01;31:*.jpg=01;35:*.jpeg=01;35:*.mjpg=01;35:*.mjpeg=01;35:*.gif=01;35:*.bmp=01;35:*.pbm=01;35:*.pgm=01;35:*.ppm=01;35:*.tga=01;35:*.xbm=01;35:*.xpm=01;35:*.tif=01;35:*.tiff=01;35:*.png=01;35:*.svg=01;35:*.svgz=01;35:*.mng=01;35:*.pcx=01;35:*.mov=01;35:*.mpg=01;35:*.mpeg=01;35:*.m2v=01;35:*.mkv=01;35:*.webm=01;35:*.ogm=01;35:*.mp4=01;35:*.m4v=01;35:*.mp4v=01;35:*.vob=01;35:*.qt=01;35:*.nuv=01;35:*.wmv=01;35:*.asf=01;35:*.rm=01;35:*.rmvb=01;35:*.flc=01;35:*.avi=01;35:*.fli=01;35:*.flv=01;35:*.gl=01;35:*.dl=01;35:*.xcf=01;35:*.xwd=01;35:*.yuv=01;35:*.cgm=01;35:*.emf=01;35:*.ogv=01;35:*.ogx=01;35:*.aac=00;36:*.au=00;36:*.flac=00;36:*.m4a=00;36:*.mid=00;36:*.midi=00;36:*.mka=00;36:*.mp3=00;36:*.mpc=00;36:*.ogg=00;36:*.ra=00;36:*.wav=00;36:*.oga=00;36:*.opus=00;36:*.spx=00;36:*.xspf=00;36:', 'OROCOS_TARGET': 'gnulinux', 'CMAKE_PREFIX_PATH': '/home/pal/ros_ws/devel:/opt/pal/gallium:/opt/ros/noetic', 'GAZEBO_RESOURCE_PATH': '/home/pal/ros_ws/src/va50:', 'ROS_WORKSPACE': '/home/pal/ros_ws', 'LESSCLOSE': '/usr/bin/lesspipe %s %s', 'PYTHONPATH': '/opt/pal/gallium/lib/python3/dist-packages:/opt/ros/noetic/lib/python3/dist-packages', 'TERM': 'xterm', 'VISP_INPUT_IMAGE_PATH': '/home/pal/visp-ws/visp-images', 'LESSOPEN': '| /usr/bin/lesspipe %s', 'USER': 'pal', 'RTT_COMPONENT_PATH': '/opt/pal/gallium/lib/orocos', 'DISPLAY': ':1', 'SHLVL': '1', 'PAL_DISTRO': 'gallium', 'ROS_MASTER_URI': 'http://localhost:11311/', 'LD_LIBRARY_PATH': '/home/pal/ros_ws/devel/lib:/opt/pal/gallium/lib:/opt/pal/gallium/lib/x86_64-linux-gnu:/opt/ros/noetic/lib:/opt/ros/noetic/lib/x86_64-linux-gnu:/usr/local/lib', 'GAZEBO_MODEL_PATH': '/home/pal/ros_ws/src/va50/models:', 'PATH': '/opt/pal/gallium/bin:/opt/ros/noetic/bin:/opt/pal/gallium/lib/pal_debian_utils/:/usr/local/sbin:/usr/local/bin:/usr/sbin:/usr/bin:/sbin:/bin', 'LUA_PATH': ';;/opt/pal/gallium/share/lua/5.1/?.lua;/opt/pal/gallium/share/lua/5.1/?.lua;/opt/pal/gallium/share/lua/5.1/?.lua', 'DEBIAN_FRONTEND': 'noninteractive', 'ROS_ROOT': '/opt/ros/noetic/share/ros', 'ROS_DISTRO': 'noetic', 'QT_X11_NO_MITSHM': '1', '_': '/opt/ros/noetic/bin/roslaunch', 'OLDPWD': '/home/pal/ros_ws', 'LC_CTYPE': 'C.UTF-8', 'ROS_LOG_FILENAME': '/home/pal/.ros/log/c45e90d0-bd71-11f0-9b28-0028f8234b19/roslaunch-epan-tiago-noetic-ssh-136.log', 'LC_NUMERIC': 'C'}]
[roslaunch][INFO] 2025-11-09 14:41:19,261: process[bringup_controllers_spawner_imu-7]: args[['/opt/pal/gallium/lib/controller_manager/spawner', 'imu_sensor_controller', '__name:=bringup_controllers_spawner_imu']]
[roslaunch][INFO] 2025-11-09 14:41:19,261: ... created process [bringup_controllers_spawner_imu-7]
[roslaunch.pmon][INFO] 2025-11-09 14:41:19,262: ProcessMonitor.register[bringup_controllers_spawner_imu-7]
[roslaunch.pmon][INFO] 2025-11-09 14:41:19,262: ProcessMonitor.register[bringup_controllers_spawner_imu-7] complete
[roslaunch][INFO] 2025-11-09 14:41:19,262: ... registered process [bringup_controllers_spawner_imu-7]
[roslaunch][INFO] 2025-11-09 14:41:19,262: process[bringup_controllers_spawner_imu-7]: starting os process
[roslaunch][INFO] 2025-11-09 14:41:19,262: process[bringup_controllers_spawner_imu-7]: start w/ args [['/opt/pal/gallium/lib/controller_manager/spawner', 'imu_sensor_controller', '__name:=bringup_controllers_spawner_imu', '__log:=/home/pal/.ros/log/c45e90d0-bd71-11f0-9b28-0028f8234b19/bringup_controllers_spawner_imu-7.log']]
[roslaunch][INFO] 2025-11-09 14:41:19,262: process[bringup_controllers_spawner_imu-7]: cwd will be [/home/pal/.ros]
[roslaunch][INFO] 2025-11-09 14:41:19,273: process[bringup_controllers_spawner_imu-7]: started with pid [186]
[roslaunch][INFO] 2025-11-09 14:41:19,274: ... successfully launched [bringup_controllers_spawner_imu-7]
[roslaunch][INFO] 2025-11-09 14:41:19,275: ... preparing to launch node of type [controller_manager/spawner]
[roslaunch][INFO] 2025-11-09 14:41:19,275: create_node_process: package[controller_manager] type[spawner] machine[Machine(name[] env_loader[None] address[localhost] ssh_port[22] user[None] assignable[True] timeout[10.0])] master_uri[http://localhost:11311/]
[roslaunch][INFO] 2025-11-09 14:41:19,275: process[bringup_controllers_spawner_ft-8]: env[{'ROS_VERSION': '1', 'DISABLE_ROS1_EOL_WARNINGS': '1', 'PKG_CONFIG_PATH': '/opt/pal/gallium/lib/pkgconfig:/opt/pal/gallium/lib/x86_64-linux-gnu/pkgconfig:/opt/ros/noetic/lib/pkgconfig:/opt/ros/noetic/lib/x86_64-linux-gnu/pkgconfig', 'ROS_PYTHON_VERSION': '3', 'HOSTNAME': 'epan-tiago-noetic-ssh', 'VISP_WS': '/home/pal/visp-ws', 'ROS_PACKAGE_PATH': '/home/pal/ros_ws/src:/opt/pal/gallium/share:/opt/ros/noetic/share', 'ROSLISP_PACKAGE_DIRECTORIES': '/home/pal/ros_ws/devel/share/common-lisp', 'PWD': '/home/pal/ros_ws/src', 'XAUTHORITY': '', 'TZ': 'Europe/Paris', 'ROS_IP': '127.0.0.1', 'HOME': '/home/pal', 'ROS_ETC_DIR': '/opt/ros/noetic/etc/ros', 'LS_COLORS': 'rs=0:di=01;34:ln=01;36:mh=00:pi=40;33:so=01;35:do=01;35:bd=40;33;01:cd=40;33;01:or=40;31;01:mi=00:su=37;41:sg=30;43:ca=30;41:tw=30;42:ow=34;42:st=37;44:ex=01;32:*.tar=01;31:*.tgz=01;31:*.arc=01;31:*.arj=01;31:*.taz=01;31:*.lha=01;31:*.lz4=01;31:*.lzh=01;31:*.lzma=01;31:*.tlz=01;31:*.txz=01;31:*.tzo=01;31:*.t7z=01;31:*.zip=01;31:*.z=01;31:*.dz=01;31:*.gz=01;31:*.lrz=01;31:*.lz=01;31:*.lzo=01;31:*.xz=01;31:*.zst=01;31:*.tzst=01;31:*.bz2=01;31:*.bz=01;31:*.tbz=01;31:*.tbz2=01;31:*.tz=01;31:*.deb=01;31:*.rpm=01;31:*.jar=01;31:*.war=01;31:*.ear=01;31:*.sar=01;31:*.rar=01;31:*.alz=01;31:*.ace=01;31:*.zoo=01;31:*.cpio=01;31:*.7z=01;31:*.rz=01;31:*.cab=01;31:*.wim=01;31:*.swm=01;31:*.dwm=01;31:*.esd=01;31:*.jpg=01;35:*.jpeg=01;35:*.mjpg=01;35:*.mjpeg=01;35:*.gif=01;35:*.bmp=01;35:*.pbm=01;35:*.pgm=01;35:*.ppm=01;35:*.tga=01;35:*.xbm=01;35:*.xpm=01;35:*.tif=01;35:*.tiff=01;35:*.png=01;35:*.svg=01;35:*.svgz=01;35:*.mng=01;35:*.pcx=01;35:*.mov=01;35:*.mpg=01;35:*.mpeg=01;35:*.m2v=01;35:*.mkv=01;35:*.webm=01;35:*.ogm=01;35:*.mp4=01;35:*.m4v=01;35:*.mp4v=01;35:*.vob=01;35:*.qt=01;35:*.nuv=01;35:*.wmv=01;35:*.asf=01;35:*.rm=01;35:*.rmvb=01;35:*.flc=01;35:*.avi=01;35:*.fli=01;35:*.flv=01;35:*.gl=01;35:*.dl=01;35:*.xcf=01;35:*.xwd=01;35:*.yuv=01;35:*.cgm=01;35:*.emf=01;35:*.ogv=01;35:*.ogx=01;35:*.aac=00;36:*.au=00;36:*.flac=00;36:*.m4a=00;36:*.mid=00;36:*.midi=00;36:*.mka=00;36:*.mp3=00;36:*.mpc=00;36:*.ogg=00;36:*.ra=00;36:*.wav=00;36:*.oga=00;36:*.opus=00;36:*.spx=00;36:*.xspf=00;36:', 'OROCOS_TARGET': 'gnulinux', 'CMAKE_PREFIX_PATH': '/home/pal/ros_ws/devel:/opt/pal/gallium:/opt/ros/noetic', 'GAZEBO_RESOURCE_PATH': '/home/pal/ros_ws/src/va50:', 'ROS_WORKSPACE': '/home/pal/ros_ws', 'LESSCLOSE': '/usr/bin/lesspipe %s %s', 'PYTHONPATH': '/opt/pal/gallium/lib/python3/dist-packages:/opt/ros/noetic/lib/python3/dist-packages', 'TERM': 'xterm', 'VISP_INPUT_IMAGE_PATH': '/home/pal/visp-ws/visp-images', 'LESSOPEN': '| /usr/bin/lesspipe %s', 'USER': 'pal', 'RTT_COMPONENT_PATH': '/opt/pal/gallium/lib/orocos', 'DISPLAY': ':1', 'SHLVL': '1', 'PAL_DISTRO': 'gallium', 'ROS_MASTER_URI': 'http://localhost:11311/', 'LD_LIBRARY_PATH': '/home/pal/ros_ws/devel/lib:/opt/pal/gallium/lib:/opt/pal/gallium/lib/x86_64-linux-gnu:/opt/ros/noetic/lib:/opt/ros/noetic/lib/x86_64-linux-gnu:/usr/local/lib', 'GAZEBO_MODEL_PATH': '/home/pal/ros_ws/src/va50/models:', 'PATH': '/opt/pal/gallium/bin:/opt/ros/noetic/bin:/opt/pal/gallium/lib/pal_debian_utils/:/usr/local/sbin:/usr/local/bin:/usr/sbin:/usr/bin:/sbin:/bin', 'LUA_PATH': ';;/opt/pal/gallium/share/lua/5.1/?.lua;/opt/pal/gallium/share/lua/5.1/?.lua;/opt/pal/gallium/share/lua/5.1/?.lua', 'DEBIAN_FRONTEND': 'noninteractive', 'ROS_ROOT': '/opt/ros/noetic/share/ros', 'ROS_DISTRO': 'noetic', 'QT_X11_NO_MITSHM': '1', '_': '/opt/ros/noetic/bin/roslaunch', 'OLDPWD': '/home/pal/ros_ws', 'LC_CTYPE': 'C.UTF-8', 'ROS_LOG_FILENAME': '/home/pal/.ros/log/c45e90d0-bd71-11f0-9b28-0028f8234b19/roslaunch-epan-tiago-noetic-ssh-136.log', 'LC_NUMERIC': 'C'}]
[roslaunch][INFO] 2025-11-09 14:41:19,277: process[bringup_controllers_spawner_ft-8]: args[['/opt/pal/gallium/lib/controller_manager/spawner', 'force_torque_sensor_controller', '__name:=bringup_controllers_spawner_ft']]
[roslaunch][INFO] 2025-11-09 14:41:19,277: ... created process [bringup_controllers_spawner_ft-8]
[roslaunch.pmon][INFO] 2025-11-09 14:41:19,277: ProcessMonitor.register[bringup_controllers_spawner_ft-8]
[roslaunch.pmon][INFO] 2025-11-09 14:41:19,277: ProcessMonitor.register[bringup_controllers_spawner_ft-8] complete
[roslaunch][INFO] 2025-11-09 14:41:19,280: ... registered process [bringup_controllers_spawner_ft-8]
[roslaunch][INFO] 2025-11-09 14:41:19,280: process[bringup_controllers_spawner_ft-8]: starting os process
[roslaunch][INFO] 2025-11-09 14:41:19,281: process[bringup_controllers_spawner_ft-8]: start w/ args [['/opt/pal/gallium/lib/controller_manager/spawner', 'force_torque_sensor_controller', '__name:=bringup_controllers_spawner_ft', '__log:=/home/pal/.ros/log/c45e90d0-bd71-11f0-9b28-0028f8234b19/bringup_controllers_spawner_ft-8.log']]
[roslaunch][INFO] 2025-11-09 14:41:19,281: process[bringup_controllers_spawner_ft-8]: cwd will be [/home/pal/.ros]
[roslaunch][INFO] 2025-11-09 14:41:19,294: process[bringup_controllers_spawner_ft-8]: started with pid [187]
[roslaunch][INFO] 2025-11-09 14:41:19,295: ... successfully launched [bringup_controllers_spawner_ft-8]
[roslaunch][INFO] 2025-11-09 14:41:19,298: ... preparing to launch node of type [controller_manager/spawner]
[roslaunch][INFO] 2025-11-09 14:41:19,299: create_node_process: package[controller_manager] type[spawner] machine[Machine(name[] env_loader[None] address[localhost] ssh_port[22] user[None] assignable[True] timeout[10.0])] master_uri[http://localhost:11311/]
[roslaunch][INFO] 2025-11-09 14:41:19,299: process[gripper_controllers_spawner-9]: env[{'ROS_VERSION': '1', 'DISABLE_ROS1_EOL_WARNINGS': '1', 'PKG_CONFIG_PATH': '/opt/pal/gallium/lib/pkgconfig:/opt/pal/gallium/lib/x86_64-linux-gnu/pkgconfig:/opt/ros/noetic/lib/pkgconfig:/opt/ros/noetic/lib/x86_64-linux-gnu/pkgconfig', 'ROS_PYTHON_VERSION': '3', 'HOSTNAME': 'epan-tiago-noetic-ssh', 'VISP_WS': '/home/pal/visp-ws', 'ROS_PACKAGE_PATH': '/home/pal/ros_ws/src:/opt/pal/gallium/share:/opt/ros/noetic/share', 'ROSLISP_PACKAGE_DIRECTORIES': '/home/pal/ros_ws/devel/share/common-lisp', 'PWD': '/home/pal/ros_ws/src', 'XAUTHORITY': '', 'TZ': 'Europe/Paris', 'ROS_IP': '127.0.0.1', 'HOME': '/home/pal', 'ROS_ETC_DIR': '/opt/ros/noetic/etc/ros', 'LS_COLORS': 'rs=0:di=01;34:ln=01;36:mh=00:pi=40;33:so=01;35:do=01;35:bd=40;33;01:cd=40;33;01:or=40;31;01:mi=00:su=37;41:sg=30;43:ca=30;41:tw=30;42:ow=34;42:st=37;44:ex=01;32:*.tar=01;31:*.tgz=01;31:*.arc=01;31:*.arj=01;31:*.taz=01;31:*.lha=01;31:*.lz4=01;31:*.lzh=01;31:*.lzma=01;31:*.tlz=01;31:*.txz=01;31:*.tzo=01;31:*.t7z=01;31:*.zip=01;31:*.z=01;31:*.dz=01;31:*.gz=01;31:*.lrz=01;31:*.lz=01;31:*.lzo=01;31:*.xz=01;31:*.zst=01;31:*.tzst=01;31:*.bz2=01;31:*.bz=01;31:*.tbz=01;31:*.tbz2=01;31:*.tz=01;31:*.deb=01;31:*.rpm=01;31:*.jar=01;31:*.war=01;31:*.ear=01;31:*.sar=01;31:*.rar=01;31:*.alz=01;31:*.ace=01;31:*.zoo=01;31:*.cpio=01;31:*.7z=01;31:*.rz=01;31:*.cab=01;31:*.wim=01;31:*.swm=01;31:*.dwm=01;31:*.esd=01;31:*.jpg=01;35:*.jpeg=01;35:*.mjpg=01;35:*.mjpeg=01;35:*.gif=01;35:*.bmp=01;35:*.pbm=01;35:*.pgm=01;35:*.ppm=01;35:*.tga=01;35:*.xbm=01;35:*.xpm=01;35:*.tif=01;35:*.tiff=01;35:*.png=01;35:*.svg=01;35:*.svgz=01;35:*.mng=01;35:*.pcx=01;35:*.mov=01;35:*.mpg=01;35:*.mpeg=01;35:*.m2v=01;35:*.mkv=01;35:*.webm=01;35:*.ogm=01;35:*.mp4=01;35:*.m4v=01;35:*.mp4v=01;35:*.vob=01;35:*.qt=01;35:*.nuv=01;35:*.wmv=01;35:*.asf=01;35:*.rm=01;35:*.rmvb=01;35:*.flc=01;35:*.avi=01;35:*.fli=01;35:*.flv=01;35:*.gl=01;35:*.dl=01;35:*.xcf=01;35:*.xwd=01;35:*.yuv=01;35:*.cgm=01;35:*.emf=01;35:*.ogv=01;35:*.ogx=01;35:*.aac=00;36:*.au=00;36:*.flac=00;36:*.m4a=00;36:*.mid=00;36:*.midi=00;36:*.mka=00;36:*.mp3=00;36:*.mpc=00;36:*.ogg=00;36:*.ra=00;36:*.wav=00;36:*.oga=00;36:*.opus=00;36:*.spx=00;36:*.xspf=00;36:', 'OROCOS_TARGET': 'gnulinux', 'CMAKE_PREFIX_PATH': '/home/pal/ros_ws/devel:/opt/pal/gallium:/opt/ros/noetic', 'GAZEBO_RESOURCE_PATH': '/home/pal/ros_ws/src/va50:', 'ROS_WORKSPACE': '/home/pal/ros_ws', 'LESSCLOSE': '/usr/bin/lesspipe %s %s', 'PYTHONPATH': '/opt/pal/gallium/lib/python3/dist-packages:/opt/ros/noetic/lib/python3/dist-packages', 'TERM': 'xterm', 'VISP_INPUT_IMAGE_PATH': '/home/pal/visp-ws/visp-images', 'LESSOPEN': '| /usr/bin/lesspipe %s', 'USER': 'pal', 'RTT_COMPONENT_PATH': '/opt/pal/gallium/lib/orocos', 'DISPLAY': ':1', 'SHLVL': '1', 'PAL_DISTRO': 'gallium', 'ROS_MASTER_URI': 'http://localhost:11311/', 'LD_LIBRARY_PATH': '/home/pal/ros_ws/devel/lib:/opt/pal/gallium/lib:/opt/pal/gallium/lib/x86_64-linux-gnu:/opt/ros/noetic/lib:/opt/ros/noetic/lib/x86_64-linux-gnu:/usr/local/lib', 'GAZEBO_MODEL_PATH': '/home/pal/ros_ws/src/va50/models:', 'PATH': '/opt/pal/gallium/bin:/opt/ros/noetic/bin:/opt/pal/gallium/lib/pal_debian_utils/:/usr/local/sbin:/usr/local/bin:/usr/sbin:/usr/bin:/sbin:/bin', 'LUA_PATH': ';;/opt/pal/gallium/share/lua/5.1/?.lua;/opt/pal/gallium/share/lua/5.1/?.lua;/opt/pal/gallium/share/lua/5.1/?.lua', 'DEBIAN_FRONTEND': 'noninteractive', 'ROS_ROOT': '/opt/ros/noetic/share/ros', 'ROS_DISTRO': 'noetic', 'QT_X11_NO_MITSHM': '1', '_': '/opt/ros/noetic/bin/roslaunch', 'OLDPWD': '/home/pal/ros_ws', 'LC_CTYPE': 'C.UTF-8', 'ROS_LOG_FILENAME': '/home/pal/.ros/log/c45e90d0-bd71-11f0-9b28-0028f8234b19/roslaunch-epan-tiago-noetic-ssh-136.log', 'LC_NUMERIC': 'C'}]
[roslaunch][INFO] 2025-11-09 14:41:19,303: process[gripper_controllers_spawner-9]: args[['/opt/pal/gallium/lib/controller_manager/spawner', '--timeout', '120', 'gripper_controller', '__name:=gripper_controllers_spawner']]
[roslaunch][INFO] 2025-11-09 14:41:19,304: ... created process [gripper_controllers_spawner-9]
[roslaunch.pmon][INFO] 2025-11-09 14:41:19,304: ProcessMonitor.register[gripper_controllers_spawner-9]
[roslaunch.pmon][INFO] 2025-11-09 14:41:19,304: ProcessMonitor.register[gripper_controllers_spawner-9] complete
[roslaunch][INFO] 2025-11-09 14:41:19,304: ... registered process [gripper_controllers_spawner-9]
[roslaunch][INFO] 2025-11-09 14:41:19,304: process[gripper_controllers_spawner-9]: starting os process
[roslaunch][INFO] 2025-11-09 14:41:19,304: process[gripper_controllers_spawner-9]: start w/ args [['/opt/pal/gallium/lib/controller_manager/spawner', '--timeout', '120', 'gripper_controller', '__name:=gripper_controllers_spawner', '__log:=/home/pal/.ros/log/c45e90d0-bd71-11f0-9b28-0028f8234b19/gripper_controllers_spawner-9.log']]
[roslaunch][INFO] 2025-11-09 14:41:19,304: process[gripper_controllers_spawner-9]: cwd will be [/home/pal/.ros]
[roslaunch][INFO] 2025-11-09 14:41:19,316: process[gripper_controllers_spawner-9]: started with pid [193]
[roslaunch][INFO] 2025-11-09 14:41:19,317: ... successfully launched [gripper_controllers_spawner-9]
[roslaunch][INFO] 2025-11-09 14:41:19,318: ... preparing to launch node of type [pal_gripper_controller_configuration/home_gripper.py]
[roslaunch][INFO] 2025-11-09 14:41:19,318: create_node_process: package[pal_gripper_controller_configuration] type[home_gripper.py] machine[Machine(name[] env_loader[None] address[localhost] ssh_port[22] user[None] assignable[True] timeout[10.0])] master_uri[http://localhost:11311/]
[roslaunch][INFO] 2025-11-09 14:41:19,319: process[home_gripper-10]: env[{'ROS_VERSION': '1', 'DISABLE_ROS1_EOL_WARNINGS': '1', 'PKG_CONFIG_PATH': '/opt/pal/gallium/lib/pkgconfig:/opt/pal/gallium/lib/x86_64-linux-gnu/pkgconfig:/opt/ros/noetic/lib/pkgconfig:/opt/ros/noetic/lib/x86_64-linux-gnu/pkgconfig', 'ROS_PYTHON_VERSION': '3', 'HOSTNAME': 'epan-tiago-noetic-ssh', 'VISP_WS': '/home/pal/visp-ws', 'ROS_PACKAGE_PATH': '/home/pal/ros_ws/src:/opt/pal/gallium/share:/opt/ros/noetic/share', 'ROSLISP_PACKAGE_DIRECTORIES': '/home/pal/ros_ws/devel/share/common-lisp', 'PWD': '/home/pal/ros_ws/src', 'XAUTHORITY': '', 'TZ': 'Europe/Paris', 'ROS_IP': '127.0.0.1', 'HOME': '/home/pal', 'ROS_ETC_DIR': '/opt/ros/noetic/etc/ros', 'LS_COLORS': 'rs=0:di=01;34:ln=01;36:mh=00:pi=40;33:so=01;35:do=01;35:bd=40;33;01:cd=40;33;01:or=40;31;01:mi=00:su=37;41:sg=30;43:ca=30;41:tw=30;42:ow=34;42:st=37;44:ex=01;32:*.tar=01;31:*.tgz=01;31:*.arc=01;31:*.arj=01;31:*.taz=01;31:*.lha=01;31:*.lz4=01;31:*.lzh=01;31:*.lzma=01;31:*.tlz=01;31:*.txz=01;31:*.tzo=01;31:*.t7z=01;31:*.zip=01;31:*.z=01;31:*.dz=01;31:*.gz=01;31:*.lrz=01;31:*.lz=01;31:*.lzo=01;31:*.xz=01;31:*.zst=01;31:*.tzst=01;31:*.bz2=01;31:*.bz=01;31:*.tbz=01;31:*.tbz2=01;31:*.tz=01;31:*.deb=01;31:*.rpm=01;31:*.jar=01;31:*.war=01;31:*.ear=01;31:*.sar=01;31:*.rar=01;31:*.alz=01;31:*.ace=01;31:*.zoo=01;31:*.cpio=01;31:*.7z=01;31:*.rz=01;31:*.cab=01;31:*.wim=01;31:*.swm=01;31:*.dwm=01;31:*.esd=01;31:*.jpg=01;35:*.jpeg=01;35:*.mjpg=01;35:*.mjpeg=01;35:*.gif=01;35:*.bmp=01;35:*.pbm=01;35:*.pgm=01;35:*.ppm=01;35:*.tga=01;35:*.xbm=01;35:*.xpm=01;35:*.tif=01;35:*.tiff=01;35:*.png=01;35:*.svg=01;35:*.svgz=01;35:*.mng=01;35:*.pcx=01;35:*.mov=01;35:*.mpg=01;35:*.mpeg=01;35:*.m2v=01;35:*.mkv=01;35:*.webm=01;35:*.ogm=01;35:*.mp4=01;35:*.m4v=01;35:*.mp4v=01;35:*.vob=01;35:*.qt=01;35:*.nuv=01;35:*.wmv=01;35:*.asf=01;35:*.rm=01;35:*.rmvb=01;35:*.flc=01;35:*.avi=01;35:*.fli=01;35:*.flv=01;35:*.gl=01;35:*.dl=01;35:*.xcf=01;35:*.xwd=01;35:*.yuv=01;35:*.cgm=01;35:*.emf=01;35:*.ogv=01;35:*.ogx=01;35:*.aac=00;36:*.au=00;36:*.flac=00;36:*.m4a=00;36:*.mid=00;36:*.midi=00;36:*.mka=00;36:*.mp3=00;36:*.mpc=00;36:*.ogg=00;36:*.ra=00;36:*.wav=00;36:*.oga=00;36:*.opus=00;36:*.spx=00;36:*.xspf=00;36:', 'OROCOS_TARGET': 'gnulinux', 'CMAKE_PREFIX_PATH': '/home/pal/ros_ws/devel:/opt/pal/gallium:/opt/ros/noetic', 'GAZEBO_RESOURCE_PATH': '/home/pal/ros_ws/src/va50:', 'ROS_WORKSPACE': '/home/pal/ros_ws', 'LESSCLOSE': '/usr/bin/lesspipe %s %s', 'PYTHONPATH': '/opt/pal/gallium/lib/python3/dist-packages:/opt/ros/noetic/lib/python3/dist-packages', 'TERM': 'xterm', 'VISP_INPUT_IMAGE_PATH': '/home/pal/visp-ws/visp-images', 'LESSOPEN': '| /usr/bin/lesspipe %s', 'USER': 'pal', 'RTT_COMPONENT_PATH': '/opt/pal/gallium/lib/orocos', 'DISPLAY': ':1', 'SHLVL': '1', 'PAL_DISTRO': 'gallium', 'ROS_MASTER_URI': 'http://localhost:11311/', 'LD_LIBRARY_PATH': '/home/pal/ros_ws/devel/lib:/opt/pal/gallium/lib:/opt/pal/gallium/lib/x86_64-linux-gnu:/opt/ros/noetic/lib:/opt/ros/noetic/lib/x86_64-linux-gnu:/usr/local/lib', 'GAZEBO_MODEL_PATH': '/home/pal/ros_ws/src/va50/models:', 'PATH': '/opt/pal/gallium/bin:/opt/ros/noetic/bin:/opt/pal/gallium/lib/pal_debian_utils/:/usr/local/sbin:/usr/local/bin:/usr/sbin:/usr/bin:/sbin:/bin', 'LUA_PATH': ';;/opt/pal/gallium/share/lua/5.1/?.lua;/opt/pal/gallium/share/lua/5.1/?.lua;/opt/pal/gallium/share/lua/5.1/?.lua', 'DEBIAN_FRONTEND': 'noninteractive', 'ROS_ROOT': '/opt/ros/noetic/share/ros', 'ROS_DISTRO': 'noetic', 'QT_X11_NO_MITSHM': '1', '_': '/opt/ros/noetic/bin/roslaunch', 'OLDPWD': '/home/pal/ros_ws', 'LC_CTYPE': 'C.UTF-8', 'ROS_LOG_FILENAME': '/home/pal/.ros/log/c45e90d0-bd71-11f0-9b28-0028f8234b19/roslaunch-epan-tiago-noetic-ssh-136.log', 'LC_NUMERIC': 'C'}]
[roslaunch][INFO] 2025-11-09 14:41:19,322: process[home_gripper-10]: args[['/opt/pal/gallium/lib/pal_gripper_controller_configuration/home_gripper.py', '__name:=home_gripper']]
[roslaunch][INFO] 2025-11-09 14:41:19,322: ... created process [home_gripper-10]
[roslaunch.pmon][INFO] 2025-11-09 14:41:19,322: ProcessMonitor.register[home_gripper-10]
[roslaunch.pmon][INFO] 2025-11-09 14:41:19,323: ProcessMonitor.register[home_gripper-10] complete
[roslaunch][INFO] 2025-11-09 14:41:19,323: ... registered process [home_gripper-10]
[roslaunch][INFO] 2025-11-09 14:41:19,323: process[home_gripper-10]: starting os process
[roslaunch][INFO] 2025-11-09 14:41:19,323: process[home_gripper-10]: start w/ args [['/opt/pal/gallium/lib/pal_gripper_controller_configuration/home_gripper.py', '__name:=home_gripper', '__log:=/home/pal/.ros/log/c45e90d0-bd71-11f0-9b28-0028f8234b19/home_gripper-10.log']]
[roslaunch][INFO] 2025-11-09 14:41:19,323: process[home_gripper-10]: cwd will be [/home/pal/.ros]
[roslaunch][INFO] 2025-11-09 14:41:19,335: process[home_gripper-10]: started with pid [195]
[roslaunch][INFO] 2025-11-09 14:41:19,340: ... successfully launched [home_gripper-10]
[roslaunch][INFO] 2025-11-09 14:41:19,340: ... preparing to launch node of type [play_motion/play_motion]
[roslaunch][INFO] 2025-11-09 14:41:19,340: create_node_process: package[play_motion] type[play_motion] machine[Machine(name[] env_loader[None] address[localhost] ssh_port[22] user[None] assignable[True] timeout[10.0])] master_uri[http://localhost:11311/]
[roslaunch][INFO] 2025-11-09 14:41:19,341: process[play_motion-11]: env[{'ROS_VERSION': '1', 'DISABLE_ROS1_EOL_WARNINGS': '1', 'PKG_CONFIG_PATH': '/opt/pal/gallium/lib/pkgconfig:/opt/pal/gallium/lib/x86_64-linux-gnu/pkgconfig:/opt/ros/noetic/lib/pkgconfig:/opt/ros/noetic/lib/x86_64-linux-gnu/pkgconfig', 'ROS_PYTHON_VERSION': '3', 'HOSTNAME': 'epan-tiago-noetic-ssh', 'VISP_WS': '/home/pal/visp-ws', 'ROS_PACKAGE_PATH': '/home/pal/ros_ws/src:/opt/pal/gallium/share:/opt/ros/noetic/share', 'ROSLISP_PACKAGE_DIRECTORIES': '/home/pal/ros_ws/devel/share/common-lisp', 'PWD': '/home/pal/ros_ws/src', 'XAUTHORITY': '', 'TZ': 'Europe/Paris', 'ROS_IP': '127.0.0.1', 'HOME': '/home/pal', 'ROS_ETC_DIR': '/opt/ros/noetic/etc/ros', 'LS_COLORS': 'rs=0:di=01;34:ln=01;36:mh=00:pi=40;33:so=01;35:do=01;35:bd=40;33;01:cd=40;33;01:or=40;31;01:mi=00:su=37;41:sg=30;43:ca=30;41:tw=30;42:ow=34;42:st=37;44:ex=01;32:*.tar=01;31:*.tgz=01;31:*.arc=01;31:*.arj=01;31:*.taz=01;31:*.lha=01;31:*.lz4=01;31:*.lzh=01;31:*.lzma=01;31:*.tlz=01;31:*.txz=01;31:*.tzo=01;31:*.t7z=01;31:*.zip=01;31:*.z=01;31:*.dz=01;31:*.gz=01;31:*.lrz=01;31:*.lz=01;31:*.lzo=01;31:*.xz=01;31:*.zst=01;31:*.tzst=01;31:*.bz2=01;31:*.bz=01;31:*.tbz=01;31:*.tbz2=01;31:*.tz=01;31:*.deb=01;31:*.rpm=01;31:*.jar=01;31:*.war=01;31:*.ear=01;31:*.sar=01;31:*.rar=01;31:*.alz=01;31:*.ace=01;31:*.zoo=01;31:*.cpio=01;31:*.7z=01;31:*.rz=01;31:*.cab=01;31:*.wim=01;31:*.swm=01;31:*.dwm=01;31:*.esd=01;31:*.jpg=01;35:*.jpeg=01;35:*.mjpg=01;35:*.mjpeg=01;35:*.gif=01;35:*.bmp=01;35:*.pbm=01;35:*.pgm=01;35:*.ppm=01;35:*.tga=01;35:*.xbm=01;35:*.xpm=01;35:*.tif=01;35:*.tiff=01;35:*.png=01;35:*.svg=01;35:*.svgz=01;35:*.mng=01;35:*.pcx=01;35:*.mov=01;35:*.mpg=01;35:*.mpeg=01;35:*.m2v=01;35:*.mkv=01;35:*.webm=01;35:*.ogm=01;35:*.mp4=01;35:*.m4v=01;35:*.mp4v=01;35:*.vob=01;35:*.qt=01;35:*.nuv=01;35:*.wmv=01;35:*.asf=01;35:*.rm=01;35:*.rmvb=01;35:*.flc=01;35:*.avi=01;35:*.fli=01;35:*.flv=01;35:*.gl=01;35:*.dl=01;35:*.xcf=01;35:*.xwd=01;35:*.yuv=01;35:*.cgm=01;35:*.emf=01;35:*.ogv=01;35:*.ogx=01;35:*.aac=00;36:*.au=00;36:*.flac=00;36:*.m4a=00;36:*.mid=00;36:*.midi=00;36:*.mka=00;36:*.mp3=00;36:*.mpc=00;36:*.ogg=00;36:*.ra=00;36:*.wav=00;36:*.oga=00;36:*.opus=00;36:*.spx=00;36:*.xspf=00;36:', 'OROCOS_TARGET': 'gnulinux', 'CMAKE_PREFIX_PATH': '/home/pal/ros_ws/devel:/opt/pal/gallium:/opt/ros/noetic', 'GAZEBO_RESOURCE_PATH': '/home/pal/ros_ws/src/va50:', 'ROS_WORKSPACE': '/home/pal/ros_ws', 'LESSCLOSE': '/usr/bin/lesspipe %s %s', 'PYTHONPATH': '/opt/pal/gallium/lib/python3/dist-packages:/opt/ros/noetic/lib/python3/dist-packages', 'TERM': 'xterm', 'VISP_INPUT_IMAGE_PATH': '/home/pal/visp-ws/visp-images', 'LESSOPEN': '| /usr/bin/lesspipe %s', 'USER': 'pal', 'RTT_COMPONENT_PATH': '/opt/pal/gallium/lib/orocos', 'DISPLAY': ':1', 'SHLVL': '1', 'PAL_DISTRO': 'gallium', 'ROS_MASTER_URI': 'http://localhost:11311/', 'LD_LIBRARY_PATH': '/home/pal/ros_ws/devel/lib:/opt/pal/gallium/lib:/opt/pal/gallium/lib/x86_64-linux-gnu:/opt/ros/noetic/lib:/opt/ros/noetic/lib/x86_64-linux-gnu:/usr/local/lib', 'GAZEBO_MODEL_PATH': '/home/pal/ros_ws/src/va50/models:', 'PATH': '/opt/pal/gallium/bin:/opt/ros/noetic/bin:/opt/pal/gallium/lib/pal_debian_utils/:/usr/local/sbin:/usr/local/bin:/usr/sbin:/usr/bin:/sbin:/bin', 'LUA_PATH': ';;/opt/pal/gallium/share/lua/5.1/?.lua;/opt/pal/gallium/share/lua/5.1/?.lua;/opt/pal/gallium/share/lua/5.1/?.lua', 'DEBIAN_FRONTEND': 'noninteractive', 'ROS_ROOT': '/opt/ros/noetic/share/ros', 'ROS_DISTRO': 'noetic', 'QT_X11_NO_MITSHM': '1', '_': '/opt/ros/noetic/bin/roslaunch', 'OLDPWD': '/home/pal/ros_ws', 'LC_CTYPE': 'C.UTF-8', 'ROS_LOG_FILENAME': '/home/pal/.ros/log/c45e90d0-bd71-11f0-9b28-0028f8234b19/roslaunch-epan-tiago-noetic-ssh-136.log', 'LC_NUMERIC': 'C'}]
[roslaunch][INFO] 2025-11-09 14:41:19,342: process[play_motion-11]: args[['/opt/pal/gallium/lib/play_motion/play_motion', '__name:=play_motion']]
[roslaunch][INFO] 2025-11-09 14:41:19,342: ... created process [play_motion-11]
[roslaunch.pmon][INFO] 2025-11-09 14:41:19,343: ProcessMonitor.register[play_motion-11]
[roslaunch.pmon][INFO] 2025-11-09 14:41:19,343: ProcessMonitor.register[play_motion-11] complete
[roslaunch][INFO] 2025-11-09 14:41:19,343: ... registered process [play_motion-11]
[roslaunch][INFO] 2025-11-09 14:41:19,343: process[play_motion-11]: starting os process
[roslaunch][INFO] 2025-11-09 14:41:19,343: process[play_motion-11]: start w/ args [['/opt/pal/gallium/lib/play_motion/play_motion', '__name:=play_motion', '__log:=/home/pal/.ros/log/c45e90d0-bd71-11f0-9b28-0028f8234b19/play_motion-11.log']]
[roslaunch][INFO] 2025-11-09 14:41:19,344: process[play_motion-11]: cwd will be [/home/pal/.ros]
[roslaunch][INFO] 2025-11-09 14:41:19,359: process[play_motion-11]: started with pid [197]
[roslaunch][INFO] 2025-11-09 14:41:19,367: ... successfully launched [play_motion-11]
[roslaunch][INFO] 2025-11-09 14:41:19,367: ... preparing to launch node of type [play_motion/is_already_there.py]
[roslaunch][INFO] 2025-11-09 14:41:19,367: create_node_process: package[play_motion] type[is_already_there.py] machine[Machine(name[] env_loader[None] address[localhost] ssh_port[22] user[None] assignable[True] timeout[10.0])] master_uri[http://localhost:11311/]
[roslaunch][INFO] 2025-11-09 14:41:19,367: process[is_already_there-12]: env[{'ROS_VERSION': '1', 'DISABLE_ROS1_EOL_WARNINGS': '1', 'PKG_CONFIG_PATH': '/opt/pal/gallium/lib/pkgconfig:/opt/pal/gallium/lib/x86_64-linux-gnu/pkgconfig:/opt/ros/noetic/lib/pkgconfig:/opt/ros/noetic/lib/x86_64-linux-gnu/pkgconfig', 'ROS_PYTHON_VERSION': '3', 'HOSTNAME': 'epan-tiago-noetic-ssh', 'VISP_WS': '/home/pal/visp-ws', 'ROS_PACKAGE_PATH': '/home/pal/ros_ws/src:/opt/pal/gallium/share:/opt/ros/noetic/share', 'ROSLISP_PACKAGE_DIRECTORIES': '/home/pal/ros_ws/devel/share/common-lisp', 'PWD': '/home/pal/ros_ws/src', 'XAUTHORITY': '', 'TZ': 'Europe/Paris', 'ROS_IP': '127.0.0.1', 'HOME': '/home/pal', 'ROS_ETC_DIR': '/opt/ros/noetic/etc/ros', 'LS_COLORS': 'rs=0:di=01;34:ln=01;36:mh=00:pi=40;33:so=01;35:do=01;35:bd=40;33;01:cd=40;33;01:or=40;31;01:mi=00:su=37;41:sg=30;43:ca=30;41:tw=30;42:ow=34;42:st=37;44:ex=01;32:*.tar=01;31:*.tgz=01;31:*.arc=01;31:*.arj=01;31:*.taz=01;31:*.lha=01;31:*.lz4=01;31:*.lzh=01;31:*.lzma=01;31:*.tlz=01;31:*.txz=01;31:*.tzo=01;31:*.t7z=01;31:*.zip=01;31:*.z=01;31:*.dz=01;31:*.gz=01;31:*.lrz=01;31:*.lz=01;31:*.lzo=01;31:*.xz=01;31:*.zst=01;31:*.tzst=01;31:*.bz2=01;31:*.bz=01;31:*.tbz=01;31:*.tbz2=01;31:*.tz=01;31:*.deb=01;31:*.rpm=01;31:*.jar=01;31:*.war=01;31:*.ear=01;31:*.sar=01;31:*.rar=01;31:*.alz=01;31:*.ace=01;31:*.zoo=01;31:*.cpio=01;31:*.7z=01;31:*.rz=01;31:*.cab=01;31:*.wim=01;31:*.swm=01;31:*.dwm=01;31:*.esd=01;31:*.jpg=01;35:*.jpeg=01;35:*.mjpg=01;35:*.mjpeg=01;35:*.gif=01;35:*.bmp=01;35:*.pbm=01;35:*.pgm=01;35:*.ppm=01;35:*.tga=01;35:*.xbm=01;35:*.xpm=01;35:*.tif=01;35:*.tiff=01;35:*.png=01;35:*.svg=01;35:*.svgz=01;35:*.mng=01;35:*.pcx=01;35:*.mov=01;35:*.mpg=01;35:*.mpeg=01;35:*.m2v=01;35:*.mkv=01;35:*.webm=01;35:*.ogm=01;35:*.mp4=01;35:*.m4v=01;35:*.mp4v=01;35:*.vob=01;35:*.qt=01;35:*.nuv=01;35:*.wmv=01;35:*.asf=01;35:*.rm=01;35:*.rmvb=01;35:*.flc=01;35:*.avi=01;35:*.fli=01;35:*.flv=01;35:*.gl=01;35:*.dl=01;35:*.xcf=01;35:*.xwd=01;35:*.yuv=01;35:*.cgm=01;35:*.emf=01;35:*.ogv=01;35:*.ogx=01;35:*.aac=00;36:*.au=00;36:*.flac=00;36:*.m4a=00;36:*.mid=00;36:*.midi=00;36:*.mka=00;36:*.mp3=00;36:*.mpc=00;36:*.ogg=00;36:*.ra=00;36:*.wav=00;36:*.oga=00;36:*.opus=00;36:*.spx=00;36:*.xspf=00;36:', 'OROCOS_TARGET': 'gnulinux', 'CMAKE_PREFIX_PATH': '/home/pal/ros_ws/devel:/opt/pal/gallium:/opt/ros/noetic', 'GAZEBO_RESOURCE_PATH': '/home/pal/ros_ws/src/va50:', 'ROS_WORKSPACE': '/home/pal/ros_ws', 'LESSCLOSE': '/usr/bin/lesspipe %s %s', 'PYTHONPATH': '/opt/pal/gallium/lib/python3/dist-packages:/opt/ros/noetic/lib/python3/dist-packages', 'TERM': 'xterm', 'VISP_INPUT_IMAGE_PATH': '/home/pal/visp-ws/visp-images', 'LESSOPEN': '| /usr/bin/lesspipe %s', 'USER': 'pal', 'RTT_COMPONENT_PATH': '/opt/pal/gallium/lib/orocos', 'DISPLAY': ':1', 'SHLVL': '1', 'PAL_DISTRO': 'gallium', 'ROS_MASTER_URI': 'http://localhost:11311/', 'LD_LIBRARY_PATH': '/home/pal/ros_ws/devel/lib:/opt/pal/gallium/lib:/opt/pal/gallium/lib/x86_64-linux-gnu:/opt/ros/noetic/lib:/opt/ros/noetic/lib/x86_64-linux-gnu:/usr/local/lib', 'GAZEBO_MODEL_PATH': '/home/pal/ros_ws/src/va50/models:', 'PATH': '/opt/pal/gallium/bin:/opt/ros/noetic/bin:/opt/pal/gallium/lib/pal_debian_utils/:/usr/local/sbin:/usr/local/bin:/usr/sbin:/usr/bin:/sbin:/bin', 'LUA_PATH': ';;/opt/pal/gallium/share/lua/5.1/?.lua;/opt/pal/gallium/share/lua/5.1/?.lua;/opt/pal/gallium/share/lua/5.1/?.lua', 'DEBIAN_FRONTEND': 'noninteractive', 'ROS_ROOT': '/opt/ros/noetic/share/ros', 'ROS_DISTRO': 'noetic', 'QT_X11_NO_MITSHM': '1', '_': '/opt/ros/noetic/bin/roslaunch', 'OLDPWD': '/home/pal/ros_ws', 'LC_CTYPE': 'C.UTF-8', 'ROS_LOG_FILENAME': '/home/pal/.ros/log/c45e90d0-bd71-11f0-9b28-0028f8234b19/roslaunch-epan-tiago-noetic-ssh-136.log', 'LC_NUMERIC': 'C'}]
[roslaunch][INFO] 2025-11-09 14:41:19,369: process[is_already_there-12]: args[['/opt/pal/gallium/lib/play_motion/is_already_there.py', '__name:=is_already_there']]
[roslaunch][INFO] 2025-11-09 14:41:19,369: ... created process [is_already_there-12]
[roslaunch.pmon][INFO] 2025-11-09 14:41:19,369: ProcessMonitor.register[is_already_there-12]
[roslaunch.pmon][INFO] 2025-11-09 14:41:19,372: ProcessMonitor.register[is_already_there-12] complete
[roslaunch][INFO] 2025-11-09 14:41:19,372: ... registered process [is_already_there-12]
[roslaunch][INFO] 2025-11-09 14:41:19,372: process[is_already_there-12]: starting os process
[roslaunch][INFO] 2025-11-09 14:41:19,373: process[is_already_there-12]: start w/ args [['/opt/pal/gallium/lib/play_motion/is_already_there.py', '__name:=is_already_there', '__log:=/home/pal/.ros/log/c45e90d0-bd71-11f0-9b28-0028f8234b19/is_already_there-12.log']]
[roslaunch][INFO] 2025-11-09 14:41:19,373: process[is_already_there-12]: cwd will be [/home/pal/.ros]
[roslaunch][INFO] 2025-11-09 14:41:19,382: process[is_already_there-12]: started with pid [200]
[roslaunch][INFO] 2025-11-09 14:41:19,385: ... successfully launched [is_already_there-12]
[roslaunch][INFO] 2025-11-09 14:41:19,386: ... preparing to launch node of type [moveit_ros_move_group/move_group]
[roslaunch][INFO] 2025-11-09 14:41:19,386: create_node_process: package[moveit_ros_move_group] type[move_group] machine[Machine(name[] env_loader[None] address[localhost] ssh_port[22] user[None] assignable[True] timeout[10.0])] master_uri[http://localhost:11311/]
[roslaunch][INFO] 2025-11-09 14:41:19,386: process[move_group-13]: env[{'ROS_VERSION': '1', 'DISABLE_ROS1_EOL_WARNINGS': '1', 'PKG_CONFIG_PATH': '/opt/pal/gallium/lib/pkgconfig:/opt/pal/gallium/lib/x86_64-linux-gnu/pkgconfig:/opt/ros/noetic/lib/pkgconfig:/opt/ros/noetic/lib/x86_64-linux-gnu/pkgconfig', 'ROS_PYTHON_VERSION': '3', 'HOSTNAME': 'epan-tiago-noetic-ssh', 'VISP_WS': '/home/pal/visp-ws', 'ROS_PACKAGE_PATH': '/home/pal/ros_ws/src:/opt/pal/gallium/share:/opt/ros/noetic/share', 'ROSLISP_PACKAGE_DIRECTORIES': '/home/pal/ros_ws/devel/share/common-lisp', 'PWD': '/home/pal/ros_ws/src', 'XAUTHORITY': '', 'TZ': 'Europe/Paris', 'ROS_IP': '127.0.0.1', 'HOME': '/home/pal', 'ROS_ETC_DIR': '/opt/ros/noetic/etc/ros', 'LS_COLORS': 'rs=0:di=01;34:ln=01;36:mh=00:pi=40;33:so=01;35:do=01;35:bd=40;33;01:cd=40;33;01:or=40;31;01:mi=00:su=37;41:sg=30;43:ca=30;41:tw=30;42:ow=34;42:st=37;44:ex=01;32:*.tar=01;31:*.tgz=01;31:*.arc=01;31:*.arj=01;31:*.taz=01;31:*.lha=01;31:*.lz4=01;31:*.lzh=01;31:*.lzma=01;31:*.tlz=01;31:*.txz=01;31:*.tzo=01;31:*.t7z=01;31:*.zip=01;31:*.z=01;31:*.dz=01;31:*.gz=01;31:*.lrz=01;31:*.lz=01;31:*.lzo=01;31:*.xz=01;31:*.zst=01;31:*.tzst=01;31:*.bz2=01;31:*.bz=01;31:*.tbz=01;31:*.tbz2=01;31:*.tz=01;31:*.deb=01;31:*.rpm=01;31:*.jar=01;31:*.war=01;31:*.ear=01;31:*.sar=01;31:*.rar=01;31:*.alz=01;31:*.ace=01;31:*.zoo=01;31:*.cpio=01;31:*.7z=01;31:*.rz=01;31:*.cab=01;31:*.wim=01;31:*.swm=01;31:*.dwm=01;31:*.esd=01;31:*.jpg=01;35:*.jpeg=01;35:*.mjpg=01;35:*.mjpeg=01;35:*.gif=01;35:*.bmp=01;35:*.pbm=01;35:*.pgm=01;35:*.ppm=01;35:*.tga=01;35:*.xbm=01;35:*.xpm=01;35:*.tif=01;35:*.tiff=01;35:*.png=01;35:*.svg=01;35:*.svgz=01;35:*.mng=01;35:*.pcx=01;35:*.mov=01;35:*.mpg=01;35:*.mpeg=01;35:*.m2v=01;35:*.mkv=01;35:*.webm=01;35:*.ogm=01;35:*.mp4=01;35:*.m4v=01;35:*.mp4v=01;35:*.vob=01;35:*.qt=01;35:*.nuv=01;35:*.wmv=01;35:*.asf=01;35:*.rm=01;35:*.rmvb=01;35:*.flc=01;35:*.avi=01;35:*.fli=01;35:*.flv=01;35:*.gl=01;35:*.dl=01;35:*.xcf=01;35:*.xwd=01;35:*.yuv=01;35:*.cgm=01;35:*.emf=01;35:*.ogv=01;35:*.ogx=01;35:*.aac=00;36:*.au=00;36:*.flac=00;36:*.m4a=00;36:*.mid=00;36:*.midi=00;36:*.mka=00;36:*.mp3=00;36:*.mpc=00;36:*.ogg=00;36:*.ra=00;36:*.wav=00;36:*.oga=00;36:*.opus=00;36:*.spx=00;36:*.xspf=00;36:', 'OROCOS_TARGET': 'gnulinux', 'CMAKE_PREFIX_PATH': '/home/pal/ros_ws/devel:/opt/pal/gallium:/opt/ros/noetic', 'GAZEBO_RESOURCE_PATH': '/home/pal/ros_ws/src/va50:', 'ROS_WORKSPACE': '/home/pal/ros_ws', 'LESSCLOSE': '/usr/bin/lesspipe %s %s', 'PYTHONPATH': '/opt/pal/gallium/lib/python3/dist-packages:/opt/ros/noetic/lib/python3/dist-packages', 'TERM': 'xterm', 'VISP_INPUT_IMAGE_PATH': '/home/pal/visp-ws/visp-images', 'LESSOPEN': '| /usr/bin/lesspipe %s', 'USER': 'pal', 'RTT_COMPONENT_PATH': '/opt/pal/gallium/lib/orocos', 'DISPLAY': ':1', 'SHLVL': '1', 'PAL_DISTRO': 'gallium', 'ROS_MASTER_URI': 'http://localhost:11311/', 'LD_LIBRARY_PATH': '/home/pal/ros_ws/devel/lib:/opt/pal/gallium/lib:/opt/pal/gallium/lib/x86_64-linux-gnu:/opt/ros/noetic/lib:/opt/ros/noetic/lib/x86_64-linux-gnu:/usr/local/lib', 'GAZEBO_MODEL_PATH': '/home/pal/ros_ws/src/va50/models:', 'PATH': '/opt/pal/gallium/bin:/opt/ros/noetic/bin:/opt/pal/gallium/lib/pal_debian_utils/:/usr/local/sbin:/usr/local/bin:/usr/sbin:/usr/bin:/sbin:/bin', 'LUA_PATH': ';;/opt/pal/gallium/share/lua/5.1/?.lua;/opt/pal/gallium/share/lua/5.1/?.lua;/opt/pal/gallium/share/lua/5.1/?.lua', 'DEBIAN_FRONTEND': 'noninteractive', 'ROS_ROOT': '/opt/ros/noetic/share/ros', 'ROS_DISTRO': 'noetic', 'QT_X11_NO_MITSHM': '1', '_': '/opt/ros/noetic/bin/roslaunch', 'OLDPWD': '/home/pal/ros_ws', 'LC_CTYPE': 'C.UTF-8', 'ROS_LOG_FILENAME': '/home/pal/.ros/log/c45e90d0-bd71-11f0-9b28-0028f8234b19/roslaunch-epan-tiago-noetic-ssh-136.log', 'LC_NUMERIC': 'C'}]
[roslaunch][INFO] 2025-11-09 14:41:19,389: process[move_group-13]: args[['/opt/ros/noetic/lib/moveit_ros_move_group/move_group', '__name:=move_group']]
[roslaunch][INFO] 2025-11-09 14:41:19,391: ... created process [move_group-13]
[roslaunch.pmon][INFO] 2025-11-09 14:41:19,391: ProcessMonitor.register[move_group-13]
[roslaunch.pmon][INFO] 2025-11-09 14:41:19,392: ProcessMonitor.register[move_group-13] complete
[roslaunch][INFO] 2025-11-09 14:41:19,392: ... registered process [move_group-13]
[roslaunch][INFO] 2025-11-09 14:41:19,392: process[move_group-13]: starting os process
[roslaunch][INFO] 2025-11-09 14:41:19,392: process[move_group-13]: start w/ args [['/opt/ros/noetic/lib/moveit_ros_move_group/move_group', '__name:=move_group', '__log:=/home/pal/.ros/log/c45e90d0-bd71-11f0-9b28-0028f8234b19/move_group-13.log']]
[roslaunch][INFO] 2025-11-09 14:41:19,392: process[move_group-13]: cwd will be [/home/pal/.ros]
[roslaunch][INFO] 2025-11-09 14:41:19,403: process[move_group-13]: started with pid [202]
[roslaunch][INFO] 2025-11-09 14:41:19,404: ... successfully launched [move_group-13]
[roslaunch][INFO] 2025-11-09 14:41:19,406: ... preparing to launch node of type [robot_state_publisher/robot_state_publisher]
[roslaunch][INFO] 2025-11-09 14:41:19,406: create_node_process: package[robot_state_publisher] type[robot_state_publisher] machine[Machine(name[] env_loader[None] address[localhost] ssh_port[22] user[None] assignable[True] timeout[10.0])] master_uri[http://localhost:11311/]
[roslaunch][INFO] 2025-11-09 14:41:19,407: process[robot_state_publisher-14]: env[{'ROS_VERSION': '1', 'DISABLE_ROS1_EOL_WARNINGS': '1', 'PKG_CONFIG_PATH': '/opt/pal/gallium/lib/pkgconfig:/opt/pal/gallium/lib/x86_64-linux-gnu/pkgconfig:/opt/ros/noetic/lib/pkgconfig:/opt/ros/noetic/lib/x86_64-linux-gnu/pkgconfig', 'ROS_PYTHON_VERSION': '3', 'HOSTNAME': 'epan-tiago-noetic-ssh', 'VISP_WS': '/home/pal/visp-ws', 'ROS_PACKAGE_PATH': '/home/pal/ros_ws/src:/opt/pal/gallium/share:/opt/ros/noetic/share', 'ROSLISP_PACKAGE_DIRECTORIES': '/home/pal/ros_ws/devel/share/common-lisp', 'PWD': '/home/pal/ros_ws/src', 'XAUTHORITY': '', 'TZ': 'Europe/Paris', 'ROS_IP': '127.0.0.1', 'HOME': '/home/pal', 'ROS_ETC_DIR': '/opt/ros/noetic/etc/ros', 'LS_COLORS': 'rs=0:di=01;34:ln=01;36:mh=00:pi=40;33:so=01;35:do=01;35:bd=40;33;01:cd=40;33;01:or=40;31;01:mi=00:su=37;41:sg=30;43:ca=30;41:tw=30;42:ow=34;42:st=37;44:ex=01;32:*.tar=01;31:*.tgz=01;31:*.arc=01;31:*.arj=01;31:*.taz=01;31:*.lha=01;31:*.lz4=01;31:*.lzh=01;31:*.lzma=01;31:*.tlz=01;31:*.txz=01;31:*.tzo=01;31:*.t7z=01;31:*.zip=01;31:*.z=01;31:*.dz=01;31:*.gz=01;31:*.lrz=01;31:*.lz=01;31:*.lzo=01;31:*.xz=01;31:*.zst=01;31:*.tzst=01;31:*.bz2=01;31:*.bz=01;31:*.tbz=01;31:*.tbz2=01;31:*.tz=01;31:*.deb=01;31:*.rpm=01;31:*.jar=01;31:*.war=01;31:*.ear=01;31:*.sar=01;31:*.rar=01;31:*.alz=01;31:*.ace=01;31:*.zoo=01;31:*.cpio=01;31:*.7z=01;31:*.rz=01;31:*.cab=01;31:*.wim=01;31:*.swm=01;31:*.dwm=01;31:*.esd=01;31:*.jpg=01;35:*.jpeg=01;35:*.mjpg=01;35:*.mjpeg=01;35:*.gif=01;35:*.bmp=01;35:*.pbm=01;35:*.pgm=01;35:*.ppm=01;35:*.tga=01;35:*.xbm=01;35:*.xpm=01;35:*.tif=01;35:*.tiff=01;35:*.png=01;35:*.svg=01;35:*.svgz=01;35:*.mng=01;35:*.pcx=01;35:*.mov=01;35:*.mpg=01;35:*.mpeg=01;35:*.m2v=01;35:*.mkv=01;35:*.webm=01;35:*.ogm=01;35:*.mp4=01;35:*.m4v=01;35:*.mp4v=01;35:*.vob=01;35:*.qt=01;35:*.nuv=01;35:*.wmv=01;35:*.asf=01;35:*.rm=01;35:*.rmvb=01;35:*.flc=01;35:*.avi=01;35:*.fli=01;35:*.flv=01;35:*.gl=01;35:*.dl=01;35:*.xcf=01;35:*.xwd=01;35:*.yuv=01;35:*.cgm=01;35:*.emf=01;35:*.ogv=01;35:*.ogx=01;35:*.aac=00;36:*.au=00;36:*.flac=00;36:*.m4a=00;36:*.mid=00;36:*.midi=00;36:*.mka=00;36:*.mp3=00;36:*.mpc=00;36:*.ogg=00;36:*.ra=00;36:*.wav=00;36:*.oga=00;36:*.opus=00;36:*.spx=00;36:*.xspf=00;36:', 'OROCOS_TARGET': 'gnulinux', 'CMAKE_PREFIX_PATH': '/home/pal/ros_ws/devel:/opt/pal/gallium:/opt/ros/noetic', 'GAZEBO_RESOURCE_PATH': '/home/pal/ros_ws/src/va50:', 'ROS_WORKSPACE': '/home/pal/ros_ws', 'LESSCLOSE': '/usr/bin/lesspipe %s %s', 'PYTHONPATH': '/opt/pal/gallium/lib/python3/dist-packages:/opt/ros/noetic/lib/python3/dist-packages', 'TERM': 'xterm', 'VISP_INPUT_IMAGE_PATH': '/home/pal/visp-ws/visp-images', 'LESSOPEN': '| /usr/bin/lesspipe %s', 'USER': 'pal', 'RTT_COMPONENT_PATH': '/opt/pal/gallium/lib/orocos', 'DISPLAY': ':1', 'SHLVL': '1', 'PAL_DISTRO': 'gallium', 'ROS_MASTER_URI': 'http://localhost:11311/', 'LD_LIBRARY_PATH': '/home/pal/ros_ws/devel/lib:/opt/pal/gallium/lib:/opt/pal/gallium/lib/x86_64-linux-gnu:/opt/ros/noetic/lib:/opt/ros/noetic/lib/x86_64-linux-gnu:/usr/local/lib', 'GAZEBO_MODEL_PATH': '/home/pal/ros_ws/src/va50/models:', 'PATH': '/opt/pal/gallium/bin:/opt/ros/noetic/bin:/opt/pal/gallium/lib/pal_debian_utils/:/usr/local/sbin:/usr/local/bin:/usr/sbin:/usr/bin:/sbin:/bin', 'LUA_PATH': ';;/opt/pal/gallium/share/lua/5.1/?.lua;/opt/pal/gallium/share/lua/5.1/?.lua;/opt/pal/gallium/share/lua/5.1/?.lua', 'DEBIAN_FRONTEND': 'noninteractive', 'ROS_ROOT': '/opt/ros/noetic/share/ros', 'ROS_DISTRO': 'noetic', 'QT_X11_NO_MITSHM': '1', '_': '/opt/ros/noetic/bin/roslaunch', 'OLDPWD': '/home/pal/ros_ws', 'LC_CTYPE': 'C.UTF-8', 'ROS_LOG_FILENAME': '/home/pal/.ros/log/c45e90d0-bd71-11f0-9b28-0028f8234b19/roslaunch-epan-tiago-noetic-ssh-136.log', 'LC_NUMERIC': 'C'}]
[roslaunch][INFO] 2025-11-09 14:41:19,409: process[robot_state_publisher-14]: args[['/opt/ros/noetic/lib/robot_state_publisher/robot_state_publisher', '__name:=robot_state_publisher']]
[roslaunch][INFO] 2025-11-09 14:41:19,409: ... created process [robot_state_publisher-14]
[roslaunch.pmon][INFO] 2025-11-09 14:41:19,410: ProcessMonitor.register[robot_state_publisher-14]
[roslaunch.pmon][INFO] 2025-11-09 14:41:19,410: ProcessMonitor.register[robot_state_publisher-14] complete
[roslaunch][INFO] 2025-11-09 14:41:19,410: ... registered process [robot_state_publisher-14]
[roslaunch][INFO] 2025-11-09 14:41:19,410: process[robot_state_publisher-14]: starting os process
[roslaunch][INFO] 2025-11-09 14:41:19,410: process[robot_state_publisher-14]: start w/ args [['/opt/ros/noetic/lib/robot_state_publisher/robot_state_publisher', '__name:=robot_state_publisher', '__log:=/home/pal/.ros/log/c45e90d0-bd71-11f0-9b28-0028f8234b19/robot_state_publisher-14.log']]
[roslaunch][INFO] 2025-11-09 14:41:19,410: process[robot_state_publisher-14]: cwd will be [/home/pal/.ros]
[roslaunch][INFO] 2025-11-09 14:41:19,423: process[robot_state_publisher-14]: started with pid [208]
[roslaunch][INFO] 2025-11-09 14:41:19,425: ... successfully launched [robot_state_publisher-14]
[roslaunch][INFO] 2025-11-09 14:41:19,426: ... preparing to launch node of type [tf_lookup/tf_lookup]
[roslaunch][INFO] 2025-11-09 14:41:19,426: create_node_process: package[tf_lookup] type[tf_lookup] machine[Machine(name[] env_loader[None] address[localhost] ssh_port[22] user[None] assignable[True] timeout[10.0])] master_uri[http://localhost:11311/]
[roslaunch][INFO] 2025-11-09 14:41:19,426: process[tf_lookup-15]: env[{'ROS_VERSION': '1', 'DISABLE_ROS1_EOL_WARNINGS': '1', 'PKG_CONFIG_PATH': '/opt/pal/gallium/lib/pkgconfig:/opt/pal/gallium/lib/x86_64-linux-gnu/pkgconfig:/opt/ros/noetic/lib/pkgconfig:/opt/ros/noetic/lib/x86_64-linux-gnu/pkgconfig', 'ROS_PYTHON_VERSION': '3', 'HOSTNAME': 'epan-tiago-noetic-ssh', 'VISP_WS': '/home/pal/visp-ws', 'ROS_PACKAGE_PATH': '/home/pal/ros_ws/src:/opt/pal/gallium/share:/opt/ros/noetic/share', 'ROSLISP_PACKAGE_DIRECTORIES': '/home/pal/ros_ws/devel/share/common-lisp', 'PWD': '/home/pal/ros_ws/src', 'XAUTHORITY': '', 'TZ': 'Europe/Paris', 'ROS_IP': '127.0.0.1', 'HOME': '/home/pal', 'ROS_ETC_DIR': '/opt/ros/noetic/etc/ros', 'LS_COLORS': 'rs=0:di=01;34:ln=01;36:mh=00:pi=40;33:so=01;35:do=01;35:bd=40;33;01:cd=40;33;01:or=40;31;01:mi=00:su=37;41:sg=30;43:ca=30;41:tw=30;42:ow=34;42:st=37;44:ex=01;32:*.tar=01;31:*.tgz=01;31:*.arc=01;31:*.arj=01;31:*.taz=01;31:*.lha=01;31:*.lz4=01;31:*.lzh=01;31:*.lzma=01;31:*.tlz=01;31:*.txz=01;31:*.tzo=01;31:*.t7z=01;31:*.zip=01;31:*.z=01;31:*.dz=01;31:*.gz=01;31:*.lrz=01;31:*.lz=01;31:*.lzo=01;31:*.xz=01;31:*.zst=01;31:*.tzst=01;31:*.bz2=01;31:*.bz=01;31:*.tbz=01;31:*.tbz2=01;31:*.tz=01;31:*.deb=01;31:*.rpm=01;31:*.jar=01;31:*.war=01;31:*.ear=01;31:*.sar=01;31:*.rar=01;31:*.alz=01;31:*.ace=01;31:*.zoo=01;31:*.cpio=01;31:*.7z=01;31:*.rz=01;31:*.cab=01;31:*.wim=01;31:*.swm=01;31:*.dwm=01;31:*.esd=01;31:*.jpg=01;35:*.jpeg=01;35:*.mjpg=01;35:*.mjpeg=01;35:*.gif=01;35:*.bmp=01;35:*.pbm=01;35:*.pgm=01;35:*.ppm=01;35:*.tga=01;35:*.xbm=01;35:*.xpm=01;35:*.tif=01;35:*.tiff=01;35:*.png=01;35:*.svg=01;35:*.svgz=01;35:*.mng=01;35:*.pcx=01;35:*.mov=01;35:*.mpg=01;35:*.mpeg=01;35:*.m2v=01;35:*.mkv=01;35:*.webm=01;35:*.ogm=01;35:*.mp4=01;35:*.m4v=01;35:*.mp4v=01;35:*.vob=01;35:*.qt=01;35:*.nuv=01;35:*.wmv=01;35:*.asf=01;35:*.rm=01;35:*.rmvb=01;35:*.flc=01;35:*.avi=01;35:*.fli=01;35:*.flv=01;35:*.gl=01;35:*.dl=01;35:*.xcf=01;35:*.xwd=01;35:*.yuv=01;35:*.cgm=01;35:*.emf=01;35:*.ogv=01;35:*.ogx=01;35:*.aac=00;36:*.au=00;36:*.flac=00;36:*.m4a=00;36:*.mid=00;36:*.midi=00;36:*.mka=00;36:*.mp3=00;36:*.mpc=00;36:*.ogg=00;36:*.ra=00;36:*.wav=00;36:*.oga=00;36:*.opus=00;36:*.spx=00;36:*.xspf=00;36:', 'OROCOS_TARGET': 'gnulinux', 'CMAKE_PREFIX_PATH': '/home/pal/ros_ws/devel:/opt/pal/gallium:/opt/ros/noetic', 'GAZEBO_RESOURCE_PATH': '/home/pal/ros_ws/src/va50:', 'ROS_WORKSPACE': '/home/pal/ros_ws', 'LESSCLOSE': '/usr/bin/lesspipe %s %s', 'PYTHONPATH': '/opt/pal/gallium/lib/python3/dist-packages:/opt/ros/noetic/lib/python3/dist-packages', 'TERM': 'xterm', 'VISP_INPUT_IMAGE_PATH': '/home/pal/visp-ws/visp-images', 'LESSOPEN': '| /usr/bin/lesspipe %s', 'USER': 'pal', 'RTT_COMPONENT_PATH': '/opt/pal/gallium/lib/orocos', 'DISPLAY': ':1', 'SHLVL': '1', 'PAL_DISTRO': 'gallium', 'ROS_MASTER_URI': 'http://localhost:11311/', 'LD_LIBRARY_PATH': '/home/pal/ros_ws/devel/lib:/opt/pal/gallium/lib:/opt/pal/gallium/lib/x86_64-linux-gnu:/opt/ros/noetic/lib:/opt/ros/noetic/lib/x86_64-linux-gnu:/usr/local/lib', 'GAZEBO_MODEL_PATH': '/home/pal/ros_ws/src/va50/models:', 'PATH': '/opt/pal/gallium/bin:/opt/ros/noetic/bin:/opt/pal/gallium/lib/pal_debian_utils/:/usr/local/sbin:/usr/local/bin:/usr/sbin:/usr/bin:/sbin:/bin', 'LUA_PATH': ';;/opt/pal/gallium/share/lua/5.1/?.lua;/opt/pal/gallium/share/lua/5.1/?.lua;/opt/pal/gallium/share/lua/5.1/?.lua', 'DEBIAN_FRONTEND': 'noninteractive', 'ROS_ROOT': '/opt/ros/noetic/share/ros', 'ROS_DISTRO': 'noetic', 'QT_X11_NO_MITSHM': '1', '_': '/opt/ros/noetic/bin/roslaunch', 'OLDPWD': '/home/pal/ros_ws', 'LC_CTYPE': 'C.UTF-8', 'ROS_LOG_FILENAME': '/home/pal/.ros/log/c45e90d0-bd71-11f0-9b28-0028f8234b19/roslaunch-epan-tiago-noetic-ssh-136.log', 'LC_NUMERIC': 'C'}]
[roslaunch][INFO] 2025-11-09 14:41:19,429: process[tf_lookup-15]: args[['/opt/pal/gallium/lib/tf_lookup/tf_lookup', '__name:=tf_lookup']]
[roslaunch][INFO] 2025-11-09 14:41:19,429: ... created process [tf_lookup-15]
[roslaunch.pmon][INFO] 2025-11-09 14:41:19,432: ProcessMonitor.register[tf_lookup-15]
[roslaunch.pmon][INFO] 2025-11-09 14:41:19,433: ProcessMonitor.register[tf_lookup-15] complete
[roslaunch][INFO] 2025-11-09 14:41:19,433: ... registered process [tf_lookup-15]
[roslaunch][INFO] 2025-11-09 14:41:19,433: process[tf_lookup-15]: starting os process
[roslaunch][INFO] 2025-11-09 14:41:19,433: process[tf_lookup-15]: start w/ args [['/opt/pal/gallium/lib/tf_lookup/tf_lookup', '__name:=tf_lookup', '__log:=/home/pal/.ros/log/c45e90d0-bd71-11f0-9b28-0028f8234b19/tf_lookup-15.log']]
[roslaunch][INFO] 2025-11-09 14:41:19,433: process[tf_lookup-15]: cwd will be [/home/pal/.ros]
[roslaunch][INFO] 2025-11-09 14:41:19,454: process[tf_lookup-15]: started with pid [215]
[roslaunch][INFO] 2025-11-09 14:41:19,455: ... successfully launched [tf_lookup-15]
[roslaunch][INFO] 2025-11-09 14:41:19,456: ... preparing to launch node of type [twist_mux/twist_mux]
[roslaunch][INFO] 2025-11-09 14:41:19,456: create_node_process: package[twist_mux] type[twist_mux] machine[Machine(name[] env_loader[None] address[localhost] ssh_port[22] user[None] assignable[True] timeout[10.0])] master_uri[http://localhost:11311/]
[roslaunch][INFO] 2025-11-09 14:41:19,456: process[twist_mux-16]: env[{'ROS_VERSION': '1', 'DISABLE_ROS1_EOL_WARNINGS': '1', 'PKG_CONFIG_PATH': '/opt/pal/gallium/lib/pkgconfig:/opt/pal/gallium/lib/x86_64-linux-gnu/pkgconfig:/opt/ros/noetic/lib/pkgconfig:/opt/ros/noetic/lib/x86_64-linux-gnu/pkgconfig', 'ROS_PYTHON_VERSION': '3', 'HOSTNAME': 'epan-tiago-noetic-ssh', 'VISP_WS': '/home/pal/visp-ws', 'ROS_PACKAGE_PATH': '/home/pal/ros_ws/src:/opt/pal/gallium/share:/opt/ros/noetic/share', 'ROSLISP_PACKAGE_DIRECTORIES': '/home/pal/ros_ws/devel/share/common-lisp', 'PWD': '/home/pal/ros_ws/src', 'XAUTHORITY': '', 'TZ': 'Europe/Paris', 'ROS_IP': '127.0.0.1', 'HOME': '/home/pal', 'ROS_ETC_DIR': '/opt/ros/noetic/etc/ros', 'LS_COLORS': 'rs=0:di=01;34:ln=01;36:mh=00:pi=40;33:so=01;35:do=01;35:bd=40;33;01:cd=40;33;01:or=40;31;01:mi=00:su=37;41:sg=30;43:ca=30;41:tw=30;42:ow=34;42:st=37;44:ex=01;32:*.tar=01;31:*.tgz=01;31:*.arc=01;31:*.arj=01;31:*.taz=01;31:*.lha=01;31:*.lz4=01;31:*.lzh=01;31:*.lzma=01;31:*.tlz=01;31:*.txz=01;31:*.tzo=01;31:*.t7z=01;31:*.zip=01;31:*.z=01;31:*.dz=01;31:*.gz=01;31:*.lrz=01;31:*.lz=01;31:*.lzo=01;31:*.xz=01;31:*.zst=01;31:*.tzst=01;31:*.bz2=01;31:*.bz=01;31:*.tbz=01;31:*.tbz2=01;31:*.tz=01;31:*.deb=01;31:*.rpm=01;31:*.jar=01;31:*.war=01;31:*.ear=01;31:*.sar=01;31:*.rar=01;31:*.alz=01;31:*.ace=01;31:*.zoo=01;31:*.cpio=01;31:*.7z=01;31:*.rz=01;31:*.cab=01;31:*.wim=01;31:*.swm=01;31:*.dwm=01;31:*.esd=01;31:*.jpg=01;35:*.jpeg=01;35:*.mjpg=01;35:*.mjpeg=01;35:*.gif=01;35:*.bmp=01;35:*.pbm=01;35:*.pgm=01;35:*.ppm=01;35:*.tga=01;35:*.xbm=01;35:*.xpm=01;35:*.tif=01;35:*.tiff=01;35:*.png=01;35:*.svg=01;35:*.svgz=01;35:*.mng=01;35:*.pcx=01;35:*.mov=01;35:*.mpg=01;35:*.mpeg=01;35:*.m2v=01;35:*.mkv=01;35:*.webm=01;35:*.ogm=01;35:*.mp4=01;35:*.m4v=01;35:*.mp4v=01;35:*.vob=01;35:*.qt=01;35:*.nuv=01;35:*.wmv=01;35:*.asf=01;35:*.rm=01;35:*.rmvb=01;35:*.flc=01;35:*.avi=01;35:*.fli=01;35:*.flv=01;35:*.gl=01;35:*.dl=01;35:*.xcf=01;35:*.xwd=01;35:*.yuv=01;35:*.cgm=01;35:*.emf=01;35:*.ogv=01;35:*.ogx=01;35:*.aac=00;36:*.au=00;36:*.flac=00;36:*.m4a=00;36:*.mid=00;36:*.midi=00;36:*.mka=00;36:*.mp3=00;36:*.mpc=00;36:*.ogg=00;36:*.ra=00;36:*.wav=00;36:*.oga=00;36:*.opus=00;36:*.spx=00;36:*.xspf=00;36:', 'OROCOS_TARGET': 'gnulinux', 'CMAKE_PREFIX_PATH': '/home/pal/ros_ws/devel:/opt/pal/gallium:/opt/ros/noetic', 'GAZEBO_RESOURCE_PATH': '/home/pal/ros_ws/src/va50:', 'ROS_WORKSPACE': '/home/pal/ros_ws', 'LESSCLOSE': '/usr/bin/lesspipe %s %s', 'PYTHONPATH': '/opt/pal/gallium/lib/python3/dist-packages:/opt/ros/noetic/lib/python3/dist-packages', 'TERM': 'xterm', 'VISP_INPUT_IMAGE_PATH': '/home/pal/visp-ws/visp-images', 'LESSOPEN': '| /usr/bin/lesspipe %s', 'USER': 'pal', 'RTT_COMPONENT_PATH': '/opt/pal/gallium/lib/orocos', 'DISPLAY': ':1', 'SHLVL': '1', 'PAL_DISTRO': 'gallium', 'ROS_MASTER_URI': 'http://localhost:11311/', 'LD_LIBRARY_PATH': '/home/pal/ros_ws/devel/lib:/opt/pal/gallium/lib:/opt/pal/gallium/lib/x86_64-linux-gnu:/opt/ros/noetic/lib:/opt/ros/noetic/lib/x86_64-linux-gnu:/usr/local/lib', 'GAZEBO_MODEL_PATH': '/home/pal/ros_ws/src/va50/models:', 'PATH': '/opt/pal/gallium/bin:/opt/ros/noetic/bin:/opt/pal/gallium/lib/pal_debian_utils/:/usr/local/sbin:/usr/local/bin:/usr/sbin:/usr/bin:/sbin:/bin', 'LUA_PATH': ';;/opt/pal/gallium/share/lua/5.1/?.lua;/opt/pal/gallium/share/lua/5.1/?.lua;/opt/pal/gallium/share/lua/5.1/?.lua', 'DEBIAN_FRONTEND': 'noninteractive', 'ROS_ROOT': '/opt/ros/noetic/share/ros', 'ROS_DISTRO': 'noetic', 'QT_X11_NO_MITSHM': '1', '_': '/opt/ros/noetic/bin/roslaunch', 'OLDPWD': '/home/pal/ros_ws', 'LC_CTYPE': 'C.UTF-8', 'ROS_LOG_FILENAME': '/home/pal/.ros/log/c45e90d0-bd71-11f0-9b28-0028f8234b19/roslaunch-epan-tiago-noetic-ssh-136.log', 'LC_NUMERIC': 'C'}]
[roslaunch][INFO] 2025-11-09 14:41:19,460: process[twist_mux-16]: args[['/opt/ros/noetic/lib/twist_mux/twist_mux', 'cmd_vel_out:=mobile_base_controller/cmd_vel', '__name:=twist_mux']]
[roslaunch][INFO] 2025-11-09 14:41:19,463: ... created process [twist_mux-16]
[roslaunch.pmon][INFO] 2025-11-09 14:41:19,463: ProcessMonitor.register[twist_mux-16]
[roslaunch.pmon][INFO] 2025-11-09 14:41:19,464: ProcessMonitor.register[twist_mux-16] complete
[roslaunch][INFO] 2025-11-09 14:41:19,464: ... registered process [twist_mux-16]
[roslaunch][INFO] 2025-11-09 14:41:19,464: process[twist_mux-16]: starting os process
[roslaunch][INFO] 2025-11-09 14:41:19,464: process[twist_mux-16]: start w/ args [['/opt/ros/noetic/lib/twist_mux/twist_mux', 'cmd_vel_out:=mobile_base_controller/cmd_vel', '__name:=twist_mux', '__log:=/home/pal/.ros/log/c45e90d0-bd71-11f0-9b28-0028f8234b19/twist_mux-16.log']]
[roslaunch][INFO] 2025-11-09 14:41:19,464: process[twist_mux-16]: cwd will be [/home/pal/.ros]
[roslaunch][INFO] 2025-11-09 14:41:19,487: process[twist_mux-16]: started with pid [221]
[roslaunch][INFO] 2025-11-09 14:41:19,488: ... successfully launched [twist_mux-16]
[roslaunch][INFO] 2025-11-09 14:41:19,488: ... preparing to launch node of type [twist_mux/twist_marker]
[roslaunch][INFO] 2025-11-09 14:41:19,488: create_node_process: package[twist_mux] type[twist_marker] machine[Machine(name[] env_loader[None] address[localhost] ssh_port[22] user[None] assignable[True] timeout[10.0])] master_uri[http://localhost:11311/]
[roslaunch][INFO] 2025-11-09 14:41:19,489: process[twist_marker-17]: env[{'ROS_VERSION': '1', 'DISABLE_ROS1_EOL_WARNINGS': '1', 'PKG_CONFIG_PATH': '/opt/pal/gallium/lib/pkgconfig:/opt/pal/gallium/lib/x86_64-linux-gnu/pkgconfig:/opt/ros/noetic/lib/pkgconfig:/opt/ros/noetic/lib/x86_64-linux-gnu/pkgconfig', 'ROS_PYTHON_VERSION': '3', 'HOSTNAME': 'epan-tiago-noetic-ssh', 'VISP_WS': '/home/pal/visp-ws', 'ROS_PACKAGE_PATH': '/home/pal/ros_ws/src:/opt/pal/gallium/share:/opt/ros/noetic/share', 'ROSLISP_PACKAGE_DIRECTORIES': '/home/pal/ros_ws/devel/share/common-lisp', 'PWD': '/home/pal/ros_ws/src', 'XAUTHORITY': '', 'TZ': 'Europe/Paris', 'ROS_IP': '127.0.0.1', 'HOME': '/home/pal', 'ROS_ETC_DIR': '/opt/ros/noetic/etc/ros', 'LS_COLORS': 'rs=0:di=01;34:ln=01;36:mh=00:pi=40;33:so=01;35:do=01;35:bd=40;33;01:cd=40;33;01:or=40;31;01:mi=00:su=37;41:sg=30;43:ca=30;41:tw=30;42:ow=34;42:st=37;44:ex=01;32:*.tar=01;31:*.tgz=01;31:*.arc=01;31:*.arj=01;31:*.taz=01;31:*.lha=01;31:*.lz4=01;31:*.lzh=01;31:*.lzma=01;31:*.tlz=01;31:*.txz=01;31:*.tzo=01;31:*.t7z=01;31:*.zip=01;31:*.z=01;31:*.dz=01;31:*.gz=01;31:*.lrz=01;31:*.lz=01;31:*.lzo=01;31:*.xz=01;31:*.zst=01;31:*.tzst=01;31:*.bz2=01;31:*.bz=01;31:*.tbz=01;31:*.tbz2=01;31:*.tz=01;31:*.deb=01;31:*.rpm=01;31:*.jar=01;31:*.war=01;31:*.ear=01;31:*.sar=01;31:*.rar=01;31:*.alz=01;31:*.ace=01;31:*.zoo=01;31:*.cpio=01;31:*.7z=01;31:*.rz=01;31:*.cab=01;31:*.wim=01;31:*.swm=01;31:*.dwm=01;31:*.esd=01;31:*.jpg=01;35:*.jpeg=01;35:*.mjpg=01;35:*.mjpeg=01;35:*.gif=01;35:*.bmp=01;35:*.pbm=01;35:*.pgm=01;35:*.ppm=01;35:*.tga=01;35:*.xbm=01;35:*.xpm=01;35:*.tif=01;35:*.tiff=01;35:*.png=01;35:*.svg=01;35:*.svgz=01;35:*.mng=01;35:*.pcx=01;35:*.mov=01;35:*.mpg=01;35:*.mpeg=01;35:*.m2v=01;35:*.mkv=01;35:*.webm=01;35:*.ogm=01;35:*.mp4=01;35:*.m4v=01;35:*.mp4v=01;35:*.vob=01;35:*.qt=01;35:*.nuv=01;35:*.wmv=01;35:*.asf=01;35:*.rm=01;35:*.rmvb=01;35:*.flc=01;35:*.avi=01;35:*.fli=01;35:*.flv=01;35:*.gl=01;35:*.dl=01;35:*.xcf=01;35:*.xwd=01;35:*.yuv=01;35:*.cgm=01;35:*.emf=01;35:*.ogv=01;35:*.ogx=01;35:*.aac=00;36:*.au=00;36:*.flac=00;36:*.m4a=00;36:*.mid=00;36:*.midi=00;36:*.mka=00;36:*.mp3=00;36:*.mpc=00;36:*.ogg=00;36:*.ra=00;36:*.wav=00;36:*.oga=00;36:*.opus=00;36:*.spx=00;36:*.xspf=00;36:', 'OROCOS_TARGET': 'gnulinux', 'CMAKE_PREFIX_PATH': '/home/pal/ros_ws/devel:/opt/pal/gallium:/opt/ros/noetic', 'GAZEBO_RESOURCE_PATH': '/home/pal/ros_ws/src/va50:', 'ROS_WORKSPACE': '/home/pal/ros_ws', 'LESSCLOSE': '/usr/bin/lesspipe %s %s', 'PYTHONPATH': '/opt/pal/gallium/lib/python3/dist-packages:/opt/ros/noetic/lib/python3/dist-packages', 'TERM': 'xterm', 'VISP_INPUT_IMAGE_PATH': '/home/pal/visp-ws/visp-images', 'LESSOPEN': '| /usr/bin/lesspipe %s', 'USER': 'pal', 'RTT_COMPONENT_PATH': '/opt/pal/gallium/lib/orocos', 'DISPLAY': ':1', 'SHLVL': '1', 'PAL_DISTRO': 'gallium', 'ROS_MASTER_URI': 'http://localhost:11311/', 'LD_LIBRARY_PATH': '/home/pal/ros_ws/devel/lib:/opt/pal/gallium/lib:/opt/pal/gallium/lib/x86_64-linux-gnu:/opt/ros/noetic/lib:/opt/ros/noetic/lib/x86_64-linux-gnu:/usr/local/lib', 'GAZEBO_MODEL_PATH': '/home/pal/ros_ws/src/va50/models:', 'PATH': '/opt/pal/gallium/bin:/opt/ros/noetic/bin:/opt/pal/gallium/lib/pal_debian_utils/:/usr/local/sbin:/usr/local/bin:/usr/sbin:/usr/bin:/sbin:/bin', 'LUA_PATH': ';;/opt/pal/gallium/share/lua/5.1/?.lua;/opt/pal/gallium/share/lua/5.1/?.lua;/opt/pal/gallium/share/lua/5.1/?.lua', 'DEBIAN_FRONTEND': 'noninteractive', 'ROS_ROOT': '/opt/ros/noetic/share/ros', 'ROS_DISTRO': 'noetic', 'QT_X11_NO_MITSHM': '1', '_': '/opt/ros/noetic/bin/roslaunch', 'OLDPWD': '/home/pal/ros_ws', 'LC_CTYPE': 'C.UTF-8', 'ROS_LOG_FILENAME': '/home/pal/.ros/log/c45e90d0-bd71-11f0-9b28-0028f8234b19/roslaunch-epan-tiago-noetic-ssh-136.log', 'LC_NUMERIC': 'C'}]
[roslaunch][INFO] 2025-11-09 14:41:19,490: process[twist_marker-17]: args[['/opt/ros/noetic/lib/twist_mux/twist_marker', 'twist:=mobile_base_controller/cmd_vel', 'marker:=twist_marker', '__name:=twist_marker']]
[roslaunch][INFO] 2025-11-09 14:41:19,490: ... created process [twist_marker-17]
[roslaunch.pmon][INFO] 2025-11-09 14:41:19,491: ProcessMonitor.register[twist_marker-17]
[roslaunch.pmon][INFO] 2025-11-09 14:41:19,491: ProcessMonitor.register[twist_marker-17] complete
[roslaunch][INFO] 2025-11-09 14:41:19,491: ... registered process [twist_marker-17]
[roslaunch][INFO] 2025-11-09 14:41:19,491: process[twist_marker-17]: starting os process
[roslaunch][INFO] 2025-11-09 14:41:19,491: process[twist_marker-17]: start w/ args [['/opt/ros/noetic/lib/twist_mux/twist_marker', 'twist:=mobile_base_controller/cmd_vel', 'marker:=twist_marker', '__name:=twist_marker', '__log:=/home/pal/.ros/log/c45e90d0-bd71-11f0-9b28-0028f8234b19/twist_marker-17.log']]
[roslaunch][INFO] 2025-11-09 14:41:19,491: process[twist_marker-17]: cwd will be [/home/pal/.ros]
[roslaunch][INFO] 2025-11-09 14:41:19,499: process[twist_marker-17]: started with pid [230]
[roslaunch][INFO] 2025-11-09 14:41:19,500: ... successfully launched [twist_marker-17]
[roslaunch][INFO] 2025-11-09 14:41:19,500: ... preparing to launch node of type [twist_mux/joystick_relay.py]
[roslaunch][INFO] 2025-11-09 14:41:19,500: create_node_process: package[twist_mux] type[joystick_relay.py] machine[Machine(name[] env_loader[None] address[localhost] ssh_port[22] user[None] assignable[True] timeout[10.0])] master_uri[http://localhost:11311/]
[roslaunch][INFO] 2025-11-09 14:41:19,501: process[joystick_relay-18]: env[{'ROS_VERSION': '1', 'DISABLE_ROS1_EOL_WARNINGS': '1', 'PKG_CONFIG_PATH': '/opt/pal/gallium/lib/pkgconfig:/opt/pal/gallium/lib/x86_64-linux-gnu/pkgconfig:/opt/ros/noetic/lib/pkgconfig:/opt/ros/noetic/lib/x86_64-linux-gnu/pkgconfig', 'ROS_PYTHON_VERSION': '3', 'HOSTNAME': 'epan-tiago-noetic-ssh', 'VISP_WS': '/home/pal/visp-ws', 'ROS_PACKAGE_PATH': '/home/pal/ros_ws/src:/opt/pal/gallium/share:/opt/ros/noetic/share', 'ROSLISP_PACKAGE_DIRECTORIES': '/home/pal/ros_ws/devel/share/common-lisp', 'PWD': '/home/pal/ros_ws/src', 'XAUTHORITY': '', 'TZ': 'Europe/Paris', 'ROS_IP': '127.0.0.1', 'HOME': '/home/pal', 'ROS_ETC_DIR': '/opt/ros/noetic/etc/ros', 'LS_COLORS': 'rs=0:di=01;34:ln=01;36:mh=00:pi=40;33:so=01;35:do=01;35:bd=40;33;01:cd=40;33;01:or=40;31;01:mi=00:su=37;41:sg=30;43:ca=30;41:tw=30;42:ow=34;42:st=37;44:ex=01;32:*.tar=01;31:*.tgz=01;31:*.arc=01;31:*.arj=01;31:*.taz=01;31:*.lha=01;31:*.lz4=01;31:*.lzh=01;31:*.lzma=01;31:*.tlz=01;31:*.txz=01;31:*.tzo=01;31:*.t7z=01;31:*.zip=01;31:*.z=01;31:*.dz=01;31:*.gz=01;31:*.lrz=01;31:*.lz=01;31:*.lzo=01;31:*.xz=01;31:*.zst=01;31:*.tzst=01;31:*.bz2=01;31:*.bz=01;31:*.tbz=01;31:*.tbz2=01;31:*.tz=01;31:*.deb=01;31:*.rpm=01;31:*.jar=01;31:*.war=01;31:*.ear=01;31:*.sar=01;31:*.rar=01;31:*.alz=01;31:*.ace=01;31:*.zoo=01;31:*.cpio=01;31:*.7z=01;31:*.rz=01;31:*.cab=01;31:*.wim=01;31:*.swm=01;31:*.dwm=01;31:*.esd=01;31:*.jpg=01;35:*.jpeg=01;35:*.mjpg=01;35:*.mjpeg=01;35:*.gif=01;35:*.bmp=01;35:*.pbm=01;35:*.pgm=01;35:*.ppm=01;35:*.tga=01;35:*.xbm=01;35:*.xpm=01;35:*.tif=01;35:*.tiff=01;35:*.png=01;35:*.svg=01;35:*.svgz=01;35:*.mng=01;35:*.pcx=01;35:*.mov=01;35:*.mpg=01;35:*.mpeg=01;35:*.m2v=01;35:*.mkv=01;35:*.webm=01;35:*.ogm=01;35:*.mp4=01;35:*.m4v=01;35:*.mp4v=01;35:*.vob=01;35:*.qt=01;35:*.nuv=01;35:*.wmv=01;35:*.asf=01;35:*.rm=01;35:*.rmvb=01;35:*.flc=01;35:*.avi=01;35:*.fli=01;35:*.flv=01;35:*.gl=01;35:*.dl=01;35:*.xcf=01;35:*.xwd=01;35:*.yuv=01;35:*.cgm=01;35:*.emf=01;35:*.ogv=01;35:*.ogx=01;35:*.aac=00;36:*.au=00;36:*.flac=00;36:*.m4a=00;36:*.mid=00;36:*.midi=00;36:*.mka=00;36:*.mp3=00;36:*.mpc=00;36:*.ogg=00;36:*.ra=00;36:*.wav=00;36:*.oga=00;36:*.opus=00;36:*.spx=00;36:*.xspf=00;36:', 'OROCOS_TARGET': 'gnulinux', 'CMAKE_PREFIX_PATH': '/home/pal/ros_ws/devel:/opt/pal/gallium:/opt/ros/noetic', 'GAZEBO_RESOURCE_PATH': '/home/pal/ros_ws/src/va50:', 'ROS_WORKSPACE': '/home/pal/ros_ws', 'LESSCLOSE': '/usr/bin/lesspipe %s %s', 'PYTHONPATH': '/opt/pal/gallium/lib/python3/dist-packages:/opt/ros/noetic/lib/python3/dist-packages', 'TERM': 'xterm', 'VISP_INPUT_IMAGE_PATH': '/home/pal/visp-ws/visp-images', 'LESSOPEN': '| /usr/bin/lesspipe %s', 'USER': 'pal', 'RTT_COMPONENT_PATH': '/opt/pal/gallium/lib/orocos', 'DISPLAY': ':1', 'SHLVL': '1', 'PAL_DISTRO': 'gallium', 'ROS_MASTER_URI': 'http://localhost:11311/', 'LD_LIBRARY_PATH': '/home/pal/ros_ws/devel/lib:/opt/pal/gallium/lib:/opt/pal/gallium/lib/x86_64-linux-gnu:/opt/ros/noetic/lib:/opt/ros/noetic/lib/x86_64-linux-gnu:/usr/local/lib', 'GAZEBO_MODEL_PATH': '/home/pal/ros_ws/src/va50/models:', 'PATH': '/opt/pal/gallium/bin:/opt/ros/noetic/bin:/opt/pal/gallium/lib/pal_debian_utils/:/usr/local/sbin:/usr/local/bin:/usr/sbin:/usr/bin:/sbin:/bin', 'LUA_PATH': ';;/opt/pal/gallium/share/lua/5.1/?.lua;/opt/pal/gallium/share/lua/5.1/?.lua;/opt/pal/gallium/share/lua/5.1/?.lua', 'DEBIAN_FRONTEND': 'noninteractive', 'ROS_ROOT': '/opt/ros/noetic/share/ros', 'ROS_DISTRO': 'noetic', 'QT_X11_NO_MITSHM': '1', '_': '/opt/ros/noetic/bin/roslaunch', 'OLDPWD': '/home/pal/ros_ws', 'LC_CTYPE': 'C.UTF-8', 'ROS_LOG_FILENAME': '/home/pal/.ros/log/c45e90d0-bd71-11f0-9b28-0028f8234b19/roslaunch-epan-tiago-noetic-ssh-136.log', 'LC_NUMERIC': 'C'}]
[roslaunch][INFO] 2025-11-09 14:41:19,507: process[joystick_relay-18]: args[['/opt/ros/noetic/lib/twist_mux/joystick_relay.py', 'joy_vel_in:=input_joy/cmd_vel', 'joy_vel_out:=joy_vel', '__name:=joystick_relay']]
[roslaunch][INFO] 2025-11-09 14:41:19,509: ... created process [joystick_relay-18]
[roslaunch.pmon][INFO] 2025-11-09 14:41:19,510: ProcessMonitor.register[joystick_relay-18]
[roslaunch.pmon][INFO] 2025-11-09 14:41:19,510: ProcessMonitor.register[joystick_relay-18] complete
[roslaunch][INFO] 2025-11-09 14:41:19,510: ... registered process [joystick_relay-18]
[roslaunch][INFO] 2025-11-09 14:41:19,510: process[joystick_relay-18]: starting os process
[roslaunch][INFO] 2025-11-09 14:41:19,510: process[joystick_relay-18]: start w/ args [['/opt/ros/noetic/lib/twist_mux/joystick_relay.py', 'joy_vel_in:=input_joy/cmd_vel', 'joy_vel_out:=joy_vel', '__name:=joystick_relay', '__log:=/home/pal/.ros/log/c45e90d0-bd71-11f0-9b28-0028f8234b19/joystick_relay-18.log']]
[roslaunch][INFO] 2025-11-09 14:41:19,511: process[joystick_relay-18]: cwd will be [/home/pal/.ros]
[roslaunch][INFO] 2025-11-09 14:41:19,522: process[joystick_relay-18]: started with pid [233]
[roslaunch][INFO] 2025-11-09 14:41:19,524: ... successfully launched [joystick_relay-18]
[roslaunch][INFO] 2025-11-09 14:41:19,525: ... preparing to launch node of type [dynamic_footprint/dynamic_footprint_publisher.py]
[roslaunch][INFO] 2025-11-09 14:41:19,525: create_node_process: package[dynamic_footprint] type[dynamic_footprint_publisher.py] machine[Machine(name[] env_loader[None] address[localhost] ssh_port[22] user[None] assignable[True] timeout[10.0])] master_uri[http://localhost:11311/]
[roslaunch][INFO] 2025-11-09 14:41:19,525: process[dynamic_footprint_publisher-19]: env[{'ROS_VERSION': '1', 'DISABLE_ROS1_EOL_WARNINGS': '1', 'PKG_CONFIG_PATH': '/opt/pal/gallium/lib/pkgconfig:/opt/pal/gallium/lib/x86_64-linux-gnu/pkgconfig:/opt/ros/noetic/lib/pkgconfig:/opt/ros/noetic/lib/x86_64-linux-gnu/pkgconfig', 'ROS_PYTHON_VERSION': '3', 'HOSTNAME': 'epan-tiago-noetic-ssh', 'VISP_WS': '/home/pal/visp-ws', 'ROS_PACKAGE_PATH': '/home/pal/ros_ws/src:/opt/pal/gallium/share:/opt/ros/noetic/share', 'ROSLISP_PACKAGE_DIRECTORIES': '/home/pal/ros_ws/devel/share/common-lisp', 'PWD': '/home/pal/ros_ws/src', 'XAUTHORITY': '', 'TZ': 'Europe/Paris', 'ROS_IP': '127.0.0.1', 'HOME': '/home/pal', 'ROS_ETC_DIR': '/opt/ros/noetic/etc/ros', 'LS_COLORS': 'rs=0:di=01;34:ln=01;36:mh=00:pi=40;33:so=01;35:do=01;35:bd=40;33;01:cd=40;33;01:or=40;31;01:mi=00:su=37;41:sg=30;43:ca=30;41:tw=30;42:ow=34;42:st=37;44:ex=01;32:*.tar=01;31:*.tgz=01;31:*.arc=01;31:*.arj=01;31:*.taz=01;31:*.lha=01;31:*.lz4=01;31:*.lzh=01;31:*.lzma=01;31:*.tlz=01;31:*.txz=01;31:*.tzo=01;31:*.t7z=01;31:*.zip=01;31:*.z=01;31:*.dz=01;31:*.gz=01;31:*.lrz=01;31:*.lz=01;31:*.lzo=01;31:*.xz=01;31:*.zst=01;31:*.tzst=01;31:*.bz2=01;31:*.bz=01;31:*.tbz=01;31:*.tbz2=01;31:*.tz=01;31:*.deb=01;31:*.rpm=01;31:*.jar=01;31:*.war=01;31:*.ear=01;31:*.sar=01;31:*.rar=01;31:*.alz=01;31:*.ace=01;31:*.zoo=01;31:*.cpio=01;31:*.7z=01;31:*.rz=01;31:*.cab=01;31:*.wim=01;31:*.swm=01;31:*.dwm=01;31:*.esd=01;31:*.jpg=01;35:*.jpeg=01;35:*.mjpg=01;35:*.mjpeg=01;35:*.gif=01;35:*.bmp=01;35:*.pbm=01;35:*.pgm=01;35:*.ppm=01;35:*.tga=01;35:*.xbm=01;35:*.xpm=01;35:*.tif=01;35:*.tiff=01;35:*.png=01;35:*.svg=01;35:*.svgz=01;35:*.mng=01;35:*.pcx=01;35:*.mov=01;35:*.mpg=01;35:*.mpeg=01;35:*.m2v=01;35:*.mkv=01;35:*.webm=01;35:*.ogm=01;35:*.mp4=01;35:*.m4v=01;35:*.mp4v=01;35:*.vob=01;35:*.qt=01;35:*.nuv=01;35:*.wmv=01;35:*.asf=01;35:*.rm=01;35:*.rmvb=01;35:*.flc=01;35:*.avi=01;35:*.fli=01;35:*.flv=01;35:*.gl=01;35:*.dl=01;35:*.xcf=01;35:*.xwd=01;35:*.yuv=01;35:*.cgm=01;35:*.emf=01;35:*.ogv=01;35:*.ogx=01;35:*.aac=00;36:*.au=00;36:*.flac=00;36:*.m4a=00;36:*.mid=00;36:*.midi=00;36:*.mka=00;36:*.mp3=00;36:*.mpc=00;36:*.ogg=00;36:*.ra=00;36:*.wav=00;36:*.oga=00;36:*.opus=00;36:*.spx=00;36:*.xspf=00;36:', 'OROCOS_TARGET': 'gnulinux', 'CMAKE_PREFIX_PATH': '/home/pal/ros_ws/devel:/opt/pal/gallium:/opt/ros/noetic', 'GAZEBO_RESOURCE_PATH': '/home/pal/ros_ws/src/va50:', 'ROS_WORKSPACE': '/home/pal/ros_ws', 'LESSCLOSE': '/usr/bin/lesspipe %s %s', 'PYTHONPATH': '/opt/pal/gallium/lib/python3/dist-packages:/opt/ros/noetic/lib/python3/dist-packages', 'TERM': 'xterm', 'VISP_INPUT_IMAGE_PATH': '/home/pal/visp-ws/visp-images', 'LESSOPEN': '| /usr/bin/lesspipe %s', 'USER': 'pal', 'RTT_COMPONENT_PATH': '/opt/pal/gallium/lib/orocos', 'DISPLAY': ':1', 'SHLVL': '1', 'PAL_DISTRO': 'gallium', 'ROS_MASTER_URI': 'http://localhost:11311/', 'LD_LIBRARY_PATH': '/home/pal/ros_ws/devel/lib:/opt/pal/gallium/lib:/opt/pal/gallium/lib/x86_64-linux-gnu:/opt/ros/noetic/lib:/opt/ros/noetic/lib/x86_64-linux-gnu:/usr/local/lib', 'GAZEBO_MODEL_PATH': '/home/pal/ros_ws/src/va50/models:', 'PATH': '/opt/pal/gallium/bin:/opt/ros/noetic/bin:/opt/pal/gallium/lib/pal_debian_utils/:/usr/local/sbin:/usr/local/bin:/usr/sbin:/usr/bin:/sbin:/bin', 'LUA_PATH': ';;/opt/pal/gallium/share/lua/5.1/?.lua;/opt/pal/gallium/share/lua/5.1/?.lua;/opt/pal/gallium/share/lua/5.1/?.lua', 'DEBIAN_FRONTEND': 'noninteractive', 'ROS_ROOT': '/opt/ros/noetic/share/ros', 'ROS_DISTRO': 'noetic', 'QT_X11_NO_MITSHM': '1', '_': '/opt/ros/noetic/bin/roslaunch', 'OLDPWD': '/home/pal/ros_ws', 'LC_CTYPE': 'C.UTF-8', 'ROS_LOG_FILENAME': '/home/pal/.ros/log/c45e90d0-bd71-11f0-9b28-0028f8234b19/roslaunch-epan-tiago-noetic-ssh-136.log', 'LC_NUMERIC': 'C'}]
[roslaunch][INFO] 2025-11-09 14:41:19,527: process[dynamic_footprint_publisher-19]: args[['/opt/pal/gallium/lib/dynamic_footprint/dynamic_footprint_publisher.py', '__name:=dynamic_footprint_publisher']]
[roslaunch][INFO] 2025-11-09 14:41:19,529: ... created process [dynamic_footprint_publisher-19]
[roslaunch.pmon][INFO] 2025-11-09 14:41:19,529: ProcessMonitor.register[dynamic_footprint_publisher-19]
[roslaunch.pmon][INFO] 2025-11-09 14:41:19,530: ProcessMonitor.register[dynamic_footprint_publisher-19] complete
[roslaunch][INFO] 2025-11-09 14:41:19,530: ... registered process [dynamic_footprint_publisher-19]
[roslaunch][INFO] 2025-11-09 14:41:19,530: process[dynamic_footprint_publisher-19]: starting os process
[roslaunch][INFO] 2025-11-09 14:41:19,530: process[dynamic_footprint_publisher-19]: start w/ args [['/opt/pal/gallium/lib/dynamic_footprint/dynamic_footprint_publisher.py', '__name:=dynamic_footprint_publisher', '__log:=/home/pal/.ros/log/c45e90d0-bd71-11f0-9b28-0028f8234b19/dynamic_footprint_publisher-19.log']]
[roslaunch][INFO] 2025-11-09 14:41:19,530: process[dynamic_footprint_publisher-19]: cwd will be [/home/pal/.ros]
[roslaunch][INFO] 2025-11-09 14:41:19,540: process[dynamic_footprint_publisher-19]: started with pid [242]
[roslaunch][INFO] 2025-11-09 14:41:19,541: ... successfully launched [dynamic_footprint_publisher-19]
[roslaunch][INFO] 2025-11-09 14:41:19,541: ... preparing to launch node of type [topic_tools/relay]
[roslaunch][INFO] 2025-11-09 14:41:19,541: create_node_process: package[topic_tools] type[relay] machine[Machine(name[] env_loader[None] address[localhost] ssh_port[22] user[None] assignable[True] timeout[10.0])] master_uri[http://localhost:11311/]
[roslaunch][INFO] 2025-11-09 14:41:19,543: process[image_raw_to_rect_color_relay-20]: env[{'ROS_VERSION': '1', 'DISABLE_ROS1_EOL_WARNINGS': '1', 'PKG_CONFIG_PATH': '/opt/pal/gallium/lib/pkgconfig:/opt/pal/gallium/lib/x86_64-linux-gnu/pkgconfig:/opt/ros/noetic/lib/pkgconfig:/opt/ros/noetic/lib/x86_64-linux-gnu/pkgconfig', 'ROS_PYTHON_VERSION': '3', 'HOSTNAME': 'epan-tiago-noetic-ssh', 'VISP_WS': '/home/pal/visp-ws', 'ROS_PACKAGE_PATH': '/home/pal/ros_ws/src:/opt/pal/gallium/share:/opt/ros/noetic/share', 'ROSLISP_PACKAGE_DIRECTORIES': '/home/pal/ros_ws/devel/share/common-lisp', 'PWD': '/home/pal/ros_ws/src', 'XAUTHORITY': '', 'TZ': 'Europe/Paris', 'ROS_IP': '127.0.0.1', 'HOME': '/home/pal', 'ROS_ETC_DIR': '/opt/ros/noetic/etc/ros', 'LS_COLORS': 'rs=0:di=01;34:ln=01;36:mh=00:pi=40;33:so=01;35:do=01;35:bd=40;33;01:cd=40;33;01:or=40;31;01:mi=00:su=37;41:sg=30;43:ca=30;41:tw=30;42:ow=34;42:st=37;44:ex=01;32:*.tar=01;31:*.tgz=01;31:*.arc=01;31:*.arj=01;31:*.taz=01;31:*.lha=01;31:*.lz4=01;31:*.lzh=01;31:*.lzma=01;31:*.tlz=01;31:*.txz=01;31:*.tzo=01;31:*.t7z=01;31:*.zip=01;31:*.z=01;31:*.dz=01;31:*.gz=01;31:*.lrz=01;31:*.lz=01;31:*.lzo=01;31:*.xz=01;31:*.zst=01;31:*.tzst=01;31:*.bz2=01;31:*.bz=01;31:*.tbz=01;31:*.tbz2=01;31:*.tz=01;31:*.deb=01;31:*.rpm=01;31:*.jar=01;31:*.war=01;31:*.ear=01;31:*.sar=01;31:*.rar=01;31:*.alz=01;31:*.ace=01;31:*.zoo=01;31:*.cpio=01;31:*.7z=01;31:*.rz=01;31:*.cab=01;31:*.wim=01;31:*.swm=01;31:*.dwm=01;31:*.esd=01;31:*.jpg=01;35:*.jpeg=01;35:*.mjpg=01;35:*.mjpeg=01;35:*.gif=01;35:*.bmp=01;35:*.pbm=01;35:*.pgm=01;35:*.ppm=01;35:*.tga=01;35:*.xbm=01;35:*.xpm=01;35:*.tif=01;35:*.tiff=01;35:*.png=01;35:*.svg=01;35:*.svgz=01;35:*.mng=01;35:*.pcx=01;35:*.mov=01;35:*.mpg=01;35:*.mpeg=01;35:*.m2v=01;35:*.mkv=01;35:*.webm=01;35:*.ogm=01;35:*.mp4=01;35:*.m4v=01;35:*.mp4v=01;35:*.vob=01;35:*.qt=01;35:*.nuv=01;35:*.wmv=01;35:*.asf=01;35:*.rm=01;35:*.rmvb=01;35:*.flc=01;35:*.avi=01;35:*.fli=01;35:*.flv=01;35:*.gl=01;35:*.dl=01;35:*.xcf=01;35:*.xwd=01;35:*.yuv=01;35:*.cgm=01;35:*.emf=01;35:*.ogv=01;35:*.ogx=01;35:*.aac=00;36:*.au=00;36:*.flac=00;36:*.m4a=00;36:*.mid=00;36:*.midi=00;36:*.mka=00;36:*.mp3=00;36:*.mpc=00;36:*.ogg=00;36:*.ra=00;36:*.wav=00;36:*.oga=00;36:*.opus=00;36:*.spx=00;36:*.xspf=00;36:', 'OROCOS_TARGET': 'gnulinux', 'CMAKE_PREFIX_PATH': '/home/pal/ros_ws/devel:/opt/pal/gallium:/opt/ros/noetic', 'GAZEBO_RESOURCE_PATH': '/home/pal/ros_ws/src/va50:', 'ROS_WORKSPACE': '/home/pal/ros_ws', 'LESSCLOSE': '/usr/bin/lesspipe %s %s', 'PYTHONPATH': '/opt/pal/gallium/lib/python3/dist-packages:/opt/ros/noetic/lib/python3/dist-packages', 'TERM': 'xterm', 'VISP_INPUT_IMAGE_PATH': '/home/pal/visp-ws/visp-images', 'LESSOPEN': '| /usr/bin/lesspipe %s', 'USER': 'pal', 'RTT_COMPONENT_PATH': '/opt/pal/gallium/lib/orocos', 'DISPLAY': ':1', 'SHLVL': '1', 'PAL_DISTRO': 'gallium', 'ROS_MASTER_URI': 'http://localhost:11311/', 'LD_LIBRARY_PATH': '/home/pal/ros_ws/devel/lib:/opt/pal/gallium/lib:/opt/pal/gallium/lib/x86_64-linux-gnu:/opt/ros/noetic/lib:/opt/ros/noetic/lib/x86_64-linux-gnu:/usr/local/lib', 'GAZEBO_MODEL_PATH': '/home/pal/ros_ws/src/va50/models:', 'PATH': '/opt/pal/gallium/bin:/opt/ros/noetic/bin:/opt/pal/gallium/lib/pal_debian_utils/:/usr/local/sbin:/usr/local/bin:/usr/sbin:/usr/bin:/sbin:/bin', 'LUA_PATH': ';;/opt/pal/gallium/share/lua/5.1/?.lua;/opt/pal/gallium/share/lua/5.1/?.lua;/opt/pal/gallium/share/lua/5.1/?.lua', 'DEBIAN_FRONTEND': 'noninteractive', 'ROS_ROOT': '/opt/ros/noetic/share/ros', 'ROS_DISTRO': 'noetic', 'QT_X11_NO_MITSHM': '1', '_': '/opt/ros/noetic/bin/roslaunch', 'OLDPWD': '/home/pal/ros_ws', 'LC_CTYPE': 'C.UTF-8', 'ROS_LOG_FILENAME': '/home/pal/.ros/log/c45e90d0-bd71-11f0-9b28-0028f8234b19/roslaunch-epan-tiago-noetic-ssh-136.log', 'LC_NUMERIC': 'C'}]
[roslaunch][INFO] 2025-11-09 14:41:19,545: process[image_raw_to_rect_color_relay-20]: args[['/opt/ros/noetic/lib/topic_tools/relay', 'xtion/rgb/image_raw', 'xtion/rgb/image_rect_color', '__name:=image_raw_to_rect_color_relay']]
[roslaunch][INFO] 2025-11-09 14:41:19,545: ... created process [image_raw_to_rect_color_relay-20]
[roslaunch.pmon][INFO] 2025-11-09 14:41:19,545: ProcessMonitor.register[image_raw_to_rect_color_relay-20]
[roslaunch.pmon][INFO] 2025-11-09 14:41:19,545: ProcessMonitor.register[image_raw_to_rect_color_relay-20] complete
[roslaunch][INFO] 2025-11-09 14:41:19,545: ... registered process [image_raw_to_rect_color_relay-20]
[roslaunch][INFO] 2025-11-09 14:41:19,546: process[image_raw_to_rect_color_relay-20]: starting os process
[roslaunch][INFO] 2025-11-09 14:41:19,546: process[image_raw_to_rect_color_relay-20]: start w/ args [['/opt/ros/noetic/lib/topic_tools/relay', 'xtion/rgb/image_raw', 'xtion/rgb/image_rect_color', '__name:=image_raw_to_rect_color_relay', '__log:=/home/pal/.ros/log/c45e90d0-bd71-11f0-9b28-0028f8234b19/image_raw_to_rect_color_relay-20.log']]
[roslaunch][INFO] 2025-11-09 14:41:19,546: process[image_raw_to_rect_color_relay-20]: cwd will be [/home/pal/.ros]
[roslaunch][INFO] 2025-11-09 14:41:19,560: process[image_raw_to_rect_color_relay-20]: started with pid [246]
[roslaunch][INFO] 2025-11-09 14:41:19,561: ... successfully launched [image_raw_to_rect_color_relay-20]
[roslaunch][INFO] 2025-11-09 14:41:19,561: ... preparing to launch node of type [pal_pcl_points_throttle_and_filter/throttle_filtering_points]
[roslaunch][INFO] 2025-11-09 14:41:19,561: create_node_process: package[pal_pcl_points_throttle_and_filter] type[throttle_filtering_points] machine[Machine(name[] env_loader[None] address[localhost] ssh_port[22] user[None] assignable[True] timeout[10.0])] master_uri[http://localhost:11311/]
[roslaunch][INFO] 2025-11-09 14:41:19,561: process[throttle_filtering_points-21]: env[{'ROS_VERSION': '1', 'DISABLE_ROS1_EOL_WARNINGS': '1', 'PKG_CONFIG_PATH': '/opt/pal/gallium/lib/pkgconfig:/opt/pal/gallium/lib/x86_64-linux-gnu/pkgconfig:/opt/ros/noetic/lib/pkgconfig:/opt/ros/noetic/lib/x86_64-linux-gnu/pkgconfig', 'ROS_PYTHON_VERSION': '3', 'HOSTNAME': 'epan-tiago-noetic-ssh', 'VISP_WS': '/home/pal/visp-ws', 'ROS_PACKAGE_PATH': '/home/pal/ros_ws/src:/opt/pal/gallium/share:/opt/ros/noetic/share', 'ROSLISP_PACKAGE_DIRECTORIES': '/home/pal/ros_ws/devel/share/common-lisp', 'PWD': '/home/pal/ros_ws/src', 'XAUTHORITY': '', 'TZ': 'Europe/Paris', 'ROS_IP': '127.0.0.1', 'HOME': '/home/pal', 'ROS_ETC_DIR': '/opt/ros/noetic/etc/ros', 'LS_COLORS': 'rs=0:di=01;34:ln=01;36:mh=00:pi=40;33:so=01;35:do=01;35:bd=40;33;01:cd=40;33;01:or=40;31;01:mi=00:su=37;41:sg=30;43:ca=30;41:tw=30;42:ow=34;42:st=37;44:ex=01;32:*.tar=01;31:*.tgz=01;31:*.arc=01;31:*.arj=01;31:*.taz=01;31:*.lha=01;31:*.lz4=01;31:*.lzh=01;31:*.lzma=01;31:*.tlz=01;31:*.txz=01;31:*.tzo=01;31:*.t7z=01;31:*.zip=01;31:*.z=01;31:*.dz=01;31:*.gz=01;31:*.lrz=01;31:*.lz=01;31:*.lzo=01;31:*.xz=01;31:*.zst=01;31:*.tzst=01;31:*.bz2=01;31:*.bz=01;31:*.tbz=01;31:*.tbz2=01;31:*.tz=01;31:*.deb=01;31:*.rpm=01;31:*.jar=01;31:*.war=01;31:*.ear=01;31:*.sar=01;31:*.rar=01;31:*.alz=01;31:*.ace=01;31:*.zoo=01;31:*.cpio=01;31:*.7z=01;31:*.rz=01;31:*.cab=01;31:*.wim=01;31:*.swm=01;31:*.dwm=01;31:*.esd=01;31:*.jpg=01;35:*.jpeg=01;35:*.mjpg=01;35:*.mjpeg=01;35:*.gif=01;35:*.bmp=01;35:*.pbm=01;35:*.pgm=01;35:*.ppm=01;35:*.tga=01;35:*.xbm=01;35:*.xpm=01;35:*.tif=01;35:*.tiff=01;35:*.png=01;35:*.svg=01;35:*.svgz=01;35:*.mng=01;35:*.pcx=01;35:*.mov=01;35:*.mpg=01;35:*.mpeg=01;35:*.m2v=01;35:*.mkv=01;35:*.webm=01;35:*.ogm=01;35:*.mp4=01;35:*.m4v=01;35:*.mp4v=01;35:*.vob=01;35:*.qt=01;35:*.nuv=01;35:*.wmv=01;35:*.asf=01;35:*.rm=01;35:*.rmvb=01;35:*.flc=01;35:*.avi=01;35:*.fli=01;35:*.flv=01;35:*.gl=01;35:*.dl=01;35:*.xcf=01;35:*.xwd=01;35:*.yuv=01;35:*.cgm=01;35:*.emf=01;35:*.ogv=01;35:*.ogx=01;35:*.aac=00;36:*.au=00;36:*.flac=00;36:*.m4a=00;36:*.mid=00;36:*.midi=00;36:*.mka=00;36:*.mp3=00;36:*.mpc=00;36:*.ogg=00;36:*.ra=00;36:*.wav=00;36:*.oga=00;36:*.opus=00;36:*.spx=00;36:*.xspf=00;36:', 'OROCOS_TARGET': 'gnulinux', 'CMAKE_PREFIX_PATH': '/home/pal/ros_ws/devel:/opt/pal/gallium:/opt/ros/noetic', 'GAZEBO_RESOURCE_PATH': '/home/pal/ros_ws/src/va50:', 'ROS_WORKSPACE': '/home/pal/ros_ws', 'LESSCLOSE': '/usr/bin/lesspipe %s %s', 'PYTHONPATH': '/opt/pal/gallium/lib/python3/dist-packages:/opt/ros/noetic/lib/python3/dist-packages', 'TERM': 'xterm', 'VISP_INPUT_IMAGE_PATH': '/home/pal/visp-ws/visp-images', 'LESSOPEN': '| /usr/bin/lesspipe %s', 'USER': 'pal', 'RTT_COMPONENT_PATH': '/opt/pal/gallium/lib/orocos', 'DISPLAY': ':1', 'SHLVL': '1', 'PAL_DISTRO': 'gallium', 'ROS_MASTER_URI': 'http://localhost:11311/', 'LD_LIBRARY_PATH': '/home/pal/ros_ws/devel/lib:/opt/pal/gallium/lib:/opt/pal/gallium/lib/x86_64-linux-gnu:/opt/ros/noetic/lib:/opt/ros/noetic/lib/x86_64-linux-gnu:/usr/local/lib', 'GAZEBO_MODEL_PATH': '/home/pal/ros_ws/src/va50/models:', 'PATH': '/opt/pal/gallium/bin:/opt/ros/noetic/bin:/opt/pal/gallium/lib/pal_debian_utils/:/usr/local/sbin:/usr/local/bin:/usr/sbin:/usr/bin:/sbin:/bin', 'LUA_PATH': ';;/opt/pal/gallium/share/lua/5.1/?.lua;/opt/pal/gallium/share/lua/5.1/?.lua;/opt/pal/gallium/share/lua/5.1/?.lua', 'DEBIAN_FRONTEND': 'noninteractive', 'ROS_ROOT': '/opt/ros/noetic/share/ros', 'ROS_DISTRO': 'noetic', 'QT_X11_NO_MITSHM': '1', '_': '/opt/ros/noetic/bin/roslaunch', 'OLDPWD': '/home/pal/ros_ws', 'LC_CTYPE': 'C.UTF-8', 'ROS_LOG_FILENAME': '/home/pal/.ros/log/c45e90d0-bd71-11f0-9b28-0028f8234b19/roslaunch-epan-tiago-noetic-ssh-136.log', 'LC_NUMERIC': 'C'}]
[roslaunch][INFO] 2025-11-09 14:41:19,563: process[throttle_filtering_points-21]: args[['/opt/pal/gallium/lib/pal_pcl_points_throttle_and_filter/throttle_filtering_points', 'cloud:=/xtion/depth_registered/points', '__name:=throttle_filtering_points']]
[roslaunch][INFO] 2025-11-09 14:41:19,563: ... created process [throttle_filtering_points-21]
[roslaunch.pmon][INFO] 2025-11-09 14:41:19,563: ProcessMonitor.register[throttle_filtering_points-21]
[roslaunch.pmon][INFO] 2025-11-09 14:41:19,563: ProcessMonitor.register[throttle_filtering_points-21] complete
[roslaunch][INFO] 2025-11-09 14:41:19,563: ... registered process [throttle_filtering_points-21]
[roslaunch][INFO] 2025-11-09 14:41:19,563: process[throttle_filtering_points-21]: starting os process
[roslaunch][INFO] 2025-11-09 14:41:19,575: process[throttle_filtering_points-21]: start w/ args [['/opt/pal/gallium/lib/pal_pcl_points_throttle_and_filter/throttle_filtering_points', 'cloud:=/xtion/depth_registered/points', '__name:=throttle_filtering_points', '__log:=/home/pal/.ros/log/c45e90d0-bd71-11f0-9b28-0028f8234b19/throttle_filtering_points-21.log']]
[roslaunch][INFO] 2025-11-09 14:41:19,575: process[throttle_filtering_points-21]: cwd will be [/home/pal/.ros]
[roslaunch][INFO] 2025-11-09 14:41:19,626: process[throttle_filtering_points-21]: started with pid [258]
[roslaunch][INFO] 2025-11-09 14:41:19,626: ... successfully launched [throttle_filtering_points-21]
[roslaunch][INFO] 2025-11-09 14:41:19,626: ... preparing to launch node of type [tiago_gazebo/tuck_arm.py]
[roslaunch][INFO] 2025-11-09 14:41:19,626: create_node_process: package[tiago_gazebo] type[tuck_arm.py] machine[Machine(name[] env_loader[None] address[localhost] ssh_port[22] user[None] assignable[True] timeout[10.0])] master_uri[http://localhost:11311/]
[roslaunch][INFO] 2025-11-09 14:41:19,627: process[tuck_arm-22]: env[{'ROS_VERSION': '1', 'DISABLE_ROS1_EOL_WARNINGS': '1', 'PKG_CONFIG_PATH': '/opt/pal/gallium/lib/pkgconfig:/opt/pal/gallium/lib/x86_64-linux-gnu/pkgconfig:/opt/ros/noetic/lib/pkgconfig:/opt/ros/noetic/lib/x86_64-linux-gnu/pkgconfig', 'ROS_PYTHON_VERSION': '3', 'HOSTNAME': 'epan-tiago-noetic-ssh', 'VISP_WS': '/home/pal/visp-ws', 'ROS_PACKAGE_PATH': '/home/pal/ros_ws/src:/opt/pal/gallium/share:/opt/ros/noetic/share', 'ROSLISP_PACKAGE_DIRECTORIES': '/home/pal/ros_ws/devel/share/common-lisp', 'PWD': '/home/pal/ros_ws/src', 'XAUTHORITY': '', 'TZ': 'Europe/Paris', 'ROS_IP': '127.0.0.1', 'HOME': '/home/pal', 'ROS_ETC_DIR': '/opt/ros/noetic/etc/ros', 'LS_COLORS': 'rs=0:di=01;34:ln=01;36:mh=00:pi=40;33:so=01;35:do=01;35:bd=40;33;01:cd=40;33;01:or=40;31;01:mi=00:su=37;41:sg=30;43:ca=30;41:tw=30;42:ow=34;42:st=37;44:ex=01;32:*.tar=01;31:*.tgz=01;31:*.arc=01;31:*.arj=01;31:*.taz=01;31:*.lha=01;31:*.lz4=01;31:*.lzh=01;31:*.lzma=01;31:*.tlz=01;31:*.txz=01;31:*.tzo=01;31:*.t7z=01;31:*.zip=01;31:*.z=01;31:*.dz=01;31:*.gz=01;31:*.lrz=01;31:*.lz=01;31:*.lzo=01;31:*.xz=01;31:*.zst=01;31:*.tzst=01;31:*.bz2=01;31:*.bz=01;31:*.tbz=01;31:*.tbz2=01;31:*.tz=01;31:*.deb=01;31:*.rpm=01;31:*.jar=01;31:*.war=01;31:*.ear=01;31:*.sar=01;31:*.rar=01;31:*.alz=01;31:*.ace=01;31:*.zoo=01;31:*.cpio=01;31:*.7z=01;31:*.rz=01;31:*.cab=01;31:*.wim=01;31:*.swm=01;31:*.dwm=01;31:*.esd=01;31:*.jpg=01;35:*.jpeg=01;35:*.mjpg=01;35:*.mjpeg=01;35:*.gif=01;35:*.bmp=01;35:*.pbm=01;35:*.pgm=01;35:*.ppm=01;35:*.tga=01;35:*.xbm=01;35:*.xpm=01;35:*.tif=01;35:*.tiff=01;35:*.png=01;35:*.svg=01;35:*.svgz=01;35:*.mng=01;35:*.pcx=01;35:*.mov=01;35:*.mpg=01;35:*.mpeg=01;35:*.m2v=01;35:*.mkv=01;35:*.webm=01;35:*.ogm=01;35:*.mp4=01;35:*.m4v=01;35:*.mp4v=01;35:*.vob=01;35:*.qt=01;35:*.nuv=01;35:*.wmv=01;35:*.asf=01;35:*.rm=01;35:*.rmvb=01;35:*.flc=01;35:*.avi=01;35:*.fli=01;35:*.flv=01;35:*.gl=01;35:*.dl=01;35:*.xcf=01;35:*.xwd=01;35:*.yuv=01;35:*.cgm=01;35:*.emf=01;35:*.ogv=01;35:*.ogx=01;35:*.aac=00;36:*.au=00;36:*.flac=00;36:*.m4a=00;36:*.mid=00;36:*.midi=00;36:*.mka=00;36:*.mp3=00;36:*.mpc=00;36:*.ogg=00;36:*.ra=00;36:*.wav=00;36:*.oga=00;36:*.opus=00;36:*.spx=00;36:*.xspf=00;36:', 'OROCOS_TARGET': 'gnulinux', 'CMAKE_PREFIX_PATH': '/home/pal/ros_ws/devel:/opt/pal/gallium:/opt/ros/noetic', 'GAZEBO_RESOURCE_PATH': '/home/pal/ros_ws/src/va50:', 'ROS_WORKSPACE': '/home/pal/ros_ws', 'LESSCLOSE': '/usr/bin/lesspipe %s %s', 'PYTHONPATH': '/opt/pal/gallium/lib/python3/dist-packages:/opt/ros/noetic/lib/python3/dist-packages', 'TERM': 'xterm', 'VISP_INPUT_IMAGE_PATH': '/home/pal/visp-ws/visp-images', 'LESSOPEN': '| /usr/bin/lesspipe %s', 'USER': 'pal', 'RTT_COMPONENT_PATH': '/opt/pal/gallium/lib/orocos', 'DISPLAY': ':1', 'SHLVL': '1', 'PAL_DISTRO': 'gallium', 'ROS_MASTER_URI': 'http://localhost:11311/', 'LD_LIBRARY_PATH': '/home/pal/ros_ws/devel/lib:/opt/pal/gallium/lib:/opt/pal/gallium/lib/x86_64-linux-gnu:/opt/ros/noetic/lib:/opt/ros/noetic/lib/x86_64-linux-gnu:/usr/local/lib', 'GAZEBO_MODEL_PATH': '/home/pal/ros_ws/src/va50/models:', 'PATH': '/opt/pal/gallium/bin:/opt/ros/noetic/bin:/opt/pal/gallium/lib/pal_debian_utils/:/usr/local/sbin:/usr/local/bin:/usr/sbin:/usr/bin:/sbin:/bin', 'LUA_PATH': ';;/opt/pal/gallium/share/lua/5.1/?.lua;/opt/pal/gallium/share/lua/5.1/?.lua;/opt/pal/gallium/share/lua/5.1/?.lua', 'DEBIAN_FRONTEND': 'noninteractive', 'ROS_ROOT': '/opt/ros/noetic/share/ros', 'ROS_DISTRO': 'noetic', 'QT_X11_NO_MITSHM': '1', '_': '/opt/ros/noetic/bin/roslaunch', 'OLDPWD': '/home/pal/ros_ws', 'LC_CTYPE': 'C.UTF-8', 'ROS_LOG_FILENAME': '/home/pal/.ros/log/c45e90d0-bd71-11f0-9b28-0028f8234b19/roslaunch-epan-tiago-noetic-ssh-136.log', 'LC_NUMERIC': 'C'}]
[roslaunch][INFO] 2025-11-09 14:41:19,646: process[tuck_arm-22]: args[['/opt/pal/gallium/lib/tiago_gazebo/tuck_arm.py', '__name:=tuck_arm']]
[roslaunch][INFO] 2025-11-09 14:41:19,646: ... created process [tuck_arm-22]
[roslaunch.pmon][INFO] 2025-11-09 14:41:19,646: ProcessMonitor.register[tuck_arm-22]
[roslaunch.pmon][INFO] 2025-11-09 14:41:19,647: ProcessMonitor.register[tuck_arm-22] complete
[roslaunch][INFO] 2025-11-09 14:41:19,647: ... registered process [tuck_arm-22]
[roslaunch][INFO] 2025-11-09 14:41:19,647: process[tuck_arm-22]: starting os process
[roslaunch][INFO] 2025-11-09 14:41:19,647: process[tuck_arm-22]: start w/ args [['/opt/pal/gallium/lib/tiago_gazebo/tuck_arm.py', '__name:=tuck_arm', '__log:=/home/pal/.ros/log/c45e90d0-bd71-11f0-9b28-0028f8234b19/tuck_arm-22.log']]
[roslaunch][INFO] 2025-11-09 14:41:19,647: process[tuck_arm-22]: cwd will be [/home/pal/.ros]
[roslaunch][INFO] 2025-11-09 14:41:19,673: process[tuck_arm-22]: started with pid [262]
[roslaunch][INFO] 2025-11-09 14:41:19,674: ... successfully launched [tuck_arm-22]
[roslaunch][INFO] 2025-11-09 14:41:19,674: ... preparing to launch node of type [image_proc/image_proc]
[roslaunch][INFO] 2025-11-09 14:41:19,675: create_node_process: package[image_proc] type[image_proc] machine[Machine(name[] env_loader[None] address[localhost] ssh_port[22] user[None] assignable[True] timeout[10.0])] master_uri[http://localhost:11311/]
[roslaunch][INFO] 2025-11-09 14:41:19,675: process[xtion/rgb/image_proc-23]: env[{'ROS_VERSION': '1', 'DISABLE_ROS1_EOL_WARNINGS': '1', 'PKG_CONFIG_PATH': '/opt/pal/gallium/lib/pkgconfig:/opt/pal/gallium/lib/x86_64-linux-gnu/pkgconfig:/opt/ros/noetic/lib/pkgconfig:/opt/ros/noetic/lib/x86_64-linux-gnu/pkgconfig', 'ROS_PYTHON_VERSION': '3', 'HOSTNAME': 'epan-tiago-noetic-ssh', 'VISP_WS': '/home/pal/visp-ws', 'ROS_PACKAGE_PATH': '/home/pal/ros_ws/src:/opt/pal/gallium/share:/opt/ros/noetic/share', 'ROSLISP_PACKAGE_DIRECTORIES': '/home/pal/ros_ws/devel/share/common-lisp', 'PWD': '/home/pal/ros_ws/src', 'XAUTHORITY': '', 'TZ': 'Europe/Paris', 'ROS_IP': '127.0.0.1', 'HOME': '/home/pal', 'ROS_ETC_DIR': '/opt/ros/noetic/etc/ros', 'LS_COLORS': 'rs=0:di=01;34:ln=01;36:mh=00:pi=40;33:so=01;35:do=01;35:bd=40;33;01:cd=40;33;01:or=40;31;01:mi=00:su=37;41:sg=30;43:ca=30;41:tw=30;42:ow=34;42:st=37;44:ex=01;32:*.tar=01;31:*.tgz=01;31:*.arc=01;31:*.arj=01;31:*.taz=01;31:*.lha=01;31:*.lz4=01;31:*.lzh=01;31:*.lzma=01;31:*.tlz=01;31:*.txz=01;31:*.tzo=01;31:*.t7z=01;31:*.zip=01;31:*.z=01;31:*.dz=01;31:*.gz=01;31:*.lrz=01;31:*.lz=01;31:*.lzo=01;31:*.xz=01;31:*.zst=01;31:*.tzst=01;31:*.bz2=01;31:*.bz=01;31:*.tbz=01;31:*.tbz2=01;31:*.tz=01;31:*.deb=01;31:*.rpm=01;31:*.jar=01;31:*.war=01;31:*.ear=01;31:*.sar=01;31:*.rar=01;31:*.alz=01;31:*.ace=01;31:*.zoo=01;31:*.cpio=01;31:*.7z=01;31:*.rz=01;31:*.cab=01;31:*.wim=01;31:*.swm=01;31:*.dwm=01;31:*.esd=01;31:*.jpg=01;35:*.jpeg=01;35:*.mjpg=01;35:*.mjpeg=01;35:*.gif=01;35:*.bmp=01;35:*.pbm=01;35:*.pgm=01;35:*.ppm=01;35:*.tga=01;35:*.xbm=01;35:*.xpm=01;35:*.tif=01;35:*.tiff=01;35:*.png=01;35:*.svg=01;35:*.svgz=01;35:*.mng=01;35:*.pcx=01;35:*.mov=01;35:*.mpg=01;35:*.mpeg=01;35:*.m2v=01;35:*.mkv=01;35:*.webm=01;35:*.ogm=01;35:*.mp4=01;35:*.m4v=01;35:*.mp4v=01;35:*.vob=01;35:*.qt=01;35:*.nuv=01;35:*.wmv=01;35:*.asf=01;35:*.rm=01;35:*.rmvb=01;35:*.flc=01;35:*.avi=01;35:*.fli=01;35:*.flv=01;35:*.gl=01;35:*.dl=01;35:*.xcf=01;35:*.xwd=01;35:*.yuv=01;35:*.cgm=01;35:*.emf=01;35:*.ogv=01;35:*.ogx=01;35:*.aac=00;36:*.au=00;36:*.flac=00;36:*.m4a=00;36:*.mid=00;36:*.midi=00;36:*.mka=00;36:*.mp3=00;36:*.mpc=00;36:*.ogg=00;36:*.ra=00;36:*.wav=00;36:*.oga=00;36:*.opus=00;36:*.spx=00;36:*.xspf=00;36:', 'OROCOS_TARGET': 'gnulinux', 'CMAKE_PREFIX_PATH': '/home/pal/ros_ws/devel:/opt/pal/gallium:/opt/ros/noetic', 'GAZEBO_RESOURCE_PATH': '/home/pal/ros_ws/src/va50:', 'ROS_WORKSPACE': '/home/pal/ros_ws', 'LESSCLOSE': '/usr/bin/lesspipe %s %s', 'PYTHONPATH': '/opt/pal/gallium/lib/python3/dist-packages:/opt/ros/noetic/lib/python3/dist-packages', 'TERM': 'xterm', 'VISP_INPUT_IMAGE_PATH': '/home/pal/visp-ws/visp-images', 'LESSOPEN': '| /usr/bin/lesspipe %s', 'USER': 'pal', 'RTT_COMPONENT_PATH': '/opt/pal/gallium/lib/orocos', 'DISPLAY': ':1', 'SHLVL': '1', 'PAL_DISTRO': 'gallium', 'ROS_MASTER_URI': 'http://localhost:11311/', 'LD_LIBRARY_PATH': '/home/pal/ros_ws/devel/lib:/opt/pal/gallium/lib:/opt/pal/gallium/lib/x86_64-linux-gnu:/opt/ros/noetic/lib:/opt/ros/noetic/lib/x86_64-linux-gnu:/usr/local/lib', 'GAZEBO_MODEL_PATH': '/home/pal/ros_ws/src/va50/models:', 'PATH': '/opt/pal/gallium/bin:/opt/ros/noetic/bin:/opt/pal/gallium/lib/pal_debian_utils/:/usr/local/sbin:/usr/local/bin:/usr/sbin:/usr/bin:/sbin:/bin', 'LUA_PATH': ';;/opt/pal/gallium/share/lua/5.1/?.lua;/opt/pal/gallium/share/lua/5.1/?.lua;/opt/pal/gallium/share/lua/5.1/?.lua', 'DEBIAN_FRONTEND': 'noninteractive', 'ROS_ROOT': '/opt/ros/noetic/share/ros', 'ROS_DISTRO': 'noetic', 'QT_X11_NO_MITSHM': '1', '_': '/opt/ros/noetic/bin/roslaunch', 'OLDPWD': '/home/pal/ros_ws', 'LC_CTYPE': 'C.UTF-8', 'ROS_LOG_FILENAME': '/home/pal/.ros/log/c45e90d0-bd71-11f0-9b28-0028f8234b19/roslaunch-epan-tiago-noetic-ssh-136.log', 'ROS_NAMESPACE': '/xtion/rgb', 'LC_NUMERIC': 'C'}]
[roslaunch][INFO] 2025-11-09 14:41:19,676: process[xtion/rgb/image_proc-23]: args[['/opt/ros/noetic/lib/image_proc/image_proc', '__name:=image_proc']]
[roslaunch][INFO] 2025-11-09 14:41:19,677: ... created process [xtion/rgb/image_proc-23]
[roslaunch.pmon][INFO] 2025-11-09 14:41:19,677: ProcessMonitor.register[xtion/rgb/image_proc-23]
[roslaunch.pmon][INFO] 2025-11-09 14:41:19,677: ProcessMonitor.register[xtion/rgb/image_proc-23] complete
[roslaunch][INFO] 2025-11-09 14:41:19,677: ... registered process [xtion/rgb/image_proc-23]
[roslaunch][INFO] 2025-11-09 14:41:19,677: process[xtion/rgb/image_proc-23]: starting os process
[roslaunch][INFO] 2025-11-09 14:41:19,686: process[xtion/rgb/image_proc-23]: start w/ args [['/opt/ros/noetic/lib/image_proc/image_proc', '__name:=image_proc', '__log:=/home/pal/.ros/log/c45e90d0-bd71-11f0-9b28-0028f8234b19/xtion-rgb-image_proc-23.log']]
[roslaunch][INFO] 2025-11-09 14:41:19,686: process[xtion/rgb/image_proc-23]: cwd will be [/home/pal/.ros]
[roslaunch][INFO] 2025-11-09 14:41:19,710: process[xtion/rgb/image_proc-23]: started with pid [264]
[roslaunch][INFO] 2025-11-09 14:41:19,714: ... successfully launched [xtion/rgb/image_proc-23]
[roslaunch][INFO] 2025-11-09 14:41:19,715: ... launch_nodes complete
[roslaunch.pmon][INFO] 2025-11-09 14:41:19,716: registrations completed <ProcessMonitor(ProcessMonitor-1, started daemon 126586962753280)>
[roslaunch.parent][INFO] 2025-11-09 14:41:19,718: ... roslaunch parent running, waiting for process exit
[roslaunch][INFO] 2025-11-09 14:41:19,718: spin
[roslaunch][INFO] 2025-11-09 14:41:22,837: [spawn_model-4] process has finished cleanly
log file: /home/pal/.ros/log/c45e90d0-bd71-11f0-9b28-0028f8234b19/spawn_model-4*.log
[roslaunch.pmon][INFO] 2025-11-09 14:41:22,837: ProcessMonitor.unregister[spawn_model-4] starting
[roslaunch.pmon][INFO] 2025-11-09 14:41:22,838: ProcessMonitor.unregister[spawn_model-4] complete
[roslaunch][INFO] 2025-11-09 14:41:29,538: [home_gripper-10] process has finished cleanly
log file: /home/pal/.ros/log/c45e90d0-bd71-11f0-9b28-0028f8234b19/home_gripper-10*.log
[roslaunch.pmon][INFO] 2025-11-09 14:41:29,542: ProcessMonitor.unregister[home_gripper-10] starting
[roslaunch.pmon][INFO] 2025-11-09 14:41:29,543: ProcessMonitor.unregister[home_gripper-10] complete
[roslaunch][INFO] 2025-11-09 14:41:46,249: [tuck_arm-22] process has finished cleanly
log file: /home/pal/.ros/log/c45e90d0-bd71-11f0-9b28-0028f8234b19/tuck_arm-22*.log
[roslaunch.pmon][INFO] 2025-11-09 14:41:46,249: ProcessMonitor.unregister[tuck_arm-22] starting
[roslaunch.pmon][INFO] 2025-11-09 14:41:46,250: ProcessMonitor.unregister[tuck_arm-22] complete
[roslaunch.pmon][INFO] 2025-11-09 15:46:52,392: ProcessMonitor.shutdown <ProcessMonitor(ProcessMonitor-1, started daemon 126586962753280)>
[roslaunch.pmon][INFO] 2025-11-09 15:46:52,436: ProcessMonitor._post_run <ProcessMonitor(ProcessMonitor-1, started daemon 126586962753280)>
[roslaunch.pmon][INFO] 2025-11-09 15:46:52,439: ProcessMonitor._post_run <ProcessMonitor(ProcessMonitor-1, started daemon 126586962753280)>: remaining procs are [<roslaunch.nodeprocess.LocalProcess object at 0x732152ff1790>, <roslaunch.nodeprocess.LocalProcess object at 0x732152ff1610>, <roslaunch.nodeprocess.LocalProcess object at 0x732152ff1a90>, <roslaunch.nodeprocess.LocalProcess object at 0x732152ff19a0>, <roslaunch.nodeprocess.LocalProcess object at 0x732152ff1910>, <roslaunch.nodeprocess.LocalProcess object at 0x732152ff19d0>, <roslaunch.nodeprocess.LocalProcess object at 0x732152ff1dc0>, <roslaunch.nodeprocess.LocalProcess object at 0x732152ff1df0>, <roslaunch.nodeprocess.LocalProcess object at 0x732152ff1f70>, <roslaunch.nodeprocess.LocalProcess object at 0x732152ff1880>, <roslaunch.nodeprocess.LocalProcess object at 0x732152ff1520>, <roslaunch.nodeprocess.LocalProcess object at 0x732152f6d1c0>, <roslaunch.nodeprocess.LocalProcess object at 0x732152f6d100>, <roslaunch.nodeprocess.LocalProcess object at 0x732152f6d370>, <roslaunch.nodeprocess.LocalProcess object at 0x732152f6d340>, <roslaunch.nodeprocess.LocalProcess object at 0x732152f6d190>, <roslaunch.nodeprocess.LocalProcess object at 0x732152f6d5b0>, <roslaunch.nodeprocess.LocalProcess object at 0x732152f6d250>, <roslaunch.nodeprocess.LocalProcess object at 0x732152f6d670>, <roslaunch.nodeprocess.LocalProcess object at 0x732152f6d550>, <roslaunch.nodeprocess.LocalProcess object at 0x732152f6d760>]
[roslaunch.pmon][INFO] 2025-11-09 15:46:52,444: ProcessMonitor exit: killing xtion/rgb/image_proc-23
[roslaunch][INFO] 2025-11-09 15:46:52,446: [xtion/rgb/image_proc-23] killing on exit
[roslaunch][INFO] 2025-11-09 15:46:52,447: process[xtion/rgb/image_proc-23]: killing os process with pid[264] pgid[264]
[roslaunch.pmon][INFO] 2025-11-09 15:46:52,449: ProcessMonitor exit: killing throttle_filtering_points-21
[roslaunch][INFO] 2025-11-09 15:46:52,452: [xtion/rgb/image_proc-23] sending SIGINT to pgid [264]
[roslaunch.pmon][INFO] 2025-11-09 15:46:52,453: ProcessMonitor exit: killing image_raw_to_rect_color_relay-20
[roslaunch][INFO] 2025-11-09 15:46:52,457: [image_raw_to_rect_color_relay-20] killing on exit
[roslaunch][INFO] 2025-11-09 15:46:52,455: [throttle_filtering_points-21] killing on exit
[roslaunch.pmon][INFO] 2025-11-09 15:46:52,456: ProcessMonitor exit: killing joystick_relay-18
[roslaunch][INFO] 2025-11-09 15:46:52,456: [xtion/rgb/image_proc-23] sent SIGINT to pgid [264]
[roslaunch.pmon][INFO] 2025-11-09 15:46:52,456: ProcessMonitor exit: killing twist_marker-17
[roslaunch.pmon][INFO] 2025-11-09 15:46:52,457: ProcessMonitor exit: killing twist_mux-16
[roslaunch.pmon][INFO] 2025-11-09 15:46:52,454: ProcessMonitor exit: killing dynamic_footprint_publisher-19
[roslaunch.pmon][INFO] 2025-11-09 15:46:52,458: ProcessMonitor exit: killing tf_lookup-15
[roslaunch][INFO] 2025-11-09 15:46:52,458: process[image_raw_to_rect_color_relay-20]: killing os process with pid[246] pgid[246]
[roslaunch.pmon][INFO] 2025-11-09 15:46:52,458: ProcessMonitor exit: killing robot_state_publisher-14
[roslaunch.pmon][INFO] 2025-11-09 15:46:52,459: ProcessMonitor exit: killing move_group-13
[roslaunch][INFO] 2025-11-09 15:46:52,459: process[throttle_filtering_points-21]: killing os process with pid[258] pgid[258]
[roslaunch][INFO] 2025-11-09 15:46:52,459: [joystick_relay-18] killing on exit
[roslaunch][INFO] 2025-11-09 15:46:52,459: [twist_marker-17] killing on exit
[roslaunch][INFO] 2025-11-09 15:46:52,459: [twist_mux-16] killing on exit
[roslaunch][INFO] 2025-11-09 15:46:52,459: [dynamic_footprint_publisher-19] killing on exit
[roslaunch][INFO] 2025-11-09 15:46:52,460: process[dynamic_footprint_publisher-19]: killing os process with pid[242] pgid[242]
[roslaunch][INFO] 2025-11-09 15:46:52,459: [image_raw_to_rect_color_relay-20] sending SIGINT to pgid [246]
[roslaunch][INFO] 2025-11-09 15:46:52,460: [robot_state_publisher-14] killing on exit
[roslaunch][INFO] 2025-11-09 15:46:52,460: [move_group-13] killing on exit
[roslaunch][INFO] 2025-11-09 15:46:52,460: [throttle_filtering_points-21] sending SIGINT to pgid [258]
[roslaunch][INFO] 2025-11-09 15:46:52,460: process[joystick_relay-18]: killing os process with pid[233] pgid[233]
[roslaunch][INFO] 2025-11-09 15:46:52,460: process[twist_marker-17]: killing os process with pid[230] pgid[230]
[roslaunch][INFO] 2025-11-09 15:46:52,460: process[twist_mux-16]: killing os process with pid[221] pgid[221]
[roslaunch][INFO] 2025-11-09 15:46:52,459: [tf_lookup-15] killing on exit
[roslaunch][INFO] 2025-11-09 15:46:52,461: [dynamic_footprint_publisher-19] sending SIGINT to pgid [242]
[roslaunch][INFO] 2025-11-09 15:46:52,461: [image_raw_to_rect_color_relay-20] sent SIGINT to pgid [246]
[roslaunch][INFO] 2025-11-09 15:46:52,461: process[robot_state_publisher-14]: killing os process with pid[208] pgid[208]
[roslaunch][INFO] 2025-11-09 15:46:52,462: [robot_state_publisher-14] sending SIGINT to pgid [208]
[roslaunch][INFO] 2025-11-09 15:46:52,461: process[move_group-13]: killing os process with pid[202] pgid[202]
[roslaunch][INFO] 2025-11-09 15:46:52,461: [throttle_filtering_points-21] sent SIGINT to pgid [258]
[roslaunch][INFO] 2025-11-09 15:46:52,462: [twist_marker-17] sending SIGINT to pgid [230]
[roslaunch][INFO] 2025-11-09 15:46:52,462: [twist_mux-16] sending SIGINT to pgid [221]
[roslaunch][INFO] 2025-11-09 15:46:52,463: [twist_mux-16] sent SIGINT to pgid [221]
[roslaunch][INFO] 2025-11-09 15:46:52,462: [dynamic_footprint_publisher-19] sent SIGINT to pgid [242]
[roslaunch][INFO] 2025-11-09 15:46:52,462: [robot_state_publisher-14] sent SIGINT to pgid [208]
[roslaunch][INFO] 2025-11-09 15:46:52,462: [move_group-13] sending SIGINT to pgid [202]
[roslaunch][INFO] 2025-11-09 15:46:52,464: [move_group-13] sent SIGINT to pgid [202]
[roslaunch][INFO] 2025-11-09 15:46:52,461: [joystick_relay-18] sending SIGINT to pgid [233]
[roslaunch][INFO] 2025-11-09 15:46:52,462: process[tf_lookup-15]: killing os process with pid[215] pgid[215]
[roslaunch][INFO] 2025-11-09 15:46:52,464: [tf_lookup-15] sending SIGINT to pgid [215]
[roslaunch][INFO] 2025-11-09 15:46:52,464: [joystick_relay-18] sent SIGINT to pgid [233]
[roslaunch][INFO] 2025-11-09 15:46:52,463: [twist_marker-17] sent SIGINT to pgid [230]
[roslaunch][INFO] 2025-11-09 15:46:52,464: [tf_lookup-15] sent SIGINT to pgid [215]
[roslaunch][INFO] 2025-11-09 15:46:52,665: process[twist_marker-17]: SIGINT killed with return value 0
[roslaunch.pmon][INFO] 2025-11-09 15:46:52,665: ProcessMonitor exit: killing is_already_there-12
[roslaunch][INFO] 2025-11-09 15:46:52,665: [is_already_there-12] killing on exit
[roslaunch][INFO] 2025-11-09 15:46:52,666: process[is_already_there-12]: killing os process with pid[200] pgid[200]
[roslaunch][INFO] 2025-11-09 15:46:52,666: [is_already_there-12] sending SIGINT to pgid [200]
[roslaunch][INFO] 2025-11-09 15:46:52,667: [is_already_there-12] sent SIGINT to pgid [200]
[roslaunch][INFO] 2025-11-09 15:46:52,763: process[image_raw_to_rect_color_relay-20]: SIGINT killed with return value 0
[roslaunch.pmon][INFO] 2025-11-09 15:46:52,763: ProcessMonitor exit: killing play_motion-11
[roslaunch][INFO] 2025-11-09 15:46:52,764: process[throttle_filtering_points-21]: SIGINT killed with return value 0
[roslaunch][INFO] 2025-11-09 15:46:52,764: [play_motion-11] killing on exit
[roslaunch.pmon][INFO] 2025-11-09 15:46:52,764: ProcessMonitor exit: killing gripper_controllers_spawner-9
[roslaunch][INFO] 2025-11-09 15:46:52,764: process[twist_mux-16]: SIGINT killed with return value 0
[roslaunch.pmon][INFO] 2025-11-09 15:46:52,764: ProcessMonitor exit: killing bringup_controllers_spawner_ft-8
[roslaunch][INFO] 2025-11-09 15:46:52,764: [gripper_controllers_spawner-9] killing on exit
[roslaunch][INFO] 2025-11-09 15:46:52,764: process[robot_state_publisher-14]: SIGINT killed with return value 0
[roslaunch][INFO] 2025-11-09 15:46:52,764: process[play_motion-11]: killing os process with pid[197] pgid[197]
[roslaunch][INFO] 2025-11-09 15:46:52,764: [bringup_controllers_spawner_ft-8] killing on exit
[roslaunch][INFO] 2025-11-09 15:46:52,765: process[gripper_controllers_spawner-9]: killing os process with pid[193] pgid[193]
[roslaunch][INFO] 2025-11-09 15:46:52,765: [gripper_controllers_spawner-9] sending SIGINT to pgid [193]
[roslaunch][INFO] 2025-11-09 15:46:52,765: [play_motion-11] sending SIGINT to pgid [197]
[roslaunch][INFO] 2025-11-09 15:46:52,765: process[tf_lookup-15]: SIGINT killed with return value 0
[roslaunch][INFO] 2025-11-09 15:46:52,765: [gripper_controllers_spawner-9] sent SIGINT to pgid [193]
[roslaunch.pmon][INFO] 2025-11-09 15:46:52,765: ProcessMonitor exit: killing bringup_controllers_spawner_imu-7
[roslaunch][INFO] 2025-11-09 15:46:52,765: process[bringup_controllers_spawner_ft-8]: killing os process with pid[187] pgid[187]
[roslaunch][INFO] 2025-11-09 15:46:52,766: [bringup_controllers_spawner_ft-8] sending SIGINT to pgid [187]
[roslaunch][INFO] 2025-11-09 15:46:52,766: [bringup_controllers_spawner_ft-8] sent SIGINT to pgid [187]
[roslaunch][INFO] 2025-11-09 15:46:52,766: [play_motion-11] sent SIGINT to pgid [197]
[roslaunch.pmon][INFO] 2025-11-09 15:46:52,766: ProcessMonitor exit: killing head_controller/point_head_action-6
[roslaunch][INFO] 2025-11-09 15:46:52,766: [head_controller/point_head_action-6] killing on exit
[roslaunch][INFO] 2025-11-09 15:46:52,766: process[head_controller/point_head_action-6]: killing os process with pid[185] pgid[185]
[roslaunch][INFO] 2025-11-09 15:46:52,766: [head_controller/point_head_action-6] sending SIGINT to pgid [185]
[roslaunch][INFO] 2025-11-09 15:46:52,767: [head_controller/point_head_action-6] sent SIGINT to pgid [185]
[roslaunch][INFO] 2025-11-09 15:46:52,766: [bringup_controllers_spawner_imu-7] killing on exit
[roslaunch][INFO] 2025-11-09 15:46:52,767: process[bringup_controllers_spawner_imu-7]: killing os process with pid[186] pgid[186]
[roslaunch][INFO] 2025-11-09 15:46:52,767: [bringup_controllers_spawner_imu-7] sending SIGINT to pgid [186]
[roslaunch][INFO] 2025-11-09 15:46:52,767: [bringup_controllers_spawner_imu-7] sent SIGINT to pgid [186]
[roslaunch][INFO] 2025-11-09 15:46:52,961: process[xtion/rgb/image_proc-23]: SIGINT killed with return value 0
[roslaunch.pmon][INFO] 2025-11-09 15:46:52,961: ProcessMonitor exit: killing default_controllers_spawner-5
[roslaunch][INFO] 2025-11-09 15:46:52,961: [default_controllers_spawner-5] killing on exit
[roslaunch][INFO] 2025-11-09 15:46:52,961: process[default_controllers_spawner-5]: killing os process with pid[184] pgid[184]
[roslaunch][INFO] 2025-11-09 15:46:52,961: [default_controllers_spawner-5] sending SIGINT to pgid [184]
[roslaunch][INFO] 2025-11-09 15:46:52,962: [default_controllers_spawner-5] sent SIGINT to pgid [184]
[roslaunch][INFO] 2025-11-09 15:46:52,967: process[head_controller/point_head_action-6]: SIGINT killed with return value 0
[roslaunch.pmon][INFO] 2025-11-09 15:46:52,967: ProcessMonitor exit: killing gazebo_gui-3
[roslaunch][INFO] 2025-11-09 15:46:52,967: [gazebo_gui-3] killing on exit
[roslaunch.pmon][INFO] 2025-11-09 15:46:52,967: ProcessMonitor exit: killing gazebo-2
[roslaunch][INFO] 2025-11-09 15:46:52,967: [gazebo-2] killing on exit
[roslaunch][INFO] 2025-11-09 15:46:52,968: process[gazebo-2]: killing os process with pid[173] pgid[173]
[roslaunch][INFO] 2025-11-09 15:46:52,968: [gazebo-2] sending SIGINT to pgid [173]
[roslaunch][INFO] 2025-11-09 15:46:52,968: [gazebo-2] sent SIGINT to pgid [173]
[roslaunch][INFO] 2025-11-09 15:46:53,065: process[move_group-13]: SIGINT killed with return value 0
[roslaunch][INFO] 2025-11-09 15:46:53,067: process[play_motion-11]: SIGINT killed with return value 0
[roslaunch][INFO] 2025-11-09 15:46:53,268: process[joystick_relay-18]: SIGINT killed with return value 0
[roslaunch][INFO] 2025-11-09 15:46:53,368: process[is_already_there-12]: SIGINT killed with return value 0
[roslaunch][INFO] 2025-11-09 15:46:53,469: process[gazebo-2]: SIGINT killed with return value -2
[roslaunch][INFO] 2025-11-09 15:46:53,665: process[dynamic_footprint_publisher-19]: SIGINT killed with return value 1
[roslaunch][ERROR] 2025-11-09 15:47:07,802: [bringup_controllers_spawner_ft-8] escalating to SIGTERM
[roslaunch][ERROR] 2025-11-09 15:47:07,802: [bringup_controllers_spawner_imu-7] escalating to SIGTERM
[roslaunch][INFO] 2025-11-09 15:47:07,802: [bringup_controllers_spawner_ft-8] sent SIGTERM to pgid [187]
[roslaunch][INFO] 2025-11-09 15:47:07,803: [bringup_controllers_spawner_imu-7] sent SIGTERM to pgid [186]
[roslaunch][ERROR] 2025-11-09 15:47:07,812: [gripper_controllers_spawner-9] escalating to SIGTERM
[roslaunch][INFO] 2025-11-09 15:47:07,813: [gripper_controllers_spawner-9] sent SIGTERM to pgid [193]
[roslaunch][ERROR] 2025-11-09 15:47:07,991: [default_controllers_spawner-5] escalating to SIGTERM
[roslaunch][INFO] 2025-11-09 15:47:07,992: [default_controllers_spawner-5] sent SIGTERM to pgid [184]
[roslaunch][ERROR] 2025-11-09 15:47:09,806: [bringup_controllers_spawner_imu-7] escalating to SIGKILL
[roslaunch][ERROR] 2025-11-09 15:47:09,806: [bringup_controllers_spawner_ft-8] escalating to SIGKILL
[roslaunch][INFO] 2025-11-09 15:47:09,807: [bringup_controllers_spawner_imu-7] sent SIGKILL to pgid [186]
[roslaunch][INFO] 2025-11-09 15:47:09,808: [bringup_controllers_spawner_ft-8] sent SIGKILL to pgid [187]
[roslaunch][INFO] 2025-11-09 15:47:09,808: process[bringup_controllers_spawner_imu-7]: sent SIGKILL
[roslaunch][INFO] 2025-11-09 15:47:09,808: process[bringup_controllers_spawner_ft-8]: sent SIGKILL
[roslaunch][ERROR] 2025-11-09 15:47:09,818: [gripper_controllers_spawner-9] escalating to SIGKILL
[roslaunch][INFO] 2025-11-09 15:47:09,818: [gripper_controllers_spawner-9] sent SIGKILL to pgid [193]
[roslaunch][INFO] 2025-11-09 15:47:09,819: process[gripper_controllers_spawner-9]: sent SIGKILL
[roslaunch][ERROR] 2025-11-09 15:47:09,995: [default_controllers_spawner-5] escalating to SIGKILL
[roslaunch][INFO] 2025-11-09 15:47:09,996: [default_controllers_spawner-5] sent SIGKILL to pgid [184]
[roslaunch][INFO] 2025-11-09 15:47:09,996: process[default_controllers_spawner-5]: sent SIGKILL
[roslaunch.pmon][INFO] 2025-11-09 15:47:09,997: ProcessMonitor exit: killing rosout-1
[roslaunch][INFO] 2025-11-09 15:47:09,997: [rosout-1] killing on exit
[roslaunch][INFO] 2025-11-09 15:47:09,997: process[rosout-1]: killing os process with pid[166] pgid[166]
[roslaunch][INFO] 2025-11-09 15:47:09,997: [rosout-1] sending SIGINT to pgid [166]
[roslaunch][INFO] 2025-11-09 15:47:09,998: [rosout-1] sent SIGINT to pgid [166]
[roslaunch][INFO] 2025-11-09 15:47:10,299: process[rosout-1]: SIGINT killed with return value 0
[roslaunch.pmon][INFO] 2025-11-09 15:47:10,300: ProcessMonitor exit: killing master
[roslaunch][INFO] 2025-11-09 15:47:10,300: [master] killing on exit
[roslaunch][INFO] 2025-11-09 15:47:10,300: process[master]: killing os process with pid[156] pgid[156]
[roslaunch][INFO] 2025-11-09 15:47:10,300: [master] sending SIGINT to pgid [156]
[roslaunch][INFO] 2025-11-09 15:47:10,300: [master] sent SIGINT to pgid [156]
[roslaunch][INFO] 2025-11-09 15:47:10,602: process[master]: SIGINT killed with return value 0
[roslaunch.pmon][INFO] 2025-11-09 15:47:10,602: ProcessMonitor exit: cleaning up data structures and signals
[roslaunch.pmon][INFO] 2025-11-09 15:47:10,608: ProcessMonitor exit: pmon has shutdown
[roslaunch][ERROR] 2025-11-09 15:47:10,608: Shutdown errors:
 * process[default_controllers_spawner-5, pid 184]: required SIGKILL. May still be running.
 * process[gripper_controllers_spawner-9, pid 193]: required SIGKILL. May still be running.
 * process[bringup_controllers_spawner_ft-8, pid 187]: required SIGKILL. May still be running.
 * process[bringup_controllers_spawner_imu-7, pid 186]: required SIGKILL. May still be running.
[roslaunch][INFO] 2025-11-09 15:47:10,609: process monitor is done spinning, initiating full shutdown
[roslaunch][INFO] 2025-11-09 15:47:10,609: runner.stop()
[roslaunch][INFO] 2025-11-09 15:47:10,610: shutting down processing monitor...
[roslaunch][INFO] 2025-11-09 15:47:10,610: shutting down processing monitor <ProcessMonitor(ProcessMonitor-1, stopped daemon 126586962753280)>
[roslaunch.pmon][INFO] 2025-11-09 15:47:10,610: ProcessMonitor.shutdown <ProcessMonitor(ProcessMonitor-1, stopped daemon 126586962753280)>
[roslaunch][INFO] 2025-11-09 15:47:10,610: ... shutting down processing monitor complete
[roslaunch][INFO] 2025-11-09 15:47:10,610: done
[roslaunch.pmon][INFO] 2025-11-09 15:47:10,613: ProcessMonitor.shutdown <ProcessMonitor(ProcessMonitor-1, stopped daemon 126586962753280)>
[rospy.core][INFO] 2025-11-09 15:47:10,615: signal_shutdown [atexit]
