[rosmaster.main][INFO] 2025-12-18 11:39:25,615: initialization complete, waiting for shutdown
[rosmaster.main][INFO] 2025-12-18 11:39:25,615: Starting ROS Master Node
[xmlrpc][INFO] 2025-12-18 11:39:25,616: XML-RPC server binding to 127.0.0.1:11311
[xmlrpc][INFO] 2025-12-18 11:39:25,616: Started XML-RPC server [http://127.0.0.1:11311/]
[rosmaster.master][INFO] 2025-12-18 11:39:25,617: Master initialized: port[11311], uri[http://127.0.0.1:11311/]
[xmlrpc][INFO] 2025-12-18 11:39:25,617: xml rpc node: starting XML-RPC server
[rosmaster.master][INFO] 2025-12-18 11:39:25,723: +PARAM [/run_id] by /roslaunch
[rosmaster.master][INFO] 2025-12-18 11:39:25,725: +PARAM [/roslaunch/uris/host_127_0_0_1__43193] by /roslaunch
[rosmaster.master][INFO] 2025-12-18 11:39:25,856: +SERVICE [/rosout/get_loggers] /rosout http://127.0.0.1:38997/
[rosmaster.master][INFO] 2025-12-18 11:39:25,856: +SERVICE [/rosout/set_logger_level] /rosout http://127.0.0.1:38997/
[rosmaster.master][INFO] 2025-12-18 11:39:25,857: +PUB [/rosout_agg] /rosout http://127.0.0.1:38997/
[rosmaster.master][INFO] 2025-12-18 11:39:25,858: +SUB [/rosout] /rosout http://127.0.0.1:38997/
[rosmaster.master][INFO] 2025-12-18 11:39:25,902: +PARAM [/rosversion] by /roslaunch
[rosmaster.master][INFO] 2025-12-18 11:39:25,902: +PARAM [/rosdistro] by /roslaunch
[rosmaster.master][INFO] 2025-12-18 11:39:25,902: +PARAM [/use_sim_time] by /roslaunch
[rosmaster.master][INFO] 2025-12-18 11:39:25,902: +PARAM [/pal_robot_info/type] by /roslaunch
[rosmaster.master][INFO] 2025-12-18 11:39:25,903: +PARAM [/pal_robot_info/end_effector] by /roslaunch
[rosmaster.master][INFO] 2025-12-18 11:39:25,903: +PARAM [/pal_robot_info/ft_sensor] by /roslaunch
[rosmaster.master][INFO] 2025-12-18 11:39:25,903: +PARAM [/pal_robot_info/laser_model] by /roslaunch
[rosmaster.master][INFO] 2025-12-18 11:39:25,903: +PARAM [/pal_robot_info/camera_model] by /roslaunch
[rosmaster.master][INFO] 2025-12-18 11:39:25,903: +PARAM [/pal_robot_info/base_type] by /roslaunch
[rosmaster.master][INFO] 2025-12-18 11:39:25,903: +PARAM [/pal_robot_info/arm] by /roslaunch
[rosmaster.master][INFO] 2025-12-18 11:39:25,903: +PARAM [/gains/suspension_left_joint/p] by /roslaunch
[rosmaster.master][INFO] 2025-12-18 11:39:25,903: +PARAM [/gains/suspension_left_joint/d] by /roslaunch
[rosmaster.master][INFO] 2025-12-18 11:39:25,903: +PARAM [/gains/suspension_left_joint/i] by /roslaunch
[rosmaster.master][INFO] 2025-12-18 11:39:25,903: +PARAM [/gains/suspension_left_joint/i_clamp] by /roslaunch
[rosmaster.master][INFO] 2025-12-18 11:39:25,903: +PARAM [/gains/suspension_right_joint/p] by /roslaunch
[rosmaster.master][INFO] 2025-12-18 11:39:25,903: +PARAM [/gains/suspension_right_joint/d] by /roslaunch
[rosmaster.master][INFO] 2025-12-18 11:39:25,903: +PARAM [/gains/suspension_right_joint/i] by /roslaunch
[rosmaster.master][INFO] 2025-12-18 11:39:25,903: +PARAM [/gains/suspension_right_joint/i_clamp] by /roslaunch
[rosmaster.master][INFO] 2025-12-18 11:39:25,903: +PARAM [/gains/torso_lift_joint/p] by /roslaunch
[rosmaster.master][INFO] 2025-12-18 11:39:25,903: +PARAM [/gains/torso_lift_joint/d] by /roslaunch
[rosmaster.master][INFO] 2025-12-18 11:39:25,903: +PARAM [/gains/torso_lift_joint/i] by /roslaunch
[rosmaster.master][INFO] 2025-12-18 11:39:25,903: +PARAM [/gains/torso_lift_joint/i_clamp] by /roslaunch
[rosmaster.master][INFO] 2025-12-18 11:39:25,903: +PARAM [/gains/head_1_joint/p] by /roslaunch
[rosmaster.master][INFO] 2025-12-18 11:39:25,904: +PARAM [/gains/head_1_joint/d] by /roslaunch
[rosmaster.master][INFO] 2025-12-18 11:39:25,904: +PARAM [/gains/head_1_joint/i] by /roslaunch
[rosmaster.master][INFO] 2025-12-18 11:39:25,904: +PARAM [/gains/head_1_joint/i_clamp] by /roslaunch
[rosmaster.master][INFO] 2025-12-18 11:39:25,904: +PARAM [/gains/head_2_joint/p] by /roslaunch
[rosmaster.master][INFO] 2025-12-18 11:39:25,904: +PARAM [/gains/head_2_joint/d] by /roslaunch
[rosmaster.master][INFO] 2025-12-18 11:39:25,904: +PARAM [/gains/head_2_joint/i] by /roslaunch
[rosmaster.master][INFO] 2025-12-18 11:39:25,904: +PARAM [/gains/head_2_joint/i_clamp] by /roslaunch
[rosmaster.master][INFO] 2025-12-18 11:39:25,904: +PARAM [/gains/xtion_frame_joint/p] by /roslaunch
[rosmaster.master][INFO] 2025-12-18 11:39:25,904: +PARAM [/gains/xtion_frame_joint/d] by /roslaunch
[rosmaster.master][INFO] 2025-12-18 11:39:25,904: +PARAM [/gains/xtion_frame_joint/i] by /roslaunch
[rosmaster.master][INFO] 2025-12-18 11:39:25,904: +PARAM [/gains/xtion_frame_joint/i_clamp] by /roslaunch
[rosmaster.master][INFO] 2025-12-18 11:39:25,904: +PARAM [/gains/arm_1_joint/p] by /roslaunch
[rosmaster.master][INFO] 2025-12-18 11:39:25,904: +PARAM [/gains/arm_1_joint/d] by /roslaunch
[rosmaster.master][INFO] 2025-12-18 11:39:25,904: +PARAM [/gains/arm_1_joint/i] by /roslaunch
[rosmaster.master][INFO] 2025-12-18 11:39:25,904: +PARAM [/gains/arm_1_joint/i_clamp] by /roslaunch
[rosmaster.master][INFO] 2025-12-18 11:39:25,904: +PARAM [/gains/arm_1_joint/torque_clamp] by /roslaunch
[rosmaster.master][INFO] 2025-12-18 11:39:25,904: +PARAM [/gains/arm_2_joint/p] by /roslaunch
[rosmaster.master][INFO] 2025-12-18 11:39:25,904: +PARAM [/gains/arm_2_joint/d] by /roslaunch
[rosmaster.master][INFO] 2025-12-18 11:39:25,904: +PARAM [/gains/arm_2_joint/i] by /roslaunch
[rosmaster.master][INFO] 2025-12-18 11:39:25,904: +PARAM [/gains/arm_2_joint/i_clamp] by /roslaunch
[rosmaster.master][INFO] 2025-12-18 11:39:25,904: +PARAM [/gains/arm_2_joint/torque_clamp] by /roslaunch
[rosmaster.master][INFO] 2025-12-18 11:39:25,905: +PARAM [/gains/arm_3_joint/p] by /roslaunch
[rosmaster.master][INFO] 2025-12-18 11:39:25,905: +PARAM [/gains/arm_3_joint/d] by /roslaunch
[rosmaster.master][INFO] 2025-12-18 11:39:25,905: +PARAM [/gains/arm_3_joint/i] by /roslaunch
[rosmaster.master][INFO] 2025-12-18 11:39:25,905: +PARAM [/gains/arm_3_joint/i_clamp] by /roslaunch
[rosmaster.master][INFO] 2025-12-18 11:39:25,905: +PARAM [/gains/arm_3_joint/torque_clamp] by /roslaunch
[rosmaster.master][INFO] 2025-12-18 11:39:25,905: +PARAM [/gains/arm_4_joint/p] by /roslaunch
[rosmaster.master][INFO] 2025-12-18 11:39:25,905: +PARAM [/gains/arm_4_joint/d] by /roslaunch
[rosmaster.master][INFO] 2025-12-18 11:39:25,905: +PARAM [/gains/arm_4_joint/i] by /roslaunch
[rosmaster.master][INFO] 2025-12-18 11:39:25,905: +PARAM [/gains/arm_4_joint/i_clamp] by /roslaunch
[rosmaster.master][INFO] 2025-12-18 11:39:25,905: +PARAM [/gains/arm_4_joint/torque_clamp] by /roslaunch
[rosmaster.master][INFO] 2025-12-18 11:39:25,905: +PARAM [/gains/arm_5_joint/p] by /roslaunch
[rosmaster.master][INFO] 2025-12-18 11:39:25,905: +PARAM [/gains/arm_5_joint/d] by /roslaunch
[rosmaster.master][INFO] 2025-12-18 11:39:25,905: +PARAM [/gains/arm_5_joint/i] by /roslaunch
[rosmaster.master][INFO] 2025-12-18 11:39:25,905: +PARAM [/gains/arm_5_joint/i_clamp] by /roslaunch
[rosmaster.master][INFO] 2025-12-18 11:39:25,905: +PARAM [/gains/arm_5_joint/torque_clamp] by /roslaunch
[rosmaster.master][INFO] 2025-12-18 11:39:25,905: +PARAM [/gains/arm_6_joint/p] by /roslaunch
[rosmaster.master][INFO] 2025-12-18 11:39:25,905: +PARAM [/gains/arm_6_joint/d] by /roslaunch
[rosmaster.master][INFO] 2025-12-18 11:39:25,905: +PARAM [/gains/arm_6_joint/i] by /roslaunch
[rosmaster.master][INFO] 2025-12-18 11:39:25,905: +PARAM [/gains/arm_6_joint/i_clamp] by /roslaunch
[rosmaster.master][INFO] 2025-12-18 11:39:25,905: +PARAM [/gains/arm_6_joint/torque_clamp] by /roslaunch
[rosmaster.master][INFO] 2025-12-18 11:39:25,906: +PARAM [/gains/arm_7_joint/p] by /roslaunch
[rosmaster.master][INFO] 2025-12-18 11:39:25,906: +PARAM [/gains/arm_7_joint/d] by /roslaunch
[rosmaster.master][INFO] 2025-12-18 11:39:25,906: +PARAM [/gains/arm_7_joint/i] by /roslaunch
[rosmaster.master][INFO] 2025-12-18 11:39:25,906: +PARAM [/gains/arm_7_joint/i_clamp] by /roslaunch
[rosmaster.master][INFO] 2025-12-18 11:39:25,906: +PARAM [/gains/arm_7_joint/torque_clamp] by /roslaunch
[rosmaster.master][INFO] 2025-12-18 11:39:25,906: +PARAM [/gains/hand_index_joint/p] by /roslaunch
[rosmaster.master][INFO] 2025-12-18 11:39:25,906: +PARAM [/gains/hand_index_joint/d] by /roslaunch
[rosmaster.master][INFO] 2025-12-18 11:39:25,906: +PARAM [/gains/hand_index_joint/i] by /roslaunch
[rosmaster.master][INFO] 2025-12-18 11:39:25,906: +PARAM [/gains/hand_index_joint/i_clamp] by /roslaunch
[rosmaster.master][INFO] 2025-12-18 11:39:25,906: +PARAM [/gains/hand_thumb_joint/p] by /roslaunch
[rosmaster.master][INFO] 2025-12-18 11:39:25,906: +PARAM [/gains/hand_thumb_joint/d] by /roslaunch
[rosmaster.master][INFO] 2025-12-18 11:39:25,906: +PARAM [/gains/hand_thumb_joint/i] by /roslaunch
[rosmaster.master][INFO] 2025-12-18 11:39:25,906: +PARAM [/gains/hand_thumb_joint/i_clamp] by /roslaunch
[rosmaster.master][INFO] 2025-12-18 11:39:25,906: +PARAM [/gains/hand_mrl_joint/p] by /roslaunch
[rosmaster.master][INFO] 2025-12-18 11:39:25,906: +PARAM [/gains/hand_mrl_joint/d] by /roslaunch
[rosmaster.master][INFO] 2025-12-18 11:39:25,906: +PARAM [/gains/hand_mrl_joint/i] by /roslaunch
[rosmaster.master][INFO] 2025-12-18 11:39:25,906: +PARAM [/gains/hand_mrl_joint/i_clamp] by /roslaunch
[rosmaster.master][INFO] 2025-12-18 11:39:25,906: +PARAM [/gains/hand_index_abd_joint/p] by /roslaunch
[rosmaster.master][INFO] 2025-12-18 11:39:25,906: +PARAM [/gains/hand_index_abd_joint/d] by /roslaunch
[rosmaster.master][INFO] 2025-12-18 11:39:25,907: +PARAM [/gains/hand_index_abd_joint/i] by /roslaunch
[rosmaster.master][INFO] 2025-12-18 11:39:25,907: +PARAM [/gains/hand_index_abd_joint/i_clamp] by /roslaunch
[rosmaster.master][INFO] 2025-12-18 11:39:25,907: +PARAM [/gains/hand_index_virtual_1_joint/p] by /roslaunch
[rosmaster.master][INFO] 2025-12-18 11:39:25,907: +PARAM [/gains/hand_index_virtual_1_joint/d] by /roslaunch
[rosmaster.master][INFO] 2025-12-18 11:39:25,907: +PARAM [/gains/hand_index_virtual_1_joint/i] by /roslaunch
[rosmaster.master][INFO] 2025-12-18 11:39:25,907: +PARAM [/gains/hand_index_virtual_1_joint/i_clamp] by /roslaunch
[rosmaster.master][INFO] 2025-12-18 11:39:25,907: +PARAM [/gains/hand_index_virtual_2_joint/p] by /roslaunch
[rosmaster.master][INFO] 2025-12-18 11:39:25,907: +PARAM [/gains/hand_index_virtual_2_joint/d] by /roslaunch
[rosmaster.master][INFO] 2025-12-18 11:39:25,907: +PARAM [/gains/hand_index_virtual_2_joint/i] by /roslaunch
[rosmaster.master][INFO] 2025-12-18 11:39:25,907: +PARAM [/gains/hand_index_virtual_2_joint/i_clamp] by /roslaunch
[rosmaster.master][INFO] 2025-12-18 11:39:25,907: +PARAM [/gains/hand_index_virtual_3_joint/p] by /roslaunch
[rosmaster.master][INFO] 2025-12-18 11:39:25,907: +PARAM [/gains/hand_index_virtual_3_joint/d] by /roslaunch
[rosmaster.master][INFO] 2025-12-18 11:39:25,907: +PARAM [/gains/hand_index_virtual_3_joint/i] by /roslaunch
[rosmaster.master][INFO] 2025-12-18 11:39:25,907: +PARAM [/gains/hand_index_virtual_3_joint/i_clamp] by /roslaunch
[rosmaster.master][INFO] 2025-12-18 11:39:25,907: +PARAM [/gains/hand_index_flex_1_joint/p] by /roslaunch
[rosmaster.master][INFO] 2025-12-18 11:39:25,907: +PARAM [/gains/hand_index_flex_1_joint/d] by /roslaunch
[rosmaster.master][INFO] 2025-12-18 11:39:25,907: +PARAM [/gains/hand_index_flex_1_joint/i] by /roslaunch
[rosmaster.master][INFO] 2025-12-18 11:39:25,907: +PARAM [/gains/hand_index_flex_1_joint/i_clamp] by /roslaunch
[rosmaster.master][INFO] 2025-12-18 11:39:25,908: +PARAM [/gains/hand_index_flex_2_joint/p] by /roslaunch
[rosmaster.master][INFO] 2025-12-18 11:39:25,908: +PARAM [/gains/hand_index_flex_2_joint/d] by /roslaunch
[rosmaster.master][INFO] 2025-12-18 11:39:25,908: +PARAM [/gains/hand_index_flex_2_joint/i] by /roslaunch
[rosmaster.master][INFO] 2025-12-18 11:39:25,908: +PARAM [/gains/hand_index_flex_2_joint/i_clamp] by /roslaunch
[rosmaster.master][INFO] 2025-12-18 11:39:25,908: +PARAM [/gains/hand_index_flex_3_joint/p] by /roslaunch
[rosmaster.master][INFO] 2025-12-18 11:39:25,908: +PARAM [/gains/hand_index_flex_3_joint/d] by /roslaunch
[rosmaster.master][INFO] 2025-12-18 11:39:25,908: +PARAM [/gains/hand_index_flex_3_joint/i] by /roslaunch
[rosmaster.master][INFO] 2025-12-18 11:39:25,908: +PARAM [/gains/hand_index_flex_3_joint/i_clamp] by /roslaunch
[rosmaster.master][INFO] 2025-12-18 11:39:25,908: +PARAM [/gains/hand_little_abd_joint/p] by /roslaunch
[rosmaster.master][INFO] 2025-12-18 11:39:25,908: +PARAM [/gains/hand_little_abd_joint/d] by /roslaunch
[rosmaster.master][INFO] 2025-12-18 11:39:25,908: +PARAM [/gains/hand_little_abd_joint/i] by /roslaunch
[rosmaster.master][INFO] 2025-12-18 11:39:25,908: +PARAM [/gains/hand_little_abd_joint/i_clamp] by /roslaunch
[rosmaster.master][INFO] 2025-12-18 11:39:25,908: +PARAM [/gains/hand_little_virtual_1_joint/p] by /roslaunch
[rosmaster.master][INFO] 2025-12-18 11:39:25,908: +PARAM [/gains/hand_little_virtual_1_joint/d] by /roslaunch
[rosmaster.master][INFO] 2025-12-18 11:39:25,908: +PARAM [/gains/hand_little_virtual_1_joint/i] by /roslaunch
[rosmaster.master][INFO] 2025-12-18 11:39:25,908: +PARAM [/gains/hand_little_virtual_1_joint/i_clamp] by /roslaunch
[rosmaster.master][INFO] 2025-12-18 11:39:25,908: +PARAM [/gains/hand_little_virtual_2_joint/p] by /roslaunch
[rosmaster.master][INFO] 2025-12-18 11:39:25,908: +PARAM [/gains/hand_little_virtual_2_joint/d] by /roslaunch
[rosmaster.master][INFO] 2025-12-18 11:39:25,908: +PARAM [/gains/hand_little_virtual_2_joint/i] by /roslaunch
[rosmaster.master][INFO] 2025-12-18 11:39:25,908: +PARAM [/gains/hand_little_virtual_2_joint/i_clamp] by /roslaunch
[rosmaster.master][INFO] 2025-12-18 11:39:25,908: +PARAM [/gains/hand_little_virtual_3_joint/p] by /roslaunch
[rosmaster.master][INFO] 2025-12-18 11:39:25,909: +PARAM [/gains/hand_little_virtual_3_joint/d] by /roslaunch
[rosmaster.master][INFO] 2025-12-18 11:39:25,909: +PARAM [/gains/hand_little_virtual_3_joint/i] by /roslaunch
[rosmaster.master][INFO] 2025-12-18 11:39:25,909: +PARAM [/gains/hand_little_virtual_3_joint/i_clamp] by /roslaunch
[rosmaster.master][INFO] 2025-12-18 11:39:25,909: +PARAM [/gains/hand_little_flex_1_joint/p] by /roslaunch
[rosmaster.master][INFO] 2025-12-18 11:39:25,909: +PARAM [/gains/hand_little_flex_1_joint/d] by /roslaunch
[rosmaster.master][INFO] 2025-12-18 11:39:25,909: +PARAM [/gains/hand_little_flex_1_joint/i] by /roslaunch
[rosmaster.master][INFO] 2025-12-18 11:39:25,909: +PARAM [/gains/hand_little_flex_1_joint/i_clamp] by /roslaunch
[rosmaster.master][INFO] 2025-12-18 11:39:25,909: +PARAM [/gains/hand_little_flex_2_joint/p] by /roslaunch
[rosmaster.master][INFO] 2025-12-18 11:39:25,909: +PARAM [/gains/hand_little_flex_2_joint/d] by /roslaunch
[rosmaster.master][INFO] 2025-12-18 11:39:25,909: +PARAM [/gains/hand_little_flex_2_joint/i] by /roslaunch
[rosmaster.master][INFO] 2025-12-18 11:39:25,909: +PARAM [/gains/hand_little_flex_2_joint/i_clamp] by /roslaunch
[rosmaster.master][INFO] 2025-12-18 11:39:25,909: +PARAM [/gains/hand_little_flex_3_joint/p] by /roslaunch
[rosmaster.master][INFO] 2025-12-18 11:39:25,909: +PARAM [/gains/hand_little_flex_3_joint/d] by /roslaunch
[rosmaster.master][INFO] 2025-12-18 11:39:25,909: +PARAM [/gains/hand_little_flex_3_joint/i] by /roslaunch
[rosmaster.master][INFO] 2025-12-18 11:39:25,909: +PARAM [/gains/hand_little_flex_3_joint/i_clamp] by /roslaunch
[rosmaster.master][INFO] 2025-12-18 11:39:25,909: +PARAM [/gains/hand_middle_abd_joint/p] by /roslaunch
[rosmaster.master][INFO] 2025-12-18 11:39:25,909: +PARAM [/gains/hand_middle_abd_joint/d] by /roslaunch
[rosmaster.master][INFO] 2025-12-18 11:39:25,909: +PARAM [/gains/hand_middle_abd_joint/i] by /roslaunch
[rosmaster.master][INFO] 2025-12-18 11:39:25,909: +PARAM [/gains/hand_middle_abd_joint/i_clamp] by /roslaunch
[rosmaster.master][INFO] 2025-12-18 11:39:25,909: +PARAM [/gains/hand_middle_virtual_1_joint/p] by /roslaunch
[rosmaster.master][INFO] 2025-12-18 11:39:25,909: +PARAM [/gains/hand_middle_virtual_1_joint/d] by /roslaunch
[rosmaster.master][INFO] 2025-12-18 11:39:25,910: +PARAM [/gains/hand_middle_virtual_1_joint/i] by /roslaunch
[rosmaster.master][INFO] 2025-12-18 11:39:25,910: +PARAM [/gains/hand_middle_virtual_1_joint/i_clamp] by /roslaunch
[rosmaster.master][INFO] 2025-12-18 11:39:25,910: +PARAM [/gains/hand_middle_virtual_2_joint/p] by /roslaunch
[rosmaster.master][INFO] 2025-12-18 11:39:25,910: +PARAM [/gains/hand_middle_virtual_2_joint/d] by /roslaunch
[rosmaster.master][INFO] 2025-12-18 11:39:25,910: +PARAM [/gains/hand_middle_virtual_2_joint/i] by /roslaunch
[rosmaster.master][INFO] 2025-12-18 11:39:25,910: +PARAM [/gains/hand_middle_virtual_2_joint/i_clamp] by /roslaunch
[rosmaster.master][INFO] 2025-12-18 11:39:25,910: +PARAM [/gains/hand_middle_virtual_3_joint/p] by /roslaunch
[rosmaster.master][INFO] 2025-12-18 11:39:25,910: +PARAM [/gains/hand_middle_virtual_3_joint/d] by /roslaunch
[rosmaster.master][INFO] 2025-12-18 11:39:25,910: +PARAM [/gains/hand_middle_virtual_3_joint/i] by /roslaunch
[rosmaster.master][INFO] 2025-12-18 11:39:25,910: +PARAM [/gains/hand_middle_virtual_3_joint/i_clamp] by /roslaunch
[rosmaster.master][INFO] 2025-12-18 11:39:25,910: +PARAM [/gains/hand_middle_flex_1_joint/p] by /roslaunch
[rosmaster.master][INFO] 2025-12-18 11:39:25,910: +PARAM [/gains/hand_middle_flex_1_joint/d] by /roslaunch
[rosmaster.master][INFO] 2025-12-18 11:39:25,910: +PARAM [/gains/hand_middle_flex_1_joint/i] by /roslaunch
[rosmaster.master][INFO] 2025-12-18 11:39:25,910: +PARAM [/gains/hand_middle_flex_1_joint/i_clamp] by /roslaunch
[rosmaster.master][INFO] 2025-12-18 11:39:25,910: +PARAM [/gains/hand_middle_flex_2_joint/p] by /roslaunch
[rosmaster.master][INFO] 2025-12-18 11:39:25,910: +PARAM [/gains/hand_middle_flex_2_joint/d] by /roslaunch
[rosmaster.master][INFO] 2025-12-18 11:39:25,910: +PARAM [/gains/hand_middle_flex_2_joint/i] by /roslaunch
[rosmaster.master][INFO] 2025-12-18 11:39:25,910: +PARAM [/gains/hand_middle_flex_2_joint/i_clamp] by /roslaunch
[rosmaster.master][INFO] 2025-12-18 11:39:25,910: +PARAM [/gains/hand_middle_flex_3_joint/p] by /roslaunch
[rosmaster.master][INFO] 2025-12-18 11:39:25,911: +PARAM [/gains/hand_middle_flex_3_joint/d] by /roslaunch
[rosmaster.master][INFO] 2025-12-18 11:39:25,911: +PARAM [/gains/hand_middle_flex_3_joint/i] by /roslaunch
[rosmaster.master][INFO] 2025-12-18 11:39:25,911: +PARAM [/gains/hand_middle_flex_3_joint/i_clamp] by /roslaunch
[rosmaster.master][INFO] 2025-12-18 11:39:25,911: +PARAM [/gains/hand_ring_abd_joint/p] by /roslaunch
[rosmaster.master][INFO] 2025-12-18 11:39:25,911: +PARAM [/gains/hand_ring_abd_joint/d] by /roslaunch
[rosmaster.master][INFO] 2025-12-18 11:39:25,911: +PARAM [/gains/hand_ring_abd_joint/i] by /roslaunch
[rosmaster.master][INFO] 2025-12-18 11:39:25,911: +PARAM [/gains/hand_ring_abd_joint/i_clamp] by /roslaunch
[rosmaster.master][INFO] 2025-12-18 11:39:25,911: +PARAM [/gains/hand_ring_virtual_1_joint/p] by /roslaunch
[rosmaster.master][INFO] 2025-12-18 11:39:25,911: +PARAM [/gains/hand_ring_virtual_1_joint/d] by /roslaunch
[rosmaster.master][INFO] 2025-12-18 11:39:25,911: +PARAM [/gains/hand_ring_virtual_1_joint/i] by /roslaunch
[rosmaster.master][INFO] 2025-12-18 11:39:25,911: +PARAM [/gains/hand_ring_virtual_1_joint/i_clamp] by /roslaunch
[rosmaster.master][INFO] 2025-12-18 11:39:25,911: +PARAM [/gains/hand_ring_virtual_2_joint/p] by /roslaunch
[rosmaster.master][INFO] 2025-12-18 11:39:25,911: +PARAM [/gains/hand_ring_virtual_2_joint/d] by /roslaunch
[rosmaster.master][INFO] 2025-12-18 11:39:25,911: +PARAM [/gains/hand_ring_virtual_2_joint/i] by /roslaunch
[rosmaster.master][INFO] 2025-12-18 11:39:25,911: +PARAM [/gains/hand_ring_virtual_2_joint/i_clamp] by /roslaunch
[rosmaster.master][INFO] 2025-12-18 11:39:25,911: +PARAM [/gains/hand_ring_virtual_3_joint/p] by /roslaunch
[rosmaster.master][INFO] 2025-12-18 11:39:25,911: +PARAM [/gains/hand_ring_virtual_3_joint/d] by /roslaunch
[rosmaster.master][INFO] 2025-12-18 11:39:25,912: +PARAM [/gains/hand_ring_virtual_3_joint/i] by /roslaunch
[rosmaster.master][INFO] 2025-12-18 11:39:25,912: +PARAM [/gains/hand_ring_virtual_3_joint/i_clamp] by /roslaunch
[rosmaster.master][INFO] 2025-12-18 11:39:25,912: +PARAM [/gains/hand_ring_flex_1_joint/p] by /roslaunch
[rosmaster.master][INFO] 2025-12-18 11:39:25,912: +PARAM [/gains/hand_ring_flex_1_joint/d] by /roslaunch
[rosmaster.master][INFO] 2025-12-18 11:39:25,912: +PARAM [/gains/hand_ring_flex_1_joint/i] by /roslaunch
[rosmaster.master][INFO] 2025-12-18 11:39:25,912: +PARAM [/gains/hand_ring_flex_1_joint/i_clamp] by /roslaunch
[rosmaster.master][INFO] 2025-12-18 11:39:25,912: +PARAM [/gains/hand_ring_flex_2_joint/p] by /roslaunch
[rosmaster.master][INFO] 2025-12-18 11:39:25,912: +PARAM [/gains/hand_ring_flex_2_joint/d] by /roslaunch
[rosmaster.master][INFO] 2025-12-18 11:39:25,912: +PARAM [/gains/hand_ring_flex_2_joint/i] by /roslaunch
[rosmaster.master][INFO] 2025-12-18 11:39:25,912: +PARAM [/gains/hand_ring_flex_2_joint/i_clamp] by /roslaunch
[rosmaster.master][INFO] 2025-12-18 11:39:25,912: +PARAM [/gains/hand_ring_flex_3_joint/p] by /roslaunch
[rosmaster.master][INFO] 2025-12-18 11:39:25,912: +PARAM [/gains/hand_ring_flex_3_joint/d] by /roslaunch
[rosmaster.master][INFO] 2025-12-18 11:39:25,912: +PARAM [/gains/hand_ring_flex_3_joint/i] by /roslaunch
[rosmaster.master][INFO] 2025-12-18 11:39:25,912: +PARAM [/gains/hand_ring_flex_3_joint/i_clamp] by /roslaunch
[rosmaster.master][INFO] 2025-12-18 11:39:25,912: +PARAM [/gains/hand_thumb_abd_joint/p] by /roslaunch
[rosmaster.master][INFO] 2025-12-18 11:39:25,912: +PARAM [/gains/hand_thumb_abd_joint/d] by /roslaunch
[rosmaster.master][INFO] 2025-12-18 11:39:25,912: +PARAM [/gains/hand_thumb_abd_joint/i] by /roslaunch
[rosmaster.master][INFO] 2025-12-18 11:39:25,912: +PARAM [/gains/hand_thumb_abd_joint/i_clamp] by /roslaunch
[rosmaster.master][INFO] 2025-12-18 11:39:25,912: +PARAM [/gains/hand_thumb_virtual_1_joint/p] by /roslaunch
[rosmaster.master][INFO] 2025-12-18 11:39:25,913: +PARAM [/gains/hand_thumb_virtual_1_joint/d] by /roslaunch
[rosmaster.master][INFO] 2025-12-18 11:39:25,913: +PARAM [/gains/hand_thumb_virtual_1_joint/i] by /roslaunch
[rosmaster.master][INFO] 2025-12-18 11:39:25,913: +PARAM [/gains/hand_thumb_virtual_1_joint/i_clamp] by /roslaunch
[rosmaster.master][INFO] 2025-12-18 11:39:25,913: +PARAM [/gains/hand_thumb_virtual_2_joint/p] by /roslaunch
[rosmaster.master][INFO] 2025-12-18 11:39:25,913: +PARAM [/gains/hand_thumb_virtual_2_joint/d] by /roslaunch
[rosmaster.master][INFO] 2025-12-18 11:39:25,913: +PARAM [/gains/hand_thumb_virtual_2_joint/i] by /roslaunch
[rosmaster.master][INFO] 2025-12-18 11:39:25,913: +PARAM [/gains/hand_thumb_virtual_2_joint/i_clamp] by /roslaunch
[rosmaster.master][INFO] 2025-12-18 11:39:25,913: +PARAM [/gains/hand_thumb_virtual_3_joint/p] by /roslaunch
[rosmaster.master][INFO] 2025-12-18 11:39:25,913: +PARAM [/gains/hand_thumb_virtual_3_joint/d] by /roslaunch
[rosmaster.master][INFO] 2025-12-18 11:39:25,913: +PARAM [/gains/hand_thumb_virtual_3_joint/i] by /roslaunch
[rosmaster.master][INFO] 2025-12-18 11:39:25,913: +PARAM [/gains/hand_thumb_virtual_3_joint/i_clamp] by /roslaunch
[rosmaster.master][INFO] 2025-12-18 11:39:25,913: +PARAM [/gains/hand_thumb_flex_1_joint/p] by /roslaunch
[rosmaster.master][INFO] 2025-12-18 11:39:25,913: +PARAM [/gains/hand_thumb_flex_1_joint/d] by /roslaunch
[rosmaster.master][INFO] 2025-12-18 11:39:25,913: +PARAM [/gains/hand_thumb_flex_1_joint/i] by /roslaunch
[rosmaster.master][INFO] 2025-12-18 11:39:25,913: +PARAM [/gains/hand_thumb_flex_1_joint/i_clamp] by /roslaunch
[rosmaster.master][INFO] 2025-12-18 11:39:25,913: +PARAM [/gains/hand_thumb_flex_2_joint/p] by /roslaunch
[rosmaster.master][INFO] 2025-12-18 11:39:25,913: +PARAM [/gains/hand_thumb_flex_2_joint/d] by /roslaunch
[rosmaster.master][INFO] 2025-12-18 11:39:25,913: +PARAM [/gains/hand_thumb_flex_2_joint/i] by /roslaunch
[rosmaster.master][INFO] 2025-12-18 11:39:25,913: +PARAM [/gains/hand_thumb_flex_2_joint/i_clamp] by /roslaunch
[rosmaster.master][INFO] 2025-12-18 11:39:25,914: +PARAM [/gains/hand_thumb_flex_3_joint/p] by /roslaunch
[rosmaster.master][INFO] 2025-12-18 11:39:25,914: +PARAM [/gains/hand_thumb_flex_3_joint/d] by /roslaunch
[rosmaster.master][INFO] 2025-12-18 11:39:25,914: +PARAM [/gains/hand_thumb_flex_3_joint/i] by /roslaunch
[rosmaster.master][INFO] 2025-12-18 11:39:25,914: +PARAM [/gains/hand_thumb_flex_3_joint/i_clamp] by /roslaunch
[rosmaster.master][INFO] 2025-12-18 11:39:25,914: +PARAM [/gains/gripper_left_finger_joint/p] by /roslaunch
[rosmaster.master][INFO] 2025-12-18 11:39:25,914: +PARAM [/gains/gripper_left_finger_joint/d] by /roslaunch
[rosmaster.master][INFO] 2025-12-18 11:39:25,914: +PARAM [/gains/gripper_left_finger_joint/i] by /roslaunch
[rosmaster.master][INFO] 2025-12-18 11:39:25,914: +PARAM [/gains/gripper_left_finger_joint/p_gain] by /roslaunch
[rosmaster.master][INFO] 2025-12-18 11:39:25,914: +PARAM [/gains/gripper_right_finger_joint/p] by /roslaunch
[rosmaster.master][INFO] 2025-12-18 11:39:25,914: +PARAM [/gains/gripper_right_finger_joint/d] by /roslaunch
[rosmaster.master][INFO] 2025-12-18 11:39:25,914: +PARAM [/gains/gripper_right_finger_joint/i] by /roslaunch
[rosmaster.master][INFO] 2025-12-18 11:39:25,914: +PARAM [/gains/gripper_right_finger_joint/p_gain] by /roslaunch
[rosmaster.master][INFO] 2025-12-18 11:39:25,914: +PARAM [/gains/gripper_finger_joint/p] by /roslaunch
[rosmaster.master][INFO] 2025-12-18 11:39:25,914: +PARAM [/gains/gripper_finger_joint/d] by /roslaunch
[rosmaster.master][INFO] 2025-12-18 11:39:25,914: +PARAM [/gains/gripper_finger_joint/i] by /roslaunch
[rosmaster.master][INFO] 2025-12-18 11:39:25,914: +PARAM [/gains/gripper_finger_joint/p_gain] by /roslaunch
[rosmaster.master][INFO] 2025-12-18 11:39:25,914: +PARAM [/gains/FFJ4/p] by /roslaunch
[rosmaster.master][INFO] 2025-12-18 11:39:25,914: +PARAM [/gains/FFJ4/d] by /roslaunch
[rosmaster.master][INFO] 2025-12-18 11:39:25,914: +PARAM [/gains/FFJ4/i] by /roslaunch
[rosmaster.master][INFO] 2025-12-18 11:39:25,914: +PARAM [/gains/FFJ3/p] by /roslaunch
[rosmaster.master][INFO] 2025-12-18 11:39:25,915: +PARAM [/gains/FFJ3/d] by /roslaunch
[rosmaster.master][INFO] 2025-12-18 11:39:25,915: +PARAM [/gains/FFJ3/i] by /roslaunch
[rosmaster.master][INFO] 2025-12-18 11:39:25,915: +PARAM [/gains/FFJ2/p] by /roslaunch
[rosmaster.master][INFO] 2025-12-18 11:39:25,915: +PARAM [/gains/FFJ2/d] by /roslaunch
[rosmaster.master][INFO] 2025-12-18 11:39:25,915: +PARAM [/gains/FFJ2/i] by /roslaunch
[rosmaster.master][INFO] 2025-12-18 11:39:25,915: +PARAM [/gains/FFJ1/p] by /roslaunch
[rosmaster.master][INFO] 2025-12-18 11:39:25,915: +PARAM [/gains/FFJ1/d] by /roslaunch
[rosmaster.master][INFO] 2025-12-18 11:39:25,915: +PARAM [/gains/FFJ1/i] by /roslaunch
[rosmaster.master][INFO] 2025-12-18 11:39:25,915: +PARAM [/gains/MFJ4/p] by /roslaunch
[rosmaster.master][INFO] 2025-12-18 11:39:25,915: +PARAM [/gains/MFJ4/d] by /roslaunch
[rosmaster.master][INFO] 2025-12-18 11:39:25,915: +PARAM [/gains/MFJ4/i] by /roslaunch
[rosmaster.master][INFO] 2025-12-18 11:39:25,915: +PARAM [/gains/MFJ3/p] by /roslaunch
[rosmaster.master][INFO] 2025-12-18 11:39:25,915: +PARAM [/gains/MFJ3/d] by /roslaunch
[rosmaster.master][INFO] 2025-12-18 11:39:25,915: +PARAM [/gains/MFJ3/i] by /roslaunch
[rosmaster.master][INFO] 2025-12-18 11:39:25,915: +PARAM [/gains/MFJ2/p] by /roslaunch
[rosmaster.master][INFO] 2025-12-18 11:39:25,915: +PARAM [/gains/MFJ2/d] by /roslaunch
[rosmaster.master][INFO] 2025-12-18 11:39:25,916: +PARAM [/gains/MFJ2/i] by /roslaunch
[rosmaster.master][INFO] 2025-12-18 11:39:25,916: +PARAM [/gains/MFJ1/p] by /roslaunch
[rosmaster.master][INFO] 2025-12-18 11:39:25,916: +PARAM [/gains/MFJ1/d] by /roslaunch
[rosmaster.master][INFO] 2025-12-18 11:39:25,916: +PARAM [/gains/MFJ1/i] by /roslaunch
[rosmaster.master][INFO] 2025-12-18 11:39:25,916: +PARAM [/gains/RFJ4/p] by /roslaunch
[rosmaster.master][INFO] 2025-12-18 11:39:25,916: +PARAM [/gains/RFJ4/d] by /roslaunch
[rosmaster.master][INFO] 2025-12-18 11:39:25,916: +PARAM [/gains/RFJ4/i] by /roslaunch
[rosmaster.master][INFO] 2025-12-18 11:39:25,916: +PARAM [/gains/RFJ3/p] by /roslaunch
[rosmaster.master][INFO] 2025-12-18 11:39:25,916: +PARAM [/gains/RFJ3/d] by /roslaunch
[rosmaster.master][INFO] 2025-12-18 11:39:25,916: +PARAM [/gains/RFJ3/i] by /roslaunch
[rosmaster.master][INFO] 2025-12-18 11:39:25,916: +PARAM [/gains/RFJ2/p] by /roslaunch
[rosmaster.master][INFO] 2025-12-18 11:39:25,916: +PARAM [/gains/RFJ2/d] by /roslaunch
[rosmaster.master][INFO] 2025-12-18 11:39:25,916: +PARAM [/gains/RFJ2/i] by /roslaunch
[rosmaster.master][INFO] 2025-12-18 11:39:25,916: +PARAM [/gains/RFJ1/p] by /roslaunch
[rosmaster.master][INFO] 2025-12-18 11:39:25,916: +PARAM [/gains/RFJ1/d] by /roslaunch
[rosmaster.master][INFO] 2025-12-18 11:39:25,916: +PARAM [/gains/RFJ1/i] by /roslaunch
[rosmaster.master][INFO] 2025-12-18 11:39:25,916: +PARAM [/gains/THJ5/p] by /roslaunch
[rosmaster.master][INFO] 2025-12-18 11:39:25,917: +PARAM [/gains/THJ5/d] by /roslaunch
[rosmaster.master][INFO] 2025-12-18 11:39:25,917: +PARAM [/gains/THJ5/i] by /roslaunch
[rosmaster.master][INFO] 2025-12-18 11:39:25,917: +PARAM [/gains/THJ4/p] by /roslaunch
[rosmaster.master][INFO] 2025-12-18 11:39:25,917: +PARAM [/gains/THJ4/d] by /roslaunch
[rosmaster.master][INFO] 2025-12-18 11:39:25,917: +PARAM [/gains/THJ4/i] by /roslaunch
[rosmaster.master][INFO] 2025-12-18 11:39:25,917: +PARAM [/gains/THJ2/p] by /roslaunch
[rosmaster.master][INFO] 2025-12-18 11:39:25,917: +PARAM [/gains/THJ2/d] by /roslaunch
[rosmaster.master][INFO] 2025-12-18 11:39:25,917: +PARAM [/gains/THJ2/i] by /roslaunch
[rosmaster.master][INFO] 2025-12-18 11:39:25,917: +PARAM [/gains/THJ1/p] by /roslaunch
[rosmaster.master][INFO] 2025-12-18 11:39:25,917: +PARAM [/gains/THJ1/d] by /roslaunch
[rosmaster.master][INFO] 2025-12-18 11:39:25,917: +PARAM [/gains/THJ1/i] by /roslaunch
[rosmaster.master][INFO] 2025-12-18 11:39:25,917: +PARAM [/velocity/pid_gains/wheel_right_joint/p] by /roslaunch
[rosmaster.master][INFO] 2025-12-18 11:39:25,917: +PARAM [/velocity/pid_gains/wheel_right_joint/d] by /roslaunch
[rosmaster.master][INFO] 2025-12-18 11:39:25,917: +PARAM [/velocity/pid_gains/wheel_right_joint/i] by /roslaunch
[rosmaster.master][INFO] 2025-12-18 11:39:25,918: +PARAM [/velocity/pid_gains/wheel_right_joint/i_clamp] by /roslaunch
[rosmaster.master][INFO] 2025-12-18 11:39:25,918: +PARAM [/velocity/pid_gains/wheel_left_joint/p] by /roslaunch
[rosmaster.master][INFO] 2025-12-18 11:39:25,918: +PARAM [/velocity/pid_gains/wheel_left_joint/d] by /roslaunch
[rosmaster.master][INFO] 2025-12-18 11:39:25,918: +PARAM [/velocity/pid_gains/wheel_left_joint/i] by /roslaunch
[rosmaster.master][INFO] 2025-12-18 11:39:25,918: +PARAM [/velocity/pid_gains/wheel_left_joint/i_clamp] by /roslaunch
[rosmaster.master][INFO] 2025-12-18 11:39:25,918: +PARAM [/velocity/pid_gains/caster_front_right_1_joint/p] by /roslaunch
[rosmaster.master][INFO] 2025-12-18 11:39:25,918: +PARAM [/velocity/pid_gains/caster_front_right_1_joint/d] by /roslaunch
[rosmaster.master][INFO] 2025-12-18 11:39:25,918: +PARAM [/velocity/pid_gains/caster_front_right_1_joint/i] by /roslaunch
[rosmaster.master][INFO] 2025-12-18 11:39:25,918: +PARAM [/velocity/pid_gains/caster_front_right_1_joint/i_clamp] by /roslaunch
[rosmaster.master][INFO] 2025-12-18 11:39:25,918: +PARAM [/velocity/pid_gains/caster_front_right_2_joint/p] by /roslaunch
[rosmaster.master][INFO] 2025-12-18 11:39:25,918: +PARAM [/velocity/pid_gains/caster_front_right_2_joint/d] by /roslaunch
[rosmaster.master][INFO] 2025-12-18 11:39:25,918: +PARAM [/velocity/pid_gains/caster_front_right_2_joint/i] by /roslaunch
[rosmaster.master][INFO] 2025-12-18 11:39:25,918: +PARAM [/velocity/pid_gains/caster_front_right_2_joint/i_clamp] by /roslaunch
[rosmaster.master][INFO] 2025-12-18 11:39:25,918: +PARAM [/velocity/pid_gains/caster_front_left_1_joint/p] by /roslaunch
[rosmaster.master][INFO] 2025-12-18 11:39:25,918: +PARAM [/velocity/pid_gains/caster_front_left_1_joint/d] by /roslaunch
[rosmaster.master][INFO] 2025-12-18 11:39:25,918: +PARAM [/velocity/pid_gains/caster_front_left_1_joint/i] by /roslaunch
[rosmaster.master][INFO] 2025-12-18 11:39:25,918: +PARAM [/velocity/pid_gains/caster_front_left_1_joint/i_clamp] by /roslaunch
[rosmaster.master][INFO] 2025-12-18 11:39:25,918: +PARAM [/velocity/pid_gains/caster_front_left_2_joint/p] by /roslaunch
[rosmaster.master][INFO] 2025-12-18 11:39:25,918: +PARAM [/velocity/pid_gains/caster_front_left_2_joint/d] by /roslaunch
[rosmaster.master][INFO] 2025-12-18 11:39:25,918: +PARAM [/velocity/pid_gains/caster_front_left_2_joint/i] by /roslaunch
[rosmaster.master][INFO] 2025-12-18 11:39:25,919: +PARAM [/velocity/pid_gains/caster_front_left_2_joint/i_clamp] by /roslaunch
[rosmaster.master][INFO] 2025-12-18 11:39:25,919: +PARAM [/velocity/pid_gains/caster_back_right_1_joint/p] by /roslaunch
[rosmaster.master][INFO] 2025-12-18 11:39:25,919: +PARAM [/velocity/pid_gains/caster_back_right_1_joint/d] by /roslaunch
[rosmaster.master][INFO] 2025-12-18 11:39:25,919: +PARAM [/velocity/pid_gains/caster_back_right_1_joint/i] by /roslaunch
[rosmaster.master][INFO] 2025-12-18 11:39:25,919: +PARAM [/velocity/pid_gains/caster_back_right_1_joint/i_clamp] by /roslaunch
[rosmaster.master][INFO] 2025-12-18 11:39:25,919: +PARAM [/velocity/pid_gains/caster_back_right_2_joint/p] by /roslaunch
[rosmaster.master][INFO] 2025-12-18 11:39:25,919: +PARAM [/velocity/pid_gains/caster_back_right_2_joint/d] by /roslaunch
[rosmaster.master][INFO] 2025-12-18 11:39:25,919: +PARAM [/velocity/pid_gains/caster_back_right_2_joint/i] by /roslaunch
[rosmaster.master][INFO] 2025-12-18 11:39:25,919: +PARAM [/velocity/pid_gains/caster_back_right_2_joint/i_clamp] by /roslaunch
[rosmaster.master][INFO] 2025-12-18 11:39:25,919: +PARAM [/velocity/pid_gains/caster_back_left_1_joint/p] by /roslaunch
[rosmaster.master][INFO] 2025-12-18 11:39:25,919: +PARAM [/velocity/pid_gains/caster_back_left_1_joint/d] by /roslaunch
[rosmaster.master][INFO] 2025-12-18 11:39:25,919: +PARAM [/velocity/pid_gains/caster_back_left_1_joint/i] by /roslaunch
[rosmaster.master][INFO] 2025-12-18 11:39:25,919: +PARAM [/velocity/pid_gains/caster_back_left_1_joint/i_clamp] by /roslaunch
[rosmaster.master][INFO] 2025-12-18 11:39:25,919: +PARAM [/velocity/pid_gains/caster_back_left_2_joint/p] by /roslaunch
[rosmaster.master][INFO] 2025-12-18 11:39:25,919: +PARAM [/velocity/pid_gains/caster_back_left_2_joint/d] by /roslaunch
[rosmaster.master][INFO] 2025-12-18 11:39:25,919: +PARAM [/velocity/pid_gains/caster_back_left_2_joint/i] by /roslaunch
[rosmaster.master][INFO] 2025-12-18 11:39:25,920: +PARAM [/velocity/pid_gains/caster_back_left_2_joint/i_clamp] by /roslaunch
[rosmaster.master][INFO] 2025-12-18 11:39:25,920: +PARAM [/force_torque/wrist_ft/sensor_joint] by /roslaunch
[rosmaster.master][INFO] 2025-12-18 11:39:25,920: +PARAM [/force_torque/wrist_ft/frame] by /roslaunch
[rosmaster.master][INFO] 2025-12-18 11:39:25,920: +PARAM [/imu/base_imu/frame] by /roslaunch
[rosmaster.master][INFO] 2025-12-18 11:39:25,920: +PARAM [/imu/base_imu/gazebo_sensor_name] by /roslaunch
[rosmaster.master][INFO] 2025-12-18 11:39:25,920: +PARAM [/robot_description] by /roslaunch
[rosmaster.master][INFO] 2025-12-18 11:39:25,920: +PARAM [/collision_model_parameters/padding] by /roslaunch
[rosmaster.master][INFO] 2025-12-18 11:39:25,920: +PARAM [/collision_model_parameters/links_with_padding] by /roslaunch
[rosmaster.master][INFO] 2025-12-18 11:39:25,920: +PARAM [/collision_model_parameters/blacklist/default] by /roslaunch
[rosmaster.master][INFO] 2025-12-18 11:39:25,920: +PARAM [/mobile_base_controller/type] by /roslaunch
[rosmaster.master][INFO] 2025-12-18 11:39:25,920: +PARAM [/mobile_base_controller/left_front_wheel] by /roslaunch
[rosmaster.master][INFO] 2025-12-18 11:39:25,920: +PARAM [/mobile_base_controller/left_back_wheel] by /roslaunch
[rosmaster.master][INFO] 2025-12-18 11:39:25,920: +PARAM [/mobile_base_controller/right_front_wheel] by /roslaunch
[rosmaster.master][INFO] 2025-12-18 11:39:25,920: +PARAM [/mobile_base_controller/right_back_wheel] by /roslaunch
[rosmaster.master][INFO] 2025-12-18 11:39:25,920: +PARAM [/mobile_base_controller/publish_rate] by /roslaunch
[rosmaster.master][INFO] 2025-12-18 11:39:25,920: +PARAM [/mobile_base_controller/pose_covariance_diagonal] by /roslaunch
[rosmaster.master][INFO] 2025-12-18 11:39:25,920: +PARAM [/mobile_base_controller/twist_covariance_diagonal] by /roslaunch
[rosmaster.master][INFO] 2025-12-18 11:39:25,920: +PARAM [/mobile_base_controller/enable_pose_covariance_update] by /roslaunch
[rosmaster.master][INFO] 2025-12-18 11:39:25,920: +PARAM [/mobile_base_controller/error_constant_left] by /roslaunch
[rosmaster.master][INFO] 2025-12-18 11:39:25,920: +PARAM [/mobile_base_controller/error_constant_right] by /roslaunch
[rosmaster.master][INFO] 2025-12-18 11:39:25,921: +PARAM [/mobile_base_controller/cmd_vel_timeout] by /roslaunch
[rosmaster.master][INFO] 2025-12-18 11:39:25,921: +PARAM [/mobile_base_controller/base_frame_id] by /roslaunch
[rosmaster.master][INFO] 2025-12-18 11:39:25,921: +PARAM [/mobile_base_controller/odom_frame_id] by /roslaunch
[rosmaster.master][INFO] 2025-12-18 11:39:25,921: +PARAM [/mobile_base_controller/preserve_turning_radius] by /roslaunch
[rosmaster.master][INFO] 2025-12-18 11:39:25,921: +PARAM [/mobile_base_controller/publish_cmd] by /roslaunch
[rosmaster.master][INFO] 2025-12-18 11:39:25,921: +PARAM [/mobile_base_controller/publish_wheel_data] by /roslaunch
[rosmaster.master][INFO] 2025-12-18 11:39:25,921: +PARAM [/mobile_base_controller/linear/x/has_velocity_limits] by /roslaunch
[rosmaster.master][INFO] 2025-12-18 11:39:25,921: +PARAM [/mobile_base_controller/linear/x/max_velocity] by /roslaunch
[rosmaster.master][INFO] 2025-12-18 11:39:25,921: +PARAM [/mobile_base_controller/linear/x/min_velocity] by /roslaunch
[rosmaster.master][INFO] 2025-12-18 11:39:25,921: +PARAM [/mobile_base_controller/linear/x/has_acceleration_limits] by /roslaunch
[rosmaster.master][INFO] 2025-12-18 11:39:25,921: +PARAM [/mobile_base_controller/linear/x/max_acceleration] by /roslaunch
[rosmaster.master][INFO] 2025-12-18 11:39:25,921: +PARAM [/mobile_base_controller/linear/x/has_jerk_limits] by /roslaunch
[rosmaster.master][INFO] 2025-12-18 11:39:25,921: +PARAM [/mobile_base_controller/linear/x/max_jerk] by /roslaunch
[rosmaster.master][INFO] 2025-12-18 11:39:25,921: +PARAM [/mobile_base_controller/linear/y/has_velocity_limits] by /roslaunch
[rosmaster.master][INFO] 2025-12-18 11:39:25,921: +PARAM [/mobile_base_controller/linear/y/max_velocity] by /roslaunch
[rosmaster.master][INFO] 2025-12-18 11:39:25,921: +PARAM [/mobile_base_controller/linear/y/min_velocity] by /roslaunch
[rosmaster.master][INFO] 2025-12-18 11:39:25,921: +PARAM [/mobile_base_controller/linear/y/has_acceleration_limits] by /roslaunch
[rosmaster.master][INFO] 2025-12-18 11:39:25,921: +PARAM [/mobile_base_controller/linear/y/max_acceleration] by /roslaunch
[rosmaster.master][INFO] 2025-12-18 11:39:25,921: +PARAM [/mobile_base_controller/linear/y/has_jerk_limits] by /roslaunch
[rosmaster.master][INFO] 2025-12-18 11:39:25,921: +PARAM [/mobile_base_controller/linear/y/max_jerk] by /roslaunch
[rosmaster.master][INFO] 2025-12-18 11:39:25,922: +PARAM [/mobile_base_controller/angular/z/has_velocity_limits] by /roslaunch
[rosmaster.master][INFO] 2025-12-18 11:39:25,922: +PARAM [/mobile_base_controller/angular/z/max_velocity] by /roslaunch
[rosmaster.master][INFO] 2025-12-18 11:39:25,922: +PARAM [/mobile_base_controller/angular/z/has_acceleration_limits] by /roslaunch
[rosmaster.master][INFO] 2025-12-18 11:39:25,922: +PARAM [/mobile_base_controller/angular/z/max_acceleration] by /roslaunch
[rosmaster.master][INFO] 2025-12-18 11:39:25,922: +PARAM [/mobile_base_controller/angular/z/has_jerk_limits] by /roslaunch
[rosmaster.master][INFO] 2025-12-18 11:39:25,922: +PARAM [/mobile_base_controller/angular/z/max_jerk] by /roslaunch
[rosmaster.master][INFO] 2025-12-18 11:39:25,922: +PARAM [/mobile_base_controller/space/xy/max_velocity] by /roslaunch
[rosmaster.master][INFO] 2025-12-18 11:39:25,922: +PARAM [/mobile_base_controller/space/xz/max_velocity] by /roslaunch
[rosmaster.master][INFO] 2025-12-18 11:39:25,922: +PARAM [/mobile_base_controller/space/xyz/max_velocity] by /roslaunch
[rosmaster.master][INFO] 2025-12-18 11:39:25,922: +PARAM [/torso_controller/type] by /roslaunch
[rosmaster.master][INFO] 2025-12-18 11:39:25,922: +PARAM [/torso_controller/joints] by /roslaunch
[rosmaster.master][INFO] 2025-12-18 11:39:25,922: +PARAM [/torso_controller/constraints/goal_time] by /roslaunch
[rosmaster.master][INFO] 2025-12-18 11:39:25,922: +PARAM [/torso_controller/constraints/stopped_velocity_tolerance] by /roslaunch
[rosmaster.master][INFO] 2025-12-18 11:39:25,922: +PARAM [/torso_controller/constraints/torso_lift_joint/goal] by /roslaunch
[rosmaster.master][INFO] 2025-12-18 11:39:25,922: +PARAM [/head_controller/type] by /roslaunch
[rosmaster.master][INFO] 2025-12-18 11:39:25,923: +PARAM [/head_controller/joints] by /roslaunch
[rosmaster.master][INFO] 2025-12-18 11:39:25,923: +PARAM [/head_controller/constraints/goal_time] by /roslaunch
[rosmaster.master][INFO] 2025-12-18 11:39:25,923: +PARAM [/head_controller/constraints/stopped_velocity_tolerance] by /roslaunch
[rosmaster.master][INFO] 2025-12-18 11:39:25,923: +PARAM [/head_controller/constraints/head_1_joint/goal] by /roslaunch
[rosmaster.master][INFO] 2025-12-18 11:39:25,923: +PARAM [/head_controller/constraints/head_2_joint/goal] by /roslaunch
[rosmaster.master][INFO] 2025-12-18 11:39:25,923: +PARAM [/arm_controller/type] by /roslaunch
[rosmaster.master][INFO] 2025-12-18 11:39:25,923: +PARAM [/arm_controller/joints] by /roslaunch
[rosmaster.master][INFO] 2025-12-18 11:39:25,923: +PARAM [/arm_controller/constraints/goal_time] by /roslaunch
[rosmaster.master][INFO] 2025-12-18 11:39:25,923: +PARAM [/arm_controller/constraints/stopped_velocity_tolerance] by /roslaunch
[rosmaster.master][INFO] 2025-12-18 11:39:25,923: +PARAM [/arm_controller/constraints/arm_1_joint/goal] by /roslaunch
[rosmaster.master][INFO] 2025-12-18 11:39:25,923: +PARAM [/arm_controller/constraints/arm_2_joint/goal] by /roslaunch
[rosmaster.master][INFO] 2025-12-18 11:39:25,923: +PARAM [/arm_controller/constraints/arm_3_joint/goal] by /roslaunch
[rosmaster.master][INFO] 2025-12-18 11:39:25,923: +PARAM [/arm_controller/constraints/arm_4_joint/goal] by /roslaunch
[rosmaster.master][INFO] 2025-12-18 11:39:25,923: +PARAM [/arm_controller/constraints/arm_5_joint/goal] by /roslaunch
[rosmaster.master][INFO] 2025-12-18 11:39:25,923: +PARAM [/arm_controller/constraints/arm_6_joint/goal] by /roslaunch
[rosmaster.master][INFO] 2025-12-18 11:39:25,923: +PARAM [/arm_controller/constraints/arm_7_joint/goal] by /roslaunch
[rosmaster.master][INFO] 2025-12-18 11:39:25,923: +PARAM [/joint_state_controller/type] by /roslaunch
[rosmaster.master][INFO] 2025-12-18 11:39:25,923: +PARAM [/joint_state_controller/publish_rate] by /roslaunch
[rosmaster.master][INFO] 2025-12-18 11:39:25,923: +PARAM [/head_controller/point_head_action/pan_link] by /roslaunch
[rosmaster.master][INFO] 2025-12-18 11:39:25,923: +PARAM [/head_controller/point_head_action/tilt_link] by /roslaunch
[rosmaster.master][INFO] 2025-12-18 11:39:25,924: +PARAM [/head_controller/point_head_action/success_angle_threshold] by /roslaunch
[rosmaster.master][INFO] 2025-12-18 11:39:25,924: +PARAM [/imu_sensor_controller/type] by /roslaunch
[rosmaster.master][INFO] 2025-12-18 11:39:25,924: +PARAM [/imu_sensor_controller/publish_rate] by /roslaunch
[rosmaster.master][INFO] 2025-12-18 11:39:25,924: +PARAM [/force_torque_sensor_controller/type] by /roslaunch
[rosmaster.master][INFO] 2025-12-18 11:39:25,924: +PARAM [/force_torque_sensor_controller/publish_rate] by /roslaunch
[rosmaster.master][INFO] 2025-12-18 11:39:25,924: +PARAM [/gripper_controller/type] by /roslaunch
[rosmaster.master][INFO] 2025-12-18 11:39:25,924: +PARAM [/gripper_controller/joints] by /roslaunch
[rosmaster.master][INFO] 2025-12-18 11:39:25,924: +PARAM [/gripper_controller/constraints/goal_time] by /roslaunch
[rosmaster.master][INFO] 2025-12-18 11:39:25,924: +PARAM [/gripper_controller/constraints/stopped_velocity_tolerance] by /roslaunch
[rosmaster.master][INFO] 2025-12-18 11:39:25,924: +PARAM [/gripper_controller/constraints/gripper_right_finger_joint/goal] by /roslaunch
[rosmaster.master][INFO] 2025-12-18 11:39:25,924: +PARAM [/gripper_controller/constraints/gripper_left_finger_joint/goal] by /roslaunch
[rosmaster.master][INFO] 2025-12-18 11:39:25,924: +PARAM [/home_gripper/suffix] by /roslaunch
[rosmaster.master][INFO] 2025-12-18 11:39:25,924: +PARAM [/play_motion/controllers] by /roslaunch
[rosmaster.master][INFO] 2025-12-18 11:39:25,924: +PARAM [/play_motion/motions/home/joints] by /roslaunch
[rosmaster.master][INFO] 2025-12-18 11:39:25,924: +PARAM [/play_motion/motions/home/points] by /roslaunch
[rosmaster.master][INFO] 2025-12-18 11:39:25,924: +PARAM [/play_motion/motions/home/meta/name] by /roslaunch
[rosmaster.master][INFO] 2025-12-18 11:39:25,924: +PARAM [/play_motion/motions/home/meta/usage] by /roslaunch
[rosmaster.master][INFO] 2025-12-18 11:39:25,924: +PARAM [/play_motion/motions/home/meta/description] by /roslaunch
[rosmaster.master][INFO] 2025-12-18 11:39:25,924: +PARAM [/play_motion/motions/unfold_arm/joints] by /roslaunch
[rosmaster.master][INFO] 2025-12-18 11:39:25,924: +PARAM [/play_motion/motions/unfold_arm/points] by /roslaunch
[rosmaster.master][INFO] 2025-12-18 11:39:25,925: +PARAM [/play_motion/motions/unfold_arm/meta/name] by /roslaunch
[rosmaster.master][INFO] 2025-12-18 11:39:25,925: +PARAM [/play_motion/motions/unfold_arm/meta/usage] by /roslaunch
[rosmaster.master][INFO] 2025-12-18 11:39:25,925: +PARAM [/play_motion/motions/unfold_arm/meta/description] by /roslaunch
[rosmaster.master][INFO] 2025-12-18 11:39:25,925: +PARAM [/play_motion/motions/reach_floor/joints] by /roslaunch
[rosmaster.master][INFO] 2025-12-18 11:39:25,925: +PARAM [/play_motion/motions/reach_floor/points] by /roslaunch
[rosmaster.master][INFO] 2025-12-18 11:39:25,925: +PARAM [/play_motion/motions/reach_floor/meta/name] by /roslaunch
[rosmaster.master][INFO] 2025-12-18 11:39:25,925: +PARAM [/play_motion/motions/reach_floor/meta/usage] by /roslaunch
[rosmaster.master][INFO] 2025-12-18 11:39:25,925: +PARAM [/play_motion/motions/reach_floor/meta/description] by /roslaunch
[rosmaster.master][INFO] 2025-12-18 11:39:25,925: +PARAM [/play_motion/motions/reach_max/joints] by /roslaunch
[rosmaster.master][INFO] 2025-12-18 11:39:25,925: +PARAM [/play_motion/motions/reach_max/points] by /roslaunch
[rosmaster.master][INFO] 2025-12-18 11:39:25,925: +PARAM [/play_motion/motions/reach_max/meta/name] by /roslaunch
[rosmaster.master][INFO] 2025-12-18 11:39:25,925: +PARAM [/play_motion/motions/reach_max/meta/usage] by /roslaunch
[rosmaster.master][INFO] 2025-12-18 11:39:25,925: +PARAM [/play_motion/motions/reach_max/meta/description] by /roslaunch
[rosmaster.master][INFO] 2025-12-18 11:39:25,925: +PARAM [/play_motion/motions/prepare_grasp/joints] by /roslaunch
[rosmaster.master][INFO] 2025-12-18 11:39:25,925: +PARAM [/play_motion/motions/prepare_grasp/points] by /roslaunch
[rosmaster.master][INFO] 2025-12-18 11:39:25,925: +PARAM [/play_motion/motions/prepare_grasp/meta/name] by /roslaunch
[rosmaster.master][INFO] 2025-12-18 11:39:25,925: +PARAM [/play_motion/motions/prepare_grasp/meta/usage] by /roslaunch
[rosmaster.master][INFO] 2025-12-18 11:39:25,925: +PARAM [/play_motion/motions/prepare_grasp/meta/description] by /roslaunch
[rosmaster.master][INFO] 2025-12-18 11:39:25,925: +PARAM [/play_motion/motions/inspect_surroundings/joints] by /roslaunch
[rosmaster.master][INFO] 2025-12-18 11:39:25,925: +PARAM [/play_motion/motions/inspect_surroundings/points] by /roslaunch
[rosmaster.master][INFO] 2025-12-18 11:39:25,926: +PARAM [/play_motion/motions/inspect_surroundings/meta/name] by /roslaunch
[rosmaster.master][INFO] 2025-12-18 11:39:25,926: +PARAM [/play_motion/motions/inspect_surroundings/meta/usage] by /roslaunch
[rosmaster.master][INFO] 2025-12-18 11:39:25,926: +PARAM [/play_motion/motions/inspect_surroundings/meta/description] by /roslaunch
[rosmaster.master][INFO] 2025-12-18 11:39:25,926: +PARAM [/play_motion/motions/close_gripper/joints] by /roslaunch
[rosmaster.master][INFO] 2025-12-18 11:39:25,926: +PARAM [/play_motion/motions/close_gripper/points] by /roslaunch
[rosmaster.master][INFO] 2025-12-18 11:39:25,926: +PARAM [/play_motion/motions/close/joints] by /roslaunch
[rosmaster.master][INFO] 2025-12-18 11:39:25,926: +PARAM [/play_motion/motions/close/points] by /roslaunch
[rosmaster.master][INFO] 2025-12-18 11:39:25,926: +PARAM [/play_motion/motions/close/meta/name] by /roslaunch
[rosmaster.master][INFO] 2025-12-18 11:39:25,926: +PARAM [/play_motion/motions/close/meta/usage] by /roslaunch
[rosmaster.master][INFO] 2025-12-18 11:39:25,926: +PARAM [/play_motion/motions/close/meta/description] by /roslaunch
[rosmaster.master][INFO] 2025-12-18 11:39:25,926: +PARAM [/play_motion/motions/close_gripper_half/joints] by /roslaunch
[rosmaster.master][INFO] 2025-12-18 11:39:25,926: +PARAM [/play_motion/motions/close_gripper_half/points] by /roslaunch
[rosmaster.master][INFO] 2025-12-18 11:39:25,926: +PARAM [/play_motion/motions/close_half/joints] by /roslaunch
[rosmaster.master][INFO] 2025-12-18 11:39:25,926: +PARAM [/play_motion/motions/close_half/points] by /roslaunch
[rosmaster.master][INFO] 2025-12-18 11:39:25,926: +PARAM [/play_motion/motions/close_half/meta/name] by /roslaunch
[rosmaster.master][INFO] 2025-12-18 11:39:25,926: +PARAM [/play_motion/motions/close_half/meta/usage] by /roslaunch
[rosmaster.master][INFO] 2025-12-18 11:39:25,926: +PARAM [/play_motion/motions/close_half/meta/description] by /roslaunch
[rosmaster.master][INFO] 2025-12-18 11:39:25,926: +PARAM [/play_motion/motions/open_gripper/joints] by /roslaunch
[rosmaster.master][INFO] 2025-12-18 11:39:25,926: +PARAM [/play_motion/motions/open_gripper/points] by /roslaunch
[rosmaster.master][INFO] 2025-12-18 11:39:25,926: +PARAM [/play_motion/motions/open/joints] by /roslaunch
[rosmaster.master][INFO] 2025-12-18 11:39:25,927: +PARAM [/play_motion/motions/open/points] by /roslaunch
[rosmaster.master][INFO] 2025-12-18 11:39:25,927: +PARAM [/play_motion/motions/open/meta/name] by /roslaunch
[rosmaster.master][INFO] 2025-12-18 11:39:25,927: +PARAM [/play_motion/motions/open/meta/usage] by /roslaunch
[rosmaster.master][INFO] 2025-12-18 11:39:25,927: +PARAM [/play_motion/motions/open/meta/description] by /roslaunch
[rosmaster.master][INFO] 2025-12-18 11:39:25,927: +PARAM [/play_motion/motions/point/joints] by /roslaunch
[rosmaster.master][INFO] 2025-12-18 11:39:25,927: +PARAM [/play_motion/motions/point/points] by /roslaunch
[rosmaster.master][INFO] 2025-12-18 11:39:25,927: +PARAM [/play_motion/motions/point/meta/name] by /roslaunch
[rosmaster.master][INFO] 2025-12-18 11:39:25,927: +PARAM [/play_motion/motions/point/meta/usage] by /roslaunch
[rosmaster.master][INFO] 2025-12-18 11:39:25,927: +PARAM [/play_motion/motions/point/meta/description] by /roslaunch
[rosmaster.master][INFO] 2025-12-18 11:39:25,927: +PARAM [/play_motion/motions/wave/joints] by /roslaunch
[rosmaster.master][INFO] 2025-12-18 11:39:25,927: +PARAM [/play_motion/motions/wave/points] by /roslaunch
[rosmaster.master][INFO] 2025-12-18 11:39:25,927: +PARAM [/play_motion/motions/wave/meta/name] by /roslaunch
[rosmaster.master][INFO] 2025-12-18 11:39:25,927: +PARAM [/play_motion/motions/wave/meta/usage] by /roslaunch
[rosmaster.master][INFO] 2025-12-18 11:39:25,927: +PARAM [/play_motion/motions/wave/meta/description] by /roslaunch
[rosmaster.master][INFO] 2025-12-18 11:39:25,927: +PARAM [/play_motion/motions/pregrasp_weight/joints] by /roslaunch
[rosmaster.master][INFO] 2025-12-18 11:39:25,928: +PARAM [/play_motion/motions/pregrasp_weight/points] by /roslaunch
[rosmaster.master][INFO] 2025-12-18 11:39:25,928: +PARAM [/play_motion/motions/pregrasp_weight/meta/name] by /roslaunch
[rosmaster.master][INFO] 2025-12-18 11:39:25,928: +PARAM [/play_motion/motions/pregrasp_weight/meta/usage] by /roslaunch
[rosmaster.master][INFO] 2025-12-18 11:39:25,928: +PARAM [/play_motion/motions/pregrasp_weight/meta/description] by /roslaunch
[rosmaster.master][INFO] 2025-12-18 11:39:25,928: +PARAM [/play_motion/motions/do_weights/joints] by /roslaunch
[rosmaster.master][INFO] 2025-12-18 11:39:25,928: +PARAM [/play_motion/motions/do_weights/points] by /roslaunch
[rosmaster.master][INFO] 2025-12-18 11:39:25,928: +PARAM [/play_motion/motions/do_weights/meta/name] by /roslaunch
[rosmaster.master][INFO] 2025-12-18 11:39:25,928: +PARAM [/play_motion/motions/do_weights/meta/usage] by /roslaunch
[rosmaster.master][INFO] 2025-12-18 11:39:25,928: +PARAM [/play_motion/motions/do_weights/meta/description] by /roslaunch
[rosmaster.master][INFO] 2025-12-18 11:39:25,928: +PARAM [/play_motion/motions/offer_gripper/joints] by /roslaunch
[rosmaster.master][INFO] 2025-12-18 11:39:25,928: +PARAM [/play_motion/motions/offer_gripper/points] by /roslaunch
[rosmaster.master][INFO] 2025-12-18 11:39:25,928: +PARAM [/play_motion/motions/offer/joints] by /roslaunch
[rosmaster.master][INFO] 2025-12-18 11:39:25,928: +PARAM [/play_motion/motions/offer/points] by /roslaunch
[rosmaster.master][INFO] 2025-12-18 11:39:25,928: +PARAM [/play_motion/motions/offer/meta/name] by /roslaunch
[rosmaster.master][INFO] 2025-12-18 11:39:25,928: +PARAM [/play_motion/motions/offer/meta/usage] by /roslaunch
[rosmaster.master][INFO] 2025-12-18 11:39:25,928: +PARAM [/play_motion/motions/offer/meta/description] by /roslaunch
[rosmaster.master][INFO] 2025-12-18 11:39:25,928: +PARAM [/play_motion/motions/shake_hands/joints] by /roslaunch
[rosmaster.master][INFO] 2025-12-18 11:39:25,928: +PARAM [/play_motion/motions/shake_hands/points] by /roslaunch
[rosmaster.master][INFO] 2025-12-18 11:39:25,929: +PARAM [/play_motion/motions/shake_hands/meta/name] by /roslaunch
[rosmaster.master][INFO] 2025-12-18 11:39:25,929: +PARAM [/play_motion/motions/shake_hands/meta/usage] by /roslaunch
[rosmaster.master][INFO] 2025-12-18 11:39:25,929: +PARAM [/play_motion/motions/shake_hands/meta/description] by /roslaunch
[rosmaster.master][INFO] 2025-12-18 11:39:25,929: +PARAM [/play_motion/motions/pick_from_floor/joints] by /roslaunch
[rosmaster.master][INFO] 2025-12-18 11:39:25,929: +PARAM [/play_motion/motions/pick_from_floor/points] by /roslaunch
[rosmaster.master][INFO] 2025-12-18 11:39:25,929: +PARAM [/play_motion/motions/pick_from_floor/meta/name] by /roslaunch
[rosmaster.master][INFO] 2025-12-18 11:39:25,929: +PARAM [/play_motion/motions/pick_from_floor/meta/usage] by /roslaunch
[rosmaster.master][INFO] 2025-12-18 11:39:25,929: +PARAM [/play_motion/motions/pick_from_floor/meta/description] by /roslaunch
[rosmaster.master][INFO] 2025-12-18 11:39:25,929: +PARAM [/play_motion/motions/head_tour/joints] by /roslaunch
[rosmaster.master][INFO] 2025-12-18 11:39:25,929: +PARAM [/play_motion/motions/head_tour/points] by /roslaunch
[rosmaster.master][INFO] 2025-12-18 11:39:25,929: +PARAM [/play_motion/motions/head_tour/meta/name] by /roslaunch
[rosmaster.master][INFO] 2025-12-18 11:39:25,929: +PARAM [/play_motion/motions/head_tour/meta/usage] by /roslaunch
[rosmaster.master][INFO] 2025-12-18 11:39:25,929: +PARAM [/play_motion/motions/head_tour/meta/description] by /roslaunch
[rosmaster.master][INFO] 2025-12-18 11:39:25,929: +PARAM [/play_motion/disable_motion_planning] by /roslaunch
[rosmaster.master][INFO] 2025-12-18 11:39:25,929: +PARAM [/play_motion/approach_planner/planning_groups] by /roslaunch
[rosmaster.master][INFO] 2025-12-18 11:39:25,929: +PARAM [/play_motion/approach_planner/exclude_from_planning_joints] by /roslaunch
[rosmaster.master][INFO] 2025-12-18 11:39:25,929: +PARAM [/play_motion/approach_planner/joint_tolerance] by /roslaunch
[rosmaster.master][INFO] 2025-12-18 11:39:25,929: +PARAM [/play_motion/approach_planner/skip_planning_approach_vel] by /roslaunch
[rosmaster.master][INFO] 2025-12-18 11:39:25,929: +PARAM [/play_motion/approach_planner/skip_planning_approach_min_dur] by /roslaunch
[rosmaster.master][INFO] 2025-12-18 11:39:25,929: +PARAM [/robot_description_semantic] by /roslaunch
[rosmaster.master][INFO] 2025-12-18 11:39:25,929: +PARAM [/move_group/robot_description_planning/default_robot_link_padding/arm_5_link] by /roslaunch
[rosmaster.master][INFO] 2025-12-18 11:39:25,930: +PARAM [/robot_description_planning/default_velocity_scaling_factor] by /roslaunch
[rosmaster.master][INFO] 2025-12-18 11:39:25,930: +PARAM [/robot_description_planning/joint_limits/arm_2_joint/has_velocity_limits] by /roslaunch
[rosmaster.master][INFO] 2025-12-18 11:39:25,930: +PARAM [/robot_description_planning/joint_limits/arm_2_joint/max_velocity] by /roslaunch
[rosmaster.master][INFO] 2025-12-18 11:39:25,930: +PARAM [/robot_description_planning/joint_limits/arm_2_joint/has_acceleration_limits] by /roslaunch
[rosmaster.master][INFO] 2025-12-18 11:39:25,930: +PARAM [/robot_description_planning/joint_limits/arm_2_joint/max_acceleration] by /roslaunch
[rosmaster.master][INFO] 2025-12-18 11:39:25,930: +PARAM [/robot_description_planning/joint_limits/arm_1_joint/has_velocity_limits] by /roslaunch
[rosmaster.master][INFO] 2025-12-18 11:39:25,930: +PARAM [/robot_description_planning/joint_limits/arm_1_joint/max_velocity] by /roslaunch
[rosmaster.master][INFO] 2025-12-18 11:39:25,930: +PARAM [/robot_description_planning/joint_limits/arm_1_joint/has_acceleration_limits] by /roslaunch
[rosmaster.master][INFO] 2025-12-18 11:39:25,930: +PARAM [/robot_description_planning/joint_limits/arm_1_joint/max_acceleration] by /roslaunch
[rosmaster.master][INFO] 2025-12-18 11:39:25,930: +PARAM [/robot_description_planning/joint_limits/arm_6_joint/has_velocity_limits] by /roslaunch
[rosmaster.master][INFO] 2025-12-18 11:39:25,930: +PARAM [/robot_description_planning/joint_limits/arm_6_joint/max_velocity] by /roslaunch
[rosmaster.master][INFO] 2025-12-18 11:39:25,930: +PARAM [/robot_description_planning/joint_limits/arm_6_joint/has_acceleration_limits] by /roslaunch
[rosmaster.master][INFO] 2025-12-18 11:39:25,930: +PARAM [/robot_description_planning/joint_limits/arm_6_joint/max_acceleration] by /roslaunch
[rosmaster.master][INFO] 2025-12-18 11:39:25,930: +PARAM [/robot_description_planning/joint_limits/arm_7_joint/has_velocity_limits] by /roslaunch
[rosmaster.master][INFO] 2025-12-18 11:39:25,930: +PARAM [/robot_description_planning/joint_limits/arm_7_joint/max_velocity] by /roslaunch
[rosmaster.master][INFO] 2025-12-18 11:39:25,930: +PARAM [/robot_description_planning/joint_limits/arm_7_joint/has_acceleration_limits] by /roslaunch
[rosmaster.master][INFO] 2025-12-18 11:39:25,930: +PARAM [/robot_description_planning/joint_limits/arm_7_joint/max_acceleration] by /roslaunch
[rosmaster.master][INFO] 2025-12-18 11:39:25,930: +PARAM [/robot_description_planning/joint_limits/arm_4_joint/has_velocity_limits] by /roslaunch
[rosmaster.master][INFO] 2025-12-18 11:39:25,930: +PARAM [/robot_description_planning/joint_limits/arm_4_joint/max_velocity] by /roslaunch
[rosmaster.master][INFO] 2025-12-18 11:39:25,930: +PARAM [/robot_description_planning/joint_limits/arm_4_joint/has_acceleration_limits] by /roslaunch
[rosmaster.master][INFO] 2025-12-18 11:39:25,931: +PARAM [/robot_description_planning/joint_limits/arm_4_joint/max_acceleration] by /roslaunch
[rosmaster.master][INFO] 2025-12-18 11:39:25,931: +PARAM [/robot_description_planning/joint_limits/arm_5_joint/has_velocity_limits] by /roslaunch
[rosmaster.master][INFO] 2025-12-18 11:39:25,931: +PARAM [/robot_description_planning/joint_limits/arm_5_joint/max_velocity] by /roslaunch
[rosmaster.master][INFO] 2025-12-18 11:39:25,931: +PARAM [/robot_description_planning/joint_limits/arm_5_joint/has_acceleration_limits] by /roslaunch
[rosmaster.master][INFO] 2025-12-18 11:39:25,931: +PARAM [/robot_description_planning/joint_limits/arm_5_joint/max_acceleration] by /roslaunch
[rosmaster.master][INFO] 2025-12-18 11:39:25,931: +PARAM [/robot_description_planning/joint_limits/arm_3_joint/has_velocity_limits] by /roslaunch
[rosmaster.master][INFO] 2025-12-18 11:39:25,931: +PARAM [/robot_description_planning/joint_limits/arm_3_joint/max_velocity] by /roslaunch
[rosmaster.master][INFO] 2025-12-18 11:39:25,931: +PARAM [/robot_description_planning/joint_limits/arm_3_joint/has_acceleration_limits] by /roslaunch
[rosmaster.master][INFO] 2025-12-18 11:39:25,931: +PARAM [/robot_description_planning/joint_limits/arm_3_joint/max_acceleration] by /roslaunch
[rosmaster.master][INFO] 2025-12-18 11:39:25,931: +PARAM [/robot_description_planning/joint_limits/torso_lift_joint/has_velocity_limits] by /roslaunch
[rosmaster.master][INFO] 2025-12-18 11:39:25,931: +PARAM [/robot_description_planning/joint_limits/torso_lift_joint/max_velocity] by /roslaunch
[rosmaster.master][INFO] 2025-12-18 11:39:25,931: +PARAM [/robot_description_planning/joint_limits/torso_lift_joint/has_acceleration_limits] by /roslaunch
[rosmaster.master][INFO] 2025-12-18 11:39:25,931: +PARAM [/robot_description_planning/joint_limits/torso_lift_joint/max_acceleration] by /roslaunch
[rosmaster.master][INFO] 2025-12-18 11:39:25,931: +PARAM [/robot_description_planning/joint_limits/gripper_left_finger_joint/has_velocity_limits] by /roslaunch
[rosmaster.master][INFO] 2025-12-18 11:39:25,931: +PARAM [/robot_description_planning/joint_limits/gripper_left_finger_joint/max_velocity] by /roslaunch
[rosmaster.master][INFO] 2025-12-18 11:39:25,931: +PARAM [/robot_description_planning/joint_limits/gripper_left_finger_joint/has_acceleration_limits] by /roslaunch
[rosmaster.master][INFO] 2025-12-18 11:39:25,931: +PARAM [/robot_description_planning/joint_limits/gripper_left_finger_joint/max_acceleration] by /roslaunch
[rosmaster.master][INFO] 2025-12-18 11:39:25,931: +PARAM [/robot_description_planning/joint_limits/gripper_right_finger_joint/has_velocity_limits] by /roslaunch
[rosmaster.master][INFO] 2025-12-18 11:39:25,932: +PARAM [/robot_description_planning/joint_limits/gripper_right_finger_joint/max_velocity] by /roslaunch
[rosmaster.master][INFO] 2025-12-18 11:39:25,932: +PARAM [/robot_description_planning/joint_limits/gripper_right_finger_joint/has_acceleration_limits] by /roslaunch
[rosmaster.master][INFO] 2025-12-18 11:39:25,932: +PARAM [/robot_description_planning/joint_limits/gripper_right_finger_joint/max_acceleration] by /roslaunch
[rosmaster.master][INFO] 2025-12-18 11:39:25,932: +PARAM [/robot_description_planning/joint_limits/gripper_finger_joint/has_velocity_limits] by /roslaunch
[rosmaster.master][INFO] 2025-12-18 11:39:25,932: +PARAM [/robot_description_planning/joint_limits/gripper_finger_joint/max_velocity] by /roslaunch
[rosmaster.master][INFO] 2025-12-18 11:39:25,932: +PARAM [/robot_description_planning/joint_limits/gripper_finger_joint/has_acceleration_limits] by /roslaunch
[rosmaster.master][INFO] 2025-12-18 11:39:25,932: +PARAM [/robot_description_planning/joint_limits/gripper_finger_joint/max_acceleration] by /roslaunch
[rosmaster.master][INFO] 2025-12-18 11:39:25,932: +PARAM [/robot_description_kinematics/arm_torso/kinematics_solver] by /roslaunch
[rosmaster.master][INFO] 2025-12-18 11:39:25,932: +PARAM [/robot_description_kinematics/arm_torso/kinematics_solver_search_resolution] by /roslaunch
[rosmaster.master][INFO] 2025-12-18 11:39:25,932: +PARAM [/robot_description_kinematics/arm_torso/kinematics_solver_timeout] by /roslaunch
[rosmaster.master][INFO] 2025-12-18 11:39:25,932: +PARAM [/robot_description_kinematics/arm_torso/kinematics_solver_attempts] by /roslaunch
[rosmaster.master][INFO] 2025-12-18 11:39:25,932: +PARAM [/robot_description_kinematics/arm/kinematics_solver] by /roslaunch
[rosmaster.master][INFO] 2025-12-18 11:39:25,932: +PARAM [/robot_description_kinematics/arm/kinematics_solver_search_resolution] by /roslaunch
[rosmaster.master][INFO] 2025-12-18 11:39:25,932: +PARAM [/robot_description_kinematics/arm/kinematics_solver_timeout] by /roslaunch
[rosmaster.master][INFO] 2025-12-18 11:39:25,932: +PARAM [/robot_description_kinematics/arm/kinematics_solver_attempts] by /roslaunch
[rosmaster.master][INFO] 2025-12-18 11:39:25,932: +PARAM [/move_group/planning_plugin] by /roslaunch
[rosmaster.master][INFO] 2025-12-18 11:39:25,932: +PARAM [/move_group/request_adapters] by /roslaunch
[rosmaster.master][INFO] 2025-12-18 11:39:25,932: +PARAM [/move_group/start_state_max_bounds_error] by /roslaunch
[rosmaster.master][INFO] 2025-12-18 11:39:25,932: +PARAM [/move_group/planner_configs/SBLkConfigDefault/type] by /roslaunch
[rosmaster.master][INFO] 2025-12-18 11:39:25,933: +PARAM [/move_group/planner_configs/ESTkConfigDefault/type] by /roslaunch
[rosmaster.master][INFO] 2025-12-18 11:39:25,933: +PARAM [/move_group/planner_configs/LBKPIECEkConfigDefault/type] by /roslaunch
[rosmaster.master][INFO] 2025-12-18 11:39:25,933: +PARAM [/move_group/planner_configs/BKPIECEkConfigDefault/type] by /roslaunch
[rosmaster.master][INFO] 2025-12-18 11:39:25,933: +PARAM [/move_group/planner_configs/KPIECEkConfigDefault/type] by /roslaunch
[rosmaster.master][INFO] 2025-12-18 11:39:25,933: +PARAM [/move_group/planner_configs/RRTkConfigDefault/type] by /roslaunch
[rosmaster.master][INFO] 2025-12-18 11:39:25,933: +PARAM [/move_group/planner_configs/RRTConnectkConfigDefault/type] by /roslaunch
[rosmaster.master][INFO] 2025-12-18 11:39:25,933: +PARAM [/move_group/planner_configs/RRTstarkConfigDefault/type] by /roslaunch
[rosmaster.master][INFO] 2025-12-18 11:39:25,933: +PARAM [/move_group/planner_configs/TRRTkConfigDefault/type] by /roslaunch
[rosmaster.master][INFO] 2025-12-18 11:39:25,933: +PARAM [/move_group/planner_configs/PRMkConfigDefault/type] by /roslaunch
[rosmaster.master][INFO] 2025-12-18 11:39:25,933: +PARAM [/move_group/planner_configs/PRMstarkConfigDefault/type] by /roslaunch
[rosmaster.master][INFO] 2025-12-18 11:39:25,933: +PARAM [/move_group/arm_torso/planner_configs] by /roslaunch
[rosmaster.master][INFO] 2025-12-18 11:39:25,933: +PARAM [/move_group/arm_torso/projection_evaluator] by /roslaunch
[rosmaster.master][INFO] 2025-12-18 11:39:25,933: +PARAM [/move_group/arm_torso/longest_valid_segment_fraction] by /roslaunch
[rosmaster.master][INFO] 2025-12-18 11:39:25,933: +PARAM [/move_group/arm/planner_configs] by /roslaunch
[rosmaster.master][INFO] 2025-12-18 11:39:25,933: +PARAM [/move_group/arm/projection_evaluator] by /roslaunch
[rosmaster.master][INFO] 2025-12-18 11:39:25,933: +PARAM [/move_group/arm/longest_valid_segment_fraction] by /roslaunch
[rosmaster.master][INFO] 2025-12-18 11:39:25,933: +PARAM [/move_group/moveit_manage_controllers] by /roslaunch
[rosmaster.master][INFO] 2025-12-18 11:39:25,933: +PARAM [/move_group/trajectory_execution/allowed_execution_duration_scaling] by /roslaunch
[rosmaster.master][INFO] 2025-12-18 11:39:25,933: +PARAM [/move_group/trajectory_execution/allowed_goal_duration_margin] by /roslaunch
[rosmaster.master][INFO] 2025-12-18 11:39:25,933: +PARAM [/move_group/moveit_controller_manager] by /roslaunch
[rosmaster.master][INFO] 2025-12-18 11:39:25,934: +PARAM [/move_group/controller_manager_name] by /roslaunch
[rosmaster.master][INFO] 2025-12-18 11:39:25,934: +PARAM [/move_group/use_controller_manager] by /roslaunch
[rosmaster.master][INFO] 2025-12-18 11:39:25,934: +PARAM [/move_group/controller_manager_ns] by /roslaunch
[rosmaster.master][INFO] 2025-12-18 11:39:25,934: +PARAM [/move_group/controller_list] by /roslaunch
[rosmaster.master][INFO] 2025-12-18 11:39:25,934: +PARAM [/move_group/allow_trajectory_execution] by /roslaunch
[rosmaster.master][INFO] 2025-12-18 11:39:25,934: +PARAM [/move_group/max_safe_path_cost] by /roslaunch
[rosmaster.master][INFO] 2025-12-18 11:39:25,934: +PARAM [/move_group/jiggle_fraction] by /roslaunch
[rosmaster.master][INFO] 2025-12-18 11:39:25,934: +PARAM [/move_group/capabilities] by /roslaunch
[rosmaster.master][INFO] 2025-12-18 11:39:25,934: +PARAM [/move_group/disable_capabilities] by /roslaunch
[rosmaster.master][INFO] 2025-12-18 11:39:25,934: +PARAM [/move_group/planning_scene_monitor/publish_planning_scene] by /roslaunch
[rosmaster.master][INFO] 2025-12-18 11:39:25,934: +PARAM [/move_group/planning_scene_monitor/publish_geometry_updates] by /roslaunch
[rosmaster.master][INFO] 2025-12-18 11:39:25,934: +PARAM [/move_group/planning_scene_monitor/publish_state_updates] by /roslaunch
[rosmaster.master][INFO] 2025-12-18 11:39:25,934: +PARAM [/move_group/planning_scene_monitor/publish_transforms_updates] by /roslaunch
[rosmaster.master][INFO] 2025-12-18 11:39:25,934: +PARAM [/robot_state_publisher/publish_frequency] by /roslaunch
[rosmaster.master][INFO] 2025-12-18 11:39:25,934: +PARAM [/robot_state_publisher/tf_prefix] by /roslaunch
[rosmaster.master][INFO] 2025-12-18 11:39:25,934: +PARAM [/twist_mux/locks] by /roslaunch
[rosmaster.master][INFO] 2025-12-18 11:39:25,934: +PARAM [/twist_mux/topics] by /roslaunch
[rosmaster.master][INFO] 2025-12-18 11:39:25,934: +PARAM [/joystick_relay/priority] by /roslaunch
[rosmaster.master][INFO] 2025-12-18 11:39:25,934: +PARAM [/joystick_relay/turbo/linear_forward_min] by /roslaunch
[rosmaster.master][INFO] 2025-12-18 11:39:25,934: +PARAM [/joystick_relay/turbo/linear_forward_max] by /roslaunch
[rosmaster.master][INFO] 2025-12-18 11:39:25,934: +PARAM [/joystick_relay/turbo/linear_backward_min] by /roslaunch
[rosmaster.master][INFO] 2025-12-18 11:39:25,935: +PARAM [/joystick_relay/turbo/linear_backward_max] by /roslaunch
[rosmaster.master][INFO] 2025-12-18 11:39:25,935: +PARAM [/joystick_relay/turbo/angular_min] by /roslaunch
[rosmaster.master][INFO] 2025-12-18 11:39:25,935: +PARAM [/joystick_relay/turbo/angular_max] by /roslaunch
[rosmaster.master][INFO] 2025-12-18 11:39:25,935: +PARAM [/joystick_relay/turbo/steps] by /roslaunch
[rosmaster.master][INFO] 2025-12-18 11:39:25,935: +PARAM [/dynamic_footprint_publisher/footprint] by /roslaunch
[rosmaster.master][INFO] 2025-12-18 11:39:25,935: +PARAM [/dynamic_footprint_publisher/link_list] by /roslaunch
[rosmaster.master][INFO] 2025-12-18 11:39:25,935: +PARAM [/dynamic_footprint_publisher/padding] by /roslaunch
[rosmaster.master][INFO] 2025-12-18 11:39:25,935: +PARAM [/collision_decomposition_description] by /roslaunch
[rosmaster.master][INFO] 2025-12-18 11:39:25,935: +PARAM [/extra_capsule_descriptions/arm_7_link/position] by /roslaunch
[rosmaster.master][INFO] 2025-12-18 11:39:25,935: +PARAM [/extra_capsule_descriptions/arm_7_link/orientation] by /roslaunch
[rosmaster.master][INFO] 2025-12-18 11:39:25,935: +PARAM [/extra_capsule_descriptions/arm_7_link/l] by /roslaunch
[rosmaster.master][INFO] 2025-12-18 11:39:25,935: +PARAM [/extra_capsule_descriptions/arm_7_link/r] by /roslaunch
[rosmaster.master][INFO] 2025-12-18 11:39:25,935: +PARAM [/capsule_collision_operations] by /roslaunch
[rosmaster.master][INFO] 2025-12-18 11:39:25,935: +PARAM [/whole_body_kinematic_controller/type] by /roslaunch
[rosmaster.master][INFO] 2025-12-18 11:39:25,935: +PARAM [/whole_body_kinematic_controller/useHead] by /roslaunch
[rosmaster.master][INFO] 2025-12-18 11:39:25,935: +PARAM [/whole_body_kinematic_controller/force_torque/wrist_ft/frame] by /roslaunch
[rosmaster.master][INFO] 2025-12-18 11:39:25,935: +PARAM [/whole_body_kinematic_controller/dt] by /roslaunch
[rosmaster.master][INFO] 2025-12-18 11:39:25,935: +PARAM [/whole_body_kinematic_controller/floating_base] by /roslaunch
[rosmaster.master][INFO] 2025-12-18 11:39:25,935: +PARAM [/whole_body_kinematic_controller/formulation] by /roslaunch
[rosmaster.master][INFO] 2025-12-18 11:39:25,935: +PARAM [/whole_body_kinematic_controller/stack_configuration] by /roslaunch
[rosmaster.master][INFO] 2025-12-18 11:39:25,935: +PARAM [/whole_body_kinematic_controller/solver_type] by /roslaunch
[rosmaster.master][INFO] 2025-12-18 11:39:25,936: +PARAM [/whole_body_kinematic_controller/initialize_bfp_tf] by /roslaunch
[rosmaster.master][INFO] 2025-12-18 11:39:25,936: +PARAM [/whole_body_kinematic_controller/use_home_posture] by /roslaunch
[rosmaster.master][INFO] 2025-12-18 11:39:25,936: +PARAM [/whole_body_kinematic_controller/use_odom] by /roslaunch
[rosmaster.master][INFO] 2025-12-18 11:39:25,936: +PARAM [/whole_body_kinematic_controller/robot_model_chains] by /roslaunch
[rosmaster.master][INFO] 2025-12-18 11:39:25,936: +PARAM [/whole_body_kinematic_controller/default_configuration/arm_1_joint] by /roslaunch
[rosmaster.master][INFO] 2025-12-18 11:39:25,936: +PARAM [/whole_body_kinematic_controller/default_configuration/arm_2_joint] by /roslaunch
[rosmaster.master][INFO] 2025-12-18 11:39:25,936: +PARAM [/whole_body_kinematic_controller/default_configuration/arm_3_joint] by /roslaunch
[rosmaster.master][INFO] 2025-12-18 11:39:25,936: +PARAM [/whole_body_kinematic_controller/default_configuration/arm_4_joint] by /roslaunch
[rosmaster.master][INFO] 2025-12-18 11:39:25,936: +PARAM [/whole_body_kinematic_controller/default_configuration/arm_5_joint] by /roslaunch
[rosmaster.master][INFO] 2025-12-18 11:39:25,936: +PARAM [/whole_body_kinematic_controller/default_configuration/arm_6_joint] by /roslaunch
[rosmaster.master][INFO] 2025-12-18 11:39:25,936: +PARAM [/whole_body_kinematic_controller/default_configuration/arm_7_joint] by /roslaunch
[rosmaster.master][INFO] 2025-12-18 11:39:25,936: +PARAM [/whole_body_kinematic_controller/default_configuration/head_1_joint] by /roslaunch
[rosmaster.master][INFO] 2025-12-18 11:39:25,936: +PARAM [/whole_body_kinematic_controller/default_configuration/head_2_joint] by /roslaunch
[rosmaster.master][INFO] 2025-12-18 11:39:25,936: +PARAM [/whole_body_kinematic_controller/default_configuration/torso_lift_joint] by /roslaunch
[rosmaster.master][INFO] 2025-12-18 11:39:25,936: +PARAM [/whole_body_kinematic_controller/joints/arm_1_joint/actuator_params/ball_screw_efficiency] by /roslaunch
[rosmaster.master][INFO] 2025-12-18 11:39:25,936: +PARAM [/whole_body_kinematic_controller/joints/arm_1_joint/actuator_params/ball_screw_lead] by /roslaunch
[rosmaster.master][INFO] 2025-12-18 11:39:25,936: +PARAM [/whole_body_kinematic_controller/joints/arm_1_joint/actuator_params/motor_torque_constant] by /roslaunch
[rosmaster.master][INFO] 2025-12-18 11:39:25,936: +PARAM [/whole_body_kinematic_controller/joints/arm_1_joint/actuator_params/torque_sensor_offset] by /roslaunch
[rosmaster.master][INFO] 2025-12-18 11:39:25,936: +PARAM [/whole_body_kinematic_controller/joints/arm_1_joint/actuator_params/reduction_ratio] by /roslaunch
[rosmaster.master][INFO] 2025-12-18 11:39:25,936: +PARAM [/whole_body_kinematic_controller/joints/arm_1_joint/actuator_params/actuator_names] by /roslaunch
[rosmaster.master][INFO] 2025-12-18 11:39:25,936: +PARAM [/whole_body_kinematic_controller/joints/arm_1_joint/actuator_params/check_mode] by /roslaunch
[rosmaster.master][INFO] 2025-12-18 11:39:25,937: +PARAM [/whole_body_kinematic_controller/joints/arm_1_joint/actuator_params/motor_inertia] by /roslaunch
[rosmaster.master][INFO] 2025-12-18 11:39:25,937: +PARAM [/whole_body_kinematic_controller/joints/arm_1_joint/actuator_params/static_friction] by /roslaunch
[rosmaster.master][INFO] 2025-12-18 11:39:25,937: +PARAM [/whole_body_kinematic_controller/joints/arm_1_joint/actuator_params/viscous_friction] by /roslaunch
[rosmaster.master][INFO] 2025-12-18 11:39:25,937: +PARAM [/whole_body_kinematic_controller/joints/arm_1_joint/actuator_params/joint_elasticity] by /roslaunch
[rosmaster.master][INFO] 2025-12-18 11:39:25,937: +PARAM [/whole_body_kinematic_controller/joints/arm_1_joint/actuator_params/joint_elasticity_damping] by /roslaunch
[rosmaster.master][INFO] 2025-12-18 11:39:25,937: +PARAM [/whole_body_kinematic_controller/joints/arm_1_joint/type] by /roslaunch
[rosmaster.master][INFO] 2025-12-18 11:39:25,937: +PARAM [/whole_body_kinematic_controller/joints/arm_1_joint/check_mode] by /roslaunch
[rosmaster.master][INFO] 2025-12-18 11:39:25,937: +PARAM [/whole_body_kinematic_controller/joints/arm_1_joint/open_loop] by /roslaunch
[rosmaster.master][INFO] 2025-12-18 11:39:25,937: +PARAM [/whole_body_kinematic_controller/joints/arm_2_joint/actuator_params/ball_screw_efficiency] by /roslaunch
[rosmaster.master][INFO] 2025-12-18 11:39:25,937: +PARAM [/whole_body_kinematic_controller/joints/arm_2_joint/actuator_params/ball_screw_lead] by /roslaunch
[rosmaster.master][INFO] 2025-12-18 11:39:25,937: +PARAM [/whole_body_kinematic_controller/joints/arm_2_joint/actuator_params/motor_torque_constant] by /roslaunch
[rosmaster.master][INFO] 2025-12-18 11:39:25,937: +PARAM [/whole_body_kinematic_controller/joints/arm_2_joint/actuator_params/torque_sensor_offset] by /roslaunch
[rosmaster.master][INFO] 2025-12-18 11:39:25,937: +PARAM [/whole_body_kinematic_controller/joints/arm_2_joint/actuator_params/reduction_ratio] by /roslaunch
[rosmaster.master][INFO] 2025-12-18 11:39:25,937: +PARAM [/whole_body_kinematic_controller/joints/arm_2_joint/actuator_params/actuator_names] by /roslaunch
[rosmaster.master][INFO] 2025-12-18 11:39:25,937: +PARAM [/whole_body_kinematic_controller/joints/arm_2_joint/actuator_params/check_mode] by /roslaunch
[rosmaster.master][INFO] 2025-12-18 11:39:25,937: +PARAM [/whole_body_kinematic_controller/joints/arm_2_joint/actuator_params/motor_inertia] by /roslaunch
[rosmaster.master][INFO] 2025-12-18 11:39:25,937: +PARAM [/whole_body_kinematic_controller/joints/arm_2_joint/actuator_params/static_friction] by /roslaunch
[rosmaster.master][INFO] 2025-12-18 11:39:25,937: +PARAM [/whole_body_kinematic_controller/joints/arm_2_joint/actuator_params/viscous_friction] by /roslaunch
[rosmaster.master][INFO] 2025-12-18 11:39:25,938: +PARAM [/whole_body_kinematic_controller/joints/arm_2_joint/actuator_params/joint_elasticity] by /roslaunch
[rosmaster.master][INFO] 2025-12-18 11:39:25,938: +PARAM [/whole_body_kinematic_controller/joints/arm_2_joint/actuator_params/joint_elasticity_damping] by /roslaunch
[rosmaster.master][INFO] 2025-12-18 11:39:25,938: +PARAM [/whole_body_kinematic_controller/joints/arm_2_joint/type] by /roslaunch
[rosmaster.master][INFO] 2025-12-18 11:39:25,938: +PARAM [/whole_body_kinematic_controller/joints/arm_2_joint/check_mode] by /roslaunch
[rosmaster.master][INFO] 2025-12-18 11:39:25,938: +PARAM [/whole_body_kinematic_controller/joints/arm_2_joint/open_loop] by /roslaunch
[rosmaster.master][INFO] 2025-12-18 11:39:25,938: +PARAM [/whole_body_kinematic_controller/joints/arm_3_joint/actuator_params/ball_screw_efficiency] by /roslaunch
[rosmaster.master][INFO] 2025-12-18 11:39:25,938: +PARAM [/whole_body_kinematic_controller/joints/arm_3_joint/actuator_params/ball_screw_lead] by /roslaunch
[rosmaster.master][INFO] 2025-12-18 11:39:25,938: +PARAM [/whole_body_kinematic_controller/joints/arm_3_joint/actuator_params/motor_torque_constant] by /roslaunch
[rosmaster.master][INFO] 2025-12-18 11:39:25,938: +PARAM [/whole_body_kinematic_controller/joints/arm_3_joint/actuator_params/torque_sensor_offset] by /roslaunch
[rosmaster.master][INFO] 2025-12-18 11:39:25,938: +PARAM [/whole_body_kinematic_controller/joints/arm_3_joint/actuator_params/reduction_ratio] by /roslaunch
[rosmaster.master][INFO] 2025-12-18 11:39:25,938: +PARAM [/whole_body_kinematic_controller/joints/arm_3_joint/actuator_params/actuator_names] by /roslaunch
[rosmaster.master][INFO] 2025-12-18 11:39:25,938: +PARAM [/whole_body_kinematic_controller/joints/arm_3_joint/actuator_params/check_mode] by /roslaunch
[rosmaster.master][INFO] 2025-12-18 11:39:25,938: +PARAM [/whole_body_kinematic_controller/joints/arm_3_joint/actuator_params/motor_inertia] by /roslaunch
[rosmaster.master][INFO] 2025-12-18 11:39:25,938: +PARAM [/whole_body_kinematic_controller/joints/arm_3_joint/actuator_params/static_friction] by /roslaunch
[rosmaster.master][INFO] 2025-12-18 11:39:25,938: +PARAM [/whole_body_kinematic_controller/joints/arm_3_joint/actuator_params/viscous_friction] by /roslaunch
[rosmaster.master][INFO] 2025-12-18 11:39:25,938: +PARAM [/whole_body_kinematic_controller/joints/arm_3_joint/actuator_params/joint_elasticity] by /roslaunch
[rosmaster.master][INFO] 2025-12-18 11:39:25,938: +PARAM [/whole_body_kinematic_controller/joints/arm_3_joint/actuator_params/joint_elasticity_damping] by /roslaunch
[rosmaster.master][INFO] 2025-12-18 11:39:25,938: +PARAM [/whole_body_kinematic_controller/joints/arm_3_joint/type] by /roslaunch
[rosmaster.master][INFO] 2025-12-18 11:39:25,939: +PARAM [/whole_body_kinematic_controller/joints/arm_3_joint/check_mode] by /roslaunch
[rosmaster.master][INFO] 2025-12-18 11:39:25,939: +PARAM [/whole_body_kinematic_controller/joints/arm_3_joint/open_loop] by /roslaunch
[rosmaster.master][INFO] 2025-12-18 11:39:25,939: +PARAM [/whole_body_kinematic_controller/joints/arm_4_joint/actuator_params/ball_screw_efficiency] by /roslaunch
[rosmaster.master][INFO] 2025-12-18 11:39:25,939: +PARAM [/whole_body_kinematic_controller/joints/arm_4_joint/actuator_params/ball_screw_lead] by /roslaunch
[rosmaster.master][INFO] 2025-12-18 11:39:25,939: +PARAM [/whole_body_kinematic_controller/joints/arm_4_joint/actuator_params/motor_torque_constant] by /roslaunch
[rosmaster.master][INFO] 2025-12-18 11:39:25,939: +PARAM [/whole_body_kinematic_controller/joints/arm_4_joint/actuator_params/torque_sensor_offset] by /roslaunch
[rosmaster.master][INFO] 2025-12-18 11:39:25,939: +PARAM [/whole_body_kinematic_controller/joints/arm_4_joint/actuator_params/reduction_ratio] by /roslaunch
[rosmaster.master][INFO] 2025-12-18 11:39:25,939: +PARAM [/whole_body_kinematic_controller/joints/arm_4_joint/actuator_params/actuator_names] by /roslaunch
[rosmaster.master][INFO] 2025-12-18 11:39:25,939: +PARAM [/whole_body_kinematic_controller/joints/arm_4_joint/actuator_params/check_mode] by /roslaunch
[rosmaster.master][INFO] 2025-12-18 11:39:25,939: +PARAM [/whole_body_kinematic_controller/joints/arm_4_joint/actuator_params/motor_inertia] by /roslaunch
[rosmaster.master][INFO] 2025-12-18 11:39:25,939: +PARAM [/whole_body_kinematic_controller/joints/arm_4_joint/actuator_params/static_friction] by /roslaunch
[rosmaster.master][INFO] 2025-12-18 11:39:25,939: +PARAM [/whole_body_kinematic_controller/joints/arm_4_joint/actuator_params/viscous_friction] by /roslaunch
[rosmaster.master][INFO] 2025-12-18 11:39:25,939: +PARAM [/whole_body_kinematic_controller/joints/arm_4_joint/actuator_params/joint_elasticity] by /roslaunch
[rosmaster.master][INFO] 2025-12-18 11:39:25,939: +PARAM [/whole_body_kinematic_controller/joints/arm_4_joint/actuator_params/joint_elasticity_damping] by /roslaunch
[rosmaster.master][INFO] 2025-12-18 11:39:25,939: +PARAM [/whole_body_kinematic_controller/joints/arm_4_joint/type] by /roslaunch
[rosmaster.master][INFO] 2025-12-18 11:39:25,939: +PARAM [/whole_body_kinematic_controller/joints/arm_4_joint/check_mode] by /roslaunch
[rosmaster.master][INFO] 2025-12-18 11:39:25,939: +PARAM [/whole_body_kinematic_controller/joints/arm_4_joint/open_loop] by /roslaunch
[rosmaster.master][INFO] 2025-12-18 11:39:25,939: +PARAM [/whole_body_kinematic_controller/joints/arm_5_joint/actuator_params/ball_screw_efficiency] by /roslaunch
[rosmaster.master][INFO] 2025-12-18 11:39:25,939: +PARAM [/whole_body_kinematic_controller/joints/arm_5_joint/actuator_params/ball_screw_lead] by /roslaunch
[rosmaster.master][INFO] 2025-12-18 11:39:25,940: +PARAM [/whole_body_kinematic_controller/joints/arm_5_joint/actuator_params/motor_torque_constant] by /roslaunch
[rosmaster.master][INFO] 2025-12-18 11:39:25,940: +PARAM [/whole_body_kinematic_controller/joints/arm_5_joint/actuator_params/torque_sensor_offset] by /roslaunch
[rosmaster.master][INFO] 2025-12-18 11:39:25,940: +PARAM [/whole_body_kinematic_controller/joints/arm_5_joint/actuator_params/reduction_ratio] by /roslaunch
[rosmaster.master][INFO] 2025-12-18 11:39:25,940: +PARAM [/whole_body_kinematic_controller/joints/arm_5_joint/actuator_params/actuator_names] by /roslaunch
[rosmaster.master][INFO] 2025-12-18 11:39:25,940: +PARAM [/whole_body_kinematic_controller/joints/arm_5_joint/actuator_params/check_mode] by /roslaunch
[rosmaster.master][INFO] 2025-12-18 11:39:25,940: +PARAM [/whole_body_kinematic_controller/joints/arm_5_joint/actuator_params/motor_inertia] by /roslaunch
[rosmaster.master][INFO] 2025-12-18 11:39:25,940: +PARAM [/whole_body_kinematic_controller/joints/arm_5_joint/actuator_params/static_friction] by /roslaunch
[rosmaster.master][INFO] 2025-12-18 11:39:25,940: +PARAM [/whole_body_kinematic_controller/joints/arm_5_joint/actuator_params/viscous_friction] by /roslaunch
[rosmaster.master][INFO] 2025-12-18 11:39:25,940: +PARAM [/whole_body_kinematic_controller/joints/arm_5_joint/actuator_params/joint_elasticity] by /roslaunch
[rosmaster.master][INFO] 2025-12-18 11:39:25,940: +PARAM [/whole_body_kinematic_controller/joints/arm_5_joint/actuator_params/joint_elasticity_damping] by /roslaunch
[rosmaster.master][INFO] 2025-12-18 11:39:25,940: +PARAM [/whole_body_kinematic_controller/joints/arm_5_joint/type] by /roslaunch
[rosmaster.master][INFO] 2025-12-18 11:39:25,940: +PARAM [/whole_body_kinematic_controller/joints/arm_5_joint/check_mode] by /roslaunch
[rosmaster.master][INFO] 2025-12-18 11:39:25,940: +PARAM [/whole_body_kinematic_controller/joints/arm_5_joint/open_loop] by /roslaunch
[rosmaster.master][INFO] 2025-12-18 11:39:25,940: +PARAM [/whole_body_kinematic_controller/joints/arm_6_joint/actuator_params/ball_screw_efficiency] by /roslaunch
[rosmaster.master][INFO] 2025-12-18 11:39:25,940: +PARAM [/whole_body_kinematic_controller/joints/arm_6_joint/actuator_params/ball_screw_lead] by /roslaunch
[rosmaster.master][INFO] 2025-12-18 11:39:25,940: +PARAM [/whole_body_kinematic_controller/joints/arm_6_joint/actuator_params/motor_torque_constant] by /roslaunch
[rosmaster.master][INFO] 2025-12-18 11:39:25,940: +PARAM [/whole_body_kinematic_controller/joints/arm_6_joint/actuator_params/torque_sensor_offset] by /roslaunch
[rosmaster.master][INFO] 2025-12-18 11:39:25,940: +PARAM [/whole_body_kinematic_controller/joints/arm_6_joint/actuator_params/reduction_ratio] by /roslaunch
[rosmaster.master][INFO] 2025-12-18 11:39:25,940: +PARAM [/whole_body_kinematic_controller/joints/arm_6_joint/actuator_params/actuator_names] by /roslaunch
[rosmaster.master][INFO] 2025-12-18 11:39:25,940: +PARAM [/whole_body_kinematic_controller/joints/arm_6_joint/actuator_params/check_mode] by /roslaunch
[rosmaster.master][INFO] 2025-12-18 11:39:25,941: +PARAM [/whole_body_kinematic_controller/joints/arm_6_joint/actuator_params/motor_inertia] by /roslaunch
[rosmaster.master][INFO] 2025-12-18 11:39:25,941: +PARAM [/whole_body_kinematic_controller/joints/arm_6_joint/actuator_params/static_friction] by /roslaunch
[rosmaster.master][INFO] 2025-12-18 11:39:25,941: +PARAM [/whole_body_kinematic_controller/joints/arm_6_joint/actuator_params/viscous_friction] by /roslaunch
[rosmaster.master][INFO] 2025-12-18 11:39:25,941: +PARAM [/whole_body_kinematic_controller/joints/arm_6_joint/actuator_params/joint_elasticity] by /roslaunch
[rosmaster.master][INFO] 2025-12-18 11:39:25,941: +PARAM [/whole_body_kinematic_controller/joints/arm_6_joint/actuator_params/joint_elasticity_damping] by /roslaunch
[rosmaster.master][INFO] 2025-12-18 11:39:25,941: +PARAM [/whole_body_kinematic_controller/joints/arm_6_joint/type] by /roslaunch
[rosmaster.master][INFO] 2025-12-18 11:39:25,941: +PARAM [/whole_body_kinematic_controller/joints/arm_6_joint/check_mode] by /roslaunch
[rosmaster.master][INFO] 2025-12-18 11:39:25,941: +PARAM [/whole_body_kinematic_controller/joints/arm_6_joint/open_loop] by /roslaunch
[rosmaster.master][INFO] 2025-12-18 11:39:25,941: +PARAM [/whole_body_kinematic_controller/joints/arm_7_joint/actuator_params/ball_screw_efficiency] by /roslaunch
[rosmaster.master][INFO] 2025-12-18 11:39:25,941: +PARAM [/whole_body_kinematic_controller/joints/arm_7_joint/actuator_params/ball_screw_lead] by /roslaunch
[rosmaster.master][INFO] 2025-12-18 11:39:25,941: +PARAM [/whole_body_kinematic_controller/joints/arm_7_joint/actuator_params/motor_torque_constant] by /roslaunch
[rosmaster.master][INFO] 2025-12-18 11:39:25,941: +PARAM [/whole_body_kinematic_controller/joints/arm_7_joint/actuator_params/torque_sensor_offset] by /roslaunch
[rosmaster.master][INFO] 2025-12-18 11:39:25,941: +PARAM [/whole_body_kinematic_controller/joints/arm_7_joint/actuator_params/reduction_ratio] by /roslaunch
[rosmaster.master][INFO] 2025-12-18 11:39:25,941: +PARAM [/whole_body_kinematic_controller/joints/arm_7_joint/actuator_params/actuator_names] by /roslaunch
[rosmaster.master][INFO] 2025-12-18 11:39:25,941: +PARAM [/whole_body_kinematic_controller/joints/arm_7_joint/actuator_params/check_mode] by /roslaunch
[rosmaster.master][INFO] 2025-12-18 11:39:25,941: +PARAM [/whole_body_kinematic_controller/joints/arm_7_joint/actuator_params/motor_inertia] by /roslaunch
[rosmaster.master][INFO] 2025-12-18 11:39:25,941: +PARAM [/whole_body_kinematic_controller/joints/arm_7_joint/actuator_params/static_friction] by /roslaunch
[rosmaster.master][INFO] 2025-12-18 11:39:25,941: +PARAM [/whole_body_kinematic_controller/joints/arm_7_joint/actuator_params/viscous_friction] by /roslaunch
[rosmaster.master][INFO] 2025-12-18 11:39:25,941: +PARAM [/whole_body_kinematic_controller/joints/arm_7_joint/actuator_params/joint_elasticity] by /roslaunch
[rosmaster.master][INFO] 2025-12-18 11:39:25,942: +PARAM [/whole_body_kinematic_controller/joints/arm_7_joint/actuator_params/joint_elasticity_damping] by /roslaunch
[rosmaster.master][INFO] 2025-12-18 11:39:25,942: +PARAM [/whole_body_kinematic_controller/joints/arm_7_joint/type] by /roslaunch
[rosmaster.master][INFO] 2025-12-18 11:39:25,942: +PARAM [/whole_body_kinematic_controller/joints/arm_7_joint/check_mode] by /roslaunch
[rosmaster.master][INFO] 2025-12-18 11:39:25,942: +PARAM [/whole_body_kinematic_controller/joints/arm_7_joint/open_loop] by /roslaunch
[rosmaster.master][INFO] 2025-12-18 11:39:25,942: +PARAM [/whole_body_kinematic_controller/joints/head_1_joint/actuator_params/ball_screw_efficiency] by /roslaunch
[rosmaster.master][INFO] 2025-12-18 11:39:25,942: +PARAM [/whole_body_kinematic_controller/joints/head_1_joint/actuator_params/ball_screw_lead] by /roslaunch
[rosmaster.master][INFO] 2025-12-18 11:39:25,942: +PARAM [/whole_body_kinematic_controller/joints/head_1_joint/actuator_params/motor_torque_constant] by /roslaunch
[rosmaster.master][INFO] 2025-12-18 11:39:25,942: +PARAM [/whole_body_kinematic_controller/joints/head_1_joint/actuator_params/torque_sensor_offset] by /roslaunch
[rosmaster.master][INFO] 2025-12-18 11:39:25,942: +PARAM [/whole_body_kinematic_controller/joints/head_1_joint/actuator_params/reduction_ratio] by /roslaunch
[rosmaster.master][INFO] 2025-12-18 11:39:25,942: +PARAM [/whole_body_kinematic_controller/joints/head_1_joint/actuator_params/actuator_names] by /roslaunch
[rosmaster.master][INFO] 2025-12-18 11:39:25,942: +PARAM [/whole_body_kinematic_controller/joints/head_1_joint/actuator_params/check_mode] by /roslaunch
[rosmaster.master][INFO] 2025-12-18 11:39:25,942: +PARAM [/whole_body_kinematic_controller/joints/head_1_joint/actuator_params/motor_inertia] by /roslaunch
[rosmaster.master][INFO] 2025-12-18 11:39:25,942: +PARAM [/whole_body_kinematic_controller/joints/head_1_joint/actuator_params/static_friction] by /roslaunch
[rosmaster.master][INFO] 2025-12-18 11:39:25,942: +PARAM [/whole_body_kinematic_controller/joints/head_1_joint/actuator_params/viscous_friction] by /roslaunch
[rosmaster.master][INFO] 2025-12-18 11:39:25,942: +PARAM [/whole_body_kinematic_controller/joints/head_1_joint/actuator_params/joint_elasticity] by /roslaunch
[rosmaster.master][INFO] 2025-12-18 11:39:25,942: +PARAM [/whole_body_kinematic_controller/joints/head_1_joint/actuator_params/joint_elasticity_damping] by /roslaunch
[rosmaster.master][INFO] 2025-12-18 11:39:25,943: +PARAM [/whole_body_kinematic_controller/joints/head_1_joint/type] by /roslaunch
[rosmaster.master][INFO] 2025-12-18 11:39:25,943: +PARAM [/whole_body_kinematic_controller/joints/head_1_joint/check_mode] by /roslaunch
[rosmaster.master][INFO] 2025-12-18 11:39:25,943: +PARAM [/whole_body_kinematic_controller/joints/head_1_joint/open_loop] by /roslaunch
[rosmaster.master][INFO] 2025-12-18 11:39:25,943: +PARAM [/whole_body_kinematic_controller/joints/head_2_joint/actuator_params/ball_screw_efficiency] by /roslaunch
[rosmaster.master][INFO] 2025-12-18 11:39:25,943: +PARAM [/whole_body_kinematic_controller/joints/head_2_joint/actuator_params/ball_screw_lead] by /roslaunch
[rosmaster.master][INFO] 2025-12-18 11:39:25,943: +PARAM [/whole_body_kinematic_controller/joints/head_2_joint/actuator_params/motor_torque_constant] by /roslaunch
[rosmaster.master][INFO] 2025-12-18 11:39:25,943: +PARAM [/whole_body_kinematic_controller/joints/head_2_joint/actuator_params/torque_sensor_offset] by /roslaunch
[rosmaster.master][INFO] 2025-12-18 11:39:25,943: +PARAM [/whole_body_kinematic_controller/joints/head_2_joint/actuator_params/reduction_ratio] by /roslaunch
[rosmaster.master][INFO] 2025-12-18 11:39:25,943: +PARAM [/whole_body_kinematic_controller/joints/head_2_joint/actuator_params/actuator_names] by /roslaunch
[rosmaster.master][INFO] 2025-12-18 11:39:25,943: +PARAM [/whole_body_kinematic_controller/joints/head_2_joint/actuator_params/check_mode] by /roslaunch
[rosmaster.master][INFO] 2025-12-18 11:39:25,943: +PARAM [/whole_body_kinematic_controller/joints/head_2_joint/actuator_params/motor_inertia] by /roslaunch
[rosmaster.master][INFO] 2025-12-18 11:39:25,943: +PARAM [/whole_body_kinematic_controller/joints/head_2_joint/actuator_params/static_friction] by /roslaunch
[rosmaster.master][INFO] 2025-12-18 11:39:25,943: +PARAM [/whole_body_kinematic_controller/joints/head_2_joint/actuator_params/viscous_friction] by /roslaunch
[rosmaster.master][INFO] 2025-12-18 11:39:25,943: +PARAM [/whole_body_kinematic_controller/joints/head_2_joint/actuator_params/joint_elasticity] by /roslaunch
[rosmaster.master][INFO] 2025-12-18 11:39:25,943: +PARAM [/whole_body_kinematic_controller/joints/head_2_joint/actuator_params/joint_elasticity_damping] by /roslaunch
[rosmaster.master][INFO] 2025-12-18 11:39:25,943: +PARAM [/whole_body_kinematic_controller/joints/head_2_joint/type] by /roslaunch
[rosmaster.master][INFO] 2025-12-18 11:39:25,943: +PARAM [/whole_body_kinematic_controller/joints/head_2_joint/check_mode] by /roslaunch
[rosmaster.master][INFO] 2025-12-18 11:39:25,943: +PARAM [/whole_body_kinematic_controller/joints/head_2_joint/open_loop] by /roslaunch
[rosmaster.master][INFO] 2025-12-18 11:39:25,943: +PARAM [/whole_body_kinematic_controller/joints/torso_lift_joint/actuator_params/ball_screw_efficiency] by /roslaunch
[rosmaster.master][INFO] 2025-12-18 11:39:25,944: +PARAM [/whole_body_kinematic_controller/joints/torso_lift_joint/actuator_params/ball_screw_lead] by /roslaunch
[rosmaster.master][INFO] 2025-12-18 11:39:25,944: +PARAM [/whole_body_kinematic_controller/joints/torso_lift_joint/actuator_params/motor_torque_constant] by /roslaunch
[rosmaster.master][INFO] 2025-12-18 11:39:25,944: +PARAM [/whole_body_kinematic_controller/joints/torso_lift_joint/actuator_params/torque_sensor_offset] by /roslaunch
[rosmaster.master][INFO] 2025-12-18 11:39:25,944: +PARAM [/whole_body_kinematic_controller/joints/torso_lift_joint/actuator_params/reduction_ratio] by /roslaunch
[rosmaster.master][INFO] 2025-12-18 11:39:25,944: +PARAM [/whole_body_kinematic_controller/joints/torso_lift_joint/actuator_params/actuator_names] by /roslaunch
[rosmaster.master][INFO] 2025-12-18 11:39:25,944: +PARAM [/whole_body_kinematic_controller/joints/torso_lift_joint/actuator_params/check_mode] by /roslaunch
[rosmaster.master][INFO] 2025-12-18 11:39:25,944: +PARAM [/whole_body_kinematic_controller/joints/torso_lift_joint/actuator_params/motor_inertia] by /roslaunch
[rosmaster.master][INFO] 2025-12-18 11:39:25,944: +PARAM [/whole_body_kinematic_controller/joints/torso_lift_joint/actuator_params/static_friction] by /roslaunch
[rosmaster.master][INFO] 2025-12-18 11:39:25,944: +PARAM [/whole_body_kinematic_controller/joints/torso_lift_joint/actuator_params/viscous_friction] by /roslaunch
[rosmaster.master][INFO] 2025-12-18 11:39:25,944: +PARAM [/whole_body_kinematic_controller/joints/torso_lift_joint/actuator_params/joint_elasticity] by /roslaunch
[rosmaster.master][INFO] 2025-12-18 11:39:25,944: +PARAM [/whole_body_kinematic_controller/joints/torso_lift_joint/actuator_params/joint_elasticity_damping] by /roslaunch
[rosmaster.master][INFO] 2025-12-18 11:39:25,944: +PARAM [/whole_body_kinematic_controller/joints/torso_lift_joint/type] by /roslaunch
[rosmaster.master][INFO] 2025-12-18 11:39:25,944: +PARAM [/whole_body_kinematic_controller/joints/torso_lift_joint/check_mode] by /roslaunch
[rosmaster.master][INFO] 2025-12-18 11:39:25,944: +PARAM [/whole_body_kinematic_controller/joints/torso_lift_joint/open_loop] by /roslaunch
[rosmaster.master][INFO] 2025-12-18 11:39:26,091: +PUB [/rosout] /head_controller/point_head_action http://127.0.0.1:34545/
[rosmaster.master][INFO] 2025-12-18 11:39:26,092: +SERVICE [/head_controller/point_head_action/get_loggers] /head_controller/point_head_action http://127.0.0.1:34545/
[rosmaster.master][INFO] 2025-12-18 11:39:26,093: +SERVICE [/head_controller/point_head_action/set_logger_level] /head_controller/point_head_action http://127.0.0.1:34545/
[rosmaster.master][INFO] 2025-12-18 11:39:26,101: +SUB [/clock] /head_controller/point_head_action http://127.0.0.1:34545/
[rosmaster.master][INFO] 2025-12-18 11:39:26,117: publisherUpdate[/rosout] -> http://127.0.0.1:38997/ ['http://127.0.0.1:34545/']
[rosmaster.master][INFO] 2025-12-18 11:39:26,128: publisherUpdate[/rosout] -> http://127.0.0.1:38997/ ['http://127.0.0.1:34545/']: sec=0.01, result=[1, '', 0]
[rosmaster.master][INFO] 2025-12-18 11:39:26,131: +SUB [/tf] /head_controller/point_head_action http://127.0.0.1:34545/
[rosmaster.master][INFO] 2025-12-18 11:39:26,137: +SUB [/tf_static] /head_controller/point_head_action http://127.0.0.1:34545/
[rosmaster.master][INFO] 2025-12-18 11:39:26,145: +PUB [/head_controller/command] /head_controller/point_head_action http://127.0.0.1:34545/
[rosmaster.master][INFO] 2025-12-18 11:39:26,152: +SUB [/head_controller/state] /head_controller/point_head_action http://127.0.0.1:34545/
[rosmaster.master][INFO] 2025-12-18 11:39:26,157: +CACHEDPARAM [/rosout_disable_topics_generation] by /head_controller/point_head_action
[rosmaster.master][INFO] 2025-12-18 11:39:26,200: +PUB [/head_controller/point_head_action/result] /head_controller/point_head_action http://127.0.0.1:34545/
[rosmaster.master][INFO] 2025-12-18 11:39:26,201: +PUB [/head_controller/point_head_action/feedback] /head_controller/point_head_action http://127.0.0.1:34545/
[rosmaster.master][INFO] 2025-12-18 11:39:26,202: +PUB [/head_controller/point_head_action/status] /head_controller/point_head_action http://127.0.0.1:34545/
[rosmaster.master][INFO] 2025-12-18 11:39:26,209: +SUB [/head_controller/point_head_action/goal] /head_controller/point_head_action http://127.0.0.1:34545/
[rosmaster.master][INFO] 2025-12-18 11:39:26,222: +SUB [/head_controller/point_head_action/cancel] /head_controller/point_head_action http://127.0.0.1:34545/
[rosmaster.master][INFO] 2025-12-18 11:39:26,327: +PUB [/rosout] /tf_lookup http://127.0.0.1:33609/
[rosmaster.master][INFO] 2025-12-18 11:39:26,328: +SERVICE [/tf_lookup/get_loggers] /tf_lookup http://127.0.0.1:33609/
[rosmaster.master][INFO] 2025-12-18 11:39:26,329: +SERVICE [/tf_lookup/set_logger_level] /tf_lookup http://127.0.0.1:33609/
[rosmaster.master][INFO] 2025-12-18 11:39:26,333: +SUB [/clock] /tf_lookup http://127.0.0.1:33609/
[rosmaster.master][INFO] 2025-12-18 11:39:26,333: publisherUpdate[/rosout] -> http://127.0.0.1:38997/ ['http://127.0.0.1:34545/', 'http://127.0.0.1:33609/']
[rosmaster.master][INFO] 2025-12-18 11:39:26,338: publisherUpdate[/rosout] -> http://127.0.0.1:38997/ ['http://127.0.0.1:34545/', 'http://127.0.0.1:33609/']: sec=0.00, result=[1, '', 0]
[rosmaster.master][INFO] 2025-12-18 11:39:26,343: +SUB [/tf] /tf_lookup http://127.0.0.1:33609/
[rosmaster.master][INFO] 2025-12-18 11:39:26,351: +SUB [/tf_static] /tf_lookup http://127.0.0.1:33609/
[rosmaster.master][INFO] 2025-12-18 11:39:26,366: +CACHEDPARAM [/rosout_disable_topics_generation] by /tf_lookup
[rosmaster.master][INFO] 2025-12-18 11:39:26,369: +SERVICE [/lookupTransform] /tf_lookup http://127.0.0.1:33609/
[rosmaster.master][INFO] 2025-12-18 11:39:26,370: +PUB [/rosout] /play_motion http://127.0.0.1:35333/
[rosmaster.master][INFO] 2025-12-18 11:39:26,380: +PUB [/rosout] /robot_state_publisher http://127.0.0.1:36289/
[rosmaster.master][INFO] 2025-12-18 11:39:26,385: +SERVICE [/play_motion/get_loggers] /play_motion http://127.0.0.1:35333/
[rosmaster.master][INFO] 2025-12-18 11:39:26,385: +SERVICE [/robot_state_publisher/get_loggers] /robot_state_publisher http://127.0.0.1:36289/
[rosmaster.master][INFO] 2025-12-18 11:39:26,386: +PUB [/tf_lookup/result] /tf_lookup http://127.0.0.1:33609/
[rosmaster.master][INFO] 2025-12-18 11:39:26,388: +SERVICE [/robot_state_publisher/set_logger_level] /robot_state_publisher http://127.0.0.1:36289/
[rosmaster.master][INFO] 2025-12-18 11:39:26,390: +SERVICE [/play_motion/set_logger_level] /play_motion http://127.0.0.1:35333/
[rosmaster.master][INFO] 2025-12-18 11:39:26,393: +PUB [/tf_lookup/feedback] /tf_lookup http://127.0.0.1:33609/
[rosmaster.master][INFO] 2025-12-18 11:39:26,400: +PUB [/rosout] /twist_mux http://127.0.0.1:35471/
[rosmaster.master][INFO] 2025-12-18 11:39:26,401: +SERVICE [/twist_mux/get_loggers] /twist_mux http://127.0.0.1:35471/
[rosmaster.master][INFO] 2025-12-18 11:39:26,404: +PUB [/tf_lookup/status] /tf_lookup http://127.0.0.1:33609/
[rosmaster.master][INFO] 2025-12-18 11:39:26,407: +SUB [/clock] /robot_state_publisher http://127.0.0.1:36289/
[rosmaster.master][INFO] 2025-12-18 11:39:26,414: +SERVICE [/twist_mux/set_logger_level] /twist_mux http://127.0.0.1:35471/
[rosmaster.master][INFO] 2025-12-18 11:39:26,416: +SUB [/clock] /play_motion http://127.0.0.1:35333/
[rosmaster.master][INFO] 2025-12-18 11:39:26,425: publisherUpdate[/rosout] -> http://127.0.0.1:38997/ ['http://127.0.0.1:34545/', 'http://127.0.0.1:33609/', 'http://127.0.0.1:35333/']
[rosmaster.master][INFO] 2025-12-18 11:39:26,433: publisherUpdate[/rosout] -> http://127.0.0.1:38997/ ['http://127.0.0.1:34545/', 'http://127.0.0.1:33609/', 'http://127.0.0.1:35333/']: sec=0.01, result=[1, '', 0]
[rosmaster.master][INFO] 2025-12-18 11:39:26,438: publisherUpdate[/rosout] -> http://127.0.0.1:38997/ ['http://127.0.0.1:34545/', 'http://127.0.0.1:33609/', 'http://127.0.0.1:35333/', 'http://127.0.0.1:36289/']
[rosmaster.master][INFO] 2025-12-18 11:39:26,442: +PUB [/rosout] /twist_marker http://127.0.0.1:37485/
[rosmaster.master][INFO] 2025-12-18 11:39:26,446: publisherUpdate[/rosout] -> http://127.0.0.1:38997/ ['http://127.0.0.1:34545/', 'http://127.0.0.1:33609/', 'http://127.0.0.1:35333/', 'http://127.0.0.1:36289/']: sec=0.01, result=[1, '', 0]
[rosmaster.master][INFO] 2025-12-18 11:39:26,452: publisherUpdate[/rosout] -> http://127.0.0.1:38997/ ['http://127.0.0.1:34545/', 'http://127.0.0.1:33609/', 'http://127.0.0.1:35333/', 'http://127.0.0.1:36289/', 'http://127.0.0.1:35471/']
[rosmaster.master][INFO] 2025-12-18 11:39:26,453: publisherUpdate[/rosout] -> http://127.0.0.1:38997/ ['http://127.0.0.1:34545/', 'http://127.0.0.1:33609/', 'http://127.0.0.1:35333/', 'http://127.0.0.1:36289/', 'http://127.0.0.1:35471/']: sec=0.00, result=[1, '', 0]
[rosmaster.master][INFO] 2025-12-18 11:39:26,453: publisherUpdate[/rosout] -> http://127.0.0.1:38997/ ['http://127.0.0.1:34545/', 'http://127.0.0.1:33609/', 'http://127.0.0.1:35333/', 'http://127.0.0.1:36289/', 'http://127.0.0.1:35471/', 'http://127.0.0.1:37485/']
[rosmaster.master][INFO] 2025-12-18 11:39:26,447: +SUB [/clock] /twist_mux http://127.0.0.1:35471/
[rosmaster.master][INFO] 2025-12-18 11:39:26,454: +SERVICE [/twist_marker/get_loggers] /twist_marker http://127.0.0.1:37485/
[rosmaster.master][INFO] 2025-12-18 11:39:26,455: +CACHEDPARAM [/twist_mux/topics] by /twist_mux
[rosmaster.master][INFO] 2025-12-18 11:39:26,456: +SUB [/tf_lookup/goal] /tf_lookup http://127.0.0.1:33609/
[rosmaster.master][INFO] 2025-12-18 11:39:26,457: +SUB [/joint_states] /play_motion http://127.0.0.1:35333/
[rosmaster.master][INFO] 2025-12-18 11:39:26,463: +SERVICE [/twist_marker/set_logger_level] /twist_marker http://127.0.0.1:37485/
[rosmaster.master][INFO] 2025-12-18 11:39:26,464: publisherUpdate[/rosout] -> http://127.0.0.1:38997/ ['http://127.0.0.1:34545/', 'http://127.0.0.1:33609/', 'http://127.0.0.1:35333/', 'http://127.0.0.1:36289/', 'http://127.0.0.1:35471/', 'http://127.0.0.1:37485/']: sec=0.01, result=[1, '', 0]
[rosmaster.master][INFO] 2025-12-18 11:39:26,472: +CACHEDPARAM [/rosout_disable_topics_generation] by /twist_mux
[rosmaster.master][INFO] 2025-12-18 11:39:26,472: +SUB [/tf_lookup/cancel] /tf_lookup http://127.0.0.1:33609/
[rosmaster.master][INFO] 2025-12-18 11:39:26,485: +PUB [/tf] /robot_state_publisher http://127.0.0.1:36289/
[rosmaster.master][INFO] 2025-12-18 11:39:26,501: +PUB [/tf_stream/result] /tf_lookup http://127.0.0.1:33609/
[rosmaster.master][INFO] 2025-12-18 11:39:26,505: +PUB [/tf_static] /robot_state_publisher http://127.0.0.1:36289/
[rosmaster.master][INFO] 2025-12-18 11:39:26,505: +SUB [/clock] /twist_marker http://127.0.0.1:37485/
[rosmaster.master][INFO] 2025-12-18 11:39:26,510: +SUB [/nav_vel] /twist_mux http://127.0.0.1:35471/
[rosmaster.master][INFO] 2025-12-18 11:39:26,510: +SUB [/tf] /play_motion http://127.0.0.1:35333/
[rosmaster.master][INFO] 2025-12-18 11:39:26,511: +PUB [/tf_stream/feedback] /tf_lookup http://127.0.0.1:33609/
[rosmaster.master][INFO] 2025-12-18 11:39:26,513: +PUB [/twist_marker] /twist_marker http://127.0.0.1:37485/
[rosmaster.master][INFO] 2025-12-18 11:39:26,516: +PUB [/tf_stream/status] /tf_lookup http://127.0.0.1:33609/
[rosmaster.master][INFO] 2025-12-18 11:39:26,526: +SUB [/joy_vel] /twist_mux http://127.0.0.1:35471/
[rosmaster.master][INFO] 2025-12-18 11:39:26,529: +SUB [/tf_static] /play_motion http://127.0.0.1:35333/
[rosmaster.master][INFO] 2025-12-18 11:39:26,529: publisherUpdate[/tf] -> http://127.0.0.1:34545/ ['http://127.0.0.1:36289/']
[rosmaster.master][INFO] 2025-12-18 11:39:26,534: publisherUpdate[/tf] -> http://127.0.0.1:34545/ ['http://127.0.0.1:36289/']: sec=0.00, result=[1, '', 0]
[rosmaster.master][INFO] 2025-12-18 11:39:26,535: publisherUpdate[/tf] -> http://127.0.0.1:33609/ ['http://127.0.0.1:36289/']
[rosmaster.master][INFO] 2025-12-18 11:39:26,533: +SUB [/mobile_base_controller/cmd_vel] /twist_marker http://127.0.0.1:37485/
[rosmaster.master][INFO] 2025-12-18 11:39:26,543: publisherUpdate[/tf_static] -> http://127.0.0.1:34545/ ['http://127.0.0.1:36289/']
[rosmaster.master][INFO] 2025-12-18 11:39:26,548: publisherUpdate[/tf_static] -> http://127.0.0.1:34545/ ['http://127.0.0.1:36289/']: sec=0.00, result=[1, '', 0]
[rosmaster.master][INFO] 2025-12-18 11:39:26,549: +SUB [/tf_stream/goal] /tf_lookup http://127.0.0.1:33609/
[rosmaster.master][INFO] 2025-12-18 11:39:26,553: +SUB [/joint_states] /robot_state_publisher http://127.0.0.1:36289/
[rosmaster.master][INFO] 2025-12-18 11:39:26,555: +SUB [/key_vel] /twist_mux http://127.0.0.1:35471/
[rosmaster.master][INFO] 2025-12-18 11:39:26,559: publisherUpdate[/tf] -> http://127.0.0.1:33609/ ['http://127.0.0.1:36289/']: sec=0.02, result=[1, '', 0]
[rosmaster.master][INFO] 2025-12-18 11:39:26,559: publisherUpdate[/tf_static] -> http://127.0.0.1:33609/ ['http://127.0.0.1:36289/']
[rosmaster.master][INFO] 2025-12-18 11:39:26,572: +SUB [/tf_stream/cancel] /tf_lookup http://127.0.0.1:33609/
[rosmaster.master][INFO] 2025-12-18 11:39:26,576: +SUB [/tab_vel] /twist_mux http://127.0.0.1:35471/
[rosmaster.master][INFO] 2025-12-18 11:39:26,580: publisherUpdate[/tf_static] -> http://127.0.0.1:33609/ ['http://127.0.0.1:36289/']: sec=0.02, result=[1, '', 0]
[rosmaster.master][INFO] 2025-12-18 11:39:26,590: +CACHEDPARAM [/rosout_disable_topics_generation] by /play_motion
[rosmaster.master][INFO] 2025-12-18 11:39:26,597: +CACHEDPARAM [/rosout/omit_topics] by /rosout
[rosmaster.master][INFO] 2025-12-18 11:39:26,600: +SUB [/marker_vel] /twist_mux http://127.0.0.1:35471/
[rosmaster.master][INFO] 2025-12-18 11:39:26,614: +SUB [/phone_vel] /twist_mux http://127.0.0.1:35471/
[rosmaster.master][INFO] 2025-12-18 11:39:26,628: +SUB [/rviz_joy_vel] /twist_mux http://127.0.0.1:35471/
[rosmaster.master][INFO] 2025-12-18 11:39:26,635: +PUB [/rosout] /move_group http://127.0.0.1:39321/
[rosmaster.master][INFO] 2025-12-18 11:39:26,638: +SERVICE [/move_group/get_loggers] /move_group http://127.0.0.1:39321/
[rosmaster.master][INFO] 2025-12-18 11:39:26,642: +SERVICE [/move_group/set_logger_level] /move_group http://127.0.0.1:39321/
[rosmaster.master][INFO] 2025-12-18 11:39:26,647: +SUB [/servoing_cmd_vel] /twist_mux http://127.0.0.1:35471/
[rosmaster.master][INFO] 2025-12-18 11:39:26,650: +CACHEDPARAM [/twist_mux/locks] by /twist_mux
[rosmaster.master][INFO] 2025-12-18 11:39:26,652: publisherUpdate[/rosout] -> http://127.0.0.1:38997/ ['http://127.0.0.1:34545/', 'http://127.0.0.1:33609/', 'http://127.0.0.1:35333/', 'http://127.0.0.1:36289/', 'http://127.0.0.1:35471/', 'http://127.0.0.1:37485/', 'http://127.0.0.1:39321/']
[rosmaster.master][INFO] 2025-12-18 11:39:26,658: publisherUpdate[/rosout] -> http://127.0.0.1:38997/ ['http://127.0.0.1:34545/', 'http://127.0.0.1:33609/', 'http://127.0.0.1:35333/', 'http://127.0.0.1:36289/', 'http://127.0.0.1:35471/', 'http://127.0.0.1:37485/', 'http://127.0.0.1:39321/']: sec=0.01, result=[1, '', 0]
[rosmaster.master][INFO] 2025-12-18 11:39:26,671: +SUB [/clock] /move_group http://127.0.0.1:39321/
[rosmaster.master][INFO] 2025-12-18 11:39:26,674: +SUB [/pause_navigation] /twist_mux http://127.0.0.1:35471/
[rosmaster.master][INFO] 2025-12-18 11:39:26,693: +SUB [/stop_closing_loop] /twist_mux http://127.0.0.1:35471/
[rosmaster.master][INFO] 2025-12-18 11:39:26,707: +CACHEDPARAM [/rosout_disable_topics_generation] by /move_group
[rosmaster.master][INFO] 2025-12-18 11:39:26,709: +PUB [/rosout] /image_raw_to_rect_color_relay http://127.0.0.1:43249/
[rosmaster.master][INFO] 2025-12-18 11:39:26,712: +SERVICE [/image_raw_to_rect_color_relay/get_loggers] /image_raw_to_rect_color_relay http://127.0.0.1:43249/
[rosmaster.master][INFO] 2025-12-18 11:39:26,713: +PARAM [/move_group/default_planning_pipeline] by /move_group
[rosmaster.master][INFO] 2025-12-18 11:39:26,716: +SERVICE [/image_raw_to_rect_color_relay/set_logger_level] /image_raw_to_rect_color_relay http://127.0.0.1:43249/
[rosmaster.master][INFO] 2025-12-18 11:39:26,721: +SUB [/joy_priority] /twist_mux http://127.0.0.1:35471/
[rosmaster.master][INFO] 2025-12-18 11:39:26,722: +PUB [/mobile_base_controller/cmd_vel] /twist_mux http://127.0.0.1:35471/
[rosmaster.master][INFO] 2025-12-18 11:39:26,726: +PUB [/diagnostics] /twist_mux http://127.0.0.1:35471/
[rosmaster.master][INFO] 2025-12-18 11:39:26,732: +CACHEDPARAM [/twist_mux/diagnostic_period] by /twist_mux
[rosmaster.master][INFO] 2025-12-18 11:39:26,740: +SUB [/tf] /move_group http://127.0.0.1:39321/
[rosmaster.master][INFO] 2025-12-18 11:39:26,750: +SUB [/clock] /image_raw_to_rect_color_relay http://127.0.0.1:43249/
[rosmaster.master][INFO] 2025-12-18 11:39:26,761: publisherUpdate[/rosout] -> http://127.0.0.1:38997/ ['http://127.0.0.1:34545/', 'http://127.0.0.1:33609/', 'http://127.0.0.1:35333/', 'http://127.0.0.1:36289/', 'http://127.0.0.1:35471/', 'http://127.0.0.1:37485/', 'http://127.0.0.1:39321/', 'http://127.0.0.1:43249/']
[rosmaster.master][INFO] 2025-12-18 11:39:26,768: publisherUpdate[/rosout] -> http://127.0.0.1:38997/ ['http://127.0.0.1:34545/', 'http://127.0.0.1:33609/', 'http://127.0.0.1:35333/', 'http://127.0.0.1:36289/', 'http://127.0.0.1:35471/', 'http://127.0.0.1:37485/', 'http://127.0.0.1:39321/', 'http://127.0.0.1:43249/']: sec=0.01, result=[1, '', 0]
[rosmaster.master][INFO] 2025-12-18 11:39:26,772: publisherUpdate[/mobile_base_controller/cmd_vel] -> http://127.0.0.1:37485/ ['http://127.0.0.1:35471/']
[rosmaster.master][INFO] 2025-12-18 11:39:26,770: +SUB [/tf_static] /move_group http://127.0.0.1:39321/
[rosmaster.master][INFO] 2025-12-18 11:39:26,778: publisherUpdate[/mobile_base_controller/cmd_vel] -> http://127.0.0.1:37485/ ['http://127.0.0.1:35471/']: sec=0.01, result=[1, '', 0]
[rosmaster.master][INFO] 2025-12-18 11:39:26,780: +SUB [/xtion/rgb/image_raw] /image_raw_to_rect_color_relay http://127.0.0.1:43249/
[rosmaster.master][INFO] 2025-12-18 11:39:27,095: +PUB [/rosout] /throttle_filtering_points http://127.0.0.1:46097/
[rosmaster.master][INFO] 2025-12-18 11:39:27,098: publisherUpdate[/rosout] -> http://127.0.0.1:38997/ ['http://127.0.0.1:34545/', 'http://127.0.0.1:33609/', 'http://127.0.0.1:35333/', 'http://127.0.0.1:36289/', 'http://127.0.0.1:35471/', 'http://127.0.0.1:37485/', 'http://127.0.0.1:39321/', 'http://127.0.0.1:43249/', 'http://127.0.0.1:46097/']
[rosmaster.master][INFO] 2025-12-18 11:39:27,099: +SERVICE [/throttle_filtering_points/get_loggers] /throttle_filtering_points http://127.0.0.1:46097/
[rosmaster.master][INFO] 2025-12-18 11:39:27,100: +SERVICE [/throttle_filtering_points/set_logger_level] /throttle_filtering_points http://127.0.0.1:46097/
[rosmaster.master][INFO] 2025-12-18 11:39:27,102: publisherUpdate[/rosout] -> http://127.0.0.1:38997/ ['http://127.0.0.1:34545/', 'http://127.0.0.1:33609/', 'http://127.0.0.1:35333/', 'http://127.0.0.1:36289/', 'http://127.0.0.1:35471/', 'http://127.0.0.1:37485/', 'http://127.0.0.1:39321/', 'http://127.0.0.1:43249/', 'http://127.0.0.1:46097/']: sec=0.00, result=[1, '', 0]
[rosmaster.master][INFO] 2025-12-18 11:39:27,107: +SUB [/clock] /throttle_filtering_points http://127.0.0.1:46097/
[rosmaster.master][INFO] 2025-12-18 11:39:27,217: +PUB [/rosout] /xtion/rgb/image_proc http://127.0.0.1:36505/
[rosmaster.master][INFO] 2025-12-18 11:39:27,220: +SERVICE [/xtion/rgb/image_proc/get_loggers] /xtion/rgb/image_proc http://127.0.0.1:36505/
[rosmaster.master][INFO] 2025-12-18 11:39:27,221: +SERVICE [/xtion/rgb/image_proc/set_logger_level] /xtion/rgb/image_proc http://127.0.0.1:36505/
[rosmaster.master][INFO] 2025-12-18 11:39:27,225: +SUB [/clock] /xtion/rgb/image_proc http://127.0.0.1:36505/
[rosmaster.master][INFO] 2025-12-18 11:39:27,284: publisherUpdate[/rosout] -> http://127.0.0.1:38997/ ['http://127.0.0.1:34545/', 'http://127.0.0.1:33609/', 'http://127.0.0.1:35333/', 'http://127.0.0.1:36289/', 'http://127.0.0.1:35471/', 'http://127.0.0.1:37485/', 'http://127.0.0.1:39321/', 'http://127.0.0.1:43249/', 'http://127.0.0.1:46097/', 'http://127.0.0.1:36505/']
[rosmaster.master][INFO] 2025-12-18 11:39:27,285: publisherUpdate[/rosout] -> http://127.0.0.1:38997/ ['http://127.0.0.1:34545/', 'http://127.0.0.1:33609/', 'http://127.0.0.1:35333/', 'http://127.0.0.1:36289/', 'http://127.0.0.1:35471/', 'http://127.0.0.1:37485/', 'http://127.0.0.1:39321/', 'http://127.0.0.1:43249/', 'http://127.0.0.1:46097/', 'http://127.0.0.1:36505/']: sec=0.00, result=[1, '', 0]
[rosmaster.master][INFO] 2025-12-18 11:39:27,440: +SERVICE [/xtion/rgb/image_proc_debayer/set_parameters] /xtion/rgb/image_proc http://127.0.0.1:36505/
[rosmaster.master][INFO] 2025-12-18 11:39:27,444: +PUB [/xtion/rgb/image_proc_debayer/parameter_descriptions] /xtion/rgb/image_proc http://127.0.0.1:36505/
[rosmaster.master][INFO] 2025-12-18 11:39:27,445: +PUB [/xtion/rgb/image_proc_debayer/parameter_updates] /xtion/rgb/image_proc http://127.0.0.1:36505/
[rosmaster.master][INFO] 2025-12-18 11:39:27,453: +PARAM [/xtion/rgb/image_proc_debayer/debayer] by /xtion/rgb/image_proc
[rosmaster.master][INFO] 2025-12-18 11:39:27,453: +PARAM [/xtion/rgb/image_proc_debayer/debayer] by /xtion/rgb/image_proc
[rosmaster.master][INFO] 2025-12-18 11:39:27,464: +PUB [/xtion/rgb/image_mono/compressedDepth] /xtion/rgb/image_proc http://127.0.0.1:36505/
[rosmaster.master][INFO] 2025-12-18 11:39:27,467: +SERVICE [/xtion/rgb/image_mono/compressedDepth/set_parameters] /xtion/rgb/image_proc http://127.0.0.1:36505/
[rosmaster.master][INFO] 2025-12-18 11:39:27,471: +PUB [/xtion/rgb/image_mono/compressedDepth/parameter_descriptions] /xtion/rgb/image_proc http://127.0.0.1:36505/
[rosmaster.master][INFO] 2025-12-18 11:39:27,476: +PUB [/xtion/rgb/image_mono/compressedDepth/parameter_updates] /xtion/rgb/image_proc http://127.0.0.1:36505/
[rosmaster.master][INFO] 2025-12-18 11:39:27,487: +PARAM [/xtion/rgb/image_mono/compressedDepth/format] by /xtion/rgb/image_proc
[rosmaster.master][INFO] 2025-12-18 11:39:27,489: +PARAM [/xtion/rgb/image_mono/compressedDepth/depth_max] by /xtion/rgb/image_proc
[rosmaster.master][INFO] 2025-12-18 11:39:27,491: +PARAM [/xtion/rgb/image_mono/compressedDepth/depth_quantization] by /xtion/rgb/image_proc
[rosmaster.master][INFO] 2025-12-18 11:39:27,493: +PARAM [/xtion/rgb/image_mono/compressedDepth/png_level] by /xtion/rgb/image_proc
[rosmaster.master][INFO] 2025-12-18 11:39:27,495: +PARAM [/xtion/rgb/image_mono/compressedDepth/format] by /xtion/rgb/image_proc
[rosmaster.master][INFO] 2025-12-18 11:39:27,498: +PARAM [/xtion/rgb/image_mono/compressedDepth/depth_max] by /xtion/rgb/image_proc
[rosmaster.master][INFO] 2025-12-18 11:39:27,500: +PARAM [/xtion/rgb/image_mono/compressedDepth/depth_quantization] by /xtion/rgb/image_proc
[rosmaster.master][INFO] 2025-12-18 11:39:27,502: +PARAM [/xtion/rgb/image_mono/compressedDepth/png_level] by /xtion/rgb/image_proc
[rosmaster.master][INFO] 2025-12-18 11:39:27,511: +PUB [/rosout] /is_already_there http://127.0.0.1:40365/
[rosmaster.master][INFO] 2025-12-18 11:39:27,515: +PUB [/xtion/rgb/image_mono/compressed] /xtion/rgb/image_proc http://127.0.0.1:36505/
[rosmaster.master][INFO] 2025-12-18 11:39:27,516: +SERVICE [/xtion/rgb/image_mono/compressed/set_parameters] /xtion/rgb/image_proc http://127.0.0.1:36505/
[rosmaster.master][INFO] 2025-12-18 11:39:27,517: +PUB [/xtion/rgb/image_mono/compressed/parameter_descriptions] /xtion/rgb/image_proc http://127.0.0.1:36505/
[rosmaster.master][INFO] 2025-12-18 11:39:27,518: +PUB [/xtion/rgb/image_mono/compressed/parameter_updates] /xtion/rgb/image_proc http://127.0.0.1:36505/
[rosmaster.master][INFO] 2025-12-18 11:39:27,522: +SUB [/clock] /is_already_there http://127.0.0.1:40365/
[rosmaster.master][INFO] 2025-12-18 11:39:27,529: +SERVICE [/is_already_there/get_loggers] /is_already_there http://127.0.0.1:40365/
[rosmaster.master][INFO] 2025-12-18 11:39:27,530: +PARAM [/xtion/rgb/image_mono/compressed/format] by /xtion/rgb/image_proc
[rosmaster.master][INFO] 2025-12-18 11:39:27,531: +SERVICE [/is_already_there/set_logger_level] /is_already_there http://127.0.0.1:40365/
[rosmaster.master][INFO] 2025-12-18 11:39:27,532: +PARAM [/xtion/rgb/image_mono/compressed/jpeg_quality] by /xtion/rgb/image_proc
[rosmaster.master][INFO] 2025-12-18 11:39:27,535: +SERVICE [/play_motion/is_already_there] /is_already_there http://127.0.0.1:40365/
[rosmaster.master][INFO] 2025-12-18 11:39:27,536: +PARAM [/xtion/rgb/image_mono/compressed/jpeg_progressive] by /xtion/rgb/image_proc
[rosmaster.master][INFO] 2025-12-18 11:39:27,542: +PARAM [/xtion/rgb/image_mono/compressed/jpeg_optimize] by /xtion/rgb/image_proc
[rosmaster.master][INFO] 2025-12-18 11:39:27,547: +PARAM [/xtion/rgb/image_mono/compressed/jpeg_restart_interval] by /xtion/rgb/image_proc
[rosmaster.master][INFO] 2025-12-18 11:39:27,550: +SUB [/joint_states] /is_already_there http://127.0.0.1:40365/
[rosmaster.master][INFO] 2025-12-18 11:39:27,552: +PARAM [/xtion/rgb/image_mono/compressed/png_level] by /xtion/rgb/image_proc
[rosmaster.master][INFO] 2025-12-18 11:39:27,559: +PARAM [/xtion/rgb/image_mono/compressed/format] by /xtion/rgb/image_proc
[rosmaster.master][INFO] 2025-12-18 11:39:27,565: +PARAM [/xtion/rgb/image_mono/compressed/jpeg_quality] by /xtion/rgb/image_proc
[rosmaster.master][INFO] 2025-12-18 11:39:27,573: +PARAM [/xtion/rgb/image_mono/compressed/jpeg_progressive] by /xtion/rgb/image_proc
[rosmaster.master][INFO] 2025-12-18 11:39:27,578: +PARAM [/xtion/rgb/image_mono/compressed/jpeg_optimize] by /xtion/rgb/image_proc
[rosmaster.master][INFO] 2025-12-18 11:39:27,581: +PARAM [/xtion/rgb/image_mono/compressed/jpeg_restart_interval] by /xtion/rgb/image_proc
[rosmaster.master][INFO] 2025-12-18 11:39:27,589: publisherUpdate[/rosout] -> http://127.0.0.1:38997/ ['http://127.0.0.1:34545/', 'http://127.0.0.1:33609/', 'http://127.0.0.1:35333/', 'http://127.0.0.1:36289/', 'http://127.0.0.1:35471/', 'http://127.0.0.1:37485/', 'http://127.0.0.1:39321/', 'http://127.0.0.1:43249/', 'http://127.0.0.1:46097/', 'http://127.0.0.1:36505/', 'http://127.0.0.1:40365/']
[rosmaster.master][INFO] 2025-12-18 11:39:27,591: +PARAM [/xtion/rgb/image_mono/compressed/png_level] by /xtion/rgb/image_proc
[rosmaster.master][INFO] 2025-12-18 11:39:27,599: +PUB [/rosout] /dynamic_footprint_publisher http://127.0.0.1:33709/
[rosmaster.master][INFO] 2025-12-18 11:39:27,599: publisherUpdate[/rosout] -> http://127.0.0.1:38997/ ['http://127.0.0.1:34545/', 'http://127.0.0.1:33609/', 'http://127.0.0.1:35333/', 'http://127.0.0.1:36289/', 'http://127.0.0.1:35471/', 'http://127.0.0.1:37485/', 'http://127.0.0.1:39321/', 'http://127.0.0.1:43249/', 'http://127.0.0.1:46097/', 'http://127.0.0.1:36505/', 'http://127.0.0.1:40365/']: sec=0.01, result=[1, '', 0]
[rosmaster.master][INFO] 2025-12-18 11:39:27,600: publisherUpdate[/rosout] -> http://127.0.0.1:38997/ ['http://127.0.0.1:34545/', 'http://127.0.0.1:33609/', 'http://127.0.0.1:35333/', 'http://127.0.0.1:36289/', 'http://127.0.0.1:35471/', 'http://127.0.0.1:37485/', 'http://127.0.0.1:39321/', 'http://127.0.0.1:43249/', 'http://127.0.0.1:46097/', 'http://127.0.0.1:36505/', 'http://127.0.0.1:40365/', 'http://127.0.0.1:33709/']
[rosmaster.master][INFO] 2025-12-18 11:39:27,605: publisherUpdate[/rosout] -> http://127.0.0.1:38997/ ['http://127.0.0.1:34545/', 'http://127.0.0.1:33609/', 'http://127.0.0.1:35333/', 'http://127.0.0.1:36289/', 'http://127.0.0.1:35471/', 'http://127.0.0.1:37485/', 'http://127.0.0.1:39321/', 'http://127.0.0.1:43249/', 'http://127.0.0.1:46097/', 'http://127.0.0.1:36505/', 'http://127.0.0.1:40365/', 'http://127.0.0.1:33709/']: sec=0.00, result=[1, '', 0]
[rosmaster.master][INFO] 2025-12-18 11:39:27,608: +PUB [/xtion/rgb/image_mono] /xtion/rgb/image_proc http://127.0.0.1:36505/
[rosmaster.master][INFO] 2025-12-18 11:39:27,611: +SUB [/clock] /dynamic_footprint_publisher http://127.0.0.1:33709/
[rosmaster.master][INFO] 2025-12-18 11:39:27,623: +SERVICE [/dynamic_footprint_publisher/get_loggers] /dynamic_footprint_publisher http://127.0.0.1:33709/
[rosmaster.master][INFO] 2025-12-18 11:39:27,629: +SERVICE [/dynamic_footprint_publisher/set_logger_level] /dynamic_footprint_publisher http://127.0.0.1:33709/
[rosmaster.master][INFO] 2025-12-18 11:39:27,638: +PUB [/xtion/rgb/image_mono/theora] /xtion/rgb/image_proc http://127.0.0.1:36505/
[rosmaster.master][INFO] 2025-12-18 11:39:27,640: +SERVICE [/xtion/rgb/image_mono/theora/set_parameters] /xtion/rgb/image_proc http://127.0.0.1:36505/
[rosmaster.master][INFO] 2025-12-18 11:39:27,641: +PUB [/xtion/rgb/image_mono/theora/parameter_descriptions] /xtion/rgb/image_proc http://127.0.0.1:36505/
[rosmaster.master][INFO] 2025-12-18 11:39:27,644: +PUB [/xtion/rgb/image_mono/theora/parameter_updates] /xtion/rgb/image_proc http://127.0.0.1:36505/
[rosmaster.master][INFO] 2025-12-18 11:39:27,653: +PUB [/tf_stream/goal] /dynamic_footprint_publisher http://127.0.0.1:33709/
[rosmaster.master][INFO] 2025-12-18 11:39:27,657: +PUB [/trajectory_execution_event] /play_motion http://127.0.0.1:35333/
[rosmaster.master][INFO] 2025-12-18 11:39:27,659: +PUB [/tf_stream/cancel] /dynamic_footprint_publisher http://127.0.0.1:33709/
[rosmaster.master][INFO] 2025-12-18 11:39:27,659: +PARAM [/xtion/rgb/image_mono/theora/optimize_for] by /xtion/rgb/image_proc
[rosmaster.master][INFO] 2025-12-18 11:39:27,660: +PUB [/attached_collision_object] /play_motion http://127.0.0.1:35333/
[rosmaster.master][INFO] 2025-12-18 11:39:27,660: +PARAM [/xtion/rgb/image_mono/theora/target_bitrate] by /xtion/rgb/image_proc
[rosmaster.master][INFO] 2025-12-18 11:39:27,662: +PARAM [/xtion/rgb/image_mono/theora/quality] by /xtion/rgb/image_proc
[rosmaster.master][INFO] 2025-12-18 11:39:27,667: +PARAM [/xtion/rgb/image_mono/theora/keyframe_frequency] by /xtion/rgb/image_proc
[rosmaster.master][INFO] 2025-12-18 11:39:27,669: +SUB [/tf_stream/status] /dynamic_footprint_publisher http://127.0.0.1:33709/
[rosmaster.master][INFO] 2025-12-18 11:39:27,669: +PARAM [/xtion/rgb/image_mono/theora/optimize_for] by /xtion/rgb/image_proc
[rosmaster.master][INFO] 2025-12-18 11:39:27,670: +PARAM [/xtion/rgb/image_mono/theora/target_bitrate] by /xtion/rgb/image_proc
[rosmaster.master][INFO] 2025-12-18 11:39:27,670: +PARAM [/xtion/rgb/image_mono/theora/quality] by /xtion/rgb/image_proc
[rosmaster.master][INFO] 2025-12-18 11:39:27,673: +SUB [/tf_stream/result] /dynamic_footprint_publisher http://127.0.0.1:33709/
[rosmaster.master][INFO] 2025-12-18 11:39:27,677: +PARAM [/xtion/rgb/image_mono/theora/keyframe_frequency] by /xtion/rgb/image_proc
[rosmaster.master][INFO] 2025-12-18 11:39:27,681: +SUB [/tf_stream/feedback] /dynamic_footprint_publisher http://127.0.0.1:33709/
[rosmaster.master][INFO] 2025-12-18 11:39:27,681: +PUB [/xtion/rgb/image_color/compressedDepth] /xtion/rgb/image_proc http://127.0.0.1:36505/
[rosmaster.master][INFO] 2025-12-18 11:39:27,682: +SERVICE [/xtion/rgb/image_color/compressedDepth/set_parameters] /xtion/rgb/image_proc http://127.0.0.1:36505/
[rosmaster.master][INFO] 2025-12-18 11:39:27,684: +PUB [/xtion/rgb/image_color/compressedDepth/parameter_descriptions] /xtion/rgb/image_proc http://127.0.0.1:36505/
[rosmaster.master][INFO] 2025-12-18 11:39:27,687: +PUB [/dynamic_footprint_publisher/footprint] /dynamic_footprint_publisher http://127.0.0.1:33709/
[rosmaster.master][INFO] 2025-12-18 11:39:27,688: +PUB [/xtion/rgb/image_color/compressedDepth/parameter_updates] /xtion/rgb/image_proc http://127.0.0.1:36505/
[rosmaster.master][INFO] 2025-12-18 11:39:27,691: publisherUpdate[/tf_stream/goal] -> http://127.0.0.1:33609/ ['http://127.0.0.1:33709/']
[rosmaster.master][INFO] 2025-12-18 11:39:27,693: +PUB [/dynamic_footprint_publisher/footprint_stamped] /dynamic_footprint_publisher http://127.0.0.1:33709/
[rosmaster.master][INFO] 2025-12-18 11:39:27,693: publisherUpdate[/tf_stream/goal] -> http://127.0.0.1:33609/ ['http://127.0.0.1:33709/']: sec=0.00, result=[1, '', 0]
[rosmaster.master][INFO] 2025-12-18 11:39:27,694: publisherUpdate[/tf_stream/cancel] -> http://127.0.0.1:33609/ ['http://127.0.0.1:33709/']
[rosmaster.master][INFO] 2025-12-18 11:39:27,697: +PARAM [/xtion/rgb/image_color/compressedDepth/format] by /xtion/rgb/image_proc
[rosmaster.master][INFO] 2025-12-18 11:39:27,698: publisherUpdate[/tf_stream/cancel] -> http://127.0.0.1:33609/ ['http://127.0.0.1:33709/']: sec=0.00, result=[1, '', 0]
[rosmaster.master][INFO] 2025-12-18 11:39:27,700: +PARAM [/xtion/rgb/image_color/compressedDepth/depth_max] by /xtion/rgb/image_proc
[rosmaster.master][INFO] 2025-12-18 11:39:27,701: +PARAM [/xtion/rgb/image_color/compressedDepth/depth_quantization] by /xtion/rgb/image_proc
[rosmaster.master][INFO] 2025-12-18 11:39:27,707: +SERVICE [/dynamic_footprint_publisher/change_params] /dynamic_footprint_publisher http://127.0.0.1:33709/
[rosmaster.master][INFO] 2025-12-18 11:39:27,707: +PARAM [/xtion/rgb/image_color/compressedDepth/png_level] by /xtion/rgb/image_proc
[rosmaster.master][INFO] 2025-12-18 11:39:27,711: +PARAM [/xtion/rgb/image_color/compressedDepth/format] by /xtion/rgb/image_proc
[rosmaster.master][INFO] 2025-12-18 11:39:27,712: +CACHEDPARAM [/rosout_disable_topics_generation] by /dynamic_footprint_publisher
[rosmaster.master][INFO] 2025-12-18 11:39:27,713: +PARAM [/xtion/rgb/image_color/compressedDepth/depth_max] by /xtion/rgb/image_proc
[rosmaster.master][INFO] 2025-12-18 11:39:27,713: +PARAM [/xtion/rgb/image_color/compressedDepth/depth_quantization] by /xtion/rgb/image_proc
[rosmaster.master][INFO] 2025-12-18 11:39:27,715: +PARAM [/xtion/rgb/image_color/compressedDepth/png_level] by /xtion/rgb/image_proc
[rosmaster.master][INFO] 2025-12-18 11:39:27,717: +PUB [/xtion/rgb/image_color/compressed] /xtion/rgb/image_proc http://127.0.0.1:36505/
[rosmaster.master][INFO] 2025-12-18 11:39:27,718: +SERVICE [/xtion/rgb/image_color/compressed/set_parameters] /xtion/rgb/image_proc http://127.0.0.1:36505/
[rosmaster.master][INFO] 2025-12-18 11:39:27,719: +PUB [/xtion/rgb/image_color/compressed/parameter_descriptions] /xtion/rgb/image_proc http://127.0.0.1:36505/
[rosmaster.master][INFO] 2025-12-18 11:39:27,720: +PUB [/xtion/rgb/image_color/compressed/parameter_updates] /xtion/rgb/image_proc http://127.0.0.1:36505/
[rosmaster.master][INFO] 2025-12-18 11:39:27,726: +PARAM [/xtion/rgb/image_color/compressed/format] by /xtion/rgb/image_proc
[rosmaster.master][INFO] 2025-12-18 11:39:27,728: +PARAM [/xtion/rgb/image_color/compressed/jpeg_quality] by /xtion/rgb/image_proc
[rosmaster.master][INFO] 2025-12-18 11:39:27,730: +PARAM [/xtion/rgb/image_color/compressed/jpeg_progressive] by /xtion/rgb/image_proc
[rosmaster.master][INFO] 2025-12-18 11:39:27,730: +PARAM [/xtion/rgb/image_color/compressed/jpeg_optimize] by /xtion/rgb/image_proc
[rosmaster.master][INFO] 2025-12-18 11:39:27,732: +PARAM [/xtion/rgb/image_color/compressed/jpeg_restart_interval] by /xtion/rgb/image_proc
[rosmaster.master][INFO] 2025-12-18 11:39:27,733: +PARAM [/xtion/rgb/image_color/compressed/png_level] by /xtion/rgb/image_proc
[rosmaster.master][INFO] 2025-12-18 11:39:27,735: +PARAM [/xtion/rgb/image_color/compressed/format] by /xtion/rgb/image_proc
[rosmaster.master][INFO] 2025-12-18 11:39:27,735: +PARAM [/xtion/rgb/image_color/compressed/jpeg_quality] by /xtion/rgb/image_proc
[rosmaster.master][INFO] 2025-12-18 11:39:27,736: +PARAM [/xtion/rgb/image_color/compressed/jpeg_progressive] by /xtion/rgb/image_proc
[rosmaster.master][INFO] 2025-12-18 11:39:27,736: +PARAM [/xtion/rgb/image_color/compressed/jpeg_optimize] by /xtion/rgb/image_proc
[rosmaster.master][INFO] 2025-12-18 11:39:27,737: +PARAM [/xtion/rgb/image_color/compressed/jpeg_restart_interval] by /xtion/rgb/image_proc
[rosmaster.master][INFO] 2025-12-18 11:39:27,739: +PARAM [/xtion/rgb/image_color/compressed/png_level] by /xtion/rgb/image_proc
[rosmaster.master][INFO] 2025-12-18 11:39:27,740: +PUB [/xtion/rgb/image_color] /xtion/rgb/image_proc http://127.0.0.1:36505/
[rosmaster.master][INFO] 2025-12-18 11:39:27,741: +PUB [/xtion/rgb/image_color/theora] /xtion/rgb/image_proc http://127.0.0.1:36505/
[rosmaster.master][INFO] 2025-12-18 11:39:27,742: +SERVICE [/xtion/rgb/image_color/theora/set_parameters] /xtion/rgb/image_proc http://127.0.0.1:36505/
[rosmaster.master][INFO] 2025-12-18 11:39:27,743: +PUB [/xtion/rgb/image_color/theora/parameter_descriptions] /xtion/rgb/image_proc http://127.0.0.1:36505/
[rosmaster.master][INFO] 2025-12-18 11:39:27,745: +PUB [/xtion/rgb/image_color/theora/parameter_updates] /xtion/rgb/image_proc http://127.0.0.1:36505/
[rosmaster.master][INFO] 2025-12-18 11:39:27,749: +PARAM [/xtion/rgb/image_color/theora/optimize_for] by /xtion/rgb/image_proc
[rosmaster.master][INFO] 2025-12-18 11:39:27,750: +PARAM [/xtion/rgb/image_color/theora/target_bitrate] by /xtion/rgb/image_proc
[rosmaster.master][INFO] 2025-12-18 11:39:27,752: +PARAM [/xtion/rgb/image_color/theora/quality] by /xtion/rgb/image_proc
[rosmaster.master][INFO] 2025-12-18 11:39:27,753: +PARAM [/xtion/rgb/image_color/theora/keyframe_frequency] by /xtion/rgb/image_proc
[rosmaster.master][INFO] 2025-12-18 11:39:27,754: +PARAM [/xtion/rgb/image_color/theora/optimize_for] by /xtion/rgb/image_proc
[rosmaster.master][INFO] 2025-12-18 11:39:27,755: +PARAM [/xtion/rgb/image_color/theora/target_bitrate] by /xtion/rgb/image_proc
[rosmaster.master][INFO] 2025-12-18 11:39:27,756: +PARAM [/xtion/rgb/image_color/theora/quality] by /xtion/rgb/image_proc
[rosmaster.master][INFO] 2025-12-18 11:39:27,757: +PARAM [/xtion/rgb/image_color/theora/keyframe_frequency] by /xtion/rgb/image_proc
[rosmaster.master][INFO] 2025-12-18 11:39:27,763: +SERVICE [/xtion/rgb/image_proc_rectify_mono/set_parameters] /xtion/rgb/image_proc http://127.0.0.1:36505/
[rosmaster.master][INFO] 2025-12-18 11:39:27,765: +PUB [/xtion/rgb/image_proc_rectify_mono/parameter_descriptions] /xtion/rgb/image_proc http://127.0.0.1:36505/
[rosmaster.master][INFO] 2025-12-18 11:39:27,766: +PUB [/xtion/rgb/image_proc_rectify_mono/parameter_updates] /xtion/rgb/image_proc http://127.0.0.1:36505/
[rosmaster.master][INFO] 2025-12-18 11:39:27,769: +PARAM [/xtion/rgb/image_proc_rectify_mono/interpolation] by /xtion/rgb/image_proc
[rosmaster.master][INFO] 2025-12-18 11:39:27,771: +PARAM [/xtion/rgb/image_proc_rectify_mono/interpolation] by /xtion/rgb/image_proc
[rosmaster.master][INFO] 2025-12-18 11:39:27,773: +PUB [/xtion/rgb/image_rect/compressedDepth] /xtion/rgb/image_proc http://127.0.0.1:36505/
[rosmaster.master][INFO] 2025-12-18 11:39:27,775: +SERVICE [/xtion/rgb/image_rect/compressedDepth/set_parameters] /xtion/rgb/image_proc http://127.0.0.1:36505/
[rosmaster.master][INFO] 2025-12-18 11:39:27,777: +PUB [/xtion/rgb/image_rect/compressedDepth/parameter_descriptions] /xtion/rgb/image_proc http://127.0.0.1:36505/
[rosmaster.master][INFO] 2025-12-18 11:39:27,778: +PUB [/xtion/rgb/image_rect/compressedDepth/parameter_updates] /xtion/rgb/image_proc http://127.0.0.1:36505/
[rosmaster.master][INFO] 2025-12-18 11:39:27,784: +PARAM [/xtion/rgb/image_rect/compressedDepth/format] by /xtion/rgb/image_proc
[rosmaster.master][INFO] 2025-12-18 11:39:27,784: +PARAM [/xtion/rgb/image_rect/compressedDepth/depth_max] by /xtion/rgb/image_proc
[rosmaster.master][INFO] 2025-12-18 11:39:27,786: +PARAM [/xtion/rgb/image_rect/compressedDepth/depth_quantization] by /xtion/rgb/image_proc
[rosmaster.master][INFO] 2025-12-18 11:39:27,788: +PARAM [/xtion/rgb/image_rect/compressedDepth/png_level] by /xtion/rgb/image_proc
[rosmaster.master][INFO] 2025-12-18 11:39:27,790: +PUB [/rosout] /spawn_model http://127.0.0.1:34223/
[rosmaster.master][INFO] 2025-12-18 11:39:27,792: +PARAM [/xtion/rgb/image_rect/compressedDepth/format] by /xtion/rgb/image_proc
[rosmaster.master][INFO] 2025-12-18 11:39:27,795: +PARAM [/xtion/rgb/image_rect/compressedDepth/depth_max] by /xtion/rgb/image_proc
[rosmaster.master][INFO] 2025-12-18 11:39:27,799: +SUB [/clock] /spawn_model http://127.0.0.1:34223/
[rosmaster.master][INFO] 2025-12-18 11:39:27,800: +PARAM [/xtion/rgb/image_rect/compressedDepth/depth_quantization] by /xtion/rgb/image_proc
[rosmaster.master][INFO] 2025-12-18 11:39:27,802: publisherUpdate[/rosout] -> http://127.0.0.1:38997/ ['http://127.0.0.1:34545/', 'http://127.0.0.1:33609/', 'http://127.0.0.1:35333/', 'http://127.0.0.1:36289/', 'http://127.0.0.1:35471/', 'http://127.0.0.1:37485/', 'http://127.0.0.1:39321/', 'http://127.0.0.1:43249/', 'http://127.0.0.1:46097/', 'http://127.0.0.1:36505/', 'http://127.0.0.1:40365/', 'http://127.0.0.1:33709/', 'http://127.0.0.1:34223/']
[rosmaster.master][INFO] 2025-12-18 11:39:27,803: publisherUpdate[/rosout] -> http://127.0.0.1:38997/ ['http://127.0.0.1:34545/', 'http://127.0.0.1:33609/', 'http://127.0.0.1:35333/', 'http://127.0.0.1:36289/', 'http://127.0.0.1:35471/', 'http://127.0.0.1:37485/', 'http://127.0.0.1:39321/', 'http://127.0.0.1:43249/', 'http://127.0.0.1:46097/', 'http://127.0.0.1:36505/', 'http://127.0.0.1:40365/', 'http://127.0.0.1:33709/', 'http://127.0.0.1:34223/']: sec=0.00, result=[1, '', 0]
[rosmaster.master][INFO] 2025-12-18 11:39:27,805: +PARAM [/xtion/rgb/image_rect/compressedDepth/png_level] by /xtion/rgb/image_proc
[rosmaster.master][INFO] 2025-12-18 11:39:27,807: +PUB [/xtion/rgb/image_rect/compressed] /xtion/rgb/image_proc http://127.0.0.1:36505/
[rosmaster.master][INFO] 2025-12-18 11:39:27,809: +SERVICE [/spawn_model/get_loggers] /spawn_model http://127.0.0.1:34223/
[rosmaster.master][INFO] 2025-12-18 11:39:27,815: +SERVICE [/xtion/rgb/image_rect/compressed/set_parameters] /xtion/rgb/image_proc http://127.0.0.1:36505/
[rosmaster.master][INFO] 2025-12-18 11:39:27,825: +SERVICE [/spawn_model/set_logger_level] /spawn_model http://127.0.0.1:34223/
[rosmaster.master][INFO] 2025-12-18 11:39:27,827: +PUB [/rosout] /joystick_relay http://127.0.0.1:33031/
[rosmaster.master][INFO] 2025-12-18 11:39:27,847: +PUB [/xtion/rgb/image_rect/compressed/parameter_descriptions] /xtion/rgb/image_proc http://127.0.0.1:36505/
[rosmaster.master][INFO] 2025-12-18 11:39:27,850: +CACHEDPARAM [/rosout_disable_topics_generation] by /spawn_model
[rosmaster.master][INFO] 2025-12-18 11:39:27,851: +PUB [/xtion/rgb/image_rect/compressed/parameter_updates] /xtion/rgb/image_proc http://127.0.0.1:36505/
[rosmaster.master][INFO] 2025-12-18 11:39:27,864: +SUB [/clock] /joystick_relay http://127.0.0.1:33031/
[rosmaster.master][INFO] 2025-12-18 11:39:27,865: +PARAM [/xtion/rgb/image_rect/compressed/format] by /xtion/rgb/image_proc
[rosmaster.master][INFO] 2025-12-18 11:39:27,870: +PARAM [/xtion/rgb/image_rect/compressed/jpeg_quality] by /xtion/rgb/image_proc
[rosmaster.master][INFO] 2025-12-18 11:39:27,873: +PARAM [/xtion/rgb/image_rect/compressed/jpeg_progressive] by /xtion/rgb/image_proc
[rosmaster.master][INFO] 2025-12-18 11:39:27,874: +SERVICE [/joystick_relay/get_loggers] /joystick_relay http://127.0.0.1:33031/
[rosmaster.master][INFO] 2025-12-18 11:39:27,876: +PARAM [/xtion/rgb/image_rect/compressed/jpeg_optimize] by /xtion/rgb/image_proc
[rosmaster.master][INFO] 2025-12-18 11:39:27,882: +SERVICE [/joystick_relay/set_logger_level] /joystick_relay http://127.0.0.1:33031/
[rosmaster.master][INFO] 2025-12-18 11:39:27,883: +PARAM [/xtion/rgb/image_rect/compressed/jpeg_restart_interval] by /xtion/rgb/image_proc
[rosmaster.master][INFO] 2025-12-18 11:39:27,888: +PARAM [/xtion/rgb/image_rect/compressed/png_level] by /xtion/rgb/image_proc
[rosmaster.master][INFO] 2025-12-18 11:39:27,894: +PARAM [/xtion/rgb/image_rect/compressed/format] by /xtion/rgb/image_proc
[rosmaster.master][INFO] 2025-12-18 11:39:27,893: +CACHEDPARAM [/rosout_disable_topics_generation] by /spawn_model
[rosmaster.master][INFO] 2025-12-18 11:39:27,896: +PARAM [/xtion/rgb/image_rect/compressed/jpeg_quality] by /xtion/rgb/image_proc
[rosmaster.master][INFO] 2025-12-18 11:39:27,900: +PARAM [/xtion/rgb/image_rect/compressed/jpeg_progressive] by /xtion/rgb/image_proc
[rosmaster.master][INFO] 2025-12-18 11:39:27,902: +PARAM [/xtion/rgb/image_rect/compressed/jpeg_optimize] by /xtion/rgb/image_proc
[rosmaster.master][INFO] 2025-12-18 11:39:27,909: publisherUpdate[/rosout] -> http://127.0.0.1:38997/ ['http://127.0.0.1:34545/', 'http://127.0.0.1:33609/', 'http://127.0.0.1:35333/', 'http://127.0.0.1:36289/', 'http://127.0.0.1:35471/', 'http://127.0.0.1:37485/', 'http://127.0.0.1:39321/', 'http://127.0.0.1:43249/', 'http://127.0.0.1:46097/', 'http://127.0.0.1:36505/', 'http://127.0.0.1:40365/', 'http://127.0.0.1:33709/', 'http://127.0.0.1:34223/', 'http://127.0.0.1:33031/']
[rosmaster.master][INFO] 2025-12-18 11:39:27,909: +PARAM [/xtion/rgb/image_rect/compressed/jpeg_restart_interval] by /xtion/rgb/image_proc
[rosmaster.master][INFO] 2025-12-18 11:39:27,911: publisherUpdate[/rosout] -> http://127.0.0.1:38997/ ['http://127.0.0.1:34545/', 'http://127.0.0.1:33609/', 'http://127.0.0.1:35333/', 'http://127.0.0.1:36289/', 'http://127.0.0.1:35471/', 'http://127.0.0.1:37485/', 'http://127.0.0.1:39321/', 'http://127.0.0.1:43249/', 'http://127.0.0.1:46097/', 'http://127.0.0.1:36505/', 'http://127.0.0.1:40365/', 'http://127.0.0.1:33709/', 'http://127.0.0.1:34223/', 'http://127.0.0.1:33031/']: sec=0.00, result=[1, '', 0]
[rosmaster.master][INFO] 2025-12-18 11:39:27,912: +PARAM [/xtion/rgb/image_rect/compressed/png_level] by /xtion/rgb/image_proc
[rosmaster.master][INFO] 2025-12-18 11:39:27,914: +PUB [/xtion/rgb/image_rect] /xtion/rgb/image_proc http://127.0.0.1:36505/
[rosmaster.master][INFO] 2025-12-18 11:39:27,917: +PUB [/xtion/rgb/image_rect/theora] /xtion/rgb/image_proc http://127.0.0.1:36505/
[rosmaster.master][INFO] 2025-12-18 11:39:27,919: +PUB [/text_marker] /joystick_relay http://127.0.0.1:33031/
[rosmaster.master][INFO] 2025-12-18 11:39:27,920: +SERVICE [/xtion/rgb/image_rect/theora/set_parameters] /xtion/rgb/image_proc http://127.0.0.1:36505/
[rosmaster.master][INFO] 2025-12-18 11:39:27,924: +PUB [/xtion/rgb/image_rect/theora/parameter_descriptions] /xtion/rgb/image_proc http://127.0.0.1:36505/
[rosmaster.master][INFO] 2025-12-18 11:39:27,925: +PUB [/joy_vel] /joystick_relay http://127.0.0.1:33031/
[rosmaster.master][INFO] 2025-12-18 11:39:27,927: +PUB [/xtion/rgb/image_rect/theora/parameter_updates] /xtion/rgb/image_proc http://127.0.0.1:36505/
[rosmaster.master][INFO] 2025-12-18 11:39:27,927: +SUB [/input_joy/cmd_vel] /joystick_relay http://127.0.0.1:33031/
[rosmaster.master][INFO] 2025-12-18 11:39:27,928: +PUB [/joy_priority] /joystick_relay http://127.0.0.1:33031/
[rosmaster.master][INFO] 2025-12-18 11:39:27,934: +PARAM [/xtion/rgb/image_rect/theora/optimize_for] by /xtion/rgb/image_proc
[rosmaster.master][INFO] 2025-12-18 11:39:27,935: +PARAM [/xtion/rgb/image_rect/theora/target_bitrate] by /xtion/rgb/image_proc
[rosmaster.master][INFO] 2025-12-18 11:39:27,936: +PARAM [/xtion/rgb/image_rect/theora/quality] by /xtion/rgb/image_proc
[rosmaster.master][INFO] 2025-12-18 11:39:27,937: +PARAM [/xtion/rgb/image_rect/theora/keyframe_frequency] by /xtion/rgb/image_proc
[rosmaster.master][INFO] 2025-12-18 11:39:27,935: +PUB [/joy_priority_action/status] /joystick_relay http://127.0.0.1:33031/
[rosmaster.master][INFO] 2025-12-18 11:39:27,939: +PARAM [/xtion/rgb/image_rect/theora/optimize_for] by /xtion/rgb/image_proc
[rosmaster.master][INFO] 2025-12-18 11:39:27,940: +PARAM [/xtion/rgb/image_rect/theora/target_bitrate] by /xtion/rgb/image_proc
[rosmaster.master][INFO] 2025-12-18 11:39:27,941: +PARAM [/xtion/rgb/image_rect/theora/quality] by /xtion/rgb/image_proc
[rosmaster.master][INFO] 2025-12-18 11:39:27,942: +PARAM [/xtion/rgb/image_rect/theora/keyframe_frequency] by /xtion/rgb/image_proc
[rosmaster.master][INFO] 2025-12-18 11:39:27,939: +PUB [/joy_priority_action/result] /joystick_relay http://127.0.0.1:33031/
[rosmaster.master][INFO] 2025-12-18 11:39:27,944: +PUB [/joy_priority_action/feedback] /joystick_relay http://127.0.0.1:33031/
[rosmaster.master][INFO] 2025-12-18 11:39:27,949: +SERVICE [/xtion/rgb/image_proc_rectify_color/set_parameters] /xtion/rgb/image_proc http://127.0.0.1:36505/
[rosmaster.master][INFO] 2025-12-18 11:39:27,950: +PUB [/xtion/rgb/image_proc_rectify_color/parameter_descriptions] /xtion/rgb/image_proc http://127.0.0.1:36505/
[rosmaster.master][INFO] 2025-12-18 11:39:27,951: +SUB [/joy_priority_action/goal] /joystick_relay http://127.0.0.1:33031/
[rosmaster.master][INFO] 2025-12-18 11:39:27,953: +PUB [/xtion/rgb/image_proc_rectify_color/parameter_updates] /xtion/rgb/image_proc http://127.0.0.1:36505/
[rosmaster.master][INFO] 2025-12-18 11:39:27,954: +PARAM [/xtion/rgb/image_proc_rectify_color/interpolation] by /xtion/rgb/image_proc
[rosmaster.master][INFO] 2025-12-18 11:39:27,955: +PUB [/rosout] /tuck_arm http://127.0.0.1:38119/
[rosmaster.master][INFO] 2025-12-18 11:39:27,955: +PARAM [/xtion/rgb/image_proc_rectify_color/interpolation] by /xtion/rgb/image_proc
[rosmaster.master][INFO] 2025-12-18 11:39:27,957: +PUB [/xtion/rgb/image_rect_color/compressedDepth] /xtion/rgb/image_proc http://127.0.0.1:36505/
[rosmaster.master][INFO] 2025-12-18 11:39:27,958: +SUB [/joy_priority_action/cancel] /joystick_relay http://127.0.0.1:33031/
[rosmaster.master][INFO] 2025-12-18 11:39:27,959: +SERVICE [/xtion/rgb/image_rect_color/compressedDepth/set_parameters] /xtion/rgb/image_proc http://127.0.0.1:36505/
[rosmaster.master][INFO] 2025-12-18 11:39:27,960: +PUB [/xtion/rgb/image_rect_color/compressedDepth/parameter_descriptions] /xtion/rgb/image_proc http://127.0.0.1:36505/
[rosmaster.master][INFO] 2025-12-18 11:39:27,962: +PUB [/xtion/rgb/image_rect_color/compressedDepth/parameter_updates] /xtion/rgb/image_proc http://127.0.0.1:36505/
[rosmaster.master][INFO] 2025-12-18 11:39:27,963: +SUB [/clock] /tuck_arm http://127.0.0.1:38119/
[rosmaster.master][INFO] 2025-12-18 11:39:27,967: +PARAM [/xtion/rgb/image_rect_color/compressedDepth/format] by /xtion/rgb/image_proc
[rosmaster.master][INFO] 2025-12-18 11:39:27,967: +SERVICE [/tuck_arm/get_loggers] /tuck_arm http://127.0.0.1:38119/
[rosmaster.master][INFO] 2025-12-18 11:39:27,968: +PARAM [/xtion/rgb/image_rect_color/compressedDepth/depth_max] by /xtion/rgb/image_proc
[rosmaster.master][INFO] 2025-12-18 11:39:27,969: +PARAM [/xtion/rgb/image_rect_color/compressedDepth/depth_quantization] by /xtion/rgb/image_proc
[rosmaster.master][INFO] 2025-12-18 11:39:27,971: +PARAM [/xtion/rgb/image_rect_color/compressedDepth/png_level] by /xtion/rgb/image_proc
[rosmaster.master][INFO] 2025-12-18 11:39:27,972: +PARAM [/xtion/rgb/image_rect_color/compressedDepth/format] by /xtion/rgb/image_proc
[rosmaster.master][INFO] 2025-12-18 11:39:27,970: +SERVICE [/tuck_arm/set_logger_level] /tuck_arm http://127.0.0.1:38119/
[rosmaster.master][INFO] 2025-12-18 11:39:27,973: +PARAM [/xtion/rgb/image_rect_color/compressedDepth/depth_max] by /xtion/rgb/image_proc
[rosmaster.master][INFO] 2025-12-18 11:39:27,975: +PUB [/joy_turbo_increase/status] /joystick_relay http://127.0.0.1:33031/
[rosmaster.master][INFO] 2025-12-18 11:39:27,976: +PARAM [/xtion/rgb/image_rect_color/compressedDepth/depth_quantization] by /xtion/rgb/image_proc
[rosmaster.master][INFO] 2025-12-18 11:39:27,977: +CACHEDPARAM [/rosout_disable_topics_generation] by /tuck_arm
[rosmaster.master][INFO] 2025-12-18 11:39:27,978: +PARAM [/xtion/rgb/image_rect_color/compressedDepth/png_level] by /xtion/rgb/image_proc
[rosmaster.master][INFO] 2025-12-18 11:39:27,979: +PUB [/joy_turbo_increase/result] /joystick_relay http://127.0.0.1:33031/
[rosmaster.master][INFO] 2025-12-18 11:39:27,981: +PUB [/xtion/rgb/image_rect_color/compressed] /xtion/rgb/image_proc http://127.0.0.1:36505/
[rosmaster.master][INFO] 2025-12-18 11:39:27,982: +SERVICE [/xtion/rgb/image_rect_color/compressed/set_parameters] /xtion/rgb/image_proc http://127.0.0.1:36505/
[rosmaster.master][INFO] 2025-12-18 11:39:27,984: +PUB [/xtion/rgb/image_rect_color/compressed/parameter_descriptions] /xtion/rgb/image_proc http://127.0.0.1:36505/
[rosmaster.master][INFO] 2025-12-18 11:39:27,986: +PUB [/play_motion/goal] /tuck_arm http://127.0.0.1:38119/
[rosmaster.master][INFO] 2025-12-18 11:39:27,986: +PUB [/xtion/rgb/image_rect_color/compressed/parameter_updates] /xtion/rgb/image_proc http://127.0.0.1:36505/
[rosmaster.master][INFO] 2025-12-18 11:39:27,987: +PUB [/joy_turbo_increase/feedback] /joystick_relay http://127.0.0.1:33031/
[rosmaster.master][INFO] 2025-12-18 11:39:27,988: +PUB [/play_motion/cancel] /tuck_arm http://127.0.0.1:38119/
[rosmaster.master][INFO] 2025-12-18 11:39:27,993: +SUB [/joy_turbo_increase/goal] /joystick_relay http://127.0.0.1:33031/
[rosmaster.master][INFO] 2025-12-18 11:39:27,995: +PARAM [/xtion/rgb/image_rect_color/compressed/format] by /xtion/rgb/image_proc
[rosmaster.master][INFO] 2025-12-18 11:39:27,996: +SUB [/play_motion/status] /tuck_arm http://127.0.0.1:38119/
[rosmaster.master][INFO] 2025-12-18 11:39:27,998: +PARAM [/xtion/rgb/image_rect_color/compressed/jpeg_quality] by /xtion/rgb/image_proc
[rosmaster.master][INFO] 2025-12-18 11:39:28,000: +SUB [/joy_turbo_increase/cancel] /joystick_relay http://127.0.0.1:33031/
[rosmaster.master][INFO] 2025-12-18 11:39:28,001: +PARAM [/xtion/rgb/image_rect_color/compressed/jpeg_progressive] by /xtion/rgb/image_proc
[rosmaster.master][INFO] 2025-12-18 11:39:28,004: +SUB [/play_motion/result] /tuck_arm http://127.0.0.1:38119/
[rosmaster.master][INFO] 2025-12-18 11:39:28,007: +PARAM [/xtion/rgb/image_rect_color/compressed/jpeg_optimize] by /xtion/rgb/image_proc
[rosmaster.master][INFO] 2025-12-18 11:39:28,009: +PARAM [/xtion/rgb/image_rect_color/compressed/jpeg_restart_interval] by /xtion/rgb/image_proc
[rosmaster.master][INFO] 2025-12-18 11:39:28,011: +SUB [/play_motion/feedback] /tuck_arm http://127.0.0.1:38119/
[rosmaster.master][INFO] 2025-12-18 11:39:28,012: +PARAM [/xtion/rgb/image_rect_color/compressed/png_level] by /xtion/rgb/image_proc
[rosmaster.master][INFO] 2025-12-18 11:39:28,012: publisherUpdate[/joy_vel] -> http://127.0.0.1:35471/ ['http://127.0.0.1:33031/']
[rosmaster.master][INFO] 2025-12-18 11:39:28,012: publisherUpdate[/rosout] -> http://127.0.0.1:38997/ ['http://127.0.0.1:34545/', 'http://127.0.0.1:33609/', 'http://127.0.0.1:35333/', 'http://127.0.0.1:36289/', 'http://127.0.0.1:35471/', 'http://127.0.0.1:37485/', 'http://127.0.0.1:39321/', 'http://127.0.0.1:43249/', 'http://127.0.0.1:46097/', 'http://127.0.0.1:36505/', 'http://127.0.0.1:40365/', 'http://127.0.0.1:33709/', 'http://127.0.0.1:34223/', 'http://127.0.0.1:33031/', 'http://127.0.0.1:38119/']
[rosmaster.master][INFO] 2025-12-18 11:39:28,019: +PARAM [/xtion/rgb/image_rect_color/compressed/format] by /xtion/rgb/image_proc
[rosmaster.master][INFO] 2025-12-18 11:39:28,021: publisherUpdate[/joy_vel] -> http://127.0.0.1:35471/ ['http://127.0.0.1:33031/']: sec=0.01, result=[1, '', 0]
[rosmaster.master][INFO] 2025-12-18 11:39:28,022: publisherUpdate[/joy_priority] -> http://127.0.0.1:35471/ ['http://127.0.0.1:33031/']
[rosmaster.master][INFO] 2025-12-18 11:39:28,022: +PARAM [/xtion/rgb/image_rect_color/compressed/jpeg_quality] by /xtion/rgb/image_proc
[rosmaster.master][INFO] 2025-12-18 11:39:28,023: publisherUpdate[/joy_priority] -> http://127.0.0.1:35471/ ['http://127.0.0.1:33031/']: sec=0.00, result=[1, '', 0]
[rosmaster.master][INFO] 2025-12-18 11:39:28,023: publisherUpdate[/rosout] -> http://127.0.0.1:38997/ ['http://127.0.0.1:34545/', 'http://127.0.0.1:33609/', 'http://127.0.0.1:35333/', 'http://127.0.0.1:36289/', 'http://127.0.0.1:35471/', 'http://127.0.0.1:37485/', 'http://127.0.0.1:39321/', 'http://127.0.0.1:43249/', 'http://127.0.0.1:46097/', 'http://127.0.0.1:36505/', 'http://127.0.0.1:40365/', 'http://127.0.0.1:33709/', 'http://127.0.0.1:34223/', 'http://127.0.0.1:33031/', 'http://127.0.0.1:38119/']: sec=0.00, result=[1, '', 0]
[rosmaster.master][INFO] 2025-12-18 11:39:28,024: +PARAM [/xtion/rgb/image_rect_color/compressed/jpeg_progressive] by /xtion/rgb/image_proc
[rosmaster.master][INFO] 2025-12-18 11:39:28,030: +PARAM [/xtion/rgb/image_rect_color/compressed/jpeg_optimize] by /xtion/rgb/image_proc
[rosmaster.master][INFO] 2025-12-18 11:39:28,028: +PUB [/joy_turbo_decrease/status] /joystick_relay http://127.0.0.1:33031/
[rosmaster.master][INFO] 2025-12-18 11:39:28,032: +PARAM [/xtion/rgb/image_rect_color/compressed/jpeg_restart_interval] by /xtion/rgb/image_proc
[rosmaster.master][INFO] 2025-12-18 11:39:28,033: +PUB [/joy_turbo_decrease/result] /joystick_relay http://127.0.0.1:33031/
[rosmaster.master][INFO] 2025-12-18 11:39:28,033: +PARAM [/xtion/rgb/image_rect_color/compressed/png_level] by /xtion/rgb/image_proc
[rosmaster.master][INFO] 2025-12-18 11:39:28,034: +PUB [/xtion/rgb/image_rect_color] /xtion/rgb/image_proc http://127.0.0.1:36505/
[rosmaster.master][INFO] 2025-12-18 11:39:28,035: +PUB [/xtion/rgb/image_rect_color/theora] /xtion/rgb/image_proc http://127.0.0.1:36505/
[rosmaster.master][INFO] 2025-12-18 11:39:28,037: +PUB [/joy_turbo_decrease/feedback] /joystick_relay http://127.0.0.1:33031/
[rosmaster.master][INFO] 2025-12-18 11:39:28,039: +SERVICE [/xtion/rgb/image_rect_color/theora/set_parameters] /xtion/rgb/image_proc http://127.0.0.1:36505/
[rosmaster.master][INFO] 2025-12-18 11:39:28,039: +PUB [/xtion/rgb/image_rect_color/theora/parameter_descriptions] /xtion/rgb/image_proc http://127.0.0.1:36505/
[rosmaster.master][INFO] 2025-12-18 11:39:28,041: +PUB [/xtion/rgb/image_rect_color/theora/parameter_updates] /xtion/rgb/image_proc http://127.0.0.1:36505/
[rosmaster.master][INFO] 2025-12-18 11:39:28,043: +SUB [/joy_turbo_decrease/goal] /joystick_relay http://127.0.0.1:33031/
[rosmaster.master][INFO] 2025-12-18 11:39:28,047: +PARAM [/xtion/rgb/image_rect_color/theora/optimize_for] by /xtion/rgb/image_proc
[rosmaster.master][INFO] 2025-12-18 11:39:28,048: +SUB [/joy_turbo_decrease/cancel] /joystick_relay http://127.0.0.1:33031/
[rosmaster.master][INFO] 2025-12-18 11:39:28,049: +PARAM [/xtion/rgb/image_rect_color/theora/target_bitrate] by /xtion/rgb/image_proc
[rosmaster.master][INFO] 2025-12-18 11:39:28,050: +PARAM [/xtion/rgb/image_rect_color/theora/quality] by /xtion/rgb/image_proc
[rosmaster.master][INFO] 2025-12-18 11:39:28,052: +PARAM [/xtion/rgb/image_rect_color/theora/keyframe_frequency] by /xtion/rgb/image_proc
[rosmaster.master][INFO] 2025-12-18 11:39:28,054: +PARAM [/xtion/rgb/image_rect_color/theora/optimize_for] by /xtion/rgb/image_proc
[rosmaster.master][INFO] 2025-12-18 11:39:28,055: +PARAM [/xtion/rgb/image_rect_color/theora/target_bitrate] by /xtion/rgb/image_proc
[rosmaster.master][INFO] 2025-12-18 11:39:28,057: +PARAM [/xtion/rgb/image_rect_color/theora/quality] by /xtion/rgb/image_proc
[rosmaster.master][INFO] 2025-12-18 11:39:28,059: +PARAM [/xtion/rgb/image_rect_color/theora/keyframe_frequency] by /xtion/rgb/image_proc
[rosmaster.master][INFO] 2025-12-18 11:39:28,066: +CACHEDPARAM [/rosout_disable_topics_generation] by /xtion/rgb/image_proc
[rosmaster.master][INFO] 2025-12-18 11:39:28,069: +PUB [/joy_turbo_angular_increase/status] /joystick_relay http://127.0.0.1:33031/
[rosmaster.master][INFO] 2025-12-18 11:39:28,072: +PUB [/joy_turbo_angular_increase/result] /joystick_relay http://127.0.0.1:33031/
[rosmaster.master][INFO] 2025-12-18 11:39:28,073: +PUB [/joy_turbo_angular_increase/feedback] /joystick_relay http://127.0.0.1:33031/
[rosmaster.master][INFO] 2025-12-18 11:39:28,083: +SUB [/joy_turbo_angular_increase/goal] /joystick_relay http://127.0.0.1:33031/
[rosmaster.master][INFO] 2025-12-18 11:39:28,088: +SUB [/joy_turbo_angular_increase/cancel] /joystick_relay http://127.0.0.1:33031/
[rosmaster.master][INFO] 2025-12-18 11:39:28,094: +SERVICE [/move_group/planning_scene_monitor/set_parameters] /move_group http://127.0.0.1:39321/
[rosmaster.master][INFO] 2025-12-18 11:39:28,095: +PUB [/move_group/planning_scene_monitor/parameter_descriptions] /move_group http://127.0.0.1:39321/
[rosmaster.master][INFO] 2025-12-18 11:39:28,096: +PUB [/move_group/planning_scene_monitor/parameter_updates] /move_group http://127.0.0.1:39321/
[rosmaster.master][INFO] 2025-12-18 11:39:28,107: +PARAM [/move_group/planning_scene_monitor/publish_planning_scene] by /move_group
[rosmaster.master][INFO] 2025-12-18 11:39:28,113: +PARAM [/move_group/planning_scene_monitor/publish_planning_scene_hz] by /move_group
[rosmaster.master][INFO] 2025-12-18 11:39:28,114: +PUB [/joy_turbo_angular_decrease/status] /joystick_relay http://127.0.0.1:33031/
[rosmaster.master][INFO] 2025-12-18 11:39:28,115: +PARAM [/move_group/planning_scene_monitor/publish_geometry_updates] by /move_group
[rosmaster.master][INFO] 2025-12-18 11:39:28,115: +PARAM [/move_group/planning_scene_monitor/publish_state_updates] by /move_group
[rosmaster.master][INFO] 2025-12-18 11:39:28,119: +PARAM [/move_group/planning_scene_monitor/publish_transforms_updates] by /move_group
[rosmaster.master][INFO] 2025-12-18 11:39:28,120: +PUB [/move_group/monitored_planning_scene] /move_group http://127.0.0.1:39321/
[rosmaster.master][INFO] 2025-12-18 11:39:28,121: +PUB [/joy_turbo_angular_decrease/result] /joystick_relay http://127.0.0.1:33031/
[rosmaster.master][INFO] 2025-12-18 11:39:28,125: +PARAM [/move_group/planning_scene_monitor/publish_planning_scene] by /move_group
[rosmaster.master][INFO] 2025-12-18 11:39:28,131: +PARAM [/move_group/planning_scene_monitor/publish_planning_scene_hz] by /move_group
[rosmaster.master][INFO] 2025-12-18 11:39:28,132: +PUB [/joy_turbo_angular_decrease/feedback] /joystick_relay http://127.0.0.1:33031/
[rosmaster.master][INFO] 2025-12-18 11:39:28,134: +PARAM [/move_group/planning_scene_monitor/publish_geometry_updates] by /move_group
[rosmaster.master][INFO] 2025-12-18 11:39:28,136: +PARAM [/move_group/planning_scene_monitor/publish_state_updates] by /move_group
[rosmaster.master][INFO] 2025-12-18 11:39:28,138: +PARAM [/move_group/planning_scene_monitor/publish_transforms_updates] by /move_group
[rosmaster.master][INFO] 2025-12-18 11:39:28,139: +SUB [/joy_turbo_angular_decrease/goal] /joystick_relay http://127.0.0.1:33031/
[rosmaster.master][INFO] 2025-12-18 11:39:28,144: +SUB [/joy_turbo_angular_decrease/cancel] /joystick_relay http://127.0.0.1:33031/
[rosmaster.master][INFO] 2025-12-18 11:39:28,149: +SUB [/joint_states] /move_group http://127.0.0.1:39321/
[rosmaster.master][INFO] 2025-12-18 11:39:28,157: +SUB [/attached_collision_object] /move_group http://127.0.0.1:39321/
[rosmaster.master][INFO] 2025-12-18 11:39:28,160: +PUB [/joy_turbo_reset/status] /joystick_relay http://127.0.0.1:33031/
[rosmaster.master][INFO] 2025-12-18 11:39:28,163: +PUB [/joy_turbo_reset/result] /joystick_relay http://127.0.0.1:33031/
[rosmaster.master][INFO] 2025-12-18 11:39:28,167: +PUB [/joy_turbo_reset/feedback] /joystick_relay http://127.0.0.1:33031/
[rosmaster.master][INFO] 2025-12-18 11:39:28,170: +SUB [/planning_scene] /move_group http://127.0.0.1:39321/
[rosmaster.master][INFO] 2025-12-18 11:39:28,177: +SUB [/joy_turbo_reset/goal] /joystick_relay http://127.0.0.1:33031/
[rosmaster.master][INFO] 2025-12-18 11:39:28,183: +SUB [/collision_object] /move_group http://127.0.0.1:39321/
[rosmaster.master][INFO] 2025-12-18 11:39:28,184: +SUB [/joy_turbo_reset/cancel] /joystick_relay http://127.0.0.1:33031/
[rosmaster.master][INFO] 2025-12-18 11:39:28,197: +SUB [/planning_scene_world] /move_group http://127.0.0.1:39321/
[rosmaster.master][INFO] 2025-12-18 11:39:28,198: +PUB [/rosout] /gazebo http://127.0.0.1:46085/
[rosmaster.master][INFO] 2025-12-18 11:39:28,202: +SERVICE [/gazebo/get_loggers] /gazebo http://127.0.0.1:46085/
[rosmaster.master][INFO] 2025-12-18 11:39:28,204: +SERVICE [/gazebo/set_logger_level] /gazebo http://127.0.0.1:46085/
[rosmaster.master][INFO] 2025-12-18 11:39:28,206: +SERVICE [/move_group/save_map] /move_group http://127.0.0.1:39321/
[rosmaster.master][INFO] 2025-12-18 11:39:28,209: +SERVICE [/move_group/load_map] /move_group http://127.0.0.1:39321/
[rosmaster.master][INFO] 2025-12-18 11:39:28,214: +PUB [/rosout] /home_gripper http://127.0.0.1:43033/
[rosmaster.master][INFO] 2025-12-18 11:39:28,214: publisherUpdate[/rosout] -> http://127.0.0.1:38997/ ['http://127.0.0.1:34545/', 'http://127.0.0.1:33609/', 'http://127.0.0.1:35333/', 'http://127.0.0.1:36289/', 'http://127.0.0.1:35471/', 'http://127.0.0.1:37485/', 'http://127.0.0.1:39321/', 'http://127.0.0.1:43249/', 'http://127.0.0.1:46097/', 'http://127.0.0.1:36505/', 'http://127.0.0.1:40365/', 'http://127.0.0.1:33709/', 'http://127.0.0.1:34223/', 'http://127.0.0.1:33031/', 'http://127.0.0.1:38119/', 'http://127.0.0.1:46085/']
[rosmaster.master][INFO] 2025-12-18 11:39:28,219: +SUB [/clock] /gazebo http://127.0.0.1:46085/
[rosmaster.master][INFO] 2025-12-18 11:39:28,225: publisherUpdate[/rosout] -> http://127.0.0.1:38997/ ['http://127.0.0.1:34545/', 'http://127.0.0.1:33609/', 'http://127.0.0.1:35333/', 'http://127.0.0.1:36289/', 'http://127.0.0.1:35471/', 'http://127.0.0.1:37485/', 'http://127.0.0.1:39321/', 'http://127.0.0.1:43249/', 'http://127.0.0.1:46097/', 'http://127.0.0.1:36505/', 'http://127.0.0.1:40365/', 'http://127.0.0.1:33709/', 'http://127.0.0.1:34223/', 'http://127.0.0.1:33031/', 'http://127.0.0.1:38119/', 'http://127.0.0.1:46085/']: sec=0.01, result=[1, '', 0]
[rosmaster.master][INFO] 2025-12-18 11:39:28,228: +CACHEDPARAM [/rosout_disable_topics_generation] by /gazebo
[rosmaster.master][INFO] 2025-12-18 11:39:28,228: publisherUpdate[/rosout] -> http://127.0.0.1:38997/ ['http://127.0.0.1:34545/', 'http://127.0.0.1:33609/', 'http://127.0.0.1:35333/', 'http://127.0.0.1:36289/', 'http://127.0.0.1:35471/', 'http://127.0.0.1:37485/', 'http://127.0.0.1:39321/', 'http://127.0.0.1:43249/', 'http://127.0.0.1:46097/', 'http://127.0.0.1:36505/', 'http://127.0.0.1:40365/', 'http://127.0.0.1:33709/', 'http://127.0.0.1:34223/', 'http://127.0.0.1:33031/', 'http://127.0.0.1:38119/', 'http://127.0.0.1:46085/', 'http://127.0.0.1:43033/']
[rosmaster.master][INFO] 2025-12-18 11:39:28,233: publisherUpdate[/rosout] -> http://127.0.0.1:38997/ ['http://127.0.0.1:34545/', 'http://127.0.0.1:33609/', 'http://127.0.0.1:35333/', 'http://127.0.0.1:36289/', 'http://127.0.0.1:35471/', 'http://127.0.0.1:37485/', 'http://127.0.0.1:39321/', 'http://127.0.0.1:43249/', 'http://127.0.0.1:46097/', 'http://127.0.0.1:36505/', 'http://127.0.0.1:40365/', 'http://127.0.0.1:33709/', 'http://127.0.0.1:34223/', 'http://127.0.0.1:33031/', 'http://127.0.0.1:38119/', 'http://127.0.0.1:46085/', 'http://127.0.0.1:43033/']: sec=0.00, result=[1, '', 0]
[rosmaster.master][INFO] 2025-12-18 11:39:28,238: +SUB [/clock] /home_gripper http://127.0.0.1:43033/
[rosmaster.master][INFO] 2025-12-18 11:39:28,245: +SERVICE [/home_gripper/get_loggers] /home_gripper http://127.0.0.1:43033/
[rosmaster.master][INFO] 2025-12-18 11:39:28,248: +SERVICE [/home_gripper/set_logger_level] /home_gripper http://127.0.0.1:43033/
[rosmaster.master][INFO] 2025-12-18 11:39:28,257: +CACHEDPARAM [/rosout_disable_topics_generation] by /home_gripper
[rosmaster.master][INFO] 2025-12-18 11:39:28,261: +PUB [/gripper_controller/follow_joint_trajectory/goal] /home_gripper http://127.0.0.1:43033/
[rosmaster.master][INFO] 2025-12-18 11:39:28,265: +PUB [/gripper_controller/follow_joint_trajectory/cancel] /home_gripper http://127.0.0.1:43033/
[rosmaster.master][INFO] 2025-12-18 11:39:28,274: +SUB [/gripper_controller/follow_joint_trajectory/status] /home_gripper http://127.0.0.1:43033/
[rosmaster.master][INFO] 2025-12-18 11:39:28,280: +SUB [/gripper_controller/follow_joint_trajectory/result] /home_gripper http://127.0.0.1:43033/
[rosmaster.master][INFO] 2025-12-18 11:39:28,285: +SUB [/gripper_controller/follow_joint_trajectory/feedback] /home_gripper http://127.0.0.1:43033/
[rosmaster.master][INFO] 2025-12-18 11:39:28,352: +SERVICE [/move_group/ompl/set_parameters] /move_group http://127.0.0.1:39321/
[rosmaster.master][INFO] 2025-12-18 11:39:28,353: +PUB [/move_group/ompl/parameter_descriptions] /move_group http://127.0.0.1:39321/
[rosmaster.master][INFO] 2025-12-18 11:39:28,354: +PUB [/move_group/ompl/parameter_updates] /move_group http://127.0.0.1:39321/
[rosmaster.master][INFO] 2025-12-18 11:39:28,356: +PARAM [/move_group/ompl/simplify_solutions] by /move_group
[rosmaster.master][INFO] 2025-12-18 11:39:28,357: +PARAM [/move_group/ompl/minimum_waypoint_count] by /move_group
[rosmaster.master][INFO] 2025-12-18 11:39:28,357: +PARAM [/move_group/ompl/maximum_waypoint_distance] by /move_group
[rosmaster.master][INFO] 2025-12-18 11:39:28,358: +PARAM [/move_group/ompl/link_for_exploration_tree] by /move_group
[rosmaster.master][INFO] 2025-12-18 11:39:28,358: +PARAM [/move_group/ompl/display_random_valid_states] by /move_group
[rosmaster.master][INFO] 2025-12-18 11:39:28,359: +PARAM [/move_group/ompl/simplify_solutions] by /move_group
[rosmaster.master][INFO] 2025-12-18 11:39:28,360: +PARAM [/move_group/ompl/minimum_waypoint_count] by /move_group
[rosmaster.master][INFO] 2025-12-18 11:39:28,361: +PARAM [/move_group/ompl/maximum_waypoint_distance] by /move_group
[rosmaster.master][INFO] 2025-12-18 11:39:28,362: +PARAM [/move_group/ompl/link_for_exploration_tree] by /move_group
[rosmaster.master][INFO] 2025-12-18 11:39:28,362: +PARAM [/move_group/ompl/display_random_valid_states] by /move_group
[rosmaster.master][INFO] 2025-12-18 11:39:28,377: +PUB [/move_group/display_planned_path] /move_group http://127.0.0.1:39321/
[rosmaster.master][INFO] 2025-12-18 11:39:28,378: +PUB [/move_group/display_contacts] /move_group http://127.0.0.1:39321/
[rosmaster.master][INFO] 2025-12-18 11:39:28,460: +PUB [/rosout] /bringup_controllers_spawner_imu http://127.0.0.1:36121/
[rosmaster.master][INFO] 2025-12-18 11:39:28,463: +SUB [/clock] /bringup_controllers_spawner_imu http://127.0.0.1:36121/
[rosmaster.master][INFO] 2025-12-18 11:39:28,465: +SERVICE [/bringup_controllers_spawner_imu/get_loggers] /bringup_controllers_spawner_imu http://127.0.0.1:36121/
[rosmaster.master][INFO] 2025-12-18 11:39:28,466: +SERVICE [/bringup_controllers_spawner_imu/set_logger_level] /bringup_controllers_spawner_imu http://127.0.0.1:36121/
[rosmaster.master][INFO] 2025-12-18 11:39:28,467: +CACHEDPARAM [/rosout_disable_topics_generation] by /bringup_controllers_spawner_imu
[rosmaster.master][INFO] 2025-12-18 11:39:28,505: +PUB [/rosout] /default_controllers_spawner http://127.0.0.1:34305/
[rosmaster.master][INFO] 2025-12-18 11:39:28,507: +SUB [/clock] /default_controllers_spawner http://127.0.0.1:34305/
[rosmaster.master][INFO] 2025-12-18 11:39:28,509: +SERVICE [/default_controllers_spawner/get_loggers] /default_controllers_spawner http://127.0.0.1:34305/
[rosmaster.master][INFO] 2025-12-18 11:39:28,510: +SERVICE [/default_controllers_spawner/set_logger_level] /default_controllers_spawner http://127.0.0.1:34305/
[rosmaster.master][INFO] 2025-12-18 11:39:28,512: +CACHEDPARAM [/rosout_disable_topics_generation] by /default_controllers_spawner
[rosmaster.master][INFO] 2025-12-18 11:39:28,529: publisherUpdate[/rosout] -> http://127.0.0.1:38997/ ['http://127.0.0.1:34545/', 'http://127.0.0.1:33609/', 'http://127.0.0.1:35333/', 'http://127.0.0.1:36289/', 'http://127.0.0.1:35471/', 'http://127.0.0.1:37485/', 'http://127.0.0.1:39321/', 'http://127.0.0.1:43249/', 'http://127.0.0.1:46097/', 'http://127.0.0.1:36505/', 'http://127.0.0.1:40365/', 'http://127.0.0.1:33709/', 'http://127.0.0.1:34223/', 'http://127.0.0.1:33031/', 'http://127.0.0.1:38119/', 'http://127.0.0.1:46085/', 'http://127.0.0.1:43033/', 'http://127.0.0.1:36121/']
[rosmaster.master][INFO] 2025-12-18 11:39:28,530: publisherUpdate[/rosout] -> http://127.0.0.1:38997/ ['http://127.0.0.1:34545/', 'http://127.0.0.1:33609/', 'http://127.0.0.1:35333/', 'http://127.0.0.1:36289/', 'http://127.0.0.1:35471/', 'http://127.0.0.1:37485/', 'http://127.0.0.1:39321/', 'http://127.0.0.1:43249/', 'http://127.0.0.1:46097/', 'http://127.0.0.1:36505/', 'http://127.0.0.1:40365/', 'http://127.0.0.1:33709/', 'http://127.0.0.1:34223/', 'http://127.0.0.1:33031/', 'http://127.0.0.1:38119/', 'http://127.0.0.1:46085/', 'http://127.0.0.1:43033/', 'http://127.0.0.1:36121/']: sec=0.00, result=[1, '', 0]
[rosmaster.master][INFO] 2025-12-18 11:39:28,531: publisherUpdate[/rosout] -> http://127.0.0.1:38997/ ['http://127.0.0.1:34545/', 'http://127.0.0.1:33609/', 'http://127.0.0.1:35333/', 'http://127.0.0.1:36289/', 'http://127.0.0.1:35471/', 'http://127.0.0.1:37485/', 'http://127.0.0.1:39321/', 'http://127.0.0.1:43249/', 'http://127.0.0.1:46097/', 'http://127.0.0.1:36505/', 'http://127.0.0.1:40365/', 'http://127.0.0.1:33709/', 'http://127.0.0.1:34223/', 'http://127.0.0.1:33031/', 'http://127.0.0.1:38119/', 'http://127.0.0.1:46085/', 'http://127.0.0.1:43033/', 'http://127.0.0.1:36121/', 'http://127.0.0.1:34305/']
[rosmaster.master][INFO] 2025-12-18 11:39:28,532: publisherUpdate[/rosout] -> http://127.0.0.1:38997/ ['http://127.0.0.1:34545/', 'http://127.0.0.1:33609/', 'http://127.0.0.1:35333/', 'http://127.0.0.1:36289/', 'http://127.0.0.1:35471/', 'http://127.0.0.1:37485/', 'http://127.0.0.1:39321/', 'http://127.0.0.1:43249/', 'http://127.0.0.1:46097/', 'http://127.0.0.1:36505/', 'http://127.0.0.1:40365/', 'http://127.0.0.1:33709/', 'http://127.0.0.1:34223/', 'http://127.0.0.1:33031/', 'http://127.0.0.1:38119/', 'http://127.0.0.1:46085/', 'http://127.0.0.1:43033/', 'http://127.0.0.1:36121/', 'http://127.0.0.1:34305/']: sec=0.00, result=[1, '', 0]
[rosmaster.master][INFO] 2025-12-18 11:39:28,556: +PUB [/rosout] /bringup_controllers_spawner_ft http://127.0.0.1:40891/
[rosmaster.master][INFO] 2025-12-18 11:39:28,559: +SUB [/clock] /bringup_controllers_spawner_ft http://127.0.0.1:40891/
[rosmaster.master][INFO] 2025-12-18 11:39:28,561: +SERVICE [/bringup_controllers_spawner_ft/get_loggers] /bringup_controllers_spawner_ft http://127.0.0.1:40891/
[rosmaster.master][INFO] 2025-12-18 11:39:28,563: +SERVICE [/bringup_controllers_spawner_ft/set_logger_level] /bringup_controllers_spawner_ft http://127.0.0.1:40891/
[rosmaster.master][INFO] 2025-12-18 11:39:28,564: +CACHEDPARAM [/rosout_disable_topics_generation] by /bringup_controllers_spawner_ft
[rosmaster.master][INFO] 2025-12-18 11:39:28,603: +PUB [/rosout] /gripper_controllers_spawner http://127.0.0.1:34169/
[rosmaster.master][INFO] 2025-12-18 11:39:28,606: +SUB [/clock] /gripper_controllers_spawner http://127.0.0.1:34169/
[rosmaster.master][INFO] 2025-12-18 11:39:28,608: +SERVICE [/gripper_controllers_spawner/get_loggers] /gripper_controllers_spawner http://127.0.0.1:34169/
[rosmaster.master][INFO] 2025-12-18 11:39:28,609: +SERVICE [/gripper_controllers_spawner/set_logger_level] /gripper_controllers_spawner http://127.0.0.1:34169/
[rosmaster.master][INFO] 2025-12-18 11:39:28,610: +CACHEDPARAM [/rosout_disable_topics_generation] by /gripper_controllers_spawner
[rosmaster.master][INFO] 2025-12-18 11:39:28,633: publisherUpdate[/rosout] -> http://127.0.0.1:38997/ ['http://127.0.0.1:34545/', 'http://127.0.0.1:33609/', 'http://127.0.0.1:35333/', 'http://127.0.0.1:36289/', 'http://127.0.0.1:35471/', 'http://127.0.0.1:37485/', 'http://127.0.0.1:39321/', 'http://127.0.0.1:43249/', 'http://127.0.0.1:46097/', 'http://127.0.0.1:36505/', 'http://127.0.0.1:40365/', 'http://127.0.0.1:33709/', 'http://127.0.0.1:34223/', 'http://127.0.0.1:33031/', 'http://127.0.0.1:38119/', 'http://127.0.0.1:46085/', 'http://127.0.0.1:43033/', 'http://127.0.0.1:36121/', 'http://127.0.0.1:34305/', 'http://127.0.0.1:40891/']
[rosmaster.master][INFO] 2025-12-18 11:39:28,634: publisherUpdate[/rosout] -> http://127.0.0.1:38997/ ['http://127.0.0.1:34545/', 'http://127.0.0.1:33609/', 'http://127.0.0.1:35333/', 'http://127.0.0.1:36289/', 'http://127.0.0.1:35471/', 'http://127.0.0.1:37485/', 'http://127.0.0.1:39321/', 'http://127.0.0.1:43249/', 'http://127.0.0.1:46097/', 'http://127.0.0.1:36505/', 'http://127.0.0.1:40365/', 'http://127.0.0.1:33709/', 'http://127.0.0.1:34223/', 'http://127.0.0.1:33031/', 'http://127.0.0.1:38119/', 'http://127.0.0.1:46085/', 'http://127.0.0.1:43033/', 'http://127.0.0.1:36121/', 'http://127.0.0.1:34305/', 'http://127.0.0.1:40891/']: sec=0.00, result=[1, '', 0]
[rosmaster.master][INFO] 2025-12-18 11:39:28,635: publisherUpdate[/rosout] -> http://127.0.0.1:38997/ ['http://127.0.0.1:34545/', 'http://127.0.0.1:33609/', 'http://127.0.0.1:35333/', 'http://127.0.0.1:36289/', 'http://127.0.0.1:35471/', 'http://127.0.0.1:37485/', 'http://127.0.0.1:39321/', 'http://127.0.0.1:43249/', 'http://127.0.0.1:46097/', 'http://127.0.0.1:36505/', 'http://127.0.0.1:40365/', 'http://127.0.0.1:33709/', 'http://127.0.0.1:34223/', 'http://127.0.0.1:33031/', 'http://127.0.0.1:38119/', 'http://127.0.0.1:46085/', 'http://127.0.0.1:43033/', 'http://127.0.0.1:36121/', 'http://127.0.0.1:34305/', 'http://127.0.0.1:40891/', 'http://127.0.0.1:34169/']
[rosmaster.master][INFO] 2025-12-18 11:39:28,636: publisherUpdate[/rosout] -> http://127.0.0.1:38997/ ['http://127.0.0.1:34545/', 'http://127.0.0.1:33609/', 'http://127.0.0.1:35333/', 'http://127.0.0.1:36289/', 'http://127.0.0.1:35471/', 'http://127.0.0.1:37485/', 'http://127.0.0.1:39321/', 'http://127.0.0.1:43249/', 'http://127.0.0.1:46097/', 'http://127.0.0.1:36505/', 'http://127.0.0.1:40365/', 'http://127.0.0.1:33709/', 'http://127.0.0.1:34223/', 'http://127.0.0.1:33031/', 'http://127.0.0.1:38119/', 'http://127.0.0.1:46085/', 'http://127.0.0.1:43033/', 'http://127.0.0.1:36121/', 'http://127.0.0.1:34305/', 'http://127.0.0.1:40891/', 'http://127.0.0.1:34169/']: sec=0.00, result=[1, '', 0]
[rosmaster.master][INFO] 2025-12-18 11:39:29,020: +PUB [/clock] /gazebo http://127.0.0.1:46085/
[rosmaster.master][INFO] 2025-12-18 11:39:29,021: +SERVICE [/gazebo/spawn_sdf_model] /gazebo http://127.0.0.1:46085/
[rosmaster.master][INFO] 2025-12-18 11:39:29,022: +SERVICE [/gazebo/spawn_urdf_model] /gazebo http://127.0.0.1:46085/
[rosmaster.master][INFO] 2025-12-18 11:39:29,022: +SERVICE [/gazebo/delete_model] /gazebo http://127.0.0.1:46085/
[rosmaster.master][INFO] 2025-12-18 11:39:29,023: +SERVICE [/gazebo/delete_light] /gazebo http://127.0.0.1:46085/
[rosmaster.master][INFO] 2025-12-18 11:39:29,023: +SERVICE [/gazebo/get_model_properties] /gazebo http://127.0.0.1:46085/
[rosmaster.master][INFO] 2025-12-18 11:39:29,024: +SERVICE [/gazebo/get_model_state] /gazebo http://127.0.0.1:46085/
[rosmaster.master][INFO] 2025-12-18 11:39:29,024: +SERVICE [/gazebo/get_world_properties] /gazebo http://127.0.0.1:46085/
[rosmaster.master][INFO] 2025-12-18 11:39:29,025: +SERVICE [/gazebo/get_joint_properties] /gazebo http://127.0.0.1:46085/
[rosmaster.master][INFO] 2025-12-18 11:39:29,025: +SERVICE [/gazebo/get_link_properties] /gazebo http://127.0.0.1:46085/
[rosmaster.master][INFO] 2025-12-18 11:39:29,025: +SERVICE [/gazebo/get_link_state] /gazebo http://127.0.0.1:46085/
[rosmaster.master][INFO] 2025-12-18 11:39:29,026: +SERVICE [/gazebo/get_light_properties] /gazebo http://127.0.0.1:46085/
[rosmaster.master][INFO] 2025-12-18 11:39:29,026: +SERVICE [/gazebo/set_light_properties] /gazebo http://127.0.0.1:46085/
[rosmaster.master][INFO] 2025-12-18 11:39:29,027: +SERVICE [/gazebo/get_physics_properties] /gazebo http://127.0.0.1:46085/
[rosmaster.master][INFO] 2025-12-18 11:39:29,027: +PUB [/gazebo/link_states] /gazebo http://127.0.0.1:46085/
[rosmaster.master][INFO] 2025-12-18 11:39:29,028: +PUB [/gazebo/model_states] /gazebo http://127.0.0.1:46085/
[rosmaster.master][INFO] 2025-12-18 11:39:29,028: +SERVICE [/gazebo/set_link_properties] /gazebo http://127.0.0.1:46085/
[rosmaster.master][INFO] 2025-12-18 11:39:29,029: +SERVICE [/gazebo/set_physics_properties] /gazebo http://127.0.0.1:46085/
[rosmaster.master][INFO] 2025-12-18 11:39:29,029: +SERVICE [/gazebo/set_model_state] /gazebo http://127.0.0.1:46085/
[rosmaster.master][INFO] 2025-12-18 11:39:29,030: +SERVICE [/gazebo/set_model_configuration] /gazebo http://127.0.0.1:46085/
[rosmaster.master][INFO] 2025-12-18 11:39:29,030: +SERVICE [/gazebo/set_joint_properties] /gazebo http://127.0.0.1:46085/
[rosmaster.master][INFO] 2025-12-18 11:39:29,031: +SERVICE [/gazebo/set_link_state] /gazebo http://127.0.0.1:46085/
[rosmaster.master][INFO] 2025-12-18 11:39:29,033: +SUB [/gazebo/set_link_state] /gazebo http://127.0.0.1:46085/
[rosmaster.master][INFO] 2025-12-18 11:39:29,035: publisherUpdate[/clock] -> http://127.0.0.1:34545/ ['http://127.0.0.1:46085/']
[rosmaster.master][INFO] 2025-12-18 11:39:29,035: publisherUpdate[/clock] -> http://127.0.0.1:33609/ ['http://127.0.0.1:46085/']
[rosmaster.master][INFO] 2025-12-18 11:39:29,035: +SUB [/gazebo/set_model_state] /gazebo http://127.0.0.1:46085/
[rosmaster.master][INFO] 2025-12-18 11:39:29,036: +SERVICE [/gazebo/pause_physics] /gazebo http://127.0.0.1:46085/
[rosmaster.master][INFO] 2025-12-18 11:39:29,036: publisherUpdate[/clock] -> http://127.0.0.1:34545/ ['http://127.0.0.1:46085/']: sec=0.00, result=[1, '', 0]
[rosmaster.master][INFO] 2025-12-18 11:39:29,037: publisherUpdate[/clock] -> http://127.0.0.1:33609/ ['http://127.0.0.1:46085/']: sec=0.00, result=[1, '', 0]
[rosmaster.master][INFO] 2025-12-18 11:39:29,037: publisherUpdate[/clock] -> http://127.0.0.1:36289/ ['http://127.0.0.1:46085/']
[rosmaster.master][INFO] 2025-12-18 11:39:29,037: +SERVICE [/gazebo/unpause_physics] /gazebo http://127.0.0.1:46085/
[rosmaster.master][INFO] 2025-12-18 11:39:29,037: publisherUpdate[/clock] -> http://127.0.0.1:35333/ ['http://127.0.0.1:46085/']
[rosmaster.master][INFO] 2025-12-18 11:39:29,038: publisherUpdate[/clock] -> http://127.0.0.1:35471/ ['http://127.0.0.1:46085/']
[rosmaster.master][INFO] 2025-12-18 11:39:29,038: publisherUpdate[/clock] -> http://127.0.0.1:36289/ ['http://127.0.0.1:46085/']: sec=0.00, result=[1, '', 0]
[rosmaster.master][INFO] 2025-12-18 11:39:29,039: +SERVICE [/gazebo/apply_body_wrench] /gazebo http://127.0.0.1:46085/
[rosmaster.master][INFO] 2025-12-18 11:39:29,039: publisherUpdate[/clock] -> http://127.0.0.1:37485/ ['http://127.0.0.1:46085/']
[rosmaster.master][INFO] 2025-12-18 11:39:29,039: publisherUpdate[/clock] -> http://127.0.0.1:35333/ ['http://127.0.0.1:46085/']: sec=0.00, result=[1, '', 0]
[rosmaster.master][INFO] 2025-12-18 11:39:29,040: publisherUpdate[/clock] -> http://127.0.0.1:35471/ ['http://127.0.0.1:46085/']: sec=0.00, result=[1, '', 0]
[rosmaster.master][INFO] 2025-12-18 11:39:29,040: +SERVICE [/gazebo/apply_joint_effort] /gazebo http://127.0.0.1:46085/
[rosmaster.master][INFO] 2025-12-18 11:39:29,040: publisherUpdate[/clock] -> http://127.0.0.1:39321/ ['http://127.0.0.1:46085/']
[rosmaster.master][INFO] 2025-12-18 11:39:29,041: publisherUpdate[/clock] -> http://127.0.0.1:43249/ ['http://127.0.0.1:46085/']
[rosmaster.master][INFO] 2025-12-18 11:39:29,041: publisherUpdate[/clock] -> http://127.0.0.1:37485/ ['http://127.0.0.1:46085/']: sec=0.00, result=[1, '', 0]
[rosmaster.master][INFO] 2025-12-18 11:39:29,042: +SERVICE [/gazebo/clear_joint_forces] /gazebo http://127.0.0.1:46085/
[rosmaster.master][INFO] 2025-12-18 11:39:29,042: publisherUpdate[/clock] -> http://127.0.0.1:46097/ ['http://127.0.0.1:46085/']
[rosmaster.master][INFO] 2025-12-18 11:39:29,043: publisherUpdate[/clock] -> http://127.0.0.1:39321/ ['http://127.0.0.1:46085/']: sec=0.00, result=[1, '', 0]
[rosmaster.master][INFO] 2025-12-18 11:39:29,043: publisherUpdate[/clock] -> http://127.0.0.1:36505/ ['http://127.0.0.1:46085/']
[rosmaster.master][INFO] 2025-12-18 11:39:29,043: +SERVICE [/gazebo/clear_body_wrenches] /gazebo http://127.0.0.1:46085/
[rosmaster.master][INFO] 2025-12-18 11:39:29,044: publisherUpdate[/clock] -> http://127.0.0.1:43249/ ['http://127.0.0.1:46085/']: sec=0.00, result=[1, '', 0]
[rosmaster.master][INFO] 2025-12-18 11:39:29,044: publisherUpdate[/clock] -> http://127.0.0.1:46097/ ['http://127.0.0.1:46085/']: sec=0.00, result=[1, '', 0]
[rosmaster.master][INFO] 2025-12-18 11:39:29,045: +SERVICE [/gazebo/reset_simulation] /gazebo http://127.0.0.1:46085/
[rosmaster.master][INFO] 2025-12-18 11:39:29,045: publisherUpdate[/clock] -> http://127.0.0.1:40365/ ['http://127.0.0.1:46085/']
[rosmaster.master][INFO] 2025-12-18 11:39:29,045: publisherUpdate[/clock] -> http://127.0.0.1:33709/ ['http://127.0.0.1:46085/']
[rosmaster.master][INFO] 2025-12-18 11:39:29,045: publisherUpdate[/clock] -> http://127.0.0.1:36505/ ['http://127.0.0.1:46085/']: sec=0.00, result=[1, '', 0]
[rosmaster.master][INFO] 2025-12-18 11:39:29,046: +SERVICE [/gazebo/reset_world] /gazebo http://127.0.0.1:46085/
[rosmaster.master][INFO] 2025-12-18 11:39:29,046: publisherUpdate[/clock] -> http://127.0.0.1:34223/ ['http://127.0.0.1:46085/']
[rosmaster.master][INFO] 2025-12-18 11:39:29,047: publisherUpdate[/clock] -> http://127.0.0.1:40365/ ['http://127.0.0.1:46085/']: sec=0.00, result=[1, '', 0]
[rosmaster.master][INFO] 2025-12-18 11:39:29,047: publisherUpdate[/clock] -> http://127.0.0.1:33031/ ['http://127.0.0.1:46085/']
[rosmaster.master][INFO] 2025-12-18 11:39:29,049: publisherUpdate[/clock] -> http://127.0.0.1:34223/ ['http://127.0.0.1:46085/']: sec=0.00, result=[1, '', 0]
[rosmaster.master][INFO] 2025-12-18 11:39:29,049: publisherUpdate[/clock] -> http://127.0.0.1:33031/ ['http://127.0.0.1:46085/']: sec=0.00, result=[1, '', 0]
[rosmaster.master][INFO] 2025-12-18 11:39:29,050: publisherUpdate[/clock] -> http://127.0.0.1:46085/ ['http://127.0.0.1:46085/']
[rosmaster.master][INFO] 2025-12-18 11:39:29,049: publisherUpdate[/clock] -> http://127.0.0.1:38119/ ['http://127.0.0.1:46085/']
[rosmaster.master][INFO] 2025-12-18 11:39:29,052: +SERVICE [/gazebo/set_parameters] /gazebo http://127.0.0.1:46085/
[rosmaster.master][INFO] 2025-12-18 11:39:29,053: +PUB [/gazebo/parameter_descriptions] /gazebo http://127.0.0.1:46085/
[rosmaster.master][INFO] 2025-12-18 11:39:29,055: publisherUpdate[/clock] -> http://127.0.0.1:46085/ ['http://127.0.0.1:46085/']: sec=0.00, result=[1, '', 0]
[rosmaster.master][INFO] 2025-12-18 11:39:29,056: publisherUpdate[/clock] -> http://127.0.0.1:43033/ ['http://127.0.0.1:46085/']
[rosmaster.master][INFO] 2025-12-18 11:39:29,055: publisherUpdate[/clock] -> http://127.0.0.1:38119/ ['http://127.0.0.1:46085/']: sec=0.00, result=[1, '', 0]
[rosmaster.master][INFO] 2025-12-18 11:39:29,056: publisherUpdate[/clock] -> http://127.0.0.1:36121/ ['http://127.0.0.1:46085/']
[rosmaster.master][INFO] 2025-12-18 11:39:29,055: +PUB [/gazebo/parameter_updates] /gazebo http://127.0.0.1:46085/
[rosmaster.master][INFO] 2025-12-18 11:39:29,060: publisherUpdate[/clock] -> http://127.0.0.1:36121/ ['http://127.0.0.1:46085/']: sec=0.00, result=[1, '', 0]
[rosmaster.master][INFO] 2025-12-18 11:39:29,061: publisherUpdate[/clock] -> http://127.0.0.1:34305/ ['http://127.0.0.1:46085/']
[rosmaster.master][INFO] 2025-12-18 11:39:29,062: publisherUpdate[/clock] -> http://127.0.0.1:43033/ ['http://127.0.0.1:46085/']: sec=0.01, result=[1, '', 0]
[rosmaster.master][INFO] 2025-12-18 11:39:29,062: publisherUpdate[/clock] -> http://127.0.0.1:40891/ ['http://127.0.0.1:46085/']
[rosmaster.master][INFO] 2025-12-18 11:39:29,065: publisherUpdate[/clock] -> http://127.0.0.1:34305/ ['http://127.0.0.1:46085/']: sec=0.00, result=[1, '', 0]
[rosmaster.master][INFO] 2025-12-18 11:39:29,066: publisherUpdate[/clock] -> http://127.0.0.1:34169/ ['http://127.0.0.1:46085/']
[rosmaster.master][INFO] 2025-12-18 11:39:29,069: publisherUpdate[/clock] -> http://127.0.0.1:40891/ ['http://127.0.0.1:46085/']: sec=0.01, result=[1, '', 0]
[rosmaster.master][INFO] 2025-12-18 11:39:29,071: publisherUpdate[/clock] -> http://127.0.0.1:33709/ ['http://127.0.0.1:46085/']: sec=0.03, result=[1, '', 0]
[rosmaster.master][INFO] 2025-12-18 11:39:29,071: publisherUpdate[/clock] -> http://127.0.0.1:34169/ ['http://127.0.0.1:46085/']: sec=0.01, result=[1, '', 0]
[rosmaster.master][INFO] 2025-12-18 11:39:29,081: +PARAM [/gazebo/time_step] by /gazebo
[rosmaster.master][INFO] 2025-12-18 11:39:29,082: +PARAM [/gazebo/max_update_rate] by /gazebo
[rosmaster.master][INFO] 2025-12-18 11:39:29,082: +PARAM [/gazebo/gravity_x] by /gazebo
[rosmaster.master][INFO] 2025-12-18 11:39:29,083: +PARAM [/gazebo/gravity_y] by /gazebo
[rosmaster.master][INFO] 2025-12-18 11:39:29,083: +PARAM [/gazebo/gravity_z] by /gazebo
[rosmaster.master][INFO] 2025-12-18 11:39:29,084: +PARAM [/gazebo/auto_disable_bodies] by /gazebo
[rosmaster.master][INFO] 2025-12-18 11:39:29,084: +PARAM [/gazebo/sor_pgs_precon_iters] by /gazebo
[rosmaster.master][INFO] 2025-12-18 11:39:29,085: +PARAM [/gazebo/sor_pgs_iters] by /gazebo
[rosmaster.master][INFO] 2025-12-18 11:39:29,085: +PARAM [/gazebo/sor_pgs_w] by /gazebo
[rosmaster.master][INFO] 2025-12-18 11:39:29,086: +PARAM [/gazebo/sor_pgs_rms_error_tol] by /gazebo
[rosmaster.master][INFO] 2025-12-18 11:39:29,086: +PARAM [/gazebo/cfm] by /gazebo
[rosmaster.master][INFO] 2025-12-18 11:39:29,086: +PARAM [/gazebo/erp] by /gazebo
[rosmaster.master][INFO] 2025-12-18 11:39:29,087: +PARAM [/gazebo/contact_surface_layer] by /gazebo
[rosmaster.master][INFO] 2025-12-18 11:39:29,087: +PARAM [/gazebo/contact_max_correcting_vel] by /gazebo
[rosmaster.master][INFO] 2025-12-18 11:39:29,088: +PARAM [/gazebo/max_contacts] by /gazebo
[rosmaster.master][INFO] 2025-12-18 11:39:29,090: +PARAM [/gazebo/time_step] by /gazebo
[rosmaster.master][INFO] 2025-12-18 11:39:29,090: +PARAM [/gazebo/max_update_rate] by /gazebo
[rosmaster.master][INFO] 2025-12-18 11:39:29,091: +PARAM [/gazebo/gravity_x] by /gazebo
[rosmaster.master][INFO] 2025-12-18 11:39:29,091: +PARAM [/gazebo/gravity_y] by /gazebo
[rosmaster.master][INFO] 2025-12-18 11:39:29,092: +PARAM [/gazebo/gravity_z] by /gazebo
[rosmaster.master][INFO] 2025-12-18 11:39:29,092: +PARAM [/gazebo/auto_disable_bodies] by /gazebo
[rosmaster.master][INFO] 2025-12-18 11:39:29,093: +PARAM [/gazebo/sor_pgs_precon_iters] by /gazebo
[rosmaster.master][INFO] 2025-12-18 11:39:29,093: +PARAM [/gazebo/sor_pgs_iters] by /gazebo
[rosmaster.master][INFO] 2025-12-18 11:39:29,094: +PARAM [/gazebo/sor_pgs_w] by /gazebo
[rosmaster.master][INFO] 2025-12-18 11:39:29,094: +PARAM [/gazebo/sor_pgs_rms_error_tol] by /gazebo
[rosmaster.master][INFO] 2025-12-18 11:39:29,094: +PARAM [/gazebo/cfm] by /gazebo
[rosmaster.master][INFO] 2025-12-18 11:39:29,095: +PARAM [/gazebo/erp] by /gazebo
[rosmaster.master][INFO] 2025-12-18 11:39:29,095: +PARAM [/gazebo/contact_surface_layer] by /gazebo
[rosmaster.master][INFO] 2025-12-18 11:39:29,096: +PARAM [/gazebo/contact_max_correcting_vel] by /gazebo
[rosmaster.master][INFO] 2025-12-18 11:39:29,096: +PARAM [/gazebo/max_contacts] by /gazebo
[rosmaster.master][INFO] 2025-12-18 11:39:29,118: +CACHEDPARAM [/rosout_disable_topics_generation] by /spawn_model
[rosmaster.master][INFO] 2025-12-18 11:39:29,136: +CACHEDPARAM [/rosout_disable_topics_generation] by /spawn_model
[rosmaster.master][INFO] 2025-12-18 11:39:29,139: -SUB [/clock] /spawn_model http://127.0.0.1:34223/
[rosmaster.master][INFO] 2025-12-18 11:39:29,139: -PUB [/rosout] /spawn_model http://127.0.0.1:34223/
[rosmaster.master][INFO] 2025-12-18 11:39:29,139: -SERVICE [/spawn_model/get_loggers] /spawn_model rosrpc://127.0.0.1:40779
[rosmaster.master][INFO] 2025-12-18 11:39:29,139: -SERVICE [/spawn_model/set_logger_level] /spawn_model rosrpc://127.0.0.1:40779
[rosmaster.master][INFO] 2025-12-18 11:39:29,169: publisherUpdate[/rosout] -> http://127.0.0.1:38997/ ['http://127.0.0.1:34545/', 'http://127.0.0.1:33609/', 'http://127.0.0.1:35333/', 'http://127.0.0.1:36289/', 'http://127.0.0.1:35471/', 'http://127.0.0.1:37485/', 'http://127.0.0.1:39321/', 'http://127.0.0.1:43249/', 'http://127.0.0.1:46097/', 'http://127.0.0.1:36505/', 'http://127.0.0.1:40365/', 'http://127.0.0.1:33709/', 'http://127.0.0.1:33031/', 'http://127.0.0.1:38119/', 'http://127.0.0.1:46085/', 'http://127.0.0.1:43033/', 'http://127.0.0.1:36121/', 'http://127.0.0.1:34305/', 'http://127.0.0.1:40891/', 'http://127.0.0.1:34169/']
[rosmaster.master][INFO] 2025-12-18 11:39:29,170: publisherUpdate[/rosout] -> http://127.0.0.1:38997/ ['http://127.0.0.1:34545/', 'http://127.0.0.1:33609/', 'http://127.0.0.1:35333/', 'http://127.0.0.1:36289/', 'http://127.0.0.1:35471/', 'http://127.0.0.1:37485/', 'http://127.0.0.1:39321/', 'http://127.0.0.1:43249/', 'http://127.0.0.1:46097/', 'http://127.0.0.1:36505/', 'http://127.0.0.1:40365/', 'http://127.0.0.1:33709/', 'http://127.0.0.1:33031/', 'http://127.0.0.1:38119/', 'http://127.0.0.1:46085/', 'http://127.0.0.1:43033/', 'http://127.0.0.1:36121/', 'http://127.0.0.1:34305/', 'http://127.0.0.1:40891/', 'http://127.0.0.1:34169/']: sec=0.00, result=[1, '', 0]
[rosmaster.master][ERROR] 2025-12-18 11:39:29,903: Traceback (most recent call last):
  File "/opt/ros/noetic/lib/python3/dist-packages/rosmaster/master_api.py", line 177, in validated_f
    code, msg, val = f(*newArgs, **kwds)
  File "/opt/ros/noetic/lib/python3/dist-packages/rosmaster/master_api.py", line 435, in searchParam
    search_key = self.param_server.search_param(caller_id, key)
  File "/opt/ros/noetic/lib/python3/dist-packages/rosmaster/paramserver.py", line 116, in search_param
    raise ValueError("namespace must be global")
ValueError: namespace must be global

[rosmaster.master][INFO] 2025-12-18 11:39:29,905: +PUB [/scan_front_raw] /gazebo http://127.0.0.1:46085/
[rosmaster.master][ERROR] 2025-12-18 11:39:29,908: Traceback (most recent call last):
  File "/opt/ros/noetic/lib/python3/dist-packages/rosmaster/master_api.py", line 177, in validated_f
    code, msg, val = f(*newArgs, **kwds)
  File "/opt/ros/noetic/lib/python3/dist-packages/rosmaster/master_api.py", line 435, in searchParam
    search_key = self.param_server.search_param(caller_id, key)
  File "/opt/ros/noetic/lib/python3/dist-packages/rosmaster/paramserver.py", line 116, in search_param
    raise ValueError("namespace must be global")
ValueError: namespace must be global

[rosmaster.master][INFO] 2025-12-18 11:39:29,909: +PUB [/scan_rear_raw] /gazebo http://127.0.0.1:46085/
[rosmaster.master][INFO] 2025-12-18 11:39:29,968: +SERVICE [/xtion/set_camera_info] /gazebo http://127.0.0.1:46085/
[rosmaster.master][INFO] 2025-12-18 11:39:29,972: +SERVICE [/xtion/set_parameters] /gazebo http://127.0.0.1:46085/
[rosmaster.master][INFO] 2025-12-18 11:39:29,972: +PUB [/xtion/parameter_descriptions] /gazebo http://127.0.0.1:46085/
[rosmaster.master][INFO] 2025-12-18 11:39:29,973: +PUB [/xtion/parameter_updates] /gazebo http://127.0.0.1:46085/
[rosmaster.master][INFO] 2025-12-18 11:39:29,974: +PARAM [/xtion/imager_rate] by /gazebo
[rosmaster.master][INFO] 2025-12-18 11:39:29,975: +PARAM [/xtion/imager_rate] by /gazebo
[rosmaster.master][INFO] 2025-12-18 11:39:30,064: +PUB [/xtion/rgb/image_raw/compressedDepth] /gazebo http://127.0.0.1:46085/
[rosmaster.master][INFO] 2025-12-18 11:39:30,066: +SERVICE [/xtion/rgb/image_raw/compressedDepth/set_parameters] /gazebo http://127.0.0.1:46085/
[rosmaster.master][INFO] 2025-12-18 11:39:30,067: +PUB [/xtion/rgb/image_raw/compressedDepth/parameter_descriptions] /gazebo http://127.0.0.1:46085/
[rosmaster.master][INFO] 2025-12-18 11:39:30,068: +PUB [/xtion/rgb/image_raw/compressedDepth/parameter_updates] /gazebo http://127.0.0.1:46085/
[rosmaster.master][INFO] 2025-12-18 11:39:30,071: +PARAM [/xtion/rgb/image_raw/compressedDepth/format] by /gazebo
[rosmaster.master][INFO] 2025-12-18 11:39:30,072: +PARAM [/xtion/rgb/image_raw/compressedDepth/depth_max] by /gazebo
[rosmaster.master][INFO] 2025-12-18 11:39:30,073: +PARAM [/xtion/rgb/image_raw/compressedDepth/depth_quantization] by /gazebo
[rosmaster.master][INFO] 2025-12-18 11:39:30,074: +PARAM [/xtion/rgb/image_raw/compressedDepth/png_level] by /gazebo
[rosmaster.master][INFO] 2025-12-18 11:39:30,074: +PARAM [/xtion/rgb/image_raw/compressedDepth/format] by /gazebo
[rosmaster.master][INFO] 2025-12-18 11:39:30,075: +PARAM [/xtion/rgb/image_raw/compressedDepth/depth_max] by /gazebo
[rosmaster.master][INFO] 2025-12-18 11:39:30,076: +PARAM [/xtion/rgb/image_raw/compressedDepth/depth_quantization] by /gazebo
[rosmaster.master][INFO] 2025-12-18 11:39:30,076: +PARAM [/xtion/rgb/image_raw/compressedDepth/png_level] by /gazebo
[rosmaster.master][INFO] 2025-12-18 11:39:30,085: +PUB [/xtion/rgb/image_raw/compressed] /gazebo http://127.0.0.1:46085/
[rosmaster.master][INFO] 2025-12-18 11:39:30,087: +SERVICE [/xtion/rgb/image_raw/compressed/set_parameters] /gazebo http://127.0.0.1:46085/
[rosmaster.master][INFO] 2025-12-18 11:39:30,088: +PUB [/xtion/rgb/image_raw/compressed/parameter_descriptions] /gazebo http://127.0.0.1:46085/
[rosmaster.master][INFO] 2025-12-18 11:39:30,089: +PUB [/xtion/rgb/image_raw/compressed/parameter_updates] /gazebo http://127.0.0.1:46085/
[rosmaster.master][INFO] 2025-12-18 11:39:30,096: +PARAM [/xtion/rgb/image_raw/compressed/format] by /gazebo
[rosmaster.master][INFO] 2025-12-18 11:39:30,097: +PARAM [/xtion/rgb/image_raw/compressed/jpeg_quality] by /gazebo
[rosmaster.master][INFO] 2025-12-18 11:39:30,098: +PARAM [/xtion/rgb/image_raw/compressed/jpeg_progressive] by /gazebo
[rosmaster.master][INFO] 2025-12-18 11:39:30,099: +PARAM [/xtion/rgb/image_raw/compressed/jpeg_optimize] by /gazebo
[rosmaster.master][INFO] 2025-12-18 11:39:30,100: +PARAM [/xtion/rgb/image_raw/compressed/jpeg_restart_interval] by /gazebo
[rosmaster.master][INFO] 2025-12-18 11:39:30,100: +PARAM [/xtion/rgb/image_raw/compressed/png_level] by /gazebo
[rosmaster.master][INFO] 2025-12-18 11:39:30,101: +PARAM [/xtion/rgb/image_raw/compressed/format] by /gazebo
[rosmaster.master][INFO] 2025-12-18 11:39:30,101: +PARAM [/xtion/rgb/image_raw/compressed/jpeg_quality] by /gazebo
[rosmaster.master][INFO] 2025-12-18 11:39:30,102: +PARAM [/xtion/rgb/image_raw/compressed/jpeg_progressive] by /gazebo
[rosmaster.master][INFO] 2025-12-18 11:39:30,102: +PARAM [/xtion/rgb/image_raw/compressed/jpeg_optimize] by /gazebo
[rosmaster.master][INFO] 2025-12-18 11:39:30,103: +PARAM [/xtion/rgb/image_raw/compressed/jpeg_restart_interval] by /gazebo
[rosmaster.master][INFO] 2025-12-18 11:39:30,103: +PARAM [/xtion/rgb/image_raw/compressed/png_level] by /gazebo
[rosmaster.master][INFO] 2025-12-18 11:39:30,110: +PUB [/xtion/rgb/image_raw] /gazebo http://127.0.0.1:46085/
[rosmaster.master][INFO] 2025-12-18 11:39:30,159: +PUB [/xtion/rgb/image_raw/theora] /gazebo http://127.0.0.1:46085/
[rosmaster.master][INFO] 2025-12-18 11:39:30,163: +SERVICE [/xtion/rgb/image_raw/theora/set_parameters] /gazebo http://127.0.0.1:46085/
[rosmaster.master][INFO] 2025-12-18 11:39:30,168: +PUB [/xtion/rgb/image_raw/theora/parameter_descriptions] /gazebo http://127.0.0.1:46085/
[rosmaster.master][INFO] 2025-12-18 11:39:30,172: +PUB [/xtion/rgb/image_raw/theora/parameter_updates] /gazebo http://127.0.0.1:46085/
[rosmaster.master][INFO] 2025-12-18 11:39:30,172: publisherUpdate[/xtion/rgb/image_raw] -> http://127.0.0.1:43249/ ['http://127.0.0.1:46085/']
[rosmaster.master][INFO] 2025-12-18 11:39:30,176: publisherUpdate[/xtion/rgb/image_raw] -> http://127.0.0.1:43249/ ['http://127.0.0.1:46085/']: sec=0.00, result=[1, '', 0]
[rosmaster.master][INFO] 2025-12-18 11:39:30,181: +PARAM [/xtion/rgb/image_raw/theora/optimize_for] by /gazebo
[rosmaster.master][INFO] 2025-12-18 11:39:30,182: +PARAM [/xtion/rgb/image_raw/theora/target_bitrate] by /gazebo
[rosmaster.master][INFO] 2025-12-18 11:39:30,183: +PARAM [/xtion/rgb/image_raw/theora/quality] by /gazebo
[rosmaster.master][INFO] 2025-12-18 11:39:30,184: +PARAM [/xtion/rgb/image_raw/theora/keyframe_frequency] by /gazebo
[rosmaster.master][INFO] 2025-12-18 11:39:30,185: +PARAM [/xtion/rgb/image_raw/theora/optimize_for] by /gazebo
[rosmaster.master][INFO] 2025-12-18 11:39:30,186: +PARAM [/xtion/rgb/image_raw/theora/target_bitrate] by /gazebo
[rosmaster.master][INFO] 2025-12-18 11:39:30,189: +PARAM [/xtion/rgb/image_raw/theora/quality] by /gazebo
[rosmaster.master][INFO] 2025-12-18 11:39:30,190: +SERVICE [/gains/torso_lift_joint/set_parameters] /gazebo http://127.0.0.1:46085/
[rosmaster.master][INFO] 2025-12-18 11:39:30,190: +PARAM [/xtion/rgb/image_raw/theora/keyframe_frequency] by /gazebo
[rosmaster.master][INFO] 2025-12-18 11:39:30,191: +PUB [/gains/torso_lift_joint/parameter_descriptions] /gazebo http://127.0.0.1:46085/
[rosmaster.master][INFO] 2025-12-18 11:39:30,192: +PUB [/xtion/rgb/camera_info] /gazebo http://127.0.0.1:46085/
[rosmaster.master][INFO] 2025-12-18 11:39:30,192: +PUB [/gains/torso_lift_joint/parameter_updates] /gazebo http://127.0.0.1:46085/
[rosmaster.master][INFO] 2025-12-18 11:39:30,194: +PUB [/xtion/depth_registered/points] /gazebo http://127.0.0.1:46085/
[rosmaster.master][INFO] 2025-12-18 11:39:30,195: +PUB [/xtion/depth_registered/image_raw] /gazebo http://127.0.0.1:46085/
[rosmaster.master][INFO] 2025-12-18 11:39:30,196: +PUB [/xtion/depth_registered/camera_info] /gazebo http://127.0.0.1:46085/
[rosmaster.master][INFO] 2025-12-18 11:39:30,198: +PARAM [/gains/torso_lift_joint/p] by /gazebo
[rosmaster.master][INFO] 2025-12-18 11:39:30,198: +PARAM [/gains/torso_lift_joint/i] by /gazebo
[rosmaster.master][INFO] 2025-12-18 11:39:30,199: +PARAM [/gains/torso_lift_joint/d] by /gazebo
[rosmaster.master][INFO] 2025-12-18 11:39:30,199: +PARAM [/gains/torso_lift_joint/i_clamp_min] by /gazebo
[rosmaster.master][INFO] 2025-12-18 11:39:30,200: +PARAM [/gains/torso_lift_joint/i_clamp_max] by /gazebo
[rosmaster.master][INFO] 2025-12-18 11:39:30,201: +PARAM [/gains/torso_lift_joint/antiwindup] by /gazebo
[rosmaster.master][INFO] 2025-12-18 11:39:30,201: +PARAM [/gains/torso_lift_joint/p] by /gazebo
[rosmaster.master][INFO] 2025-12-18 11:39:30,202: +PARAM [/gains/torso_lift_joint/i] by /gazebo
[rosmaster.master][INFO] 2025-12-18 11:39:30,202: +PARAM [/gains/torso_lift_joint/d] by /gazebo
[rosmaster.master][INFO] 2025-12-18 11:39:30,203: +PARAM [/gains/torso_lift_joint/i_clamp_min] by /gazebo
[rosmaster.master][INFO] 2025-12-18 11:39:30,203: +PARAM [/gains/torso_lift_joint/i_clamp_max] by /gazebo
[rosmaster.master][INFO] 2025-12-18 11:39:30,204: +PARAM [/gains/torso_lift_joint/antiwindup] by /gazebo
[rosmaster.master][INFO] 2025-12-18 11:39:30,207: +PARAM [/gains/torso_lift_joint/p] by /gazebo
[rosmaster.master][INFO] 2025-12-18 11:39:30,209: +PARAM [/gains/torso_lift_joint/i] by /gazebo
[rosmaster.master][INFO] 2025-12-18 11:39:30,209: +PARAM [/gains/torso_lift_joint/d] by /gazebo
[rosmaster.master][INFO] 2025-12-18 11:39:30,210: +PARAM [/gains/torso_lift_joint/i_clamp_min] by /gazebo
[rosmaster.master][INFO] 2025-12-18 11:39:30,211: +PARAM [/gains/torso_lift_joint/i_clamp_max] by /gazebo
[rosmaster.master][INFO] 2025-12-18 11:39:30,212: +PARAM [/gains/torso_lift_joint/antiwindup] by /gazebo
[rosmaster.master][INFO] 2025-12-18 11:39:30,212: +PARAM [/gains/torso_lift_joint/p] by /gazebo
[rosmaster.master][INFO] 2025-12-18 11:39:30,213: +PARAM [/gains/torso_lift_joint/i] by /gazebo
[rosmaster.master][INFO] 2025-12-18 11:39:30,214: +PARAM [/gains/torso_lift_joint/d] by /gazebo
[rosmaster.master][INFO] 2025-12-18 11:39:30,215: +PARAM [/gains/torso_lift_joint/i_clamp_min] by /gazebo
[rosmaster.master][INFO] 2025-12-18 11:39:30,216: +PARAM [/gains/torso_lift_joint/i_clamp_max] by /gazebo
[rosmaster.master][INFO] 2025-12-18 11:39:30,216: +PARAM [/gains/torso_lift_joint/antiwindup] by /gazebo
[rosmaster.master][INFO] 2025-12-18 11:39:30,222: +SERVICE [/gains/head_1_joint/set_parameters] /gazebo http://127.0.0.1:46085/
[rosmaster.master][INFO] 2025-12-18 11:39:30,223: +PUB [/gains/head_1_joint/parameter_descriptions] /gazebo http://127.0.0.1:46085/
[rosmaster.master][INFO] 2025-12-18 11:39:30,224: +PUB [/gains/head_1_joint/parameter_updates] /gazebo http://127.0.0.1:46085/
[rosmaster.master][INFO] 2025-12-18 11:39:30,226: +PARAM [/gains/head_1_joint/p] by /gazebo
[rosmaster.master][INFO] 2025-12-18 11:39:30,228: +PARAM [/gains/head_1_joint/i] by /gazebo
[rosmaster.master][INFO] 2025-12-18 11:39:30,229: +PARAM [/gains/head_1_joint/d] by /gazebo
[rosmaster.master][INFO] 2025-12-18 11:39:30,231: +PARAM [/gains/head_1_joint/i_clamp_min] by /gazebo
[rosmaster.master][INFO] 2025-12-18 11:39:30,233: +PARAM [/gains/head_1_joint/i_clamp_max] by /gazebo
[rosmaster.master][INFO] 2025-12-18 11:39:30,234: +PARAM [/gains/head_1_joint/antiwindup] by /gazebo
[rosmaster.master][INFO] 2025-12-18 11:39:30,235: +PARAM [/gains/head_1_joint/p] by /gazebo
[rosmaster.master][INFO] 2025-12-18 11:39:30,235: +PARAM [/gains/head_1_joint/i] by /gazebo
[rosmaster.master][INFO] 2025-12-18 11:39:30,236: +PARAM [/gains/head_1_joint/d] by /gazebo
[rosmaster.master][INFO] 2025-12-18 11:39:30,236: +PARAM [/gains/head_1_joint/i_clamp_min] by /gazebo
[rosmaster.master][INFO] 2025-12-18 11:39:30,237: +PARAM [/gains/head_1_joint/i_clamp_max] by /gazebo
[rosmaster.master][INFO] 2025-12-18 11:39:30,237: +PARAM [/gains/head_1_joint/antiwindup] by /gazebo
[rosmaster.master][INFO] 2025-12-18 11:39:30,238: +PARAM [/gains/head_1_joint/p] by /gazebo
[rosmaster.master][INFO] 2025-12-18 11:39:30,239: +PARAM [/gains/head_1_joint/i] by /gazebo
[rosmaster.master][INFO] 2025-12-18 11:39:30,241: +PARAM [/gains/head_1_joint/d] by /gazebo
[rosmaster.master][INFO] 2025-12-18 11:39:30,242: +PARAM [/gains/head_1_joint/i_clamp_min] by /gazebo
[rosmaster.master][INFO] 2025-12-18 11:39:30,243: +PARAM [/gains/head_1_joint/i_clamp_max] by /gazebo
[rosmaster.master][INFO] 2025-12-18 11:39:30,244: +PARAM [/gains/head_1_joint/antiwindup] by /gazebo
[rosmaster.master][INFO] 2025-12-18 11:39:30,244: +PARAM [/gains/head_1_joint/p] by /gazebo
[rosmaster.master][INFO] 2025-12-18 11:39:30,245: +PARAM [/gains/head_1_joint/i] by /gazebo
[rosmaster.master][INFO] 2025-12-18 11:39:30,246: +PARAM [/gains/head_1_joint/d] by /gazebo
[rosmaster.master][INFO] 2025-12-18 11:39:30,246: +PARAM [/gains/head_1_joint/i_clamp_min] by /gazebo
[rosmaster.master][INFO] 2025-12-18 11:39:30,247: +PARAM [/gains/head_1_joint/i_clamp_max] by /gazebo
[rosmaster.master][INFO] 2025-12-18 11:39:30,248: +PARAM [/gains/head_1_joint/antiwindup] by /gazebo
[rosmaster.master][INFO] 2025-12-18 11:39:30,259: +SERVICE [/gains/head_2_joint/set_parameters] /gazebo http://127.0.0.1:46085/
[rosmaster.master][INFO] 2025-12-18 11:39:30,260: +PUB [/gains/head_2_joint/parameter_descriptions] /gazebo http://127.0.0.1:46085/
[rosmaster.master][INFO] 2025-12-18 11:39:30,262: +PUB [/gains/head_2_joint/parameter_updates] /gazebo http://127.0.0.1:46085/
[rosmaster.master][INFO] 2025-12-18 11:39:30,265: +PARAM [/gains/head_2_joint/p] by /gazebo
[rosmaster.master][INFO] 2025-12-18 11:39:30,265: +PARAM [/gains/head_2_joint/i] by /gazebo
[rosmaster.master][INFO] 2025-12-18 11:39:30,266: +PARAM [/gains/head_2_joint/d] by /gazebo
[rosmaster.master][INFO] 2025-12-18 11:39:30,266: +PARAM [/gains/head_2_joint/i_clamp_min] by /gazebo
[rosmaster.master][INFO] 2025-12-18 11:39:30,267: +PARAM [/gains/head_2_joint/i_clamp_max] by /gazebo
[rosmaster.master][INFO] 2025-12-18 11:39:30,267: +PARAM [/gains/head_2_joint/antiwindup] by /gazebo
[rosmaster.master][INFO] 2025-12-18 11:39:30,268: +PARAM [/gains/head_2_joint/p] by /gazebo
[rosmaster.master][INFO] 2025-12-18 11:39:30,269: +PARAM [/gains/head_2_joint/i] by /gazebo
[rosmaster.master][INFO] 2025-12-18 11:39:30,270: +PARAM [/gains/head_2_joint/d] by /gazebo
[rosmaster.master][INFO] 2025-12-18 11:39:30,271: +PARAM [/gains/head_2_joint/i_clamp_min] by /gazebo
[rosmaster.master][INFO] 2025-12-18 11:39:30,272: +PARAM [/gains/head_2_joint/i_clamp_max] by /gazebo
[rosmaster.master][INFO] 2025-12-18 11:39:30,273: +PARAM [/gains/head_2_joint/antiwindup] by /gazebo
[rosmaster.master][INFO] 2025-12-18 11:39:30,275: +PARAM [/gains/head_2_joint/p] by /gazebo
[rosmaster.master][INFO] 2025-12-18 11:39:30,278: +PARAM [/gains/head_2_joint/i] by /gazebo
[rosmaster.master][INFO] 2025-12-18 11:39:30,280: +PARAM [/gains/head_2_joint/d] by /gazebo
[rosmaster.master][INFO] 2025-12-18 11:39:30,281: +PARAM [/gains/head_2_joint/i_clamp_min] by /gazebo
[rosmaster.master][INFO] 2025-12-18 11:39:30,282: +PARAM [/gains/head_2_joint/i_clamp_max] by /gazebo
[rosmaster.master][INFO] 2025-12-18 11:39:30,283: +PARAM [/gains/head_2_joint/antiwindup] by /gazebo
[rosmaster.master][INFO] 2025-12-18 11:39:30,283: +PARAM [/gains/head_2_joint/p] by /gazebo
[rosmaster.master][INFO] 2025-12-18 11:39:30,284: +PARAM [/gains/head_2_joint/i] by /gazebo
[rosmaster.master][INFO] 2025-12-18 11:39:30,284: +PARAM [/gains/head_2_joint/d] by /gazebo
[rosmaster.master][INFO] 2025-12-18 11:39:30,285: +PARAM [/gains/head_2_joint/i_clamp_min] by /gazebo
[rosmaster.master][INFO] 2025-12-18 11:39:30,285: +PARAM [/gains/head_2_joint/i_clamp_max] by /gazebo
[rosmaster.master][INFO] 2025-12-18 11:39:30,286: +PARAM [/gains/head_2_joint/antiwindup] by /gazebo
[rosmaster.master][INFO] 2025-12-18 11:39:30,293: +SERVICE [/gains/arm_5_joint/set_parameters] /gazebo http://127.0.0.1:46085/
[rosmaster.master][INFO] 2025-12-18 11:39:30,293: +PUB [/gains/arm_5_joint/parameter_descriptions] /gazebo http://127.0.0.1:46085/
[rosmaster.master][INFO] 2025-12-18 11:39:30,294: +PUB [/gains/arm_5_joint/parameter_updates] /gazebo http://127.0.0.1:46085/
[rosmaster.master][INFO] 2025-12-18 11:39:30,297: +PARAM [/gains/arm_5_joint/p] by /gazebo
[rosmaster.master][INFO] 2025-12-18 11:39:30,297: +PARAM [/gains/arm_5_joint/i] by /gazebo
[rosmaster.master][INFO] 2025-12-18 11:39:30,298: +PARAM [/gains/arm_5_joint/d] by /gazebo
[rosmaster.master][INFO] 2025-12-18 11:39:30,298: +PARAM [/gains/arm_5_joint/i_clamp_min] by /gazebo
[rosmaster.master][INFO] 2025-12-18 11:39:30,299: +PARAM [/gains/arm_5_joint/i_clamp_max] by /gazebo
[rosmaster.master][INFO] 2025-12-18 11:39:30,299: +PARAM [/gains/arm_5_joint/antiwindup] by /gazebo
[rosmaster.master][INFO] 2025-12-18 11:39:30,300: +PARAM [/gains/arm_5_joint/p] by /gazebo
[rosmaster.master][INFO] 2025-12-18 11:39:30,301: +PARAM [/gains/arm_5_joint/i] by /gazebo
[rosmaster.master][INFO] 2025-12-18 11:39:30,302: +PARAM [/gains/arm_5_joint/d] by /gazebo
[rosmaster.master][INFO] 2025-12-18 11:39:30,303: +PARAM [/gains/arm_5_joint/i_clamp_min] by /gazebo
[rosmaster.master][INFO] 2025-12-18 11:39:30,303: +PARAM [/gains/arm_5_joint/i_clamp_max] by /gazebo
[rosmaster.master][INFO] 2025-12-18 11:39:30,304: +PARAM [/gains/arm_5_joint/antiwindup] by /gazebo
[rosmaster.master][INFO] 2025-12-18 11:39:30,304: +PARAM [/gains/arm_5_joint/p] by /gazebo
[rosmaster.master][INFO] 2025-12-18 11:39:30,305: +PARAM [/gains/arm_5_joint/i] by /gazebo
[rosmaster.master][INFO] 2025-12-18 11:39:30,305: +PARAM [/gains/arm_5_joint/d] by /gazebo
[rosmaster.master][INFO] 2025-12-18 11:39:30,306: +PARAM [/gains/arm_5_joint/i_clamp_min] by /gazebo
[rosmaster.master][INFO] 2025-12-18 11:39:30,306: +PARAM [/gains/arm_5_joint/i_clamp_max] by /gazebo
[rosmaster.master][INFO] 2025-12-18 11:39:30,307: +PARAM [/gains/arm_5_joint/antiwindup] by /gazebo
[rosmaster.master][INFO] 2025-12-18 11:39:30,308: +PARAM [/gains/arm_5_joint/p] by /gazebo
[rosmaster.master][INFO] 2025-12-18 11:39:30,308: +PARAM [/gains/arm_5_joint/i] by /gazebo
[rosmaster.master][INFO] 2025-12-18 11:39:30,309: +PARAM [/gains/arm_5_joint/d] by /gazebo
[rosmaster.master][INFO] 2025-12-18 11:39:30,310: +PARAM [/gains/arm_5_joint/i_clamp_min] by /gazebo
[rosmaster.master][INFO] 2025-12-18 11:39:30,310: +PARAM [/gains/arm_5_joint/i_clamp_max] by /gazebo
[rosmaster.master][INFO] 2025-12-18 11:39:30,311: +PARAM [/gains/arm_5_joint/antiwindup] by /gazebo
[rosmaster.master][INFO] 2025-12-18 11:39:30,317: +SERVICE [/gains/arm_6_joint/set_parameters] /gazebo http://127.0.0.1:46085/
[rosmaster.master][INFO] 2025-12-18 11:39:30,318: +PUB [/gains/arm_6_joint/parameter_descriptions] /gazebo http://127.0.0.1:46085/
[rosmaster.master][INFO] 2025-12-18 11:39:30,318: +PUB [/gains/arm_6_joint/parameter_updates] /gazebo http://127.0.0.1:46085/
[rosmaster.master][INFO] 2025-12-18 11:39:30,321: +PARAM [/gains/arm_6_joint/p] by /gazebo
[rosmaster.master][INFO] 2025-12-18 11:39:30,322: +PARAM [/gains/arm_6_joint/i] by /gazebo
[rosmaster.master][INFO] 2025-12-18 11:39:30,322: +PARAM [/gains/arm_6_joint/d] by /gazebo
[rosmaster.master][INFO] 2025-12-18 11:39:30,323: +PARAM [/gains/arm_6_joint/i_clamp_min] by /gazebo
[rosmaster.master][INFO] 2025-12-18 11:39:30,323: +PARAM [/gains/arm_6_joint/i_clamp_max] by /gazebo
[rosmaster.master][INFO] 2025-12-18 11:39:30,324: +PARAM [/gains/arm_6_joint/antiwindup] by /gazebo
[rosmaster.master][INFO] 2025-12-18 11:39:30,324: +PARAM [/gains/arm_6_joint/p] by /gazebo
[rosmaster.master][INFO] 2025-12-18 11:39:30,325: +PARAM [/gains/arm_6_joint/i] by /gazebo
[rosmaster.master][INFO] 2025-12-18 11:39:30,325: +PARAM [/gains/arm_6_joint/d] by /gazebo
[rosmaster.master][INFO] 2025-12-18 11:39:30,326: +PARAM [/gains/arm_6_joint/i_clamp_min] by /gazebo
[rosmaster.master][INFO] 2025-12-18 11:39:30,326: +PARAM [/gains/arm_6_joint/i_clamp_max] by /gazebo
[rosmaster.master][INFO] 2025-12-18 11:39:30,327: +PARAM [/gains/arm_6_joint/antiwindup] by /gazebo
[rosmaster.master][INFO] 2025-12-18 11:39:30,328: +PARAM [/gains/arm_6_joint/p] by /gazebo
[rosmaster.master][INFO] 2025-12-18 11:39:30,329: +PARAM [/gains/arm_6_joint/i] by /gazebo
[rosmaster.master][INFO] 2025-12-18 11:39:30,330: +PARAM [/gains/arm_6_joint/d] by /gazebo
[rosmaster.master][INFO] 2025-12-18 11:39:30,331: +PARAM [/gains/arm_6_joint/i_clamp_min] by /gazebo
[rosmaster.master][INFO] 2025-12-18 11:39:30,331: +PARAM [/gains/arm_6_joint/i_clamp_max] by /gazebo
[rosmaster.master][INFO] 2025-12-18 11:39:30,332: +PARAM [/gains/arm_6_joint/antiwindup] by /gazebo
[rosmaster.master][INFO] 2025-12-18 11:39:30,332: +PARAM [/gains/arm_6_joint/p] by /gazebo
[rosmaster.master][INFO] 2025-12-18 11:39:30,333: +PARAM [/gains/arm_6_joint/i] by /gazebo
[rosmaster.master][INFO] 2025-12-18 11:39:30,333: +PARAM [/gains/arm_6_joint/d] by /gazebo
[rosmaster.master][INFO] 2025-12-18 11:39:30,334: +PARAM [/gains/arm_6_joint/i_clamp_min] by /gazebo
[rosmaster.master][INFO] 2025-12-18 11:39:30,334: +PARAM [/gains/arm_6_joint/i_clamp_max] by /gazebo
[rosmaster.master][INFO] 2025-12-18 11:39:30,334: +PARAM [/gains/arm_6_joint/antiwindup] by /gazebo
[rosmaster.master][INFO] 2025-12-18 11:39:30,339: +SERVICE [/gains/arm_7_joint/set_parameters] /gazebo http://127.0.0.1:46085/
[rosmaster.master][INFO] 2025-12-18 11:39:30,340: +PUB [/gains/arm_7_joint/parameter_descriptions] /gazebo http://127.0.0.1:46085/
[rosmaster.master][INFO] 2025-12-18 11:39:30,341: +PUB [/gains/arm_7_joint/parameter_updates] /gazebo http://127.0.0.1:46085/
[rosmaster.master][INFO] 2025-12-18 11:39:30,343: +PARAM [/gains/arm_7_joint/p] by /gazebo
[rosmaster.master][INFO] 2025-12-18 11:39:30,344: +PARAM [/gains/arm_7_joint/i] by /gazebo
[rosmaster.master][INFO] 2025-12-18 11:39:30,344: +PARAM [/gains/arm_7_joint/d] by /gazebo
[rosmaster.master][INFO] 2025-12-18 11:39:30,345: +PARAM [/gains/arm_7_joint/i_clamp_min] by /gazebo
[rosmaster.master][INFO] 2025-12-18 11:39:30,345: +PARAM [/gains/arm_7_joint/i_clamp_max] by /gazebo
[rosmaster.master][INFO] 2025-12-18 11:39:30,346: +PARAM [/gains/arm_7_joint/antiwindup] by /gazebo
[rosmaster.master][INFO] 2025-12-18 11:39:30,346: +PARAM [/gains/arm_7_joint/p] by /gazebo
[rosmaster.master][INFO] 2025-12-18 11:39:30,347: +PARAM [/gains/arm_7_joint/i] by /gazebo
[rosmaster.master][INFO] 2025-12-18 11:39:30,347: +PARAM [/gains/arm_7_joint/d] by /gazebo
[rosmaster.master][INFO] 2025-12-18 11:39:30,348: +PARAM [/gains/arm_7_joint/i_clamp_min] by /gazebo
[rosmaster.master][INFO] 2025-12-18 11:39:30,348: +PARAM [/gains/arm_7_joint/i_clamp_max] by /gazebo
[rosmaster.master][INFO] 2025-12-18 11:39:30,348: +PARAM [/gains/arm_7_joint/antiwindup] by /gazebo
[rosmaster.master][INFO] 2025-12-18 11:39:30,349: +PARAM [/gains/arm_7_joint/p] by /gazebo
[rosmaster.master][INFO] 2025-12-18 11:39:30,350: +PARAM [/gains/arm_7_joint/i] by /gazebo
[rosmaster.master][INFO] 2025-12-18 11:39:30,350: +PARAM [/gains/arm_7_joint/d] by /gazebo
[rosmaster.master][INFO] 2025-12-18 11:39:30,351: +PARAM [/gains/arm_7_joint/i_clamp_min] by /gazebo
[rosmaster.master][INFO] 2025-12-18 11:39:30,351: +PARAM [/gains/arm_7_joint/i_clamp_max] by /gazebo
[rosmaster.master][INFO] 2025-12-18 11:39:30,352: +PARAM [/gains/arm_7_joint/antiwindup] by /gazebo
[rosmaster.master][INFO] 2025-12-18 11:39:30,352: +PARAM [/gains/arm_7_joint/p] by /gazebo
[rosmaster.master][INFO] 2025-12-18 11:39:30,353: +PARAM [/gains/arm_7_joint/i] by /gazebo
[rosmaster.master][INFO] 2025-12-18 11:39:30,353: +PARAM [/gains/arm_7_joint/d] by /gazebo
[rosmaster.master][INFO] 2025-12-18 11:39:30,353: +PARAM [/gains/arm_7_joint/i_clamp_min] by /gazebo
[rosmaster.master][INFO] 2025-12-18 11:39:30,354: +PARAM [/gains/arm_7_joint/i_clamp_max] by /gazebo
[rosmaster.master][INFO] 2025-12-18 11:39:30,354: +PARAM [/gains/arm_7_joint/antiwindup] by /gazebo
[rosmaster.master][INFO] 2025-12-18 11:39:30,359: +SERVICE [/gains/arm_1_joint/set_parameters] /gazebo http://127.0.0.1:46085/
[rosmaster.master][INFO] 2025-12-18 11:39:30,360: +PUB [/gains/arm_1_joint/parameter_descriptions] /gazebo http://127.0.0.1:46085/
[rosmaster.master][INFO] 2025-12-18 11:39:30,361: +PUB [/gains/arm_1_joint/parameter_updates] /gazebo http://127.0.0.1:46085/
[rosmaster.master][INFO] 2025-12-18 11:39:30,363: +PARAM [/gains/arm_1_joint/p] by /gazebo
[rosmaster.master][INFO] 2025-12-18 11:39:30,364: +PARAM [/gains/arm_1_joint/i] by /gazebo
[rosmaster.master][INFO] 2025-12-18 11:39:30,364: +PARAM [/gains/arm_1_joint/d] by /gazebo
[rosmaster.master][INFO] 2025-12-18 11:39:30,365: +PARAM [/gains/arm_1_joint/i_clamp_min] by /gazebo
[rosmaster.master][INFO] 2025-12-18 11:39:30,365: +PARAM [/gains/arm_1_joint/i_clamp_max] by /gazebo
[rosmaster.master][INFO] 2025-12-18 11:39:30,366: +PARAM [/gains/arm_1_joint/antiwindup] by /gazebo
[rosmaster.master][INFO] 2025-12-18 11:39:30,366: +PARAM [/gains/arm_1_joint/p] by /gazebo
[rosmaster.master][INFO] 2025-12-18 11:39:30,366: +PARAM [/gains/arm_1_joint/i] by /gazebo
[rosmaster.master][INFO] 2025-12-18 11:39:30,367: +PARAM [/gains/arm_1_joint/d] by /gazebo
[rosmaster.master][INFO] 2025-12-18 11:39:30,367: +PARAM [/gains/arm_1_joint/i_clamp_min] by /gazebo
[rosmaster.master][INFO] 2025-12-18 11:39:30,367: +PARAM [/gains/arm_1_joint/i_clamp_max] by /gazebo
[rosmaster.master][INFO] 2025-12-18 11:39:30,368: +PARAM [/gains/arm_1_joint/antiwindup] by /gazebo
[rosmaster.master][INFO] 2025-12-18 11:39:30,368: +PARAM [/gains/arm_1_joint/p] by /gazebo
[rosmaster.master][INFO] 2025-12-18 11:39:30,369: +PARAM [/gains/arm_1_joint/i] by /gazebo
[rosmaster.master][INFO] 2025-12-18 11:39:30,369: +PARAM [/gains/arm_1_joint/d] by /gazebo
[rosmaster.master][INFO] 2025-12-18 11:39:30,370: +PARAM [/gains/arm_1_joint/i_clamp_min] by /gazebo
[rosmaster.master][INFO] 2025-12-18 11:39:30,370: +PARAM [/gains/arm_1_joint/i_clamp_max] by /gazebo
[rosmaster.master][INFO] 2025-12-18 11:39:30,371: +PARAM [/gains/arm_1_joint/antiwindup] by /gazebo
[rosmaster.master][INFO] 2025-12-18 11:39:30,371: +PARAM [/gains/arm_1_joint/p] by /gazebo
[rosmaster.master][INFO] 2025-12-18 11:39:30,372: +PARAM [/gains/arm_1_joint/i] by /gazebo
[rosmaster.master][INFO] 2025-12-18 11:39:30,372: +PARAM [/gains/arm_1_joint/d] by /gazebo
[rosmaster.master][INFO] 2025-12-18 11:39:30,373: +PARAM [/gains/arm_1_joint/i_clamp_min] by /gazebo
[rosmaster.master][INFO] 2025-12-18 11:39:30,374: +PARAM [/gains/arm_1_joint/i_clamp_max] by /gazebo
[rosmaster.master][INFO] 2025-12-18 11:39:30,374: +PARAM [/gains/arm_1_joint/antiwindup] by /gazebo
[rosmaster.master][INFO] 2025-12-18 11:39:30,380: +SERVICE [/gains/arm_2_joint/set_parameters] /gazebo http://127.0.0.1:46085/
[rosmaster.master][INFO] 2025-12-18 11:39:30,381: +PUB [/gains/arm_2_joint/parameter_descriptions] /gazebo http://127.0.0.1:46085/
[rosmaster.master][INFO] 2025-12-18 11:39:30,381: +PUB [/gains/arm_2_joint/parameter_updates] /gazebo http://127.0.0.1:46085/
[rosmaster.master][INFO] 2025-12-18 11:39:30,384: +PARAM [/gains/arm_2_joint/p] by /gazebo
[rosmaster.master][INFO] 2025-12-18 11:39:30,384: +PARAM [/gains/arm_2_joint/i] by /gazebo
[rosmaster.master][INFO] 2025-12-18 11:39:30,385: +PARAM [/gains/arm_2_joint/d] by /gazebo
[rosmaster.master][INFO] 2025-12-18 11:39:30,385: +PARAM [/gains/arm_2_joint/i_clamp_min] by /gazebo
[rosmaster.master][INFO] 2025-12-18 11:39:30,386: +PARAM [/gains/arm_2_joint/i_clamp_max] by /gazebo
[rosmaster.master][INFO] 2025-12-18 11:39:30,386: +PARAM [/gains/arm_2_joint/antiwindup] by /gazebo
[rosmaster.master][INFO] 2025-12-18 11:39:30,387: +PARAM [/gains/arm_2_joint/p] by /gazebo
[rosmaster.master][INFO] 2025-12-18 11:39:30,387: +PARAM [/gains/arm_2_joint/i] by /gazebo
[rosmaster.master][INFO] 2025-12-18 11:39:30,388: +PARAM [/gains/arm_2_joint/d] by /gazebo
[rosmaster.master][INFO] 2025-12-18 11:39:30,388: +PARAM [/gains/arm_2_joint/i_clamp_min] by /gazebo
[rosmaster.master][INFO] 2025-12-18 11:39:30,389: +PARAM [/gains/arm_2_joint/i_clamp_max] by /gazebo
[rosmaster.master][INFO] 2025-12-18 11:39:30,389: +PARAM [/gains/arm_2_joint/antiwindup] by /gazebo
[rosmaster.master][INFO] 2025-12-18 11:39:30,390: +PARAM [/gains/arm_2_joint/p] by /gazebo
[rosmaster.master][INFO] 2025-12-18 11:39:30,390: +PARAM [/gains/arm_2_joint/i] by /gazebo
[rosmaster.master][INFO] 2025-12-18 11:39:30,391: +PARAM [/gains/arm_2_joint/d] by /gazebo
[rosmaster.master][INFO] 2025-12-18 11:39:30,391: +PARAM [/gains/arm_2_joint/i_clamp_min] by /gazebo
[rosmaster.master][INFO] 2025-12-18 11:39:30,392: +PARAM [/gains/arm_2_joint/i_clamp_max] by /gazebo
[rosmaster.master][INFO] 2025-12-18 11:39:30,392: +PARAM [/gains/arm_2_joint/antiwindup] by /gazebo
[rosmaster.master][INFO] 2025-12-18 11:39:30,393: +PARAM [/gains/arm_2_joint/p] by /gazebo
[rosmaster.master][INFO] 2025-12-18 11:39:30,393: +PARAM [/gains/arm_2_joint/i] by /gazebo
[rosmaster.master][INFO] 2025-12-18 11:39:30,394: +PARAM [/gains/arm_2_joint/d] by /gazebo
[rosmaster.master][INFO] 2025-12-18 11:39:30,394: +PARAM [/gains/arm_2_joint/i_clamp_min] by /gazebo
[rosmaster.master][INFO] 2025-12-18 11:39:30,395: +PARAM [/gains/arm_2_joint/i_clamp_max] by /gazebo
[rosmaster.master][INFO] 2025-12-18 11:39:30,395: +PARAM [/gains/arm_2_joint/antiwindup] by /gazebo
[rosmaster.master][INFO] 2025-12-18 11:39:30,400: +SERVICE [/gains/arm_3_joint/set_parameters] /gazebo http://127.0.0.1:46085/
[rosmaster.master][INFO] 2025-12-18 11:39:30,401: +PUB [/gains/arm_3_joint/parameter_descriptions] /gazebo http://127.0.0.1:46085/
[rosmaster.master][INFO] 2025-12-18 11:39:30,401: +PUB [/gains/arm_3_joint/parameter_updates] /gazebo http://127.0.0.1:46085/
[rosmaster.master][INFO] 2025-12-18 11:39:30,404: +PARAM [/gains/arm_3_joint/p] by /gazebo
[rosmaster.master][INFO] 2025-12-18 11:39:30,404: +PARAM [/gains/arm_3_joint/i] by /gazebo
[rosmaster.master][INFO] 2025-12-18 11:39:30,405: +PARAM [/gains/arm_3_joint/d] by /gazebo
[rosmaster.master][INFO] 2025-12-18 11:39:30,405: +PARAM [/gains/arm_3_joint/i_clamp_min] by /gazebo
[rosmaster.master][INFO] 2025-12-18 11:39:30,406: +PARAM [/gains/arm_3_joint/i_clamp_max] by /gazebo
[rosmaster.master][INFO] 2025-12-18 11:39:30,406: +PARAM [/gains/arm_3_joint/antiwindup] by /gazebo
[rosmaster.master][INFO] 2025-12-18 11:39:30,407: +PARAM [/gains/arm_3_joint/p] by /gazebo
[rosmaster.master][INFO] 2025-12-18 11:39:30,407: +PARAM [/gains/arm_3_joint/i] by /gazebo
[rosmaster.master][INFO] 2025-12-18 11:39:30,408: +PARAM [/gains/arm_3_joint/d] by /gazebo
[rosmaster.master][INFO] 2025-12-18 11:39:30,408: +PARAM [/gains/arm_3_joint/i_clamp_min] by /gazebo
[rosmaster.master][INFO] 2025-12-18 11:39:30,409: +PARAM [/gains/arm_3_joint/i_clamp_max] by /gazebo
[rosmaster.master][INFO] 2025-12-18 11:39:30,409: +PARAM [/gains/arm_3_joint/antiwindup] by /gazebo
[rosmaster.master][INFO] 2025-12-18 11:39:30,410: +PARAM [/gains/arm_3_joint/p] by /gazebo
[rosmaster.master][INFO] 2025-12-18 11:39:30,410: +PARAM [/gains/arm_3_joint/i] by /gazebo
[rosmaster.master][INFO] 2025-12-18 11:39:30,411: +PARAM [/gains/arm_3_joint/d] by /gazebo
[rosmaster.master][INFO] 2025-12-18 11:39:30,411: +PARAM [/gains/arm_3_joint/i_clamp_min] by /gazebo
[rosmaster.master][INFO] 2025-12-18 11:39:30,411: +PARAM [/gains/arm_3_joint/i_clamp_max] by /gazebo
[rosmaster.master][INFO] 2025-12-18 11:39:30,412: +PARAM [/gains/arm_3_joint/antiwindup] by /gazebo
[rosmaster.master][INFO] 2025-12-18 11:39:30,412: +PARAM [/gains/arm_3_joint/p] by /gazebo
[rosmaster.master][INFO] 2025-12-18 11:39:30,413: +PARAM [/gains/arm_3_joint/i] by /gazebo
[rosmaster.master][INFO] 2025-12-18 11:39:30,413: +PARAM [/gains/arm_3_joint/d] by /gazebo
[rosmaster.master][INFO] 2025-12-18 11:39:30,413: +PARAM [/gains/arm_3_joint/i_clamp_min] by /gazebo
[rosmaster.master][INFO] 2025-12-18 11:39:30,414: +PARAM [/gains/arm_3_joint/i_clamp_max] by /gazebo
[rosmaster.master][INFO] 2025-12-18 11:39:30,414: +PARAM [/gains/arm_3_joint/antiwindup] by /gazebo
[rosmaster.master][INFO] 2025-12-18 11:39:30,419: +SERVICE [/gains/arm_4_joint/set_parameters] /gazebo http://127.0.0.1:46085/
[rosmaster.master][INFO] 2025-12-18 11:39:30,419: +PUB [/gains/arm_4_joint/parameter_descriptions] /gazebo http://127.0.0.1:46085/
[rosmaster.master][INFO] 2025-12-18 11:39:30,420: +PUB [/gains/arm_4_joint/parameter_updates] /gazebo http://127.0.0.1:46085/
[rosmaster.master][INFO] 2025-12-18 11:39:30,422: +PARAM [/gains/arm_4_joint/p] by /gazebo
[rosmaster.master][INFO] 2025-12-18 11:39:30,423: +PARAM [/gains/arm_4_joint/i] by /gazebo
[rosmaster.master][INFO] 2025-12-18 11:39:30,423: +PARAM [/gains/arm_4_joint/d] by /gazebo
[rosmaster.master][INFO] 2025-12-18 11:39:30,424: +PARAM [/gains/arm_4_joint/i_clamp_min] by /gazebo
[rosmaster.master][INFO] 2025-12-18 11:39:30,424: +PARAM [/gains/arm_4_joint/i_clamp_max] by /gazebo
[rosmaster.master][INFO] 2025-12-18 11:39:30,425: +PARAM [/gains/arm_4_joint/antiwindup] by /gazebo
[rosmaster.master][INFO] 2025-12-18 11:39:30,425: +PARAM [/gains/arm_4_joint/p] by /gazebo
[rosmaster.master][INFO] 2025-12-18 11:39:30,426: +PARAM [/gains/arm_4_joint/i] by /gazebo
[rosmaster.master][INFO] 2025-12-18 11:39:30,426: +PARAM [/gains/arm_4_joint/d] by /gazebo
[rosmaster.master][INFO] 2025-12-18 11:39:30,427: +PARAM [/gains/arm_4_joint/i_clamp_min] by /gazebo
[rosmaster.master][INFO] 2025-12-18 11:39:30,427: +PARAM [/gains/arm_4_joint/i_clamp_max] by /gazebo
[rosmaster.master][INFO] 2025-12-18 11:39:30,428: +PARAM [/gains/arm_4_joint/antiwindup] by /gazebo
[rosmaster.master][INFO] 2025-12-18 11:39:30,428: +PARAM [/gains/arm_4_joint/p] by /gazebo
[rosmaster.master][INFO] 2025-12-18 11:39:30,429: +PARAM [/gains/arm_4_joint/i] by /gazebo
[rosmaster.master][INFO] 2025-12-18 11:39:30,429: +PARAM [/gains/arm_4_joint/d] by /gazebo
[rosmaster.master][INFO] 2025-12-18 11:39:30,430: +PARAM [/gains/arm_4_joint/i_clamp_min] by /gazebo
[rosmaster.master][INFO] 2025-12-18 11:39:30,430: +PARAM [/gains/arm_4_joint/i_clamp_max] by /gazebo
[rosmaster.master][INFO] 2025-12-18 11:39:30,431: +PARAM [/gains/arm_4_joint/antiwindup] by /gazebo
[rosmaster.master][INFO] 2025-12-18 11:39:30,431: +PARAM [/gains/arm_4_joint/p] by /gazebo
[rosmaster.master][INFO] 2025-12-18 11:39:30,432: +PARAM [/gains/arm_4_joint/i] by /gazebo
[rosmaster.master][INFO] 2025-12-18 11:39:30,432: +PARAM [/gains/arm_4_joint/d] by /gazebo
[rosmaster.master][INFO] 2025-12-18 11:39:30,433: +PARAM [/gains/arm_4_joint/i_clamp_min] by /gazebo
[rosmaster.master][INFO] 2025-12-18 11:39:30,433: +PARAM [/gains/arm_4_joint/i_clamp_max] by /gazebo
[rosmaster.master][INFO] 2025-12-18 11:39:30,434: +PARAM [/gains/arm_4_joint/antiwindup] by /gazebo
[rosmaster.master][INFO] 2025-12-18 11:39:30,438: +SERVICE [/gains/gripper_left_finger_joint/set_parameters] /gazebo http://127.0.0.1:46085/
[rosmaster.master][INFO] 2025-12-18 11:39:30,439: +PUB [/gains/gripper_left_finger_joint/parameter_descriptions] /gazebo http://127.0.0.1:46085/
[rosmaster.master][INFO] 2025-12-18 11:39:30,439: +PUB [/gains/gripper_left_finger_joint/parameter_updates] /gazebo http://127.0.0.1:46085/
[rosmaster.master][INFO] 2025-12-18 11:39:30,442: +PARAM [/gains/gripper_left_finger_joint/p] by /gazebo
[rosmaster.master][INFO] 2025-12-18 11:39:30,442: +PARAM [/gains/gripper_left_finger_joint/i] by /gazebo
[rosmaster.master][INFO] 2025-12-18 11:39:30,443: +PARAM [/gains/gripper_left_finger_joint/d] by /gazebo
[rosmaster.master][INFO] 2025-12-18 11:39:30,443: +PARAM [/gains/gripper_left_finger_joint/i_clamp_min] by /gazebo
[rosmaster.master][INFO] 2025-12-18 11:39:30,444: +PARAM [/gains/gripper_left_finger_joint/i_clamp_max] by /gazebo
[rosmaster.master][INFO] 2025-12-18 11:39:30,444: +PARAM [/gains/gripper_left_finger_joint/antiwindup] by /gazebo
[rosmaster.master][INFO] 2025-12-18 11:39:30,445: +PARAM [/gains/gripper_left_finger_joint/p] by /gazebo
[rosmaster.master][INFO] 2025-12-18 11:39:30,445: +PARAM [/gains/gripper_left_finger_joint/i] by /gazebo
[rosmaster.master][INFO] 2025-12-18 11:39:30,446: +PARAM [/gains/gripper_left_finger_joint/d] by /gazebo
[rosmaster.master][INFO] 2025-12-18 11:39:30,446: +PARAM [/gains/gripper_left_finger_joint/i_clamp_min] by /gazebo
[rosmaster.master][INFO] 2025-12-18 11:39:30,447: +PARAM [/gains/gripper_left_finger_joint/i_clamp_max] by /gazebo
[rosmaster.master][INFO] 2025-12-18 11:39:30,447: +PARAM [/gains/gripper_left_finger_joint/antiwindup] by /gazebo
[rosmaster.master][INFO] 2025-12-18 11:39:30,448: +PARAM [/gains/gripper_left_finger_joint/p] by /gazebo
[rosmaster.master][INFO] 2025-12-18 11:39:30,448: +PARAM [/gains/gripper_left_finger_joint/i] by /gazebo
[rosmaster.master][INFO] 2025-12-18 11:39:30,449: +PARAM [/gains/gripper_left_finger_joint/d] by /gazebo
[rosmaster.master][INFO] 2025-12-18 11:39:30,449: +PARAM [/gains/gripper_left_finger_joint/i_clamp_min] by /gazebo
[rosmaster.master][INFO] 2025-12-18 11:39:30,450: +PARAM [/gains/gripper_left_finger_joint/i_clamp_max] by /gazebo
[rosmaster.master][INFO] 2025-12-18 11:39:30,450: +PARAM [/gains/gripper_left_finger_joint/antiwindup] by /gazebo
[rosmaster.master][INFO] 2025-12-18 11:39:30,451: +PARAM [/gains/gripper_left_finger_joint/p] by /gazebo
[rosmaster.master][INFO] 2025-12-18 11:39:30,451: +PARAM [/gains/gripper_left_finger_joint/i] by /gazebo
[rosmaster.master][INFO] 2025-12-18 11:39:30,452: +PARAM [/gains/gripper_left_finger_joint/d] by /gazebo
[rosmaster.master][INFO] 2025-12-18 11:39:30,452: +PARAM [/gains/gripper_left_finger_joint/i_clamp_min] by /gazebo
[rosmaster.master][INFO] 2025-12-18 11:39:30,453: +PARAM [/gains/gripper_left_finger_joint/i_clamp_max] by /gazebo
[rosmaster.master][INFO] 2025-12-18 11:39:30,453: +PARAM [/gains/gripper_left_finger_joint/antiwindup] by /gazebo
[rosmaster.master][INFO] 2025-12-18 11:39:30,457: +SERVICE [/gains/gripper_right_finger_joint/set_parameters] /gazebo http://127.0.0.1:46085/
[rosmaster.master][INFO] 2025-12-18 11:39:30,458: +PUB [/gains/gripper_right_finger_joint/parameter_descriptions] /gazebo http://127.0.0.1:46085/
[rosmaster.master][INFO] 2025-12-18 11:39:30,458: +PUB [/gains/gripper_right_finger_joint/parameter_updates] /gazebo http://127.0.0.1:46085/
[rosmaster.master][INFO] 2025-12-18 11:39:30,461: +PARAM [/gains/gripper_right_finger_joint/p] by /gazebo
[rosmaster.master][INFO] 2025-12-18 11:39:30,461: +PARAM [/gains/gripper_right_finger_joint/i] by /gazebo
[rosmaster.master][INFO] 2025-12-18 11:39:30,462: +PARAM [/gains/gripper_right_finger_joint/d] by /gazebo
[rosmaster.master][INFO] 2025-12-18 11:39:30,462: +PARAM [/gains/gripper_right_finger_joint/i_clamp_min] by /gazebo
[rosmaster.master][INFO] 2025-12-18 11:39:30,463: +PARAM [/gains/gripper_right_finger_joint/i_clamp_max] by /gazebo
[rosmaster.master][INFO] 2025-12-18 11:39:30,463: +PARAM [/gains/gripper_right_finger_joint/antiwindup] by /gazebo
[rosmaster.master][INFO] 2025-12-18 11:39:30,464: +PARAM [/gains/gripper_right_finger_joint/p] by /gazebo
[rosmaster.master][INFO] 2025-12-18 11:39:30,464: +PARAM [/gains/gripper_right_finger_joint/i] by /gazebo
[rosmaster.master][INFO] 2025-12-18 11:39:30,465: +PARAM [/gains/gripper_right_finger_joint/d] by /gazebo
[rosmaster.master][INFO] 2025-12-18 11:39:30,465: +PARAM [/gains/gripper_right_finger_joint/i_clamp_min] by /gazebo
[rosmaster.master][INFO] 2025-12-18 11:39:30,465: +PARAM [/gains/gripper_right_finger_joint/i_clamp_max] by /gazebo
[rosmaster.master][INFO] 2025-12-18 11:39:30,466: +PARAM [/gains/gripper_right_finger_joint/antiwindup] by /gazebo
[rosmaster.master][INFO] 2025-12-18 11:39:30,467: +PARAM [/gains/gripper_right_finger_joint/p] by /gazebo
[rosmaster.master][INFO] 2025-12-18 11:39:30,468: +PARAM [/gains/gripper_right_finger_joint/i] by /gazebo
[rosmaster.master][INFO] 2025-12-18 11:39:30,468: +PARAM [/gains/gripper_right_finger_joint/d] by /gazebo
[rosmaster.master][INFO] 2025-12-18 11:39:30,469: +PARAM [/gains/gripper_right_finger_joint/i_clamp_min] by /gazebo
[rosmaster.master][INFO] 2025-12-18 11:39:30,469: +PARAM [/gains/gripper_right_finger_joint/i_clamp_max] by /gazebo
[rosmaster.master][INFO] 2025-12-18 11:39:30,469: +PARAM [/gains/gripper_right_finger_joint/antiwindup] by /gazebo
[rosmaster.master][INFO] 2025-12-18 11:39:30,470: +PARAM [/gains/gripper_right_finger_joint/p] by /gazebo
[rosmaster.master][INFO] 2025-12-18 11:39:30,470: +PARAM [/gains/gripper_right_finger_joint/i] by /gazebo
[rosmaster.master][INFO] 2025-12-18 11:39:30,471: +PARAM [/gains/gripper_right_finger_joint/d] by /gazebo
[rosmaster.master][INFO] 2025-12-18 11:39:30,471: +PARAM [/gains/gripper_right_finger_joint/i_clamp_min] by /gazebo
[rosmaster.master][INFO] 2025-12-18 11:39:30,472: +PARAM [/gains/gripper_right_finger_joint/i_clamp_max] by /gazebo
[rosmaster.master][INFO] 2025-12-18 11:39:30,472: +PARAM [/gains/gripper_right_finger_joint/antiwindup] by /gazebo
[rosmaster.master][INFO] 2025-12-18 11:39:30,491: +SERVICE [/controller_manager/list_controllers] /gazebo http://127.0.0.1:46085/
[rosmaster.master][INFO] 2025-12-18 11:39:30,492: +SERVICE [/controller_manager/list_controller_types] /gazebo http://127.0.0.1:46085/
[rosmaster.master][INFO] 2025-12-18 11:39:30,493: +SERVICE [/controller_manager/load_controller] /gazebo http://127.0.0.1:46085/
[rosmaster.master][INFO] 2025-12-18 11:39:30,493: +SERVICE [/controller_manager/unload_controller] /gazebo http://127.0.0.1:46085/
[rosmaster.master][INFO] 2025-12-18 11:39:30,494: +SERVICE [/controller_manager/switch_controller] /gazebo http://127.0.0.1:46085/
[rosmaster.master][INFO] 2025-12-18 11:39:30,495: +SERVICE [/controller_manager/reload_controller_libraries] /gazebo http://127.0.0.1:46085/
[rosmaster.master][ERROR] 2025-12-18 11:39:30,511: Traceback (most recent call last):
  File "/opt/ros/noetic/lib/python3/dist-packages/rosmaster/master_api.py", line 177, in validated_f
    code, msg, val = f(*newArgs, **kwds)
  File "/opt/ros/noetic/lib/python3/dist-packages/rosmaster/master_api.py", line 435, in searchParam
    search_key = self.param_server.search_param(caller_id, key)
  File "/opt/ros/noetic/lib/python3/dist-packages/rosmaster/paramserver.py", line 116, in search_param
    raise ValueError("namespace must be global")
ValueError: namespace must be global

[rosmaster.master][INFO] 2025-12-18 11:39:30,512: +PUB [/tf] /gazebo http://127.0.0.1:46085/
[rosmaster.master][INFO] 2025-12-18 11:39:30,514: +SUB [/mobile_base_controller/cmd_vel] /gazebo http://127.0.0.1:46085/
[rosmaster.master][INFO] 2025-12-18 11:39:30,515: +PUB [/mobile_base_controller/odom] /gazebo http://127.0.0.1:46085/
[rosmaster.master][INFO] 2025-12-18 11:39:30,530: +PUB [/ground_truth_odom] /gazebo http://127.0.0.1:46085/
[rosmaster.master][INFO] 2025-12-18 11:39:30,552: +PUB [/gazebo/world_odometry/parameter_descriptions] /gazebo http://127.0.0.1:46085/
[rosmaster.master][INFO] 2025-12-18 11:39:30,553: +PUB [/gazebo/world_odometry/parameter_updates] /gazebo http://127.0.0.1:46085/
[rosmaster.master][INFO] 2025-12-18 11:39:30,553: +SERVICE [/gazebo/world_odometry/set_parameters] /gazebo http://127.0.0.1:46085/
[rosmaster.master][INFO] 2025-12-18 11:39:30,556: +PUB [/floating_base_pose_simulated] /gazebo http://127.0.0.1:46085/
[rosmaster.master][INFO] 2025-12-18 11:39:30,556: +PUB [/introspection_data/full] /gazebo http://127.0.0.1:46085/
[rosmaster.master][INFO] 2025-12-18 11:39:30,557: +SERVICE [/throttle_filtering_points/set_parameters] /throttle_filtering_points http://127.0.0.1:46097/
[rosmaster.master][INFO] 2025-12-18 11:39:30,559: +PUB [/throttle_filtering_points/parameter_descriptions] /throttle_filtering_points http://127.0.0.1:46097/
[rosmaster.master][INFO] 2025-12-18 11:39:30,562: +PUB [/introspection_data/names] /gazebo http://127.0.0.1:46085/
[rosmaster.master][INFO] 2025-12-18 11:39:30,563: +PUB [/introspection_data/values] /gazebo http://127.0.0.1:46085/
[rosmaster.master][INFO] 2025-12-18 11:39:30,565: +PUB [/throttle_filtering_points/parameter_updates] /throttle_filtering_points http://127.0.0.1:46097/
[rosmaster.master][INFO] 2025-12-18 11:39:30,566: +PUB [/tfs_14594000000] /tf_lookup http://127.0.0.1:33609/
[rosmaster.master][INFO] 2025-12-18 11:39:30,568: +SUB [/arm_controller/follow_joint_trajectory/status] /move_group http://127.0.0.1:39321/
[rosmaster.master][INFO] 2025-12-18 11:39:30,570: +PARAM [/throttle_filtering_points/throttle_node_rate] by /throttle_filtering_points
[rosmaster.master][INFO] 2025-12-18 11:39:30,577: publisherUpdate[/tf] -> http://127.0.0.1:34545/ ['http://127.0.0.1:36289/', 'http://127.0.0.1:46085/']
[rosmaster.master][INFO] 2025-12-18 11:39:30,583: publisherUpdate[/tf] -> http://127.0.0.1:33609/ ['http://127.0.0.1:36289/', 'http://127.0.0.1:46085/']
[rosmaster.master][INFO] 2025-12-18 11:39:30,585: +SUB [/tfs_14594000000] /dynamic_footprint_publisher http://127.0.0.1:33709/
[rosmaster.master][INFO] 2025-12-18 11:39:30,587: publisherUpdate[/tf] -> http://127.0.0.1:34545/ ['http://127.0.0.1:36289/', 'http://127.0.0.1:46085/']: sec=0.01, result=[1, '', 0]
[rosmaster.master][INFO] 2025-12-18 11:39:30,601: publisherUpdate[/tf] -> http://127.0.0.1:39321/ ['http://127.0.0.1:36289/', 'http://127.0.0.1:46085/']
[rosmaster.master][INFO] 2025-12-18 11:39:30,589: publisherUpdate[/tf] -> http://127.0.0.1:35333/ ['http://127.0.0.1:36289/', 'http://127.0.0.1:46085/']
[rosmaster.master][INFO] 2025-12-18 11:39:30,589: +PARAM [/throttle_filtering_points/downsampling_size] by /throttle_filtering_points
[rosmaster.master][INFO] 2025-12-18 11:39:30,599: +SUB [/move_group/status] /play_motion http://127.0.0.1:35333/
[rosmaster.master][INFO] 2025-12-18 11:39:30,599: publisherUpdate[/tf] -> http://127.0.0.1:33609/ ['http://127.0.0.1:36289/', 'http://127.0.0.1:46085/']: sec=0.01, result=[1, '', 0]
[rosmaster.master][INFO] 2025-12-18 11:39:30,605: +CACHEDPARAM [/rosout_disable_topics_generation] by /bringup_controllers_spawner_imu
[rosmaster.master][INFO] 2025-12-18 11:39:30,606: +SUB [/arm_controller/follow_joint_trajectory/feedback] /move_group http://127.0.0.1:39321/
[rosmaster.master][INFO] 2025-12-18 11:39:30,610: publisherUpdate[/tf] -> http://127.0.0.1:35333/ ['http://127.0.0.1:36289/', 'http://127.0.0.1:46085/']: sec=0.01, result=[1, '', 0]
[rosmaster.master][INFO] 2025-12-18 11:39:30,611: +CACHEDPARAM [/rosout_disable_topics_generation] by /throttle_filtering_points
[rosmaster.master][INFO] 2025-12-18 11:39:30,616: +PUB [/throttle_filtering_points/filtered_points] /throttle_filtering_points http://127.0.0.1:46097/
[rosmaster.master][INFO] 2025-12-18 11:39:30,621: +PARAM [/throttle_filtering_points/throttle_node_rate] by /throttle_filtering_points
[rosmaster.master][INFO] 2025-12-18 11:39:30,622: +SUB [/move_group/feedback] /play_motion http://127.0.0.1:35333/
[rosmaster.master][INFO] 2025-12-18 11:39:30,623: +PARAM [/throttle_filtering_points/downsampling_size] by /throttle_filtering_points
[rosmaster.master][INFO] 2025-12-18 11:39:30,627: +SUB [/arm_controller/follow_joint_trajectory/result] /move_group http://127.0.0.1:39321/
[rosmaster.master][INFO] 2025-12-18 11:39:30,630: +CACHEDPARAM [/rosout_disable_topics_generation] by /bringup_controllers_spawner_imu
[rosmaster.master][INFO] 2025-12-18 11:39:30,633: +CACHEDPARAM [/rosout_disable_topics_generation] by /default_controllers_spawner
[rosmaster.master][INFO] 2025-12-18 11:39:30,635: +SUB [/move_group/result] /play_motion http://127.0.0.1:35333/
[rosmaster.master][INFO] 2025-12-18 11:39:30,637: publisherUpdate[/tf] -> http://127.0.0.1:39321/ ['http://127.0.0.1:36289/', 'http://127.0.0.1:46085/']: sec=0.04, result=[1, '', 0]
[rosmaster.master][INFO] 2025-12-18 11:39:30,642: +PUB [/arm_controller/follow_joint_trajectory/goal] /move_group http://127.0.0.1:39321/
[rosmaster.master][INFO] 2025-12-18 11:39:30,643: +PUB [/move_group/goal] /play_motion http://127.0.0.1:35333/
[rosmaster.master][INFO] 2025-12-18 11:39:30,645: +CACHEDPARAM [/rosout_disable_topics_generation] by /bringup_controllers_spawner_imu
[rosmaster.master][INFO] 2025-12-18 11:39:30,647: +PUB [/move_group/cancel] /play_motion http://127.0.0.1:35333/
[rosmaster.master][INFO] 2025-12-18 11:39:30,649: +PUB [/arm_controller/follow_joint_trajectory/cancel] /move_group http://127.0.0.1:39321/
[rosmaster.master][INFO] 2025-12-18 11:39:30,655: +CACHEDPARAM [/rosout_disable_topics_generation] by /default_controllers_spawner
[rosmaster.master][INFO] 2025-12-18 11:39:30,665: +CACHEDPARAM [/rosout_disable_topics_generation] by /default_controllers_spawner
[rosmaster.master][INFO] 2025-12-18 11:39:30,685: +CACHEDPARAM [/rosout_disable_topics_generation] by /bringup_controllers_spawner_ft
[rosmaster.master][INFO] 2025-12-18 11:39:30,689: +PUB [/base_imu] /gazebo http://127.0.0.1:46085/
[rosmaster.master][INFO] 2025-12-18 11:39:30,696: +CACHEDPARAM [/rosout_disable_topics_generation] by /bringup_controllers_spawner_imu
[rosmaster.master][INFO] 2025-12-18 11:39:30,701: +CACHEDPARAM [/rosout_disable_topics_generation] by /bringup_controllers_spawner_ft
[rosmaster.master][INFO] 2025-12-18 11:39:30,711: +PUB [/joint_states] /gazebo http://127.0.0.1:46085/
[rosmaster.master][INFO] 2025-12-18 11:39:30,712: +CACHEDPARAM [/rosout_disable_topics_generation] by /bringup_controllers_spawner_ft
[rosmaster.master][INFO] 2025-12-18 11:39:30,713: publisherUpdate[/joint_states] -> http://127.0.0.1:35333/ ['http://127.0.0.1:46085/']
[rosmaster.master][INFO] 2025-12-18 11:39:30,719: publisherUpdate[/joint_states] -> http://127.0.0.1:35333/ ['http://127.0.0.1:46085/']: sec=0.00, result=[1, '', 0]
[rosmaster.master][INFO] 2025-12-18 11:39:30,725: publisherUpdate[/joint_states] -> http://127.0.0.1:36289/ ['http://127.0.0.1:46085/']
[rosmaster.master][INFO] 2025-12-18 11:39:30,729: +CACHEDPARAM [/rosout_disable_topics_generation] by /bringup_controllers_spawner_imu
[rosmaster.master][INFO] 2025-12-18 11:39:30,736: +CACHEDPARAM [/rosout_disable_topics_generation] by /default_controllers_spawner
[rosmaster.master][INFO] 2025-12-18 11:39:30,738: +CACHEDPARAM [/rosout_disable_topics_generation] by /gripper_controllers_spawner
[rosmaster.master][INFO] 2025-12-18 11:39:30,740: publisherUpdate[/joint_states] -> http://127.0.0.1:36289/ ['http://127.0.0.1:46085/']: sec=0.01, result=[1, '', 0]
[rosmaster.master][INFO] 2025-12-18 11:39:30,741: publisherUpdate[/joint_states] -> http://127.0.0.1:40365/ ['http://127.0.0.1:46085/']
[rosmaster.master][INFO] 2025-12-18 11:39:30,746: publisherUpdate[/joint_states] -> http://127.0.0.1:39321/ ['http://127.0.0.1:46085/']
[rosmaster.master][INFO] 2025-12-18 11:39:30,750: publisherUpdate[/joint_states] -> http://127.0.0.1:39321/ ['http://127.0.0.1:46085/']: sec=0.00, result=[1, '', 0]
[rosmaster.master][INFO] 2025-12-18 11:39:30,753: publisherUpdate[/joint_states] -> http://127.0.0.1:40365/ ['http://127.0.0.1:46085/']: sec=0.01, result=[1, '', 0]
[rosmaster.master][INFO] 2025-12-18 11:39:30,761: +PUB [/wrist_ft] /gazebo http://127.0.0.1:46085/
[rosmaster.master][INFO] 2025-12-18 11:39:30,762: +PUB [/wrist_ft_temperature] /gazebo http://127.0.0.1:46085/
[rosmaster.master][INFO] 2025-12-18 11:39:30,763: +CACHEDPARAM [/rosout_disable_topics_generation] by /gripper_controllers_spawner
[rosmaster.master][INFO] 2025-12-18 11:39:30,772: +CACHEDPARAM [/rosout_disable_topics_generation] by /gripper_controllers_spawner
[rosmaster.master][INFO] 2025-12-18 11:39:30,773: +CACHEDPARAM [/rosout_disable_topics_generation] by /bringup_controllers_spawner_ft
[rosmaster.master][INFO] 2025-12-18 11:39:30,814: +SUB [/torso_controller/command] /gazebo http://127.0.0.1:46085/
[rosmaster.master][INFO] 2025-12-18 11:39:30,816: +PUB [/torso_controller/state] /gazebo http://127.0.0.1:46085/
[rosmaster.master][INFO] 2025-12-18 11:39:30,819: +PUB [/torso_controller/follow_joint_trajectory/result] /gazebo http://127.0.0.1:46085/
[rosmaster.master][INFO] 2025-12-18 11:39:30,820: +PUB [/torso_controller/follow_joint_trajectory/feedback] /gazebo http://127.0.0.1:46085/
[rosmaster.master][INFO] 2025-12-18 11:39:30,822: +PUB [/torso_controller/follow_joint_trajectory/status] /gazebo http://127.0.0.1:46085/
[rosmaster.master][INFO] 2025-12-18 11:39:30,827: +SUB [/torso_controller/follow_joint_trajectory/goal] /gazebo http://127.0.0.1:46085/
[rosmaster.master][INFO] 2025-12-18 11:39:30,832: +SUB [/torso_controller/follow_joint_trajectory/cancel] /gazebo http://127.0.0.1:46085/
[rosmaster.master][INFO] 2025-12-18 11:39:30,833: +SERVICE [/torso_controller/query_state] /gazebo http://127.0.0.1:46085/
[rosmaster.master][INFO] 2025-12-18 11:39:30,845: +CACHEDPARAM [/rosout_disable_topics_generation] by /default_controllers_spawner
[rosmaster.master][INFO] 2025-12-18 11:39:30,862: +SUB [/gripper_controller/command] /gazebo http://127.0.0.1:46085/
[rosmaster.master][INFO] 2025-12-18 11:39:30,863: +PUB [/gripper_controller/state] /gazebo http://127.0.0.1:46085/
[rosmaster.master][INFO] 2025-12-18 11:39:30,865: +PUB [/gripper_controller/follow_joint_trajectory/result] /gazebo http://127.0.0.1:46085/
[rosmaster.master][INFO] 2025-12-18 11:39:30,866: +PUB [/gripper_controller/follow_joint_trajectory/feedback] /gazebo http://127.0.0.1:46085/
[rosmaster.master][INFO] 2025-12-18 11:39:30,867: +PUB [/gripper_controller/follow_joint_trajectory/status] /gazebo http://127.0.0.1:46085/
[rosmaster.master][INFO] 2025-12-18 11:39:30,873: +SUB [/gripper_controller/follow_joint_trajectory/goal] /gazebo http://127.0.0.1:46085/
[rosmaster.master][INFO] 2025-12-18 11:39:30,877: +SUB [/gripper_controller/follow_joint_trajectory/cancel] /gazebo http://127.0.0.1:46085/
[rosmaster.master][INFO] 2025-12-18 11:39:30,878: +SERVICE [/gripper_controller/query_state] /gazebo http://127.0.0.1:46085/
[rosmaster.master][INFO] 2025-12-18 11:39:30,884: +CACHEDPARAM [/rosout_disable_topics_generation] by /bringup_controllers_spawner_ft
[rosmaster.master][INFO] 2025-12-18 11:39:30,885: +CACHEDPARAM [/rosout_disable_topics_generation] by /gripper_controllers_spawner
[rosmaster.master][INFO] 2025-12-18 11:39:30,907: +SUB [/head_controller/command] /gazebo http://127.0.0.1:46085/
[rosmaster.master][INFO] 2025-12-18 11:39:30,908: publisherUpdate[/gripper_controller/follow_joint_trajectory/result] -> http://127.0.0.1:43033/ ['http://127.0.0.1:46085/']
[rosmaster.master][INFO] 2025-12-18 11:39:30,912: +PUB [/head_controller/state] /gazebo http://127.0.0.1:46085/
[rosmaster.master][INFO] 2025-12-18 11:39:30,914: publisherUpdate[/gripper_controller/follow_joint_trajectory/result] -> http://127.0.0.1:43033/ ['http://127.0.0.1:46085/']: sec=0.01, result=[1, '', 0]
[rosmaster.master][INFO] 2025-12-18 11:39:30,915: publisherUpdate[/gripper_controller/follow_joint_trajectory/feedback] -> http://127.0.0.1:43033/ ['http://127.0.0.1:46085/']
[rosmaster.master][INFO] 2025-12-18 11:39:30,917: +PUB [/head_controller/follow_joint_trajectory/result] /gazebo http://127.0.0.1:46085/
[rosmaster.master][INFO] 2025-12-18 11:39:30,918: +PUB [/head_controller/follow_joint_trajectory/feedback] /gazebo http://127.0.0.1:46085/
[rosmaster.master][INFO] 2025-12-18 11:39:30,919: publisherUpdate[/gripper_controller/follow_joint_trajectory/feedback] -> http://127.0.0.1:43033/ ['http://127.0.0.1:46085/']: sec=0.00, result=[1, '', 0]
[rosmaster.master][INFO] 2025-12-18 11:39:30,919: publisherUpdate[/gripper_controller/follow_joint_trajectory/status] -> http://127.0.0.1:43033/ ['http://127.0.0.1:46085/']
[rosmaster.master][INFO] 2025-12-18 11:39:30,920: +PUB [/head_controller/follow_joint_trajectory/status] /gazebo http://127.0.0.1:46085/
[rosmaster.master][INFO] 2025-12-18 11:39:30,925: publisherUpdate[/gripper_controller/follow_joint_trajectory/status] -> http://127.0.0.1:43033/ ['http://127.0.0.1:46085/']: sec=0.01, result=[1, '', 0]
[rosmaster.master][INFO] 2025-12-18 11:39:30,926: publisherUpdate[/head_controller/state] -> http://127.0.0.1:34545/ ['http://127.0.0.1:46085/']
[rosmaster.master][INFO] 2025-12-18 11:39:30,929: +SUB [/head_controller/follow_joint_trajectory/goal] /gazebo http://127.0.0.1:46085/
[rosmaster.master][INFO] 2025-12-18 11:39:30,932: publisherUpdate[/head_controller/state] -> http://127.0.0.1:34545/ ['http://127.0.0.1:46085/']: sec=0.00, result=[1, '', 0]
[rosmaster.master][INFO] 2025-12-18 11:39:30,933: +SUB [/head_controller/follow_joint_trajectory/cancel] /gazebo http://127.0.0.1:46085/
[rosmaster.master][INFO] 2025-12-18 11:39:30,935: +SERVICE [/head_controller/query_state] /gazebo http://127.0.0.1:46085/
[rosmaster.master][INFO] 2025-12-18 11:39:30,939: +CACHEDPARAM [/rosout_disable_topics_generation] by /default_controllers_spawner
[rosmaster.master][INFO] 2025-12-18 11:39:30,942: +CACHEDPARAM [/rosout_disable_topics_generation] by /gripper_controllers_spawner
[rosmaster.master][INFO] 2025-12-18 11:39:30,977: +SUB [/arm_controller/command] /gazebo http://127.0.0.1:46085/
[rosmaster.master][INFO] 2025-12-18 11:39:30,978: +PUB [/arm_controller/state] /gazebo http://127.0.0.1:46085/
[rosmaster.master][INFO] 2025-12-18 11:39:30,980: +PUB [/arm_controller/follow_joint_trajectory/result] /gazebo http://127.0.0.1:46085/
[rosmaster.master][INFO] 2025-12-18 11:39:30,981: +PUB [/arm_controller/follow_joint_trajectory/feedback] /gazebo http://127.0.0.1:46085/
[rosmaster.master][INFO] 2025-12-18 11:39:30,982: +PUB [/arm_controller/follow_joint_trajectory/status] /gazebo http://127.0.0.1:46085/
[rosmaster.master][INFO] 2025-12-18 11:39:30,987: +SUB [/arm_controller/follow_joint_trajectory/goal] /gazebo http://127.0.0.1:46085/
[rosmaster.master][INFO] 2025-12-18 11:39:30,992: +SUB [/arm_controller/follow_joint_trajectory/cancel] /gazebo http://127.0.0.1:46085/
[rosmaster.master][INFO] 2025-12-18 11:39:30,996: +SERVICE [/arm_controller/query_state] /gazebo http://127.0.0.1:46085/
[rosmaster.master][INFO] 2025-12-18 11:39:31,001: +CACHEDPARAM [/rosout_disable_topics_generation] by /default_controllers_spawner
[rosmaster.master][INFO] 2025-12-18 11:39:31,034: publisherUpdate[/arm_controller/follow_joint_trajectory/result] -> http://127.0.0.1:39321/ ['http://127.0.0.1:46085/']
[rosmaster.master][INFO] 2025-12-18 11:39:31,035: publisherUpdate[/arm_controller/follow_joint_trajectory/result] -> http://127.0.0.1:39321/ ['http://127.0.0.1:46085/']: sec=0.00, result=[1, '', 0]
[rosmaster.master][INFO] 2025-12-18 11:39:31,035: publisherUpdate[/arm_controller/follow_joint_trajectory/feedback] -> http://127.0.0.1:39321/ ['http://127.0.0.1:46085/']
[rosmaster.master][INFO] 2025-12-18 11:39:31,036: publisherUpdate[/arm_controller/follow_joint_trajectory/feedback] -> http://127.0.0.1:39321/ ['http://127.0.0.1:46085/']: sec=0.00, result=[1, '', 0]
[rosmaster.master][INFO] 2025-12-18 11:39:31,036: publisherUpdate[/arm_controller/follow_joint_trajectory/status] -> http://127.0.0.1:39321/ ['http://127.0.0.1:46085/']
[rosmaster.master][INFO] 2025-12-18 11:39:31,038: publisherUpdate[/arm_controller/follow_joint_trajectory/status] -> http://127.0.0.1:39321/ ['http://127.0.0.1:46085/']: sec=0.00, result=[1, '', 0]
[rosmaster.master][INFO] 2025-12-18 11:39:31,051: +CACHEDPARAM [/rosout_disable_topics_generation] by /home_gripper
[rosmaster.master][INFO] 2025-12-18 11:39:31,055: +SUB [/joint_states] /home_gripper http://127.0.0.1:43033/
[rosmaster.master][INFO] 2025-12-18 11:39:31,118: +SERVICE [/mobile_base_controller/set_parameters] /gazebo http://127.0.0.1:46085/
[rosmaster.master][INFO] 2025-12-18 11:39:31,120: +PUB [/mobile_base_controller/parameter_descriptions] /gazebo http://127.0.0.1:46085/
[rosmaster.master][INFO] 2025-12-18 11:39:31,121: +PUB [/mobile_base_controller/parameter_updates] /gazebo http://127.0.0.1:46085/
[rosmaster.master][INFO] 2025-12-18 11:39:31,125: +PARAM [/mobile_base_controller/wheel_separation_multiplier] by /gazebo
[rosmaster.master][INFO] 2025-12-18 11:39:31,126: +PARAM [/mobile_base_controller/axis_separation_multiplier] by /gazebo
[rosmaster.master][INFO] 2025-12-18 11:39:31,126: +PARAM [/mobile_base_controller/wheel_radius_multiplier] by /gazebo
[rosmaster.master][INFO] 2025-12-18 11:39:31,127: +PARAM [/mobile_base_controller/publish_rate] by /gazebo
[rosmaster.master][INFO] 2025-12-18 11:39:31,128: +PARAM [/mobile_base_controller/enable_odom_tf] by /gazebo
[rosmaster.master][INFO] 2025-12-18 11:39:31,129: +PARAM [/mobile_base_controller/wheel_separation_multiplier] by /gazebo
[rosmaster.master][INFO] 2025-12-18 11:39:31,130: +PARAM [/mobile_base_controller/axis_separation_multiplier] by /gazebo
[rosmaster.master][INFO] 2025-12-18 11:39:31,132: +PARAM [/mobile_base_controller/wheel_radius_multiplier] by /gazebo
[rosmaster.master][INFO] 2025-12-18 11:39:31,133: +PARAM [/mobile_base_controller/publish_rate] by /gazebo
[rosmaster.master][INFO] 2025-12-18 11:39:31,134: +PARAM [/mobile_base_controller/enable_odom_tf] by /gazebo
[rosmaster.master][INFO] 2025-12-18 11:39:31,136: +PARAM [/mobile_base_controller/wheel_separation_multiplier] by /gazebo
[rosmaster.master][INFO] 2025-12-18 11:39:31,136: +PARAM [/mobile_base_controller/axis_separation_multiplier] by /gazebo
[rosmaster.master][INFO] 2025-12-18 11:39:31,137: +PARAM [/mobile_base_controller/wheel_radius_multiplier] by /gazebo
[rosmaster.master][INFO] 2025-12-18 11:39:31,138: +PARAM [/mobile_base_controller/publish_rate] by /gazebo
[rosmaster.master][INFO] 2025-12-18 11:39:31,138: +PARAM [/mobile_base_controller/enable_odom_tf] by /gazebo
[rosmaster.master][INFO] 2025-12-18 11:39:31,143: +CACHEDPARAM [/rosout_disable_topics_generation] by /default_controllers_spawner
[rosmaster.master][INFO] 2025-12-18 11:39:31,161: +CACHEDPARAM [/rosout_disable_topics_generation] by /default_controllers_spawner
[rosmaster.master][INFO] 2025-12-18 11:39:31,218: -SUB [/joint_states] /home_gripper http://127.0.0.1:43033/
[rosmaster.master][INFO] 2025-12-18 11:39:31,224: +CACHEDPARAM [/rosout_disable_topics_generation] by /home_gripper
[rosmaster.master][INFO] 2025-12-18 11:39:31,235: +PUB [/xtion/rgb/image_rect_color] /image_raw_to_rect_color_relay http://127.0.0.1:43249/
[rosmaster.master][INFO] 2025-12-18 11:39:31,244: +CACHEDPARAM [/rosout_disable_topics_generation] by /image_raw_to_rect_color_relay
[rosmaster.master][INFO] 2025-12-18 11:39:31,253: +SUB [/torso_controller/follow_joint_trajectory/status] /move_group http://127.0.0.1:39321/
[rosmaster.master][INFO] 2025-12-18 11:39:31,256: +SUB [/torso_controller/follow_joint_trajectory/feedback] /move_group http://127.0.0.1:39321/
[rosmaster.master][INFO] 2025-12-18 11:39:31,260: +SUB [/torso_controller/follow_joint_trajectory/result] /move_group http://127.0.0.1:39321/
[rosmaster.master][INFO] 2025-12-18 11:39:31,261: +PUB [/torso_controller/follow_joint_trajectory/goal] /move_group http://127.0.0.1:39321/
[rosmaster.master][INFO] 2025-12-18 11:39:31,262: +PUB [/torso_controller/follow_joint_trajectory/cancel] /move_group http://127.0.0.1:39321/
[rosmaster.master][INFO] 2025-12-18 11:39:31,340: publisherUpdate[/torso_controller/follow_joint_trajectory/goal] -> http://127.0.0.1:46085/ ['http://127.0.0.1:39321/']
[rosmaster.master][INFO] 2025-12-18 11:39:31,343: publisherUpdate[/torso_controller/follow_joint_trajectory/goal] -> http://127.0.0.1:46085/ ['http://127.0.0.1:39321/']: sec=0.00, result=[1, '', 0]
[rosmaster.master][INFO] 2025-12-18 11:39:31,344: publisherUpdate[/torso_controller/follow_joint_trajectory/cancel] -> http://127.0.0.1:46085/ ['http://127.0.0.1:39321/']
[rosmaster.master][INFO] 2025-12-18 11:39:31,356: publisherUpdate[/torso_controller/follow_joint_trajectory/cancel] -> http://127.0.0.1:46085/ ['http://127.0.0.1:39321/']: sec=0.01, result=[1, '', 0]
[rosmaster.master][INFO] 2025-12-18 11:39:31,470: +SUB [/head_controller/follow_joint_trajectory/status] /move_group http://127.0.0.1:39321/
[rosmaster.master][INFO] 2025-12-18 11:39:31,475: +SUB [/head_controller/follow_joint_trajectory/feedback] /move_group http://127.0.0.1:39321/
[rosmaster.master][INFO] 2025-12-18 11:39:31,483: +SUB [/head_controller/follow_joint_trajectory/result] /move_group http://127.0.0.1:39321/
[rosmaster.master][INFO] 2025-12-18 11:39:31,486: +PUB [/head_controller/follow_joint_trajectory/goal] /move_group http://127.0.0.1:39321/
[rosmaster.master][INFO] 2025-12-18 11:39:31,488: +PUB [/head_controller/follow_joint_trajectory/cancel] /move_group http://127.0.0.1:39321/
[rosmaster.master][INFO] 2025-12-18 11:39:31,554: publisherUpdate[/head_controller/follow_joint_trajectory/goal] -> http://127.0.0.1:46085/ ['http://127.0.0.1:39321/']
[rosmaster.master][INFO] 2025-12-18 11:39:31,557: publisherUpdate[/head_controller/follow_joint_trajectory/goal] -> http://127.0.0.1:46085/ ['http://127.0.0.1:39321/']: sec=0.00, result=[1, '', 0]
[rosmaster.master][INFO] 2025-12-18 11:39:31,558: publisherUpdate[/head_controller/follow_joint_trajectory/cancel] -> http://127.0.0.1:46085/ ['http://127.0.0.1:39321/']
[rosmaster.master][INFO] 2025-12-18 11:39:31,559: publisherUpdate[/head_controller/follow_joint_trajectory/cancel] -> http://127.0.0.1:46085/ ['http://127.0.0.1:39321/']: sec=0.00, result=[1, '', 0]
[rosmaster.master][INFO] 2025-12-18 11:39:32,064: +SUB [/gripper_controller/follow_joint_trajectory/status] /move_group http://127.0.0.1:39321/
[rosmaster.master][INFO] 2025-12-18 11:39:32,083: +SUB [/gripper_controller/follow_joint_trajectory/feedback] /move_group http://127.0.0.1:39321/
[rosmaster.master][INFO] 2025-12-18 11:39:32,089: +SUB [/gripper_controller/follow_joint_trajectory/result] /move_group http://127.0.0.1:39321/
[rosmaster.master][INFO] 2025-12-18 11:39:32,095: +PUB [/gripper_controller/follow_joint_trajectory/goal] /move_group http://127.0.0.1:39321/
[rosmaster.master][INFO] 2025-12-18 11:39:32,097: +PUB [/gripper_controller/follow_joint_trajectory/cancel] /move_group http://127.0.0.1:39321/
[rosmaster.master][INFO] 2025-12-18 11:39:32,163: publisherUpdate[/gripper_controller/follow_joint_trajectory/goal] -> http://127.0.0.1:46085/ ['http://127.0.0.1:43033/', 'http://127.0.0.1:39321/']
[rosmaster.master][INFO] 2025-12-18 11:39:32,177: publisherUpdate[/gripper_controller/follow_joint_trajectory/goal] -> http://127.0.0.1:46085/ ['http://127.0.0.1:43033/', 'http://127.0.0.1:39321/']: sec=0.01, result=[1, '', 0]
[rosmaster.master][INFO] 2025-12-18 11:39:32,178: publisherUpdate[/gripper_controller/follow_joint_trajectory/cancel] -> http://127.0.0.1:46085/ ['http://127.0.0.1:43033/', 'http://127.0.0.1:39321/']
[rosmaster.master][INFO] 2025-12-18 11:39:32,180: publisherUpdate[/gripper_controller/follow_joint_trajectory/cancel] -> http://127.0.0.1:46085/ ['http://127.0.0.1:43033/', 'http://127.0.0.1:39321/']: sec=0.00, result=[1, '', 0]
[rosmaster.master][INFO] 2025-12-18 11:39:32,391: +SUB [/trajectory_execution_event] /move_group http://127.0.0.1:39321/
[rosmaster.master][INFO] 2025-12-18 11:39:32,392: +SERVICE [/move_group/trajectory_execution/set_parameters] /move_group http://127.0.0.1:39321/
[rosmaster.master][INFO] 2025-12-18 11:39:32,401: +PUB [/move_group/trajectory_execution/parameter_descriptions] /move_group http://127.0.0.1:39321/
[rosmaster.master][INFO] 2025-12-18 11:39:32,407: +PUB [/move_group/trajectory_execution/parameter_updates] /move_group http://127.0.0.1:39321/
[rosmaster.master][INFO] 2025-12-18 11:39:32,417: +PARAM [/move_group/trajectory_execution/execution_duration_monitoring] by /move_group
[rosmaster.master][INFO] 2025-12-18 11:39:32,424: +PARAM [/move_group/trajectory_execution/allowed_execution_duration_scaling] by /move_group
[rosmaster.master][INFO] 2025-12-18 11:39:32,431: +PARAM [/move_group/trajectory_execution/allowed_goal_duration_margin] by /move_group
[rosmaster.master][INFO] 2025-12-18 11:39:32,432: +PARAM [/move_group/trajectory_execution/execution_velocity_scaling] by /move_group
[rosmaster.master][INFO] 2025-12-18 11:39:32,433: +PARAM [/move_group/trajectory_execution/allowed_start_tolerance] by /move_group
[rosmaster.master][INFO] 2025-12-18 11:39:32,435: +PARAM [/move_group/trajectory_execution/wait_for_trajectory_completion] by /move_group
[rosmaster.master][INFO] 2025-12-18 11:39:32,436: +PARAM [/move_group/trajectory_execution/execution_duration_monitoring] by /move_group
[rosmaster.master][INFO] 2025-12-18 11:39:32,437: +PARAM [/move_group/trajectory_execution/allowed_execution_duration_scaling] by /move_group
[rosmaster.master][INFO] 2025-12-18 11:39:32,446: +PARAM [/move_group/trajectory_execution/allowed_goal_duration_margin] by /move_group
[rosmaster.master][INFO] 2025-12-18 11:39:32,450: +PARAM [/move_group/trajectory_execution/execution_velocity_scaling] by /move_group
[rosmaster.master][INFO] 2025-12-18 11:39:32,454: +PARAM [/move_group/trajectory_execution/allowed_start_tolerance] by /move_group
[rosmaster.master][INFO] 2025-12-18 11:39:32,455: +PARAM [/move_group/trajectory_execution/wait_for_trajectory_completion] by /move_group
[rosmaster.master][INFO] 2025-12-18 11:39:32,465: +SERVICE [/move_group/plan_execution/set_parameters] /move_group http://127.0.0.1:39321/
[rosmaster.master][INFO] 2025-12-18 11:39:32,469: +PUB [/move_group/plan_execution/parameter_descriptions] /move_group http://127.0.0.1:39321/
[rosmaster.master][INFO] 2025-12-18 11:39:32,477: +PUB [/move_group/plan_execution/parameter_updates] /move_group http://127.0.0.1:39321/
[rosmaster.master][INFO] 2025-12-18 11:39:32,489: +PARAM [/move_group/plan_execution/max_replan_attempts] by /move_group
[rosmaster.master][INFO] 2025-12-18 11:39:32,491: +PARAM [/move_group/plan_execution/record_trajectory_state_frequency] by /move_group
[rosmaster.master][INFO] 2025-12-18 11:39:32,492: +PARAM [/move_group/plan_execution/max_replan_attempts] by /move_group
[rosmaster.master][INFO] 2025-12-18 11:39:32,494: +PARAM [/move_group/plan_execution/record_trajectory_state_frequency] by /move_group
[rosmaster.master][INFO] 2025-12-18 11:39:32,499: +SERVICE [/move_group/sense_for_plan/set_parameters] /move_group http://127.0.0.1:39321/
[rosmaster.master][INFO] 2025-12-18 11:39:32,505: +PUB [/move_group/sense_for_plan/parameter_descriptions] /move_group http://127.0.0.1:39321/
[rosmaster.master][INFO] 2025-12-18 11:39:32,512: +PUB [/move_group/sense_for_plan/parameter_updates] /move_group http://127.0.0.1:39321/
[rosmaster.master][INFO] 2025-12-18 11:39:32,517: +PARAM [/move_group/sense_for_plan/max_safe_path_cost] by /move_group
[rosmaster.master][INFO] 2025-12-18 11:39:32,519: +PARAM [/move_group/sense_for_plan/max_look_attempts] by /move_group
[rosmaster.master][INFO] 2025-12-18 11:39:32,521: +PARAM [/move_group/sense_for_plan/max_cost_sources] by /move_group
[rosmaster.master][INFO] 2025-12-18 11:39:32,530: +PARAM [/move_group/sense_for_plan/discard_overlapping_cost_sources] by /move_group
[rosmaster.master][INFO] 2025-12-18 11:39:32,541: +PARAM [/move_group/sense_for_plan/max_safe_path_cost] by /move_group
[rosmaster.master][INFO] 2025-12-18 11:39:32,543: +PARAM [/move_group/sense_for_plan/max_look_attempts] by /move_group
[rosmaster.master][INFO] 2025-12-18 11:39:32,545: +PARAM [/move_group/sense_for_plan/max_cost_sources] by /move_group
[rosmaster.master][INFO] 2025-12-18 11:39:32,559: +PARAM [/move_group/sense_for_plan/discard_overlapping_cost_sources] by /move_group
[rosmaster.master][INFO] 2025-12-18 11:39:32,600: +SERVICE [/apply_planning_scene] /move_group http://127.0.0.1:39321/
[rosmaster.master][INFO] 2025-12-18 11:39:32,617: +SERVICE [/load_move_group_capabilities] /move_group http://127.0.0.1:39321/
[rosmaster.master][INFO] 2025-12-18 11:39:32,623: +SERVICE [/clear_octomap] /move_group http://127.0.0.1:39321/
[rosmaster.master][INFO] 2025-12-18 11:39:32,641: +SERVICE [/compute_cartesian_path] /move_group http://127.0.0.1:39321/
[rosmaster.master][INFO] 2025-12-18 11:39:32,656: +PUB [/execute_trajectory/result] /move_group http://127.0.0.1:39321/
[rosmaster.master][INFO] 2025-12-18 11:39:32,661: +PUB [/execute_trajectory/feedback] /move_group http://127.0.0.1:39321/
[rosmaster.master][INFO] 2025-12-18 11:39:32,663: +PUB [/execute_trajectory/status] /move_group http://127.0.0.1:39321/
[rosmaster.master][INFO] 2025-12-18 11:39:32,685: +SUB [/execute_trajectory/goal] /move_group http://127.0.0.1:39321/
[rosmaster.master][INFO] 2025-12-18 11:39:32,707: +SUB [/execute_trajectory/cancel] /move_group http://127.0.0.1:39321/
[rosmaster.master][INFO] 2025-12-18 11:39:32,720: +SERVICE [/get_planning_scene] /move_group http://127.0.0.1:39321/
[rosmaster.master][INFO] 2025-12-18 11:39:32,731: +SERVICE [/compute_fk] /move_group http://127.0.0.1:39321/
[rosmaster.master][INFO] 2025-12-18 11:39:32,736: +SERVICE [/compute_ik] /move_group http://127.0.0.1:39321/
[rosmaster.master][INFO] 2025-12-18 11:39:32,747: +PUB [/move_group/result] /move_group http://127.0.0.1:39321/
[rosmaster.master][INFO] 2025-12-18 11:39:32,755: +PUB [/move_group/feedback] /move_group http://127.0.0.1:39321/
[rosmaster.master][INFO] 2025-12-18 11:39:32,760: +PUB [/move_group/status] /move_group http://127.0.0.1:39321/
[rosmaster.master][INFO] 2025-12-18 11:39:32,780: publisherUpdate[/move_group/result] -> http://127.0.0.1:35333/ ['http://127.0.0.1:39321/']
[rosmaster.master][INFO] 2025-12-18 11:39:32,783: +SUB [/move_group/goal] /move_group http://127.0.0.1:39321/
[rosmaster.master][INFO] 2025-12-18 11:39:32,803: publisherUpdate[/move_group/result] -> http://127.0.0.1:35333/ ['http://127.0.0.1:39321/']: sec=0.02, result=[1, '', 0]
[rosmaster.master][INFO] 2025-12-18 11:39:32,804: publisherUpdate[/move_group/feedback] -> http://127.0.0.1:35333/ ['http://127.0.0.1:39321/']
[rosmaster.master][INFO] 2025-12-18 11:39:32,811: publisherUpdate[/move_group/feedback] -> http://127.0.0.1:35333/ ['http://127.0.0.1:39321/']: sec=0.01, result=[1, '', 0]
[rosmaster.master][INFO] 2025-12-18 11:39:32,813: +SUB [/move_group/cancel] /move_group http://127.0.0.1:39321/
[rosmaster.master][INFO] 2025-12-18 11:39:32,813: publisherUpdate[/move_group/status] -> http://127.0.0.1:35333/ ['http://127.0.0.1:39321/']
[rosmaster.master][INFO] 2025-12-18 11:39:32,817: publisherUpdate[/move_group/status] -> http://127.0.0.1:35333/ ['http://127.0.0.1:39321/']: sec=0.00, result=[1, '', 0]
[rosmaster.master][INFO] 2025-12-18 11:39:32,881: +PUB [/pickup/result] /move_group http://127.0.0.1:39321/
[rosmaster.master][INFO] 2025-12-18 11:39:32,885: +PUB [/pickup/feedback] /move_group http://127.0.0.1:39321/
[rosmaster.master][INFO] 2025-12-18 11:39:32,887: +PUB [/pickup/status] /move_group http://127.0.0.1:39321/
[rosmaster.master][INFO] 2025-12-18 11:39:32,930: +SUB [/pickup/goal] /move_group http://127.0.0.1:39321/
[rosmaster.master][INFO] 2025-12-18 11:39:32,941: +SUB [/pickup/cancel] /move_group http://127.0.0.1:39321/
[rosmaster.master][INFO] 2025-12-18 11:39:32,987: +PUB [/place/result] /move_group http://127.0.0.1:39321/
[rosmaster.master][INFO] 2025-12-18 11:39:33,001: +PUB [/place/feedback] /move_group http://127.0.0.1:39321/
[rosmaster.master][INFO] 2025-12-18 11:39:33,010: +PUB [/place/status] /move_group http://127.0.0.1:39321/
[rosmaster.master][INFO] 2025-12-18 11:39:33,038: +SUB [/place/goal] /move_group http://127.0.0.1:39321/
[rosmaster.master][INFO] 2025-12-18 11:39:33,043: +SUB [/place/cancel] /move_group http://127.0.0.1:39321/
[rosmaster.master][INFO] 2025-12-18 11:39:33,044: +SERVICE [/plan_kinematic_path] /move_group http://127.0.0.1:39321/
[rosmaster.master][INFO] 2025-12-18 11:39:33,049: +SERVICE [/query_planner_interface] /move_group http://127.0.0.1:39321/
[rosmaster.master][INFO] 2025-12-18 11:39:33,071: +SERVICE [/get_planner_params] /move_group http://127.0.0.1:39321/
[rosmaster.master][INFO] 2025-12-18 11:39:33,074: +SERVICE [/set_planner_params] /move_group http://127.0.0.1:39321/
[rosmaster.master][INFO] 2025-12-18 11:39:33,077: +SERVICE [/check_state_validity] /move_group http://127.0.0.1:39321/
[rosmaster.master][INFO] 2025-12-18 11:39:33,078: +SUB [/pickup/status] /play_motion http://127.0.0.1:35333/
[rosmaster.master][INFO] 2025-12-18 11:39:33,082: +SUB [/pickup/feedback] /play_motion http://127.0.0.1:35333/
[rosmaster.master][INFO] 2025-12-18 11:39:33,100: +SUB [/pickup/result] /play_motion http://127.0.0.1:35333/
[rosmaster.master][INFO] 2025-12-18 11:39:33,102: +PUB [/pickup/goal] /play_motion http://127.0.0.1:35333/
[rosmaster.master][INFO] 2025-12-18 11:39:33,103: publisherUpdate[/pickup/goal] -> http://127.0.0.1:39321/ ['http://127.0.0.1:35333/']
[rosmaster.master][INFO] 2025-12-18 11:39:33,114: +PUB [/pickup/cancel] /play_motion http://127.0.0.1:35333/
[rosmaster.master][INFO] 2025-12-18 11:39:33,120: publisherUpdate[/pickup/goal] -> http://127.0.0.1:39321/ ['http://127.0.0.1:35333/']: sec=0.02, result=[1, '', 0]
[rosmaster.master][INFO] 2025-12-18 11:39:33,130: publisherUpdate[/pickup/cancel] -> http://127.0.0.1:39321/ ['http://127.0.0.1:35333/']
[rosmaster.master][INFO] 2025-12-18 11:39:33,135: publisherUpdate[/pickup/cancel] -> http://127.0.0.1:39321/ ['http://127.0.0.1:35333/']: sec=0.00, result=[1, '', 0]
[rosmaster.master][INFO] 2025-12-18 11:39:33,366: +SUB [/place/status] /play_motion http://127.0.0.1:35333/
[rosmaster.master][INFO] 2025-12-18 11:39:33,392: +SUB [/place/feedback] /play_motion http://127.0.0.1:35333/
[rosmaster.master][INFO] 2025-12-18 11:39:33,405: +SUB [/place/result] /play_motion http://127.0.0.1:35333/
[rosmaster.master][INFO] 2025-12-18 11:39:33,413: +PUB [/place/goal] /play_motion http://127.0.0.1:35333/
[rosmaster.master][INFO] 2025-12-18 11:39:33,414: +PUB [/place/cancel] /play_motion http://127.0.0.1:35333/
[rosmaster.master][INFO] 2025-12-18 11:39:33,444: publisherUpdate[/place/goal] -> http://127.0.0.1:39321/ ['http://127.0.0.1:35333/']
[rosmaster.master][INFO] 2025-12-18 11:39:33,465: publisherUpdate[/place/goal] -> http://127.0.0.1:39321/ ['http://127.0.0.1:35333/']: sec=0.02, result=[1, '', 0]
[rosmaster.master][INFO] 2025-12-18 11:39:33,473: publisherUpdate[/place/cancel] -> http://127.0.0.1:39321/ ['http://127.0.0.1:35333/']
[rosmaster.master][INFO] 2025-12-18 11:39:33,479: publisherUpdate[/place/cancel] -> http://127.0.0.1:39321/ ['http://127.0.0.1:35333/']: sec=0.00, result=[1, '', 0]
[rosmaster.master][INFO] 2025-12-18 11:39:33,718: +SUB [/execute_trajectory/status] /play_motion http://127.0.0.1:35333/
[rosmaster.master][INFO] 2025-12-18 11:39:33,746: +SUB [/execute_trajectory/feedback] /play_motion http://127.0.0.1:35333/
[rosmaster.master][INFO] 2025-12-18 11:39:33,772: +SUB [/execute_trajectory/result] /play_motion http://127.0.0.1:35333/
[rosmaster.master][INFO] 2025-12-18 11:39:33,775: +PUB [/execute_trajectory/goal] /play_motion http://127.0.0.1:35333/
[rosmaster.master][INFO] 2025-12-18 11:39:33,776: +PUB [/execute_trajectory/cancel] /play_motion http://127.0.0.1:35333/
[rosmaster.master][INFO] 2025-12-18 11:39:33,793: publisherUpdate[/execute_trajectory/goal] -> http://127.0.0.1:39321/ ['http://127.0.0.1:35333/']
[rosmaster.master][INFO] 2025-12-18 11:39:33,802: publisherUpdate[/execute_trajectory/goal] -> http://127.0.0.1:39321/ ['http://127.0.0.1:35333/']: sec=0.01, result=[1, '', 0]
[rosmaster.master][INFO] 2025-12-18 11:39:33,805: publisherUpdate[/execute_trajectory/cancel] -> http://127.0.0.1:39321/ ['http://127.0.0.1:35333/']
[rosmaster.master][INFO] 2025-12-18 11:39:33,813: publisherUpdate[/execute_trajectory/cancel] -> http://127.0.0.1:39321/ ['http://127.0.0.1:35333/']: sec=0.01, result=[1, '', 0]
[rosmaster.master][INFO] 2025-12-18 11:39:34,838: +PUB [/play_motion/result] /play_motion http://127.0.0.1:35333/
[rosmaster.master][INFO] 2025-12-18 11:39:34,842: +PUB [/play_motion/feedback] /play_motion http://127.0.0.1:35333/
[rosmaster.master][INFO] 2025-12-18 11:39:34,848: +PUB [/play_motion/status] /play_motion http://127.0.0.1:35333/
[rosmaster.master][INFO] 2025-12-18 11:39:34,873: publisherUpdate[/play_motion/result] -> http://127.0.0.1:38119/ ['http://127.0.0.1:35333/']
[rosmaster.master][INFO] 2025-12-18 11:39:34,913: +SUB [/play_motion/goal] /play_motion http://127.0.0.1:35333/
[rosmaster.master][INFO] 2025-12-18 11:39:34,914: publisherUpdate[/play_motion/result] -> http://127.0.0.1:38119/ ['http://127.0.0.1:35333/']: sec=0.02, result=[1, '', 0]
[rosmaster.master][INFO] 2025-12-18 11:39:34,915: publisherUpdate[/play_motion/feedback] -> http://127.0.0.1:38119/ ['http://127.0.0.1:35333/']
[rosmaster.master][INFO] 2025-12-18 11:39:34,933: publisherUpdate[/play_motion/feedback] -> http://127.0.0.1:38119/ ['http://127.0.0.1:35333/']: sec=0.01, result=[1, '', 0]
[rosmaster.master][INFO] 2025-12-18 11:39:34,933: publisherUpdate[/play_motion/status] -> http://127.0.0.1:38119/ ['http://127.0.0.1:35333/']
[rosmaster.master][INFO] 2025-12-18 11:39:34,944: publisherUpdate[/play_motion/status] -> http://127.0.0.1:38119/ ['http://127.0.0.1:35333/']: sec=0.01, result=[1, '', 0]
[rosmaster.master][INFO] 2025-12-18 11:39:34,951: +SUB [/play_motion/cancel] /play_motion http://127.0.0.1:35333/
[rosmaster.master][INFO] 2025-12-18 11:39:34,957: +SERVICE [/play_motion/list_motions] /play_motion http://127.0.0.1:35333/
[rosmaster.master][INFO] 2025-12-18 11:39:34,959: +PUB [/diagnostics] /play_motion http://127.0.0.1:35333/
[rosmaster.master][INFO] 2025-12-18 11:39:34,978: +SUB [/arm_controller/follow_joint_trajectory/status] /play_motion http://127.0.0.1:35333/
[rosmaster.master][INFO] 2025-12-18 11:39:35,031: +SUB [/arm_controller/follow_joint_trajectory/feedback] /play_motion http://127.0.0.1:35333/
[rosmaster.master][INFO] 2025-12-18 11:39:35,047: +SUB [/arm_controller/follow_joint_trajectory/result] /play_motion http://127.0.0.1:35333/
[rosmaster.master][INFO] 2025-12-18 11:39:35,056: +PUB [/arm_controller/follow_joint_trajectory/goal] /play_motion http://127.0.0.1:35333/
[rosmaster.master][INFO] 2025-12-18 11:39:35,058: +PUB [/arm_controller/follow_joint_trajectory/cancel] /play_motion http://127.0.0.1:35333/
[rosmaster.master][INFO] 2025-12-18 11:39:35,084: +SUB [/gripper_controller/follow_joint_trajectory/status] /play_motion http://127.0.0.1:35333/
[rosmaster.master][INFO] 2025-12-18 11:39:35,092: +SUB [/gripper_controller/follow_joint_trajectory/feedback] /play_motion http://127.0.0.1:35333/
[rosmaster.master][INFO] 2025-12-18 11:39:35,107: +SUB [/gripper_controller/follow_joint_trajectory/result] /play_motion http://127.0.0.1:35333/
[rosmaster.master][INFO] 2025-12-18 11:39:35,112: +PUB [/gripper_controller/follow_joint_trajectory/goal] /play_motion http://127.0.0.1:35333/
[rosmaster.master][INFO] 2025-12-18 11:39:35,114: +PUB [/gripper_controller/follow_joint_trajectory/cancel] /play_motion http://127.0.0.1:35333/
[rosmaster.master][INFO] 2025-12-18 11:39:35,120: +SUB [/head_controller/follow_joint_trajectory/status] /play_motion http://127.0.0.1:35333/
[rosmaster.master][INFO] 2025-12-18 11:39:35,136: +SUB [/head_controller/follow_joint_trajectory/feedback] /play_motion http://127.0.0.1:35333/
[rosmaster.master][INFO] 2025-12-18 11:39:35,138: publisherUpdate[/arm_controller/follow_joint_trajectory/goal] -> http://127.0.0.1:46085/ ['http://127.0.0.1:39321/', 'http://127.0.0.1:35333/']
[rosmaster.master][INFO] 2025-12-18 11:39:35,144: publisherUpdate[/arm_controller/follow_joint_trajectory/goal] -> http://127.0.0.1:46085/ ['http://127.0.0.1:39321/', 'http://127.0.0.1:35333/']: sec=0.00, result=[1, '', 0]
[rosmaster.master][INFO] 2025-12-18 11:39:35,146: publisherUpdate[/arm_controller/follow_joint_trajectory/cancel] -> http://127.0.0.1:46085/ ['http://127.0.0.1:39321/', 'http://127.0.0.1:35333/']
[rosmaster.master][INFO] 2025-12-18 11:39:35,149: publisherUpdate[/arm_controller/follow_joint_trajectory/cancel] -> http://127.0.0.1:46085/ ['http://127.0.0.1:39321/', 'http://127.0.0.1:35333/']: sec=0.00, result=[1, '', 0]
[rosmaster.master][INFO] 2025-12-18 11:39:35,149: publisherUpdate[/gripper_controller/follow_joint_trajectory/goal] -> http://127.0.0.1:46085/ ['http://127.0.0.1:43033/', 'http://127.0.0.1:39321/', 'http://127.0.0.1:35333/']
[rosmaster.master][INFO] 2025-12-18 11:39:35,151: publisherUpdate[/gripper_controller/follow_joint_trajectory/goal] -> http://127.0.0.1:46085/ ['http://127.0.0.1:43033/', 'http://127.0.0.1:39321/', 'http://127.0.0.1:35333/']: sec=0.00, result=[1, '', 0]
[rosmaster.master][INFO] 2025-12-18 11:39:35,152: publisherUpdate[/gripper_controller/follow_joint_trajectory/cancel] -> http://127.0.0.1:46085/ ['http://127.0.0.1:43033/', 'http://127.0.0.1:39321/', 'http://127.0.0.1:35333/']
[rosmaster.master][INFO] 2025-12-18 11:39:35,154: +SUB [/head_controller/follow_joint_trajectory/result] /play_motion http://127.0.0.1:35333/
[rosmaster.master][INFO] 2025-12-18 11:39:35,159: publisherUpdate[/gripper_controller/follow_joint_trajectory/cancel] -> http://127.0.0.1:46085/ ['http://127.0.0.1:43033/', 'http://127.0.0.1:39321/', 'http://127.0.0.1:35333/']: sec=0.00, result=[1, '', 0]
[rosmaster.master][INFO] 2025-12-18 11:39:35,163: +PUB [/head_controller/follow_joint_trajectory/goal] /play_motion http://127.0.0.1:35333/
[rosmaster.master][INFO] 2025-12-18 11:39:35,164: publisherUpdate[/head_controller/follow_joint_trajectory/goal] -> http://127.0.0.1:46085/ ['http://127.0.0.1:39321/', 'http://127.0.0.1:35333/']
[rosmaster.master][INFO] 2025-12-18 11:39:35,170: +PUB [/head_controller/follow_joint_trajectory/cancel] /play_motion http://127.0.0.1:35333/
[rosmaster.master][INFO] 2025-12-18 11:39:35,175: publisherUpdate[/head_controller/follow_joint_trajectory/goal] -> http://127.0.0.1:46085/ ['http://127.0.0.1:39321/', 'http://127.0.0.1:35333/']: sec=0.01, result=[1, '', 0]
[rosmaster.master][INFO] 2025-12-18 11:39:35,175: publisherUpdate[/head_controller/follow_joint_trajectory/cancel] -> http://127.0.0.1:46085/ ['http://127.0.0.1:39321/', 'http://127.0.0.1:35333/']
[rosmaster.master][INFO] 2025-12-18 11:39:35,181: publisherUpdate[/head_controller/follow_joint_trajectory/cancel] -> http://127.0.0.1:46085/ ['http://127.0.0.1:39321/', 'http://127.0.0.1:35333/']: sec=0.01, result=[1, '', 0]
[rosmaster.master][INFO] 2025-12-18 11:39:35,190: +SUB [/torso_controller/follow_joint_trajectory/status] /play_motion http://127.0.0.1:35333/
[rosmaster.master][INFO] 2025-12-18 11:39:35,208: +SUB [/torso_controller/follow_joint_trajectory/feedback] /play_motion http://127.0.0.1:35333/
[rosmaster.master][INFO] 2025-12-18 11:39:35,229: +SUB [/torso_controller/follow_joint_trajectory/result] /play_motion http://127.0.0.1:35333/
[rosmaster.master][INFO] 2025-12-18 11:39:35,239: +PUB [/torso_controller/follow_joint_trajectory/goal] /play_motion http://127.0.0.1:35333/
[rosmaster.master][INFO] 2025-12-18 11:39:35,239: publisherUpdate[/torso_controller/follow_joint_trajectory/goal] -> http://127.0.0.1:46085/ ['http://127.0.0.1:39321/', 'http://127.0.0.1:35333/']
[rosmaster.master][INFO] 2025-12-18 11:39:35,242: +PUB [/torso_controller/follow_joint_trajectory/cancel] /play_motion http://127.0.0.1:35333/
[rosmaster.master][INFO] 2025-12-18 11:39:35,257: publisherUpdate[/torso_controller/follow_joint_trajectory/goal] -> http://127.0.0.1:46085/ ['http://127.0.0.1:39321/', 'http://127.0.0.1:35333/']: sec=0.02, result=[1, '', 0]
[rosmaster.master][INFO] 2025-12-18 11:39:35,260: publisherUpdate[/torso_controller/follow_joint_trajectory/cancel] -> http://127.0.0.1:46085/ ['http://127.0.0.1:39321/', 'http://127.0.0.1:35333/']
[rosmaster.master][INFO] 2025-12-18 11:39:35,266: publisherUpdate[/torso_controller/follow_joint_trajectory/cancel] -> http://127.0.0.1:46085/ ['http://127.0.0.1:39321/', 'http://127.0.0.1:35333/']: sec=0.00, result=[1, '', 0]
[rosmaster.master][INFO] 2025-12-18 11:39:35,272: +CACHEDPARAM [/rosout_disable_topics_generation] by /tuck_arm
[rosmaster.master][INFO] 2025-12-18 11:39:35,300: +SUB [/joint_states] /tuck_arm http://127.0.0.1:38119/
[rosmaster.master][INFO] 2025-12-18 11:39:35,398: -SUB [/joint_states] /tuck_arm http://127.0.0.1:38119/
[rosmaster.master][INFO] 2025-12-18 11:39:37,583: +CACHEDPARAM [/rosout_disable_topics_generation] by /home_gripper
[rosmaster.master][INFO] 2025-12-18 11:39:37,607: -SUB [/clock] /home_gripper http://127.0.0.1:43033/
[rosmaster.master][INFO] 2025-12-18 11:39:37,608: -SUB [/gripper_controller/follow_joint_trajectory/status] /home_gripper http://127.0.0.1:43033/
[rosmaster.master][INFO] 2025-12-18 11:39:37,608: -SUB [/gripper_controller/follow_joint_trajectory/result] /home_gripper http://127.0.0.1:43033/
[rosmaster.master][INFO] 2025-12-18 11:39:37,608: -SUB [/gripper_controller/follow_joint_trajectory/feedback] /home_gripper http://127.0.0.1:43033/
[rosmaster.master][INFO] 2025-12-18 11:39:37,608: -PUB [/rosout] /home_gripper http://127.0.0.1:43033/
[rosmaster.master][INFO] 2025-12-18 11:39:37,608: -PUB [/gripper_controller/follow_joint_trajectory/goal] /home_gripper http://127.0.0.1:43033/
[rosmaster.master][INFO] 2025-12-18 11:39:37,608: -PUB [/gripper_controller/follow_joint_trajectory/cancel] /home_gripper http://127.0.0.1:43033/
[rosmaster.master][INFO] 2025-12-18 11:39:37,608: -SERVICE [/home_gripper/get_loggers] /home_gripper rosrpc://127.0.0.1:42285
[rosmaster.master][INFO] 2025-12-18 11:39:37,609: -SERVICE [/home_gripper/set_logger_level] /home_gripper rosrpc://127.0.0.1:42285
[rosmaster.master][INFO] 2025-12-18 11:39:37,682: publisherUpdate[/rosout] -> http://127.0.0.1:38997/ ['http://127.0.0.1:34545/', 'http://127.0.0.1:33609/', 'http://127.0.0.1:35333/', 'http://127.0.0.1:36289/', 'http://127.0.0.1:35471/', 'http://127.0.0.1:37485/', 'http://127.0.0.1:39321/', 'http://127.0.0.1:43249/', 'http://127.0.0.1:46097/', 'http://127.0.0.1:36505/', 'http://127.0.0.1:40365/', 'http://127.0.0.1:33709/', 'http://127.0.0.1:33031/', 'http://127.0.0.1:38119/', 'http://127.0.0.1:46085/', 'http://127.0.0.1:36121/', 'http://127.0.0.1:34305/', 'http://127.0.0.1:40891/', 'http://127.0.0.1:34169/']
[rosmaster.master][INFO] 2025-12-18 11:39:37,687: publisherUpdate[/rosout] -> http://127.0.0.1:38997/ ['http://127.0.0.1:34545/', 'http://127.0.0.1:33609/', 'http://127.0.0.1:35333/', 'http://127.0.0.1:36289/', 'http://127.0.0.1:35471/', 'http://127.0.0.1:37485/', 'http://127.0.0.1:39321/', 'http://127.0.0.1:43249/', 'http://127.0.0.1:46097/', 'http://127.0.0.1:36505/', 'http://127.0.0.1:40365/', 'http://127.0.0.1:33709/', 'http://127.0.0.1:33031/', 'http://127.0.0.1:38119/', 'http://127.0.0.1:46085/', 'http://127.0.0.1:36121/', 'http://127.0.0.1:34305/', 'http://127.0.0.1:40891/', 'http://127.0.0.1:34169/']: sec=0.00, result=[1, '', 0]
[rosmaster.master][INFO] 2025-12-18 11:39:37,690: publisherUpdate[/gripper_controller/follow_joint_trajectory/goal] -> http://127.0.0.1:46085/ ['http://127.0.0.1:39321/', 'http://127.0.0.1:35333/']
[rosmaster.master][INFO] 2025-12-18 11:39:37,698: publisherUpdate[/gripper_controller/follow_joint_trajectory/goal] -> http://127.0.0.1:46085/ ['http://127.0.0.1:39321/', 'http://127.0.0.1:35333/']: sec=0.01, result=[1, '', 0]
[rosmaster.master][INFO] 2025-12-18 11:39:37,699: publisherUpdate[/gripper_controller/follow_joint_trajectory/cancel] -> http://127.0.0.1:46085/ ['http://127.0.0.1:39321/', 'http://127.0.0.1:35333/']
[rosmaster.master][INFO] 2025-12-18 11:39:37,703: publisherUpdate[/gripper_controller/follow_joint_trajectory/cancel] -> http://127.0.0.1:46085/ ['http://127.0.0.1:39321/', 'http://127.0.0.1:35333/']: sec=0.00, result=[1, '', 0]
[rosmaster.master][INFO] 2025-12-18 11:39:43,211: +CACHEDPARAM [/rosout_disable_topics_generation] by /tuck_arm
[rosmaster.master][INFO] 2025-12-18 11:39:43,281: +CACHEDPARAM [/play_motion/motions/home] by /play_motion
[rosmaster.master][INFO] 2025-12-18 11:40:12,645: +PUB [/rosout] /tiago_position_with_depth http://127.0.0.1:43317/
[rosmaster.master][INFO] 2025-12-18 11:40:12,674: +SUB [/clock] /tiago_position_with_depth http://127.0.0.1:43317/
[rosmaster.master][INFO] 2025-12-18 11:40:12,679: +SERVICE [/tiago_position_with_depth/get_loggers] /tiago_position_with_depth http://127.0.0.1:43317/
[rosmaster.master][INFO] 2025-12-18 11:40:12,680: +SERVICE [/tiago_position_with_depth/set_logger_level] /tiago_position_with_depth http://127.0.0.1:43317/
[rosmaster.master][INFO] 2025-12-18 11:40:12,696: publisherUpdate[/rosout] -> http://127.0.0.1:38997/ ['http://127.0.0.1:34545/', 'http://127.0.0.1:33609/', 'http://127.0.0.1:35333/', 'http://127.0.0.1:36289/', 'http://127.0.0.1:35471/', 'http://127.0.0.1:37485/', 'http://127.0.0.1:39321/', 'http://127.0.0.1:43249/', 'http://127.0.0.1:46097/', 'http://127.0.0.1:36505/', 'http://127.0.0.1:40365/', 'http://127.0.0.1:33709/', 'http://127.0.0.1:33031/', 'http://127.0.0.1:38119/', 'http://127.0.0.1:46085/', 'http://127.0.0.1:36121/', 'http://127.0.0.1:34305/', 'http://127.0.0.1:40891/', 'http://127.0.0.1:34169/', 'http://127.0.0.1:43317/']
[rosmaster.master][INFO] 2025-12-18 11:40:12,705: publisherUpdate[/rosout] -> http://127.0.0.1:38997/ ['http://127.0.0.1:34545/', 'http://127.0.0.1:33609/', 'http://127.0.0.1:35333/', 'http://127.0.0.1:36289/', 'http://127.0.0.1:35471/', 'http://127.0.0.1:37485/', 'http://127.0.0.1:39321/', 'http://127.0.0.1:43249/', 'http://127.0.0.1:46097/', 'http://127.0.0.1:36505/', 'http://127.0.0.1:40365/', 'http://127.0.0.1:33709/', 'http://127.0.0.1:33031/', 'http://127.0.0.1:38119/', 'http://127.0.0.1:46085/', 'http://127.0.0.1:36121/', 'http://127.0.0.1:34305/', 'http://127.0.0.1:40891/', 'http://127.0.0.1:34169/', 'http://127.0.0.1:43317/']: sec=0.01, result=[1, '', 0]
[rosmaster.master][INFO] 2025-12-18 11:40:12,724: +PUB [/rosout] /move_group_commander_wrappers_1766054412682945705 http://127.0.0.1:45155/
[rosmaster.master][INFO] 2025-12-18 11:40:12,725: +SERVICE [/move_group_commander_wrappers_1766054412682945705/get_loggers] /move_group_commander_wrappers_1766054412682945705 http://127.0.0.1:45155/
[rosmaster.master][INFO] 2025-12-18 11:40:12,726: +SERVICE [/move_group_commander_wrappers_1766054412682945705/set_logger_level] /move_group_commander_wrappers_1766054412682945705 http://127.0.0.1:45155/
[rosmaster.master][INFO] 2025-12-18 11:40:12,744: +SUB [/clock] /move_group_commander_wrappers_1766054412682945705 http://127.0.0.1:45155/
[rosmaster.master][INFO] 2025-12-18 11:40:12,745: publisherUpdate[/rosout] -> http://127.0.0.1:38997/ ['http://127.0.0.1:34545/', 'http://127.0.0.1:33609/', 'http://127.0.0.1:35333/', 'http://127.0.0.1:36289/', 'http://127.0.0.1:35471/', 'http://127.0.0.1:37485/', 'http://127.0.0.1:39321/', 'http://127.0.0.1:43249/', 'http://127.0.0.1:46097/', 'http://127.0.0.1:36505/', 'http://127.0.0.1:40365/', 'http://127.0.0.1:33709/', 'http://127.0.0.1:33031/', 'http://127.0.0.1:38119/', 'http://127.0.0.1:46085/', 'http://127.0.0.1:36121/', 'http://127.0.0.1:34305/', 'http://127.0.0.1:40891/', 'http://127.0.0.1:34169/', 'http://127.0.0.1:43317/', 'http://127.0.0.1:45155/']
[rosmaster.master][INFO] 2025-12-18 11:40:12,760: publisherUpdate[/rosout] -> http://127.0.0.1:38997/ ['http://127.0.0.1:34545/', 'http://127.0.0.1:33609/', 'http://127.0.0.1:35333/', 'http://127.0.0.1:36289/', 'http://127.0.0.1:35471/', 'http://127.0.0.1:37485/', 'http://127.0.0.1:39321/', 'http://127.0.0.1:43249/', 'http://127.0.0.1:46097/', 'http://127.0.0.1:36505/', 'http://127.0.0.1:40365/', 'http://127.0.0.1:33709/', 'http://127.0.0.1:33031/', 'http://127.0.0.1:38119/', 'http://127.0.0.1:46085/', 'http://127.0.0.1:36121/', 'http://127.0.0.1:34305/', 'http://127.0.0.1:40891/', 'http://127.0.0.1:34169/', 'http://127.0.0.1:43317/', 'http://127.0.0.1:45155/']: sec=0.01, result=[1, '', 0]
[rosmaster.master][INFO] 2025-12-18 11:40:12,780: +SUB [/tf] /move_group_commander_wrappers_1766054412682945705 http://127.0.0.1:45155/
[rosmaster.master][INFO] 2025-12-18 11:40:12,807: +SUB [/tf_static] /move_group_commander_wrappers_1766054412682945705 http://127.0.0.1:45155/
[rosmaster.master][INFO] 2025-12-18 11:40:12,881: +CACHEDPARAM [/rosout_disable_topics_generation] by /move_group_commander_wrappers_1766054412682945705
[rosmaster.master][INFO] 2025-12-18 11:40:14,025: +PUB [/trajectory_execution_event] /move_group_commander_wrappers_1766054412682945705 http://127.0.0.1:45155/
[rosmaster.master][INFO] 2025-12-18 11:40:14,026: publisherUpdate[/trajectory_execution_event] -> http://127.0.0.1:39321/ ['http://127.0.0.1:35333/', 'http://127.0.0.1:45155/']
[rosmaster.master][INFO] 2025-12-18 11:40:14,029: +PUB [/attached_collision_object] /move_group_commander_wrappers_1766054412682945705 http://127.0.0.1:45155/
[rosmaster.master][INFO] 2025-12-18 11:40:14,042: publisherUpdate[/trajectory_execution_event] -> http://127.0.0.1:39321/ ['http://127.0.0.1:35333/', 'http://127.0.0.1:45155/']: sec=0.01, result=[1, '', 0]
[rosmaster.master][INFO] 2025-12-18 11:40:14,044: publisherUpdate[/attached_collision_object] -> http://127.0.0.1:39321/ ['http://127.0.0.1:35333/', 'http://127.0.0.1:45155/']
[rosmaster.master][INFO] 2025-12-18 11:40:14,066: publisherUpdate[/attached_collision_object] -> http://127.0.0.1:39321/ ['http://127.0.0.1:35333/', 'http://127.0.0.1:45155/']: sec=0.01, result=[1, '', 0]
[rosmaster.master][INFO] 2025-12-18 11:40:14,091: +SUB [/move_group/status] /move_group_commander_wrappers_1766054412682945705 http://127.0.0.1:45155/
[rosmaster.master][INFO] 2025-12-18 11:40:14,116: +SUB [/move_group/feedback] /move_group_commander_wrappers_1766054412682945705 http://127.0.0.1:45155/
[rosmaster.master][INFO] 2025-12-18 11:40:14,131: +SUB [/move_group/result] /move_group_commander_wrappers_1766054412682945705 http://127.0.0.1:45155/
[rosmaster.master][INFO] 2025-12-18 11:40:14,137: +PUB [/move_group/goal] /move_group_commander_wrappers_1766054412682945705 http://127.0.0.1:45155/
[rosmaster.master][INFO] 2025-12-18 11:40:14,142: +PUB [/move_group/cancel] /move_group_commander_wrappers_1766054412682945705 http://127.0.0.1:45155/
[rosmaster.master][INFO] 2025-12-18 11:40:14,171: publisherUpdate[/move_group/goal] -> http://127.0.0.1:39321/ ['http://127.0.0.1:35333/', 'http://127.0.0.1:45155/']
[rosmaster.master][INFO] 2025-12-18 11:40:14,186: publisherUpdate[/move_group/goal] -> http://127.0.0.1:39321/ ['http://127.0.0.1:35333/', 'http://127.0.0.1:45155/']: sec=0.01, result=[1, '', 0]
[rosmaster.master][INFO] 2025-12-18 11:40:14,187: publisherUpdate[/move_group/cancel] -> http://127.0.0.1:39321/ ['http://127.0.0.1:35333/', 'http://127.0.0.1:45155/']
[rosmaster.master][INFO] 2025-12-18 11:40:14,194: publisherUpdate[/move_group/cancel] -> http://127.0.0.1:39321/ ['http://127.0.0.1:35333/', 'http://127.0.0.1:45155/']: sec=0.01, result=[1, '', 0]
[rosmaster.master][INFO] 2025-12-18 11:40:14,463: +SUB [/pickup/status] /move_group_commander_wrappers_1766054412682945705 http://127.0.0.1:45155/
[rosmaster.master][INFO] 2025-12-18 11:40:14,488: +SUB [/pickup/feedback] /move_group_commander_wrappers_1766054412682945705 http://127.0.0.1:45155/
[rosmaster.master][INFO] 2025-12-18 11:40:14,506: +SUB [/pickup/result] /move_group_commander_wrappers_1766054412682945705 http://127.0.0.1:45155/
[rosmaster.master][INFO] 2025-12-18 11:40:14,510: +PUB [/pickup/goal] /move_group_commander_wrappers_1766054412682945705 http://127.0.0.1:45155/
[rosmaster.master][INFO] 2025-12-18 11:40:14,516: +PUB [/pickup/cancel] /move_group_commander_wrappers_1766054412682945705 http://127.0.0.1:45155/
[rosmaster.master][INFO] 2025-12-18 11:40:14,526: publisherUpdate[/pickup/goal] -> http://127.0.0.1:39321/ ['http://127.0.0.1:35333/', 'http://127.0.0.1:45155/']
[rosmaster.master][INFO] 2025-12-18 11:40:14,534: publisherUpdate[/pickup/goal] -> http://127.0.0.1:39321/ ['http://127.0.0.1:35333/', 'http://127.0.0.1:45155/']: sec=0.01, result=[1, '', 0]
[rosmaster.master][INFO] 2025-12-18 11:40:14,535: publisherUpdate[/pickup/cancel] -> http://127.0.0.1:39321/ ['http://127.0.0.1:35333/', 'http://127.0.0.1:45155/']
[rosmaster.master][INFO] 2025-12-18 11:40:14,549: publisherUpdate[/pickup/cancel] -> http://127.0.0.1:39321/ ['http://127.0.0.1:35333/', 'http://127.0.0.1:45155/']: sec=0.01, result=[1, '', 0]
[rosmaster.master][INFO] 2025-12-18 11:40:14,783: +SUB [/place/status] /move_group_commander_wrappers_1766054412682945705 http://127.0.0.1:45155/
[rosmaster.master][INFO] 2025-12-18 11:40:14,804: +SUB [/place/feedback] /move_group_commander_wrappers_1766054412682945705 http://127.0.0.1:45155/
[rosmaster.master][INFO] 2025-12-18 11:40:14,816: +SUB [/place/result] /move_group_commander_wrappers_1766054412682945705 http://127.0.0.1:45155/
[rosmaster.master][INFO] 2025-12-18 11:40:14,821: +PUB [/place/goal] /move_group_commander_wrappers_1766054412682945705 http://127.0.0.1:45155/
[rosmaster.master][INFO] 2025-12-18 11:40:14,826: +PUB [/place/cancel] /move_group_commander_wrappers_1766054412682945705 http://127.0.0.1:45155/
[rosmaster.master][INFO] 2025-12-18 11:40:14,852: publisherUpdate[/place/goal] -> http://127.0.0.1:39321/ ['http://127.0.0.1:35333/', 'http://127.0.0.1:45155/']
[rosmaster.master][INFO] 2025-12-18 11:40:14,853: publisherUpdate[/place/goal] -> http://127.0.0.1:39321/ ['http://127.0.0.1:35333/', 'http://127.0.0.1:45155/']: sec=0.00, result=[1, '', 0]
[rosmaster.master][INFO] 2025-12-18 11:40:14,853: publisherUpdate[/place/cancel] -> http://127.0.0.1:39321/ ['http://127.0.0.1:35333/', 'http://127.0.0.1:45155/']
[rosmaster.master][INFO] 2025-12-18 11:40:14,855: publisherUpdate[/place/cancel] -> http://127.0.0.1:39321/ ['http://127.0.0.1:35333/', 'http://127.0.0.1:45155/']: sec=0.00, result=[1, '', 0]
[rosmaster.master][INFO] 2025-12-18 11:40:15,101: +SUB [/execute_trajectory/status] /move_group_commander_wrappers_1766054412682945705 http://127.0.0.1:45155/
[rosmaster.master][INFO] 2025-12-18 11:40:15,114: +SUB [/execute_trajectory/feedback] /move_group_commander_wrappers_1766054412682945705 http://127.0.0.1:45155/
[rosmaster.master][INFO] 2025-12-18 11:40:15,132: +SUB [/execute_trajectory/result] /move_group_commander_wrappers_1766054412682945705 http://127.0.0.1:45155/
[rosmaster.master][INFO] 2025-12-18 11:40:15,137: +PUB [/execute_trajectory/goal] /move_group_commander_wrappers_1766054412682945705 http://127.0.0.1:45155/
[rosmaster.master][INFO] 2025-12-18 11:40:15,139: +PUB [/execute_trajectory/cancel] /move_group_commander_wrappers_1766054412682945705 http://127.0.0.1:45155/
[rosmaster.master][INFO] 2025-12-18 11:40:15,161: publisherUpdate[/execute_trajectory/goal] -> http://127.0.0.1:39321/ ['http://127.0.0.1:35333/', 'http://127.0.0.1:45155/']
[rosmaster.master][INFO] 2025-12-18 11:40:15,175: publisherUpdate[/execute_trajectory/goal] -> http://127.0.0.1:39321/ ['http://127.0.0.1:35333/', 'http://127.0.0.1:45155/']: sec=0.01, result=[1, '', 0]
[rosmaster.master][INFO] 2025-12-18 11:40:15,184: publisherUpdate[/execute_trajectory/cancel] -> http://127.0.0.1:39321/ ['http://127.0.0.1:35333/', 'http://127.0.0.1:45155/']
[rosmaster.master][INFO] 2025-12-18 11:40:15,199: publisherUpdate[/execute_trajectory/cancel] -> http://127.0.0.1:39321/ ['http://127.0.0.1:35333/', 'http://127.0.0.1:45155/']: sec=0.01, result=[1, '', 0]
[rosmaster.master][INFO] 2025-12-18 11:40:15,464: +SERVICE [/tiago_position_with_depth/tf2_frames] /tiago_position_with_depth http://127.0.0.1:43317/
[rosmaster.master][INFO] 2025-12-18 11:40:15,486: +SUB [/tf] /tiago_position_with_depth http://127.0.0.1:43317/
[rosmaster.master][INFO] 2025-12-18 11:40:15,501: +SUB [/tf_static] /tiago_position_with_depth http://127.0.0.1:43317/
[rosmaster.master][INFO] 2025-12-18 11:40:15,679: +CACHEDPARAM [/rosout_disable_topics_generation] by /tiago_position_with_depth
[rosmaster.master][INFO] 2025-12-18 11:40:15,696: +CACHEDPARAM [/rosout_disable_topics_generation] by /tiago_position_with_depth
[rosmaster.master][INFO] 2025-12-18 11:40:15,720: +CACHEDPARAM [/rosout_disable_topics_generation] by /tiago_position_with_depth
[rosmaster.master][INFO] 2025-12-18 11:40:18,527: +CACHEDPARAM [/rosout_disable_topics_generation] by /tuck_arm
[rosmaster.master][INFO] 2025-12-18 11:40:18,548: -SUB [/clock] /tuck_arm http://127.0.0.1:38119/
[rosmaster.master][INFO] 2025-12-18 11:40:18,550: -SUB [/play_motion/status] /tuck_arm http://127.0.0.1:38119/
[rosmaster.master][INFO] 2025-12-18 11:40:18,551: -SUB [/play_motion/result] /tuck_arm http://127.0.0.1:38119/
[rosmaster.master][INFO] 2025-12-18 11:40:18,551: -SUB [/play_motion/feedback] /tuck_arm http://127.0.0.1:38119/
[rosmaster.master][INFO] 2025-12-18 11:40:18,551: -PUB [/rosout] /tuck_arm http://127.0.0.1:38119/
[rosmaster.master][INFO] 2025-12-18 11:40:18,551: -PUB [/play_motion/goal] /tuck_arm http://127.0.0.1:38119/
[rosmaster.master][INFO] 2025-12-18 11:40:18,552: -PUB [/play_motion/cancel] /tuck_arm http://127.0.0.1:38119/
[rosmaster.master][INFO] 2025-12-18 11:40:18,552: -SERVICE [/tuck_arm/get_loggers] /tuck_arm rosrpc://127.0.0.1:40743
[rosmaster.master][INFO] 2025-12-18 11:40:18,552: -SERVICE [/tuck_arm/set_logger_level] /tuck_arm rosrpc://127.0.0.1:40743
[rosmaster.master][INFO] 2025-12-18 11:40:18,635: publisherUpdate[/rosout] -> http://127.0.0.1:38997/ ['http://127.0.0.1:34545/', 'http://127.0.0.1:33609/', 'http://127.0.0.1:35333/', 'http://127.0.0.1:36289/', 'http://127.0.0.1:35471/', 'http://127.0.0.1:37485/', 'http://127.0.0.1:39321/', 'http://127.0.0.1:43249/', 'http://127.0.0.1:46097/', 'http://127.0.0.1:36505/', 'http://127.0.0.1:40365/', 'http://127.0.0.1:33709/', 'http://127.0.0.1:33031/', 'http://127.0.0.1:46085/', 'http://127.0.0.1:36121/', 'http://127.0.0.1:34305/', 'http://127.0.0.1:40891/', 'http://127.0.0.1:34169/', 'http://127.0.0.1:43317/', 'http://127.0.0.1:45155/']
[rosmaster.master][INFO] 2025-12-18 11:40:18,641: publisherUpdate[/rosout] -> http://127.0.0.1:38997/ ['http://127.0.0.1:34545/', 'http://127.0.0.1:33609/', 'http://127.0.0.1:35333/', 'http://127.0.0.1:36289/', 'http://127.0.0.1:35471/', 'http://127.0.0.1:37485/', 'http://127.0.0.1:39321/', 'http://127.0.0.1:43249/', 'http://127.0.0.1:46097/', 'http://127.0.0.1:36505/', 'http://127.0.0.1:40365/', 'http://127.0.0.1:33709/', 'http://127.0.0.1:33031/', 'http://127.0.0.1:46085/', 'http://127.0.0.1:36121/', 'http://127.0.0.1:34305/', 'http://127.0.0.1:40891/', 'http://127.0.0.1:34169/', 'http://127.0.0.1:43317/', 'http://127.0.0.1:45155/']: sec=0.01, result=[1, '', 0]
[rosmaster.master][INFO] 2025-12-18 11:40:18,642: publisherUpdate[/play_motion/goal] -> http://127.0.0.1:35333/ []
[rosmaster.master][INFO] 2025-12-18 11:40:18,657: publisherUpdate[/play_motion/goal] -> http://127.0.0.1:35333/ []: sec=0.01, result=[1, '', 0]
[rosmaster.master][INFO] 2025-12-18 11:40:18,659: publisherUpdate[/play_motion/cancel] -> http://127.0.0.1:35333/ []
[rosmaster.master][INFO] 2025-12-18 11:40:18,669: publisherUpdate[/play_motion/cancel] -> http://127.0.0.1:35333/ []: sec=0.01, result=[1, '', 0]
[rosmaster.master][INFO] 2025-12-18 11:40:23,216: +CACHEDPARAM [/rosout_disable_topics_generation] by /tiago_position_with_depth
[rosmaster.master][INFO] 2025-12-18 11:41:18,634: +CACHEDPARAM [/rosout_disable_topics_generation] by /tiago_position_with_depth
[rosmaster.master][INFO] 2025-12-18 11:41:18,660: +CACHEDPARAM [/rosout_disable_topics_generation] by /tiago_position_with_depth
[rosmaster.master][INFO] 2025-12-18 11:41:18,677: +CACHEDPARAM [/rosout_disable_topics_generation] by /tiago_position_with_depth
[rosmaster.master][INFO] 2025-12-18 11:41:18,693: +CACHEDPARAM [/rosout_disable_topics_generation] by /tiago_position_with_depth
[rosmaster.master][INFO] 2025-12-18 11:41:18,712: +CACHEDPARAM [/rosout_disable_topics_generation] by /tiago_position_with_depth
[rosmaster.master][INFO] 2025-12-18 11:41:28,852: +CACHEDPARAM [/rosout_disable_topics_generation] by /tiago_position_with_depth
[rosmaster.master][INFO] 2025-12-18 11:41:28,904: -PUB [/rosout] /move_group_commander_wrappers_1766054412682945705 http://127.0.0.1:45155/
[rosmaster.master][INFO] 2025-12-18 11:41:28,906: publisherUpdate[/rosout] -> http://127.0.0.1:38997/ ['http://127.0.0.1:34545/', 'http://127.0.0.1:33609/', 'http://127.0.0.1:35333/', 'http://127.0.0.1:36289/', 'http://127.0.0.1:35471/', 'http://127.0.0.1:37485/', 'http://127.0.0.1:39321/', 'http://127.0.0.1:43249/', 'http://127.0.0.1:46097/', 'http://127.0.0.1:36505/', 'http://127.0.0.1:40365/', 'http://127.0.0.1:33709/', 'http://127.0.0.1:33031/', 'http://127.0.0.1:46085/', 'http://127.0.0.1:36121/', 'http://127.0.0.1:34305/', 'http://127.0.0.1:40891/', 'http://127.0.0.1:34169/', 'http://127.0.0.1:43317/']
[rosmaster.master][INFO] 2025-12-18 11:41:28,912: -PUB [/trajectory_execution_event] /move_group_commander_wrappers_1766054412682945705 http://127.0.0.1:45155/
[rosmaster.master][INFO] 2025-12-18 11:41:28,918: publisherUpdate[/rosout] -> http://127.0.0.1:38997/ ['http://127.0.0.1:34545/', 'http://127.0.0.1:33609/', 'http://127.0.0.1:35333/', 'http://127.0.0.1:36289/', 'http://127.0.0.1:35471/', 'http://127.0.0.1:37485/', 'http://127.0.0.1:39321/', 'http://127.0.0.1:43249/', 'http://127.0.0.1:46097/', 'http://127.0.0.1:36505/', 'http://127.0.0.1:40365/', 'http://127.0.0.1:33709/', 'http://127.0.0.1:33031/', 'http://127.0.0.1:46085/', 'http://127.0.0.1:36121/', 'http://127.0.0.1:34305/', 'http://127.0.0.1:40891/', 'http://127.0.0.1:34169/', 'http://127.0.0.1:43317/']: sec=0.01, result=[1, '', 0]
[rosmaster.master][INFO] 2025-12-18 11:41:28,920: publisherUpdate[/trajectory_execution_event] -> http://127.0.0.1:39321/ ['http://127.0.0.1:35333/']
[rosmaster.master][INFO] 2025-12-18 11:41:28,924: publisherUpdate[/trajectory_execution_event] -> http://127.0.0.1:39321/ ['http://127.0.0.1:35333/']: sec=0.00, result=[1, '', 0]
[rosmaster.master][INFO] 2025-12-18 11:41:28,925: -PUB [/attached_collision_object] /move_group_commander_wrappers_1766054412682945705 http://127.0.0.1:45155/
[rosmaster.master][INFO] 2025-12-18 11:41:28,930: publisherUpdate[/attached_collision_object] -> http://127.0.0.1:39321/ ['http://127.0.0.1:35333/']
[rosmaster.master][INFO] 2025-12-18 11:41:28,939: -PUB [/move_group/goal] /move_group_commander_wrappers_1766054412682945705 http://127.0.0.1:45155/
[rosmaster.master][INFO] 2025-12-18 11:41:28,941: publisherUpdate[/attached_collision_object] -> http://127.0.0.1:39321/ ['http://127.0.0.1:35333/']: sec=0.00, result=[1, '', 0]
[rosmaster.master][INFO] 2025-12-18 11:41:28,941: publisherUpdate[/move_group/goal] -> http://127.0.0.1:39321/ ['http://127.0.0.1:35333/']
[rosmaster.master][INFO] 2025-12-18 11:41:28,942: -PUB [/move_group/cancel] /move_group_commander_wrappers_1766054412682945705 http://127.0.0.1:45155/
[rosmaster.master][INFO] 2025-12-18 11:41:28,944: -PUB [/pickup/goal] /move_group_commander_wrappers_1766054412682945705 http://127.0.0.1:45155/
[rosmaster.master][INFO] 2025-12-18 11:41:28,945: publisherUpdate[/move_group/goal] -> http://127.0.0.1:39321/ ['http://127.0.0.1:35333/']: sec=0.00, result=[1, '', 0]
[rosmaster.master][INFO] 2025-12-18 11:41:28,945: publisherUpdate[/move_group/cancel] -> http://127.0.0.1:39321/ ['http://127.0.0.1:35333/']
[rosmaster.master][INFO] 2025-12-18 11:41:28,947: publisherUpdate[/move_group/cancel] -> http://127.0.0.1:39321/ ['http://127.0.0.1:35333/']: sec=0.00, result=[1, '', 0]
[rosmaster.master][INFO] 2025-12-18 11:41:28,947: -PUB [/pickup/cancel] /move_group_commander_wrappers_1766054412682945705 http://127.0.0.1:45155/
[rosmaster.master][INFO] 2025-12-18 11:41:28,947: publisherUpdate[/pickup/goal] -> http://127.0.0.1:39321/ ['http://127.0.0.1:35333/']
[rosmaster.master][INFO] 2025-12-18 11:41:28,951: -PUB [/place/goal] /move_group_commander_wrappers_1766054412682945705 http://127.0.0.1:45155/
[rosmaster.master][INFO] 2025-12-18 11:41:28,961: publisherUpdate[/pickup/goal] -> http://127.0.0.1:39321/ ['http://127.0.0.1:35333/']: sec=0.01, result=[1, '', 0]
[rosmaster.master][INFO] 2025-12-18 11:41:28,965: publisherUpdate[/pickup/cancel] -> http://127.0.0.1:39321/ ['http://127.0.0.1:35333/']
[rosmaster.master][INFO] 2025-12-18 11:41:28,964: -PUB [/place/cancel] /move_group_commander_wrappers_1766054412682945705 http://127.0.0.1:45155/
[rosmaster.master][INFO] 2025-12-18 11:41:28,973: publisherUpdate[/pickup/cancel] -> http://127.0.0.1:39321/ ['http://127.0.0.1:35333/']: sec=0.01, result=[1, '', 0]
[rosmaster.master][INFO] 2025-12-18 11:41:28,976: publisherUpdate[/place/goal] -> http://127.0.0.1:39321/ ['http://127.0.0.1:35333/']
[rosmaster.master][INFO] 2025-12-18 11:41:28,976: -PUB [/execute_trajectory/goal] /move_group_commander_wrappers_1766054412682945705 http://127.0.0.1:45155/
[rosmaster.master][INFO] 2025-12-18 11:41:28,979: publisherUpdate[/place/goal] -> http://127.0.0.1:39321/ ['http://127.0.0.1:35333/']: sec=0.00, result=[1, '', 0]
[rosmaster.master][INFO] 2025-12-18 11:41:28,983: -PUB [/execute_trajectory/cancel] /move_group_commander_wrappers_1766054412682945705 http://127.0.0.1:45155/
[rosmaster.master][INFO] 2025-12-18 11:41:28,984: publisherUpdate[/place/cancel] -> http://127.0.0.1:39321/ ['http://127.0.0.1:35333/']
[rosmaster.master][INFO] 2025-12-18 11:41:28,986: -SUB [/clock] /move_group_commander_wrappers_1766054412682945705 http://127.0.0.1:45155/
[rosmaster.master][INFO] 2025-12-18 11:41:28,987: publisherUpdate[/place/cancel] -> http://127.0.0.1:39321/ ['http://127.0.0.1:35333/']: sec=0.00, result=[1, '', 0]
[rosmaster.master][INFO] 2025-12-18 11:41:28,988: publisherUpdate[/execute_trajectory/goal] -> http://127.0.0.1:39321/ ['http://127.0.0.1:35333/']
[rosmaster.master][INFO] 2025-12-18 11:41:29,004: publisherUpdate[/execute_trajectory/goal] -> http://127.0.0.1:39321/ ['http://127.0.0.1:35333/']: sec=0.01, result=[1, '', 0]
[rosmaster.master][INFO] 2025-12-18 11:41:29,005: publisherUpdate[/execute_trajectory/cancel] -> http://127.0.0.1:39321/ ['http://127.0.0.1:35333/']
[rosmaster.master][INFO] 2025-12-18 11:41:29,007: -SUB [/tf] /move_group_commander_wrappers_1766054412682945705 http://127.0.0.1:45155/
[rosmaster.master][INFO] 2025-12-18 11:41:29,016: publisherUpdate[/execute_trajectory/cancel] -> http://127.0.0.1:39321/ ['http://127.0.0.1:35333/']: sec=0.00, result=[1, '', 0]
[rosmaster.master][INFO] 2025-12-18 11:41:29,020: -SUB [/tf_static] /move_group_commander_wrappers_1766054412682945705 http://127.0.0.1:45155/
[rosmaster.master][INFO] 2025-12-18 11:41:29,021: -SUB [/move_group/status] /move_group_commander_wrappers_1766054412682945705 http://127.0.0.1:45155/
[rosmaster.master][INFO] 2025-12-18 11:41:29,022: -SUB [/move_group/feedback] /move_group_commander_wrappers_1766054412682945705 http://127.0.0.1:45155/
[rosmaster.master][INFO] 2025-12-18 11:41:29,025: -SUB [/move_group/result] /move_group_commander_wrappers_1766054412682945705 http://127.0.0.1:45155/
[rosmaster.master][INFO] 2025-12-18 11:41:29,030: -SUB [/pickup/status] /move_group_commander_wrappers_1766054412682945705 http://127.0.0.1:45155/
[rosmaster.master][INFO] 2025-12-18 11:41:29,034: -SUB [/pickup/feedback] /move_group_commander_wrappers_1766054412682945705 http://127.0.0.1:45155/
[rosmaster.master][INFO] 2025-12-18 11:41:29,036: -SUB [/pickup/result] /move_group_commander_wrappers_1766054412682945705 http://127.0.0.1:45155/
[rosmaster.master][INFO] 2025-12-18 11:41:29,039: -SUB [/place/status] /move_group_commander_wrappers_1766054412682945705 http://127.0.0.1:45155/
[rosmaster.master][INFO] 2025-12-18 11:41:29,043: -SUB [/place/feedback] /move_group_commander_wrappers_1766054412682945705 http://127.0.0.1:45155/
[rosmaster.master][INFO] 2025-12-18 11:41:29,048: -SUB [/place/result] /move_group_commander_wrappers_1766054412682945705 http://127.0.0.1:45155/
[rosmaster.master][INFO] 2025-12-18 11:41:29,051: -SUB [/execute_trajectory/status] /move_group_commander_wrappers_1766054412682945705 http://127.0.0.1:45155/
[rosmaster.master][INFO] 2025-12-18 11:41:29,052: -SUB [/execute_trajectory/feedback] /move_group_commander_wrappers_1766054412682945705 http://127.0.0.1:45155/
[rosmaster.master][INFO] 2025-12-18 11:41:29,053: -SUB [/execute_trajectory/result] /move_group_commander_wrappers_1766054412682945705 http://127.0.0.1:45155/
[rosmaster.master][INFO] 2025-12-18 11:41:29,055: -SERVICE [/move_group_commander_wrappers_1766054412682945705/get_loggers] /move_group_commander_wrappers_1766054412682945705 rosrpc://127.0.0.1:35225
[rosmaster.master][INFO] 2025-12-18 11:41:29,055: -SERVICE [/move_group_commander_wrappers_1766054412682945705/set_logger_level] /move_group_commander_wrappers_1766054412682945705 rosrpc://127.0.0.1:35225
[rosmaster.master][INFO] 2025-12-18 11:41:29,056: -CACHEDPARAM [/rosout_disable_topics_generation] by /move_group_commander_wrappers_1766054412682945705
[rosmaster.master][INFO] 2025-12-18 11:41:29,174: -SUB [/clock] /tiago_position_with_depth http://127.0.0.1:43317/
[rosmaster.master][INFO] 2025-12-18 11:41:29,177: -SUB [/tf] /tiago_position_with_depth http://127.0.0.1:43317/
[rosmaster.master][INFO] 2025-12-18 11:41:29,179: -SUB [/tf_static] /tiago_position_with_depth http://127.0.0.1:43317/
[rosmaster.master][INFO] 2025-12-18 11:41:29,181: -PUB [/rosout] /tiago_position_with_depth http://127.0.0.1:43317/
[rosmaster.master][INFO] 2025-12-18 11:41:29,182: -SERVICE [/tiago_position_with_depth/get_loggers] /tiago_position_with_depth rosrpc://127.0.0.1:41779
[rosmaster.master][INFO] 2025-12-18 11:41:29,184: -SERVICE [/tiago_position_with_depth/set_logger_level] /tiago_position_with_depth rosrpc://127.0.0.1:41779
[rosmaster.master][INFO] 2025-12-18 11:41:29,186: -SERVICE [/tiago_position_with_depth/tf2_frames] /tiago_position_with_depth rosrpc://127.0.0.1:41779
[rosmaster.master][INFO] 2025-12-18 11:41:29,217: publisherUpdate[/rosout] -> http://127.0.0.1:38997/ ['http://127.0.0.1:34545/', 'http://127.0.0.1:33609/', 'http://127.0.0.1:35333/', 'http://127.0.0.1:36289/', 'http://127.0.0.1:35471/', 'http://127.0.0.1:37485/', 'http://127.0.0.1:39321/', 'http://127.0.0.1:43249/', 'http://127.0.0.1:46097/', 'http://127.0.0.1:36505/', 'http://127.0.0.1:40365/', 'http://127.0.0.1:33709/', 'http://127.0.0.1:33031/', 'http://127.0.0.1:46085/', 'http://127.0.0.1:36121/', 'http://127.0.0.1:34305/', 'http://127.0.0.1:40891/', 'http://127.0.0.1:34169/']
[rosmaster.master][INFO] 2025-12-18 11:41:29,224: publisherUpdate[/rosout] -> http://127.0.0.1:38997/ ['http://127.0.0.1:34545/', 'http://127.0.0.1:33609/', 'http://127.0.0.1:35333/', 'http://127.0.0.1:36289/', 'http://127.0.0.1:35471/', 'http://127.0.0.1:37485/', 'http://127.0.0.1:39321/', 'http://127.0.0.1:43249/', 'http://127.0.0.1:46097/', 'http://127.0.0.1:36505/', 'http://127.0.0.1:40365/', 'http://127.0.0.1:33709/', 'http://127.0.0.1:33031/', 'http://127.0.0.1:46085/', 'http://127.0.0.1:36121/', 'http://127.0.0.1:34305/', 'http://127.0.0.1:40891/', 'http://127.0.0.1:34169/']: sec=0.01, result=[1, '', 0]
[rosmaster.master][INFO] 2025-12-18 11:59:49,064: +PUB [/rosout] /tiago_position_with_depth http://127.0.0.1:41211/
[rosmaster.master][INFO] 2025-12-18 11:59:49,088: +SUB [/clock] /tiago_position_with_depth http://127.0.0.1:41211/
[rosmaster.master][INFO] 2025-12-18 11:59:49,104: +SERVICE [/tiago_position_with_depth/get_loggers] /tiago_position_with_depth http://127.0.0.1:41211/
[rosmaster.master][INFO] 2025-12-18 11:59:49,112: +SERVICE [/tiago_position_with_depth/set_logger_level] /tiago_position_with_depth http://127.0.0.1:41211/
[rosmaster.master][INFO] 2025-12-18 11:59:49,137: publisherUpdate[/rosout] -> http://127.0.0.1:38997/ ['http://127.0.0.1:34545/', 'http://127.0.0.1:33609/', 'http://127.0.0.1:35333/', 'http://127.0.0.1:36289/', 'http://127.0.0.1:35471/', 'http://127.0.0.1:37485/', 'http://127.0.0.1:39321/', 'http://127.0.0.1:43249/', 'http://127.0.0.1:46097/', 'http://127.0.0.1:36505/', 'http://127.0.0.1:40365/', 'http://127.0.0.1:33709/', 'http://127.0.0.1:33031/', 'http://127.0.0.1:46085/', 'http://127.0.0.1:36121/', 'http://127.0.0.1:34305/', 'http://127.0.0.1:40891/', 'http://127.0.0.1:34169/', 'http://127.0.0.1:41211/']
[rosmaster.master][INFO] 2025-12-18 11:59:49,149: +PUB [/rosout] /move_group_commander_wrappers_1766055589113535988 http://127.0.0.1:36035/
[rosmaster.master][INFO] 2025-12-18 11:59:49,152: publisherUpdate[/rosout] -> http://127.0.0.1:38997/ ['http://127.0.0.1:34545/', 'http://127.0.0.1:33609/', 'http://127.0.0.1:35333/', 'http://127.0.0.1:36289/', 'http://127.0.0.1:35471/', 'http://127.0.0.1:37485/', 'http://127.0.0.1:39321/', 'http://127.0.0.1:43249/', 'http://127.0.0.1:46097/', 'http://127.0.0.1:36505/', 'http://127.0.0.1:40365/', 'http://127.0.0.1:33709/', 'http://127.0.0.1:33031/', 'http://127.0.0.1:46085/', 'http://127.0.0.1:36121/', 'http://127.0.0.1:34305/', 'http://127.0.0.1:40891/', 'http://127.0.0.1:34169/', 'http://127.0.0.1:41211/']: sec=0.01, result=[1, '', 0]
[rosmaster.master][INFO] 2025-12-18 11:59:49,152: publisherUpdate[/rosout] -> http://127.0.0.1:38997/ ['http://127.0.0.1:34545/', 'http://127.0.0.1:33609/', 'http://127.0.0.1:35333/', 'http://127.0.0.1:36289/', 'http://127.0.0.1:35471/', 'http://127.0.0.1:37485/', 'http://127.0.0.1:39321/', 'http://127.0.0.1:43249/', 'http://127.0.0.1:46097/', 'http://127.0.0.1:36505/', 'http://127.0.0.1:40365/', 'http://127.0.0.1:33709/', 'http://127.0.0.1:33031/', 'http://127.0.0.1:46085/', 'http://127.0.0.1:36121/', 'http://127.0.0.1:34305/', 'http://127.0.0.1:40891/', 'http://127.0.0.1:34169/', 'http://127.0.0.1:41211/', 'http://127.0.0.1:36035/']
[rosmaster.master][INFO] 2025-12-18 11:59:49,155: +SERVICE [/move_group_commander_wrappers_1766055589113535988/get_loggers] /move_group_commander_wrappers_1766055589113535988 http://127.0.0.1:36035/
[rosmaster.master][INFO] 2025-12-18 11:59:49,163: +SERVICE [/move_group_commander_wrappers_1766055589113535988/set_logger_level] /move_group_commander_wrappers_1766055589113535988 http://127.0.0.1:36035/
[rosmaster.master][INFO] 2025-12-18 11:59:49,165: publisherUpdate[/rosout] -> http://127.0.0.1:38997/ ['http://127.0.0.1:34545/', 'http://127.0.0.1:33609/', 'http://127.0.0.1:35333/', 'http://127.0.0.1:36289/', 'http://127.0.0.1:35471/', 'http://127.0.0.1:37485/', 'http://127.0.0.1:39321/', 'http://127.0.0.1:43249/', 'http://127.0.0.1:46097/', 'http://127.0.0.1:36505/', 'http://127.0.0.1:40365/', 'http://127.0.0.1:33709/', 'http://127.0.0.1:33031/', 'http://127.0.0.1:46085/', 'http://127.0.0.1:36121/', 'http://127.0.0.1:34305/', 'http://127.0.0.1:40891/', 'http://127.0.0.1:34169/', 'http://127.0.0.1:41211/', 'http://127.0.0.1:36035/']: sec=0.01, result=[1, '', 0]
[rosmaster.master][INFO] 2025-12-18 11:59:49,179: +SUB [/clock] /move_group_commander_wrappers_1766055589113535988 http://127.0.0.1:36035/
[rosmaster.master][INFO] 2025-12-18 11:59:49,193: +SUB [/tf] /move_group_commander_wrappers_1766055589113535988 http://127.0.0.1:36035/
[rosmaster.master][INFO] 2025-12-18 11:59:49,210: +SUB [/tf_static] /move_group_commander_wrappers_1766055589113535988 http://127.0.0.1:36035/
[rosmaster.master][INFO] 2025-12-18 11:59:49,261: +CACHEDPARAM [/rosout_disable_topics_generation] by /move_group_commander_wrappers_1766055589113535988
[rosmaster.master][INFO] 2025-12-18 11:59:50,270: +PUB [/trajectory_execution_event] /move_group_commander_wrappers_1766055589113535988 http://127.0.0.1:36035/
[rosmaster.master][INFO] 2025-12-18 11:59:50,273: publisherUpdate[/trajectory_execution_event] -> http://127.0.0.1:39321/ ['http://127.0.0.1:35333/', 'http://127.0.0.1:36035/']
[rosmaster.master][INFO] 2025-12-18 11:59:50,278: publisherUpdate[/trajectory_execution_event] -> http://127.0.0.1:39321/ ['http://127.0.0.1:35333/', 'http://127.0.0.1:36035/']: sec=0.00, result=[1, '', 0]
[rosmaster.master][INFO] 2025-12-18 11:59:50,276: +PUB [/attached_collision_object] /move_group_commander_wrappers_1766055589113535988 http://127.0.0.1:36035/
[rosmaster.master][INFO] 2025-12-18 11:59:50,278: publisherUpdate[/attached_collision_object] -> http://127.0.0.1:39321/ ['http://127.0.0.1:35333/', 'http://127.0.0.1:36035/']
[rosmaster.master][INFO] 2025-12-18 11:59:50,294: publisherUpdate[/attached_collision_object] -> http://127.0.0.1:39321/ ['http://127.0.0.1:35333/', 'http://127.0.0.1:36035/']: sec=0.01, result=[1, '', 0]
[rosmaster.master][INFO] 2025-12-18 11:59:50,305: +SUB [/move_group/status] /move_group_commander_wrappers_1766055589113535988 http://127.0.0.1:36035/
[rosmaster.master][INFO] 2025-12-18 11:59:50,322: +SUB [/move_group/feedback] /move_group_commander_wrappers_1766055589113535988 http://127.0.0.1:36035/
[rosmaster.master][INFO] 2025-12-18 11:59:50,345: +SUB [/move_group/result] /move_group_commander_wrappers_1766055589113535988 http://127.0.0.1:36035/
[rosmaster.master][INFO] 2025-12-18 11:59:50,348: +PUB [/move_group/goal] /move_group_commander_wrappers_1766055589113535988 http://127.0.0.1:36035/
[rosmaster.master][INFO] 2025-12-18 11:59:50,351: +PUB [/move_group/cancel] /move_group_commander_wrappers_1766055589113535988 http://127.0.0.1:36035/
[rosmaster.master][INFO] 2025-12-18 11:59:50,377: publisherUpdate[/move_group/goal] -> http://127.0.0.1:39321/ ['http://127.0.0.1:35333/', 'http://127.0.0.1:36035/']
[rosmaster.master][INFO] 2025-12-18 11:59:50,385: publisherUpdate[/move_group/goal] -> http://127.0.0.1:39321/ ['http://127.0.0.1:35333/', 'http://127.0.0.1:36035/']: sec=0.01, result=[1, '', 0]
[rosmaster.master][INFO] 2025-12-18 11:59:50,385: publisherUpdate[/move_group/cancel] -> http://127.0.0.1:39321/ ['http://127.0.0.1:35333/', 'http://127.0.0.1:36035/']
[rosmaster.master][INFO] 2025-12-18 11:59:50,387: publisherUpdate[/move_group/cancel] -> http://127.0.0.1:39321/ ['http://127.0.0.1:35333/', 'http://127.0.0.1:36035/']: sec=0.00, result=[1, '', 0]
[rosmaster.master][INFO] 2025-12-18 11:59:50,614: +SUB [/pickup/status] /move_group_commander_wrappers_1766055589113535988 http://127.0.0.1:36035/
[rosmaster.master][INFO] 2025-12-18 11:59:50,623: +SUB [/pickup/feedback] /move_group_commander_wrappers_1766055589113535988 http://127.0.0.1:36035/
[rosmaster.master][INFO] 2025-12-18 11:59:50,640: +SUB [/pickup/result] /move_group_commander_wrappers_1766055589113535988 http://127.0.0.1:36035/
[rosmaster.master][INFO] 2025-12-18 11:59:50,641: +PUB [/pickup/goal] /move_group_commander_wrappers_1766055589113535988 http://127.0.0.1:36035/
[rosmaster.master][INFO] 2025-12-18 11:59:50,643: +PUB [/pickup/cancel] /move_group_commander_wrappers_1766055589113535988 http://127.0.0.1:36035/
[rosmaster.master][INFO] 2025-12-18 11:59:50,680: publisherUpdate[/pickup/goal] -> http://127.0.0.1:39321/ ['http://127.0.0.1:35333/', 'http://127.0.0.1:36035/']
[rosmaster.master][INFO] 2025-12-18 11:59:50,685: publisherUpdate[/pickup/goal] -> http://127.0.0.1:39321/ ['http://127.0.0.1:35333/', 'http://127.0.0.1:36035/']: sec=0.00, result=[1, '', 0]
[rosmaster.master][INFO] 2025-12-18 11:59:50,686: publisherUpdate[/pickup/cancel] -> http://127.0.0.1:39321/ ['http://127.0.0.1:35333/', 'http://127.0.0.1:36035/']
[rosmaster.master][INFO] 2025-12-18 11:59:50,687: publisherUpdate[/pickup/cancel] -> http://127.0.0.1:39321/ ['http://127.0.0.1:35333/', 'http://127.0.0.1:36035/']: sec=0.00, result=[1, '', 0]
[rosmaster.master][INFO] 2025-12-18 11:59:50,938: +SUB [/place/status] /move_group_commander_wrappers_1766055589113535988 http://127.0.0.1:36035/
[rosmaster.master][INFO] 2025-12-18 11:59:50,956: +SUB [/place/feedback] /move_group_commander_wrappers_1766055589113535988 http://127.0.0.1:36035/
[rosmaster.master][INFO] 2025-12-18 11:59:50,978: +SUB [/place/result] /move_group_commander_wrappers_1766055589113535988 http://127.0.0.1:36035/
[rosmaster.master][INFO] 2025-12-18 11:59:50,984: +PUB [/place/goal] /move_group_commander_wrappers_1766055589113535988 http://127.0.0.1:36035/
[rosmaster.master][INFO] 2025-12-18 11:59:50,985: +PUB [/place/cancel] /move_group_commander_wrappers_1766055589113535988 http://127.0.0.1:36035/
[rosmaster.master][INFO] 2025-12-18 11:59:50,994: publisherUpdate[/place/goal] -> http://127.0.0.1:39321/ ['http://127.0.0.1:35333/', 'http://127.0.0.1:36035/']
[rosmaster.master][INFO] 2025-12-18 11:59:51,001: publisherUpdate[/place/goal] -> http://127.0.0.1:39321/ ['http://127.0.0.1:35333/', 'http://127.0.0.1:36035/']: sec=0.01, result=[1, '', 0]
[rosmaster.master][INFO] 2025-12-18 11:59:51,002: publisherUpdate[/place/cancel] -> http://127.0.0.1:39321/ ['http://127.0.0.1:35333/', 'http://127.0.0.1:36035/']
[rosmaster.master][INFO] 2025-12-18 11:59:51,005: publisherUpdate[/place/cancel] -> http://127.0.0.1:39321/ ['http://127.0.0.1:35333/', 'http://127.0.0.1:36035/']: sec=0.00, result=[1, '', 0]
[rosmaster.master][INFO] 2025-12-18 11:59:51,230: +SUB [/execute_trajectory/status] /move_group_commander_wrappers_1766055589113535988 http://127.0.0.1:36035/
[rosmaster.master][INFO] 2025-12-18 11:59:51,238: +SUB [/execute_trajectory/feedback] /move_group_commander_wrappers_1766055589113535988 http://127.0.0.1:36035/
[rosmaster.master][INFO] 2025-12-18 11:59:51,258: +SUB [/execute_trajectory/result] /move_group_commander_wrappers_1766055589113535988 http://127.0.0.1:36035/
[rosmaster.master][INFO] 2025-12-18 11:59:51,259: +PUB [/execute_trajectory/goal] /move_group_commander_wrappers_1766055589113535988 http://127.0.0.1:36035/
[rosmaster.master][INFO] 2025-12-18 11:59:51,260: +PUB [/execute_trajectory/cancel] /move_group_commander_wrappers_1766055589113535988 http://127.0.0.1:36035/
[rosmaster.master][INFO] 2025-12-18 11:59:51,297: publisherUpdate[/execute_trajectory/goal] -> http://127.0.0.1:39321/ ['http://127.0.0.1:35333/', 'http://127.0.0.1:36035/']
[rosmaster.master][INFO] 2025-12-18 11:59:51,300: publisherUpdate[/execute_trajectory/goal] -> http://127.0.0.1:39321/ ['http://127.0.0.1:35333/', 'http://127.0.0.1:36035/']: sec=0.00, result=[1, '', 0]
[rosmaster.master][INFO] 2025-12-18 11:59:51,301: publisherUpdate[/execute_trajectory/cancel] -> http://127.0.0.1:39321/ ['http://127.0.0.1:35333/', 'http://127.0.0.1:36035/']
[rosmaster.master][INFO] 2025-12-18 11:59:51,310: publisherUpdate[/execute_trajectory/cancel] -> http://127.0.0.1:39321/ ['http://127.0.0.1:35333/', 'http://127.0.0.1:36035/']: sec=0.01, result=[1, '', 0]
[rosmaster.master][INFO] 2025-12-18 11:59:51,524: +SERVICE [/tiago_position_with_depth/tf2_frames] /tiago_position_with_depth http://127.0.0.1:41211/
[rosmaster.master][INFO] 2025-12-18 11:59:51,539: +SUB [/tf] /tiago_position_with_depth http://127.0.0.1:41211/
[rosmaster.master][INFO] 2025-12-18 11:59:51,548: +SUB [/tf_static] /tiago_position_with_depth http://127.0.0.1:41211/
[rosmaster.master][INFO] 2025-12-18 11:59:51,551: +PUB [/mobile_base_controller/cmd_vel] /tiago_position_with_depth http://127.0.0.1:41211/
[rosmaster.master][INFO] 2025-12-18 11:59:51,600: publisherUpdate[/mobile_base_controller/cmd_vel] -> http://127.0.0.1:37485/ ['http://127.0.0.1:35471/', 'http://127.0.0.1:41211/']
[rosmaster.master][INFO] 2025-12-18 11:59:51,611: publisherUpdate[/mobile_base_controller/cmd_vel] -> http://127.0.0.1:37485/ ['http://127.0.0.1:35471/', 'http://127.0.0.1:41211/']: sec=0.01, result=[1, '', 0]
[rosmaster.master][INFO] 2025-12-18 11:59:51,614: publisherUpdate[/mobile_base_controller/cmd_vel] -> http://127.0.0.1:46085/ ['http://127.0.0.1:35471/', 'http://127.0.0.1:41211/']
[rosmaster.master][INFO] 2025-12-18 11:59:51,622: publisherUpdate[/mobile_base_controller/cmd_vel] -> http://127.0.0.1:46085/ ['http://127.0.0.1:35471/', 'http://127.0.0.1:41211/']: sec=0.01, result=[1, '', 0]
[rosmaster.master][INFO] 2025-12-18 11:59:51,640: +CACHEDPARAM [/rosout_disable_topics_generation] by /tiago_position_with_depth
[rosmaster.master][INFO] 2025-12-18 11:59:51,646: +CACHEDPARAM [/rosout_disable_topics_generation] by /tiago_position_with_depth
[rosmaster.master][INFO] 2025-12-18 11:59:51,650: +CACHEDPARAM [/rosout_disable_topics_generation] by /tiago_position_with_depth
[rosmaster.master][INFO] 2025-12-18 11:59:59,548: +CACHEDPARAM [/rosout_disable_topics_generation] by /tiago_position_with_depth
[rosmaster.master][INFO] 2025-12-18 12:00:13,322: +CACHEDPARAM [/rosout_disable_topics_generation] by /tiago_position_with_depth
[rosmaster.master][INFO] 2025-12-18 12:00:13,348: +CACHEDPARAM [/rosout_disable_topics_generation] by /tiago_position_with_depth
[rosmaster.master][INFO] 2025-12-18 12:00:13,352: +CACHEDPARAM [/rosout_disable_topics_generation] by /tiago_position_with_depth
[rosmaster.master][INFO] 2025-12-18 12:00:13,369: +CACHEDPARAM [/rosout_disable_topics_generation] by /tiago_position_with_depth
[rosmaster.master][INFO] 2025-12-18 12:00:13,374: +CACHEDPARAM [/rosout_disable_topics_generation] by /tiago_position_with_depth
[rosmaster.master][INFO] 2025-12-18 12:00:13,393: +CACHEDPARAM [/rosout_disable_topics_generation] by /tiago_position_with_depth
[rosmaster.master][INFO] 2025-12-18 12:00:13,400: +CACHEDPARAM [/rosout_disable_topics_generation] by /tiago_position_with_depth
[rosmaster.master][INFO] 2025-12-18 12:00:13,410: +CACHEDPARAM [/rosout_disable_topics_generation] by /tiago_position_with_depth
[rosmaster.master][INFO] 2025-12-18 12:00:13,421: +CACHEDPARAM [/rosout_disable_topics_generation] by /tiago_position_with_depth
[rosmaster.master][INFO] 2025-12-18 12:00:13,425: +CACHEDPARAM [/rosout_disable_topics_generation] by /tiago_position_with_depth
[rosmaster.master][INFO] 2025-12-18 12:00:31,403: +CACHEDPARAM [/rosout_disable_topics_generation] by /tiago_position_with_depth
[rosmaster.master][INFO] 2025-12-18 12:00:31,421: +CACHEDPARAM [/rosout_disable_topics_generation] by /tiago_position_with_depth
[rosmaster.master][INFO] 2025-12-18 12:00:41,566: +CACHEDPARAM [/rosout_disable_topics_generation] by /tiago_position_with_depth
[rosmaster.master][INFO] 2025-12-18 12:00:41,573: +CACHEDPARAM [/rosout_disable_topics_generation] by /tiago_position_with_depth
[rosmaster.master][INFO] 2025-12-18 12:00:51,750: -PUB [/rosout] /move_group_commander_wrappers_1766055589113535988 http://127.0.0.1:36035/
[rosmaster.master][INFO] 2025-12-18 12:00:51,752: -PUB [/trajectory_execution_event] /move_group_commander_wrappers_1766055589113535988 http://127.0.0.1:36035/
[rosmaster.master][INFO] 2025-12-18 12:00:51,755: -PUB [/attached_collision_object] /move_group_commander_wrappers_1766055589113535988 http://127.0.0.1:36035/
[rosmaster.master][INFO] 2025-12-18 12:00:51,768: -PUB [/move_group/goal] /move_group_commander_wrappers_1766055589113535988 http://127.0.0.1:36035/
[rosmaster.master][INFO] 2025-12-18 12:00:51,770: -PUB [/move_group/cancel] /move_group_commander_wrappers_1766055589113535988 http://127.0.0.1:36035/
[rosmaster.master][INFO] 2025-12-18 12:00:51,772: -PUB [/pickup/goal] /move_group_commander_wrappers_1766055589113535988 http://127.0.0.1:36035/
[rosmaster.master][INFO] 2025-12-18 12:00:51,775: publisherUpdate[/rosout] -> http://127.0.0.1:38997/ ['http://127.0.0.1:34545/', 'http://127.0.0.1:33609/', 'http://127.0.0.1:35333/', 'http://127.0.0.1:36289/', 'http://127.0.0.1:35471/', 'http://127.0.0.1:37485/', 'http://127.0.0.1:39321/', 'http://127.0.0.1:43249/', 'http://127.0.0.1:46097/', 'http://127.0.0.1:36505/', 'http://127.0.0.1:40365/', 'http://127.0.0.1:33709/', 'http://127.0.0.1:33031/', 'http://127.0.0.1:46085/', 'http://127.0.0.1:36121/', 'http://127.0.0.1:34305/', 'http://127.0.0.1:40891/', 'http://127.0.0.1:34169/', 'http://127.0.0.1:41211/']
[rosmaster.master][INFO] 2025-12-18 12:00:51,777: -PUB [/pickup/cancel] /move_group_commander_wrappers_1766055589113535988 http://127.0.0.1:36035/
[rosmaster.master][INFO] 2025-12-18 12:00:51,786: publisherUpdate[/rosout] -> http://127.0.0.1:38997/ ['http://127.0.0.1:34545/', 'http://127.0.0.1:33609/', 'http://127.0.0.1:35333/', 'http://127.0.0.1:36289/', 'http://127.0.0.1:35471/', 'http://127.0.0.1:37485/', 'http://127.0.0.1:39321/', 'http://127.0.0.1:43249/', 'http://127.0.0.1:46097/', 'http://127.0.0.1:36505/', 'http://127.0.0.1:40365/', 'http://127.0.0.1:33709/', 'http://127.0.0.1:33031/', 'http://127.0.0.1:46085/', 'http://127.0.0.1:36121/', 'http://127.0.0.1:34305/', 'http://127.0.0.1:40891/', 'http://127.0.0.1:34169/', 'http://127.0.0.1:41211/']: sec=0.01, result=[1, '', 0]
[rosmaster.master][INFO] 2025-12-18 12:00:51,787: publisherUpdate[/trajectory_execution_event] -> http://127.0.0.1:39321/ ['http://127.0.0.1:35333/']
[rosmaster.master][INFO] 2025-12-18 12:00:51,792: -PUB [/place/goal] /move_group_commander_wrappers_1766055589113535988 http://127.0.0.1:36035/
[rosmaster.master][INFO] 2025-12-18 12:00:51,793: publisherUpdate[/trajectory_execution_event] -> http://127.0.0.1:39321/ ['http://127.0.0.1:35333/']: sec=0.00, result=[1, '', 0]
[rosmaster.master][INFO] 2025-12-18 12:00:51,793: publisherUpdate[/attached_collision_object] -> http://127.0.0.1:39321/ ['http://127.0.0.1:35333/']
[rosmaster.master][INFO] 2025-12-18 12:00:51,793: -PUB [/place/cancel] /move_group_commander_wrappers_1766055589113535988 http://127.0.0.1:36035/
[rosmaster.master][INFO] 2025-12-18 12:00:51,795: publisherUpdate[/attached_collision_object] -> http://127.0.0.1:39321/ ['http://127.0.0.1:35333/']: sec=0.00, result=[1, '', 0]
[rosmaster.master][INFO] 2025-12-18 12:00:51,796: publisherUpdate[/move_group/goal] -> http://127.0.0.1:39321/ ['http://127.0.0.1:35333/']
[rosmaster.master][INFO] 2025-12-18 12:00:51,796: -PUB [/execute_trajectory/goal] /move_group_commander_wrappers_1766055589113535988 http://127.0.0.1:36035/
[rosmaster.master][INFO] 2025-12-18 12:00:51,797: publisherUpdate[/move_group/goal] -> http://127.0.0.1:39321/ ['http://127.0.0.1:35333/']: sec=0.00, result=[1, '', 0]
[rosmaster.master][INFO] 2025-12-18 12:00:51,797: publisherUpdate[/move_group/cancel] -> http://127.0.0.1:39321/ ['http://127.0.0.1:35333/']
[rosmaster.master][INFO] 2025-12-18 12:00:51,798: -PUB [/execute_trajectory/cancel] /move_group_commander_wrappers_1766055589113535988 http://127.0.0.1:36035/
[rosmaster.master][INFO] 2025-12-18 12:00:51,799: publisherUpdate[/move_group/cancel] -> http://127.0.0.1:39321/ ['http://127.0.0.1:35333/']: sec=0.00, result=[1, '', 0]
[rosmaster.master][INFO] 2025-12-18 12:00:51,799: -SUB [/clock] /move_group_commander_wrappers_1766055589113535988 http://127.0.0.1:36035/
[rosmaster.master][INFO] 2025-12-18 12:00:51,800: publisherUpdate[/pickup/goal] -> http://127.0.0.1:39321/ ['http://127.0.0.1:35333/']
[rosmaster.master][INFO] 2025-12-18 12:00:51,804: -SUB [/tf] /move_group_commander_wrappers_1766055589113535988 http://127.0.0.1:36035/
[rosmaster.master][INFO] 2025-12-18 12:00:51,810: publisherUpdate[/pickup/goal] -> http://127.0.0.1:39321/ ['http://127.0.0.1:35333/']: sec=0.01, result=[1, '', 0]
[rosmaster.master][INFO] 2025-12-18 12:00:51,811: publisherUpdate[/pickup/cancel] -> http://127.0.0.1:39321/ ['http://127.0.0.1:35333/']
[rosmaster.master][INFO] 2025-12-18 12:00:51,814: -SUB [/tf_static] /move_group_commander_wrappers_1766055589113535988 http://127.0.0.1:36035/
[rosmaster.master][INFO] 2025-12-18 12:00:51,817: -SUB [/move_group/status] /move_group_commander_wrappers_1766055589113535988 http://127.0.0.1:36035/
[rosmaster.master][INFO] 2025-12-18 12:00:51,817: publisherUpdate[/pickup/cancel] -> http://127.0.0.1:39321/ ['http://127.0.0.1:35333/']: sec=0.00, result=[1, '', 0]
[rosmaster.master][INFO] 2025-12-18 12:00:51,818: -SUB [/move_group/feedback] /move_group_commander_wrappers_1766055589113535988 http://127.0.0.1:36035/
[rosmaster.master][INFO] 2025-12-18 12:00:51,818: publisherUpdate[/place/goal] -> http://127.0.0.1:39321/ ['http://127.0.0.1:35333/']
[rosmaster.master][INFO] 2025-12-18 12:00:51,820: -SUB [/move_group/result] /move_group_commander_wrappers_1766055589113535988 http://127.0.0.1:36035/
[rosmaster.master][INFO] 2025-12-18 12:00:51,831: publisherUpdate[/place/goal] -> http://127.0.0.1:39321/ ['http://127.0.0.1:35333/']: sec=0.01, result=[1, '', 0]
[rosmaster.master][INFO] 2025-12-18 12:00:51,835: -SUB [/pickup/status] /move_group_commander_wrappers_1766055589113535988 http://127.0.0.1:36035/
[rosmaster.master][INFO] 2025-12-18 12:00:51,836: publisherUpdate[/place/cancel] -> http://127.0.0.1:39321/ ['http://127.0.0.1:35333/']
[rosmaster.master][INFO] 2025-12-18 12:00:51,842: -SUB [/pickup/feedback] /move_group_commander_wrappers_1766055589113535988 http://127.0.0.1:36035/
[rosmaster.master][INFO] 2025-12-18 12:00:51,857: publisherUpdate[/place/cancel] -> http://127.0.0.1:39321/ ['http://127.0.0.1:35333/']: sec=0.02, result=[1, '', 0]
[rosmaster.master][INFO] 2025-12-18 12:00:51,858: -SUB [/pickup/result] /move_group_commander_wrappers_1766055589113535988 http://127.0.0.1:36035/
[rosmaster.master][INFO] 2025-12-18 12:00:51,859: publisherUpdate[/execute_trajectory/goal] -> http://127.0.0.1:39321/ ['http://127.0.0.1:35333/']
[rosmaster.master][INFO] 2025-12-18 12:00:51,862: -SUB [/place/status] /move_group_commander_wrappers_1766055589113535988 http://127.0.0.1:36035/
[rosmaster.master][INFO] 2025-12-18 12:00:51,868: publisherUpdate[/execute_trajectory/goal] -> http://127.0.0.1:39321/ ['http://127.0.0.1:35333/']: sec=0.01, result=[1, '', 0]
[rosmaster.master][INFO] 2025-12-18 12:00:51,871: publisherUpdate[/execute_trajectory/cancel] -> http://127.0.0.1:39321/ ['http://127.0.0.1:35333/']
[rosmaster.master][INFO] 2025-12-18 12:00:51,877: -SUB [/place/feedback] /move_group_commander_wrappers_1766055589113535988 http://127.0.0.1:36035/
[rosmaster.master][INFO] 2025-12-18 12:00:51,878: publisherUpdate[/execute_trajectory/cancel] -> http://127.0.0.1:39321/ ['http://127.0.0.1:35333/']: sec=0.01, result=[1, '', 0]
[rosmaster.master][INFO] 2025-12-18 12:00:51,879: -SUB [/place/result] /move_group_commander_wrappers_1766055589113535988 http://127.0.0.1:36035/
[rosmaster.master][INFO] 2025-12-18 12:00:51,884: -SUB [/execute_trajectory/status] /move_group_commander_wrappers_1766055589113535988 http://127.0.0.1:36035/
[rosmaster.master][INFO] 2025-12-18 12:00:51,897: -SUB [/execute_trajectory/feedback] /move_group_commander_wrappers_1766055589113535988 http://127.0.0.1:36035/
[rosmaster.master][INFO] 2025-12-18 12:00:51,903: -SUB [/execute_trajectory/result] /move_group_commander_wrappers_1766055589113535988 http://127.0.0.1:36035/
[rosmaster.master][INFO] 2025-12-18 12:00:51,908: -SERVICE [/move_group_commander_wrappers_1766055589113535988/get_loggers] /move_group_commander_wrappers_1766055589113535988 rosrpc://127.0.0.1:47917
[rosmaster.master][INFO] 2025-12-18 12:00:51,918: -SERVICE [/move_group_commander_wrappers_1766055589113535988/set_logger_level] /move_group_commander_wrappers_1766055589113535988 rosrpc://127.0.0.1:47917
[rosmaster.master][INFO] 2025-12-18 12:00:51,928: -CACHEDPARAM [/rosout_disable_topics_generation] by /move_group_commander_wrappers_1766055589113535988
[rosmaster.master][INFO] 2025-12-18 12:00:51,982: -SUB [/clock] /tiago_position_with_depth http://127.0.0.1:41211/
[rosmaster.master][INFO] 2025-12-18 12:00:51,986: -SUB [/tf] /tiago_position_with_depth http://127.0.0.1:41211/
[rosmaster.master][INFO] 2025-12-18 12:00:51,991: -SUB [/tf_static] /tiago_position_with_depth http://127.0.0.1:41211/
[rosmaster.master][INFO] 2025-12-18 12:00:51,993: -PUB [/rosout] /tiago_position_with_depth http://127.0.0.1:41211/
[rosmaster.master][INFO] 2025-12-18 12:00:51,997: -PUB [/mobile_base_controller/cmd_vel] /tiago_position_with_depth http://127.0.0.1:41211/
[rosmaster.master][INFO] 2025-12-18 12:00:51,999: -SERVICE [/tiago_position_with_depth/get_loggers] /tiago_position_with_depth rosrpc://127.0.0.1:45919
[rosmaster.master][INFO] 2025-12-18 12:00:52,000: -SERVICE [/tiago_position_with_depth/set_logger_level] /tiago_position_with_depth rosrpc://127.0.0.1:45919
[rosmaster.master][INFO] 2025-12-18 12:00:52,001: -SERVICE [/tiago_position_with_depth/tf2_frames] /tiago_position_with_depth rosrpc://127.0.0.1:45919
[rosmaster.master][INFO] 2025-12-18 12:00:52,019: publisherUpdate[/mobile_base_controller/cmd_vel] -> http://127.0.0.1:37485/ ['http://127.0.0.1:35471/']
[rosmaster.master][INFO] 2025-12-18 12:00:52,012: publisherUpdate[/rosout] -> http://127.0.0.1:38997/ ['http://127.0.0.1:34545/', 'http://127.0.0.1:33609/', 'http://127.0.0.1:35333/', 'http://127.0.0.1:36289/', 'http://127.0.0.1:35471/', 'http://127.0.0.1:37485/', 'http://127.0.0.1:39321/', 'http://127.0.0.1:43249/', 'http://127.0.0.1:46097/', 'http://127.0.0.1:36505/', 'http://127.0.0.1:40365/', 'http://127.0.0.1:33709/', 'http://127.0.0.1:33031/', 'http://127.0.0.1:46085/', 'http://127.0.0.1:36121/', 'http://127.0.0.1:34305/', 'http://127.0.0.1:40891/', 'http://127.0.0.1:34169/']
[rosmaster.master][INFO] 2025-12-18 12:00:52,025: publisherUpdate[/rosout] -> http://127.0.0.1:38997/ ['http://127.0.0.1:34545/', 'http://127.0.0.1:33609/', 'http://127.0.0.1:35333/', 'http://127.0.0.1:36289/', 'http://127.0.0.1:35471/', 'http://127.0.0.1:37485/', 'http://127.0.0.1:39321/', 'http://127.0.0.1:43249/', 'http://127.0.0.1:46097/', 'http://127.0.0.1:36505/', 'http://127.0.0.1:40365/', 'http://127.0.0.1:33709/', 'http://127.0.0.1:33031/', 'http://127.0.0.1:46085/', 'http://127.0.0.1:36121/', 'http://127.0.0.1:34305/', 'http://127.0.0.1:40891/', 'http://127.0.0.1:34169/']: sec=0.00, result=[1, '', 0]
[rosmaster.master][INFO] 2025-12-18 12:00:52,025: publisherUpdate[/mobile_base_controller/cmd_vel] -> http://127.0.0.1:46085/ ['http://127.0.0.1:35471/']
[rosmaster.master][INFO] 2025-12-18 12:00:52,028: publisherUpdate[/mobile_base_controller/cmd_vel] -> http://127.0.0.1:37485/ ['http://127.0.0.1:35471/']: sec=0.01, result=[1, '', 0]
[rosmaster.master][INFO] 2025-12-18 12:00:52,028: publisherUpdate[/mobile_base_controller/cmd_vel] -> http://127.0.0.1:46085/ ['http://127.0.0.1:35471/']: sec=0.00, result=[1, '', 0]
[rosmaster.master][INFO] 2025-12-18 12:01:31,290: -SUB [/clock] /dynamic_footprint_publisher http://127.0.0.1:33709/
[rosmaster.master][INFO] 2025-12-18 12:01:31,290: -SUB [/tf_stream/status] /dynamic_footprint_publisher http://127.0.0.1:33709/
[rosmaster.master][INFO] 2025-12-18 12:01:31,290: -SUB [/tf_stream/result] /dynamic_footprint_publisher http://127.0.0.1:33709/
[rosmaster.master][INFO] 2025-12-18 12:01:31,291: -SUB [/tf_stream/feedback] /dynamic_footprint_publisher http://127.0.0.1:33709/
[rosmaster.master][INFO] 2025-12-18 12:01:31,291: -SUB [/tfs_14594000000] /dynamic_footprint_publisher http://127.0.0.1:33709/
[rosmaster.master][INFO] 2025-12-18 12:01:31,293: -PUB [/rosout] /dynamic_footprint_publisher http://127.0.0.1:33709/
[rosmaster.master][INFO] 2025-12-18 12:01:31,293: -PUB [/tf_stream/goal] /dynamic_footprint_publisher http://127.0.0.1:33709/
[rosmaster.master][INFO] 2025-12-18 12:01:31,293: -PUB [/tf_stream/cancel] /dynamic_footprint_publisher http://127.0.0.1:33709/
[rosmaster.master][INFO] 2025-12-18 12:01:31,293: -PUB [/dynamic_footprint_publisher/footprint] /dynamic_footprint_publisher http://127.0.0.1:33709/
[rosmaster.master][INFO] 2025-12-18 12:01:31,293: -PUB [/dynamic_footprint_publisher/footprint_stamped] /dynamic_footprint_publisher http://127.0.0.1:33709/
[rosmaster.master][INFO] 2025-12-18 12:01:31,293: -SERVICE [/dynamic_footprint_publisher/get_loggers] /dynamic_footprint_publisher rosrpc://127.0.0.1:42481
[rosmaster.master][INFO] 2025-12-18 12:01:31,293: -SERVICE [/dynamic_footprint_publisher/set_logger_level] /dynamic_footprint_publisher rosrpc://127.0.0.1:42481
[rosmaster.master][INFO] 2025-12-18 12:01:31,294: -SERVICE [/dynamic_footprint_publisher/change_params] /dynamic_footprint_publisher rosrpc://127.0.0.1:42481
[rosmaster.master][INFO] 2025-12-18 12:01:31,320: publisherUpdate[/rosout] -> http://127.0.0.1:38997/ ['http://127.0.0.1:34545/', 'http://127.0.0.1:33609/', 'http://127.0.0.1:35333/', 'http://127.0.0.1:36289/', 'http://127.0.0.1:35471/', 'http://127.0.0.1:37485/', 'http://127.0.0.1:39321/', 'http://127.0.0.1:43249/', 'http://127.0.0.1:46097/', 'http://127.0.0.1:36505/', 'http://127.0.0.1:40365/', 'http://127.0.0.1:33031/', 'http://127.0.0.1:46085/', 'http://127.0.0.1:36121/', 'http://127.0.0.1:34305/', 'http://127.0.0.1:40891/', 'http://127.0.0.1:34169/']
[rosmaster.master][INFO] 2025-12-18 12:01:31,322: -SUB [/clock] /joystick_relay http://127.0.0.1:33031/
[rosmaster.master][INFO] 2025-12-18 12:01:31,327: -SUB [/input_joy/cmd_vel] /joystick_relay http://127.0.0.1:33031/
[rosmaster.master][INFO] 2025-12-18 12:01:31,335: -SUB [/joy_priority_action/goal] /joystick_relay http://127.0.0.1:33031/
[rosmaster.master][INFO] 2025-12-18 12:01:31,335: -SUB [/joy_priority_action/cancel] /joystick_relay http://127.0.0.1:33031/
[rosmaster.master][INFO] 2025-12-18 12:01:31,335: -SUB [/joy_turbo_increase/goal] /joystick_relay http://127.0.0.1:33031/
[rosmaster.master][INFO] 2025-12-18 12:01:31,336: -SUB [/joy_turbo_increase/cancel] /joystick_relay http://127.0.0.1:33031/
[rosmaster.master][INFO] 2025-12-18 12:01:31,335: publisherUpdate[/rosout] -> http://127.0.0.1:38997/ ['http://127.0.0.1:34545/', 'http://127.0.0.1:33609/', 'http://127.0.0.1:35333/', 'http://127.0.0.1:36289/', 'http://127.0.0.1:35471/', 'http://127.0.0.1:37485/', 'http://127.0.0.1:39321/', 'http://127.0.0.1:43249/', 'http://127.0.0.1:46097/', 'http://127.0.0.1:36505/', 'http://127.0.0.1:40365/', 'http://127.0.0.1:33031/', 'http://127.0.0.1:46085/', 'http://127.0.0.1:36121/', 'http://127.0.0.1:34305/', 'http://127.0.0.1:40891/', 'http://127.0.0.1:34169/']: sec=0.01, result=[1, '', 0]
[rosmaster.master][INFO] 2025-12-18 12:01:31,336: publisherUpdate[/tf_stream/goal] -> http://127.0.0.1:33609/ []
[rosmaster.master][INFO] 2025-12-18 12:01:31,336: -SUB [/joy_turbo_decrease/goal] /joystick_relay http://127.0.0.1:33031/
[rosmaster.master][INFO] 2025-12-18 12:01:31,337: -SUB [/joy_turbo_decrease/cancel] /joystick_relay http://127.0.0.1:33031/
[rosmaster.master][INFO] 2025-12-18 12:01:31,337: -SUB [/joy_turbo_angular_increase/goal] /joystick_relay http://127.0.0.1:33031/
[rosmaster.master][INFO] 2025-12-18 12:01:31,337: -SUB [/joy_turbo_angular_increase/cancel] /joystick_relay http://127.0.0.1:33031/
[rosmaster.master][INFO] 2025-12-18 12:01:31,337: -SUB [/joy_turbo_angular_decrease/goal] /joystick_relay http://127.0.0.1:33031/
[rosmaster.master][INFO] 2025-12-18 12:01:31,337: -SUB [/joy_turbo_angular_decrease/cancel] /joystick_relay http://127.0.0.1:33031/
[rosmaster.master][INFO] 2025-12-18 12:01:31,337: -SUB [/joy_turbo_reset/goal] /joystick_relay http://127.0.0.1:33031/
[rosmaster.master][INFO] 2025-12-18 12:01:31,337: -SUB [/joy_turbo_reset/cancel] /joystick_relay http://127.0.0.1:33031/
[rosmaster.master][INFO] 2025-12-18 12:01:31,338: -PUB [/rosout] /throttle_filtering_points http://127.0.0.1:46097/
[rosmaster.master][INFO] 2025-12-18 12:01:31,339: publisherUpdate[/tf_stream/goal] -> http://127.0.0.1:33609/ []: sec=0.00, result=[0, 'Error getting transform from arm_1_link to base_footprint at time: 0.000000000 : canTransform: source_frame arm_1_link does not exist.', 0]
[rosmaster.master][INFO] 2025-12-18 12:01:31,341: publisherUpdate[/tf_stream/cancel] -> http://127.0.0.1:33609/ []
[rosmaster.master][INFO] 2025-12-18 12:01:31,339: -PUB [/rosout] /joystick_relay http://127.0.0.1:33031/
[rosmaster.master][INFO] 2025-12-18 12:01:31,343: -PUB [/text_marker] /joystick_relay http://127.0.0.1:33031/
[rosmaster.master][INFO] 2025-12-18 12:01:31,343: -PUB [/joy_vel] /joystick_relay http://127.0.0.1:33031/
[rosmaster.master][INFO] 2025-12-18 12:01:31,343: -PUB [/joy_priority] /joystick_relay http://127.0.0.1:33031/
[rosmaster.master][INFO] 2025-12-18 12:01:31,344: -PUB [/joy_priority_action/status] /joystick_relay http://127.0.0.1:33031/
[rosmaster.master][INFO] 2025-12-18 12:01:31,344: publisherUpdate[/tf_stream/cancel] -> http://127.0.0.1:33609/ []: sec=0.00, result=[0, 'Error getting transform from arm_1_link to base_footprint at time: 0.000000000 : canTransform: source_frame arm_1_link does not exist.', 0]
[rosmaster.master][INFO] 2025-12-18 12:01:31,345: -PUB [/throttle_filtering_points/parameter_descriptions] /throttle_filtering_points http://127.0.0.1:46097/
[rosmaster.master][INFO] 2025-12-18 12:01:31,346: publisherUpdate[/rosout] -> http://127.0.0.1:38997/ ['http://127.0.0.1:34545/', 'http://127.0.0.1:33609/', 'http://127.0.0.1:35333/', 'http://127.0.0.1:36289/', 'http://127.0.0.1:35471/', 'http://127.0.0.1:37485/', 'http://127.0.0.1:39321/', 'http://127.0.0.1:43249/', 'http://127.0.0.1:36505/', 'http://127.0.0.1:40365/', 'http://127.0.0.1:33031/', 'http://127.0.0.1:46085/', 'http://127.0.0.1:36121/', 'http://127.0.0.1:34305/', 'http://127.0.0.1:40891/', 'http://127.0.0.1:34169/']
[rosmaster.master][INFO] 2025-12-18 12:01:31,347: publisherUpdate[/joy_vel] -> http://127.0.0.1:35471/ []
[rosmaster.master][INFO] 2025-12-18 12:01:31,355: -PUB [/joy_priority_action/result] /joystick_relay http://127.0.0.1:33031/
[rosmaster.master][INFO] 2025-12-18 12:01:31,360: -PUB [/throttle_filtering_points/parameter_updates] /throttle_filtering_points http://127.0.0.1:46097/
[rosmaster.master][INFO] 2025-12-18 12:01:31,361: -PUB [/joy_priority_action/feedback] /joystick_relay http://127.0.0.1:33031/
[rosmaster.master][INFO] 2025-12-18 12:01:31,363: -PUB [/joy_turbo_increase/status] /joystick_relay http://127.0.0.1:33031/
[rosmaster.master][INFO] 2025-12-18 12:01:31,363: -PUB [/joy_turbo_increase/result] /joystick_relay http://127.0.0.1:33031/
[rosmaster.master][INFO] 2025-12-18 12:01:31,362: publisherUpdate[/rosout] -> http://127.0.0.1:38997/ ['http://127.0.0.1:34545/', 'http://127.0.0.1:33609/', 'http://127.0.0.1:35333/', 'http://127.0.0.1:36289/', 'http://127.0.0.1:35471/', 'http://127.0.0.1:37485/', 'http://127.0.0.1:39321/', 'http://127.0.0.1:43249/', 'http://127.0.0.1:36505/', 'http://127.0.0.1:40365/', 'http://127.0.0.1:33031/', 'http://127.0.0.1:46085/', 'http://127.0.0.1:36121/', 'http://127.0.0.1:34305/', 'http://127.0.0.1:40891/', 'http://127.0.0.1:34169/']: sec=0.01, result=[1, '', 0]
[rosmaster.master][INFO] 2025-12-18 12:01:31,361: publisherUpdate[/joy_vel] -> http://127.0.0.1:35471/ []: sec=0.01, result=[1, '', 0]
[rosmaster.master][INFO] 2025-12-18 12:01:31,364: publisherUpdate[/joy_priority] -> http://127.0.0.1:35471/ []
[rosmaster.master][INFO] 2025-12-18 12:01:31,363: -PUB [/joy_turbo_increase/feedback] /joystick_relay http://127.0.0.1:33031/
[rosmaster.master][INFO] 2025-12-18 12:01:31,364: publisherUpdate[/rosout] -> http://127.0.0.1:38997/ ['http://127.0.0.1:34545/', 'http://127.0.0.1:33609/', 'http://127.0.0.1:35333/', 'http://127.0.0.1:36289/', 'http://127.0.0.1:35471/', 'http://127.0.0.1:37485/', 'http://127.0.0.1:39321/', 'http://127.0.0.1:43249/', 'http://127.0.0.1:36505/', 'http://127.0.0.1:40365/', 'http://127.0.0.1:46085/', 'http://127.0.0.1:36121/', 'http://127.0.0.1:34305/', 'http://127.0.0.1:40891/', 'http://127.0.0.1:34169/']
[rosmaster.master][INFO] 2025-12-18 12:01:31,366: publisherUpdate[/joy_priority] -> http://127.0.0.1:35471/ []: sec=0.00, result=[1, '', 0]
[rosmaster.master][INFO] 2025-12-18 12:01:31,365: -PUB [/rosout] /xtion/rgb/image_proc http://127.0.0.1:36505/
[rosmaster.master][INFO] 2025-12-18 12:01:31,368: -PUB [/rosout] /twist_marker http://127.0.0.1:37485/
[rosmaster.master][INFO] 2025-12-18 12:01:31,370: -PUB [/throttle_filtering_points/filtered_points] /throttle_filtering_points http://127.0.0.1:46097/
[rosmaster.master][INFO] 2025-12-18 12:01:31,371: -PUB [/rosout] /robot_state_publisher http://127.0.0.1:36289/
[rosmaster.master][INFO] 2025-12-18 12:01:31,383: -PUB [/joy_turbo_decrease/status] /joystick_relay http://127.0.0.1:33031/
[rosmaster.master][INFO] 2025-12-18 12:01:31,384: -PUB [/joy_turbo_decrease/result] /joystick_relay http://127.0.0.1:33031/
[rosmaster.master][INFO] 2025-12-18 12:01:31,384: -PUB [/joy_turbo_decrease/feedback] /joystick_relay http://127.0.0.1:33031/
[rosmaster.master][INFO] 2025-12-18 12:01:31,388: -PUB [/joy_turbo_angular_increase/status] /joystick_relay http://127.0.0.1:33031/
[rosmaster.master][INFO] 2025-12-18 12:01:31,386: publisherUpdate[/rosout] -> http://127.0.0.1:38997/ ['http://127.0.0.1:34545/', 'http://127.0.0.1:33609/', 'http://127.0.0.1:35333/', 'http://127.0.0.1:36289/', 'http://127.0.0.1:35471/', 'http://127.0.0.1:37485/', 'http://127.0.0.1:39321/', 'http://127.0.0.1:43249/', 'http://127.0.0.1:36505/', 'http://127.0.0.1:40365/', 'http://127.0.0.1:46085/', 'http://127.0.0.1:36121/', 'http://127.0.0.1:34305/', 'http://127.0.0.1:40891/', 'http://127.0.0.1:34169/']: sec=0.02, result=[1, '', 0]
[rosmaster.master][INFO] 2025-12-18 12:01:31,388: publisherUpdate[/rosout] -> http://127.0.0.1:38997/ ['http://127.0.0.1:34545/', 'http://127.0.0.1:33609/', 'http://127.0.0.1:35333/', 'http://127.0.0.1:36289/', 'http://127.0.0.1:35471/', 'http://127.0.0.1:37485/', 'http://127.0.0.1:39321/', 'http://127.0.0.1:43249/', 'http://127.0.0.1:40365/', 'http://127.0.0.1:46085/', 'http://127.0.0.1:36121/', 'http://127.0.0.1:34305/', 'http://127.0.0.1:40891/', 'http://127.0.0.1:34169/']
[rosmaster.master][INFO] 2025-12-18 12:01:31,388: -PUB [/xtion/rgb/image_proc_debayer/parameter_descriptions] /xtion/rgb/image_proc http://127.0.0.1:36505/
[rosmaster.master][INFO] 2025-12-18 12:01:31,389: -PUB [/tf] /robot_state_publisher http://127.0.0.1:36289/
[rosmaster.master][INFO] 2025-12-18 12:01:31,390: -PUB [/tf_static] /robot_state_publisher http://127.0.0.1:36289/
[rosmaster.master][INFO] 2025-12-18 12:01:31,390: -SUB [/clock] /throttle_filtering_points http://127.0.0.1:46097/
[rosmaster.master][INFO] 2025-12-18 12:01:31,391: -PUB [/twist_marker] /twist_marker http://127.0.0.1:37485/
[rosmaster.master][INFO] 2025-12-18 12:01:31,391: -SUB [/clock] /robot_state_publisher http://127.0.0.1:36289/
[rosmaster.master][INFO] 2025-12-18 12:01:31,392: -PUB [/joy_turbo_angular_increase/result] /joystick_relay http://127.0.0.1:33031/
[rosmaster.master][INFO] 2025-12-18 12:01:31,392: -PUB [/joy_turbo_angular_increase/feedback] /joystick_relay http://127.0.0.1:33031/
[rosmaster.master][INFO] 2025-12-18 12:01:31,394: -PUB [/joy_turbo_angular_decrease/status] /joystick_relay http://127.0.0.1:33031/
[rosmaster.master][INFO] 2025-12-18 12:01:31,394: -PUB [/joy_turbo_angular_decrease/result] /joystick_relay http://127.0.0.1:33031/
[rosmaster.master][INFO] 2025-12-18 12:01:31,394: -PUB [/joy_turbo_angular_decrease/feedback] /joystick_relay http://127.0.0.1:33031/
[rosmaster.master][INFO] 2025-12-18 12:01:31,395: -PUB [/joy_turbo_reset/status] /joystick_relay http://127.0.0.1:33031/
[rosmaster.master][INFO] 2025-12-18 12:01:31,395: -PUB [/joy_turbo_reset/result] /joystick_relay http://127.0.0.1:33031/
[rosmaster.master][INFO] 2025-12-18 12:01:31,395: publisherUpdate[/rosout] -> http://127.0.0.1:38997/ ['http://127.0.0.1:34545/', 'http://127.0.0.1:33609/', 'http://127.0.0.1:35333/', 'http://127.0.0.1:36289/', 'http://127.0.0.1:35471/', 'http://127.0.0.1:37485/', 'http://127.0.0.1:39321/', 'http://127.0.0.1:43249/', 'http://127.0.0.1:40365/', 'http://127.0.0.1:46085/', 'http://127.0.0.1:36121/', 'http://127.0.0.1:34305/', 'http://127.0.0.1:40891/', 'http://127.0.0.1:34169/']: sec=0.01, result=[1, '', 0]
[rosmaster.master][INFO] 2025-12-18 12:01:31,395: publisherUpdate[/rosout] -> http://127.0.0.1:38997/ ['http://127.0.0.1:34545/', 'http://127.0.0.1:33609/', 'http://127.0.0.1:35333/', 'http://127.0.0.1:36289/', 'http://127.0.0.1:35471/', 'http://127.0.0.1:39321/', 'http://127.0.0.1:43249/', 'http://127.0.0.1:40365/', 'http://127.0.0.1:46085/', 'http://127.0.0.1:36121/', 'http://127.0.0.1:34305/', 'http://127.0.0.1:40891/', 'http://127.0.0.1:34169/']
[rosmaster.master][INFO] 2025-12-18 12:01:31,396: -SUB [/clock] /twist_marker http://127.0.0.1:37485/
[rosmaster.master][INFO] 2025-12-18 12:01:31,397: -SUB [/joint_states] /robot_state_publisher http://127.0.0.1:36289/
[rosmaster.master][INFO] 2025-12-18 12:01:31,398: -PUB [/xtion/rgb/image_proc_debayer/parameter_updates] /xtion/rgb/image_proc http://127.0.0.1:36505/
[rosmaster.master][INFO] 2025-12-18 12:01:31,404: publisherUpdate[/rosout] -> http://127.0.0.1:38997/ ['http://127.0.0.1:34545/', 'http://127.0.0.1:33609/', 'http://127.0.0.1:35333/', 'http://127.0.0.1:36289/', 'http://127.0.0.1:35471/', 'http://127.0.0.1:39321/', 'http://127.0.0.1:43249/', 'http://127.0.0.1:40365/', 'http://127.0.0.1:46085/', 'http://127.0.0.1:36121/', 'http://127.0.0.1:34305/', 'http://127.0.0.1:40891/', 'http://127.0.0.1:34169/']: sec=0.01, result=[1, '', 0]
[rosmaster.master][INFO] 2025-12-18 12:01:31,416: -SERVICE [/throttle_filtering_points/get_loggers] /throttle_filtering_points rosrpc://127.0.0.1:39273
[rosmaster.master][INFO] 2025-12-18 12:01:31,418: publisherUpdate[/rosout] -> http://127.0.0.1:38997/ ['http://127.0.0.1:34545/', 'http://127.0.0.1:33609/', 'http://127.0.0.1:35333/', 'http://127.0.0.1:35471/', 'http://127.0.0.1:39321/', 'http://127.0.0.1:43249/', 'http://127.0.0.1:40365/', 'http://127.0.0.1:46085/', 'http://127.0.0.1:36121/', 'http://127.0.0.1:34305/', 'http://127.0.0.1:40891/', 'http://127.0.0.1:34169/']
[rosmaster.master][INFO] 2025-12-18 12:01:31,430: -PUB [/joy_turbo_reset/feedback] /joystick_relay http://127.0.0.1:33031/
[rosmaster.master][INFO] 2025-12-18 12:01:31,434: -SERVICE [/joystick_relay/get_loggers] /joystick_relay rosrpc://127.0.0.1:41899
[rosmaster.master][INFO] 2025-12-18 12:01:31,435: -SERVICE [/joystick_relay/set_logger_level] /joystick_relay rosrpc://127.0.0.1:41899
[rosmaster.master][INFO] 2025-12-18 12:01:31,434: publisherUpdate[/rosout] -> http://127.0.0.1:38997/ ['http://127.0.0.1:34545/', 'http://127.0.0.1:33609/', 'http://127.0.0.1:35333/', 'http://127.0.0.1:35471/', 'http://127.0.0.1:39321/', 'http://127.0.0.1:43249/', 'http://127.0.0.1:40365/', 'http://127.0.0.1:46085/', 'http://127.0.0.1:36121/', 'http://127.0.0.1:34305/', 'http://127.0.0.1:40891/', 'http://127.0.0.1:34169/']: sec=0.01, result=[1, '', 0]
[rosmaster.master][INFO] 2025-12-18 12:01:31,436: -PUB [/xtion/rgb/image_mono/compressedDepth] /xtion/rgb/image_proc http://127.0.0.1:36505/
[rosmaster.master][INFO] 2025-12-18 12:01:31,436: publisherUpdate[/tf] -> http://127.0.0.1:34545/ ['http://127.0.0.1:46085/']
[rosmaster.master][INFO] 2025-12-18 12:01:31,438: -SERVICE [/throttle_filtering_points/set_logger_level] /throttle_filtering_points rosrpc://127.0.0.1:39273
[rosmaster.master][INFO] 2025-12-18 12:01:31,439: -SUB [/mobile_base_controller/cmd_vel] /twist_marker http://127.0.0.1:37485/
[rosmaster.master][INFO] 2025-12-18 12:01:31,439: -SERVICE [/robot_state_publisher/get_loggers] /robot_state_publisher rosrpc://127.0.0.1:43561
[rosmaster.master][INFO] 2025-12-18 12:01:31,441: publisherUpdate[/tf] -> http://127.0.0.1:34545/ ['http://127.0.0.1:46085/']: sec=0.00, result=[1, '', 0]
[rosmaster.master][INFO] 2025-12-18 12:01:31,443: publisherUpdate[/tf] -> http://127.0.0.1:33609/ ['http://127.0.0.1:46085/']
[rosmaster.master][INFO] 2025-12-18 12:01:31,456: -PUB [/xtion/rgb/image_mono/compressedDepth/parameter_descriptions] /xtion/rgb/image_proc http://127.0.0.1:36505/
[rosmaster.master][INFO] 2025-12-18 12:01:31,457: -SERVICE [/throttle_filtering_points/set_parameters] /throttle_filtering_points rosrpc://127.0.0.1:39273
[rosmaster.master][INFO] 2025-12-18 12:01:31,458: -SERVICE [/twist_marker/get_loggers] /twist_marker rosrpc://127.0.0.1:42139
[rosmaster.master][INFO] 2025-12-18 12:01:31,460: publisherUpdate[/tf] -> http://127.0.0.1:33609/ ['http://127.0.0.1:46085/']: sec=0.02, exception=<Fault -1: 'publisherUpdate: unknown method name'>
[rosmaster.master][INFO] 2025-12-18 12:01:31,461: -SERVICE [/robot_state_publisher/set_logger_level] /robot_state_publisher rosrpc://127.0.0.1:43561
[rosmaster.master][INFO] 2025-12-18 12:01:31,462: -SERVICE [/twist_marker/set_logger_level] /twist_marker rosrpc://127.0.0.1:42139
[rosmaster.master][INFO] 2025-12-18 12:01:31,462: -PUB [/xtion/rgb/image_mono/compressedDepth/parameter_updates] /xtion/rgb/image_proc http://127.0.0.1:36505/
[rosmaster.master][INFO] 2025-12-18 12:01:31,465: -PUB [/rosout] /tf_lookup http://127.0.0.1:33609/
[rosmaster.master][INFO] 2025-12-18 12:01:31,467: -CACHEDPARAM [/rosout_disable_topics_generation] by /throttle_filtering_points
[rosmaster.master][INFO] 2025-12-18 12:01:31,470: -PUB [/xtion/rgb/image_mono/compressed] /xtion/rgb/image_proc http://127.0.0.1:36505/
[rosmaster.master][INFO] 2025-12-18 12:01:31,472: publisherUpdate[/tf] -> http://127.0.0.1:35333/ ['http://127.0.0.1:46085/']
[rosmaster.threadpool][ERROR] 2025-12-18 12:01:31,473: Traceback (most recent call last):
  File "/opt/ros/noetic/lib/python3/dist-packages/rosmaster/threadpool.py", line 218, in run
    result = cmd(*args)
  File "/opt/ros/noetic/lib/python3/dist-packages/rosmaster/master_api.py", line 210, in publisher_update_task
    ret = xmlrpcapi(api).publisherUpdate('/master', topic, pub_uris)
  File "/usr/lib/python3.8/xmlrpc/client.py", line 1109, in __call__
    return self.__send(self.__name, args)
  File "/usr/lib/python3.8/xmlrpc/client.py", line 1450, in __request
    response = self.__transport.request(
  File "/usr/lib/python3.8/xmlrpc/client.py", line 1153, in request
    return self.single_request(host, handler, request_body, verbose)
  File "/usr/lib/python3.8/xmlrpc/client.py", line 1169, in single_request
    return self.parse_response(resp)
  File "/usr/lib/python3.8/xmlrpc/client.py", line 1341, in parse_response
    return u.close()
  File "/usr/lib/python3.8/xmlrpc/client.py", line 655, in close
    raise Fault(**self._stack[0])
xmlrpc.client.Fault: <Fault -1: 'publisherUpdate: unknown method name'>

[rosmaster.master][INFO] 2025-12-18 12:01:31,475: publisherUpdate[/tf] -> http://127.0.0.1:39321/ ['http://127.0.0.1:46085/']
[rosmaster.master][INFO] 2025-12-18 12:01:31,475: -PUB [/tf_lookup/result] /tf_lookup http://127.0.0.1:33609/
[rosmaster.master][INFO] 2025-12-18 12:01:31,477: -PUB [/rosout] /image_raw_to_rect_color_relay http://127.0.0.1:43249/
[rosmaster.master][INFO] 2025-12-18 12:01:31,478: publisherUpdate[/tf] -> http://127.0.0.1:35333/ ['http://127.0.0.1:46085/']: sec=0.00, result=[1, '', 0]
[rosmaster.master][INFO] 2025-12-18 12:01:31,483: publisherUpdate[/tf_static] -> http://127.0.0.1:34545/ []
[rosmaster.master][INFO] 2025-12-18 12:01:31,492: -PUB [/rosout] /twist_mux http://127.0.0.1:35471/
[rosmaster.master][INFO] 2025-12-18 12:01:31,497: publisherUpdate[/tf_static] -> http://127.0.0.1:33609/ []
[rosmaster.master][INFO] 2025-12-18 12:01:31,498: publisherUpdate[/tf] -> http://127.0.0.1:39321/ ['http://127.0.0.1:46085/']: sec=0.02, exception=<Fault -1: 'publisherUpdate: unknown method name'>
[rosmaster.master][INFO] 2025-12-18 12:01:31,499: -PUB [/xtion/rgb/image_mono/compressed/parameter_descriptions] /xtion/rgb/image_proc http://127.0.0.1:36505/
[rosmaster.master][INFO] 2025-12-18 12:01:31,508: publisherUpdate[/tf_static] -> http://127.0.0.1:34545/ []: sec=0.01, result=[1, '', 0]
[rosmaster.master][INFO] 2025-12-18 12:01:31,510: publisherUpdate[/tf_static] -> http://127.0.0.1:35333/ []
[rosmaster.master][INFO] 2025-12-18 12:01:31,509: publisherUpdate[/tf_static] -> http://127.0.0.1:33609/ []: sec=0.01, exception=<Fault -1: 'publisherUpdate: unknown method name'>
[rosmaster.threadpool][ERROR] 2025-12-18 12:01:31,511: Traceback (most recent call last):
  File "/opt/ros/noetic/lib/python3/dist-packages/rosmaster/threadpool.py", line 218, in run
    result = cmd(*args)
  File "/opt/ros/noetic/lib/python3/dist-packages/rosmaster/master_api.py", line 210, in publisher_update_task
    ret = xmlrpcapi(api).publisherUpdate('/master', topic, pub_uris)
  File "/usr/lib/python3.8/xmlrpc/client.py", line 1109, in __call__
    return self.__send(self.__name, args)
  File "/usr/lib/python3.8/xmlrpc/client.py", line 1450, in __request
    response = self.__transport.request(
  File "/usr/lib/python3.8/xmlrpc/client.py", line 1153, in request
    return self.single_request(host, handler, request_body, verbose)
  File "/usr/lib/python3.8/xmlrpc/client.py", line 1169, in single_request
    return self.parse_response(resp)
  File "/usr/lib/python3.8/xmlrpc/client.py", line 1341, in parse_response
    return u.close()
  File "/usr/lib/python3.8/xmlrpc/client.py", line 655, in close
    raise Fault(**self._stack[0])
xmlrpc.client.Fault: <Fault -1: 'publisherUpdate: unknown method name'>

[rosmaster.threadpool][ERROR] 2025-12-18 12:01:31,509: Traceback (most recent call last):
  File "/opt/ros/noetic/lib/python3/dist-packages/rosmaster/threadpool.py", line 218, in run
    result = cmd(*args)
  File "/opt/ros/noetic/lib/python3/dist-packages/rosmaster/master_api.py", line 210, in publisher_update_task
    ret = xmlrpcapi(api).publisherUpdate('/master', topic, pub_uris)
  File "/usr/lib/python3.8/xmlrpc/client.py", line 1109, in __call__
    return self.__send(self.__name, args)
  File "/usr/lib/python3.8/xmlrpc/client.py", line 1450, in __request
    response = self.__transport.request(
  File "/usr/lib/python3.8/xmlrpc/client.py", line 1153, in request
    return self.single_request(host, handler, request_body, verbose)
  File "/usr/lib/python3.8/xmlrpc/client.py", line 1169, in single_request
    return self.parse_response(resp)
  File "/usr/lib/python3.8/xmlrpc/client.py", line 1341, in parse_response
    return u.close()
  File "/usr/lib/python3.8/xmlrpc/client.py", line 655, in close
    raise Fault(**self._stack[0])
xmlrpc.client.Fault: <Fault -1: 'publisherUpdate: unknown method name'>

[rosmaster.master][INFO] 2025-12-18 12:01:31,512: publisherUpdate[/rosout] -> http://127.0.0.1:38997/ ['http://127.0.0.1:34545/', 'http://127.0.0.1:35333/', 'http://127.0.0.1:35471/', 'http://127.0.0.1:39321/', 'http://127.0.0.1:43249/', 'http://127.0.0.1:40365/', 'http://127.0.0.1:46085/', 'http://127.0.0.1:36121/', 'http://127.0.0.1:34305/', 'http://127.0.0.1:40891/', 'http://127.0.0.1:34169/']
[rosmaster.master][INFO] 2025-12-18 12:01:31,510: -PUB [/tf_lookup/feedback] /tf_lookup http://127.0.0.1:33609/
[rosmaster.master][INFO] 2025-12-18 12:01:31,511: publisherUpdate[/tf_static] -> http://127.0.0.1:39321/ []
[rosmaster.master][INFO] 2025-12-18 12:01:31,514: -PUB [/xtion/rgb/image_rect_color] /image_raw_to_rect_color_relay http://127.0.0.1:43249/
[rosmaster.master][INFO] 2025-12-18 12:01:31,515: publisherUpdate[/tf_static] -> http://127.0.0.1:35333/ []: sec=0.00, result=[1, '', 0]
[rosmaster.master][INFO] 2025-12-18 12:01:31,516: publisherUpdate[/rosout] -> http://127.0.0.1:38997/ ['http://127.0.0.1:34545/', 'http://127.0.0.1:35333/', 'http://127.0.0.1:35471/', 'http://127.0.0.1:39321/', 'http://127.0.0.1:43249/', 'http://127.0.0.1:40365/', 'http://127.0.0.1:46085/', 'http://127.0.0.1:36121/', 'http://127.0.0.1:34305/', 'http://127.0.0.1:40891/', 'http://127.0.0.1:34169/']: sec=0.00, result=[1, '', 0]
[rosmaster.master][INFO] 2025-12-18 12:01:31,517: publisherUpdate[/rosout] -> http://127.0.0.1:38997/ ['http://127.0.0.1:34545/', 'http://127.0.0.1:35333/', 'http://127.0.0.1:35471/', 'http://127.0.0.1:39321/', 'http://127.0.0.1:40365/', 'http://127.0.0.1:46085/', 'http://127.0.0.1:36121/', 'http://127.0.0.1:34305/', 'http://127.0.0.1:40891/', 'http://127.0.0.1:34169/']
[rosmaster.master][INFO] 2025-12-18 12:01:31,516: publisherUpdate[/tf_static] -> http://127.0.0.1:39321/ []: sec=0.00, exception=<Fault -1: 'publisherUpdate: unknown method name'>
[rosmaster.master][INFO] 2025-12-18 12:01:31,517: -PUB [/rosout] /move_group http://127.0.0.1:39321/
[rosmaster.master][INFO] 2025-12-18 12:01:31,518: -PUB [/mobile_base_controller/cmd_vel] /twist_mux http://127.0.0.1:35471/
[rosmaster.master][INFO] 2025-12-18 12:01:31,519: -PUB [/xtion/rgb/image_mono/compressed/parameter_updates] /xtion/rgb/image_proc http://127.0.0.1:36505/
[rosmaster.threadpool][ERROR] 2025-12-18 12:01:31,518: Traceback (most recent call last):
  File "/opt/ros/noetic/lib/python3/dist-packages/rosmaster/threadpool.py", line 218, in run
    result = cmd(*args)
  File "/opt/ros/noetic/lib/python3/dist-packages/rosmaster/master_api.py", line 210, in publisher_update_task
    ret = xmlrpcapi(api).publisherUpdate('/master', topic, pub_uris)
  File "/usr/lib/python3.8/xmlrpc/client.py", line 1109, in __call__
    return self.__send(self.__name, args)
  File "/usr/lib/python3.8/xmlrpc/client.py", line 1450, in __request
    response = self.__transport.request(
  File "/usr/lib/python3.8/xmlrpc/client.py", line 1153, in request
    return self.single_request(host, handler, request_body, verbose)
  File "/usr/lib/python3.8/xmlrpc/client.py", line 1169, in single_request
    return self.parse_response(resp)
  File "/usr/lib/python3.8/xmlrpc/client.py", line 1341, in parse_response
    return u.close()
  File "/usr/lib/python3.8/xmlrpc/client.py", line 655, in close
    raise Fault(**self._stack[0])
xmlrpc.client.Fault: <Fault -1: 'publisherUpdate: unknown method name'>

[rosmaster.master][INFO] 2025-12-18 12:01:31,526: -SUB [/clock] /is_already_there http://127.0.0.1:40365/
[rosmaster.master][INFO] 2025-12-18 12:01:31,527: -SUB [/joint_states] /is_already_there http://127.0.0.1:40365/
[rosmaster.master][INFO] 2025-12-18 12:01:31,527: publisherUpdate[/mobile_base_controller/cmd_vel] -> http://127.0.0.1:46085/ []
[rosmaster.master][INFO] 2025-12-18 12:01:31,527: publisherUpdate[/rosout] -> http://127.0.0.1:38997/ ['http://127.0.0.1:34545/', 'http://127.0.0.1:35333/', 'http://127.0.0.1:35471/', 'http://127.0.0.1:39321/', 'http://127.0.0.1:40365/', 'http://127.0.0.1:46085/', 'http://127.0.0.1:36121/', 'http://127.0.0.1:34305/', 'http://127.0.0.1:40891/', 'http://127.0.0.1:34169/']: sec=0.01, result=[1, '', 0]
[rosmaster.master][INFO] 2025-12-18 12:01:31,528: publisherUpdate[/rosout] -> http://127.0.0.1:38997/ ['http://127.0.0.1:34545/', 'http://127.0.0.1:35333/', 'http://127.0.0.1:39321/', 'http://127.0.0.1:40365/', 'http://127.0.0.1:46085/', 'http://127.0.0.1:36121/', 'http://127.0.0.1:34305/', 'http://127.0.0.1:40891/', 'http://127.0.0.1:34169/']
[rosmaster.master][INFO] 2025-12-18 12:01:31,527: -PUB [/rosout] /is_already_there http://127.0.0.1:40365/
[rosmaster.master][INFO] 2025-12-18 12:01:31,529: publisherUpdate[/mobile_base_controller/cmd_vel] -> http://127.0.0.1:46085/ []: sec=0.00, result=[1, '', 0]
[rosmaster.master][INFO] 2025-12-18 12:01:31,533: -PUB [/diagnostics] /twist_mux http://127.0.0.1:35471/
[rosmaster.master][INFO] 2025-12-18 12:01:31,533: publisherUpdate[/rosout] -> http://127.0.0.1:38997/ ['http://127.0.0.1:34545/', 'http://127.0.0.1:35333/', 'http://127.0.0.1:39321/', 'http://127.0.0.1:40365/', 'http://127.0.0.1:46085/', 'http://127.0.0.1:36121/', 'http://127.0.0.1:34305/', 'http://127.0.0.1:40891/', 'http://127.0.0.1:34169/']: sec=0.00, result=[1, '', 0]
[rosmaster.master][INFO] 2025-12-18 12:01:31,534: publisherUpdate[/rosout] -> http://127.0.0.1:38997/ ['http://127.0.0.1:34545/', 'http://127.0.0.1:35333/', 'http://127.0.0.1:40365/', 'http://127.0.0.1:46085/', 'http://127.0.0.1:36121/', 'http://127.0.0.1:34305/', 'http://127.0.0.1:40891/', 'http://127.0.0.1:34169/']
[rosmaster.master][INFO] 2025-12-18 12:01:31,533: -PUB [/move_group/planning_scene_monitor/parameter_descriptions] /move_group http://127.0.0.1:39321/
[rosmaster.master][INFO] 2025-12-18 12:01:31,550: -PUB [/xtion/rgb/image_mono] /xtion/rgb/image_proc http://127.0.0.1:36505/
[rosmaster.master][INFO] 2025-12-18 12:01:31,551: publisherUpdate[/rosout] -> http://127.0.0.1:38997/ ['http://127.0.0.1:34545/', 'http://127.0.0.1:35333/', 'http://127.0.0.1:40365/', 'http://127.0.0.1:46085/', 'http://127.0.0.1:36121/', 'http://127.0.0.1:34305/', 'http://127.0.0.1:40891/', 'http://127.0.0.1:34169/']: sec=0.02, result=[1, '', 0]
[rosmaster.master][INFO] 2025-12-18 12:01:31,552: publisherUpdate[/rosout] -> http://127.0.0.1:38997/ ['http://127.0.0.1:34545/', 'http://127.0.0.1:35333/', 'http://127.0.0.1:46085/', 'http://127.0.0.1:36121/', 'http://127.0.0.1:34305/', 'http://127.0.0.1:40891/', 'http://127.0.0.1:34169/']
[rosmaster.master][INFO] 2025-12-18 12:01:31,552: -PUB [/tf_lookup/status] /tf_lookup http://127.0.0.1:33609/
[rosmaster.master][INFO] 2025-12-18 12:01:31,554: -SUB [/clock] /image_raw_to_rect_color_relay http://127.0.0.1:43249/
[rosmaster.master][INFO] 2025-12-18 12:01:31,556: -PUB [/tf_stream/result] /tf_lookup http://127.0.0.1:33609/
[rosmaster.master][INFO] 2025-12-18 12:01:31,558: publisherUpdate[/rosout] -> http://127.0.0.1:38997/ ['http://127.0.0.1:34545/', 'http://127.0.0.1:35333/', 'http://127.0.0.1:46085/', 'http://127.0.0.1:36121/', 'http://127.0.0.1:34305/', 'http://127.0.0.1:40891/', 'http://127.0.0.1:34169/']: sec=0.01, result=[1, '', 0]
[rosmaster.master][INFO] 2025-12-18 12:01:31,558: -SUB [/clock] /twist_mux http://127.0.0.1:35471/
[rosmaster.master][INFO] 2025-12-18 12:01:31,566: -PUB [/move_group/planning_scene_monitor/parameter_updates] /move_group http://127.0.0.1:39321/
[rosmaster.master][INFO] 2025-12-18 12:01:31,568: -PUB [/xtion/rgb/image_mono/theora] /xtion/rgb/image_proc http://127.0.0.1:36505/
[rosmaster.master][INFO] 2025-12-18 12:01:31,576: -SERVICE [/is_already_there/get_loggers] /is_already_there rosrpc://127.0.0.1:37875
[rosmaster.master][INFO] 2025-12-18 12:01:31,577: -SERVICE [/is_already_there/set_logger_level] /is_already_there rosrpc://127.0.0.1:37875
[rosmaster.master][INFO] 2025-12-18 12:01:31,577: -PUB [/tf_stream/feedback] /tf_lookup http://127.0.0.1:33609/
[rosmaster.master][INFO] 2025-12-18 12:01:31,578: -PUB [/tf_stream/status] /tf_lookup http://127.0.0.1:33609/
[rosmaster.master][INFO] 2025-12-18 12:01:31,578: -SUB [/nav_vel] /twist_mux http://127.0.0.1:35471/
[rosmaster.master][INFO] 2025-12-18 12:01:31,578: -PUB [/move_group/monitored_planning_scene] /move_group http://127.0.0.1:39321/
[rosmaster.master][INFO] 2025-12-18 12:01:31,579: -SUB [/xtion/rgb/image_raw] /image_raw_to_rect_color_relay http://127.0.0.1:43249/
[rosmaster.master][INFO] 2025-12-18 12:01:31,579: -SERVICE [/play_motion/is_already_there] /is_already_there rosrpc://127.0.0.1:37875
[rosmaster.master][INFO] 2025-12-18 12:01:31,580: -PUB [/xtion/rgb/image_mono/theora/parameter_descriptions] /xtion/rgb/image_proc http://127.0.0.1:36505/
[rosmaster.master][INFO] 2025-12-18 12:01:31,595: -PUB [/move_group/ompl/parameter_descriptions] /move_group http://127.0.0.1:39321/
[rosmaster.master][INFO] 2025-12-18 12:01:31,596: -SERVICE [/image_raw_to_rect_color_relay/get_loggers] /image_raw_to_rect_color_relay rosrpc://127.0.0.1:39483
[rosmaster.master][INFO] 2025-12-18 12:01:31,597: -PUB [/xtion/rgb/image_mono/theora/parameter_updates] /xtion/rgb/image_proc http://127.0.0.1:36505/
[rosmaster.master][INFO] 2025-12-18 12:01:31,614: -SUB [/joy_vel] /twist_mux http://127.0.0.1:35471/
[rosmaster.master][INFO] 2025-12-18 12:01:31,627: -PUB [/tfs_14594000000] /tf_lookup http://127.0.0.1:33609/
[rosmaster.master][INFO] 2025-12-18 12:01:31,630: -PUB [/move_group/ompl/parameter_updates] /move_group http://127.0.0.1:39321/
[rosmaster.master][INFO] 2025-12-18 12:01:31,632: -SUB [/key_vel] /twist_mux http://127.0.0.1:35471/
[rosmaster.master][INFO] 2025-12-18 12:01:31,634: -SUB [/tab_vel] /twist_mux http://127.0.0.1:35471/
[rosmaster.master][INFO] 2025-12-18 12:01:31,634: +CACHEDPARAM [/rosout_disable_topics_generation] by /gripper_controllers_spawner
[rosmaster.master][INFO] 2025-12-18 12:01:31,635: -SERVICE [/image_raw_to_rect_color_relay/set_logger_level] /image_raw_to_rect_color_relay rosrpc://127.0.0.1:39483
[rosmaster.master][INFO] 2025-12-18 12:01:31,637: -SUB [/clock] /tf_lookup http://127.0.0.1:33609/
[rosmaster.master][INFO] 2025-12-18 12:01:31,638: -PUB [/move_group/display_planned_path] /move_group http://127.0.0.1:39321/
[rosmaster.master][INFO] 2025-12-18 12:01:31,639: -PUB [/xtion/rgb/image_color/compressedDepth] /xtion/rgb/image_proc http://127.0.0.1:36505/
[rosmaster.master][INFO] 2025-12-18 12:01:31,639: -SUB [/marker_vel] /twist_mux http://127.0.0.1:35471/
[rosmaster.master][INFO] 2025-12-18 12:01:31,641: -PUB [/xtion/rgb/image_color/compressedDepth/parameter_descriptions] /xtion/rgb/image_proc http://127.0.0.1:36505/
[rosmaster.master][INFO] 2025-12-18 12:01:31,656: -SUB [/phone_vel] /twist_mux http://127.0.0.1:35471/
[rosmaster.master][INFO] 2025-12-18 12:01:31,656: -CACHEDPARAM [/rosout_disable_topics_generation] by /image_raw_to_rect_color_relay
[rosmaster.master][INFO] 2025-12-18 12:01:31,658: -PUB [/xtion/rgb/image_color/compressedDepth/parameter_updates] /xtion/rgb/image_proc http://127.0.0.1:36505/
[rosmaster.master][INFO] 2025-12-18 12:01:31,660: -SUB [/tf] /tf_lookup http://127.0.0.1:33609/
[rosmaster.master][INFO] 2025-12-18 12:01:31,660: -PUB [/move_group/display_contacts] /move_group http://127.0.0.1:39321/
[rosmaster.master][INFO] 2025-12-18 12:01:31,661: -PUB [/xtion/rgb/image_color/compressed] /xtion/rgb/image_proc http://127.0.0.1:36505/
[rosmaster.master][INFO] 2025-12-18 12:01:31,662: -PUB [/arm_controller/follow_joint_trajectory/goal] /move_group http://127.0.0.1:39321/
[rosmaster.master][INFO] 2025-12-18 12:01:31,662: -SUB [/rviz_joy_vel] /twist_mux http://127.0.0.1:35471/
[rosmaster.master][INFO] 2025-12-18 12:01:31,662: -SUB [/tf_static] /tf_lookup http://127.0.0.1:33609/
[rosmaster.master][INFO] 2025-12-18 12:01:31,663: -SUB [/servoing_cmd_vel] /twist_mux http://127.0.0.1:35471/
[rosmaster.master][INFO] 2025-12-18 12:01:31,664: -PUB [/xtion/rgb/image_color/compressed/parameter_descriptions] /xtion/rgb/image_proc http://127.0.0.1:36505/
[rosmaster.master][INFO] 2025-12-18 12:01:31,665: -PUB [/arm_controller/follow_joint_trajectory/cancel] /move_group http://127.0.0.1:39321/
[rosmaster.master][INFO] 2025-12-18 12:01:31,665: -PUB [/xtion/rgb/image_color/compressed/parameter_updates] /xtion/rgb/image_proc http://127.0.0.1:36505/
[rosmaster.master][INFO] 2025-12-18 12:01:31,666: -PUB [/torso_controller/follow_joint_trajectory/goal] /move_group http://127.0.0.1:39321/
[rosmaster.master][INFO] 2025-12-18 12:01:31,667: -SUB [/tf_lookup/goal] /tf_lookup http://127.0.0.1:33609/
[rosmaster.master][INFO] 2025-12-18 12:01:31,667: -SUB [/pause_navigation] /twist_mux http://127.0.0.1:35471/
[rosmaster.master][INFO] 2025-12-18 12:01:31,668: -PUB [/xtion/rgb/image_color] /xtion/rgb/image_proc http://127.0.0.1:36505/
[rosmaster.master][INFO] 2025-12-18 12:01:31,668: -PUB [/torso_controller/follow_joint_trajectory/cancel] /move_group http://127.0.0.1:39321/
[rosmaster.master][INFO] 2025-12-18 12:01:31,669: -SUB [/stop_closing_loop] /twist_mux http://127.0.0.1:35471/
[rosmaster.master][INFO] 2025-12-18 12:01:31,670: -PUB [/xtion/rgb/image_color/theora] /xtion/rgb/image_proc http://127.0.0.1:36505/
[rosmaster.master][INFO] 2025-12-18 12:01:31,670: -PUB [/head_controller/follow_joint_trajectory/goal] /move_group http://127.0.0.1:39321/
[rosmaster.master][INFO] 2025-12-18 12:01:31,670: -SUB [/tf_lookup/cancel] /tf_lookup http://127.0.0.1:33609/
[rosmaster.master][INFO] 2025-12-18 12:01:31,670: -SUB [/joy_priority] /twist_mux http://127.0.0.1:35471/
[rosmaster.master][INFO] 2025-12-18 12:01:31,672: -SUB [/tf_stream/goal] /tf_lookup http://127.0.0.1:33609/
[rosmaster.master][INFO] 2025-12-18 12:01:31,672: -PUB [/xtion/rgb/image_color/theora/parameter_descriptions] /xtion/rgb/image_proc http://127.0.0.1:36505/
[rosmaster.master][INFO] 2025-12-18 12:01:31,672: -PUB [/head_controller/follow_joint_trajectory/cancel] /move_group http://127.0.0.1:39321/
[rosmaster.master][INFO] 2025-12-18 12:01:31,673: -SUB [/tf_stream/cancel] /tf_lookup http://127.0.0.1:33609/
[rosmaster.master][INFO] 2025-12-18 12:01:31,674: -SERVICE [/twist_mux/get_loggers] /twist_mux rosrpc://127.0.0.1:47819
[rosmaster.master][INFO] 2025-12-18 12:01:31,675: -PUB [/gripper_controller/follow_joint_trajectory/goal] /move_group http://127.0.0.1:39321/
[rosmaster.master][INFO] 2025-12-18 12:01:31,676: -PUB [/xtion/rgb/image_color/theora/parameter_updates] /xtion/rgb/image_proc http://127.0.0.1:36505/
[rosmaster.master][INFO] 2025-12-18 12:01:31,677: -SERVICE [/twist_mux/set_logger_level] /twist_mux rosrpc://127.0.0.1:47819
[rosmaster.master][INFO] 2025-12-18 12:01:31,677: -SERVICE [/tf_lookup/get_loggers] /tf_lookup rosrpc://127.0.0.1:43653
[rosmaster.master][INFO] 2025-12-18 12:01:31,678: -PUB [/gripper_controller/follow_joint_trajectory/cancel] /move_group http://127.0.0.1:39321/
[rosmaster.master][INFO] 2025-12-18 12:01:31,679: -PUB [/xtion/rgb/image_proc_rectify_mono/parameter_descriptions] /xtion/rgb/image_proc http://127.0.0.1:36505/
[rosmaster.master][INFO] 2025-12-18 12:01:31,680: -SERVICE [/tf_lookup/set_logger_level] /tf_lookup rosrpc://127.0.0.1:43653
[rosmaster.master][INFO] 2025-12-18 12:01:31,680: -PUB [/xtion/rgb/image_proc_rectify_mono/parameter_updates] /xtion/rgb/image_proc http://127.0.0.1:36505/
[rosmaster.master][INFO] 2025-12-18 12:01:31,681: -PUB [/move_group/trajectory_execution/parameter_descriptions] /move_group http://127.0.0.1:39321/
[rosmaster.master][INFO] 2025-12-18 12:01:31,681: -CACHEDPARAM [/rosout_disable_topics_generation] by /twist_mux
[rosmaster.master][INFO] 2025-12-18 12:01:31,682: -SERVICE [/lookupTransform] /tf_lookup rosrpc://127.0.0.1:43653
[rosmaster.master][INFO] 2025-12-18 12:01:31,683: -PUB [/move_group/trajectory_execution/parameter_updates] /move_group http://127.0.0.1:39321/
[rosmaster.master][INFO] 2025-12-18 12:01:31,684: -PUB [/xtion/rgb/image_rect/compressedDepth] /xtion/rgb/image_proc http://127.0.0.1:36505/
[rosmaster.master][INFO] 2025-12-18 12:01:31,684: -CACHEDPARAM [/twist_mux/diagnostic_period] by /twist_mux
[rosmaster.master][INFO] 2025-12-18 12:01:31,686: -CACHEDPARAM [/rosout_disable_topics_generation] by /tf_lookup
[rosmaster.master][INFO] 2025-12-18 12:01:31,686: -PUB [/xtion/rgb/image_rect/compressedDepth/parameter_descriptions] /xtion/rgb/image_proc http://127.0.0.1:36505/
[rosmaster.master][INFO] 2025-12-18 12:01:31,687: -PUB [/move_group/plan_execution/parameter_descriptions] /move_group http://127.0.0.1:39321/
[rosmaster.master][INFO] 2025-12-18 12:01:31,688: -CACHEDPARAM [/twist_mux/locks] by /twist_mux
[rosmaster.master][INFO] 2025-12-18 12:01:31,688: -PUB [/xtion/rgb/image_rect/compressedDepth/parameter_updates] /xtion/rgb/image_proc http://127.0.0.1:36505/
[rosmaster.master][INFO] 2025-12-18 12:01:31,689: -CACHEDPARAM [/twist_mux/topics] by /twist_mux
[rosmaster.master][INFO] 2025-12-18 12:01:31,689: -PUB [/move_group/plan_execution/parameter_updates] /move_group http://127.0.0.1:39321/
[rosmaster.master][INFO] 2025-12-18 12:01:31,690: -PUB [/xtion/rgb/image_rect/compressed] /xtion/rgb/image_proc http://127.0.0.1:36505/
[rosmaster.master][INFO] 2025-12-18 12:01:31,691: -PUB [/move_group/sense_for_plan/parameter_descriptions] /move_group http://127.0.0.1:39321/
[rosmaster.master][INFO] 2025-12-18 12:01:31,691: -PUB [/xtion/rgb/image_rect/compressed/parameter_descriptions] /xtion/rgb/image_proc http://127.0.0.1:36505/
[rosmaster.master][INFO] 2025-12-18 12:01:31,692: -PUB [/move_group/sense_for_plan/parameter_updates] /move_group http://127.0.0.1:39321/
[rosmaster.master][INFO] 2025-12-18 12:01:31,692: -PUB [/xtion/rgb/image_rect/compressed/parameter_updates] /xtion/rgb/image_proc http://127.0.0.1:36505/
[rosmaster.master][INFO] 2025-12-18 12:01:31,694: -PUB [/execute_trajectory/result] /move_group http://127.0.0.1:39321/
[rosmaster.master][INFO] 2025-12-18 12:01:31,695: -PUB [/xtion/rgb/image_rect] /xtion/rgb/image_proc http://127.0.0.1:36505/
[rosmaster.master][INFO] 2025-12-18 12:01:31,702: -PUB [/execute_trajectory/feedback] /move_group http://127.0.0.1:39321/
[rosmaster.master][INFO] 2025-12-18 12:01:31,705: -PUB [/xtion/rgb/image_rect/theora] /xtion/rgb/image_proc http://127.0.0.1:36505/
[rosmaster.master][INFO] 2025-12-18 12:01:31,709: -PUB [/execute_trajectory/status] /move_group http://127.0.0.1:39321/
[rosmaster.master][INFO] 2025-12-18 12:01:31,710: -PUB [/xtion/rgb/image_rect/theora/parameter_descriptions] /xtion/rgb/image_proc http://127.0.0.1:36505/
[rosmaster.master][INFO] 2025-12-18 12:01:31,710: -PUB [/move_group/result] /move_group http://127.0.0.1:39321/
[rosmaster.master][INFO] 2025-12-18 12:01:31,711: -PUB [/xtion/rgb/image_rect/theora/parameter_updates] /xtion/rgb/image_proc http://127.0.0.1:36505/
[rosmaster.master][INFO] 2025-12-18 12:01:31,712: -PUB [/move_group/feedback] /move_group http://127.0.0.1:39321/
[rosmaster.master][INFO] 2025-12-18 12:01:31,717: -PUB [/xtion/rgb/image_proc_rectify_color/parameter_descriptions] /xtion/rgb/image_proc http://127.0.0.1:36505/
[rosmaster.master][INFO] 2025-12-18 12:01:31,722: -PUB [/move_group/status] /move_group http://127.0.0.1:39321/
[rosmaster.master][INFO] 2025-12-18 12:01:31,723: publisherUpdate[/arm_controller/follow_joint_trajectory/goal] -> http://127.0.0.1:46085/ ['http://127.0.0.1:35333/']
[rosmaster.master][INFO] 2025-12-18 12:01:31,727: -PUB [/xtion/rgb/image_proc_rectify_color/parameter_updates] /xtion/rgb/image_proc http://127.0.0.1:36505/
[rosmaster.master][INFO] 2025-12-18 12:01:31,728: publisherUpdate[/arm_controller/follow_joint_trajectory/goal] -> http://127.0.0.1:46085/ ['http://127.0.0.1:35333/']: sec=0.00, result=[1, '', 0]
[rosmaster.master][INFO] 2025-12-18 12:01:31,728: publisherUpdate[/arm_controller/follow_joint_trajectory/cancel] -> http://127.0.0.1:46085/ ['http://127.0.0.1:35333/']
[rosmaster.master][INFO] 2025-12-18 12:01:31,728: -PUB [/pickup/result] /move_group http://127.0.0.1:39321/
[rosmaster.master][INFO] 2025-12-18 12:01:31,731: -PUB [/xtion/rgb/image_rect_color/compressedDepth] /xtion/rgb/image_proc http://127.0.0.1:36505/
[rosmaster.master][INFO] 2025-12-18 12:01:31,732: -PUB [/rosout] /play_motion http://127.0.0.1:35333/
[rosmaster.master][INFO] 2025-12-18 12:01:31,733: -PUB [/trajectory_execution_event] /play_motion http://127.0.0.1:35333/
[rosmaster.master][INFO] 2025-12-18 12:01:31,733: publisherUpdate[/arm_controller/follow_joint_trajectory/cancel] -> http://127.0.0.1:46085/ ['http://127.0.0.1:35333/']: sec=0.00, result=[1, '', 0]
[rosmaster.master][INFO] 2025-12-18 12:01:31,734: -PUB [/pickup/feedback] /move_group http://127.0.0.1:39321/
[rosmaster.master][INFO] 2025-12-18 12:01:31,735: -PUB [/xtion/rgb/image_rect_color/compressedDepth/parameter_descriptions] /xtion/rgb/image_proc http://127.0.0.1:36505/
[rosmaster.master][INFO] 2025-12-18 12:01:31,734: publisherUpdate[/execute_trajectory/result] -> http://127.0.0.1:35333/ []
[rosmaster.master][INFO] 2025-12-18 12:01:31,734: +CACHEDPARAM [/rosout_disable_topics_generation] by /bringup_controllers_spawner_ft
[rosmaster.master][INFO] 2025-12-18 12:01:31,734: publisherUpdate[/torso_controller/follow_joint_trajectory/goal] -> http://127.0.0.1:46085/ ['http://127.0.0.1:35333/']
[rosmaster.master][INFO] 2025-12-18 12:01:31,736: -PUB [/attached_collision_object] /play_motion http://127.0.0.1:35333/
[rosmaster.master][INFO] 2025-12-18 12:01:31,739: publisherUpdate[/torso_controller/follow_joint_trajectory/goal] -> http://127.0.0.1:46085/ ['http://127.0.0.1:35333/']: sec=0.00, result=[1, '', 0]
[rosmaster.master][INFO] 2025-12-18 12:01:31,739: publisherUpdate[/torso_controller/follow_joint_trajectory/cancel] -> http://127.0.0.1:46085/ ['http://127.0.0.1:35333/']
[rosmaster.master][INFO] 2025-12-18 12:01:31,740: -PUB [/pickup/status] /move_group http://127.0.0.1:39321/
[rosmaster.master][INFO] 2025-12-18 12:01:31,741: -PUB [/xtion/rgb/image_rect_color/compressedDepth/parameter_updates] /xtion/rgb/image_proc http://127.0.0.1:36505/
[rosmaster.master][INFO] 2025-12-18 12:01:31,742: publisherUpdate[/torso_controller/follow_joint_trajectory/cancel] -> http://127.0.0.1:46085/ ['http://127.0.0.1:35333/']: sec=0.00, result=[1, '', 0]
[rosmaster.master][INFO] 2025-12-18 12:01:31,743: -PUB [/move_group/goal] /play_motion http://127.0.0.1:35333/
[rosmaster.master][INFO] 2025-12-18 12:01:31,744: publisherUpdate[/head_controller/follow_joint_trajectory/goal] -> http://127.0.0.1:46085/ ['http://127.0.0.1:35333/']
[rosmaster.master][INFO] 2025-12-18 12:01:31,743: publisherUpdate[/execute_trajectory/result] -> http://127.0.0.1:35333/ []: sec=0.01, exception=<Fault -1: 'publisherUpdate: unknown method name'>
[rosmaster.master][INFO] 2025-12-18 12:01:31,747: -PUB [/place/result] /move_group http://127.0.0.1:39321/
[rosmaster.master][INFO] 2025-12-18 12:01:31,748: -PUB [/xtion/rgb/image_rect_color/compressed] /xtion/rgb/image_proc http://127.0.0.1:36505/
[rosmaster.threadpool][ERROR] 2025-12-18 12:01:31,747: Traceback (most recent call last):
  File "/opt/ros/noetic/lib/python3/dist-packages/rosmaster/threadpool.py", line 218, in run
    result = cmd(*args)
  File "/opt/ros/noetic/lib/python3/dist-packages/rosmaster/master_api.py", line 210, in publisher_update_task
    ret = xmlrpcapi(api).publisherUpdate('/master', topic, pub_uris)
  File "/usr/lib/python3.8/xmlrpc/client.py", line 1109, in __call__
    return self.__send(self.__name, args)
  File "/usr/lib/python3.8/xmlrpc/client.py", line 1450, in __request
    response = self.__transport.request(
  File "/usr/lib/python3.8/xmlrpc/client.py", line 1153, in request
    return self.single_request(host, handler, request_body, verbose)
  File "/usr/lib/python3.8/xmlrpc/client.py", line 1169, in single_request
    return self.parse_response(resp)
  File "/usr/lib/python3.8/xmlrpc/client.py", line 1341, in parse_response
    return u.close()
  File "/usr/lib/python3.8/xmlrpc/client.py", line 655, in close
    raise Fault(**self._stack[0])
xmlrpc.client.Fault: <Fault -1: 'publisherUpdate: unknown method name'>

[rosmaster.master][INFO] 2025-12-18 12:01:31,749: publisherUpdate[/execute_trajectory/feedback] -> http://127.0.0.1:35333/ []
[rosmaster.master][INFO] 2025-12-18 12:01:31,750: -PUB [/move_group/cancel] /play_motion http://127.0.0.1:35333/
[rosmaster.master][INFO] 2025-12-18 12:01:31,751: -PUB [/place/feedback] /move_group http://127.0.0.1:39321/
[rosmaster.master][INFO] 2025-12-18 12:01:31,752: publisherUpdate[/execute_trajectory/feedback] -> http://127.0.0.1:35333/ []: sec=0.00, exception=<Fault -1: 'publisherUpdate: unknown method name'>
[rosmaster.master][INFO] 2025-12-18 12:01:31,751: publisherUpdate[/head_controller/follow_joint_trajectory/goal] -> http://127.0.0.1:46085/ ['http://127.0.0.1:35333/']: sec=0.00, result=[1, '', 0]
[rosmaster.master][INFO] 2025-12-18 12:01:31,753: -PUB [/xtion/rgb/image_rect_color/compressed/parameter_descriptions] /xtion/rgb/image_proc http://127.0.0.1:36505/
[rosmaster.master][INFO] 2025-12-18 12:01:31,754: publisherUpdate[/head_controller/follow_joint_trajectory/cancel] -> http://127.0.0.1:46085/ ['http://127.0.0.1:35333/']
[rosmaster.threadpool][ERROR] 2025-12-18 12:01:31,759: Traceback (most recent call last):
  File "/opt/ros/noetic/lib/python3/dist-packages/rosmaster/threadpool.py", line 218, in run
    result = cmd(*args)
  File "/opt/ros/noetic/lib/python3/dist-packages/rosmaster/master_api.py", line 210, in publisher_update_task
    ret = xmlrpcapi(api).publisherUpdate('/master', topic, pub_uris)
  File "/usr/lib/python3.8/xmlrpc/client.py", line 1109, in __call__
    return self.__send(self.__name, args)
  File "/usr/lib/python3.8/xmlrpc/client.py", line 1450, in __request
    response = self.__transport.request(
  File "/usr/lib/python3.8/xmlrpc/client.py", line 1153, in request
    return self.single_request(host, handler, request_body, verbose)
  File "/usr/lib/python3.8/xmlrpc/client.py", line 1169, in single_request
    return self.parse_response(resp)
  File "/usr/lib/python3.8/xmlrpc/client.py", line 1341, in parse_response
    return u.close()
  File "/usr/lib/python3.8/xmlrpc/client.py", line 655, in close
    raise Fault(**self._stack[0])
xmlrpc.client.Fault: <Fault -1: 'publisherUpdate: unknown method name'>

[rosmaster.master][INFO] 2025-12-18 12:01:31,762: publisherUpdate[/rosout] -> http://127.0.0.1:38997/ ['http://127.0.0.1:34545/', 'http://127.0.0.1:46085/', 'http://127.0.0.1:36121/', 'http://127.0.0.1:34305/', 'http://127.0.0.1:40891/', 'http://127.0.0.1:34169/']
[rosmaster.master][INFO] 2025-12-18 12:01:31,762: publisherUpdate[/execute_trajectory/status] -> http://127.0.0.1:35333/ []
[rosmaster.master][INFO] 2025-12-18 12:01:31,760: -PUB [/pickup/goal] /play_motion http://127.0.0.1:35333/
[rosmaster.master][INFO] 2025-12-18 12:01:31,766: publisherUpdate[/head_controller/follow_joint_trajectory/cancel] -> http://127.0.0.1:46085/ ['http://127.0.0.1:35333/']: sec=0.01, result=[1, '', 0]
[rosmaster.master][INFO] 2025-12-18 12:01:31,772: publisherUpdate[/gripper_controller/follow_joint_trajectory/goal] -> http://127.0.0.1:46085/ ['http://127.0.0.1:35333/']
[rosmaster.master][INFO] 2025-12-18 12:01:31,771: publisherUpdate[/rosout] -> http://127.0.0.1:38997/ ['http://127.0.0.1:34545/', 'http://127.0.0.1:46085/', 'http://127.0.0.1:36121/', 'http://127.0.0.1:34305/', 'http://127.0.0.1:40891/', 'http://127.0.0.1:34169/']: sec=0.01, result=[1, '', 0]
[rosmaster.master][INFO] 2025-12-18 12:01:31,771: -PUB [/place/status] /move_group http://127.0.0.1:39321/
[rosmaster.master][INFO] 2025-12-18 12:01:31,773: publisherUpdate[/trajectory_execution_event] -> http://127.0.0.1:39321/ []
[rosmaster.master][INFO] 2025-12-18 12:01:31,780: publisherUpdate[/execute_trajectory/status] -> http://127.0.0.1:35333/ []: sec=0.02, exception=<Fault -1: 'publisherUpdate: unknown method name'>
[rosmaster.threadpool][ERROR] 2025-12-18 12:01:31,787: Traceback (most recent call last):
  File "/opt/ros/noetic/lib/python3/dist-packages/rosmaster/threadpool.py", line 218, in run
    result = cmd(*args)
  File "/opt/ros/noetic/lib/python3/dist-packages/rosmaster/master_api.py", line 210, in publisher_update_task
    ret = xmlrpcapi(api).publisherUpdate('/master', topic, pub_uris)
  File "/usr/lib/python3.8/xmlrpc/client.py", line 1109, in __call__
    return self.__send(self.__name, args)
  File "/usr/lib/python3.8/xmlrpc/client.py", line 1450, in __request
    response = self.__transport.request(
  File "/usr/lib/python3.8/xmlrpc/client.py", line 1153, in request
    return self.single_request(host, handler, request_body, verbose)
  File "/usr/lib/python3.8/xmlrpc/client.py", line 1169, in single_request
    return self.parse_response(resp)
  File "/usr/lib/python3.8/xmlrpc/client.py", line 1341, in parse_response
    return u.close()
  File "/usr/lib/python3.8/xmlrpc/client.py", line 655, in close
    raise Fault(**self._stack[0])
xmlrpc.client.Fault: <Fault -1: 'publisherUpdate: unknown method name'>

[rosmaster.master][INFO] 2025-12-18 12:01:31,791: publisherUpdate[/move_group/result] -> http://127.0.0.1:35333/ []
[rosmaster.master][INFO] 2025-12-18 12:01:31,788: -PUB [/xtion/rgb/image_rect_color/compressed/parameter_updates] /xtion/rgb/image_proc http://127.0.0.1:36505/
[rosmaster.master][INFO] 2025-12-18 12:01:31,789: publisherUpdate[/trajectory_execution_event] -> http://127.0.0.1:39321/ []: sec=0.01, exception=<Fault -1: 'publisherUpdate: unknown method name'>
[rosmaster.master][INFO] 2025-12-18 12:01:31,788: publisherUpdate[/gripper_controller/follow_joint_trajectory/goal] -> http://127.0.0.1:46085/ ['http://127.0.0.1:35333/']: sec=0.02, result=[1, '', 0]
[rosmaster.master][INFO] 2025-12-18 12:01:31,794: publisherUpdate[/gripper_controller/follow_joint_trajectory/cancel] -> http://127.0.0.1:46085/ ['http://127.0.0.1:35333/']
[rosmaster.threadpool][ERROR] 2025-12-18 12:01:31,794: Traceback (most recent call last):
  File "/opt/ros/noetic/lib/python3/dist-packages/rosmaster/threadpool.py", line 218, in run
    result = cmd(*args)
  File "/opt/ros/noetic/lib/python3/dist-packages/rosmaster/master_api.py", line 210, in publisher_update_task
    ret = xmlrpcapi(api).publisherUpdate('/master', topic, pub_uris)
  File "/usr/lib/python3.8/xmlrpc/client.py", line 1109, in __call__
    return self.__send(self.__name, args)
  File "/usr/lib/python3.8/xmlrpc/client.py", line 1450, in __request
    response = self.__transport.request(
  File "/usr/lib/python3.8/xmlrpc/client.py", line 1153, in request
    return self.single_request(host, handler, request_body, verbose)
  File "/usr/lib/python3.8/xmlrpc/client.py", line 1169, in single_request
    return self.parse_response(resp)
  File "/usr/lib/python3.8/xmlrpc/client.py", line 1341, in parse_response
    return u.close()
  File "/usr/lib/python3.8/xmlrpc/client.py", line 655, in close
    raise Fault(**self._stack[0])
xmlrpc.client.Fault: <Fault -1: 'publisherUpdate: unknown method name'>

[rosmaster.master][INFO] 2025-12-18 12:01:31,793: -PUB [/pickup/cancel] /play_motion http://127.0.0.1:35333/
[rosmaster.master][INFO] 2025-12-18 12:01:31,795: publisherUpdate[/move_group/result] -> http://127.0.0.1:35333/ []: sec=0.00, exception=<Fault -1: 'publisherUpdate: unknown method name'>
[rosmaster.master][INFO] 2025-12-18 12:01:31,796: publisherUpdate[/attached_collision_object] -> http://127.0.0.1:39321/ []
[rosmaster.threadpool][ERROR] 2025-12-18 12:01:31,796: Traceback (most recent call last):
  File "/opt/ros/noetic/lib/python3/dist-packages/rosmaster/threadpool.py", line 218, in run
    result = cmd(*args)
  File "/opt/ros/noetic/lib/python3/dist-packages/rosmaster/master_api.py", line 210, in publisher_update_task
    ret = xmlrpcapi(api).publisherUpdate('/master', topic, pub_uris)
  File "/usr/lib/python3.8/xmlrpc/client.py", line 1109, in __call__
    return self.__send(self.__name, args)
  File "/usr/lib/python3.8/xmlrpc/client.py", line 1450, in __request
    response = self.__transport.request(
  File "/usr/lib/python3.8/xmlrpc/client.py", line 1153, in request
    return self.single_request(host, handler, request_body, verbose)
  File "/usr/lib/python3.8/xmlrpc/client.py", line 1169, in single_request
    return self.parse_response(resp)
  File "/usr/lib/python3.8/xmlrpc/client.py", line 1341, in parse_response
    return u.close()
  File "/usr/lib/python3.8/xmlrpc/client.py", line 655, in close
    raise Fault(**self._stack[0])
xmlrpc.client.Fault: <Fault -1: 'publisherUpdate: unknown method name'>

[rosmaster.master][INFO] 2025-12-18 12:01:31,797: -SUB [/clock] /move_group http://127.0.0.1:39321/
[rosmaster.master][INFO] 2025-12-18 12:01:31,807: publisherUpdate[/move_group/feedback] -> http://127.0.0.1:35333/ []
[rosmaster.master][INFO] 2025-12-18 12:01:31,814: publisherUpdate[/gripper_controller/follow_joint_trajectory/cancel] -> http://127.0.0.1:46085/ ['http://127.0.0.1:35333/']: sec=0.02, result=[1, '', 0]
[rosmaster.master][INFO] 2025-12-18 12:01:31,815: -PUB [/xtion/rgb/image_rect_color] /xtion/rgb/image_proc http://127.0.0.1:36505/
[rosmaster.master][INFO] 2025-12-18 12:01:31,809: publisherUpdate[/attached_collision_object] -> http://127.0.0.1:39321/ []: sec=0.01, exception=<Fault -1: 'publisherUpdate: unknown method name'>
[rosmaster.threadpool][ERROR] 2025-12-18 12:01:31,816: Traceback (most recent call last):
  File "/opt/ros/noetic/lib/python3/dist-packages/rosmaster/threadpool.py", line 218, in run
    result = cmd(*args)
  File "/opt/ros/noetic/lib/python3/dist-packages/rosmaster/master_api.py", line 210, in publisher_update_task
    ret = xmlrpcapi(api).publisherUpdate('/master', topic, pub_uris)
  File "/usr/lib/python3.8/xmlrpc/client.py", line 1109, in __call__
    return self.__send(self.__name, args)
  File "/usr/lib/python3.8/xmlrpc/client.py", line 1450, in __request
    response = self.__transport.request(
  File "/usr/lib/python3.8/xmlrpc/client.py", line 1153, in request
    return self.single_request(host, handler, request_body, verbose)
  File "/usr/lib/python3.8/xmlrpc/client.py", line 1169, in single_request
    return self.parse_response(resp)
  File "/usr/lib/python3.8/xmlrpc/client.py", line 1341, in parse_response
    return u.close()
  File "/usr/lib/python3.8/xmlrpc/client.py", line 655, in close
    raise Fault(**self._stack[0])
xmlrpc.client.Fault: <Fault -1: 'publisherUpdate: unknown method name'>

[rosmaster.master][INFO] 2025-12-18 12:01:31,816: publisherUpdate[/move_group/goal] -> http://127.0.0.1:39321/ []
[rosmaster.master][INFO] 2025-12-18 12:01:31,817: publisherUpdate[/move_group/feedback] -> http://127.0.0.1:35333/ []: sec=0.00, exception=<Fault -1: 'publisherUpdate: unknown method name'>
[rosmaster.master][INFO] 2025-12-18 12:01:31,817: -PUB [/place/goal] /play_motion http://127.0.0.1:35333/
[rosmaster.threadpool][ERROR] 2025-12-18 12:01:31,819: Traceback (most recent call last):
  File "/opt/ros/noetic/lib/python3/dist-packages/rosmaster/threadpool.py", line 218, in run
    result = cmd(*args)
  File "/opt/ros/noetic/lib/python3/dist-packages/rosmaster/master_api.py", line 210, in publisher_update_task
    ret = xmlrpcapi(api).publisherUpdate('/master', topic, pub_uris)
  File "/usr/lib/python3.8/xmlrpc/client.py", line 1109, in __call__
    return self.__send(self.__name, args)
  File "/usr/lib/python3.8/xmlrpc/client.py", line 1450, in __request
    response = self.__transport.request(
  File "/usr/lib/python3.8/xmlrpc/client.py", line 1153, in request
    return self.single_request(host, handler, request_body, verbose)
  File "/usr/lib/python3.8/xmlrpc/client.py", line 1169, in single_request
    return self.parse_response(resp)
  File "/usr/lib/python3.8/xmlrpc/client.py", line 1341, in parse_response
    return u.close()
  File "/usr/lib/python3.8/xmlrpc/client.py", line 655, in close
    raise Fault(**self._stack[0])
xmlrpc.client.Fault: <Fault -1: 'publisherUpdate: unknown method name'>

[rosmaster.master][INFO] 2025-12-18 12:01:31,820: publisherUpdate[/move_group/status] -> http://127.0.0.1:35333/ []
[rosmaster.master][INFO] 2025-12-18 12:01:31,819: publisherUpdate[/move_group/goal] -> http://127.0.0.1:39321/ []: sec=0.00, exception=<Fault -1: 'publisherUpdate: unknown method name'>
[rosmaster.master][INFO] 2025-12-18 12:01:31,821: -SUB [/tf] /move_group http://127.0.0.1:39321/
[rosmaster.master][INFO] 2025-12-18 12:01:31,823: publisherUpdate[/move_group/status] -> http://127.0.0.1:35333/ []: sec=0.00, exception=<Fault -1: 'publisherUpdate: unknown method name'>
[rosmaster.threadpool][ERROR] 2025-12-18 12:01:31,824: Traceback (most recent call last):
  File "/opt/ros/noetic/lib/python3/dist-packages/rosmaster/threadpool.py", line 218, in run
    result = cmd(*args)
  File "/opt/ros/noetic/lib/python3/dist-packages/rosmaster/master_api.py", line 210, in publisher_update_task
    ret = xmlrpcapi(api).publisherUpdate('/master', topic, pub_uris)
  File "/usr/lib/python3.8/xmlrpc/client.py", line 1109, in __call__
    return self.__send(self.__name, args)
  File "/usr/lib/python3.8/xmlrpc/client.py", line 1450, in __request
    response = self.__transport.request(
  File "/usr/lib/python3.8/xmlrpc/client.py", line 1153, in request
    return self.single_request(host, handler, request_body, verbose)
  File "/usr/lib/python3.8/xmlrpc/client.py", line 1169, in single_request
    return self.parse_response(resp)
  File "/usr/lib/python3.8/xmlrpc/client.py", line 1341, in parse_response
    return u.close()
  File "/usr/lib/python3.8/xmlrpc/client.py", line 655, in close
    raise Fault(**self._stack[0])
xmlrpc.client.Fault: <Fault -1: 'publisherUpdate: unknown method name'>

[rosmaster.master][INFO] 2025-12-18 12:01:31,826: publisherUpdate[/pickup/result] -> http://127.0.0.1:35333/ []
[rosmaster.threadpool][ERROR] 2025-12-18 12:01:31,825: Traceback (most recent call last):
  File "/opt/ros/noetic/lib/python3/dist-packages/rosmaster/threadpool.py", line 218, in run
    result = cmd(*args)
  File "/opt/ros/noetic/lib/python3/dist-packages/rosmaster/master_api.py", line 210, in publisher_update_task
    ret = xmlrpcapi(api).publisherUpdate('/master', topic, pub_uris)
  File "/usr/lib/python3.8/xmlrpc/client.py", line 1109, in __call__
    return self.__send(self.__name, args)
  File "/usr/lib/python3.8/xmlrpc/client.py", line 1450, in __request
    response = self.__transport.request(
  File "/usr/lib/python3.8/xmlrpc/client.py", line 1153, in request
    return self.single_request(host, handler, request_body, verbose)
  File "/usr/lib/python3.8/xmlrpc/client.py", line 1169, in single_request
    return self.parse_response(resp)
  File "/usr/lib/python3.8/xmlrpc/client.py", line 1341, in parse_response
    return u.close()
  File "/usr/lib/python3.8/xmlrpc/client.py", line 655, in close
    raise Fault(**self._stack[0])
xmlrpc.client.Fault: <Fault -1: 'publisherUpdate: unknown method name'>

[rosmaster.master][INFO] 2025-12-18 12:01:31,827: publisherUpdate[/move_group/cancel] -> http://127.0.0.1:39321/ []
[rosmaster.master][INFO] 2025-12-18 12:01:31,825: -PUB [/xtion/rgb/image_rect_color/theora] /xtion/rgb/image_proc http://127.0.0.1:36505/
[rosmaster.master][INFO] 2025-12-18 12:01:31,829: +CACHEDPARAM [/rosout_disable_topics_generation] by /bringup_controllers_spawner_imu
[rosmaster.master][INFO] 2025-12-18 12:01:31,828: publisherUpdate[/pickup/result] -> http://127.0.0.1:35333/ []: sec=0.00, exception=<Fault -1: 'publisherUpdate: unknown method name'>
[rosmaster.threadpool][ERROR] 2025-12-18 12:01:31,837: Traceback (most recent call last):
  File "/opt/ros/noetic/lib/python3/dist-packages/rosmaster/threadpool.py", line 218, in run
    result = cmd(*args)
  File "/opt/ros/noetic/lib/python3/dist-packages/rosmaster/master_api.py", line 210, in publisher_update_task
    ret = xmlrpcapi(api).publisherUpdate('/master', topic, pub_uris)
  File "/usr/lib/python3.8/xmlrpc/client.py", line 1109, in __call__
    return self.__send(self.__name, args)
  File "/usr/lib/python3.8/xmlrpc/client.py", line 1450, in __request
    response = self.__transport.request(
  File "/usr/lib/python3.8/xmlrpc/client.py", line 1153, in request
    return self.single_request(host, handler, request_body, verbose)
  File "/usr/lib/python3.8/xmlrpc/client.py", line 1169, in single_request
    return self.parse_response(resp)
  File "/usr/lib/python3.8/xmlrpc/client.py", line 1341, in parse_response
    return u.close()
  File "/usr/lib/python3.8/xmlrpc/client.py", line 655, in close
    raise Fault(**self._stack[0])
xmlrpc.client.Fault: <Fault -1: 'publisherUpdate: unknown method name'>

[rosmaster.master][INFO] 2025-12-18 12:01:31,837: publisherUpdate[/pickup/feedback] -> http://127.0.0.1:35333/ []
[rosmaster.master][INFO] 2025-12-18 12:01:31,829: -PUB [/place/cancel] /play_motion http://127.0.0.1:35333/
[rosmaster.master][INFO] 2025-12-18 12:01:31,830: publisherUpdate[/move_group/cancel] -> http://127.0.0.1:39321/ []: sec=0.00, exception=<Fault -1: 'publisherUpdate: unknown method name'>
[rosmaster.master][INFO] 2025-12-18 12:01:31,838: -SUB [/tf_static] /move_group http://127.0.0.1:39321/
[rosmaster.threadpool][ERROR] 2025-12-18 12:01:31,840: Traceback (most recent call last):
  File "/opt/ros/noetic/lib/python3/dist-packages/rosmaster/threadpool.py", line 218, in run
    result = cmd(*args)
  File "/opt/ros/noetic/lib/python3/dist-packages/rosmaster/master_api.py", line 210, in publisher_update_task
    ret = xmlrpcapi(api).publisherUpdate('/master', topic, pub_uris)
  File "/usr/lib/python3.8/xmlrpc/client.py", line 1109, in __call__
    return self.__send(self.__name, args)
  File "/usr/lib/python3.8/xmlrpc/client.py", line 1450, in __request
    response = self.__transport.request(
  File "/usr/lib/python3.8/xmlrpc/client.py", line 1153, in request
    return self.single_request(host, handler, request_body, verbose)
  File "/usr/lib/python3.8/xmlrpc/client.py", line 1169, in single_request
    return self.parse_response(resp)
  File "/usr/lib/python3.8/xmlrpc/client.py", line 1341, in parse_response
    return u.close()
  File "/usr/lib/python3.8/xmlrpc/client.py", line 655, in close
    raise Fault(**self._stack[0])
xmlrpc.client.Fault: <Fault -1: 'publisherUpdate: unknown method name'>

[rosmaster.master][INFO] 2025-12-18 12:01:31,842: publisherUpdate[/pickup/feedback] -> http://127.0.0.1:35333/ []: sec=0.00, exception=<Fault -1: 'publisherUpdate: unknown method name'>
[rosmaster.master][INFO] 2025-12-18 12:01:31,848: -PUB [/xtion/rgb/image_rect_color/theora/parameter_descriptions] /xtion/rgb/image_proc http://127.0.0.1:36505/
[rosmaster.master][INFO] 2025-12-18 12:01:31,852: -PUB [/execute_trajectory/goal] /play_motion http://127.0.0.1:35333/
[rosmaster.master][INFO] 2025-12-18 12:01:31,849: publisherUpdate[/pickup/goal] -> http://127.0.0.1:39321/ []
[rosmaster.threadpool][ERROR] 2025-12-18 12:01:31,855: Traceback (most recent call last):
  File "/opt/ros/noetic/lib/python3/dist-packages/rosmaster/threadpool.py", line 218, in run
    result = cmd(*args)
  File "/opt/ros/noetic/lib/python3/dist-packages/rosmaster/master_api.py", line 210, in publisher_update_task
    ret = xmlrpcapi(api).publisherUpdate('/master', topic, pub_uris)
  File "/usr/lib/python3.8/xmlrpc/client.py", line 1109, in __call__
    return self.__send(self.__name, args)
  File "/usr/lib/python3.8/xmlrpc/client.py", line 1450, in __request
    response = self.__transport.request(
  File "/usr/lib/python3.8/xmlrpc/client.py", line 1153, in request
    return self.single_request(host, handler, request_body, verbose)
  File "/usr/lib/python3.8/xmlrpc/client.py", line 1169, in single_request
    return self.parse_response(resp)
  File "/usr/lib/python3.8/xmlrpc/client.py", line 1341, in parse_response
    return u.close()
  File "/usr/lib/python3.8/xmlrpc/client.py", line 655, in close
    raise Fault(**self._stack[0])
xmlrpc.client.Fault: <Fault -1: 'publisherUpdate: unknown method name'>

[rosmaster.master][INFO] 2025-12-18 12:01:31,858: publisherUpdate[/pickup/status] -> http://127.0.0.1:35333/ []
[rosmaster.master][INFO] 2025-12-18 12:01:31,858: -SUB [/joint_states] /move_group http://127.0.0.1:39321/
[rosmaster.master][INFO] 2025-12-18 12:01:31,859: publisherUpdate[/pickup/goal] -> http://127.0.0.1:39321/ []: sec=0.01, exception=<Fault -1: 'publisherUpdate: unknown method name'>
[rosmaster.threadpool][ERROR] 2025-12-18 12:01:31,861: Traceback (most recent call last):
  File "/opt/ros/noetic/lib/python3/dist-packages/rosmaster/threadpool.py", line 218, in run
    result = cmd(*args)
  File "/opt/ros/noetic/lib/python3/dist-packages/rosmaster/master_api.py", line 210, in publisher_update_task
    ret = xmlrpcapi(api).publisherUpdate('/master', topic, pub_uris)
  File "/usr/lib/python3.8/xmlrpc/client.py", line 1109, in __call__
    return self.__send(self.__name, args)
  File "/usr/lib/python3.8/xmlrpc/client.py", line 1450, in __request
    response = self.__transport.request(
  File "/usr/lib/python3.8/xmlrpc/client.py", line 1153, in request
    return self.single_request(host, handler, request_body, verbose)
  File "/usr/lib/python3.8/xmlrpc/client.py", line 1169, in single_request
    return self.parse_response(resp)
  File "/usr/lib/python3.8/xmlrpc/client.py", line 1341, in parse_response
    return u.close()
  File "/usr/lib/python3.8/xmlrpc/client.py", line 655, in close
    raise Fault(**self._stack[0])
xmlrpc.client.Fault: <Fault -1: 'publisherUpdate: unknown method name'>

[rosmaster.master][INFO] 2025-12-18 12:01:31,861: publisherUpdate[/pickup/cancel] -> http://127.0.0.1:39321/ []
[rosmaster.master][INFO] 2025-12-18 12:01:31,862: publisherUpdate[/pickup/status] -> http://127.0.0.1:35333/ []: sec=0.00, exception=<Fault -1: 'publisherUpdate: unknown method name'>
[rosmaster.threadpool][ERROR] 2025-12-18 12:01:31,863: Traceback (most recent call last):
  File "/opt/ros/noetic/lib/python3/dist-packages/rosmaster/threadpool.py", line 218, in run
    result = cmd(*args)
  File "/opt/ros/noetic/lib/python3/dist-packages/rosmaster/master_api.py", line 210, in publisher_update_task
    ret = xmlrpcapi(api).publisherUpdate('/master', topic, pub_uris)
  File "/usr/lib/python3.8/xmlrpc/client.py", line 1109, in __call__
    return self.__send(self.__name, args)
  File "/usr/lib/python3.8/xmlrpc/client.py", line 1450, in __request
    response = self.__transport.request(
  File "/usr/lib/python3.8/xmlrpc/client.py", line 1153, in request
    return self.single_request(host, handler, request_body, verbose)
  File "/usr/lib/python3.8/xmlrpc/client.py", line 1169, in single_request
    return self.parse_response(resp)
  File "/usr/lib/python3.8/xmlrpc/client.py", line 1341, in parse_response
    return u.close()
  File "/usr/lib/python3.8/xmlrpc/client.py", line 655, in close
    raise Fault(**self._stack[0])
xmlrpc.client.Fault: <Fault -1: 'publisherUpdate: unknown method name'>

[rosmaster.master][INFO] 2025-12-18 12:01:31,863: publisherUpdate[/place/result] -> http://127.0.0.1:35333/ []
[rosmaster.master][INFO] 2025-12-18 12:01:31,863: -PUB [/xtion/rgb/image_rect_color/theora/parameter_updates] /xtion/rgb/image_proc http://127.0.0.1:36505/
[rosmaster.master][INFO] 2025-12-18 12:01:31,864: publisherUpdate[/pickup/cancel] -> http://127.0.0.1:39321/ []: sec=0.00, exception=<Fault -1: 'publisherUpdate: unknown method name'>
[rosmaster.threadpool][ERROR] 2025-12-18 12:01:31,866: Traceback (most recent call last):
  File "/opt/ros/noetic/lib/python3/dist-packages/rosmaster/threadpool.py", line 218, in run
    result = cmd(*args)
  File "/opt/ros/noetic/lib/python3/dist-packages/rosmaster/master_api.py", line 210, in publisher_update_task
    ret = xmlrpcapi(api).publisherUpdate('/master', topic, pub_uris)
  File "/usr/lib/python3.8/xmlrpc/client.py", line 1109, in __call__
    return self.__send(self.__name, args)
  File "/usr/lib/python3.8/xmlrpc/client.py", line 1450, in __request
    response = self.__transport.request(
  File "/usr/lib/python3.8/xmlrpc/client.py", line 1153, in request
    return self.single_request(host, handler, request_body, verbose)
  File "/usr/lib/python3.8/xmlrpc/client.py", line 1169, in single_request
    return self.parse_response(resp)
  File "/usr/lib/python3.8/xmlrpc/client.py", line 1341, in parse_response
    return u.close()
  File "/usr/lib/python3.8/xmlrpc/client.py", line 655, in close
    raise Fault(**self._stack[0])
xmlrpc.client.Fault: <Fault -1: 'publisherUpdate: unknown method name'>

[rosmaster.master][INFO] 2025-12-18 12:01:31,866: publisherUpdate[/place/result] -> http://127.0.0.1:35333/ []: sec=0.00, exception=<Fault -1: 'publisherUpdate: unknown method name'>
[rosmaster.master][INFO] 2025-12-18 12:01:31,865: -SUB [/clock] /xtion/rgb/image_proc http://127.0.0.1:36505/
[rosmaster.master][INFO] 2025-12-18 12:01:31,866: publisherUpdate[/place/goal] -> http://127.0.0.1:39321/ []
[rosmaster.master][INFO] 2025-12-18 12:01:31,867: -SERVICE [/xtion/rgb/image_proc/get_loggers] /xtion/rgb/image_proc rosrpc://127.0.0.1:38201
[rosmaster.threadpool][ERROR] 2025-12-18 12:01:31,868: Traceback (most recent call last):
  File "/opt/ros/noetic/lib/python3/dist-packages/rosmaster/threadpool.py", line 218, in run
    result = cmd(*args)
  File "/opt/ros/noetic/lib/python3/dist-packages/rosmaster/master_api.py", line 210, in publisher_update_task
    ret = xmlrpcapi(api).publisherUpdate('/master', topic, pub_uris)
  File "/usr/lib/python3.8/xmlrpc/client.py", line 1109, in __call__
    return self.__send(self.__name, args)
  File "/usr/lib/python3.8/xmlrpc/client.py", line 1450, in __request
    response = self.__transport.request(
  File "/usr/lib/python3.8/xmlrpc/client.py", line 1153, in request
    return self.single_request(host, handler, request_body, verbose)
  File "/usr/lib/python3.8/xmlrpc/client.py", line 1169, in single_request
    return self.parse_response(resp)
  File "/usr/lib/python3.8/xmlrpc/client.py", line 1341, in parse_response
    return u.close()
  File "/usr/lib/python3.8/xmlrpc/client.py", line 655, in close
    raise Fault(**self._stack[0])
xmlrpc.client.Fault: <Fault -1: 'publisherUpdate: unknown method name'>

[rosmaster.master][INFO] 2025-12-18 12:01:31,868: -PUB [/execute_trajectory/cancel] /play_motion http://127.0.0.1:35333/
[rosmaster.master][INFO] 2025-12-18 12:01:31,869: publisherUpdate[/place/feedback] -> http://127.0.0.1:35333/ []
[rosmaster.master][INFO] 2025-12-18 12:01:31,869: -SUB [/attached_collision_object] /move_group http://127.0.0.1:39321/
[rosmaster.master][INFO] 2025-12-18 12:01:31,870: publisherUpdate[/place/goal] -> http://127.0.0.1:39321/ []: sec=0.00, exception=<Fault -1: 'publisherUpdate: unknown method name'>
[rosmaster.master][INFO] 2025-12-18 12:01:31,871: -PUB [/play_motion/result] /play_motion http://127.0.0.1:35333/
[rosmaster.master][INFO] 2025-12-18 12:01:31,873: -SERVICE [/xtion/rgb/image_proc/set_logger_level] /xtion/rgb/image_proc rosrpc://127.0.0.1:38201
[rosmaster.threadpool][ERROR] 2025-12-18 12:01:31,872: Traceback (most recent call last):
  File "/opt/ros/noetic/lib/python3/dist-packages/rosmaster/threadpool.py", line 218, in run
    result = cmd(*args)
  File "/opt/ros/noetic/lib/python3/dist-packages/rosmaster/master_api.py", line 210, in publisher_update_task
    ret = xmlrpcapi(api).publisherUpdate('/master', topic, pub_uris)
  File "/usr/lib/python3.8/xmlrpc/client.py", line 1109, in __call__
    return self.__send(self.__name, args)
  File "/usr/lib/python3.8/xmlrpc/client.py", line 1450, in __request
    response = self.__transport.request(
  File "/usr/lib/python3.8/xmlrpc/client.py", line 1153, in request
    return self.single_request(host, handler, request_body, verbose)
  File "/usr/lib/python3.8/xmlrpc/client.py", line 1169, in single_request
    return self.parse_response(resp)
  File "/usr/lib/python3.8/xmlrpc/client.py", line 1341, in parse_response
    return u.close()
  File "/usr/lib/python3.8/xmlrpc/client.py", line 655, in close
    raise Fault(**self._stack[0])
xmlrpc.client.Fault: <Fault -1: 'publisherUpdate: unknown method name'>

[rosmaster.master][INFO] 2025-12-18 12:01:31,874: publisherUpdate[/place/cancel] -> http://127.0.0.1:39321/ []
[rosmaster.master][INFO] 2025-12-18 12:01:31,874: -SUB [/planning_scene] /move_group http://127.0.0.1:39321/
[rosmaster.master][INFO] 2025-12-18 12:01:31,873: publisherUpdate[/place/feedback] -> http://127.0.0.1:35333/ []: sec=0.00, exception=<Fault -1: 'publisherUpdate: unknown method name'>
[rosmaster.master][INFO] 2025-12-18 12:01:31,875: -PUB [/play_motion/feedback] /play_motion http://127.0.0.1:35333/
[rosmaster.threadpool][ERROR] 2025-12-18 12:01:31,876: Traceback (most recent call last):
  File "/opt/ros/noetic/lib/python3/dist-packages/rosmaster/threadpool.py", line 218, in run
    result = cmd(*args)
  File "/opt/ros/noetic/lib/python3/dist-packages/rosmaster/master_api.py", line 210, in publisher_update_task
    ret = xmlrpcapi(api).publisherUpdate('/master', topic, pub_uris)
  File "/usr/lib/python3.8/xmlrpc/client.py", line 1109, in __call__
    return self.__send(self.__name, args)
  File "/usr/lib/python3.8/xmlrpc/client.py", line 1450, in __request
    response = self.__transport.request(
  File "/usr/lib/python3.8/xmlrpc/client.py", line 1153, in request
    return self.single_request(host, handler, request_body, verbose)
  File "/usr/lib/python3.8/xmlrpc/client.py", line 1169, in single_request
    return self.parse_response(resp)
  File "/usr/lib/python3.8/xmlrpc/client.py", line 1341, in parse_response
    return u.close()
  File "/usr/lib/python3.8/xmlrpc/client.py", line 655, in close
    raise Fault(**self._stack[0])
xmlrpc.client.Fault: <Fault -1: 'publisherUpdate: unknown method name'>

[rosmaster.master][INFO] 2025-12-18 12:01:31,877: publisherUpdate[/place/status] -> http://127.0.0.1:35333/ []
[rosmaster.master][INFO] 2025-12-18 12:01:31,877: publisherUpdate[/place/cancel] -> http://127.0.0.1:39321/ []: sec=0.00, exception=<Fault -1: 'publisherUpdate: unknown method name'>
[rosmaster.master][INFO] 2025-12-18 12:01:31,877: -SERVICE [/xtion/rgb/image_proc_debayer/set_parameters] /xtion/rgb/image_proc rosrpc://127.0.0.1:38201
[rosmaster.threadpool][ERROR] 2025-12-18 12:01:31,878: Traceback (most recent call last):
  File "/opt/ros/noetic/lib/python3/dist-packages/rosmaster/threadpool.py", line 218, in run
    result = cmd(*args)
  File "/opt/ros/noetic/lib/python3/dist-packages/rosmaster/master_api.py", line 210, in publisher_update_task
    ret = xmlrpcapi(api).publisherUpdate('/master', topic, pub_uris)
  File "/usr/lib/python3.8/xmlrpc/client.py", line 1109, in __call__
    return self.__send(self.__name, args)
  File "/usr/lib/python3.8/xmlrpc/client.py", line 1450, in __request
    response = self.__transport.request(
  File "/usr/lib/python3.8/xmlrpc/client.py", line 1153, in request
    return self.single_request(host, handler, request_body, verbose)
  File "/usr/lib/python3.8/xmlrpc/client.py", line 1169, in single_request
    return self.parse_response(resp)
  File "/usr/lib/python3.8/xmlrpc/client.py", line 1341, in parse_response
    return u.close()
  File "/usr/lib/python3.8/xmlrpc/client.py", line 655, in close
    raise Fault(**self._stack[0])
xmlrpc.client.Fault: <Fault -1: 'publisherUpdate: unknown method name'>

[rosmaster.master][INFO] 2025-12-18 12:01:31,880: publisherUpdate[/execute_trajectory/goal] -> http://127.0.0.1:39321/ []
[rosmaster.master][INFO] 2025-12-18 12:01:31,879: publisherUpdate[/place/status] -> http://127.0.0.1:35333/ []: sec=0.00, exception=<Fault -1: 'publisherUpdate: unknown method name'>
[rosmaster.threadpool][ERROR] 2025-12-18 12:01:31,881: Traceback (most recent call last):
  File "/opt/ros/noetic/lib/python3/dist-packages/rosmaster/threadpool.py", line 218, in run
    result = cmd(*args)
  File "/opt/ros/noetic/lib/python3/dist-packages/rosmaster/master_api.py", line 210, in publisher_update_task
    ret = xmlrpcapi(api).publisherUpdate('/master', topic, pub_uris)
  File "/usr/lib/python3.8/xmlrpc/client.py", line 1109, in __call__
    return self.__send(self.__name, args)
  File "/usr/lib/python3.8/xmlrpc/client.py", line 1450, in __request
    response = self.__transport.request(
  File "/usr/lib/python3.8/xmlrpc/client.py", line 1153, in request
    return self.single_request(host, handler, request_body, verbose)
  File "/usr/lib/python3.8/xmlrpc/client.py", line 1169, in single_request
    return self.parse_response(resp)
  File "/usr/lib/python3.8/xmlrpc/client.py", line 1341, in parse_response
    return u.close()
  File "/usr/lib/python3.8/xmlrpc/client.py", line 655, in close
    raise Fault(**self._stack[0])
xmlrpc.client.Fault: <Fault -1: 'publisherUpdate: unknown method name'>

[rosmaster.master][INFO] 2025-12-18 12:01:31,880: -SUB [/collision_object] /move_group http://127.0.0.1:39321/
[rosmaster.master][INFO] 2025-12-18 12:01:31,882: -PUB [/play_motion/status] /play_motion http://127.0.0.1:35333/
[rosmaster.master][INFO] 2025-12-18 12:01:31,881: publisherUpdate[/execute_trajectory/goal] -> http://127.0.0.1:39321/ []: sec=0.00, exception=<Fault -1: 'publisherUpdate: unknown method name'>
[rosmaster.master][INFO] 2025-12-18 12:01:31,883: -SERVICE [/xtion/rgb/image_mono/compressedDepth/set_parameters] /xtion/rgb/image_proc rosrpc://127.0.0.1:38201
[rosmaster.threadpool][ERROR] 2025-12-18 12:01:31,884: Traceback (most recent call last):
  File "/opt/ros/noetic/lib/python3/dist-packages/rosmaster/threadpool.py", line 218, in run
    result = cmd(*args)
  File "/opt/ros/noetic/lib/python3/dist-packages/rosmaster/master_api.py", line 210, in publisher_update_task
    ret = xmlrpcapi(api).publisherUpdate('/master', topic, pub_uris)
  File "/usr/lib/python3.8/xmlrpc/client.py", line 1109, in __call__
    return self.__send(self.__name, args)
  File "/usr/lib/python3.8/xmlrpc/client.py", line 1450, in __request
    response = self.__transport.request(
  File "/usr/lib/python3.8/xmlrpc/client.py", line 1153, in request
    return self.single_request(host, handler, request_body, verbose)
  File "/usr/lib/python3.8/xmlrpc/client.py", line 1169, in single_request
    return self.parse_response(resp)
  File "/usr/lib/python3.8/xmlrpc/client.py", line 1341, in parse_response
    return u.close()
  File "/usr/lib/python3.8/xmlrpc/client.py", line 655, in close
    raise Fault(**self._stack[0])
xmlrpc.client.Fault: <Fault -1: 'publisherUpdate: unknown method name'>

[rosmaster.master][INFO] 2025-12-18 12:01:31,884: -SUB [/planning_scene_world] /move_group http://127.0.0.1:39321/
[rosmaster.master][INFO] 2025-12-18 12:01:31,884: publisherUpdate[/execute_trajectory/cancel] -> http://127.0.0.1:39321/ []
[rosmaster.master][INFO] 2025-12-18 12:01:31,885: -PUB [/diagnostics] /play_motion http://127.0.0.1:35333/
[rosmaster.master][INFO] 2025-12-18 12:01:31,886: -SERVICE [/xtion/rgb/image_mono/compressed/set_parameters] /xtion/rgb/image_proc rosrpc://127.0.0.1:38201
[rosmaster.master][INFO] 2025-12-18 12:01:31,887: publisherUpdate[/execute_trajectory/cancel] -> http://127.0.0.1:39321/ []: sec=0.00, exception=<Fault -1: 'publisherUpdate: unknown method name'>
[rosmaster.master][INFO] 2025-12-18 12:01:31,889: -SUB [/arm_controller/follow_joint_trajectory/status] /move_group http://127.0.0.1:39321/
[rosmaster.threadpool][ERROR] 2025-12-18 12:01:31,889: Traceback (most recent call last):
  File "/opt/ros/noetic/lib/python3/dist-packages/rosmaster/threadpool.py", line 218, in run
    result = cmd(*args)
  File "/opt/ros/noetic/lib/python3/dist-packages/rosmaster/master_api.py", line 210, in publisher_update_task
    ret = xmlrpcapi(api).publisherUpdate('/master', topic, pub_uris)
  File "/usr/lib/python3.8/xmlrpc/client.py", line 1109, in __call__
    return self.__send(self.__name, args)
  File "/usr/lib/python3.8/xmlrpc/client.py", line 1450, in __request
    response = self.__transport.request(
  File "/usr/lib/python3.8/xmlrpc/client.py", line 1153, in request
    return self.single_request(host, handler, request_body, verbose)
  File "/usr/lib/python3.8/xmlrpc/client.py", line 1169, in single_request
    return self.parse_response(resp)
  File "/usr/lib/python3.8/xmlrpc/client.py", line 1341, in parse_response
    return u.close()
  File "/usr/lib/python3.8/xmlrpc/client.py", line 655, in close
    raise Fault(**self._stack[0])
xmlrpc.client.Fault: <Fault -1: 'publisherUpdate: unknown method name'>

[rosmaster.master][INFO] 2025-12-18 12:01:31,890: -PUB [/arm_controller/follow_joint_trajectory/goal] /play_motion http://127.0.0.1:35333/
[rosmaster.master][INFO] 2025-12-18 12:01:31,890: -SERVICE [/xtion/rgb/image_mono/theora/set_parameters] /xtion/rgb/image_proc rosrpc://127.0.0.1:38201
[rosmaster.master][INFO] 2025-12-18 12:01:31,891: -SUB [/arm_controller/follow_joint_trajectory/feedback] /move_group http://127.0.0.1:39321/
[rosmaster.master][INFO] 2025-12-18 12:01:31,891: -PUB [/arm_controller/follow_joint_trajectory/cancel] /play_motion http://127.0.0.1:35333/
[rosmaster.master][INFO] 2025-12-18 12:01:31,892: -SERVICE [/xtion/rgb/image_color/compressedDepth/set_parameters] /xtion/rgb/image_proc rosrpc://127.0.0.1:38201
[rosmaster.master][INFO] 2025-12-18 12:01:31,892: -SUB [/arm_controller/follow_joint_trajectory/result] /move_group http://127.0.0.1:39321/
[rosmaster.master][INFO] 2025-12-18 12:01:31,893: -PUB [/gripper_controller/follow_joint_trajectory/goal] /play_motion http://127.0.0.1:35333/
[rosmaster.master][INFO] 2025-12-18 12:01:31,894: -SUB [/torso_controller/follow_joint_trajectory/status] /move_group http://127.0.0.1:39321/
[rosmaster.master][INFO] 2025-12-18 12:01:31,895: -SERVICE [/xtion/rgb/image_color/compressed/set_parameters] /xtion/rgb/image_proc rosrpc://127.0.0.1:38201
[rosmaster.master][INFO] 2025-12-18 12:01:31,895: -PUB [/gripper_controller/follow_joint_trajectory/cancel] /play_motion http://127.0.0.1:35333/
[rosmaster.master][INFO] 2025-12-18 12:01:31,895: -SUB [/torso_controller/follow_joint_trajectory/feedback] /move_group http://127.0.0.1:39321/
[rosmaster.master][INFO] 2025-12-18 12:01:31,896: -SERVICE [/xtion/rgb/image_color/theora/set_parameters] /xtion/rgb/image_proc rosrpc://127.0.0.1:38201
[rosmaster.master][INFO] 2025-12-18 12:01:31,897: -SUB [/torso_controller/follow_joint_trajectory/result] /move_group http://127.0.0.1:39321/
[rosmaster.master][INFO] 2025-12-18 12:01:31,897: -SERVICE [/xtion/rgb/image_proc_rectify_mono/set_parameters] /xtion/rgb/image_proc rosrpc://127.0.0.1:38201
[rosmaster.master][INFO] 2025-12-18 12:01:31,898: -PUB [/head_controller/follow_joint_trajectory/goal] /play_motion http://127.0.0.1:35333/
[rosmaster.master][INFO] 2025-12-18 12:01:31,899: -SERVICE [/xtion/rgb/image_rect/compressedDepth/set_parameters] /xtion/rgb/image_proc rosrpc://127.0.0.1:38201
[rosmaster.master][INFO] 2025-12-18 12:01:31,899: -SUB [/head_controller/follow_joint_trajectory/status] /move_group http://127.0.0.1:39321/
[rosmaster.master][INFO] 2025-12-18 12:01:31,900: -PUB [/head_controller/follow_joint_trajectory/cancel] /play_motion http://127.0.0.1:35333/
[rosmaster.master][INFO] 2025-12-18 12:01:31,901: -SUB [/head_controller/follow_joint_trajectory/feedback] /move_group http://127.0.0.1:39321/
[rosmaster.master][INFO] 2025-12-18 12:01:31,901: -SERVICE [/xtion/rgb/image_rect/compressed/set_parameters] /xtion/rgb/image_proc rosrpc://127.0.0.1:38201
[rosmaster.master][INFO] 2025-12-18 12:01:31,902: -SERVICE [/xtion/rgb/image_rect/theora/set_parameters] /xtion/rgb/image_proc rosrpc://127.0.0.1:38201
[rosmaster.master][INFO] 2025-12-18 12:01:31,902: -SUB [/head_controller/follow_joint_trajectory/result] /move_group http://127.0.0.1:39321/
[rosmaster.master][INFO] 2025-12-18 12:01:31,903: -PUB [/torso_controller/follow_joint_trajectory/goal] /play_motion http://127.0.0.1:35333/
[rosmaster.master][INFO] 2025-12-18 12:01:31,904: -SERVICE [/xtion/rgb/image_proc_rectify_color/set_parameters] /xtion/rgb/image_proc rosrpc://127.0.0.1:38201
[rosmaster.master][INFO] 2025-12-18 12:01:31,905: -SUB [/gripper_controller/follow_joint_trajectory/status] /move_group http://127.0.0.1:39321/
[rosmaster.master][INFO] 2025-12-18 12:01:31,906: -PUB [/torso_controller/follow_joint_trajectory/cancel] /play_motion http://127.0.0.1:35333/
[rosmaster.master][INFO] 2025-12-18 12:01:31,907: -SERVICE [/xtion/rgb/image_rect_color/compressedDepth/set_parameters] /xtion/rgb/image_proc rosrpc://127.0.0.1:38201
[rosmaster.master][INFO] 2025-12-18 12:01:31,907: -SUB [/gripper_controller/follow_joint_trajectory/feedback] /move_group http://127.0.0.1:39321/
[rosmaster.master][INFO] 2025-12-18 12:01:31,908: -SUB [/clock] /play_motion http://127.0.0.1:35333/
[rosmaster.master][INFO] 2025-12-18 12:01:31,908: -SERVICE [/xtion/rgb/image_rect_color/compressed/set_parameters] /xtion/rgb/image_proc rosrpc://127.0.0.1:38201
[rosmaster.master][INFO] 2025-12-18 12:01:31,909: -SUB [/gripper_controller/follow_joint_trajectory/result] /move_group http://127.0.0.1:39321/
[rosmaster.master][INFO] 2025-12-18 12:01:31,910: -SUB [/joint_states] /play_motion http://127.0.0.1:35333/
[rosmaster.master][INFO] 2025-12-18 12:01:31,911: -SERVICE [/xtion/rgb/image_rect_color/theora/set_parameters] /xtion/rgb/image_proc rosrpc://127.0.0.1:38201
[rosmaster.master][INFO] 2025-12-18 12:01:31,911: -SUB [/tf] /play_motion http://127.0.0.1:35333/
[rosmaster.master][INFO] 2025-12-18 12:01:31,912: -SUB [/trajectory_execution_event] /move_group http://127.0.0.1:39321/
[rosmaster.master][INFO] 2025-12-18 12:01:31,913: -CACHEDPARAM [/rosout_disable_topics_generation] by /xtion/rgb/image_proc
[rosmaster.master][INFO] 2025-12-18 12:01:31,913: -SUB [/tf_static] /play_motion http://127.0.0.1:35333/
[rosmaster.master][INFO] 2025-12-18 12:01:31,914: -SUB [/execute_trajectory/goal] /move_group http://127.0.0.1:39321/
[rosmaster.master][INFO] 2025-12-18 12:01:31,915: -SUB [/execute_trajectory/cancel] /move_group http://127.0.0.1:39321/
[rosmaster.master][INFO] 2025-12-18 12:01:31,915: publisherUpdate[/arm_controller/follow_joint_trajectory/goal] -> http://127.0.0.1:46085/ []
[rosmaster.master][INFO] 2025-12-18 12:01:31,916: -SUB [/move_group/status] /play_motion http://127.0.0.1:35333/
[rosmaster.master][INFO] 2025-12-18 12:01:31,917: -SUB [/move_group/goal] /move_group http://127.0.0.1:39321/
[rosmaster.master][INFO] 2025-12-18 12:01:31,918: -SUB [/move_group/feedback] /play_motion http://127.0.0.1:35333/
[rosmaster.master][INFO] 2025-12-18 12:01:31,919: -SUB [/move_group/cancel] /move_group http://127.0.0.1:39321/
[rosmaster.master][INFO] 2025-12-18 12:01:31,920: publisherUpdate[/arm_controller/follow_joint_trajectory/goal] -> http://127.0.0.1:46085/ []: sec=0.00, result=[1, '', 0]
[rosmaster.master][INFO] 2025-12-18 12:01:31,921: publisherUpdate[/arm_controller/follow_joint_trajectory/cancel] -> http://127.0.0.1:46085/ []
[rosmaster.master][INFO] 2025-12-18 12:01:31,920: -SUB [/move_group/result] /play_motion http://127.0.0.1:35333/
[rosmaster.master][INFO] 2025-12-18 12:01:31,921: -SUB [/pickup/goal] /move_group http://127.0.0.1:39321/
[rosmaster.master][INFO] 2025-12-18 12:01:31,922: publisherUpdate[/arm_controller/follow_joint_trajectory/cancel] -> http://127.0.0.1:46085/ []: sec=0.00, result=[1, '', 0]
[rosmaster.master][INFO] 2025-12-18 12:01:31,923: publisherUpdate[/gripper_controller/follow_joint_trajectory/goal] -> http://127.0.0.1:46085/ []
[rosmaster.master][INFO] 2025-12-18 12:01:31,923: -SUB [/pickup/status] /play_motion http://127.0.0.1:35333/
[rosmaster.master][INFO] 2025-12-18 12:01:31,924: publisherUpdate[/gripper_controller/follow_joint_trajectory/goal] -> http://127.0.0.1:46085/ []: sec=0.00, result=[1, '', 0]
[rosmaster.master][INFO] 2025-12-18 12:01:31,924: -SUB [/pickup/cancel] /move_group http://127.0.0.1:39321/
[rosmaster.master][INFO] 2025-12-18 12:01:31,925: publisherUpdate[/gripper_controller/follow_joint_trajectory/cancel] -> http://127.0.0.1:46085/ []
[rosmaster.master][INFO] 2025-12-18 12:01:31,925: -SUB [/pickup/feedback] /play_motion http://127.0.0.1:35333/
[rosmaster.master][INFO] 2025-12-18 12:01:31,926: -SUB [/place/goal] /move_group http://127.0.0.1:39321/
[rosmaster.master][INFO] 2025-12-18 12:01:31,927: -SUB [/pickup/result] /play_motion http://127.0.0.1:35333/
[rosmaster.master][INFO] 2025-12-18 12:01:31,928: -SUB [/place/cancel] /move_group http://127.0.0.1:39321/
[rosmaster.master][INFO] 2025-12-18 12:01:31,929: -SUB [/place/status] /play_motion http://127.0.0.1:35333/
[rosmaster.master][INFO] 2025-12-18 12:01:31,929: publisherUpdate[/gripper_controller/follow_joint_trajectory/cancel] -> http://127.0.0.1:46085/ []: sec=0.00, result=[1, '', 0]
[rosmaster.master][INFO] 2025-12-18 12:01:31,930: publisherUpdate[/head_controller/follow_joint_trajectory/goal] -> http://127.0.0.1:46085/ []
[rosmaster.master][INFO] 2025-12-18 12:01:31,931: -SERVICE [/move_group/get_loggers] /move_group rosrpc://127.0.0.1:48655
[rosmaster.master][INFO] 2025-12-18 12:01:31,931: publisherUpdate[/head_controller/follow_joint_trajectory/goal] -> http://127.0.0.1:46085/ []: sec=0.00, result=[1, '', 0]
[rosmaster.master][INFO] 2025-12-18 12:01:31,932: publisherUpdate[/head_controller/follow_joint_trajectory/cancel] -> http://127.0.0.1:46085/ []
[rosmaster.master][INFO] 2025-12-18 12:01:31,932: -SUB [/place/feedback] /play_motion http://127.0.0.1:35333/
[rosmaster.master][INFO] 2025-12-18 12:01:31,933: -SERVICE [/move_group/set_logger_level] /move_group rosrpc://127.0.0.1:48655
[rosmaster.master][INFO] 2025-12-18 12:01:31,934: -SUB [/place/result] /play_motion http://127.0.0.1:35333/
[rosmaster.master][INFO] 2025-12-18 12:01:31,941: publisherUpdate[/head_controller/follow_joint_trajectory/cancel] -> http://127.0.0.1:46085/ []: sec=0.01, result=[1, '', 0]
[rosmaster.master][INFO] 2025-12-18 12:01:31,944: publisherUpdate[/torso_controller/follow_joint_trajectory/goal] -> http://127.0.0.1:46085/ []
[rosmaster.master][INFO] 2025-12-18 12:01:31,943: -SERVICE [/move_group/planning_scene_monitor/set_parameters] /move_group rosrpc://127.0.0.1:48655
[rosmaster.master][INFO] 2025-12-18 12:01:31,948: -SUB [/execute_trajectory/status] /play_motion http://127.0.0.1:35333/
[rosmaster.master][INFO] 2025-12-18 12:01:31,949: -SERVICE [/move_group/save_map] /move_group rosrpc://127.0.0.1:48655
[rosmaster.master][INFO] 2025-12-18 12:01:31,949: publisherUpdate[/torso_controller/follow_joint_trajectory/goal] -> http://127.0.0.1:46085/ []: sec=0.00, result=[1, '', 0]
[rosmaster.master][INFO] 2025-12-18 12:01:31,950: publisherUpdate[/torso_controller/follow_joint_trajectory/cancel] -> http://127.0.0.1:46085/ []
[rosmaster.master][INFO] 2025-12-18 12:01:31,950: -SUB [/execute_trajectory/feedback] /play_motion http://127.0.0.1:35333/
[rosmaster.master][INFO] 2025-12-18 12:01:31,951: -SERVICE [/move_group/load_map] /move_group rosrpc://127.0.0.1:48655
[rosmaster.master][INFO] 2025-12-18 12:01:31,952: publisherUpdate[/torso_controller/follow_joint_trajectory/cancel] -> http://127.0.0.1:46085/ []: sec=0.00, result=[1, '', 0]
[rosmaster.master][INFO] 2025-12-18 12:01:31,953: -SERVICE [/move_group/ompl/set_parameters] /move_group rosrpc://127.0.0.1:48655
[rosmaster.master][INFO] 2025-12-18 12:01:31,953: -SUB [/execute_trajectory/result] /play_motion http://127.0.0.1:35333/
[rosmaster.master][INFO] 2025-12-18 12:01:31,954: -SUB [/play_motion/goal] /play_motion http://127.0.0.1:35333/
[rosmaster.master][INFO] 2025-12-18 12:01:31,954: -SERVICE [/move_group/trajectory_execution/set_parameters] /move_group rosrpc://127.0.0.1:48655
[rosmaster.master][INFO] 2025-12-18 12:01:31,955: -SUB [/play_motion/cancel] /play_motion http://127.0.0.1:35333/
[rosmaster.master][INFO] 2025-12-18 12:01:31,956: -SERVICE [/move_group/plan_execution/set_parameters] /move_group rosrpc://127.0.0.1:48655
[rosmaster.master][INFO] 2025-12-18 12:01:31,956: -SUB [/arm_controller/follow_joint_trajectory/status] /play_motion http://127.0.0.1:35333/
[rosmaster.master][INFO] 2025-12-18 12:01:31,956: -PUB [/rosout] /head_controller/point_head_action http://127.0.0.1:34545/
[rosmaster.master][INFO] 2025-12-18 12:01:31,957: -SUB [/arm_controller/follow_joint_trajectory/feedback] /play_motion http://127.0.0.1:35333/
[rosmaster.master][INFO] 2025-12-18 12:01:31,967: -SERVICE [/move_group/sense_for_plan/set_parameters] /move_group rosrpc://127.0.0.1:48655
[rosmaster.master][INFO] 2025-12-18 12:01:31,971: -SUB [/arm_controller/follow_joint_trajectory/result] /play_motion http://127.0.0.1:35333/
[rosmaster.master][INFO] 2025-12-18 12:01:31,975: -SERVICE [/apply_planning_scene] /move_group rosrpc://127.0.0.1:48655
[rosmaster.master][INFO] 2025-12-18 12:01:31,976: -SUB [/gripper_controller/follow_joint_trajectory/status] /play_motion http://127.0.0.1:35333/
[rosmaster.master][INFO] 2025-12-18 12:01:31,976: -SERVICE [/load_move_group_capabilities] /move_group rosrpc://127.0.0.1:48655
[rosmaster.master][INFO] 2025-12-18 12:01:31,977: -SERVICE [/clear_octomap] /move_group rosrpc://127.0.0.1:48655
[rosmaster.master][INFO] 2025-12-18 12:01:31,978: -SUB [/gripper_controller/follow_joint_trajectory/feedback] /play_motion http://127.0.0.1:35333/
[rosmaster.master][INFO] 2025-12-18 12:01:31,978: -PUB [/head_controller/command] /head_controller/point_head_action http://127.0.0.1:34545/
[rosmaster.master][INFO] 2025-12-18 12:01:31,981: -SERVICE [/compute_cartesian_path] /move_group rosrpc://127.0.0.1:48655
[rosmaster.master][INFO] 2025-12-18 12:01:31,983: publisherUpdate[/rosout] -> http://127.0.0.1:38997/ ['http://127.0.0.1:46085/', 'http://127.0.0.1:36121/', 'http://127.0.0.1:34305/', 'http://127.0.0.1:40891/', 'http://127.0.0.1:34169/']
[rosmaster.master][INFO] 2025-12-18 12:01:31,984: -SUB [/gripper_controller/follow_joint_trajectory/result] /play_motion http://127.0.0.1:35333/
[rosmaster.master][INFO] 2025-12-18 12:01:31,985: -SERVICE [/get_planning_scene] /move_group rosrpc://127.0.0.1:48655
[rosmaster.master][INFO] 2025-12-18 12:01:31,987: publisherUpdate[/rosout] -> http://127.0.0.1:38997/ ['http://127.0.0.1:46085/', 'http://127.0.0.1:36121/', 'http://127.0.0.1:34305/', 'http://127.0.0.1:40891/', 'http://127.0.0.1:34169/']: sec=0.00, result=[1, '', 0]
[rosmaster.master][INFO] 2025-12-18 12:01:31,988: publisherUpdate[/head_controller/command] -> http://127.0.0.1:46085/ []
[rosmaster.master][INFO] 2025-12-18 12:01:31,988: -SUB [/head_controller/follow_joint_trajectory/status] /play_motion http://127.0.0.1:35333/
[rosmaster.master][INFO] 2025-12-18 12:01:31,989: -PUB [/head_controller/point_head_action/result] /head_controller/point_head_action http://127.0.0.1:34545/
[rosmaster.master][INFO] 2025-12-18 12:01:31,991: -SERVICE [/compute_fk] /move_group rosrpc://127.0.0.1:48655
[rosmaster.master][INFO] 2025-12-18 12:01:31,992: -PUB [/head_controller/point_head_action/feedback] /head_controller/point_head_action http://127.0.0.1:34545/
[rosmaster.master][INFO] 2025-12-18 12:01:31,993: -SERVICE [/compute_ik] /move_group rosrpc://127.0.0.1:48655
[rosmaster.master][INFO] 2025-12-18 12:01:31,995: -SUB [/head_controller/follow_joint_trajectory/feedback] /play_motion http://127.0.0.1:35333/
[rosmaster.master][INFO] 2025-12-18 12:01:31,996: -SERVICE [/plan_kinematic_path] /move_group rosrpc://127.0.0.1:48655
[rosmaster.master][INFO] 2025-12-18 12:01:31,997: -PUB [/head_controller/point_head_action/status] /head_controller/point_head_action http://127.0.0.1:34545/
[rosmaster.master][INFO] 2025-12-18 12:01:31,998: -SUB [/head_controller/follow_joint_trajectory/result] /play_motion http://127.0.0.1:35333/
[rosmaster.master][INFO] 2025-12-18 12:01:31,998: -SERVICE [/query_planner_interface] /move_group rosrpc://127.0.0.1:48655
[rosmaster.master][INFO] 2025-12-18 12:01:31,999: -SUB [/torso_controller/follow_joint_trajectory/status] /play_motion http://127.0.0.1:35333/
[rosmaster.master][INFO] 2025-12-18 12:01:31,999: -SUB [/clock] /head_controller/point_head_action http://127.0.0.1:34545/
[rosmaster.master][INFO] 2025-12-18 12:01:32,000: -SUB [/torso_controller/follow_joint_trajectory/feedback] /play_motion http://127.0.0.1:35333/
[rosmaster.master][INFO] 2025-12-18 12:01:32,000: -SUB [/tf] /head_controller/point_head_action http://127.0.0.1:34545/
[rosmaster.master][INFO] 2025-12-18 12:01:32,001: -SUB [/torso_controller/follow_joint_trajectory/result] /play_motion http://127.0.0.1:35333/
[rosmaster.master][INFO] 2025-12-18 12:01:32,001: -SUB [/tf_static] /head_controller/point_head_action http://127.0.0.1:34545/
[rosmaster.master][INFO] 2025-12-18 12:01:32,002: -SERVICE [/get_planner_params] /move_group rosrpc://127.0.0.1:48655
[rosmaster.master][INFO] 2025-12-18 12:01:32,003: -SERVICE [/play_motion/get_loggers] /play_motion rosrpc://127.0.0.1:38853
[rosmaster.master][INFO] 2025-12-18 12:01:32,003: -SERVICE [/set_planner_params] /move_group rosrpc://127.0.0.1:48655
[rosmaster.master][INFO] 2025-12-18 12:01:32,004: -SERVICE [/play_motion/set_logger_level] /play_motion rosrpc://127.0.0.1:38853
[rosmaster.master][INFO] 2025-12-18 12:01:32,004: -SUB [/head_controller/state] /head_controller/point_head_action http://127.0.0.1:34545/
[rosmaster.master][INFO] 2025-12-18 12:01:32,005: -SERVICE [/check_state_validity] /move_group rosrpc://127.0.0.1:48655
[rosmaster.master][INFO] 2025-12-18 12:01:32,006: -SERVICE [/play_motion/list_motions] /play_motion rosrpc://127.0.0.1:38853
[rosmaster.master][INFO] 2025-12-18 12:01:32,006: -SUB [/head_controller/point_head_action/goal] /head_controller/point_head_action http://127.0.0.1:34545/
[rosmaster.master][INFO] 2025-12-18 12:01:32,007: -CACHEDPARAM [/rosout_disable_topics_generation] by /move_group
[rosmaster.master][INFO] 2025-12-18 12:01:32,007: -SUB [/head_controller/point_head_action/cancel] /head_controller/point_head_action http://127.0.0.1:34545/
[rosmaster.master][INFO] 2025-12-18 12:01:32,007: -CACHEDPARAM [/play_motion/motions/home] by /play_motion
[rosmaster.master][INFO] 2025-12-18 12:01:32,009: -CACHEDPARAM [/rosout_disable_topics_generation] by /play_motion
[rosmaster.master][INFO] 2025-12-18 12:01:32,009: -SERVICE [/head_controller/point_head_action/get_loggers] /head_controller/point_head_action rosrpc://127.0.0.1:60673
[rosmaster.master][INFO] 2025-12-18 12:01:32,010: -SERVICE [/head_controller/point_head_action/set_logger_level] /head_controller/point_head_action rosrpc://127.0.0.1:60673
[rosmaster.master][INFO] 2025-12-18 12:01:32,010: -CACHEDPARAM [/rosout_disable_topics_generation] by /head_controller/point_head_action
[rosmaster.master][INFO] 2025-12-18 12:01:32,023: publisherUpdate[/head_controller/command] -> http://127.0.0.1:46085/ []: sec=0.04, result=[1, '', 0]
[rosmaster.master][INFO] 2025-12-18 12:01:32,082: +CACHEDPARAM [/rosout_disable_topics_generation] by /default_controllers_spawner
[rosmaster.master][INFO] 2025-12-18 12:01:32,389: -SUB [/gazebo/set_link_state] /gazebo http://127.0.0.1:46085/
[rosmaster.master][INFO] 2025-12-18 12:01:32,391: -SUB [/gazebo/set_model_state] /gazebo http://127.0.0.1:46085/
[rosmaster.master][INFO] 2025-12-18 12:01:32,393: -PUB [/clock] /gazebo http://127.0.0.1:46085/
[rosmaster.master][INFO] 2025-12-18 12:01:32,398: -PUB [/gazebo/link_states] /gazebo http://127.0.0.1:46085/
[rosmaster.master][INFO] 2025-12-18 12:01:32,401: -PUB [/gazebo/model_states] /gazebo http://127.0.0.1:46085/
[rosmaster.master][INFO] 2025-12-18 12:01:32,403: -SERVICE [/gazebo/spawn_sdf_model] /gazebo rosrpc://127.0.0.1:36409
[rosmaster.master][INFO] 2025-12-18 12:01:32,406: -SERVICE [/gazebo/spawn_urdf_model] /gazebo rosrpc://127.0.0.1:36409
[rosmaster.master][INFO] 2025-12-18 12:01:32,407: -SERVICE [/gazebo/delete_model] /gazebo rosrpc://127.0.0.1:36409
[rosmaster.master][INFO] 2025-12-18 12:01:32,409: -SERVICE [/gazebo/delete_light] /gazebo rosrpc://127.0.0.1:36409
[rosmaster.master][INFO] 2025-12-18 12:01:32,409: -SERVICE [/gazebo/get_model_properties] /gazebo rosrpc://127.0.0.1:36409
[rosmaster.master][INFO] 2025-12-18 12:01:32,410: -SERVICE [/gazebo/get_model_state] /gazebo rosrpc://127.0.0.1:36409
[rosmaster.master][INFO] 2025-12-18 12:01:32,411: -SERVICE [/gazebo/get_world_properties] /gazebo rosrpc://127.0.0.1:36409
[rosmaster.master][INFO] 2025-12-18 12:01:32,412: -SERVICE [/gazebo/get_joint_properties] /gazebo rosrpc://127.0.0.1:36409
[rosmaster.master][INFO] 2025-12-18 12:01:32,412: -SERVICE [/gazebo/get_link_properties] /gazebo rosrpc://127.0.0.1:36409
[rosmaster.master][INFO] 2025-12-18 12:01:32,413: -SERVICE [/gazebo/get_link_state] /gazebo rosrpc://127.0.0.1:36409
[rosmaster.master][INFO] 2025-12-18 12:01:32,414: -SERVICE [/gazebo/get_light_properties] /gazebo rosrpc://127.0.0.1:36409
[rosmaster.master][INFO] 2025-12-18 12:01:32,414: -SERVICE [/gazebo/set_light_properties] /gazebo rosrpc://127.0.0.1:36409
[rosmaster.master][INFO] 2025-12-18 12:01:32,415: -SERVICE [/gazebo/get_physics_properties] /gazebo rosrpc://127.0.0.1:36409
[rosmaster.master][INFO] 2025-12-18 12:01:32,416: -SERVICE [/gazebo/set_link_properties] /gazebo rosrpc://127.0.0.1:36409
[rosmaster.master][INFO] 2025-12-18 12:01:32,417: -SERVICE [/gazebo/set_physics_properties] /gazebo rosrpc://127.0.0.1:36409
[rosmaster.master][INFO] 2025-12-18 12:01:32,417: -SERVICE [/gazebo/set_model_state] /gazebo rosrpc://127.0.0.1:36409
[rosmaster.master][INFO] 2025-12-18 12:01:32,418: -SERVICE [/gazebo/set_model_configuration] /gazebo rosrpc://127.0.0.1:36409
[rosmaster.master][INFO] 2025-12-18 12:01:32,419: -SERVICE [/gazebo/set_joint_properties] /gazebo rosrpc://127.0.0.1:36409
[rosmaster.master][INFO] 2025-12-18 12:01:32,419: -SERVICE [/gazebo/set_link_state] /gazebo rosrpc://127.0.0.1:36409
[rosmaster.master][INFO] 2025-12-18 12:01:32,420: -SERVICE [/gazebo/pause_physics] /gazebo rosrpc://127.0.0.1:36409
[rosmaster.master][INFO] 2025-12-18 12:01:32,420: -SERVICE [/gazebo/unpause_physics] /gazebo rosrpc://127.0.0.1:36409
[rosmaster.master][INFO] 2025-12-18 12:01:32,421: -SERVICE [/gazebo/apply_body_wrench] /gazebo rosrpc://127.0.0.1:36409
[rosmaster.master][INFO] 2025-12-18 12:01:32,422: -SERVICE [/gazebo/apply_joint_effort] /gazebo rosrpc://127.0.0.1:36409
[rosmaster.master][INFO] 2025-12-18 12:01:32,423: -SERVICE [/gazebo/clear_joint_forces] /gazebo rosrpc://127.0.0.1:36409
[rosmaster.master][INFO] 2025-12-18 12:01:32,424: -SERVICE [/gazebo/clear_body_wrenches] /gazebo rosrpc://127.0.0.1:36409
[rosmaster.master][INFO] 2025-12-18 12:01:32,425: -SERVICE [/gazebo/reset_simulation] /gazebo rosrpc://127.0.0.1:36409
[rosmaster.master][INFO] 2025-12-18 12:01:32,425: -SERVICE [/gazebo/reset_world] /gazebo rosrpc://127.0.0.1:36409
[rosmaster.master][INFO] 2025-12-18 12:01:32,427: -PUB [/gazebo/parameter_descriptions] /gazebo http://127.0.0.1:46085/
[rosmaster.master][INFO] 2025-12-18 12:01:32,428: -PUB [/gazebo/parameter_updates] /gazebo http://127.0.0.1:46085/
[rosmaster.master][INFO] 2025-12-18 12:01:32,428: -SERVICE [/gazebo/set_parameters] /gazebo rosrpc://127.0.0.1:36409
[rosmaster.master][INFO] 2025-12-18 12:01:32,435: -SERVICE [/controller_manager/reload_controller_libraries] /gazebo rosrpc://127.0.0.1:36409
[rosmaster.master][INFO] 2025-12-18 12:01:32,436: -SERVICE [/controller_manager/switch_controller] /gazebo rosrpc://127.0.0.1:36409
[rosmaster.master][INFO] 2025-12-18 12:01:32,436: -SERVICE [/controller_manager/unload_controller] /gazebo rosrpc://127.0.0.1:36409
[rosmaster.master][INFO] 2025-12-18 12:01:32,437: -SERVICE [/controller_manager/load_controller] /gazebo rosrpc://127.0.0.1:36409
[rosmaster.master][INFO] 2025-12-18 12:01:32,438: -SERVICE [/controller_manager/list_controller_types] /gazebo rosrpc://127.0.0.1:36409
[rosmaster.master][INFO] 2025-12-18 12:01:32,439: -SERVICE [/controller_manager/list_controllers] /gazebo rosrpc://127.0.0.1:36409
[rosmaster.master][INFO] 2025-12-18 12:01:32,441: -PUB [/base_imu] /gazebo http://127.0.0.1:46085/
[rosmaster.master][INFO] 2025-12-18 12:01:32,443: -PUB [/joint_states] /gazebo http://127.0.0.1:46085/
[rosmaster.master][INFO] 2025-12-18 12:01:32,445: -PUB [/wrist_ft_temperature] /gazebo http://127.0.0.1:46085/
[rosmaster.master][INFO] 2025-12-18 12:01:32,446: -PUB [/wrist_ft] /gazebo http://127.0.0.1:46085/
[rosmaster.master][INFO] 2025-12-18 12:01:32,447: -PUB [/torso_controller/state] /gazebo http://127.0.0.1:46085/
[rosmaster.master][INFO] 2025-12-18 12:01:32,448: -SERVICE [/torso_controller/query_state] /gazebo rosrpc://127.0.0.1:36409
[rosmaster.master][INFO] 2025-12-18 12:01:32,449: -PUB [/torso_controller/follow_joint_trajectory/feedback] /gazebo http://127.0.0.1:46085/
[rosmaster.master][INFO] 2025-12-18 12:01:32,450: -PUB [/torso_controller/follow_joint_trajectory/result] /gazebo http://127.0.0.1:46085/
[rosmaster.master][INFO] 2025-12-18 12:01:32,450: -PUB [/torso_controller/follow_joint_trajectory/status] /gazebo http://127.0.0.1:46085/
[rosmaster.master][INFO] 2025-12-18 12:01:32,451: -SUB [/torso_controller/follow_joint_trajectory/cancel] /gazebo http://127.0.0.1:46085/
[rosmaster.master][INFO] 2025-12-18 12:01:32,452: -SUB [/torso_controller/follow_joint_trajectory/goal] /gazebo http://127.0.0.1:46085/
[rosmaster.master][INFO] 2025-12-18 12:01:32,453: -SUB [/torso_controller/command] /gazebo http://127.0.0.1:46085/
[rosmaster.master][INFO] 2025-12-18 12:01:32,454: publisherUpdate[/clock] -> http://127.0.0.1:46085/ []
[rosmaster.master][INFO] 2025-12-18 12:01:32,456: publisherUpdate[/clock] -> http://127.0.0.1:46085/ []: sec=0.00, result=[1, '', 0]
[rosmaster.master][INFO] 2025-12-18 12:01:32,457: publisherUpdate[/clock] -> http://127.0.0.1:36121/ []
[rosmaster.master][INFO] 2025-12-18 12:01:32,456: -PUB [/gripper_controller/state] /gazebo http://127.0.0.1:46085/
[rosmaster.master][INFO] 2025-12-18 12:01:32,458: -SERVICE [/gripper_controller/query_state] /gazebo rosrpc://127.0.0.1:36409
[rosmaster.master][INFO] 2025-12-18 12:01:32,459: -PUB [/gripper_controller/follow_joint_trajectory/feedback] /gazebo http://127.0.0.1:46085/
[rosmaster.master][INFO] 2025-12-18 12:01:32,460: -PUB [/gripper_controller/follow_joint_trajectory/result] /gazebo http://127.0.0.1:46085/
[rosmaster.master][INFO] 2025-12-18 12:01:32,461: publisherUpdate[/clock] -> http://127.0.0.1:36121/ []: sec=0.00, result=[1, '', 0]
[rosmaster.master][INFO] 2025-12-18 12:01:32,461: publisherUpdate[/clock] -> http://127.0.0.1:34305/ []
[rosmaster.master][INFO] 2025-12-18 12:01:32,462: -PUB [/gripper_controller/follow_joint_trajectory/status] /gazebo http://127.0.0.1:46085/
[rosmaster.master][INFO] 2025-12-18 12:01:32,463: -SUB [/gripper_controller/follow_joint_trajectory/cancel] /gazebo http://127.0.0.1:46085/
[rosmaster.master][INFO] 2025-12-18 12:01:32,463: publisherUpdate[/clock] -> http://127.0.0.1:34305/ []: sec=0.00, result=[1, '', 0]
[rosmaster.master][INFO] 2025-12-18 12:01:32,464: publisherUpdate[/clock] -> http://127.0.0.1:40891/ []
[rosmaster.master][INFO] 2025-12-18 12:01:32,464: -SUB [/gripper_controller/follow_joint_trajectory/goal] /gazebo http://127.0.0.1:46085/
[rosmaster.master][INFO] 2025-12-18 12:01:32,466: -SUB [/gripper_controller/command] /gazebo http://127.0.0.1:46085/
[rosmaster.master][INFO] 2025-12-18 12:01:32,467: -PUB [/head_controller/state] /gazebo http://127.0.0.1:46085/
[rosmaster.master][INFO] 2025-12-18 12:01:32,468: publisherUpdate[/clock] -> http://127.0.0.1:40891/ []: sec=0.00, result=[1, '', 0]
[rosmaster.master][INFO] 2025-12-18 12:01:32,468: publisherUpdate[/clock] -> http://127.0.0.1:34169/ []
[rosmaster.master][INFO] 2025-12-18 12:01:32,469: -SERVICE [/head_controller/query_state] /gazebo rosrpc://127.0.0.1:36409
[rosmaster.master][INFO] 2025-12-18 12:01:32,470: -PUB [/head_controller/follow_joint_trajectory/feedback] /gazebo http://127.0.0.1:46085/
[rosmaster.master][INFO] 2025-12-18 12:01:32,471: publisherUpdate[/clock] -> http://127.0.0.1:34169/ []: sec=0.00, result=[1, '', 0]
[rosmaster.master][INFO] 2025-12-18 12:01:32,472: -PUB [/head_controller/follow_joint_trajectory/result] /gazebo http://127.0.0.1:46085/
[rosmaster.master][INFO] 2025-12-18 12:01:32,472: -PUB [/head_controller/follow_joint_trajectory/status] /gazebo http://127.0.0.1:46085/
[rosmaster.master][INFO] 2025-12-18 12:01:32,473: -SUB [/head_controller/follow_joint_trajectory/cancel] /gazebo http://127.0.0.1:46085/
[rosmaster.master][INFO] 2025-12-18 12:01:32,474: -SUB [/head_controller/follow_joint_trajectory/goal] /gazebo http://127.0.0.1:46085/
[rosmaster.master][INFO] 2025-12-18 12:01:32,474: -SUB [/head_controller/command] /gazebo http://127.0.0.1:46085/
[rosmaster.master][INFO] 2025-12-18 12:01:32,475: -PUB [/arm_controller/state] /gazebo http://127.0.0.1:46085/
[rosmaster.master][INFO] 2025-12-18 12:01:32,476: -SERVICE [/arm_controller/query_state] /gazebo rosrpc://127.0.0.1:36409
[rosmaster.master][INFO] 2025-12-18 12:01:32,477: -PUB [/arm_controller/follow_joint_trajectory/feedback] /gazebo http://127.0.0.1:46085/
[rosmaster.master][INFO] 2025-12-18 12:01:32,477: -PUB [/arm_controller/follow_joint_trajectory/result] /gazebo http://127.0.0.1:46085/
[rosmaster.master][INFO] 2025-12-18 12:01:32,478: -PUB [/arm_controller/follow_joint_trajectory/status] /gazebo http://127.0.0.1:46085/
[rosmaster.master][INFO] 2025-12-18 12:01:32,478: -SUB [/arm_controller/follow_joint_trajectory/cancel] /gazebo http://127.0.0.1:46085/
[rosmaster.master][INFO] 2025-12-18 12:01:32,479: -SUB [/arm_controller/follow_joint_trajectory/goal] /gazebo http://127.0.0.1:46085/
[rosmaster.master][INFO] 2025-12-18 12:01:32,479: -SUB [/arm_controller/command] /gazebo http://127.0.0.1:46085/
[rosmaster.master][INFO] 2025-12-18 12:01:32,480: -PUB [/mobile_base_controller/parameter_descriptions] /gazebo http://127.0.0.1:46085/
[rosmaster.master][INFO] 2025-12-18 12:01:32,481: -PUB [/mobile_base_controller/parameter_updates] /gazebo http://127.0.0.1:46085/
[rosmaster.master][INFO] 2025-12-18 12:01:32,481: -SERVICE [/mobile_base_controller/set_parameters] /gazebo rosrpc://127.0.0.1:36409
[rosmaster.master][INFO] 2025-12-18 12:01:32,484: -PUB [/gains/torso_lift_joint/parameter_descriptions] /gazebo http://127.0.0.1:46085/
[rosmaster.master][INFO] 2025-12-18 12:01:32,484: -PUB [/gains/torso_lift_joint/parameter_updates] /gazebo http://127.0.0.1:46085/
[rosmaster.master][INFO] 2025-12-18 12:01:32,485: -SERVICE [/gains/torso_lift_joint/set_parameters] /gazebo rosrpc://127.0.0.1:36409
[rosmaster.master][INFO] 2025-12-18 12:01:32,485: -PUB [/gains/head_1_joint/parameter_descriptions] /gazebo http://127.0.0.1:46085/
[rosmaster.master][INFO] 2025-12-18 12:01:32,486: -PUB [/gains/head_1_joint/parameter_updates] /gazebo http://127.0.0.1:46085/
[rosmaster.master][INFO] 2025-12-18 12:01:32,487: -SERVICE [/gains/head_1_joint/set_parameters] /gazebo rosrpc://127.0.0.1:36409
[rosmaster.master][INFO] 2025-12-18 12:01:32,487: -PUB [/gains/head_2_joint/parameter_descriptions] /gazebo http://127.0.0.1:46085/
[rosmaster.master][INFO] 2025-12-18 12:01:32,488: -PUB [/gains/head_2_joint/parameter_updates] /gazebo http://127.0.0.1:46085/
[rosmaster.master][INFO] 2025-12-18 12:01:32,488: -SERVICE [/gains/head_2_joint/set_parameters] /gazebo rosrpc://127.0.0.1:36409
[rosmaster.master][INFO] 2025-12-18 12:01:32,489: -PUB [/gains/arm_5_joint/parameter_descriptions] /gazebo http://127.0.0.1:46085/
[rosmaster.master][INFO] 2025-12-18 12:01:32,489: -PUB [/gains/arm_5_joint/parameter_updates] /gazebo http://127.0.0.1:46085/
[rosmaster.master][INFO] 2025-12-18 12:01:32,490: -SERVICE [/gains/arm_5_joint/set_parameters] /gazebo rosrpc://127.0.0.1:36409
[rosmaster.master][INFO] 2025-12-18 12:01:32,490: -PUB [/gains/arm_6_joint/parameter_descriptions] /gazebo http://127.0.0.1:46085/
[rosmaster.master][INFO] 2025-12-18 12:01:32,492: -PUB [/gains/arm_6_joint/parameter_updates] /gazebo http://127.0.0.1:46085/
[rosmaster.master][INFO] 2025-12-18 12:01:32,493: -SERVICE [/gains/arm_6_joint/set_parameters] /gazebo rosrpc://127.0.0.1:36409
[rosmaster.master][INFO] 2025-12-18 12:01:32,493: -PUB [/gains/arm_7_joint/parameter_descriptions] /gazebo http://127.0.0.1:46085/
[rosmaster.master][INFO] 2025-12-18 12:01:32,494: -PUB [/gains/arm_7_joint/parameter_updates] /gazebo http://127.0.0.1:46085/
[rosmaster.master][INFO] 2025-12-18 12:01:32,494: -SERVICE [/gains/arm_7_joint/set_parameters] /gazebo rosrpc://127.0.0.1:36409
[rosmaster.master][INFO] 2025-12-18 12:01:32,495: -PUB [/gains/arm_1_joint/parameter_descriptions] /gazebo http://127.0.0.1:46085/
[rosmaster.master][INFO] 2025-12-18 12:01:32,495: -PUB [/gains/arm_1_joint/parameter_updates] /gazebo http://127.0.0.1:46085/
[rosmaster.master][INFO] 2025-12-18 12:01:32,496: -SERVICE [/gains/arm_1_joint/set_parameters] /gazebo rosrpc://127.0.0.1:36409
[rosmaster.master][INFO] 2025-12-18 12:01:32,497: -PUB [/gains/arm_2_joint/parameter_descriptions] /gazebo http://127.0.0.1:46085/
[rosmaster.master][INFO] 2025-12-18 12:01:32,497: -PUB [/gains/arm_2_joint/parameter_updates] /gazebo http://127.0.0.1:46085/
[rosmaster.master][INFO] 2025-12-18 12:01:32,498: -SERVICE [/gains/arm_2_joint/set_parameters] /gazebo rosrpc://127.0.0.1:36409
[rosmaster.master][INFO] 2025-12-18 12:01:32,498: -PUB [/gains/arm_3_joint/parameter_descriptions] /gazebo http://127.0.0.1:46085/
[rosmaster.master][INFO] 2025-12-18 12:01:32,499: -PUB [/gains/arm_3_joint/parameter_updates] /gazebo http://127.0.0.1:46085/
[rosmaster.master][INFO] 2025-12-18 12:01:32,500: -SERVICE [/gains/arm_3_joint/set_parameters] /gazebo rosrpc://127.0.0.1:36409
[rosmaster.master][INFO] 2025-12-18 12:01:32,501: -PUB [/gains/arm_4_joint/parameter_descriptions] /gazebo http://127.0.0.1:46085/
[rosmaster.master][INFO] 2025-12-18 12:01:32,501: -PUB [/gains/arm_4_joint/parameter_updates] /gazebo http://127.0.0.1:46085/
[rosmaster.master][INFO] 2025-12-18 12:01:32,502: -SERVICE [/gains/arm_4_joint/set_parameters] /gazebo rosrpc://127.0.0.1:36409
[rosmaster.master][INFO] 2025-12-18 12:01:32,503: -PUB [/gains/gripper_left_finger_joint/parameter_descriptions] /gazebo http://127.0.0.1:46085/
[rosmaster.master][INFO] 2025-12-18 12:01:32,503: -PUB [/gains/gripper_left_finger_joint/parameter_updates] /gazebo http://127.0.0.1:46085/
[rosmaster.master][INFO] 2025-12-18 12:01:32,504: -SERVICE [/gains/gripper_left_finger_joint/set_parameters] /gazebo rosrpc://127.0.0.1:36409
[rosmaster.master][INFO] 2025-12-18 12:01:32,505: -PUB [/gains/gripper_right_finger_joint/parameter_descriptions] /gazebo http://127.0.0.1:46085/
[rosmaster.master][INFO] 2025-12-18 12:01:32,506: -PUB [/gains/gripper_right_finger_joint/parameter_updates] /gazebo http://127.0.0.1:46085/
[rosmaster.master][INFO] 2025-12-18 12:01:32,507: -SERVICE [/gains/gripper_right_finger_joint/set_parameters] /gazebo rosrpc://127.0.0.1:36409
[rosmaster.master][INFO] 2025-12-18 12:01:32,508: -PUB [/tf] /gazebo http://127.0.0.1:46085/
