[rosmaster.main][INFO] 2025-11-09 13:45:05,800: initialization complete, waiting for shutdown
[rosmaster.main][INFO] 2025-11-09 13:45:05,800: Starting ROS Master Node
[xmlrpc][INFO] 2025-11-09 13:45:05,801: XML-RPC server binding to 127.0.0.1:11311
[xmlrpc][INFO] 2025-11-09 13:45:05,801: Started XML-RPC server [http://127.0.0.1:11311/]
[rosmaster.master][INFO] 2025-11-09 13:45:05,801: Master initialized: port[11311], uri[http://127.0.0.1:11311/]
[xmlrpc][INFO] 2025-11-09 13:45:05,801: xml rpc node: starting XML-RPC server
[rosmaster.master][INFO] 2025-11-09 13:45:05,806: +PARAM [/run_id] by /roslaunch
[rosmaster.master][INFO] 2025-11-09 13:45:05,807: +PARAM [/roslaunch/uris/host_127_0_0_1__35003] by /roslaunch
[rosmaster.master][INFO] 2025-11-09 13:45:05,929: +SERVICE [/rosout/get_loggers] /rosout http://127.0.0.1:38111/
[rosmaster.master][INFO] 2025-11-09 13:45:05,930: +PARAM [/rosversion] by /roslaunch
[rosmaster.master][INFO] 2025-11-09 13:45:05,930: +PARAM [/rosdistro] by /roslaunch
[rosmaster.master][INFO] 2025-11-09 13:45:05,930: +SERVICE [/rosout/set_logger_level] /rosout http://127.0.0.1:38111/
[rosmaster.master][INFO] 2025-11-09 13:45:05,930: +PARAM [/use_sim_time] by /roslaunch
[rosmaster.master][INFO] 2025-11-09 13:45:05,931: +PARAM [/pal_robot_info/type] by /roslaunch
[rosmaster.master][INFO] 2025-11-09 13:45:05,931: +PARAM [/pal_robot_info/end_effector] by /roslaunch
[rosmaster.master][INFO] 2025-11-09 13:45:05,932: +PARAM [/pal_robot_info/ft_sensor] by /roslaunch
[rosmaster.master][INFO] 2025-11-09 13:45:05,932: +PARAM [/pal_robot_info/laser_model] by /roslaunch
[rosmaster.master][INFO] 2025-11-09 13:45:05,932: +PARAM [/pal_robot_info/camera_model] by /roslaunch
[rosmaster.master][INFO] 2025-11-09 13:45:05,933: +PARAM [/pal_robot_info/base_type] by /roslaunch
[rosmaster.master][INFO] 2025-11-09 13:45:05,933: +PARAM [/pal_robot_info/arm] by /roslaunch
[rosmaster.master][INFO] 2025-11-09 13:45:05,933: +PARAM [/gains/suspension_left_joint/p] by /roslaunch
[rosmaster.master][INFO] 2025-11-09 13:45:05,933: +PARAM [/gains/suspension_left_joint/d] by /roslaunch
[rosmaster.master][INFO] 2025-11-09 13:45:05,934: +SUB [/clock] /rosout http://127.0.0.1:38111/
[rosmaster.master][INFO] 2025-11-09 13:45:05,934: +PARAM [/gains/suspension_left_joint/i] by /roslaunch
[rosmaster.master][INFO] 2025-11-09 13:45:05,934: +PARAM [/gains/suspension_left_joint/i_clamp] by /roslaunch
[rosmaster.master][INFO] 2025-11-09 13:45:05,934: +PARAM [/gains/suspension_right_joint/p] by /roslaunch
[rosmaster.master][INFO] 2025-11-09 13:45:05,934: +PARAM [/gains/suspension_right_joint/d] by /roslaunch
[rosmaster.master][INFO] 2025-11-09 13:45:05,934: +PUB [/rosout_agg] /rosout http://127.0.0.1:38111/
[rosmaster.master][INFO] 2025-11-09 13:45:05,934: +PARAM [/gains/suspension_right_joint/i] by /roslaunch
[rosmaster.master][INFO] 2025-11-09 13:45:05,935: +PARAM [/gains/suspension_right_joint/i_clamp] by /roslaunch
[rosmaster.master][INFO] 2025-11-09 13:45:05,935: +PARAM [/gains/torso_lift_joint/p] by /roslaunch
[rosmaster.master][INFO] 2025-11-09 13:45:05,935: +PARAM [/gains/torso_lift_joint/d] by /roslaunch
[rosmaster.master][INFO] 2025-11-09 13:45:05,936: +PARAM [/gains/torso_lift_joint/i] by /roslaunch
[rosmaster.master][INFO] 2025-11-09 13:45:05,936: +PARAM [/gains/torso_lift_joint/i_clamp] by /roslaunch
[rosmaster.master][INFO] 2025-11-09 13:45:05,937: +PARAM [/gains/head_1_joint/p] by /roslaunch
[rosmaster.master][INFO] 2025-11-09 13:45:05,937: +PARAM [/gains/head_1_joint/d] by /roslaunch
[rosmaster.master][INFO] 2025-11-09 13:45:05,937: +SUB [/rosout] /rosout http://127.0.0.1:38111/
[rosmaster.master][INFO] 2025-11-09 13:45:05,937: +PARAM [/gains/head_1_joint/i] by /roslaunch
[rosmaster.master][INFO] 2025-11-09 13:45:05,937: +PARAM [/gains/head_1_joint/i_clamp] by /roslaunch
[rosmaster.master][INFO] 2025-11-09 13:45:05,938: +PARAM [/gains/head_2_joint/p] by /roslaunch
[rosmaster.master][INFO] 2025-11-09 13:45:05,938: +PARAM [/gains/head_2_joint/d] by /roslaunch
[rosmaster.master][INFO] 2025-11-09 13:45:05,938: +PARAM [/gains/head_2_joint/i] by /roslaunch
[rosmaster.master][INFO] 2025-11-09 13:45:05,938: +PARAM [/gains/head_2_joint/i_clamp] by /roslaunch
[rosmaster.master][INFO] 2025-11-09 13:45:05,938: +PARAM [/gains/xtion_frame_joint/p] by /roslaunch
[rosmaster.master][INFO] 2025-11-09 13:45:05,938: +PARAM [/gains/xtion_frame_joint/d] by /roslaunch
[rosmaster.master][INFO] 2025-11-09 13:45:05,938: +PARAM [/gains/xtion_frame_joint/i] by /roslaunch
[rosmaster.master][INFO] 2025-11-09 13:45:05,938: +PARAM [/gains/xtion_frame_joint/i_clamp] by /roslaunch
[rosmaster.master][INFO] 2025-11-09 13:45:05,938: +PARAM [/gains/arm_1_joint/p] by /roslaunch
[rosmaster.master][INFO] 2025-11-09 13:45:05,938: +PARAM [/gains/arm_1_joint/d] by /roslaunch
[rosmaster.master][INFO] 2025-11-09 13:45:05,938: +PARAM [/gains/arm_1_joint/i] by /roslaunch
[rosmaster.master][INFO] 2025-11-09 13:45:05,939: +PARAM [/gains/arm_1_joint/i_clamp] by /roslaunch
[rosmaster.master][INFO] 2025-11-09 13:45:05,939: +PARAM [/gains/arm_1_joint/torque_clamp] by /roslaunch
[rosmaster.master][INFO] 2025-11-09 13:45:05,939: +PARAM [/gains/arm_2_joint/p] by /roslaunch
[rosmaster.master][INFO] 2025-11-09 13:45:05,939: +PARAM [/gains/arm_2_joint/d] by /roslaunch
[rosmaster.master][INFO] 2025-11-09 13:45:05,939: +PARAM [/gains/arm_2_joint/i] by /roslaunch
[rosmaster.master][INFO] 2025-11-09 13:45:05,939: +PARAM [/gains/arm_2_joint/i_clamp] by /roslaunch
[rosmaster.master][INFO] 2025-11-09 13:45:05,939: +PARAM [/gains/arm_2_joint/torque_clamp] by /roslaunch
[rosmaster.master][INFO] 2025-11-09 13:45:05,939: +PARAM [/gains/arm_3_joint/p] by /roslaunch
[rosmaster.master][INFO] 2025-11-09 13:45:05,939: +PARAM [/gains/arm_3_joint/d] by /roslaunch
[rosmaster.master][INFO] 2025-11-09 13:45:05,939: +PARAM [/gains/arm_3_joint/i] by /roslaunch
[rosmaster.master][INFO] 2025-11-09 13:45:05,939: +PARAM [/gains/arm_3_joint/i_clamp] by /roslaunch
[rosmaster.master][INFO] 2025-11-09 13:45:05,939: +PARAM [/gains/arm_3_joint/torque_clamp] by /roslaunch
[rosmaster.master][INFO] 2025-11-09 13:45:05,939: +PARAM [/gains/arm_4_joint/p] by /roslaunch
[rosmaster.master][INFO] 2025-11-09 13:45:05,939: +PARAM [/gains/arm_4_joint/d] by /roslaunch
[rosmaster.master][INFO] 2025-11-09 13:45:05,940: +PARAM [/gains/arm_4_joint/i] by /roslaunch
[rosmaster.master][INFO] 2025-11-09 13:45:05,940: +PARAM [/gains/arm_4_joint/i_clamp] by /roslaunch
[rosmaster.master][INFO] 2025-11-09 13:45:05,940: +PARAM [/gains/arm_4_joint/torque_clamp] by /roslaunch
[rosmaster.master][INFO] 2025-11-09 13:45:05,940: +PARAM [/gains/arm_5_joint/p] by /roslaunch
[rosmaster.master][INFO] 2025-11-09 13:45:05,940: +PARAM [/gains/arm_5_joint/d] by /roslaunch
[rosmaster.master][INFO] 2025-11-09 13:45:05,940: +PARAM [/gains/arm_5_joint/i] by /roslaunch
[rosmaster.master][INFO] 2025-11-09 13:45:05,940: +PARAM [/gains/arm_5_joint/i_clamp] by /roslaunch
[rosmaster.master][INFO] 2025-11-09 13:45:05,940: +PARAM [/gains/arm_5_joint/torque_clamp] by /roslaunch
[rosmaster.master][INFO] 2025-11-09 13:45:05,940: +PARAM [/gains/arm_6_joint/p] by /roslaunch
[rosmaster.master][INFO] 2025-11-09 13:45:05,940: +PARAM [/gains/arm_6_joint/d] by /roslaunch
[rosmaster.master][INFO] 2025-11-09 13:45:05,940: +PARAM [/gains/arm_6_joint/i] by /roslaunch
[rosmaster.master][INFO] 2025-11-09 13:45:05,940: +PARAM [/gains/arm_6_joint/i_clamp] by /roslaunch
[rosmaster.master][INFO] 2025-11-09 13:45:05,940: +PARAM [/gains/arm_6_joint/torque_clamp] by /roslaunch
[rosmaster.master][INFO] 2025-11-09 13:45:05,940: +PARAM [/gains/arm_7_joint/p] by /roslaunch
[rosmaster.master][INFO] 2025-11-09 13:45:05,941: +PARAM [/gains/arm_7_joint/d] by /roslaunch
[rosmaster.master][INFO] 2025-11-09 13:45:05,941: +PARAM [/gains/arm_7_joint/i] by /roslaunch
[rosmaster.master][INFO] 2025-11-09 13:45:05,941: +PARAM [/gains/arm_7_joint/i_clamp] by /roslaunch
[rosmaster.master][INFO] 2025-11-09 13:45:05,941: +PARAM [/gains/arm_7_joint/torque_clamp] by /roslaunch
[rosmaster.master][INFO] 2025-11-09 13:45:05,941: +PARAM [/gains/hand_index_joint/p] by /roslaunch
[rosmaster.master][INFO] 2025-11-09 13:45:05,941: +PARAM [/gains/hand_index_joint/d] by /roslaunch
[rosmaster.master][INFO] 2025-11-09 13:45:05,941: +PARAM [/gains/hand_index_joint/i] by /roslaunch
[rosmaster.master][INFO] 2025-11-09 13:45:05,941: +PARAM [/gains/hand_index_joint/i_clamp] by /roslaunch
[rosmaster.master][INFO] 2025-11-09 13:45:05,941: +PARAM [/gains/hand_thumb_joint/p] by /roslaunch
[rosmaster.master][INFO] 2025-11-09 13:45:05,941: +PARAM [/gains/hand_thumb_joint/d] by /roslaunch
[rosmaster.master][INFO] 2025-11-09 13:45:05,941: +PARAM [/gains/hand_thumb_joint/i] by /roslaunch
[rosmaster.master][INFO] 2025-11-09 13:45:05,941: +PARAM [/gains/hand_thumb_joint/i_clamp] by /roslaunch
[rosmaster.master][INFO] 2025-11-09 13:45:05,941: +PARAM [/gains/hand_mrl_joint/p] by /roslaunch
[rosmaster.master][INFO] 2025-11-09 13:45:05,941: +PARAM [/gains/hand_mrl_joint/d] by /roslaunch
[rosmaster.master][INFO] 2025-11-09 13:45:05,941: +PARAM [/gains/hand_mrl_joint/i] by /roslaunch
[rosmaster.master][INFO] 2025-11-09 13:45:05,941: +PARAM [/gains/hand_mrl_joint/i_clamp] by /roslaunch
[rosmaster.master][INFO] 2025-11-09 13:45:05,942: +PARAM [/gains/hand_index_abd_joint/p] by /roslaunch
[rosmaster.master][INFO] 2025-11-09 13:45:05,942: +PARAM [/gains/hand_index_abd_joint/d] by /roslaunch
[rosmaster.master][INFO] 2025-11-09 13:45:05,942: +PARAM [/gains/hand_index_abd_joint/i] by /roslaunch
[rosmaster.master][INFO] 2025-11-09 13:45:05,942: +PARAM [/gains/hand_index_abd_joint/i_clamp] by /roslaunch
[rosmaster.master][INFO] 2025-11-09 13:45:05,942: +PARAM [/gains/hand_index_virtual_1_joint/p] by /roslaunch
[rosmaster.master][INFO] 2025-11-09 13:45:05,942: +PARAM [/gains/hand_index_virtual_1_joint/d] by /roslaunch
[rosmaster.master][INFO] 2025-11-09 13:45:05,942: +PARAM [/gains/hand_index_virtual_1_joint/i] by /roslaunch
[rosmaster.master][INFO] 2025-11-09 13:45:05,942: +PARAM [/gains/hand_index_virtual_1_joint/i_clamp] by /roslaunch
[rosmaster.master][INFO] 2025-11-09 13:45:05,942: +PARAM [/gains/hand_index_virtual_2_joint/p] by /roslaunch
[rosmaster.master][INFO] 2025-11-09 13:45:05,942: +PARAM [/gains/hand_index_virtual_2_joint/d] by /roslaunch
[rosmaster.master][INFO] 2025-11-09 13:45:05,942: +PARAM [/gains/hand_index_virtual_2_joint/i] by /roslaunch
[rosmaster.master][INFO] 2025-11-09 13:45:05,942: +PARAM [/gains/hand_index_virtual_2_joint/i_clamp] by /roslaunch
[rosmaster.master][INFO] 2025-11-09 13:45:05,942: +PARAM [/gains/hand_index_virtual_3_joint/p] by /roslaunch
[rosmaster.master][INFO] 2025-11-09 13:45:05,942: +PARAM [/gains/hand_index_virtual_3_joint/d] by /roslaunch
[rosmaster.master][INFO] 2025-11-09 13:45:05,942: +PARAM [/gains/hand_index_virtual_3_joint/i] by /roslaunch
[rosmaster.master][INFO] 2025-11-09 13:45:05,942: +PARAM [/gains/hand_index_virtual_3_joint/i_clamp] by /roslaunch
[rosmaster.master][INFO] 2025-11-09 13:45:05,942: +PARAM [/gains/hand_index_flex_1_joint/p] by /roslaunch
[rosmaster.master][INFO] 2025-11-09 13:45:05,943: +PARAM [/gains/hand_index_flex_1_joint/d] by /roslaunch
[rosmaster.master][INFO] 2025-11-09 13:45:05,943: +PARAM [/gains/hand_index_flex_1_joint/i] by /roslaunch
[rosmaster.master][INFO] 2025-11-09 13:45:05,943: +PARAM [/gains/hand_index_flex_1_joint/i_clamp] by /roslaunch
[rosmaster.master][INFO] 2025-11-09 13:45:05,943: +PARAM [/gains/hand_index_flex_2_joint/p] by /roslaunch
[rosmaster.master][INFO] 2025-11-09 13:45:05,943: +PARAM [/gains/hand_index_flex_2_joint/d] by /roslaunch
[rosmaster.master][INFO] 2025-11-09 13:45:05,943: +PARAM [/gains/hand_index_flex_2_joint/i] by /roslaunch
[rosmaster.master][INFO] 2025-11-09 13:45:05,943: +PARAM [/gains/hand_index_flex_2_joint/i_clamp] by /roslaunch
[rosmaster.master][INFO] 2025-11-09 13:45:05,943: +PARAM [/gains/hand_index_flex_3_joint/p] by /roslaunch
[rosmaster.master][INFO] 2025-11-09 13:45:05,943: +PARAM [/gains/hand_index_flex_3_joint/d] by /roslaunch
[rosmaster.master][INFO] 2025-11-09 13:45:05,943: +PARAM [/gains/hand_index_flex_3_joint/i] by /roslaunch
[rosmaster.master][INFO] 2025-11-09 13:45:05,943: +PARAM [/gains/hand_index_flex_3_joint/i_clamp] by /roslaunch
[rosmaster.master][INFO] 2025-11-09 13:45:05,943: +PARAM [/gains/hand_little_abd_joint/p] by /roslaunch
[rosmaster.master][INFO] 2025-11-09 13:45:05,943: +PARAM [/gains/hand_little_abd_joint/d] by /roslaunch
[rosmaster.master][INFO] 2025-11-09 13:45:05,943: +PARAM [/gains/hand_little_abd_joint/i] by /roslaunch
[rosmaster.master][INFO] 2025-11-09 13:45:05,943: +PARAM [/gains/hand_little_abd_joint/i_clamp] by /roslaunch
[rosmaster.master][INFO] 2025-11-09 13:45:05,943: +PARAM [/gains/hand_little_virtual_1_joint/p] by /roslaunch
[rosmaster.master][INFO] 2025-11-09 13:45:05,943: +PARAM [/gains/hand_little_virtual_1_joint/d] by /roslaunch
[rosmaster.master][INFO] 2025-11-09 13:45:05,943: +PARAM [/gains/hand_little_virtual_1_joint/i] by /roslaunch
[rosmaster.master][INFO] 2025-11-09 13:45:05,943: +PARAM [/gains/hand_little_virtual_1_joint/i_clamp] by /roslaunch
[rosmaster.master][INFO] 2025-11-09 13:45:05,944: +PARAM [/gains/hand_little_virtual_2_joint/p] by /roslaunch
[rosmaster.master][INFO] 2025-11-09 13:45:05,944: +PARAM [/gains/hand_little_virtual_2_joint/d] by /roslaunch
[rosmaster.master][INFO] 2025-11-09 13:45:05,944: +PARAM [/gains/hand_little_virtual_2_joint/i] by /roslaunch
[rosmaster.master][INFO] 2025-11-09 13:45:05,944: +PARAM [/gains/hand_little_virtual_2_joint/i_clamp] by /roslaunch
[rosmaster.master][INFO] 2025-11-09 13:45:05,944: +PARAM [/gains/hand_little_virtual_3_joint/p] by /roslaunch
[rosmaster.master][INFO] 2025-11-09 13:45:05,944: +PARAM [/gains/hand_little_virtual_3_joint/d] by /roslaunch
[rosmaster.master][INFO] 2025-11-09 13:45:05,944: +PARAM [/gains/hand_little_virtual_3_joint/i] by /roslaunch
[rosmaster.master][INFO] 2025-11-09 13:45:05,944: +PARAM [/gains/hand_little_virtual_3_joint/i_clamp] by /roslaunch
[rosmaster.master][INFO] 2025-11-09 13:45:05,944: +PARAM [/gains/hand_little_flex_1_joint/p] by /roslaunch
[rosmaster.master][INFO] 2025-11-09 13:45:05,944: +PARAM [/gains/hand_little_flex_1_joint/d] by /roslaunch
[rosmaster.master][INFO] 2025-11-09 13:45:05,944: +PARAM [/gains/hand_little_flex_1_joint/i] by /roslaunch
[rosmaster.master][INFO] 2025-11-09 13:45:05,944: +PARAM [/gains/hand_little_flex_1_joint/i_clamp] by /roslaunch
[rosmaster.master][INFO] 2025-11-09 13:45:05,944: +PARAM [/gains/hand_little_flex_2_joint/p] by /roslaunch
[rosmaster.master][INFO] 2025-11-09 13:45:05,944: +PARAM [/gains/hand_little_flex_2_joint/d] by /roslaunch
[rosmaster.master][INFO] 2025-11-09 13:45:05,944: +PARAM [/gains/hand_little_flex_2_joint/i] by /roslaunch
[rosmaster.master][INFO] 2025-11-09 13:45:05,944: +PARAM [/gains/hand_little_flex_2_joint/i_clamp] by /roslaunch
[rosmaster.master][INFO] 2025-11-09 13:45:05,944: +PARAM [/gains/hand_little_flex_3_joint/p] by /roslaunch
[rosmaster.master][INFO] 2025-11-09 13:45:05,944: +PARAM [/gains/hand_little_flex_3_joint/d] by /roslaunch
[rosmaster.master][INFO] 2025-11-09 13:45:05,944: +PARAM [/gains/hand_little_flex_3_joint/i] by /roslaunch
[rosmaster.master][INFO] 2025-11-09 13:45:05,945: +PARAM [/gains/hand_little_flex_3_joint/i_clamp] by /roslaunch
[rosmaster.master][INFO] 2025-11-09 13:45:05,945: +PARAM [/gains/hand_middle_abd_joint/p] by /roslaunch
[rosmaster.master][INFO] 2025-11-09 13:45:05,945: +PARAM [/gains/hand_middle_abd_joint/d] by /roslaunch
[rosmaster.master][INFO] 2025-11-09 13:45:05,945: +PARAM [/gains/hand_middle_abd_joint/i] by /roslaunch
[rosmaster.master][INFO] 2025-11-09 13:45:05,945: +PARAM [/gains/hand_middle_abd_joint/i_clamp] by /roslaunch
[rosmaster.master][INFO] 2025-11-09 13:45:05,945: +PARAM [/gains/hand_middle_virtual_1_joint/p] by /roslaunch
[rosmaster.master][INFO] 2025-11-09 13:45:05,945: +PARAM [/gains/hand_middle_virtual_1_joint/d] by /roslaunch
[rosmaster.master][INFO] 2025-11-09 13:45:05,945: +PARAM [/gains/hand_middle_virtual_1_joint/i] by /roslaunch
[rosmaster.master][INFO] 2025-11-09 13:45:05,945: +PARAM [/gains/hand_middle_virtual_1_joint/i_clamp] by /roslaunch
[rosmaster.master][INFO] 2025-11-09 13:45:05,945: +PARAM [/gains/hand_middle_virtual_2_joint/p] by /roslaunch
[rosmaster.master][INFO] 2025-11-09 13:45:05,945: +PARAM [/gains/hand_middle_virtual_2_joint/d] by /roslaunch
[rosmaster.master][INFO] 2025-11-09 13:45:05,945: +PARAM [/gains/hand_middle_virtual_2_joint/i] by /roslaunch
[rosmaster.master][INFO] 2025-11-09 13:45:05,945: +PARAM [/gains/hand_middle_virtual_2_joint/i_clamp] by /roslaunch
[rosmaster.master][INFO] 2025-11-09 13:45:05,945: +PARAM [/gains/hand_middle_virtual_3_joint/p] by /roslaunch
[rosmaster.master][INFO] 2025-11-09 13:45:05,945: +PARAM [/gains/hand_middle_virtual_3_joint/d] by /roslaunch
[rosmaster.master][INFO] 2025-11-09 13:45:05,945: +PARAM [/gains/hand_middle_virtual_3_joint/i] by /roslaunch
[rosmaster.master][INFO] 2025-11-09 13:45:05,945: +PARAM [/gains/hand_middle_virtual_3_joint/i_clamp] by /roslaunch
[rosmaster.master][INFO] 2025-11-09 13:45:05,945: +PARAM [/gains/hand_middle_flex_1_joint/p] by /roslaunch
[rosmaster.master][INFO] 2025-11-09 13:45:05,945: +PARAM [/gains/hand_middle_flex_1_joint/d] by /roslaunch
[rosmaster.master][INFO] 2025-11-09 13:45:05,946: +PARAM [/gains/hand_middle_flex_1_joint/i] by /roslaunch
[rosmaster.master][INFO] 2025-11-09 13:45:05,946: +PARAM [/gains/hand_middle_flex_1_joint/i_clamp] by /roslaunch
[rosmaster.master][INFO] 2025-11-09 13:45:05,946: +PARAM [/gains/hand_middle_flex_2_joint/p] by /roslaunch
[rosmaster.master][INFO] 2025-11-09 13:45:05,946: +PARAM [/gains/hand_middle_flex_2_joint/d] by /roslaunch
[rosmaster.master][INFO] 2025-11-09 13:45:05,946: +PARAM [/gains/hand_middle_flex_2_joint/i] by /roslaunch
[rosmaster.master][INFO] 2025-11-09 13:45:05,946: +PARAM [/gains/hand_middle_flex_2_joint/i_clamp] by /roslaunch
[rosmaster.master][INFO] 2025-11-09 13:45:05,946: +PARAM [/gains/hand_middle_flex_3_joint/p] by /roslaunch
[rosmaster.master][INFO] 2025-11-09 13:45:05,946: +PARAM [/gains/hand_middle_flex_3_joint/d] by /roslaunch
[rosmaster.master][INFO] 2025-11-09 13:45:05,946: +PARAM [/gains/hand_middle_flex_3_joint/i] by /roslaunch
[rosmaster.master][INFO] 2025-11-09 13:45:05,946: +PARAM [/gains/hand_middle_flex_3_joint/i_clamp] by /roslaunch
[rosmaster.master][INFO] 2025-11-09 13:45:05,946: +PARAM [/gains/hand_ring_abd_joint/p] by /roslaunch
[rosmaster.master][INFO] 2025-11-09 13:45:05,946: +PARAM [/gains/hand_ring_abd_joint/d] by /roslaunch
[rosmaster.master][INFO] 2025-11-09 13:45:05,946: +PARAM [/gains/hand_ring_abd_joint/i] by /roslaunch
[rosmaster.master][INFO] 2025-11-09 13:45:05,946: +PARAM [/gains/hand_ring_abd_joint/i_clamp] by /roslaunch
[rosmaster.master][INFO] 2025-11-09 13:45:05,946: +PARAM [/gains/hand_ring_virtual_1_joint/p] by /roslaunch
[rosmaster.master][INFO] 2025-11-09 13:45:05,946: +PARAM [/gains/hand_ring_virtual_1_joint/d] by /roslaunch
[rosmaster.master][INFO] 2025-11-09 13:45:05,946: +PARAM [/gains/hand_ring_virtual_1_joint/i] by /roslaunch
[rosmaster.master][INFO] 2025-11-09 13:45:05,946: +PARAM [/gains/hand_ring_virtual_1_joint/i_clamp] by /roslaunch
[rosmaster.master][INFO] 2025-11-09 13:45:05,946: +PARAM [/gains/hand_ring_virtual_2_joint/p] by /roslaunch
[rosmaster.master][INFO] 2025-11-09 13:45:05,947: +PARAM [/gains/hand_ring_virtual_2_joint/d] by /roslaunch
[rosmaster.master][INFO] 2025-11-09 13:45:05,947: +PARAM [/gains/hand_ring_virtual_2_joint/i] by /roslaunch
[rosmaster.master][INFO] 2025-11-09 13:45:05,947: +PARAM [/gains/hand_ring_virtual_2_joint/i_clamp] by /roslaunch
[rosmaster.master][INFO] 2025-11-09 13:45:05,947: +PARAM [/gains/hand_ring_virtual_3_joint/p] by /roslaunch
[rosmaster.master][INFO] 2025-11-09 13:45:05,947: +PARAM [/gains/hand_ring_virtual_3_joint/d] by /roslaunch
[rosmaster.master][INFO] 2025-11-09 13:45:05,947: +PARAM [/gains/hand_ring_virtual_3_joint/i] by /roslaunch
[rosmaster.master][INFO] 2025-11-09 13:45:05,947: +PARAM [/gains/hand_ring_virtual_3_joint/i_clamp] by /roslaunch
[rosmaster.master][INFO] 2025-11-09 13:45:05,947: +PARAM [/gains/hand_ring_flex_1_joint/p] by /roslaunch
[rosmaster.master][INFO] 2025-11-09 13:45:05,947: +PARAM [/gains/hand_ring_flex_1_joint/d] by /roslaunch
[rosmaster.master][INFO] 2025-11-09 13:45:05,947: +PARAM [/gains/hand_ring_flex_1_joint/i] by /roslaunch
[rosmaster.master][INFO] 2025-11-09 13:45:05,947: +PARAM [/gains/hand_ring_flex_1_joint/i_clamp] by /roslaunch
[rosmaster.master][INFO] 2025-11-09 13:45:05,947: +PARAM [/gains/hand_ring_flex_2_joint/p] by /roslaunch
[rosmaster.master][INFO] 2025-11-09 13:45:05,947: +PARAM [/gains/hand_ring_flex_2_joint/d] by /roslaunch
[rosmaster.master][INFO] 2025-11-09 13:45:05,947: +PARAM [/gains/hand_ring_flex_2_joint/i] by /roslaunch
[rosmaster.master][INFO] 2025-11-09 13:45:05,947: +PARAM [/gains/hand_ring_flex_2_joint/i_clamp] by /roslaunch
[rosmaster.master][INFO] 2025-11-09 13:45:05,947: +PARAM [/gains/hand_ring_flex_3_joint/p] by /roslaunch
[rosmaster.master][INFO] 2025-11-09 13:45:05,947: +PARAM [/gains/hand_ring_flex_3_joint/d] by /roslaunch
[rosmaster.master][INFO] 2025-11-09 13:45:05,948: +PARAM [/gains/hand_ring_flex_3_joint/i] by /roslaunch
[rosmaster.master][INFO] 2025-11-09 13:45:05,948: +PARAM [/gains/hand_ring_flex_3_joint/i_clamp] by /roslaunch
[rosmaster.master][INFO] 2025-11-09 13:45:05,948: +PARAM [/gains/hand_thumb_abd_joint/p] by /roslaunch
[rosmaster.master][INFO] 2025-11-09 13:45:05,948: +PARAM [/gains/hand_thumb_abd_joint/d] by /roslaunch
[rosmaster.master][INFO] 2025-11-09 13:45:05,948: +PARAM [/gains/hand_thumb_abd_joint/i] by /roslaunch
[rosmaster.master][INFO] 2025-11-09 13:45:05,948: +PARAM [/gains/hand_thumb_abd_joint/i_clamp] by /roslaunch
[rosmaster.master][INFO] 2025-11-09 13:45:05,948: +PARAM [/gains/hand_thumb_virtual_1_joint/p] by /roslaunch
[rosmaster.master][INFO] 2025-11-09 13:45:05,948: +PARAM [/gains/hand_thumb_virtual_1_joint/d] by /roslaunch
[rosmaster.master][INFO] 2025-11-09 13:45:05,948: +PARAM [/gains/hand_thumb_virtual_1_joint/i] by /roslaunch
[rosmaster.master][INFO] 2025-11-09 13:45:05,948: +PARAM [/gains/hand_thumb_virtual_1_joint/i_clamp] by /roslaunch
[rosmaster.master][INFO] 2025-11-09 13:45:05,948: +PARAM [/gains/hand_thumb_virtual_2_joint/p] by /roslaunch
[rosmaster.master][INFO] 2025-11-09 13:45:05,948: +PARAM [/gains/hand_thumb_virtual_2_joint/d] by /roslaunch
[rosmaster.master][INFO] 2025-11-09 13:45:05,948: +PARAM [/gains/hand_thumb_virtual_2_joint/i] by /roslaunch
[rosmaster.master][INFO] 2025-11-09 13:45:05,948: +PARAM [/gains/hand_thumb_virtual_2_joint/i_clamp] by /roslaunch
[rosmaster.master][INFO] 2025-11-09 13:45:05,948: +PARAM [/gains/hand_thumb_virtual_3_joint/p] by /roslaunch
[rosmaster.master][INFO] 2025-11-09 13:45:05,948: +PARAM [/gains/hand_thumb_virtual_3_joint/d] by /roslaunch
[rosmaster.master][INFO] 2025-11-09 13:45:05,948: +PARAM [/gains/hand_thumb_virtual_3_joint/i] by /roslaunch
[rosmaster.master][INFO] 2025-11-09 13:45:05,948: +PARAM [/gains/hand_thumb_virtual_3_joint/i_clamp] by /roslaunch
[rosmaster.master][INFO] 2025-11-09 13:45:05,948: +PARAM [/gains/hand_thumb_flex_1_joint/p] by /roslaunch
[rosmaster.master][INFO] 2025-11-09 13:45:05,948: +PARAM [/gains/hand_thumb_flex_1_joint/d] by /roslaunch
[rosmaster.master][INFO] 2025-11-09 13:45:05,948: +PARAM [/gains/hand_thumb_flex_1_joint/i] by /roslaunch
[rosmaster.master][INFO] 2025-11-09 13:45:05,949: +PARAM [/gains/hand_thumb_flex_1_joint/i_clamp] by /roslaunch
[rosmaster.master][INFO] 2025-11-09 13:45:05,949: +PARAM [/gains/hand_thumb_flex_2_joint/p] by /roslaunch
[rosmaster.master][INFO] 2025-11-09 13:45:05,949: +PARAM [/gains/hand_thumb_flex_2_joint/d] by /roslaunch
[rosmaster.master][INFO] 2025-11-09 13:45:05,949: +PARAM [/gains/hand_thumb_flex_2_joint/i] by /roslaunch
[rosmaster.master][INFO] 2025-11-09 13:45:05,949: +PARAM [/gains/hand_thumb_flex_2_joint/i_clamp] by /roslaunch
[rosmaster.master][INFO] 2025-11-09 13:45:05,949: +PARAM [/gains/hand_thumb_flex_3_joint/p] by /roslaunch
[rosmaster.master][INFO] 2025-11-09 13:45:05,949: +PARAM [/gains/hand_thumb_flex_3_joint/d] by /roslaunch
[rosmaster.master][INFO] 2025-11-09 13:45:05,949: +PARAM [/gains/hand_thumb_flex_3_joint/i] by /roslaunch
[rosmaster.master][INFO] 2025-11-09 13:45:05,949: +PARAM [/gains/hand_thumb_flex_3_joint/i_clamp] by /roslaunch
[rosmaster.master][INFO] 2025-11-09 13:45:05,949: +PARAM [/gains/gripper_left_finger_joint/p] by /roslaunch
[rosmaster.master][INFO] 2025-11-09 13:45:05,949: +PARAM [/gains/gripper_left_finger_joint/d] by /roslaunch
[rosmaster.master][INFO] 2025-11-09 13:45:05,949: +PARAM [/gains/gripper_left_finger_joint/i] by /roslaunch
[rosmaster.master][INFO] 2025-11-09 13:45:05,949: +PARAM [/gains/gripper_left_finger_joint/p_gain] by /roslaunch
[rosmaster.master][INFO] 2025-11-09 13:45:05,949: +PARAM [/gains/gripper_right_finger_joint/p] by /roslaunch
[rosmaster.master][INFO] 2025-11-09 13:45:05,949: +PARAM [/gains/gripper_right_finger_joint/d] by /roslaunch
[rosmaster.master][INFO] 2025-11-09 13:45:05,949: +PARAM [/gains/gripper_right_finger_joint/i] by /roslaunch
[rosmaster.master][INFO] 2025-11-09 13:45:05,949: +PARAM [/gains/gripper_right_finger_joint/p_gain] by /roslaunch
[rosmaster.master][INFO] 2025-11-09 13:45:05,949: +PARAM [/gains/gripper_finger_joint/p] by /roslaunch
[rosmaster.master][INFO] 2025-11-09 13:45:05,949: +PARAM [/gains/gripper_finger_joint/d] by /roslaunch
[rosmaster.master][INFO] 2025-11-09 13:45:05,950: +PARAM [/gains/gripper_finger_joint/i] by /roslaunch
[rosmaster.master][INFO] 2025-11-09 13:45:05,950: +PARAM [/gains/gripper_finger_joint/p_gain] by /roslaunch
[rosmaster.master][INFO] 2025-11-09 13:45:05,950: +PARAM [/gains/FFJ4/p] by /roslaunch
[rosmaster.master][INFO] 2025-11-09 13:45:05,950: +PARAM [/gains/FFJ4/d] by /roslaunch
[rosmaster.master][INFO] 2025-11-09 13:45:05,950: +PARAM [/gains/FFJ4/i] by /roslaunch
[rosmaster.master][INFO] 2025-11-09 13:45:05,950: +PARAM [/gains/FFJ3/p] by /roslaunch
[rosmaster.master][INFO] 2025-11-09 13:45:05,950: +PARAM [/gains/FFJ3/d] by /roslaunch
[rosmaster.master][INFO] 2025-11-09 13:45:05,950: +PARAM [/gains/FFJ3/i] by /roslaunch
[rosmaster.master][INFO] 2025-11-09 13:45:05,950: +PARAM [/gains/FFJ2/p] by /roslaunch
[rosmaster.master][INFO] 2025-11-09 13:45:05,950: +PARAM [/gains/FFJ2/d] by /roslaunch
[rosmaster.master][INFO] 2025-11-09 13:45:05,950: +PARAM [/gains/FFJ2/i] by /roslaunch
[rosmaster.master][INFO] 2025-11-09 13:45:05,950: +PARAM [/gains/FFJ1/p] by /roslaunch
[rosmaster.master][INFO] 2025-11-09 13:45:05,950: +PARAM [/gains/FFJ1/d] by /roslaunch
[rosmaster.master][INFO] 2025-11-09 13:45:05,950: +PARAM [/gains/FFJ1/i] by /roslaunch
[rosmaster.master][INFO] 2025-11-09 13:45:05,950: +PARAM [/gains/MFJ4/p] by /roslaunch
[rosmaster.master][INFO] 2025-11-09 13:45:05,950: +PARAM [/gains/MFJ4/d] by /roslaunch
[rosmaster.master][INFO] 2025-11-09 13:45:05,950: +PARAM [/gains/MFJ4/i] by /roslaunch
[rosmaster.master][INFO] 2025-11-09 13:45:05,950: +PARAM [/gains/MFJ3/p] by /roslaunch
[rosmaster.master][INFO] 2025-11-09 13:45:05,950: +PARAM [/gains/MFJ3/d] by /roslaunch
[rosmaster.master][INFO] 2025-11-09 13:45:05,950: +PARAM [/gains/MFJ3/i] by /roslaunch
[rosmaster.master][INFO] 2025-11-09 13:45:05,951: +PARAM [/gains/MFJ2/p] by /roslaunch
[rosmaster.master][INFO] 2025-11-09 13:45:05,951: +PARAM [/gains/MFJ2/d] by /roslaunch
[rosmaster.master][INFO] 2025-11-09 13:45:05,951: +PARAM [/gains/MFJ2/i] by /roslaunch
[rosmaster.master][INFO] 2025-11-09 13:45:05,951: +PARAM [/gains/MFJ1/p] by /roslaunch
[rosmaster.master][INFO] 2025-11-09 13:45:05,951: +PARAM [/gains/MFJ1/d] by /roslaunch
[rosmaster.master][INFO] 2025-11-09 13:45:05,951: +PARAM [/gains/MFJ1/i] by /roslaunch
[rosmaster.master][INFO] 2025-11-09 13:45:05,951: +PARAM [/gains/RFJ4/p] by /roslaunch
[rosmaster.master][INFO] 2025-11-09 13:45:05,951: +PARAM [/gains/RFJ4/d] by /roslaunch
[rosmaster.master][INFO] 2025-11-09 13:45:05,951: +PARAM [/gains/RFJ4/i] by /roslaunch
[rosmaster.master][INFO] 2025-11-09 13:45:05,951: +PARAM [/gains/RFJ3/p] by /roslaunch
[rosmaster.master][INFO] 2025-11-09 13:45:05,951: +PARAM [/gains/RFJ3/d] by /roslaunch
[rosmaster.master][INFO] 2025-11-09 13:45:05,951: +PARAM [/gains/RFJ3/i] by /roslaunch
[rosmaster.master][INFO] 2025-11-09 13:45:05,951: +PARAM [/gains/RFJ2/p] by /roslaunch
[rosmaster.master][INFO] 2025-11-09 13:45:05,951: +PARAM [/gains/RFJ2/d] by /roslaunch
[rosmaster.master][INFO] 2025-11-09 13:45:05,951: +PARAM [/gains/RFJ2/i] by /roslaunch
[rosmaster.master][INFO] 2025-11-09 13:45:05,951: +PARAM [/gains/RFJ1/p] by /roslaunch
[rosmaster.master][INFO] 2025-11-09 13:45:05,951: +PARAM [/gains/RFJ1/d] by /roslaunch
[rosmaster.master][INFO] 2025-11-09 13:45:05,951: +PARAM [/gains/RFJ1/i] by /roslaunch
[rosmaster.master][INFO] 2025-11-09 13:45:05,951: +PARAM [/gains/THJ5/p] by /roslaunch
[rosmaster.master][INFO] 2025-11-09 13:45:05,951: +PARAM [/gains/THJ5/d] by /roslaunch
[rosmaster.master][INFO] 2025-11-09 13:45:05,951: +PARAM [/gains/THJ5/i] by /roslaunch
[rosmaster.master][INFO] 2025-11-09 13:45:05,952: +PARAM [/gains/THJ4/p] by /roslaunch
[rosmaster.master][INFO] 2025-11-09 13:45:05,952: +PARAM [/gains/THJ4/d] by /roslaunch
[rosmaster.master][INFO] 2025-11-09 13:45:05,952: +PARAM [/gains/THJ4/i] by /roslaunch
[rosmaster.master][INFO] 2025-11-09 13:45:05,952: +PARAM [/gains/THJ2/p] by /roslaunch
[rosmaster.master][INFO] 2025-11-09 13:45:05,952: +PARAM [/gains/THJ2/d] by /roslaunch
[rosmaster.master][INFO] 2025-11-09 13:45:05,952: +PARAM [/gains/THJ2/i] by /roslaunch
[rosmaster.master][INFO] 2025-11-09 13:45:05,952: +PARAM [/gains/THJ1/p] by /roslaunch
[rosmaster.master][INFO] 2025-11-09 13:45:05,952: +PARAM [/gains/THJ1/d] by /roslaunch
[rosmaster.master][INFO] 2025-11-09 13:45:05,952: +PARAM [/gains/THJ1/i] by /roslaunch
[rosmaster.master][INFO] 2025-11-09 13:45:05,952: +PARAM [/velocity/pid_gains/wheel_right_joint/p] by /roslaunch
[rosmaster.master][INFO] 2025-11-09 13:45:05,952: +PARAM [/velocity/pid_gains/wheel_right_joint/d] by /roslaunch
[rosmaster.master][INFO] 2025-11-09 13:45:05,952: +PARAM [/velocity/pid_gains/wheel_right_joint/i] by /roslaunch
[rosmaster.master][INFO] 2025-11-09 13:45:05,952: +PARAM [/velocity/pid_gains/wheel_right_joint/i_clamp] by /roslaunch
[rosmaster.master][INFO] 2025-11-09 13:45:05,952: +PARAM [/velocity/pid_gains/wheel_left_joint/p] by /roslaunch
[rosmaster.master][INFO] 2025-11-09 13:45:05,952: +PARAM [/velocity/pid_gains/wheel_left_joint/d] by /roslaunch
[rosmaster.master][INFO] 2025-11-09 13:45:05,952: +PARAM [/velocity/pid_gains/wheel_left_joint/i] by /roslaunch
[rosmaster.master][INFO] 2025-11-09 13:45:05,952: +PARAM [/velocity/pid_gains/wheel_left_joint/i_clamp] by /roslaunch
[rosmaster.master][INFO] 2025-11-09 13:45:05,952: +PARAM [/velocity/pid_gains/caster_front_right_1_joint/p] by /roslaunch
[rosmaster.master][INFO] 2025-11-09 13:45:05,952: +PARAM [/velocity/pid_gains/caster_front_right_1_joint/d] by /roslaunch
[rosmaster.master][INFO] 2025-11-09 13:45:05,952: +PARAM [/velocity/pid_gains/caster_front_right_1_joint/i] by /roslaunch
[rosmaster.master][INFO] 2025-11-09 13:45:05,953: +PARAM [/velocity/pid_gains/caster_front_right_1_joint/i_clamp] by /roslaunch
[rosmaster.master][INFO] 2025-11-09 13:45:05,953: +PARAM [/velocity/pid_gains/caster_front_right_2_joint/p] by /roslaunch
[rosmaster.master][INFO] 2025-11-09 13:45:05,953: +PARAM [/velocity/pid_gains/caster_front_right_2_joint/d] by /roslaunch
[rosmaster.master][INFO] 2025-11-09 13:45:05,953: +PARAM [/velocity/pid_gains/caster_front_right_2_joint/i] by /roslaunch
[rosmaster.master][INFO] 2025-11-09 13:45:05,953: +PARAM [/velocity/pid_gains/caster_front_right_2_joint/i_clamp] by /roslaunch
[rosmaster.master][INFO] 2025-11-09 13:45:05,953: +PARAM [/velocity/pid_gains/caster_front_left_1_joint/p] by /roslaunch
[rosmaster.master][INFO] 2025-11-09 13:45:05,953: +PARAM [/velocity/pid_gains/caster_front_left_1_joint/d] by /roslaunch
[rosmaster.master][INFO] 2025-11-09 13:45:05,953: +PARAM [/velocity/pid_gains/caster_front_left_1_joint/i] by /roslaunch
[rosmaster.master][INFO] 2025-11-09 13:45:05,953: +PARAM [/velocity/pid_gains/caster_front_left_1_joint/i_clamp] by /roslaunch
[rosmaster.master][INFO] 2025-11-09 13:45:05,953: +PARAM [/velocity/pid_gains/caster_front_left_2_joint/p] by /roslaunch
[rosmaster.master][INFO] 2025-11-09 13:45:05,953: +PARAM [/velocity/pid_gains/caster_front_left_2_joint/d] by /roslaunch
[rosmaster.master][INFO] 2025-11-09 13:45:05,953: +PARAM [/velocity/pid_gains/caster_front_left_2_joint/i] by /roslaunch
[rosmaster.master][INFO] 2025-11-09 13:45:05,953: +PARAM [/velocity/pid_gains/caster_front_left_2_joint/i_clamp] by /roslaunch
[rosmaster.master][INFO] 2025-11-09 13:45:05,953: +PARAM [/velocity/pid_gains/caster_back_right_1_joint/p] by /roslaunch
[rosmaster.master][INFO] 2025-11-09 13:45:05,953: +PARAM [/velocity/pid_gains/caster_back_right_1_joint/d] by /roslaunch
[rosmaster.master][INFO] 2025-11-09 13:45:05,953: +PARAM [/velocity/pid_gains/caster_back_right_1_joint/i] by /roslaunch
[rosmaster.master][INFO] 2025-11-09 13:45:05,953: +PARAM [/velocity/pid_gains/caster_back_right_1_joint/i_clamp] by /roslaunch
[rosmaster.master][INFO] 2025-11-09 13:45:05,953: +PARAM [/velocity/pid_gains/caster_back_right_2_joint/p] by /roslaunch
[rosmaster.master][INFO] 2025-11-09 13:45:05,953: +PARAM [/velocity/pid_gains/caster_back_right_2_joint/d] by /roslaunch
[rosmaster.master][INFO] 2025-11-09 13:45:05,953: +PARAM [/velocity/pid_gains/caster_back_right_2_joint/i] by /roslaunch
[rosmaster.master][INFO] 2025-11-09 13:45:05,954: +PARAM [/velocity/pid_gains/caster_back_right_2_joint/i_clamp] by /roslaunch
[rosmaster.master][INFO] 2025-11-09 13:45:05,954: +PARAM [/velocity/pid_gains/caster_back_left_1_joint/p] by /roslaunch
[rosmaster.master][INFO] 2025-11-09 13:45:05,954: +PARAM [/velocity/pid_gains/caster_back_left_1_joint/d] by /roslaunch
[rosmaster.master][INFO] 2025-11-09 13:45:05,954: +PARAM [/velocity/pid_gains/caster_back_left_1_joint/i] by /roslaunch
[rosmaster.master][INFO] 2025-11-09 13:45:05,954: +PARAM [/velocity/pid_gains/caster_back_left_1_joint/i_clamp] by /roslaunch
[rosmaster.master][INFO] 2025-11-09 13:45:05,954: +PARAM [/velocity/pid_gains/caster_back_left_2_joint/p] by /roslaunch
[rosmaster.master][INFO] 2025-11-09 13:45:05,954: +PARAM [/velocity/pid_gains/caster_back_left_2_joint/d] by /roslaunch
[rosmaster.master][INFO] 2025-11-09 13:45:05,954: +PARAM [/velocity/pid_gains/caster_back_left_2_joint/i] by /roslaunch
[rosmaster.master][INFO] 2025-11-09 13:45:05,954: +PARAM [/velocity/pid_gains/caster_back_left_2_joint/i_clamp] by /roslaunch
[rosmaster.master][INFO] 2025-11-09 13:45:05,954: +PARAM [/force_torque/wrist_ft/sensor_joint] by /roslaunch
[rosmaster.master][INFO] 2025-11-09 13:45:05,954: +PARAM [/force_torque/wrist_ft/frame] by /roslaunch
[rosmaster.master][INFO] 2025-11-09 13:45:05,954: +PARAM [/imu/base_imu/frame] by /roslaunch
[rosmaster.master][INFO] 2025-11-09 13:45:05,954: +PARAM [/imu/base_imu/gazebo_sensor_name] by /roslaunch
[rosmaster.master][INFO] 2025-11-09 13:45:05,954: +PARAM [/robot_description] by /roslaunch
[rosmaster.master][INFO] 2025-11-09 13:45:05,954: +PARAM [/collision_model_parameters/padding] by /roslaunch
[rosmaster.master][INFO] 2025-11-09 13:45:05,954: +PARAM [/collision_model_parameters/links_with_padding] by /roslaunch
[rosmaster.master][INFO] 2025-11-09 13:45:05,954: +PARAM [/collision_model_parameters/blacklist/default] by /roslaunch
[rosmaster.master][INFO] 2025-11-09 13:45:05,954: +PARAM [/mobile_base_controller/type] by /roslaunch
[rosmaster.master][INFO] 2025-11-09 13:45:05,954: +PARAM [/mobile_base_controller/left_wheel] by /roslaunch
[rosmaster.master][INFO] 2025-11-09 13:45:05,954: +PARAM [/mobile_base_controller/right_wheel] by /roslaunch
[rosmaster.master][INFO] 2025-11-09 13:45:05,954: +PARAM [/mobile_base_controller/publish_rate] by /roslaunch
[rosmaster.master][INFO] 2025-11-09 13:45:05,955: +PARAM [/mobile_base_controller/pose_covariance_diagonal] by /roslaunch
[rosmaster.master][INFO] 2025-11-09 13:45:05,955: +PARAM [/mobile_base_controller/twist_covariance_diagonal] by /roslaunch
[rosmaster.master][INFO] 2025-11-09 13:45:05,955: +PARAM [/mobile_base_controller/cmd_vel_timeout] by /roslaunch
[rosmaster.master][INFO] 2025-11-09 13:45:05,955: +PARAM [/mobile_base_controller/base_frame_id] by /roslaunch
[rosmaster.master][INFO] 2025-11-09 13:45:05,955: +PARAM [/mobile_base_controller/preserve_turning_radius] by /roslaunch
[rosmaster.master][INFO] 2025-11-09 13:45:05,955: +PARAM [/mobile_base_controller/publish_wheel_data] by /roslaunch
[rosmaster.master][INFO] 2025-11-09 13:45:05,955: +PARAM [/mobile_base_controller/linear/x/has_velocity_limits] by /roslaunch
[rosmaster.master][INFO] 2025-11-09 13:45:05,955: +PARAM [/mobile_base_controller/linear/x/max_velocity] by /roslaunch
[rosmaster.master][INFO] 2025-11-09 13:45:05,955: +PARAM [/mobile_base_controller/linear/x/min_velocity] by /roslaunch
[rosmaster.master][INFO] 2025-11-09 13:45:05,955: +PARAM [/mobile_base_controller/linear/x/has_acceleration_limits] by /roslaunch
[rosmaster.master][INFO] 2025-11-09 13:45:05,955: +PARAM [/mobile_base_controller/linear/x/max_acceleration] by /roslaunch
[rosmaster.master][INFO] 2025-11-09 13:45:05,955: +PARAM [/mobile_base_controller/angular/z/has_velocity_limits] by /roslaunch
[rosmaster.master][INFO] 2025-11-09 13:45:05,955: +PARAM [/mobile_base_controller/angular/z/max_velocity] by /roslaunch
[rosmaster.master][INFO] 2025-11-09 13:45:05,955: +PARAM [/mobile_base_controller/angular/z/has_acceleration_limits] by /roslaunch
[rosmaster.master][INFO] 2025-11-09 13:45:05,955: +PARAM [/mobile_base_controller/angular/z/max_acceleration] by /roslaunch
[rosmaster.master][INFO] 2025-11-09 13:45:05,955: +PARAM [/torso_controller/type] by /roslaunch
[rosmaster.master][INFO] 2025-11-09 13:45:05,956: +PARAM [/torso_controller/joints] by /roslaunch
[rosmaster.master][INFO] 2025-11-09 13:45:05,956: +PARAM [/torso_controller/constraints/goal_time] by /roslaunch
[rosmaster.master][INFO] 2025-11-09 13:45:05,956: +PARAM [/torso_controller/constraints/stopped_velocity_tolerance] by /roslaunch
[rosmaster.master][INFO] 2025-11-09 13:45:05,956: +PARAM [/torso_controller/constraints/torso_lift_joint/goal] by /roslaunch
[rosmaster.master][INFO] 2025-11-09 13:45:05,956: +PARAM [/head_controller/type] by /roslaunch
[rosmaster.master][INFO] 2025-11-09 13:45:05,956: +PARAM [/head_controller/joints] by /roslaunch
[rosmaster.master][INFO] 2025-11-09 13:45:05,956: +PARAM [/head_controller/constraints/goal_time] by /roslaunch
[rosmaster.master][INFO] 2025-11-09 13:45:05,956: +PARAM [/head_controller/constraints/stopped_velocity_tolerance] by /roslaunch
[rosmaster.master][INFO] 2025-11-09 13:45:05,956: +PARAM [/head_controller/constraints/head_1_joint/goal] by /roslaunch
[rosmaster.master][INFO] 2025-11-09 13:45:05,956: +PARAM [/head_controller/constraints/head_2_joint/goal] by /roslaunch
[rosmaster.master][INFO] 2025-11-09 13:45:05,956: +PARAM [/arm_controller/type] by /roslaunch
[rosmaster.master][INFO] 2025-11-09 13:45:05,956: +PARAM [/arm_controller/joints] by /roslaunch
[rosmaster.master][INFO] 2025-11-09 13:45:05,956: +PARAM [/arm_controller/constraints/goal_time] by /roslaunch
[rosmaster.master][INFO] 2025-11-09 13:45:05,956: +PARAM [/arm_controller/constraints/stopped_velocity_tolerance] by /roslaunch
[rosmaster.master][INFO] 2025-11-09 13:45:05,956: +PARAM [/arm_controller/constraints/arm_1_joint/goal] by /roslaunch
[rosmaster.master][INFO] 2025-11-09 13:45:05,956: +PARAM [/arm_controller/constraints/arm_2_joint/goal] by /roslaunch
[rosmaster.master][INFO] 2025-11-09 13:45:05,956: +PARAM [/arm_controller/constraints/arm_3_joint/goal] by /roslaunch
[rosmaster.master][INFO] 2025-11-09 13:45:05,956: +PARAM [/arm_controller/constraints/arm_4_joint/goal] by /roslaunch
[rosmaster.master][INFO] 2025-11-09 13:45:05,956: +PARAM [/arm_controller/constraints/arm_5_joint/goal] by /roslaunch
[rosmaster.master][INFO] 2025-11-09 13:45:05,957: +PARAM [/arm_controller/constraints/arm_6_joint/goal] by /roslaunch
[rosmaster.master][INFO] 2025-11-09 13:45:05,957: +PARAM [/arm_controller/constraints/arm_7_joint/goal] by /roslaunch
[rosmaster.master][INFO] 2025-11-09 13:45:05,957: +PARAM [/joint_state_controller/extra_joints] by /roslaunch
[rosmaster.master][INFO] 2025-11-09 13:45:05,957: +PARAM [/joint_torque_sensor_state_controller/extra_joints] by /roslaunch
[rosmaster.master][INFO] 2025-11-09 13:45:05,957: +PARAM [/joint_state_controller/type] by /roslaunch
[rosmaster.master][INFO] 2025-11-09 13:45:05,957: +PARAM [/joint_state_controller/publish_rate] by /roslaunch
[rosmaster.master][INFO] 2025-11-09 13:45:05,957: +PARAM [/mobile_base_controller/odom_frame_id] by /roslaunch
[rosmaster.master][INFO] 2025-11-09 13:45:05,957: +PARAM [/head_controller/point_head_action/pan_link] by /roslaunch
[rosmaster.master][INFO] 2025-11-09 13:45:05,957: +PARAM [/head_controller/point_head_action/tilt_link] by /roslaunch
[rosmaster.master][INFO] 2025-11-09 13:45:05,957: +PARAM [/head_controller/point_head_action/success_angle_threshold] by /roslaunch
[rosmaster.master][INFO] 2025-11-09 13:45:05,957: +PARAM [/imu_sensor_controller/type] by /roslaunch
[rosmaster.master][INFO] 2025-11-09 13:45:05,957: +PARAM [/imu_sensor_controller/publish_rate] by /roslaunch
[rosmaster.master][INFO] 2025-11-09 13:45:05,957: +PARAM [/force_torque_sensor_controller/type] by /roslaunch
[rosmaster.master][INFO] 2025-11-09 13:45:05,957: +PARAM [/force_torque_sensor_controller/publish_rate] by /roslaunch
[rosmaster.master][INFO] 2025-11-09 13:45:05,957: +PARAM [/hand_controller/type] by /roslaunch
[rosmaster.master][INFO] 2025-11-09 13:45:05,957: +PARAM [/hand_controller/joints] by /roslaunch
[rosmaster.master][INFO] 2025-11-09 13:45:05,957: +PARAM [/hand_controller/constraints/goal_time] by /roslaunch
[rosmaster.master][INFO] 2025-11-09 13:45:05,957: +PARAM [/hand_controller/constraints/stopped_velocity_tolerance] by /roslaunch
[rosmaster.master][INFO] 2025-11-09 13:45:05,957: +PARAM [/hand_controller/constraints/hand_thumb_joint/goal] by /roslaunch
[rosmaster.master][INFO] 2025-11-09 13:45:05,958: +PARAM [/hand_controller/constraints/hand_index_joint/goal] by /roslaunch
[rosmaster.master][INFO] 2025-11-09 13:45:05,958: +PARAM [/hand_controller/constraints/hand_mrl_joint/goal] by /roslaunch
[rosmaster.master][INFO] 2025-11-09 13:45:05,958: +PARAM [/hand_controller/stop_trajectory_duration] by /roslaunch
[rosmaster.master][INFO] 2025-11-09 13:45:05,958: +PARAM [/hand_grasping_action/target_controller] by /roslaunch
[rosmaster.master][INFO] 2025-11-09 13:45:05,958: +PARAM [/play_motion/controllers] by /roslaunch
[rosmaster.master][INFO] 2025-11-09 13:45:05,958: +PARAM [/play_motion/motions/home/joints] by /roslaunch
[rosmaster.master][INFO] 2025-11-09 13:45:05,958: +PARAM [/play_motion/motions/home/points] by /roslaunch
[rosmaster.master][INFO] 2025-11-09 13:45:05,958: +PARAM [/play_motion/motions/home/meta/name] by /roslaunch
[rosmaster.master][INFO] 2025-11-09 13:45:05,958: +PARAM [/play_motion/motions/home/meta/usage] by /roslaunch
[rosmaster.master][INFO] 2025-11-09 13:45:05,958: +PARAM [/play_motion/motions/home/meta/description] by /roslaunch
[rosmaster.master][INFO] 2025-11-09 13:45:05,958: +PARAM [/play_motion/motions/unfold_arm/joints] by /roslaunch
[rosmaster.master][INFO] 2025-11-09 13:45:05,958: +PARAM [/play_motion/motions/unfold_arm/points] by /roslaunch
[rosmaster.master][INFO] 2025-11-09 13:45:05,958: +PARAM [/play_motion/motions/unfold_arm/meta/name] by /roslaunch
[rosmaster.master][INFO] 2025-11-09 13:45:05,958: +PARAM [/play_motion/motions/unfold_arm/meta/usage] by /roslaunch
[rosmaster.master][INFO] 2025-11-09 13:45:05,958: +PARAM [/play_motion/motions/unfold_arm/meta/description] by /roslaunch
[rosmaster.master][INFO] 2025-11-09 13:45:05,958: +PARAM [/play_motion/motions/reach_floor/joints] by /roslaunch
[rosmaster.master][INFO] 2025-11-09 13:45:05,958: +PARAM [/play_motion/motions/reach_floor/points] by /roslaunch
[rosmaster.master][INFO] 2025-11-09 13:45:05,958: +PARAM [/play_motion/motions/reach_floor/meta/name] by /roslaunch
[rosmaster.master][INFO] 2025-11-09 13:45:05,958: +PARAM [/play_motion/motions/reach_floor/meta/usage] by /roslaunch
[rosmaster.master][INFO] 2025-11-09 13:45:05,958: +PARAM [/play_motion/motions/reach_floor/meta/description] by /roslaunch
[rosmaster.master][INFO] 2025-11-09 13:45:05,959: +PARAM [/play_motion/motions/reach_max/joints] by /roslaunch
[rosmaster.master][INFO] 2025-11-09 13:45:05,959: +PARAM [/play_motion/motions/reach_max/points] by /roslaunch
[rosmaster.master][INFO] 2025-11-09 13:45:05,959: +PARAM [/play_motion/motions/reach_max/meta/name] by /roslaunch
[rosmaster.master][INFO] 2025-11-09 13:45:05,959: +PARAM [/play_motion/motions/reach_max/meta/usage] by /roslaunch
[rosmaster.master][INFO] 2025-11-09 13:45:05,959: +PARAM [/play_motion/motions/reach_max/meta/description] by /roslaunch
[rosmaster.master][INFO] 2025-11-09 13:45:05,959: +PARAM [/play_motion/motions/prepare_grasp/joints] by /roslaunch
[rosmaster.master][INFO] 2025-11-09 13:45:05,959: +PARAM [/play_motion/motions/prepare_grasp/points] by /roslaunch
[rosmaster.master][INFO] 2025-11-09 13:45:05,959: +PARAM [/play_motion/motions/prepare_grasp/meta/name] by /roslaunch
[rosmaster.master][INFO] 2025-11-09 13:45:05,959: +PARAM [/play_motion/motions/prepare_grasp/meta/usage] by /roslaunch
[rosmaster.master][INFO] 2025-11-09 13:45:05,959: +PARAM [/play_motion/motions/prepare_grasp/meta/description] by /roslaunch
[rosmaster.master][INFO] 2025-11-09 13:45:05,959: +PARAM [/play_motion/motions/inspect_surroundings/joints] by /roslaunch
[rosmaster.master][INFO] 2025-11-09 13:45:05,959: +PARAM [/play_motion/motions/inspect_surroundings/points] by /roslaunch
[rosmaster.master][INFO] 2025-11-09 13:45:05,959: +PARAM [/play_motion/motions/inspect_surroundings/meta/name] by /roslaunch
[rosmaster.master][INFO] 2025-11-09 13:45:05,959: +PARAM [/play_motion/motions/inspect_surroundings/meta/usage] by /roslaunch
[rosmaster.master][INFO] 2025-11-09 13:45:05,959: +PARAM [/play_motion/motions/inspect_surroundings/meta/description] by /roslaunch
[rosmaster.master][INFO] 2025-11-09 13:45:05,959: +PARAM [/play_motion/motions/open_hand/joints] by /roslaunch
[rosmaster.master][INFO] 2025-11-09 13:45:05,959: +PARAM [/play_motion/motions/open_hand/points] by /roslaunch
[rosmaster.master][INFO] 2025-11-09 13:45:05,959: +PARAM [/play_motion/motions/open/joints] by /roslaunch
[rosmaster.master][INFO] 2025-11-09 13:45:05,959: +PARAM [/play_motion/motions/open/points] by /roslaunch
[rosmaster.master][INFO] 2025-11-09 13:45:05,960: +PARAM [/play_motion/motions/open/meta/name] by /roslaunch
[rosmaster.master][INFO] 2025-11-09 13:45:05,960: +PARAM [/play_motion/motions/open/meta/usage] by /roslaunch
[rosmaster.master][INFO] 2025-11-09 13:45:05,960: +PARAM [/play_motion/motions/open/meta/description] by /roslaunch
[rosmaster.master][INFO] 2025-11-09 13:45:05,960: +PARAM [/play_motion/motions/close_hand/joints] by /roslaunch
[rosmaster.master][INFO] 2025-11-09 13:45:05,960: +PARAM [/play_motion/motions/close_hand/points] by /roslaunch
[rosmaster.master][INFO] 2025-11-09 13:45:05,960: +PARAM [/play_motion/motions/close/joints] by /roslaunch
[rosmaster.master][INFO] 2025-11-09 13:45:05,960: +PARAM [/play_motion/motions/close/points] by /roslaunch
[rosmaster.master][INFO] 2025-11-09 13:45:05,960: +PARAM [/play_motion/motions/close/meta/name] by /roslaunch
[rosmaster.master][INFO] 2025-11-09 13:45:05,960: +PARAM [/play_motion/motions/close/meta/usage] by /roslaunch
[rosmaster.master][INFO] 2025-11-09 13:45:05,960: +PARAM [/play_motion/motions/close/meta/description] by /roslaunch
[rosmaster.master][INFO] 2025-11-09 13:45:05,960: +PARAM [/play_motion/motions/close_half/joints] by /roslaunch
[rosmaster.master][INFO] 2025-11-09 13:45:05,960: +PARAM [/play_motion/motions/close_half/points] by /roslaunch
[rosmaster.master][INFO] 2025-11-09 13:45:05,960: +PARAM [/play_motion/motions/close_half/meta/name] by /roslaunch
[rosmaster.master][INFO] 2025-11-09 13:45:05,960: +PARAM [/play_motion/motions/close_half/meta/usage] by /roslaunch
[rosmaster.master][INFO] 2025-11-09 13:45:05,960: +PARAM [/play_motion/motions/close_half/meta/description] by /roslaunch
[rosmaster.master][INFO] 2025-11-09 13:45:05,960: +PARAM [/play_motion/motions/pointing_hand/joints] by /roslaunch
[rosmaster.master][INFO] 2025-11-09 13:45:05,960: +PARAM [/play_motion/motions/pointing_hand/points] by /roslaunch
[rosmaster.master][INFO] 2025-11-09 13:45:05,960: +PARAM [/play_motion/motions/point/joints] by /roslaunch
[rosmaster.master][INFO] 2025-11-09 13:45:05,960: +PARAM [/play_motion/motions/point/points] by /roslaunch
[rosmaster.master][INFO] 2025-11-09 13:45:05,960: +PARAM [/play_motion/motions/point/meta/name] by /roslaunch
[rosmaster.master][INFO] 2025-11-09 13:45:05,961: +PARAM [/play_motion/motions/point/meta/usage] by /roslaunch
[rosmaster.master][INFO] 2025-11-09 13:45:05,961: +PARAM [/play_motion/motions/point/meta/description] by /roslaunch
[rosmaster.master][INFO] 2025-11-09 13:45:05,961: +PARAM [/play_motion/motions/gun_hand/joints] by /roslaunch
[rosmaster.master][INFO] 2025-11-09 13:45:05,961: +PARAM [/play_motion/motions/gun_hand/points] by /roslaunch
[rosmaster.master][INFO] 2025-11-09 13:45:05,961: +PARAM [/play_motion/motions/gun_hand/meta/name] by /roslaunch
[rosmaster.master][INFO] 2025-11-09 13:45:05,961: +PARAM [/play_motion/motions/gun_hand/meta/usage] by /roslaunch
[rosmaster.master][INFO] 2025-11-09 13:45:05,961: +PARAM [/play_motion/motions/gun_hand/meta/description] by /roslaunch
[rosmaster.master][INFO] 2025-11-09 13:45:05,961: +PARAM [/play_motion/motions/thumb_up_hand/joints] by /roslaunch
[rosmaster.master][INFO] 2025-11-09 13:45:05,961: +PARAM [/play_motion/motions/thumb_up_hand/points] by /roslaunch
[rosmaster.master][INFO] 2025-11-09 13:45:05,961: +PARAM [/play_motion/motions/thumb_up_hand/meta/name] by /roslaunch
[rosmaster.master][INFO] 2025-11-09 13:45:05,961: +PARAM [/play_motion/motions/thumb_up_hand/meta/usage] by /roslaunch
[rosmaster.master][INFO] 2025-11-09 13:45:05,961: +PARAM [/play_motion/motions/thumb_up_hand/meta/description] by /roslaunch
[rosmaster.master][INFO] 2025-11-09 13:45:05,961: +PARAM [/play_motion/motions/pinch_hand/joints] by /roslaunch
[rosmaster.master][INFO] 2025-11-09 13:45:05,961: +PARAM [/play_motion/motions/pinch_hand/points] by /roslaunch
[rosmaster.master][INFO] 2025-11-09 13:45:05,961: +PARAM [/play_motion/motions/pinch_hand/meta/name] by /roslaunch
[rosmaster.master][INFO] 2025-11-09 13:45:05,961: +PARAM [/play_motion/motions/pinch_hand/meta/usage] by /roslaunch
[rosmaster.master][INFO] 2025-11-09 13:45:05,961: +PARAM [/play_motion/motions/pinch_hand/meta/description] by /roslaunch
[rosmaster.master][INFO] 2025-11-09 13:45:05,961: +PARAM [/play_motion/motions/wave/joints] by /roslaunch
[rosmaster.master][INFO] 2025-11-09 13:45:05,962: +PARAM [/play_motion/motions/wave/points] by /roslaunch
[rosmaster.master][INFO] 2025-11-09 13:45:05,962: +PARAM [/play_motion/motions/wave/meta/name] by /roslaunch
[rosmaster.master][INFO] 2025-11-09 13:45:05,962: +PARAM [/play_motion/motions/wave/meta/usage] by /roslaunch
[rosmaster.master][INFO] 2025-11-09 13:45:05,962: +PARAM [/play_motion/motions/wave/meta/description] by /roslaunch
[rosmaster.master][INFO] 2025-11-09 13:45:05,962: +PARAM [/play_motion/motions/pregrasp_weight/joints] by /roslaunch
[rosmaster.master][INFO] 2025-11-09 13:45:05,962: +PARAM [/play_motion/motions/pregrasp_weight/points] by /roslaunch
[rosmaster.master][INFO] 2025-11-09 13:45:05,962: +PARAM [/play_motion/motions/pregrasp_weight/meta/name] by /roslaunch
[rosmaster.master][INFO] 2025-11-09 13:45:05,962: +PARAM [/play_motion/motions/pregrasp_weight/meta/usage] by /roslaunch
[rosmaster.master][INFO] 2025-11-09 13:45:05,962: +PARAM [/play_motion/motions/pregrasp_weight/meta/description] by /roslaunch
[rosmaster.master][INFO] 2025-11-09 13:45:05,962: +PARAM [/play_motion/motions/do_weights/joints] by /roslaunch
[rosmaster.master][INFO] 2025-11-09 13:45:05,962: +PARAM [/play_motion/motions/do_weights/points] by /roslaunch
[rosmaster.master][INFO] 2025-11-09 13:45:05,962: +PARAM [/play_motion/motions/do_weights/meta/name] by /roslaunch
[rosmaster.master][INFO] 2025-11-09 13:45:05,962: +PARAM [/play_motion/motions/do_weights/meta/usage] by /roslaunch
[rosmaster.master][INFO] 2025-11-09 13:45:05,962: +PARAM [/play_motion/motions/do_weights/meta/description] by /roslaunch
[rosmaster.master][INFO] 2025-11-09 13:45:05,962: +PARAM [/play_motion/motions/offer_hand/joints] by /roslaunch
[rosmaster.master][INFO] 2025-11-09 13:45:05,962: +PARAM [/play_motion/motions/offer_hand/points] by /roslaunch
[rosmaster.master][INFO] 2025-11-09 13:45:05,962: +PARAM [/play_motion/motions/offer/joints] by /roslaunch
[rosmaster.master][INFO] 2025-11-09 13:45:05,962: +PARAM [/play_motion/motions/offer/points] by /roslaunch
[rosmaster.master][INFO] 2025-11-09 13:45:05,962: +PARAM [/play_motion/motions/offer/meta/name] by /roslaunch
[rosmaster.master][INFO] 2025-11-09 13:45:05,962: +PARAM [/play_motion/motions/offer/meta/usage] by /roslaunch
[rosmaster.master][INFO] 2025-11-09 13:45:05,963: +PARAM [/play_motion/motions/offer/meta/description] by /roslaunch
[rosmaster.master][INFO] 2025-11-09 13:45:05,963: +PARAM [/play_motion/motions/shake_hands/joints] by /roslaunch
[rosmaster.master][INFO] 2025-11-09 13:45:05,963: +PARAM [/play_motion/motions/shake_hands/points] by /roslaunch
[rosmaster.master][INFO] 2025-11-09 13:45:05,963: +PARAM [/play_motion/motions/shake_hands/meta/name] by /roslaunch
[rosmaster.master][INFO] 2025-11-09 13:45:05,963: +PARAM [/play_motion/motions/shake_hands/meta/usage] by /roslaunch
[rosmaster.master][INFO] 2025-11-09 13:45:05,963: +PARAM [/play_motion/motions/shake_hands/meta/description] by /roslaunch
[rosmaster.master][INFO] 2025-11-09 13:45:05,963: +PARAM [/play_motion/motions/pick_from_floor/joints] by /roslaunch
[rosmaster.master][INFO] 2025-11-09 13:45:05,963: +PARAM [/play_motion/motions/pick_from_floor/points] by /roslaunch
[rosmaster.master][INFO] 2025-11-09 13:45:05,963: +PARAM [/play_motion/motions/pick_from_floor/meta/name] by /roslaunch
[rosmaster.master][INFO] 2025-11-09 13:45:05,963: +PARAM [/play_motion/motions/pick_from_floor/meta/usage] by /roslaunch
[rosmaster.master][INFO] 2025-11-09 13:45:05,963: +PARAM [/play_motion/motions/pick_from_floor/meta/description] by /roslaunch
[rosmaster.master][INFO] 2025-11-09 13:45:05,963: +PARAM [/play_motion/motions/head_tour/joints] by /roslaunch
[rosmaster.master][INFO] 2025-11-09 13:45:05,963: +PARAM [/play_motion/motions/head_tour/points] by /roslaunch
[rosmaster.master][INFO] 2025-11-09 13:45:05,963: +PARAM [/play_motion/motions/head_tour/meta/name] by /roslaunch
[rosmaster.master][INFO] 2025-11-09 13:45:05,963: +PARAM [/play_motion/motions/head_tour/meta/usage] by /roslaunch
[rosmaster.master][INFO] 2025-11-09 13:45:05,963: +PARAM [/play_motion/motions/head_tour/meta/description] by /roslaunch
[rosmaster.master][INFO] 2025-11-09 13:45:05,963: +PARAM [/play_motion/disable_motion_planning] by /roslaunch
[rosmaster.master][INFO] 2025-11-09 13:45:05,963: +PARAM [/play_motion/approach_planner/planning_groups] by /roslaunch
[rosmaster.master][INFO] 2025-11-09 13:45:05,963: +PARAM [/play_motion/approach_planner/exclude_from_planning_joints] by /roslaunch
[rosmaster.master][INFO] 2025-11-09 13:45:05,964: +PARAM [/play_motion/approach_planner/joint_tolerance] by /roslaunch
[rosmaster.master][INFO] 2025-11-09 13:45:05,964: +PARAM [/play_motion/approach_planner/skip_planning_approach_vel] by /roslaunch
[rosmaster.master][INFO] 2025-11-09 13:45:05,964: +PARAM [/play_motion/approach_planner/skip_planning_approach_min_dur] by /roslaunch
[rosmaster.master][INFO] 2025-11-09 13:45:05,964: +PARAM [/robot_description_semantic] by /roslaunch
[rosmaster.master][INFO] 2025-11-09 13:45:05,964: +PARAM [/move_group/robot_description_planning/default_robot_link_padding/arm_5_link] by /roslaunch
[rosmaster.master][INFO] 2025-11-09 13:45:05,964: +PARAM [/robot_description_planning/default_velocity_scaling_factor] by /roslaunch
[rosmaster.master][INFO] 2025-11-09 13:45:05,964: +PARAM [/robot_description_planning/joint_limits/arm_2_joint/has_velocity_limits] by /roslaunch
[rosmaster.master][INFO] 2025-11-09 13:45:05,964: +PARAM [/robot_description_planning/joint_limits/arm_2_joint/max_velocity] by /roslaunch
[rosmaster.master][INFO] 2025-11-09 13:45:05,964: +PARAM [/robot_description_planning/joint_limits/arm_2_joint/has_acceleration_limits] by /roslaunch
[rosmaster.master][INFO] 2025-11-09 13:45:05,964: +PARAM [/robot_description_planning/joint_limits/arm_2_joint/max_acceleration] by /roslaunch
[rosmaster.master][INFO] 2025-11-09 13:45:05,964: +PARAM [/robot_description_planning/joint_limits/arm_1_joint/has_velocity_limits] by /roslaunch
[rosmaster.master][INFO] 2025-11-09 13:45:05,964: +PARAM [/robot_description_planning/joint_limits/arm_1_joint/max_velocity] by /roslaunch
[rosmaster.master][INFO] 2025-11-09 13:45:05,964: +PARAM [/robot_description_planning/joint_limits/arm_1_joint/has_acceleration_limits] by /roslaunch
[rosmaster.master][INFO] 2025-11-09 13:45:05,964: +PARAM [/robot_description_planning/joint_limits/arm_1_joint/max_acceleration] by /roslaunch
[rosmaster.master][INFO] 2025-11-09 13:45:05,964: +PARAM [/robot_description_planning/joint_limits/arm_6_joint/has_velocity_limits] by /roslaunch
[rosmaster.master][INFO] 2025-11-09 13:45:05,964: +PARAM [/robot_description_planning/joint_limits/arm_6_joint/max_velocity] by /roslaunch
[rosmaster.master][INFO] 2025-11-09 13:45:05,964: +PARAM [/robot_description_planning/joint_limits/arm_6_joint/has_acceleration_limits] by /roslaunch
[rosmaster.master][INFO] 2025-11-09 13:45:05,964: +PARAM [/robot_description_planning/joint_limits/arm_6_joint/max_acceleration] by /roslaunch
[rosmaster.master][INFO] 2025-11-09 13:45:05,964: +PARAM [/robot_description_planning/joint_limits/arm_7_joint/has_velocity_limits] by /roslaunch
[rosmaster.master][INFO] 2025-11-09 13:45:05,965: +PARAM [/robot_description_planning/joint_limits/arm_7_joint/max_velocity] by /roslaunch
[rosmaster.master][INFO] 2025-11-09 13:45:05,965: +PARAM [/robot_description_planning/joint_limits/arm_7_joint/has_acceleration_limits] by /roslaunch
[rosmaster.master][INFO] 2025-11-09 13:45:05,965: +PARAM [/robot_description_planning/joint_limits/arm_7_joint/max_acceleration] by /roslaunch
[rosmaster.master][INFO] 2025-11-09 13:45:05,965: +PARAM [/robot_description_planning/joint_limits/arm_4_joint/has_velocity_limits] by /roslaunch
[rosmaster.master][INFO] 2025-11-09 13:45:05,965: +PARAM [/robot_description_planning/joint_limits/arm_4_joint/max_velocity] by /roslaunch
[rosmaster.master][INFO] 2025-11-09 13:45:05,965: +PARAM [/robot_description_planning/joint_limits/arm_4_joint/has_acceleration_limits] by /roslaunch
[rosmaster.master][INFO] 2025-11-09 13:45:05,965: +PARAM [/robot_description_planning/joint_limits/arm_4_joint/max_acceleration] by /roslaunch
[rosmaster.master][INFO] 2025-11-09 13:45:05,965: +PARAM [/robot_description_planning/joint_limits/arm_5_joint/has_velocity_limits] by /roslaunch
[rosmaster.master][INFO] 2025-11-09 13:45:05,965: +PARAM [/robot_description_planning/joint_limits/arm_5_joint/max_velocity] by /roslaunch
[rosmaster.master][INFO] 2025-11-09 13:45:05,965: +PARAM [/robot_description_planning/joint_limits/arm_5_joint/has_acceleration_limits] by /roslaunch
[rosmaster.master][INFO] 2025-11-09 13:45:05,965: +PARAM [/robot_description_planning/joint_limits/arm_5_joint/max_acceleration] by /roslaunch
[rosmaster.master][INFO] 2025-11-09 13:45:05,965: +PARAM [/robot_description_planning/joint_limits/arm_3_joint/has_velocity_limits] by /roslaunch
[rosmaster.master][INFO] 2025-11-09 13:45:05,965: +PARAM [/robot_description_planning/joint_limits/arm_3_joint/max_velocity] by /roslaunch
[rosmaster.master][INFO] 2025-11-09 13:45:05,965: +PARAM [/robot_description_planning/joint_limits/arm_3_joint/has_acceleration_limits] by /roslaunch
[rosmaster.master][INFO] 2025-11-09 13:45:05,965: +PARAM [/robot_description_planning/joint_limits/arm_3_joint/max_acceleration] by /roslaunch
[rosmaster.master][INFO] 2025-11-09 13:45:05,965: +PARAM [/robot_description_planning/joint_limits/torso_lift_joint/has_velocity_limits] by /roslaunch
[rosmaster.master][INFO] 2025-11-09 13:45:05,965: +PARAM [/robot_description_planning/joint_limits/torso_lift_joint/max_velocity] by /roslaunch
[rosmaster.master][INFO] 2025-11-09 13:45:05,965: +PARAM [/robot_description_planning/joint_limits/torso_lift_joint/has_acceleration_limits] by /roslaunch
[rosmaster.master][INFO] 2025-11-09 13:45:05,966: +PARAM [/robot_description_planning/joint_limits/torso_lift_joint/max_acceleration] by /roslaunch
[rosmaster.master][INFO] 2025-11-09 13:45:05,966: +PARAM [/robot_description_planning/joint_limits/gripper_left_finger_joint/has_velocity_limits] by /roslaunch
[rosmaster.master][INFO] 2025-11-09 13:45:05,966: +PARAM [/robot_description_planning/joint_limits/gripper_left_finger_joint/max_velocity] by /roslaunch
[rosmaster.master][INFO] 2025-11-09 13:45:05,966: +PARAM [/robot_description_planning/joint_limits/gripper_left_finger_joint/has_acceleration_limits] by /roslaunch
[rosmaster.master][INFO] 2025-11-09 13:45:05,966: +PARAM [/robot_description_planning/joint_limits/gripper_left_finger_joint/max_acceleration] by /roslaunch
[rosmaster.master][INFO] 2025-11-09 13:45:05,966: +PARAM [/robot_description_planning/joint_limits/gripper_right_finger_joint/has_velocity_limits] by /roslaunch
[rosmaster.master][INFO] 2025-11-09 13:45:05,966: +PARAM [/robot_description_planning/joint_limits/gripper_right_finger_joint/max_velocity] by /roslaunch
[rosmaster.master][INFO] 2025-11-09 13:45:05,966: +PARAM [/robot_description_planning/joint_limits/gripper_right_finger_joint/has_acceleration_limits] by /roslaunch
[rosmaster.master][INFO] 2025-11-09 13:45:05,966: +PARAM [/robot_description_planning/joint_limits/gripper_right_finger_joint/max_acceleration] by /roslaunch
[rosmaster.master][INFO] 2025-11-09 13:45:05,966: +PARAM [/robot_description_planning/joint_limits/gripper_finger_joint/has_velocity_limits] by /roslaunch
[rosmaster.master][INFO] 2025-11-09 13:45:05,966: +PARAM [/robot_description_planning/joint_limits/gripper_finger_joint/max_velocity] by /roslaunch
[rosmaster.master][INFO] 2025-11-09 13:45:05,966: +PARAM [/robot_description_planning/joint_limits/gripper_finger_joint/has_acceleration_limits] by /roslaunch
[rosmaster.master][INFO] 2025-11-09 13:45:05,966: +PARAM [/robot_description_planning/joint_limits/gripper_finger_joint/max_acceleration] by /roslaunch
[rosmaster.master][INFO] 2025-11-09 13:45:05,966: +PARAM [/robot_description_kinematics/arm_torso/kinematics_solver] by /roslaunch
[rosmaster.master][INFO] 2025-11-09 13:45:05,966: +PARAM [/robot_description_kinematics/arm_torso/kinematics_solver_search_resolution] by /roslaunch
[rosmaster.master][INFO] 2025-11-09 13:45:05,966: +PARAM [/robot_description_kinematics/arm_torso/kinematics_solver_timeout] by /roslaunch
[rosmaster.master][INFO] 2025-11-09 13:45:05,966: +PARAM [/robot_description_kinematics/arm_torso/kinematics_solver_attempts] by /roslaunch
[rosmaster.master][INFO] 2025-11-09 13:45:05,966: +PARAM [/robot_description_kinematics/arm/kinematics_solver] by /roslaunch
[rosmaster.master][INFO] 2025-11-09 13:45:05,966: +PARAM [/robot_description_kinematics/arm/kinematics_solver_search_resolution] by /roslaunch
[rosmaster.master][INFO] 2025-11-09 13:45:05,967: +PARAM [/robot_description_kinematics/arm/kinematics_solver_timeout] by /roslaunch
[rosmaster.master][INFO] 2025-11-09 13:45:05,967: +PARAM [/robot_description_kinematics/arm/kinematics_solver_attempts] by /roslaunch
[rosmaster.master][INFO] 2025-11-09 13:45:05,967: +PARAM [/move_group/planning_plugin] by /roslaunch
[rosmaster.master][INFO] 2025-11-09 13:45:05,967: +PARAM [/move_group/request_adapters] by /roslaunch
[rosmaster.master][INFO] 2025-11-09 13:45:05,967: +PARAM [/move_group/start_state_max_bounds_error] by /roslaunch
[rosmaster.master][INFO] 2025-11-09 13:45:05,967: +PARAM [/move_group/planner_configs/SBLkConfigDefault/type] by /roslaunch
[rosmaster.master][INFO] 2025-11-09 13:45:05,967: +PARAM [/move_group/planner_configs/ESTkConfigDefault/type] by /roslaunch
[rosmaster.master][INFO] 2025-11-09 13:45:05,967: +PARAM [/move_group/planner_configs/LBKPIECEkConfigDefault/type] by /roslaunch
[rosmaster.master][INFO] 2025-11-09 13:45:05,967: +PARAM [/move_group/planner_configs/BKPIECEkConfigDefault/type] by /roslaunch
[rosmaster.master][INFO] 2025-11-09 13:45:05,967: +PARAM [/move_group/planner_configs/KPIECEkConfigDefault/type] by /roslaunch
[rosmaster.master][INFO] 2025-11-09 13:45:05,967: +PARAM [/move_group/planner_configs/RRTkConfigDefault/type] by /roslaunch
[rosmaster.master][INFO] 2025-11-09 13:45:05,967: +PARAM [/move_group/planner_configs/RRTConnectkConfigDefault/type] by /roslaunch
[rosmaster.master][INFO] 2025-11-09 13:45:05,967: +PARAM [/move_group/planner_configs/RRTstarkConfigDefault/type] by /roslaunch
[rosmaster.master][INFO] 2025-11-09 13:45:05,967: +PARAM [/move_group/planner_configs/TRRTkConfigDefault/type] by /roslaunch
[rosmaster.master][INFO] 2025-11-09 13:45:05,967: +PARAM [/move_group/planner_configs/PRMkConfigDefault/type] by /roslaunch
[rosmaster.master][INFO] 2025-11-09 13:45:05,967: +PARAM [/move_group/planner_configs/PRMstarkConfigDefault/type] by /roslaunch
[rosmaster.master][INFO] 2025-11-09 13:45:05,967: +PARAM [/move_group/arm_torso/planner_configs] by /roslaunch
[rosmaster.master][INFO] 2025-11-09 13:45:05,967: +PARAM [/move_group/arm_torso/projection_evaluator] by /roslaunch
[rosmaster.master][INFO] 2025-11-09 13:45:05,967: +PARAM [/move_group/arm_torso/longest_valid_segment_fraction] by /roslaunch
[rosmaster.master][INFO] 2025-11-09 13:45:05,967: +PARAM [/move_group/arm/planner_configs] by /roslaunch
[rosmaster.master][INFO] 2025-11-09 13:45:05,968: +PARAM [/move_group/arm/projection_evaluator] by /roslaunch
[rosmaster.master][INFO] 2025-11-09 13:45:05,968: +PARAM [/move_group/arm/longest_valid_segment_fraction] by /roslaunch
[rosmaster.master][INFO] 2025-11-09 13:45:05,968: +PARAM [/move_group/moveit_manage_controllers] by /roslaunch
[rosmaster.master][INFO] 2025-11-09 13:45:05,968: +PARAM [/move_group/trajectory_execution/allowed_execution_duration_scaling] by /roslaunch
[rosmaster.master][INFO] 2025-11-09 13:45:05,968: +PARAM [/move_group/trajectory_execution/allowed_goal_duration_margin] by /roslaunch
[rosmaster.master][INFO] 2025-11-09 13:45:05,968: +PARAM [/move_group/moveit_controller_manager] by /roslaunch
[rosmaster.master][INFO] 2025-11-09 13:45:05,968: +PARAM [/move_group/controller_manager_name] by /roslaunch
[rosmaster.master][INFO] 2025-11-09 13:45:05,968: +PARAM [/move_group/use_controller_manager] by /roslaunch
[rosmaster.master][INFO] 2025-11-09 13:45:05,968: +PARAM [/move_group/controller_manager_ns] by /roslaunch
[rosmaster.master][INFO] 2025-11-09 13:45:05,968: +PARAM [/move_group/controller_list] by /roslaunch
[rosmaster.master][INFO] 2025-11-09 13:45:05,968: +PARAM [/move_group/allow_trajectory_execution] by /roslaunch
[rosmaster.master][INFO] 2025-11-09 13:45:05,968: +PARAM [/move_group/max_safe_path_cost] by /roslaunch
[rosmaster.master][INFO] 2025-11-09 13:45:05,968: +PARAM [/move_group/jiggle_fraction] by /roslaunch
[rosmaster.master][INFO] 2025-11-09 13:45:05,968: +PARAM [/move_group/capabilities] by /roslaunch
[rosmaster.master][INFO] 2025-11-09 13:45:05,968: +PARAM [/move_group/disable_capabilities] by /roslaunch
[rosmaster.master][INFO] 2025-11-09 13:45:05,968: +PARAM [/move_group/planning_scene_monitor/publish_planning_scene] by /roslaunch
[rosmaster.master][INFO] 2025-11-09 13:45:05,968: +PARAM [/move_group/planning_scene_monitor/publish_geometry_updates] by /roslaunch
[rosmaster.master][INFO] 2025-11-09 13:45:05,968: +PARAM [/move_group/planning_scene_monitor/publish_state_updates] by /roslaunch
[rosmaster.master][INFO] 2025-11-09 13:45:05,969: +PARAM [/move_group/planning_scene_monitor/publish_transforms_updates] by /roslaunch
[rosmaster.master][INFO] 2025-11-09 13:45:05,969: +PARAM [/robot_state_publisher/publish_frequency] by /roslaunch
[rosmaster.master][INFO] 2025-11-09 13:45:05,969: +PARAM [/robot_state_publisher/tf_prefix] by /roslaunch
[rosmaster.master][INFO] 2025-11-09 13:45:05,969: +PARAM [/twist_mux/locks] by /roslaunch
[rosmaster.master][INFO] 2025-11-09 13:45:05,969: +PARAM [/twist_mux/topics] by /roslaunch
[rosmaster.master][INFO] 2025-11-09 13:45:05,969: +PARAM [/joystick_relay/priority] by /roslaunch
[rosmaster.master][INFO] 2025-11-09 13:45:05,969: +PARAM [/joystick_relay/turbo/linear_forward_min] by /roslaunch
[rosmaster.master][INFO] 2025-11-09 13:45:05,969: +PARAM [/joystick_relay/turbo/linear_forward_max] by /roslaunch
[rosmaster.master][INFO] 2025-11-09 13:45:05,969: +PARAM [/joystick_relay/turbo/linear_backward_min] by /roslaunch
[rosmaster.master][INFO] 2025-11-09 13:45:05,969: +PARAM [/joystick_relay/turbo/linear_backward_max] by /roslaunch
[rosmaster.master][INFO] 2025-11-09 13:45:05,969: +PARAM [/joystick_relay/turbo/angular_min] by /roslaunch
[rosmaster.master][INFO] 2025-11-09 13:45:05,969: +PARAM [/joystick_relay/turbo/angular_max] by /roslaunch
[rosmaster.master][INFO] 2025-11-09 13:45:05,969: +PARAM [/joystick_relay/turbo/steps] by /roslaunch
[rosmaster.master][INFO] 2025-11-09 13:45:05,969: +PARAM [/dynamic_footprint_publisher/footprint] by /roslaunch
[rosmaster.master][INFO] 2025-11-09 13:45:05,969: +PARAM [/dynamic_footprint_publisher/link_list] by /roslaunch
[rosmaster.master][INFO] 2025-11-09 13:45:05,969: +PARAM [/dynamic_footprint_publisher/padding] by /roslaunch
[rosmaster.master][INFO] 2025-11-09 13:45:06,151: +PUB [/rosout] /head_controller/point_head_action http://127.0.0.1:33809/
[rosmaster.master][INFO] 2025-11-09 13:45:06,152: +SERVICE [/head_controller/point_head_action/get_loggers] /head_controller/point_head_action http://127.0.0.1:33809/
[rosmaster.master][INFO] 2025-11-09 13:45:06,152: +SERVICE [/head_controller/point_head_action/set_logger_level] /head_controller/point_head_action http://127.0.0.1:33809/
[rosmaster.master][INFO] 2025-11-09 13:45:06,159: +SUB [/clock] /head_controller/point_head_action http://127.0.0.1:33809/
[rosmaster.master][INFO] 2025-11-09 13:45:06,169: +SUB [/tf] /head_controller/point_head_action http://127.0.0.1:33809/
[rosmaster.master][INFO] 2025-11-09 13:45:06,178: +SUB [/tf_static] /head_controller/point_head_action http://127.0.0.1:33809/
[rosmaster.master][INFO] 2025-11-09 13:45:06,186: +PUB [/head_controller/command] /head_controller/point_head_action http://127.0.0.1:33809/
[rosmaster.master][INFO] 2025-11-09 13:45:06,194: +SUB [/head_controller/state] /head_controller/point_head_action http://127.0.0.1:33809/
[rosmaster.master][INFO] 2025-11-09 13:45:06,195: +CACHEDPARAM [/rosout_disable_topics_generation] by /head_controller/point_head_action
[rosmaster.master][INFO] 2025-11-09 13:45:06,207: publisherUpdate[/rosout] -> http://127.0.0.1:38111/ ['http://127.0.0.1:33809/']
[rosmaster.master][INFO] 2025-11-09 13:45:06,236: +PUB [/head_controller/point_head_action/result] /head_controller/point_head_action http://127.0.0.1:33809/
[rosmaster.master][INFO] 2025-11-09 13:45:06,237: +PUB [/head_controller/point_head_action/feedback] /head_controller/point_head_action http://127.0.0.1:33809/
[rosmaster.master][INFO] 2025-11-09 13:45:06,238: +PUB [/head_controller/point_head_action/status] /head_controller/point_head_action http://127.0.0.1:33809/
[rosmaster.master][INFO] 2025-11-09 13:45:06,242: +SUB [/head_controller/point_head_action/goal] /head_controller/point_head_action http://127.0.0.1:33809/
[rosmaster.master][INFO] 2025-11-09 13:45:06,247: +SUB [/head_controller/point_head_action/cancel] /head_controller/point_head_action http://127.0.0.1:33809/
[rosmaster.master][INFO] 2025-11-09 13:45:06,342: publisherUpdate[/rosout] -> http://127.0.0.1:38111/ ['http://127.0.0.1:33809/']: sec=0.13, result=[1, '', 0]
[rosmaster.master][INFO] 2025-11-09 13:45:06,389: +PUB [/rosout] /robot_state_publisher http://127.0.0.1:37143/
[rosmaster.master][INFO] 2025-11-09 13:45:06,390: +SERVICE [/robot_state_publisher/get_loggers] /robot_state_publisher http://127.0.0.1:37143/
[rosmaster.master][INFO] 2025-11-09 13:45:06,391: +SERVICE [/robot_state_publisher/set_logger_level] /robot_state_publisher http://127.0.0.1:37143/
[rosmaster.master][INFO] 2025-11-09 13:45:06,401: +SUB [/clock] /robot_state_publisher http://127.0.0.1:37143/
[rosmaster.master][INFO] 2025-11-09 13:45:06,424: publisherUpdate[/rosout] -> http://127.0.0.1:38111/ ['http://127.0.0.1:33809/', 'http://127.0.0.1:37143/']
[rosmaster.master][INFO] 2025-11-09 13:45:06,436: +PUB [/rosout] /tf_lookup http://127.0.0.1:35867/
[rosmaster.master][INFO] 2025-11-09 13:45:06,440: +SERVICE [/tf_lookup/get_loggers] /tf_lookup http://127.0.0.1:35867/
[rosmaster.master][INFO] 2025-11-09 13:45:06,446: +SERVICE [/tf_lookup/set_logger_level] /tf_lookup http://127.0.0.1:35867/
[rosmaster.master][INFO] 2025-11-09 13:45:06,454: +PUB [/tf] /robot_state_publisher http://127.0.0.1:37143/
[rosmaster.master][INFO] 2025-11-09 13:45:06,469: publisherUpdate[/tf] -> http://127.0.0.1:33809/ ['http://127.0.0.1:37143/']
[rosmaster.master][INFO] 2025-11-09 13:45:06,471: +PUB [/rosout] /twist_marker http://127.0.0.1:44717/
[rosmaster.master][INFO] 2025-11-09 13:45:06,476: +PUB [/tf_static] /robot_state_publisher http://127.0.0.1:37143/
[rosmaster.master][INFO] 2025-11-09 13:45:06,479: +SUB [/clock] /tf_lookup http://127.0.0.1:35867/
[rosmaster.master][INFO] 2025-11-09 13:45:06,480: +SERVICE [/twist_marker/get_loggers] /twist_marker http://127.0.0.1:44717/
[rosmaster.master][INFO] 2025-11-09 13:45:06,483: +PUB [/rosout] /twist_mux http://127.0.0.1:37473/
[rosmaster.master][INFO] 2025-11-09 13:45:06,484: +SERVICE [/twist_marker/set_logger_level] /twist_marker http://127.0.0.1:44717/
[rosmaster.master][INFO] 2025-11-09 13:45:06,487: +SERVICE [/twist_mux/get_loggers] /twist_mux http://127.0.0.1:37473/
[rosmaster.master][INFO] 2025-11-09 13:45:06,488: publisherUpdate[/rosout] -> http://127.0.0.1:38111/ ['http://127.0.0.1:33809/', 'http://127.0.0.1:37143/']: sec=0.06, result=[1, '', 0]
[rosmaster.master][INFO] 2025-11-09 13:45:06,488: publisherUpdate[/rosout] -> http://127.0.0.1:38111/ ['http://127.0.0.1:33809/', 'http://127.0.0.1:37143/', 'http://127.0.0.1:35867/']
[rosmaster.master][INFO] 2025-11-09 13:45:06,490: +SERVICE [/twist_mux/set_logger_level] /twist_mux http://127.0.0.1:37473/
[rosmaster.master][INFO] 2025-11-09 13:45:06,495: publisherUpdate[/rosout] -> http://127.0.0.1:38111/ ['http://127.0.0.1:33809/', 'http://127.0.0.1:37143/', 'http://127.0.0.1:35867/']: sec=0.01, result=[1, '', 0]
[rosmaster.master][INFO] 2025-11-09 13:45:06,496: publisherUpdate[/rosout] -> http://127.0.0.1:38111/ ['http://127.0.0.1:33809/', 'http://127.0.0.1:37143/', 'http://127.0.0.1:35867/', 'http://127.0.0.1:44717/']
[rosmaster.master][INFO] 2025-11-09 13:45:06,501: publisherUpdate[/rosout] -> http://127.0.0.1:38111/ ['http://127.0.0.1:33809/', 'http://127.0.0.1:37143/', 'http://127.0.0.1:35867/', 'http://127.0.0.1:44717/']: sec=0.00, result=[1, '', 0]
[rosmaster.master][INFO] 2025-11-09 13:45:06,501: publisherUpdate[/rosout] -> http://127.0.0.1:38111/ ['http://127.0.0.1:33809/', 'http://127.0.0.1:37143/', 'http://127.0.0.1:35867/', 'http://127.0.0.1:44717/', 'http://127.0.0.1:37473/']
[rosmaster.master][INFO] 2025-11-09 13:45:06,508: publisherUpdate[/rosout] -> http://127.0.0.1:38111/ ['http://127.0.0.1:33809/', 'http://127.0.0.1:37143/', 'http://127.0.0.1:35867/', 'http://127.0.0.1:44717/', 'http://127.0.0.1:37473/']: sec=0.01, result=[1, '', 0]
[rosmaster.master][INFO] 2025-11-09 13:45:06,551: +SUB [/clock] /twist_marker http://127.0.0.1:44717/
[rosmaster.master][INFO] 2025-11-09 13:45:06,555: +PUB [/twist_marker] /twist_marker http://127.0.0.1:44717/
[rosmaster.master][INFO] 2025-11-09 13:45:06,556: publisherUpdate[/tf] -> http://127.0.0.1:33809/ ['http://127.0.0.1:37143/']: sec=0.09, result=[1, '', 0]
[rosmaster.master][INFO] 2025-11-09 13:45:06,556: publisherUpdate[/tf_static] -> http://127.0.0.1:33809/ ['http://127.0.0.1:37143/']
[rosmaster.master][INFO] 2025-11-09 13:45:06,562: +SUB [/mobile_base_controller/cmd_vel] /twist_marker http://127.0.0.1:44717/
[rosmaster.master][INFO] 2025-11-09 13:45:06,564: +SUB [/joint_states] /robot_state_publisher http://127.0.0.1:37143/
[rosmaster.master][INFO] 2025-11-09 13:45:06,565: +SUB [/clock] /twist_mux http://127.0.0.1:37473/
[rosmaster.master][INFO] 2025-11-09 13:45:06,566: publisherUpdate[/tf_static] -> http://127.0.0.1:33809/ ['http://127.0.0.1:37143/']: sec=0.01, result=[1, '', 0]
[rosmaster.master][INFO] 2025-11-09 13:45:06,574: +CACHEDPARAM [/twist_mux/topics] by /twist_mux
[rosmaster.master][INFO] 2025-11-09 13:45:06,580: +CACHEDPARAM [/rosout_disable_topics_generation] by /twist_mux
[rosmaster.master][INFO] 2025-11-09 13:45:06,587: +SUB [/tf] /tf_lookup http://127.0.0.1:35867/
[rosmaster.master][INFO] 2025-11-09 13:45:06,590: +SUB [/tf_static] /tf_lookup http://127.0.0.1:35867/
[rosmaster.master][INFO] 2025-11-09 13:45:06,591: +CACHEDPARAM [/rosout_disable_topics_generation] by /tf_lookup
[rosmaster.master][INFO] 2025-11-09 13:45:06,593: +SERVICE [/lookupTransform] /tf_lookup http://127.0.0.1:35867/
[rosmaster.master][INFO] 2025-11-09 13:45:06,596: +PUB [/tf_lookup/result] /tf_lookup http://127.0.0.1:35867/
[rosmaster.master][INFO] 2025-11-09 13:45:06,596: +PUB [/tf_lookup/feedback] /tf_lookup http://127.0.0.1:35867/
[rosmaster.master][INFO] 2025-11-09 13:45:06,597: +PUB [/tf_lookup/status] /tf_lookup http://127.0.0.1:35867/
[rosmaster.master][INFO] 2025-11-09 13:45:06,602: +PUB [/rosout] /move_group http://127.0.0.1:44663/
[rosmaster.master][INFO] 2025-11-09 13:45:06,603: +SERVICE [/move_group/get_loggers] /move_group http://127.0.0.1:44663/
[rosmaster.master][INFO] 2025-11-09 13:45:06,604: +SERVICE [/move_group/set_logger_level] /move_group http://127.0.0.1:44663/
[rosmaster.master][INFO] 2025-11-09 13:45:06,609: +SUB [/nav_vel] /twist_mux http://127.0.0.1:37473/
[rosmaster.master][INFO] 2025-11-09 13:45:06,617: +PUB [/rosout] /play_motion http://127.0.0.1:43311/
[rosmaster.master][INFO] 2025-11-09 13:45:06,620: +SERVICE [/play_motion/get_loggers] /play_motion http://127.0.0.1:43311/
[rosmaster.master][INFO] 2025-11-09 13:45:06,622: +SUB [/clock] /move_group http://127.0.0.1:44663/
[rosmaster.master][INFO] 2025-11-09 13:45:06,623: +SUB [/tf_lookup/goal] /tf_lookup http://127.0.0.1:35867/
[rosmaster.master][INFO] 2025-11-09 13:45:06,624: +SUB [/joy_vel] /twist_mux http://127.0.0.1:37473/
[rosmaster.master][INFO] 2025-11-09 13:45:06,627: +SERVICE [/play_motion/set_logger_level] /play_motion http://127.0.0.1:43311/
[rosmaster.master][INFO] 2025-11-09 13:45:06,636: +SUB [/tf_lookup/cancel] /tf_lookup http://127.0.0.1:35867/
[rosmaster.master][INFO] 2025-11-09 13:45:06,638: +SUB [/key_vel] /twist_mux http://127.0.0.1:37473/
[rosmaster.master][INFO] 2025-11-09 13:45:06,642: +SUB [/clock] /play_motion http://127.0.0.1:43311/
[rosmaster.master][INFO] 2025-11-09 13:45:06,647: +PUB [/tf_stream/result] /tf_lookup http://127.0.0.1:35867/
[rosmaster.master][INFO] 2025-11-09 13:45:06,650: +CACHEDPARAM [/rosout_disable_topics_generation] by /move_group
[rosmaster.master][INFO] 2025-11-09 13:45:06,652: +PUB [/tf_stream/feedback] /tf_lookup http://127.0.0.1:35867/
[rosmaster.master][INFO] 2025-11-09 13:45:06,655: +PARAM [/move_group/default_planning_pipeline] by /move_group
[rosmaster.master][INFO] 2025-11-09 13:45:06,655: publisherUpdate[/rosout] -> http://127.0.0.1:38111/ ['http://127.0.0.1:33809/', 'http://127.0.0.1:37143/', 'http://127.0.0.1:35867/', 'http://127.0.0.1:44717/', 'http://127.0.0.1:37473/', 'http://127.0.0.1:44663/']
[rosmaster.master][INFO] 2025-11-09 13:45:06,660: publisherUpdate[/rosout] -> http://127.0.0.1:38111/ ['http://127.0.0.1:33809/', 'http://127.0.0.1:37143/', 'http://127.0.0.1:35867/', 'http://127.0.0.1:44717/', 'http://127.0.0.1:37473/', 'http://127.0.0.1:44663/']: sec=0.00, result=[1, '', 0]
[rosmaster.master][INFO] 2025-11-09 13:45:06,660: publisherUpdate[/rosout] -> http://127.0.0.1:38111/ ['http://127.0.0.1:33809/', 'http://127.0.0.1:37143/', 'http://127.0.0.1:35867/', 'http://127.0.0.1:44717/', 'http://127.0.0.1:37473/', 'http://127.0.0.1:44663/', 'http://127.0.0.1:43311/']
[rosmaster.master][INFO] 2025-11-09 13:45:06,655: +SUB [/tab_vel] /twist_mux http://127.0.0.1:37473/
[rosmaster.master][INFO] 2025-11-09 13:45:06,663: publisherUpdate[/rosout] -> http://127.0.0.1:38111/ ['http://127.0.0.1:33809/', 'http://127.0.0.1:37143/', 'http://127.0.0.1:35867/', 'http://127.0.0.1:44717/', 'http://127.0.0.1:37473/', 'http://127.0.0.1:44663/', 'http://127.0.0.1:43311/']: sec=0.00, result=[1, '', 0]
[rosmaster.master][INFO] 2025-11-09 13:45:06,664: +PUB [/tf_stream/status] /tf_lookup http://127.0.0.1:35867/
[rosmaster.master][INFO] 2025-11-09 13:45:06,665: +SUB [/joint_states] /play_motion http://127.0.0.1:43311/
[rosmaster.master][INFO] 2025-11-09 13:45:06,710: +SUB [/marker_vel] /twist_mux http://127.0.0.1:37473/
[rosmaster.master][INFO] 2025-11-09 13:45:06,716: +SUB [/tf_stream/goal] /tf_lookup http://127.0.0.1:35867/
[rosmaster.master][INFO] 2025-11-09 13:45:06,721: +SUB [/tf_stream/cancel] /tf_lookup http://127.0.0.1:35867/
[rosmaster.master][INFO] 2025-11-09 13:45:06,727: +SUB [/phone_vel] /twist_mux http://127.0.0.1:37473/
[rosmaster.master][INFO] 2025-11-09 13:45:06,729: +SUB [/tf] /move_group http://127.0.0.1:44663/
[rosmaster.master][INFO] 2025-11-09 13:45:06,733: +SUB [/tf] /play_motion http://127.0.0.1:43311/
[rosmaster.master][INFO] 2025-11-09 13:45:06,741: +SUB [/rviz_joy_vel] /twist_mux http://127.0.0.1:37473/
[rosmaster.master][INFO] 2025-11-09 13:45:06,747: +PUB [/rosout] /image_raw_to_rect_color_relay http://127.0.0.1:42601/
[rosmaster.master][INFO] 2025-11-09 13:45:06,748: +SUB [/tf_static] /move_group http://127.0.0.1:44663/
[rosmaster.master][INFO] 2025-11-09 13:45:06,754: +SERVICE [/image_raw_to_rect_color_relay/get_loggers] /image_raw_to_rect_color_relay http://127.0.0.1:42601/
[rosmaster.master][INFO] 2025-11-09 13:45:06,756: +SERVICE [/image_raw_to_rect_color_relay/set_logger_level] /image_raw_to_rect_color_relay http://127.0.0.1:42601/
[rosmaster.master][INFO] 2025-11-09 13:45:06,763: +SUB [/tf_static] /play_motion http://127.0.0.1:43311/
[rosmaster.master][INFO] 2025-11-09 13:45:06,766: publisherUpdate[/rosout] -> http://127.0.0.1:38111/ ['http://127.0.0.1:33809/', 'http://127.0.0.1:37143/', 'http://127.0.0.1:35867/', 'http://127.0.0.1:44717/', 'http://127.0.0.1:37473/', 'http://127.0.0.1:44663/', 'http://127.0.0.1:43311/', 'http://127.0.0.1:42601/']
[rosmaster.master][INFO] 2025-11-09 13:45:06,781: +SUB [/servoing_cmd_vel] /twist_mux http://127.0.0.1:37473/
[rosmaster.master][INFO] 2025-11-09 13:45:06,796: +CACHEDPARAM [/twist_mux/locks] by /twist_mux
[rosmaster.master][INFO] 2025-11-09 13:45:06,813: +CACHEDPARAM [/rosout/omit_topics] by /rosout
[rosmaster.master][INFO] 2025-11-09 13:45:06,844: +SUB [/clock] /image_raw_to_rect_color_relay http://127.0.0.1:42601/
[rosmaster.master][INFO] 2025-11-09 13:45:06,845: publisherUpdate[/rosout] -> http://127.0.0.1:38111/ ['http://127.0.0.1:33809/', 'http://127.0.0.1:37143/', 'http://127.0.0.1:35867/', 'http://127.0.0.1:44717/', 'http://127.0.0.1:37473/', 'http://127.0.0.1:44663/', 'http://127.0.0.1:43311/', 'http://127.0.0.1:42601/']: sec=0.05, result=[1, '', 0]
[rosmaster.master][INFO] 2025-11-09 13:45:06,852: +SUB [/pause_navigation] /twist_mux http://127.0.0.1:37473/
[rosmaster.master][INFO] 2025-11-09 13:45:06,924: +SUB [/stop_closing_loop] /twist_mux http://127.0.0.1:37473/
[rosmaster.master][INFO] 2025-11-09 13:45:06,928: +SUB [/joy_priority] /twist_mux http://127.0.0.1:37473/
[rosmaster.master][INFO] 2025-11-09 13:45:06,929: +PUB [/mobile_base_controller/cmd_vel] /twist_mux http://127.0.0.1:37473/
[rosmaster.master][INFO] 2025-11-09 13:45:06,930: +PUB [/diagnostics] /twist_mux http://127.0.0.1:37473/
[rosmaster.master][INFO] 2025-11-09 13:45:06,934: +SUB [/xtion/rgb/image_raw] /image_raw_to_rect_color_relay http://127.0.0.1:42601/
[rosmaster.master][INFO] 2025-11-09 13:45:06,939: +CACHEDPARAM [/twist_mux/diagnostic_period] by /twist_mux
[rosmaster.master][INFO] 2025-11-09 13:45:06,945: publisherUpdate[/mobile_base_controller/cmd_vel] -> http://127.0.0.1:44717/ ['http://127.0.0.1:37473/']
[rosmaster.master][INFO] 2025-11-09 13:45:07,005: +CACHEDPARAM [/rosout_disable_topics_generation] by /play_motion
[rosmaster.master][INFO] 2025-11-09 13:45:07,022: publisherUpdate[/mobile_base_controller/cmd_vel] -> http://127.0.0.1:44717/ ['http://127.0.0.1:37473/']: sec=0.08, result=[1, '', 0]
[rosmaster.master][INFO] 2025-11-09 13:45:07,315: +PUB [/rosout] /throttle_filtering_points http://127.0.0.1:43281/
[rosmaster.master][INFO] 2025-11-09 13:45:07,317: +SERVICE [/throttle_filtering_points/get_loggers] /throttle_filtering_points http://127.0.0.1:43281/
[rosmaster.master][INFO] 2025-11-09 13:45:07,319: +SERVICE [/throttle_filtering_points/set_logger_level] /throttle_filtering_points http://127.0.0.1:43281/
[rosmaster.master][INFO] 2025-11-09 13:45:07,323: publisherUpdate[/rosout] -> http://127.0.0.1:38111/ ['http://127.0.0.1:33809/', 'http://127.0.0.1:37143/', 'http://127.0.0.1:35867/', 'http://127.0.0.1:44717/', 'http://127.0.0.1:37473/', 'http://127.0.0.1:44663/', 'http://127.0.0.1:43311/', 'http://127.0.0.1:42601/', 'http://127.0.0.1:43281/']
[rosmaster.master][INFO] 2025-11-09 13:45:07,324: publisherUpdate[/rosout] -> http://127.0.0.1:38111/ ['http://127.0.0.1:33809/', 'http://127.0.0.1:37143/', 'http://127.0.0.1:35867/', 'http://127.0.0.1:44717/', 'http://127.0.0.1:37473/', 'http://127.0.0.1:44663/', 'http://127.0.0.1:43311/', 'http://127.0.0.1:42601/', 'http://127.0.0.1:43281/']: sec=0.00, result=[1, '', 0]
[rosmaster.master][INFO] 2025-11-09 13:45:07,356: +PUB [/rosout] /xtion/rgb/image_proc http://127.0.0.1:45501/
[rosmaster.master][INFO] 2025-11-09 13:45:07,357: +SERVICE [/xtion/rgb/image_proc/get_loggers] /xtion/rgb/image_proc http://127.0.0.1:45501/
[rosmaster.master][INFO] 2025-11-09 13:45:07,358: +SERVICE [/xtion/rgb/image_proc/set_logger_level] /xtion/rgb/image_proc http://127.0.0.1:45501/
[rosmaster.master][INFO] 2025-11-09 13:45:07,363: +SUB [/clock] /throttle_filtering_points http://127.0.0.1:43281/
[rosmaster.master][INFO] 2025-11-09 13:45:07,366: +SUB [/clock] /xtion/rgb/image_proc http://127.0.0.1:45501/
[rosmaster.master][INFO] 2025-11-09 13:45:07,379: publisherUpdate[/rosout] -> http://127.0.0.1:38111/ ['http://127.0.0.1:33809/', 'http://127.0.0.1:37143/', 'http://127.0.0.1:35867/', 'http://127.0.0.1:44717/', 'http://127.0.0.1:37473/', 'http://127.0.0.1:44663/', 'http://127.0.0.1:43311/', 'http://127.0.0.1:42601/', 'http://127.0.0.1:43281/', 'http://127.0.0.1:45501/']
[rosmaster.master][INFO] 2025-11-09 13:45:07,380: publisherUpdate[/rosout] -> http://127.0.0.1:38111/ ['http://127.0.0.1:33809/', 'http://127.0.0.1:37143/', 'http://127.0.0.1:35867/', 'http://127.0.0.1:44717/', 'http://127.0.0.1:37473/', 'http://127.0.0.1:44663/', 'http://127.0.0.1:43311/', 'http://127.0.0.1:42601/', 'http://127.0.0.1:43281/', 'http://127.0.0.1:45501/']: sec=0.00, result=[1, '', 0]
[rosmaster.master][INFO] 2025-11-09 13:45:07,546: +PUB [/rosout] /spawn_model http://127.0.0.1:45361/
[rosmaster.master][INFO] 2025-11-09 13:45:07,564: +SUB [/clock] /spawn_model http://127.0.0.1:45361/
[rosmaster.master][INFO] 2025-11-09 13:45:07,570: +SERVICE [/spawn_model/get_loggers] /spawn_model http://127.0.0.1:45361/
[rosmaster.master][INFO] 2025-11-09 13:45:07,576: +PUB [/rosout] /hand_grasping_action http://127.0.0.1:36459/
[rosmaster.master][INFO] 2025-11-09 13:45:07,581: publisherUpdate[/rosout] -> http://127.0.0.1:38111/ ['http://127.0.0.1:33809/', 'http://127.0.0.1:37143/', 'http://127.0.0.1:35867/', 'http://127.0.0.1:44717/', 'http://127.0.0.1:37473/', 'http://127.0.0.1:44663/', 'http://127.0.0.1:43311/', 'http://127.0.0.1:42601/', 'http://127.0.0.1:43281/', 'http://127.0.0.1:45501/', 'http://127.0.0.1:45361/']
[rosmaster.master][INFO] 2025-11-09 13:45:07,581: +SERVICE [/spawn_model/set_logger_level] /spawn_model http://127.0.0.1:45361/
[rosmaster.master][INFO] 2025-11-09 13:45:07,582: publisherUpdate[/rosout] -> http://127.0.0.1:38111/ ['http://127.0.0.1:33809/', 'http://127.0.0.1:37143/', 'http://127.0.0.1:35867/', 'http://127.0.0.1:44717/', 'http://127.0.0.1:37473/', 'http://127.0.0.1:44663/', 'http://127.0.0.1:43311/', 'http://127.0.0.1:42601/', 'http://127.0.0.1:43281/', 'http://127.0.0.1:45501/', 'http://127.0.0.1:45361/']: sec=0.00, result=[1, '', 0]
[rosmaster.master][INFO] 2025-11-09 13:45:07,583: publisherUpdate[/rosout] -> http://127.0.0.1:38111/ ['http://127.0.0.1:33809/', 'http://127.0.0.1:37143/', 'http://127.0.0.1:35867/', 'http://127.0.0.1:44717/', 'http://127.0.0.1:37473/', 'http://127.0.0.1:44663/', 'http://127.0.0.1:43311/', 'http://127.0.0.1:42601/', 'http://127.0.0.1:43281/', 'http://127.0.0.1:45501/', 'http://127.0.0.1:45361/', 'http://127.0.0.1:36459/']
[rosmaster.master][INFO] 2025-11-09 13:45:07,584: publisherUpdate[/rosout] -> http://127.0.0.1:38111/ ['http://127.0.0.1:33809/', 'http://127.0.0.1:37143/', 'http://127.0.0.1:35867/', 'http://127.0.0.1:44717/', 'http://127.0.0.1:37473/', 'http://127.0.0.1:44663/', 'http://127.0.0.1:43311/', 'http://127.0.0.1:42601/', 'http://127.0.0.1:43281/', 'http://127.0.0.1:45501/', 'http://127.0.0.1:45361/', 'http://127.0.0.1:36459/']: sec=0.00, result=[1, '', 0]
[rosmaster.master][INFO] 2025-11-09 13:45:07,585: +CACHEDPARAM [/rosout_disable_topics_generation] by /spawn_model
[rosmaster.master][INFO] 2025-11-09 13:45:07,589: +SUB [/clock] /hand_grasping_action http://127.0.0.1:36459/
[rosmaster.master][INFO] 2025-11-09 13:45:07,597: +SERVICE [/hand_grasping_action/get_loggers] /hand_grasping_action http://127.0.0.1:36459/
[rosmaster.master][INFO] 2025-11-09 13:45:07,601: +SERVICE [/hand_grasping_action/set_logger_level] /hand_grasping_action http://127.0.0.1:36459/
[rosmaster.master][INFO] 2025-11-09 13:45:07,608: +SERVICE [/xtion/rgb/image_proc_debayer/set_parameters] /xtion/rgb/image_proc http://127.0.0.1:45501/
[rosmaster.master][INFO] 2025-11-09 13:45:07,611: +PUB [/xtion/rgb/image_proc_debayer/parameter_descriptions] /xtion/rgb/image_proc http://127.0.0.1:45501/
[rosmaster.master][INFO] 2025-11-09 13:45:07,613: +PUB [/hand_controller/follow_joint_trajectory/goal] /hand_grasping_action http://127.0.0.1:36459/
[rosmaster.master][INFO] 2025-11-09 13:45:07,615: +PUB [/xtion/rgb/image_proc_debayer/parameter_updates] /xtion/rgb/image_proc http://127.0.0.1:45501/
[rosmaster.master][INFO] 2025-11-09 13:45:07,617: +PARAM [/xtion/rgb/image_proc_debayer/debayer] by /xtion/rgb/image_proc
[rosmaster.master][INFO] 2025-11-09 13:45:07,618: +PUB [/hand_controller/follow_joint_trajectory/cancel] /hand_grasping_action http://127.0.0.1:36459/
[rosmaster.master][INFO] 2025-11-09 13:45:07,620: +PARAM [/xtion/rgb/image_proc_debayer/debayer] by /xtion/rgb/image_proc
[rosmaster.master][INFO] 2025-11-09 13:45:07,628: +CACHEDPARAM [/rosout_disable_topics_generation] by /spawn_model
[rosmaster.master][INFO] 2025-11-09 13:45:07,628: +SUB [/hand_controller/follow_joint_trajectory/status] /hand_grasping_action http://127.0.0.1:36459/
[rosmaster.master][INFO] 2025-11-09 13:45:07,631: +PUB [/xtion/rgb/image_mono/compressedDepth] /xtion/rgb/image_proc http://127.0.0.1:45501/
[rosmaster.master][INFO] 2025-11-09 13:45:07,635: +SERVICE [/xtion/rgb/image_mono/compressedDepth/set_parameters] /xtion/rgb/image_proc http://127.0.0.1:45501/
[rosmaster.master][INFO] 2025-11-09 13:45:07,637: +SUB [/hand_controller/follow_joint_trajectory/result] /hand_grasping_action http://127.0.0.1:36459/
[rosmaster.master][INFO] 2025-11-09 13:45:07,640: +PUB [/xtion/rgb/image_mono/compressedDepth/parameter_descriptions] /xtion/rgb/image_proc http://127.0.0.1:45501/
[rosmaster.master][INFO] 2025-11-09 13:45:07,645: +PUB [/xtion/rgb/image_mono/compressedDepth/parameter_updates] /xtion/rgb/image_proc http://127.0.0.1:45501/
[rosmaster.master][INFO] 2025-11-09 13:45:07,646: +SUB [/hand_controller/follow_joint_trajectory/feedback] /hand_grasping_action http://127.0.0.1:36459/
[rosmaster.master][INFO] 2025-11-09 13:45:07,651: +PARAM [/xtion/rgb/image_mono/compressedDepth/format] by /xtion/rgb/image_proc
[rosmaster.master][INFO] 2025-11-09 13:45:07,652: +PARAM [/xtion/rgb/image_mono/compressedDepth/depth_max] by /xtion/rgb/image_proc
[rosmaster.master][INFO] 2025-11-09 13:45:07,655: +PUB [/hand_grasping_action/status] /hand_grasping_action http://127.0.0.1:36459/
[rosmaster.master][INFO] 2025-11-09 13:45:07,660: +PUB [/hand_grasping_action/result] /hand_grasping_action http://127.0.0.1:36459/
[rosmaster.master][INFO] 2025-11-09 13:45:07,660: +PARAM [/xtion/rgb/image_mono/compressedDepth/depth_quantization] by /xtion/rgb/image_proc
[rosmaster.master][INFO] 2025-11-09 13:45:07,663: +PARAM [/xtion/rgb/image_mono/compressedDepth/png_level] by /xtion/rgb/image_proc
[rosmaster.master][INFO] 2025-11-09 13:45:07,664: +PUB [/hand_grasping_action/feedback] /hand_grasping_action http://127.0.0.1:36459/
[rosmaster.master][INFO] 2025-11-09 13:45:07,666: +PARAM [/xtion/rgb/image_mono/compressedDepth/format] by /xtion/rgb/image_proc
[rosmaster.master][INFO] 2025-11-09 13:45:07,667: +PARAM [/xtion/rgb/image_mono/compressedDepth/depth_max] by /xtion/rgb/image_proc
[rosmaster.master][INFO] 2025-11-09 13:45:07,670: +PARAM [/xtion/rgb/image_mono/compressedDepth/depth_quantization] by /xtion/rgb/image_proc
[rosmaster.master][INFO] 2025-11-09 13:45:07,671: +SUB [/hand_grasping_action/goal] /hand_grasping_action http://127.0.0.1:36459/
[rosmaster.master][INFO] 2025-11-09 13:45:07,673: +PARAM [/xtion/rgb/image_mono/compressedDepth/png_level] by /xtion/rgb/image_proc
[rosmaster.master][INFO] 2025-11-09 13:45:07,678: +SUB [/hand_grasping_action/cancel] /hand_grasping_action http://127.0.0.1:36459/
[rosmaster.master][INFO] 2025-11-09 13:45:07,682: +PUB [/xtion/rgb/image_mono/compressed] /xtion/rgb/image_proc http://127.0.0.1:45501/
[rosmaster.master][INFO] 2025-11-09 13:45:07,682: +SERVICE [/xtion/rgb/image_mono/compressed/set_parameters] /xtion/rgb/image_proc http://127.0.0.1:45501/
[rosmaster.master][INFO] 2025-11-09 13:45:07,687: +PUB [/xtion/rgb/image_mono/compressed/parameter_descriptions] /xtion/rgb/image_proc http://127.0.0.1:45501/
[rosmaster.master][INFO] 2025-11-09 13:45:07,690: +SUB [/joint_states] /hand_grasping_action http://127.0.0.1:36459/
[rosmaster.master][INFO] 2025-11-09 13:45:07,693: +PUB [/xtion/rgb/image_mono/compressed/parameter_updates] /xtion/rgb/image_proc http://127.0.0.1:45501/
[rosmaster.master][INFO] 2025-11-09 13:45:07,709: +PARAM [/xtion/rgb/image_mono/compressed/format] by /xtion/rgb/image_proc
[rosmaster.master][INFO] 2025-11-09 13:45:07,710: +PARAM [/xtion/rgb/image_mono/compressed/jpeg_quality] by /xtion/rgb/image_proc
[rosmaster.master][INFO] 2025-11-09 13:45:07,714: +PARAM [/xtion/rgb/image_mono/compressed/jpeg_progressive] by /xtion/rgb/image_proc
[rosmaster.master][INFO] 2025-11-09 13:45:07,715: +PARAM [/xtion/rgb/image_mono/compressed/jpeg_optimize] by /xtion/rgb/image_proc
[rosmaster.master][INFO] 2025-11-09 13:45:07,717: +PARAM [/xtion/rgb/image_mono/compressed/jpeg_restart_interval] by /xtion/rgb/image_proc
[rosmaster.master][INFO] 2025-11-09 13:45:07,719: +PARAM [/xtion/rgb/image_mono/compressed/png_level] by /xtion/rgb/image_proc
[rosmaster.master][INFO] 2025-11-09 13:45:07,720: +PARAM [/xtion/rgb/image_mono/compressed/format] by /xtion/rgb/image_proc
[rosmaster.master][INFO] 2025-11-09 13:45:07,722: +PARAM [/xtion/rgb/image_mono/compressed/jpeg_quality] by /xtion/rgb/image_proc
[rosmaster.master][INFO] 2025-11-09 13:45:07,723: +PARAM [/xtion/rgb/image_mono/compressed/jpeg_progressive] by /xtion/rgb/image_proc
[rosmaster.master][INFO] 2025-11-09 13:45:07,725: +PARAM [/xtion/rgb/image_mono/compressed/jpeg_optimize] by /xtion/rgb/image_proc
[rosmaster.master][INFO] 2025-11-09 13:45:07,726: +PARAM [/xtion/rgb/image_mono/compressed/jpeg_restart_interval] by /xtion/rgb/image_proc
[rosmaster.master][INFO] 2025-11-09 13:45:07,727: +PARAM [/xtion/rgb/image_mono/compressed/png_level] by /xtion/rgb/image_proc
[rosmaster.master][INFO] 2025-11-09 13:45:07,731: +PUB [/xtion/rgb/image_mono] /xtion/rgb/image_proc http://127.0.0.1:45501/
[rosmaster.master][INFO] 2025-11-09 13:45:07,745: +PUB [/xtion/rgb/image_mono/theora] /xtion/rgb/image_proc http://127.0.0.1:45501/
[rosmaster.master][INFO] 2025-11-09 13:45:07,748: +SERVICE [/xtion/rgb/image_mono/theora/set_parameters] /xtion/rgb/image_proc http://127.0.0.1:45501/
[rosmaster.master][INFO] 2025-11-09 13:45:07,750: +PUB [/xtion/rgb/image_mono/theora/parameter_descriptions] /xtion/rgb/image_proc http://127.0.0.1:45501/
[rosmaster.master][INFO] 2025-11-09 13:45:07,752: +PUB [/xtion/rgb/image_mono/theora/parameter_updates] /xtion/rgb/image_proc http://127.0.0.1:45501/
[rosmaster.master][INFO] 2025-11-09 13:45:07,757: +PARAM [/xtion/rgb/image_mono/theora/optimize_for] by /xtion/rgb/image_proc
[rosmaster.master][INFO] 2025-11-09 13:45:07,758: +PARAM [/xtion/rgb/image_mono/theora/target_bitrate] by /xtion/rgb/image_proc
[rosmaster.master][INFO] 2025-11-09 13:45:07,759: +PARAM [/xtion/rgb/image_mono/theora/quality] by /xtion/rgb/image_proc
[rosmaster.master][INFO] 2025-11-09 13:45:07,761: +PARAM [/xtion/rgb/image_mono/theora/keyframe_frequency] by /xtion/rgb/image_proc
[rosmaster.master][INFO] 2025-11-09 13:45:07,763: +PARAM [/xtion/rgb/image_mono/theora/optimize_for] by /xtion/rgb/image_proc
[rosmaster.master][INFO] 2025-11-09 13:45:07,766: +PARAM [/xtion/rgb/image_mono/theora/target_bitrate] by /xtion/rgb/image_proc
[rosmaster.master][INFO] 2025-11-09 13:45:07,767: +PARAM [/xtion/rgb/image_mono/theora/quality] by /xtion/rgb/image_proc
[rosmaster.master][INFO] 2025-11-09 13:45:07,768: +PARAM [/xtion/rgb/image_mono/theora/keyframe_frequency] by /xtion/rgb/image_proc
[rosmaster.master][INFO] 2025-11-09 13:45:07,772: +PUB [/xtion/rgb/image_color/compressedDepth] /xtion/rgb/image_proc http://127.0.0.1:45501/
[rosmaster.master][INFO] 2025-11-09 13:45:07,774: +SERVICE [/xtion/rgb/image_color/compressedDepth/set_parameters] /xtion/rgb/image_proc http://127.0.0.1:45501/
[rosmaster.master][INFO] 2025-11-09 13:45:07,775: +PUB [/xtion/rgb/image_color/compressedDepth/parameter_descriptions] /xtion/rgb/image_proc http://127.0.0.1:45501/
[rosmaster.master][INFO] 2025-11-09 13:45:07,776: +PUB [/xtion/rgb/image_color/compressedDepth/parameter_updates] /xtion/rgb/image_proc http://127.0.0.1:45501/
[rosmaster.master][INFO] 2025-11-09 13:45:07,781: +PARAM [/xtion/rgb/image_color/compressedDepth/format] by /xtion/rgb/image_proc
[rosmaster.master][INFO] 2025-11-09 13:45:07,782: +PARAM [/xtion/rgb/image_color/compressedDepth/depth_max] by /xtion/rgb/image_proc
[rosmaster.master][INFO] 2025-11-09 13:45:07,783: +PARAM [/xtion/rgb/image_color/compressedDepth/depth_quantization] by /xtion/rgb/image_proc
[rosmaster.master][INFO] 2025-11-09 13:45:07,784: +PARAM [/xtion/rgb/image_color/compressedDepth/png_level] by /xtion/rgb/image_proc
[rosmaster.master][INFO] 2025-11-09 13:45:07,786: +PARAM [/xtion/rgb/image_color/compressedDepth/format] by /xtion/rgb/image_proc
[rosmaster.master][INFO] 2025-11-09 13:45:07,788: +PARAM [/xtion/rgb/image_color/compressedDepth/depth_max] by /xtion/rgb/image_proc
[rosmaster.master][INFO] 2025-11-09 13:45:07,789: +PARAM [/xtion/rgb/image_color/compressedDepth/depth_quantization] by /xtion/rgb/image_proc
[rosmaster.master][INFO] 2025-11-09 13:45:07,791: +PARAM [/xtion/rgb/image_color/compressedDepth/png_level] by /xtion/rgb/image_proc
[rosmaster.master][INFO] 2025-11-09 13:45:07,793: +PUB [/xtion/rgb/image_color/compressed] /xtion/rgb/image_proc http://127.0.0.1:45501/
[rosmaster.master][INFO] 2025-11-09 13:45:07,795: +SERVICE [/xtion/rgb/image_color/compressed/set_parameters] /xtion/rgb/image_proc http://127.0.0.1:45501/
[rosmaster.master][INFO] 2025-11-09 13:45:07,797: +PUB [/xtion/rgb/image_color/compressed/parameter_descriptions] /xtion/rgb/image_proc http://127.0.0.1:45501/
[rosmaster.master][INFO] 2025-11-09 13:45:07,799: +PUB [/xtion/rgb/image_color/compressed/parameter_updates] /xtion/rgb/image_proc http://127.0.0.1:45501/
[rosmaster.master][INFO] 2025-11-09 13:45:07,807: +PARAM [/xtion/rgb/image_color/compressed/format] by /xtion/rgb/image_proc
[rosmaster.master][INFO] 2025-11-09 13:45:07,809: +PARAM [/xtion/rgb/image_color/compressed/jpeg_quality] by /xtion/rgb/image_proc
[rosmaster.master][INFO] 2025-11-09 13:45:07,812: +PARAM [/xtion/rgb/image_color/compressed/jpeg_progressive] by /xtion/rgb/image_proc
[rosmaster.master][INFO] 2025-11-09 13:45:07,812: +PUB [/rosout] /is_already_there http://127.0.0.1:42031/
[rosmaster.master][INFO] 2025-11-09 13:45:07,813: +PARAM [/xtion/rgb/image_color/compressed/jpeg_optimize] by /xtion/rgb/image_proc
[rosmaster.master][INFO] 2025-11-09 13:45:07,815: +PARAM [/xtion/rgb/image_color/compressed/jpeg_restart_interval] by /xtion/rgb/image_proc
[rosmaster.master][INFO] 2025-11-09 13:45:07,816: +PARAM [/xtion/rgb/image_color/compressed/png_level] by /xtion/rgb/image_proc
[rosmaster.master][INFO] 2025-11-09 13:45:07,819: +PARAM [/xtion/rgb/image_color/compressed/format] by /xtion/rgb/image_proc
[rosmaster.master][INFO] 2025-11-09 13:45:07,820: +PARAM [/xtion/rgb/image_color/compressed/jpeg_quality] by /xtion/rgb/image_proc
[rosmaster.master][INFO] 2025-11-09 13:45:07,823: +SUB [/clock] /is_already_there http://127.0.0.1:42031/
[rosmaster.master][INFO] 2025-11-09 13:45:07,824: +PARAM [/xtion/rgb/image_color/compressed/jpeg_progressive] by /xtion/rgb/image_proc
[rosmaster.master][INFO] 2025-11-09 13:45:07,828: +PARAM [/xtion/rgb/image_color/compressed/jpeg_optimize] by /xtion/rgb/image_proc
[rosmaster.master][INFO] 2025-11-09 13:45:07,832: +SERVICE [/is_already_there/get_loggers] /is_already_there http://127.0.0.1:42031/
[rosmaster.master][INFO] 2025-11-09 13:45:07,834: publisherUpdate[/rosout] -> http://127.0.0.1:38111/ ['http://127.0.0.1:33809/', 'http://127.0.0.1:37143/', 'http://127.0.0.1:35867/', 'http://127.0.0.1:44717/', 'http://127.0.0.1:37473/', 'http://127.0.0.1:44663/', 'http://127.0.0.1:43311/', 'http://127.0.0.1:42601/', 'http://127.0.0.1:43281/', 'http://127.0.0.1:45501/', 'http://127.0.0.1:45361/', 'http://127.0.0.1:36459/', 'http://127.0.0.1:42031/']
[rosmaster.master][INFO] 2025-11-09 13:45:07,834: +PARAM [/xtion/rgb/image_color/compressed/jpeg_restart_interval] by /xtion/rgb/image_proc
[rosmaster.master][INFO] 2025-11-09 13:45:07,836: +PUB [/rosout] /tuck_arm http://127.0.0.1:32969/
[rosmaster.master][INFO] 2025-11-09 13:45:07,837: +PARAM [/xtion/rgb/image_color/compressed/png_level] by /xtion/rgb/image_proc
[rosmaster.master][INFO] 2025-11-09 13:45:07,837: publisherUpdate[/rosout] -> http://127.0.0.1:38111/ ['http://127.0.0.1:33809/', 'http://127.0.0.1:37143/', 'http://127.0.0.1:35867/', 'http://127.0.0.1:44717/', 'http://127.0.0.1:37473/', 'http://127.0.0.1:44663/', 'http://127.0.0.1:43311/', 'http://127.0.0.1:42601/', 'http://127.0.0.1:43281/', 'http://127.0.0.1:45501/', 'http://127.0.0.1:45361/', 'http://127.0.0.1:36459/', 'http://127.0.0.1:42031/']: sec=0.00, result=[1, '', 0]
[rosmaster.master][INFO] 2025-11-09 13:45:07,838: +SERVICE [/is_already_there/set_logger_level] /is_already_there http://127.0.0.1:42031/
[rosmaster.master][INFO] 2025-11-09 13:45:07,841: publisherUpdate[/rosout] -> http://127.0.0.1:38111/ ['http://127.0.0.1:33809/', 'http://127.0.0.1:37143/', 'http://127.0.0.1:35867/', 'http://127.0.0.1:44717/', 'http://127.0.0.1:37473/', 'http://127.0.0.1:44663/', 'http://127.0.0.1:43311/', 'http://127.0.0.1:42601/', 'http://127.0.0.1:43281/', 'http://127.0.0.1:45501/', 'http://127.0.0.1:45361/', 'http://127.0.0.1:36459/', 'http://127.0.0.1:42031/', 'http://127.0.0.1:32969/']
[rosmaster.master][INFO] 2025-11-09 13:45:07,847: +PUB [/xtion/rgb/image_color] /xtion/rgb/image_proc http://127.0.0.1:45501/
[rosmaster.master][INFO] 2025-11-09 13:45:07,849: +SUB [/clock] /tuck_arm http://127.0.0.1:32969/
[rosmaster.master][INFO] 2025-11-09 13:45:07,850: publisherUpdate[/rosout] -> http://127.0.0.1:38111/ ['http://127.0.0.1:33809/', 'http://127.0.0.1:37143/', 'http://127.0.0.1:35867/', 'http://127.0.0.1:44717/', 'http://127.0.0.1:37473/', 'http://127.0.0.1:44663/', 'http://127.0.0.1:43311/', 'http://127.0.0.1:42601/', 'http://127.0.0.1:43281/', 'http://127.0.0.1:45501/', 'http://127.0.0.1:45361/', 'http://127.0.0.1:36459/', 'http://127.0.0.1:42031/', 'http://127.0.0.1:32969/']: sec=0.00, result=[1, '', 0]
[rosmaster.master][INFO] 2025-11-09 13:45:07,851: +PUB [/rosout] /joystick_relay http://127.0.0.1:34295/
[rosmaster.master][INFO] 2025-11-09 13:45:07,853: publisherUpdate[/rosout] -> http://127.0.0.1:38111/ ['http://127.0.0.1:33809/', 'http://127.0.0.1:37143/', 'http://127.0.0.1:35867/', 'http://127.0.0.1:44717/', 'http://127.0.0.1:37473/', 'http://127.0.0.1:44663/', 'http://127.0.0.1:43311/', 'http://127.0.0.1:42601/', 'http://127.0.0.1:43281/', 'http://127.0.0.1:45501/', 'http://127.0.0.1:45361/', 'http://127.0.0.1:36459/', 'http://127.0.0.1:42031/', 'http://127.0.0.1:32969/', 'http://127.0.0.1:34295/']
[rosmaster.master][INFO] 2025-11-09 13:45:07,855: +SERVICE [/play_motion/is_already_there] /is_already_there http://127.0.0.1:42031/
[rosmaster.master][INFO] 2025-11-09 13:45:07,856: publisherUpdate[/rosout] -> http://127.0.0.1:38111/ ['http://127.0.0.1:33809/', 'http://127.0.0.1:37143/', 'http://127.0.0.1:35867/', 'http://127.0.0.1:44717/', 'http://127.0.0.1:37473/', 'http://127.0.0.1:44663/', 'http://127.0.0.1:43311/', 'http://127.0.0.1:42601/', 'http://127.0.0.1:43281/', 'http://127.0.0.1:45501/', 'http://127.0.0.1:45361/', 'http://127.0.0.1:36459/', 'http://127.0.0.1:42031/', 'http://127.0.0.1:32969/', 'http://127.0.0.1:34295/']: sec=0.00, result=[1, '', 0]
[rosmaster.master][INFO] 2025-11-09 13:45:07,856: +PUB [/xtion/rgb/image_color/theora] /xtion/rgb/image_proc http://127.0.0.1:45501/
[rosmaster.master][INFO] 2025-11-09 13:45:07,863: +SERVICE [/tuck_arm/get_loggers] /tuck_arm http://127.0.0.1:32969/
[rosmaster.master][INFO] 2025-11-09 13:45:07,863: +SUB [/joint_states] /is_already_there http://127.0.0.1:42031/
[rosmaster.master][INFO] 2025-11-09 13:45:07,864: +SUB [/clock] /joystick_relay http://127.0.0.1:34295/
[rosmaster.master][INFO] 2025-11-09 13:45:07,867: +SERVICE [/xtion/rgb/image_color/theora/set_parameters] /xtion/rgb/image_proc http://127.0.0.1:45501/
[rosmaster.master][INFO] 2025-11-09 13:45:07,867: +SERVICE [/tuck_arm/set_logger_level] /tuck_arm http://127.0.0.1:32969/
[rosmaster.master][INFO] 2025-11-09 13:45:07,868: +PUB [/xtion/rgb/image_color/theora/parameter_descriptions] /xtion/rgb/image_proc http://127.0.0.1:45501/
[rosmaster.master][INFO] 2025-11-09 13:45:07,870: +CACHEDPARAM [/rosout_disable_topics_generation] by /tuck_arm
[rosmaster.master][INFO] 2025-11-09 13:45:07,871: +SERVICE [/joystick_relay/get_loggers] /joystick_relay http://127.0.0.1:34295/
[rosmaster.master][INFO] 2025-11-09 13:45:07,877: +PUB [/xtion/rgb/image_color/theora/parameter_updates] /xtion/rgb/image_proc http://127.0.0.1:45501/
[rosmaster.master][INFO] 2025-11-09 13:45:07,885: +SERVICE [/joystick_relay/set_logger_level] /joystick_relay http://127.0.0.1:34295/
[rosmaster.master][INFO] 2025-11-09 13:45:07,887: +PUB [/rosout] /dynamic_footprint_publisher http://127.0.0.1:35215/
[rosmaster.master][INFO] 2025-11-09 13:45:07,887: publisherUpdate[/rosout] -> http://127.0.0.1:38111/ ['http://127.0.0.1:33809/', 'http://127.0.0.1:37143/', 'http://127.0.0.1:35867/', 'http://127.0.0.1:44717/', 'http://127.0.0.1:37473/', 'http://127.0.0.1:44663/', 'http://127.0.0.1:43311/', 'http://127.0.0.1:42601/', 'http://127.0.0.1:43281/', 'http://127.0.0.1:45501/', 'http://127.0.0.1:45361/', 'http://127.0.0.1:36459/', 'http://127.0.0.1:42031/', 'http://127.0.0.1:32969/', 'http://127.0.0.1:34295/', 'http://127.0.0.1:35215/']
[rosmaster.master][INFO] 2025-11-09 13:45:07,891: +PUB [/play_motion/goal] /tuck_arm http://127.0.0.1:32969/
[rosmaster.master][INFO] 2025-11-09 13:45:07,895: +PARAM [/xtion/rgb/image_color/theora/optimize_for] by /xtion/rgb/image_proc
[rosmaster.master][INFO] 2025-11-09 13:45:07,896: publisherUpdate[/rosout] -> http://127.0.0.1:38111/ ['http://127.0.0.1:33809/', 'http://127.0.0.1:37143/', 'http://127.0.0.1:35867/', 'http://127.0.0.1:44717/', 'http://127.0.0.1:37473/', 'http://127.0.0.1:44663/', 'http://127.0.0.1:43311/', 'http://127.0.0.1:42601/', 'http://127.0.0.1:43281/', 'http://127.0.0.1:45501/', 'http://127.0.0.1:45361/', 'http://127.0.0.1:36459/', 'http://127.0.0.1:42031/', 'http://127.0.0.1:32969/', 'http://127.0.0.1:34295/', 'http://127.0.0.1:35215/']: sec=0.00, result=[1, '', 0]
[rosmaster.master][INFO] 2025-11-09 13:45:07,898: +SUB [/clock] /dynamic_footprint_publisher http://127.0.0.1:35215/
[rosmaster.master][INFO] 2025-11-09 13:45:07,899: +PARAM [/xtion/rgb/image_color/theora/target_bitrate] by /xtion/rgb/image_proc
[rosmaster.master][INFO] 2025-11-09 13:45:07,905: +PUB [/play_motion/cancel] /tuck_arm http://127.0.0.1:32969/
[rosmaster.master][INFO] 2025-11-09 13:45:07,907: +SERVICE [/dynamic_footprint_publisher/get_loggers] /dynamic_footprint_publisher http://127.0.0.1:35215/
[rosmaster.master][INFO] 2025-11-09 13:45:07,908: +PARAM [/xtion/rgb/image_color/theora/quality] by /xtion/rgb/image_proc
[rosmaster.master][INFO] 2025-11-09 13:45:07,909: +SERVICE [/dynamic_footprint_publisher/set_logger_level] /dynamic_footprint_publisher http://127.0.0.1:35215/
[rosmaster.master][INFO] 2025-11-09 13:45:07,911: +PARAM [/xtion/rgb/image_color/theora/keyframe_frequency] by /xtion/rgb/image_proc
[rosmaster.master][INFO] 2025-11-09 13:45:07,918: +SUB [/play_motion/status] /tuck_arm http://127.0.0.1:32969/
[rosmaster.master][INFO] 2025-11-09 13:45:07,919: +PARAM [/xtion/rgb/image_color/theora/optimize_for] by /xtion/rgb/image_proc
[rosmaster.master][INFO] 2025-11-09 13:45:07,922: +PUB [/text_marker] /joystick_relay http://127.0.0.1:34295/
[rosmaster.master][INFO] 2025-11-09 13:45:07,923: +PARAM [/xtion/rgb/image_color/theora/target_bitrate] by /xtion/rgb/image_proc
[rosmaster.master][INFO] 2025-11-09 13:45:07,924: +SUB [/play_motion/result] /tuck_arm http://127.0.0.1:32969/
[rosmaster.master][INFO] 2025-11-09 13:45:07,926: +PUB [/joy_vel] /joystick_relay http://127.0.0.1:34295/
[rosmaster.master][INFO] 2025-11-09 13:45:07,926: +PARAM [/xtion/rgb/image_color/theora/quality] by /xtion/rgb/image_proc
[rosmaster.master][INFO] 2025-11-09 13:45:07,930: +PARAM [/xtion/rgb/image_color/theora/keyframe_frequency] by /xtion/rgb/image_proc
[rosmaster.master][INFO] 2025-11-09 13:45:07,932: +SUB [/play_motion/feedback] /tuck_arm http://127.0.0.1:32969/
[rosmaster.master][INFO] 2025-11-09 13:45:07,936: +PUB [/tf_stream/goal] /dynamic_footprint_publisher http://127.0.0.1:35215/
[rosmaster.master][INFO] 2025-11-09 13:45:07,938: +SUB [/input_joy/cmd_vel] /joystick_relay http://127.0.0.1:34295/
[rosmaster.master][INFO] 2025-11-09 13:45:07,939: +SERVICE [/xtion/rgb/image_proc_rectify_mono/set_parameters] /xtion/rgb/image_proc http://127.0.0.1:45501/
[rosmaster.master][INFO] 2025-11-09 13:45:07,940: +PUB [/xtion/rgb/image_proc_rectify_mono/parameter_descriptions] /xtion/rgb/image_proc http://127.0.0.1:45501/
[rosmaster.master][INFO] 2025-11-09 13:45:07,941: +PUB [/joy_priority] /joystick_relay http://127.0.0.1:34295/
[rosmaster.master][INFO] 2025-11-09 13:45:07,942: +PUB [/tf_stream/cancel] /dynamic_footprint_publisher http://127.0.0.1:35215/
[rosmaster.master][INFO] 2025-11-09 13:45:07,943: +PUB [/xtion/rgb/image_proc_rectify_mono/parameter_updates] /xtion/rgb/image_proc http://127.0.0.1:45501/
[rosmaster.master][INFO] 2025-11-09 13:45:07,948: +SUB [/tf_stream/status] /dynamic_footprint_publisher http://127.0.0.1:35215/
[rosmaster.master][INFO] 2025-11-09 13:45:07,950: +PARAM [/xtion/rgb/image_proc_rectify_mono/interpolation] by /xtion/rgb/image_proc
[rosmaster.master][INFO] 2025-11-09 13:45:07,950: +PUB [/joy_priority_action/status] /joystick_relay http://127.0.0.1:34295/
[rosmaster.master][INFO] 2025-11-09 13:45:07,953: +SUB [/tf_stream/result] /dynamic_footprint_publisher http://127.0.0.1:35215/
[rosmaster.master][INFO] 2025-11-09 13:45:07,955: +PARAM [/xtion/rgb/image_proc_rectify_mono/interpolation] by /xtion/rgb/image_proc
[rosmaster.master][INFO] 2025-11-09 13:45:07,964: +PUB [/xtion/rgb/image_rect/compressedDepth] /xtion/rgb/image_proc http://127.0.0.1:45501/
[rosmaster.master][INFO] 2025-11-09 13:45:07,965: +SERVICE [/xtion/rgb/image_rect/compressedDepth/set_parameters] /xtion/rgb/image_proc http://127.0.0.1:45501/
[rosmaster.master][INFO] 2025-11-09 13:45:07,966: +PUB [/xtion/rgb/image_rect/compressedDepth/parameter_descriptions] /xtion/rgb/image_proc http://127.0.0.1:45501/
[rosmaster.master][INFO] 2025-11-09 13:45:07,966: +PUB [/xtion/rgb/image_rect/compressedDepth/parameter_updates] /xtion/rgb/image_proc http://127.0.0.1:45501/
[rosmaster.master][INFO] 2025-11-09 13:45:07,968: +PARAM [/xtion/rgb/image_rect/compressedDepth/format] by /xtion/rgb/image_proc
[rosmaster.master][INFO] 2025-11-09 13:45:07,969: +PARAM [/xtion/rgb/image_rect/compressedDepth/depth_max] by /xtion/rgb/image_proc
[rosmaster.master][INFO] 2025-11-09 13:45:07,970: +PARAM [/xtion/rgb/image_rect/compressedDepth/depth_quantization] by /xtion/rgb/image_proc
[rosmaster.master][INFO] 2025-11-09 13:45:07,970: +PARAM [/xtion/rgb/image_rect/compressedDepth/png_level] by /xtion/rgb/image_proc
[rosmaster.master][INFO] 2025-11-09 13:45:07,971: +PARAM [/xtion/rgb/image_rect/compressedDepth/format] by /xtion/rgb/image_proc
[rosmaster.master][INFO] 2025-11-09 13:45:07,971: +PARAM [/xtion/rgb/image_rect/compressedDepth/depth_max] by /xtion/rgb/image_proc
[rosmaster.master][INFO] 2025-11-09 13:45:07,972: +PARAM [/xtion/rgb/image_rect/compressedDepth/depth_quantization] by /xtion/rgb/image_proc
[rosmaster.master][INFO] 2025-11-09 13:45:07,972: +PARAM [/xtion/rgb/image_rect/compressedDepth/png_level] by /xtion/rgb/image_proc
[rosmaster.master][INFO] 2025-11-09 13:45:07,973: +PUB [/xtion/rgb/image_rect/compressed] /xtion/rgb/image_proc http://127.0.0.1:45501/
[rosmaster.master][INFO] 2025-11-09 13:45:07,974: +SERVICE [/xtion/rgb/image_rect/compressed/set_parameters] /xtion/rgb/image_proc http://127.0.0.1:45501/
[rosmaster.master][INFO] 2025-11-09 13:45:07,974: +PUB [/xtion/rgb/image_rect/compressed/parameter_descriptions] /xtion/rgb/image_proc http://127.0.0.1:45501/
[rosmaster.master][INFO] 2025-11-09 13:45:07,975: +PUB [/xtion/rgb/image_rect/compressed/parameter_updates] /xtion/rgb/image_proc http://127.0.0.1:45501/
[rosmaster.master][INFO] 2025-11-09 13:45:07,978: +PARAM [/xtion/rgb/image_rect/compressed/format] by /xtion/rgb/image_proc
[rosmaster.master][INFO] 2025-11-09 13:45:07,978: +PARAM [/xtion/rgb/image_rect/compressed/jpeg_quality] by /xtion/rgb/image_proc
[rosmaster.master][INFO] 2025-11-09 13:45:07,979: +PARAM [/xtion/rgb/image_rect/compressed/jpeg_progressive] by /xtion/rgb/image_proc
[rosmaster.master][INFO] 2025-11-09 13:45:07,979: +PARAM [/xtion/rgb/image_rect/compressed/jpeg_optimize] by /xtion/rgb/image_proc
[rosmaster.master][INFO] 2025-11-09 13:45:07,980: +PARAM [/xtion/rgb/image_rect/compressed/jpeg_restart_interval] by /xtion/rgb/image_proc
[rosmaster.master][INFO] 2025-11-09 13:45:07,980: +PARAM [/xtion/rgb/image_rect/compressed/png_level] by /xtion/rgb/image_proc
[rosmaster.master][INFO] 2025-11-09 13:45:07,981: +PARAM [/xtion/rgb/image_rect/compressed/format] by /xtion/rgb/image_proc
[rosmaster.master][INFO] 2025-11-09 13:45:07,982: +PARAM [/xtion/rgb/image_rect/compressed/jpeg_quality] by /xtion/rgb/image_proc
[rosmaster.master][INFO] 2025-11-09 13:45:07,982: +PARAM [/xtion/rgb/image_rect/compressed/jpeg_progressive] by /xtion/rgb/image_proc
[rosmaster.master][INFO] 2025-11-09 13:45:07,983: +PARAM [/xtion/rgb/image_rect/compressed/jpeg_optimize] by /xtion/rgb/image_proc
[rosmaster.master][INFO] 2025-11-09 13:45:07,983: +PARAM [/xtion/rgb/image_rect/compressed/jpeg_restart_interval] by /xtion/rgb/image_proc
[rosmaster.master][INFO] 2025-11-09 13:45:07,984: +PARAM [/xtion/rgb/image_rect/compressed/png_level] by /xtion/rgb/image_proc
[rosmaster.master][INFO] 2025-11-09 13:45:07,984: publisherUpdate[/joy_vel] -> http://127.0.0.1:37473/ ['http://127.0.0.1:34295/']
[rosmaster.master][INFO] 2025-11-09 13:45:07,985: +PUB [/xtion/rgb/image_rect] /xtion/rgb/image_proc http://127.0.0.1:45501/
[rosmaster.master][INFO] 2025-11-09 13:45:07,986: +PUB [/xtion/rgb/image_rect/theora] /xtion/rgb/image_proc http://127.0.0.1:45501/
[rosmaster.master][INFO] 2025-11-09 13:45:07,987: +SERVICE [/xtion/rgb/image_rect/theora/set_parameters] /xtion/rgb/image_proc http://127.0.0.1:45501/
[rosmaster.master][INFO] 2025-11-09 13:45:07,988: +PUB [/xtion/rgb/image_rect/theora/parameter_descriptions] /xtion/rgb/image_proc http://127.0.0.1:45501/
[rosmaster.master][INFO] 2025-11-09 13:45:07,989: +PUB [/xtion/rgb/image_rect/theora/parameter_updates] /xtion/rgb/image_proc http://127.0.0.1:45501/
[rosmaster.master][INFO] 2025-11-09 13:45:07,990: +PUB [/joy_priority_action/result] /joystick_relay http://127.0.0.1:34295/
[rosmaster.master][INFO] 2025-11-09 13:45:07,996: +SUB [/tf_stream/feedback] /dynamic_footprint_publisher http://127.0.0.1:35215/
[rosmaster.master][INFO] 2025-11-09 13:45:07,998: +PUB [/joy_priority_action/feedback] /joystick_relay http://127.0.0.1:34295/
[rosmaster.master][INFO] 2025-11-09 13:45:08,012: +PUB [/dynamic_footprint_publisher/footprint] /dynamic_footprint_publisher http://127.0.0.1:35215/
[rosmaster.master][INFO] 2025-11-09 13:45:08,009: +PARAM [/xtion/rgb/image_rect/theora/optimize_for] by /xtion/rgb/image_proc
[rosmaster.master][INFO] 2025-11-09 13:45:08,006: publisherUpdate[/tf_stream/goal] -> http://127.0.0.1:35867/ ['http://127.0.0.1:35215/']
[rosmaster.master][INFO] 2025-11-09 13:45:08,025: +PARAM [/xtion/rgb/image_rect/theora/target_bitrate] by /xtion/rgb/image_proc
[rosmaster.master][INFO] 2025-11-09 13:45:08,025: publisherUpdate[/joy_vel] -> http://127.0.0.1:37473/ ['http://127.0.0.1:34295/']: sec=0.04, result=[1, '', 0]
[rosmaster.master][INFO] 2025-11-09 13:45:08,029: +PARAM [/xtion/rgb/image_rect/theora/quality] by /xtion/rgb/image_proc
[rosmaster.master][INFO] 2025-11-09 13:45:08,030: publisherUpdate[/joy_priority] -> http://127.0.0.1:37473/ ['http://127.0.0.1:34295/']
[rosmaster.master][INFO] 2025-11-09 13:45:08,031: +PARAM [/xtion/rgb/image_rect/theora/keyframe_frequency] by /xtion/rgb/image_proc
[rosmaster.master][INFO] 2025-11-09 13:45:08,042: +PUB [/dynamic_footprint_publisher/footprint_stamped] /dynamic_footprint_publisher http://127.0.0.1:35215/
[rosmaster.master][INFO] 2025-11-09 13:45:08,046: +PARAM [/xtion/rgb/image_rect/theora/optimize_for] by /xtion/rgb/image_proc
[rosmaster.master][INFO] 2025-11-09 13:45:08,047: +SUB [/joy_priority_action/goal] /joystick_relay http://127.0.0.1:34295/
[rosmaster.master][INFO] 2025-11-09 13:45:08,048: +PARAM [/xtion/rgb/image_rect/theora/target_bitrate] by /xtion/rgb/image_proc
[rosmaster.master][INFO] 2025-11-09 13:45:08,046: publisherUpdate[/joy_priority] -> http://127.0.0.1:37473/ ['http://127.0.0.1:34295/']: sec=0.01, result=[1, '', 0]
[rosmaster.master][INFO] 2025-11-09 13:45:08,052: +SERVICE [/dynamic_footprint_publisher/change_params] /dynamic_footprint_publisher http://127.0.0.1:35215/
[rosmaster.master][INFO] 2025-11-09 13:45:08,055: +PARAM [/xtion/rgb/image_rect/theora/quality] by /xtion/rgb/image_proc
[rosmaster.master][INFO] 2025-11-09 13:45:08,058: +PARAM [/xtion/rgb/image_rect/theora/keyframe_frequency] by /xtion/rgb/image_proc
[rosmaster.master][INFO] 2025-11-09 13:45:08,060: +SUB [/joy_priority_action/cancel] /joystick_relay http://127.0.0.1:34295/
[rosmaster.master][INFO] 2025-11-09 13:45:08,060: +CACHEDPARAM [/rosout_disable_topics_generation] by /dynamic_footprint_publisher
[rosmaster.master][INFO] 2025-11-09 13:45:08,065: +SERVICE [/xtion/rgb/image_proc_rectify_color/set_parameters] /xtion/rgb/image_proc http://127.0.0.1:45501/
[rosmaster.master][INFO] 2025-11-09 13:45:08,069: +PUB [/xtion/rgb/image_proc_rectify_color/parameter_descriptions] /xtion/rgb/image_proc http://127.0.0.1:45501/
[rosmaster.master][INFO] 2025-11-09 13:45:08,071: +PUB [/joy_turbo_increase/status] /joystick_relay http://127.0.0.1:34295/
[rosmaster.master][INFO] 2025-11-09 13:45:08,071: +PUB [/xtion/rgb/image_proc_rectify_color/parameter_updates] /xtion/rgb/image_proc http://127.0.0.1:45501/
[rosmaster.master][INFO] 2025-11-09 13:45:08,072: +PUB [/joy_turbo_increase/result] /joystick_relay http://127.0.0.1:34295/
[rosmaster.master][INFO] 2025-11-09 13:45:08,074: +PARAM [/xtion/rgb/image_proc_rectify_color/interpolation] by /xtion/rgb/image_proc
[rosmaster.master][INFO] 2025-11-09 13:45:08,075: +PUB [/joy_turbo_increase/feedback] /joystick_relay http://127.0.0.1:34295/
[rosmaster.master][INFO] 2025-11-09 13:45:08,079: +PARAM [/xtion/rgb/image_proc_rectify_color/interpolation] by /xtion/rgb/image_proc
[rosmaster.master][INFO] 2025-11-09 13:45:08,085: +SUB [/joy_turbo_increase/goal] /joystick_relay http://127.0.0.1:34295/
[rosmaster.master][INFO] 2025-11-09 13:45:08,090: +PUB [/xtion/rgb/image_rect_color/compressedDepth] /xtion/rgb/image_proc http://127.0.0.1:45501/
[rosmaster.master][INFO] 2025-11-09 13:45:08,091: +SUB [/joy_turbo_increase/cancel] /joystick_relay http://127.0.0.1:34295/
[rosmaster.master][INFO] 2025-11-09 13:45:08,091: +SERVICE [/xtion/rgb/image_rect_color/compressedDepth/set_parameters] /xtion/rgb/image_proc http://127.0.0.1:45501/
[rosmaster.master][INFO] 2025-11-09 13:45:08,092: +PUB [/xtion/rgb/image_rect_color/compressedDepth/parameter_descriptions] /xtion/rgb/image_proc http://127.0.0.1:45501/
[rosmaster.master][INFO] 2025-11-09 13:45:08,095: +PUB [/xtion/rgb/image_rect_color/compressedDepth/parameter_updates] /xtion/rgb/image_proc http://127.0.0.1:45501/
[rosmaster.master][INFO] 2025-11-09 13:45:08,101: +PARAM [/xtion/rgb/image_rect_color/compressedDepth/format] by /xtion/rgb/image_proc
[rosmaster.master][INFO] 2025-11-09 13:45:08,105: +PARAM [/xtion/rgb/image_rect_color/compressedDepth/depth_max] by /xtion/rgb/image_proc
[rosmaster.master][INFO] 2025-11-09 13:45:08,110: +PARAM [/xtion/rgb/image_rect_color/compressedDepth/depth_quantization] by /xtion/rgb/image_proc
[rosmaster.master][INFO] 2025-11-09 13:45:08,111: +PARAM [/xtion/rgb/image_rect_color/compressedDepth/png_level] by /xtion/rgb/image_proc
[rosmaster.master][INFO] 2025-11-09 13:45:08,113: +PUB [/joy_turbo_decrease/status] /joystick_relay http://127.0.0.1:34295/
[rosmaster.master][INFO] 2025-11-09 13:45:08,114: +PARAM [/xtion/rgb/image_rect_color/compressedDepth/format] by /xtion/rgb/image_proc
[rosmaster.master][INFO] 2025-11-09 13:45:08,116: publisherUpdate[/tf_stream/goal] -> http://127.0.0.1:35867/ ['http://127.0.0.1:35215/']: sec=0.09, result=[1, '', 0]
[rosmaster.master][INFO] 2025-11-09 13:45:08,121: publisherUpdate[/tf_stream/cancel] -> http://127.0.0.1:35867/ ['http://127.0.0.1:35215/']
[rosmaster.master][INFO] 2025-11-09 13:45:08,122: +PARAM [/xtion/rgb/image_rect_color/compressedDepth/depth_max] by /xtion/rgb/image_proc
[rosmaster.master][INFO] 2025-11-09 13:45:08,125: publisherUpdate[/tf_stream/cancel] -> http://127.0.0.1:35867/ ['http://127.0.0.1:35215/']: sec=0.00, result=[1, '', 0]
[rosmaster.master][INFO] 2025-11-09 13:45:08,125: +PARAM [/xtion/rgb/image_rect_color/compressedDepth/depth_quantization] by /xtion/rgb/image_proc
[rosmaster.master][INFO] 2025-11-09 13:45:08,122: +PUB [/joy_turbo_decrease/result] /joystick_relay http://127.0.0.1:34295/
[rosmaster.master][INFO] 2025-11-09 13:45:08,128: +PARAM [/xtion/rgb/image_rect_color/compressedDepth/png_level] by /xtion/rgb/image_proc
[rosmaster.master][INFO] 2025-11-09 13:45:08,130: +PUB [/joy_turbo_decrease/feedback] /joystick_relay http://127.0.0.1:34295/
[rosmaster.master][INFO] 2025-11-09 13:45:08,131: +PUB [/xtion/rgb/image_rect_color/compressed] /xtion/rgb/image_proc http://127.0.0.1:45501/
[rosmaster.master][INFO] 2025-11-09 13:45:08,134: +SERVICE [/xtion/rgb/image_rect_color/compressed/set_parameters] /xtion/rgb/image_proc http://127.0.0.1:45501/
[rosmaster.master][INFO] 2025-11-09 13:45:08,137: +PUB [/xtion/rgb/image_rect_color/compressed/parameter_descriptions] /xtion/rgb/image_proc http://127.0.0.1:45501/
[rosmaster.master][INFO] 2025-11-09 13:45:08,146: +PUB [/xtion/rgb/image_rect_color/compressed/parameter_updates] /xtion/rgb/image_proc http://127.0.0.1:45501/
[rosmaster.master][INFO] 2025-11-09 13:45:08,148: +SUB [/joy_turbo_decrease/goal] /joystick_relay http://127.0.0.1:34295/
[rosmaster.master][INFO] 2025-11-09 13:45:08,154: +SUB [/joy_turbo_decrease/cancel] /joystick_relay http://127.0.0.1:34295/
[rosmaster.master][INFO] 2025-11-09 13:45:08,159: +PARAM [/xtion/rgb/image_rect_color/compressed/format] by /xtion/rgb/image_proc
[rosmaster.master][INFO] 2025-11-09 13:45:08,161: +PARAM [/xtion/rgb/image_rect_color/compressed/jpeg_quality] by /xtion/rgb/image_proc
[rosmaster.master][INFO] 2025-11-09 13:45:08,164: +PARAM [/xtion/rgb/image_rect_color/compressed/jpeg_progressive] by /xtion/rgb/image_proc
[rosmaster.master][INFO] 2025-11-09 13:45:08,167: +PARAM [/xtion/rgb/image_rect_color/compressed/jpeg_optimize] by /xtion/rgb/image_proc
[rosmaster.master][INFO] 2025-11-09 13:45:08,169: +PARAM [/xtion/rgb/image_rect_color/compressed/jpeg_restart_interval] by /xtion/rgb/image_proc
[rosmaster.master][INFO] 2025-11-09 13:45:08,171: +PARAM [/xtion/rgb/image_rect_color/compressed/png_level] by /xtion/rgb/image_proc
[rosmaster.master][INFO] 2025-11-09 13:45:08,173: +PARAM [/xtion/rgb/image_rect_color/compressed/format] by /xtion/rgb/image_proc
[rosmaster.master][INFO] 2025-11-09 13:45:08,176: +PUB [/joy_turbo_angular_increase/status] /joystick_relay http://127.0.0.1:34295/
[rosmaster.master][INFO] 2025-11-09 13:45:08,177: +PARAM [/xtion/rgb/image_rect_color/compressed/jpeg_quality] by /xtion/rgb/image_proc
[rosmaster.master][INFO] 2025-11-09 13:45:08,180: +PARAM [/xtion/rgb/image_rect_color/compressed/jpeg_progressive] by /xtion/rgb/image_proc
[rosmaster.master][INFO] 2025-11-09 13:45:08,181: +PUB [/joy_turbo_angular_increase/result] /joystick_relay http://127.0.0.1:34295/
[rosmaster.master][INFO] 2025-11-09 13:45:08,188: +PARAM [/xtion/rgb/image_rect_color/compressed/jpeg_optimize] by /xtion/rgb/image_proc
[rosmaster.master][INFO] 2025-11-09 13:45:08,189: +PUB [/joy_turbo_angular_increase/feedback] /joystick_relay http://127.0.0.1:34295/
[rosmaster.master][INFO] 2025-11-09 13:45:08,191: +PARAM [/xtion/rgb/image_rect_color/compressed/jpeg_restart_interval] by /xtion/rgb/image_proc
[rosmaster.master][INFO] 2025-11-09 13:45:08,191: +PARAM [/xtion/rgb/image_rect_color/compressed/png_level] by /xtion/rgb/image_proc
[rosmaster.master][INFO] 2025-11-09 13:45:08,195: +PUB [/xtion/rgb/image_rect_color] /xtion/rgb/image_proc http://127.0.0.1:45501/
[rosmaster.master][INFO] 2025-11-09 13:45:08,200: +PUB [/xtion/rgb/image_rect_color/theora] /xtion/rgb/image_proc http://127.0.0.1:45501/
[rosmaster.master][INFO] 2025-11-09 13:45:08,204: +SERVICE [/xtion/rgb/image_rect_color/theora/set_parameters] /xtion/rgb/image_proc http://127.0.0.1:45501/
[rosmaster.master][INFO] 2025-11-09 13:45:08,205: +SUB [/joy_turbo_angular_increase/goal] /joystick_relay http://127.0.0.1:34295/
[rosmaster.master][INFO] 2025-11-09 13:45:08,206: +PUB [/xtion/rgb/image_rect_color/theora/parameter_descriptions] /xtion/rgb/image_proc http://127.0.0.1:45501/
[rosmaster.master][INFO] 2025-11-09 13:45:08,208: +SUB [/joy_turbo_angular_increase/cancel] /joystick_relay http://127.0.0.1:34295/
[rosmaster.master][INFO] 2025-11-09 13:45:08,209: +PUB [/xtion/rgb/image_rect_color/theora/parameter_updates] /xtion/rgb/image_proc http://127.0.0.1:45501/
[rosmaster.master][INFO] 2025-11-09 13:45:08,217: +PARAM [/xtion/rgb/image_rect_color/theora/optimize_for] by /xtion/rgb/image_proc
[rosmaster.master][INFO] 2025-11-09 13:45:08,219: +PARAM [/xtion/rgb/image_rect_color/theora/target_bitrate] by /xtion/rgb/image_proc
[rosmaster.master][INFO] 2025-11-09 13:45:08,224: +PUB [/joy_turbo_angular_decrease/status] /joystick_relay http://127.0.0.1:34295/
[rosmaster.master][INFO] 2025-11-09 13:45:08,225: +PARAM [/xtion/rgb/image_rect_color/theora/quality] by /xtion/rgb/image_proc
[rosmaster.master][INFO] 2025-11-09 13:45:08,226: +PARAM [/xtion/rgb/image_rect_color/theora/keyframe_frequency] by /xtion/rgb/image_proc
[rosmaster.master][INFO] 2025-11-09 13:45:08,227: +PARAM [/xtion/rgb/image_rect_color/theora/optimize_for] by /xtion/rgb/image_proc
[rosmaster.master][INFO] 2025-11-09 13:45:08,228: +PARAM [/xtion/rgb/image_rect_color/theora/target_bitrate] by /xtion/rgb/image_proc
[rosmaster.master][INFO] 2025-11-09 13:45:08,229: +PUB [/joy_turbo_angular_decrease/result] /joystick_relay http://127.0.0.1:34295/
[rosmaster.master][INFO] 2025-11-09 13:45:08,231: +PARAM [/xtion/rgb/image_rect_color/theora/quality] by /xtion/rgb/image_proc
[rosmaster.master][INFO] 2025-11-09 13:45:08,232: +PARAM [/xtion/rgb/image_rect_color/theora/keyframe_frequency] by /xtion/rgb/image_proc
[rosmaster.master][INFO] 2025-11-09 13:45:08,236: +PUB [/joy_turbo_angular_decrease/feedback] /joystick_relay http://127.0.0.1:34295/
[rosmaster.master][INFO] 2025-11-09 13:45:08,241: +CACHEDPARAM [/rosout_disable_topics_generation] by /xtion/rgb/image_proc
[rosmaster.master][INFO] 2025-11-09 13:45:08,252: +SUB [/joy_turbo_angular_decrease/goal] /joystick_relay http://127.0.0.1:34295/
[rosmaster.master][INFO] 2025-11-09 13:45:08,261: +SUB [/joy_turbo_angular_decrease/cancel] /joystick_relay http://127.0.0.1:34295/
[rosmaster.master][INFO] 2025-11-09 13:45:08,282: +PUB [/joy_turbo_reset/status] /joystick_relay http://127.0.0.1:34295/
[rosmaster.master][INFO] 2025-11-09 13:45:08,284: +PUB [/joy_turbo_reset/result] /joystick_relay http://127.0.0.1:34295/
[rosmaster.master][INFO] 2025-11-09 13:45:08,287: +PUB [/joy_turbo_reset/feedback] /joystick_relay http://127.0.0.1:34295/
[rosmaster.master][INFO] 2025-11-09 13:45:08,292: +SUB [/joy_turbo_reset/goal] /joystick_relay http://127.0.0.1:34295/
[rosmaster.master][INFO] 2025-11-09 13:45:08,297: +SUB [/joy_turbo_reset/cancel] /joystick_relay http://127.0.0.1:34295/
[rosmaster.master][INFO] 2025-11-09 13:45:08,303: +SERVICE [/move_group/planning_scene_monitor/set_parameters] /move_group http://127.0.0.1:44663/
[rosmaster.master][INFO] 2025-11-09 13:45:08,306: +PUB [/move_group/planning_scene_monitor/parameter_descriptions] /move_group http://127.0.0.1:44663/
[rosmaster.master][INFO] 2025-11-09 13:45:08,309: +PUB [/move_group/planning_scene_monitor/parameter_updates] /move_group http://127.0.0.1:44663/
[rosmaster.master][INFO] 2025-11-09 13:45:08,310: +PUB [/trajectory_execution_event] /play_motion http://127.0.0.1:43311/
[rosmaster.master][INFO] 2025-11-09 13:45:08,311: +PUB [/attached_collision_object] /play_motion http://127.0.0.1:43311/
[rosmaster.master][INFO] 2025-11-09 13:45:08,313: +PARAM [/move_group/planning_scene_monitor/publish_planning_scene] by /move_group
[rosmaster.master][INFO] 2025-11-09 13:45:08,314: +PARAM [/move_group/planning_scene_monitor/publish_planning_scene_hz] by /move_group
[rosmaster.master][INFO] 2025-11-09 13:45:08,314: +PARAM [/move_group/planning_scene_monitor/publish_geometry_updates] by /move_group
[rosmaster.master][INFO] 2025-11-09 13:45:08,315: +PARAM [/move_group/planning_scene_monitor/publish_state_updates] by /move_group
[rosmaster.master][INFO] 2025-11-09 13:45:08,315: +PARAM [/move_group/planning_scene_monitor/publish_transforms_updates] by /move_group
[rosmaster.master][INFO] 2025-11-09 13:45:08,316: +PUB [/move_group/monitored_planning_scene] /move_group http://127.0.0.1:44663/
[rosmaster.master][INFO] 2025-11-09 13:45:08,318: +PARAM [/move_group/planning_scene_monitor/publish_planning_scene] by /move_group
[rosmaster.master][INFO] 2025-11-09 13:45:08,318: +PARAM [/move_group/planning_scene_monitor/publish_planning_scene_hz] by /move_group
[rosmaster.master][INFO] 2025-11-09 13:45:08,319: +PARAM [/move_group/planning_scene_monitor/publish_geometry_updates] by /move_group
[rosmaster.master][INFO] 2025-11-09 13:45:08,319: +PARAM [/move_group/planning_scene_monitor/publish_state_updates] by /move_group
[rosmaster.master][INFO] 2025-11-09 13:45:08,320: +PARAM [/move_group/planning_scene_monitor/publish_transforms_updates] by /move_group
[rosmaster.master][INFO] 2025-11-09 13:45:08,324: +SUB [/joint_states] /move_group http://127.0.0.1:44663/
[rosmaster.master][INFO] 2025-11-09 13:45:08,327: +SUB [/attached_collision_object] /move_group http://127.0.0.1:44663/
[rosmaster.master][INFO] 2025-11-09 13:45:08,338: +SUB [/planning_scene] /move_group http://127.0.0.1:44663/
[rosmaster.master][INFO] 2025-11-09 13:45:08,344: +SUB [/collision_object] /move_group http://127.0.0.1:44663/
[rosmaster.master][INFO] 2025-11-09 13:45:08,350: +SUB [/planning_scene_world] /move_group http://127.0.0.1:44663/
[rosmaster.master][INFO] 2025-11-09 13:45:08,351: +SERVICE [/move_group/save_map] /move_group http://127.0.0.1:44663/
[rosmaster.master][INFO] 2025-11-09 13:45:08,354: +SERVICE [/move_group/load_map] /move_group http://127.0.0.1:44663/
[rosmaster.master][INFO] 2025-11-09 13:45:08,410: +PUB [/rosout] /gazebo http://127.0.0.1:36161/
[rosmaster.master][INFO] 2025-11-09 13:45:08,411: +SERVICE [/gazebo/get_loggers] /gazebo http://127.0.0.1:36161/
[rosmaster.master][INFO] 2025-11-09 13:45:08,412: +SERVICE [/gazebo/set_logger_level] /gazebo http://127.0.0.1:36161/
[rosmaster.master][INFO] 2025-11-09 13:45:08,414: publisherUpdate[/rosout] -> http://127.0.0.1:38111/ ['http://127.0.0.1:33809/', 'http://127.0.0.1:37143/', 'http://127.0.0.1:35867/', 'http://127.0.0.1:44717/', 'http://127.0.0.1:37473/', 'http://127.0.0.1:44663/', 'http://127.0.0.1:43311/', 'http://127.0.0.1:42601/', 'http://127.0.0.1:43281/', 'http://127.0.0.1:45501/', 'http://127.0.0.1:45361/', 'http://127.0.0.1:36459/', 'http://127.0.0.1:42031/', 'http://127.0.0.1:32969/', 'http://127.0.0.1:34295/', 'http://127.0.0.1:35215/', 'http://127.0.0.1:36161/']
[rosmaster.master][INFO] 2025-11-09 13:45:08,415: publisherUpdate[/rosout] -> http://127.0.0.1:38111/ ['http://127.0.0.1:33809/', 'http://127.0.0.1:37143/', 'http://127.0.0.1:35867/', 'http://127.0.0.1:44717/', 'http://127.0.0.1:37473/', 'http://127.0.0.1:44663/', 'http://127.0.0.1:43311/', 'http://127.0.0.1:42601/', 'http://127.0.0.1:43281/', 'http://127.0.0.1:45501/', 'http://127.0.0.1:45361/', 'http://127.0.0.1:36459/', 'http://127.0.0.1:42031/', 'http://127.0.0.1:32969/', 'http://127.0.0.1:34295/', 'http://127.0.0.1:35215/', 'http://127.0.0.1:36161/']: sec=0.00, result=[1, '', 0]
[rosmaster.master][INFO] 2025-11-09 13:45:08,417: +SUB [/clock] /gazebo http://127.0.0.1:36161/
[rosmaster.master][INFO] 2025-11-09 13:45:08,420: +CACHEDPARAM [/rosout_disable_topics_generation] by /gazebo
[rosmaster.master][INFO] 2025-11-09 13:45:08,462: +SERVICE [/move_group/ompl/set_parameters] /move_group http://127.0.0.1:44663/
[rosmaster.master][INFO] 2025-11-09 13:45:08,463: +PUB [/move_group/ompl/parameter_descriptions] /move_group http://127.0.0.1:44663/
[rosmaster.master][INFO] 2025-11-09 13:45:08,464: +PUB [/move_group/ompl/parameter_updates] /move_group http://127.0.0.1:44663/
[rosmaster.master][INFO] 2025-11-09 13:45:08,467: +PARAM [/move_group/ompl/simplify_solutions] by /move_group
[rosmaster.master][INFO] 2025-11-09 13:45:08,467: +PARAM [/move_group/ompl/minimum_waypoint_count] by /move_group
[rosmaster.master][INFO] 2025-11-09 13:45:08,468: +PARAM [/move_group/ompl/maximum_waypoint_distance] by /move_group
[rosmaster.master][INFO] 2025-11-09 13:45:08,468: +PARAM [/move_group/ompl/link_for_exploration_tree] by /move_group
[rosmaster.master][INFO] 2025-11-09 13:45:08,468: +PARAM [/move_group/ompl/display_random_valid_states] by /move_group
[rosmaster.master][INFO] 2025-11-09 13:45:08,469: +PARAM [/move_group/ompl/simplify_solutions] by /move_group
[rosmaster.master][INFO] 2025-11-09 13:45:08,469: +PARAM [/move_group/ompl/minimum_waypoint_count] by /move_group
[rosmaster.master][INFO] 2025-11-09 13:45:08,470: +PARAM [/move_group/ompl/maximum_waypoint_distance] by /move_group
[rosmaster.master][INFO] 2025-11-09 13:45:08,470: +PARAM [/move_group/ompl/link_for_exploration_tree] by /move_group
[rosmaster.master][INFO] 2025-11-09 13:45:08,471: +PARAM [/move_group/ompl/display_random_valid_states] by /move_group
[rosmaster.master][INFO] 2025-11-09 13:45:08,480: +PUB [/move_group/display_planned_path] /move_group http://127.0.0.1:44663/
[rosmaster.master][INFO] 2025-11-09 13:45:08,481: +PUB [/move_group/display_contacts] /move_group http://127.0.0.1:44663/
[rosmaster.master][INFO] 2025-11-09 13:45:08,542: +PUB [/rosout] /hand_controller_spawner http://127.0.0.1:41009/
[rosmaster.master][INFO] 2025-11-09 13:45:08,544: +SUB [/clock] /hand_controller_spawner http://127.0.0.1:41009/
[rosmaster.master][INFO] 2025-11-09 13:45:08,546: +SERVICE [/hand_controller_spawner/get_loggers] /hand_controller_spawner http://127.0.0.1:41009/
[rosmaster.master][INFO] 2025-11-09 13:45:08,546: +SERVICE [/hand_controller_spawner/set_logger_level] /hand_controller_spawner http://127.0.0.1:41009/
[rosmaster.master][INFO] 2025-11-09 13:45:08,547: +CACHEDPARAM [/rosout_disable_topics_generation] by /hand_controller_spawner
[rosmaster.master][INFO] 2025-11-09 13:45:08,559: publisherUpdate[/rosout] -> http://127.0.0.1:38111/ ['http://127.0.0.1:33809/', 'http://127.0.0.1:37143/', 'http://127.0.0.1:35867/', 'http://127.0.0.1:44717/', 'http://127.0.0.1:37473/', 'http://127.0.0.1:44663/', 'http://127.0.0.1:43311/', 'http://127.0.0.1:42601/', 'http://127.0.0.1:43281/', 'http://127.0.0.1:45501/', 'http://127.0.0.1:45361/', 'http://127.0.0.1:36459/', 'http://127.0.0.1:42031/', 'http://127.0.0.1:32969/', 'http://127.0.0.1:34295/', 'http://127.0.0.1:35215/', 'http://127.0.0.1:36161/', 'http://127.0.0.1:41009/']
[rosmaster.master][INFO] 2025-11-09 13:45:08,560: publisherUpdate[/rosout] -> http://127.0.0.1:38111/ ['http://127.0.0.1:33809/', 'http://127.0.0.1:37143/', 'http://127.0.0.1:35867/', 'http://127.0.0.1:44717/', 'http://127.0.0.1:37473/', 'http://127.0.0.1:44663/', 'http://127.0.0.1:43311/', 'http://127.0.0.1:42601/', 'http://127.0.0.1:43281/', 'http://127.0.0.1:45501/', 'http://127.0.0.1:45361/', 'http://127.0.0.1:36459/', 'http://127.0.0.1:42031/', 'http://127.0.0.1:32969/', 'http://127.0.0.1:34295/', 'http://127.0.0.1:35215/', 'http://127.0.0.1:36161/', 'http://127.0.0.1:41009/']: sec=0.00, result=[1, '', 0]
[rosmaster.master][INFO] 2025-11-09 13:45:08,561: +PUB [/rosout] /bringup_controllers_spawner_ft http://127.0.0.1:34171/
[rosmaster.master][INFO] 2025-11-09 13:45:08,562: +PUB [/rosout] /default_controllers_spawner http://127.0.0.1:39981/
[rosmaster.master][INFO] 2025-11-09 13:45:08,564: +SUB [/clock] /bringup_controllers_spawner_ft http://127.0.0.1:34171/
[rosmaster.master][INFO] 2025-11-09 13:45:08,565: +SUB [/clock] /default_controllers_spawner http://127.0.0.1:39981/
[rosmaster.master][INFO] 2025-11-09 13:45:08,566: +SERVICE [/bringup_controllers_spawner_ft/get_loggers] /bringup_controllers_spawner_ft http://127.0.0.1:34171/
[rosmaster.master][INFO] 2025-11-09 13:45:08,566: +SERVICE [/default_controllers_spawner/get_loggers] /default_controllers_spawner http://127.0.0.1:39981/
[rosmaster.master][INFO] 2025-11-09 13:45:08,567: +SERVICE [/bringup_controllers_spawner_ft/set_logger_level] /bringup_controllers_spawner_ft http://127.0.0.1:34171/
[rosmaster.master][INFO] 2025-11-09 13:45:08,567: +SERVICE [/default_controllers_spawner/set_logger_level] /default_controllers_spawner http://127.0.0.1:39981/
[rosmaster.master][INFO] 2025-11-09 13:45:08,568: +CACHEDPARAM [/rosout_disable_topics_generation] by /bringup_controllers_spawner_ft
[rosmaster.master][INFO] 2025-11-09 13:45:08,569: +CACHEDPARAM [/rosout_disable_topics_generation] by /default_controllers_spawner
[rosmaster.master][INFO] 2025-11-09 13:45:08,605: +PUB [/rosout] /bringup_controllers_spawner_imu http://127.0.0.1:37559/
[rosmaster.master][INFO] 2025-11-09 13:45:08,607: +SUB [/clock] /bringup_controllers_spawner_imu http://127.0.0.1:37559/
[rosmaster.master][INFO] 2025-11-09 13:45:08,608: +SERVICE [/bringup_controllers_spawner_imu/get_loggers] /bringup_controllers_spawner_imu http://127.0.0.1:37559/
[rosmaster.master][INFO] 2025-11-09 13:45:08,609: +SERVICE [/bringup_controllers_spawner_imu/set_logger_level] /bringup_controllers_spawner_imu http://127.0.0.1:37559/
[rosmaster.master][INFO] 2025-11-09 13:45:08,610: +CACHEDPARAM [/rosout_disable_topics_generation] by /bringup_controllers_spawner_imu
[rosmaster.master][INFO] 2025-11-09 13:45:08,615: publisherUpdate[/rosout] -> http://127.0.0.1:38111/ ['http://127.0.0.1:33809/', 'http://127.0.0.1:37143/', 'http://127.0.0.1:35867/', 'http://127.0.0.1:44717/', 'http://127.0.0.1:37473/', 'http://127.0.0.1:44663/', 'http://127.0.0.1:43311/', 'http://127.0.0.1:42601/', 'http://127.0.0.1:43281/', 'http://127.0.0.1:45501/', 'http://127.0.0.1:45361/', 'http://127.0.0.1:36459/', 'http://127.0.0.1:42031/', 'http://127.0.0.1:32969/', 'http://127.0.0.1:34295/', 'http://127.0.0.1:35215/', 'http://127.0.0.1:36161/', 'http://127.0.0.1:41009/', 'http://127.0.0.1:34171/']
[rosmaster.master][INFO] 2025-11-09 13:45:08,617: publisherUpdate[/rosout] -> http://127.0.0.1:38111/ ['http://127.0.0.1:33809/', 'http://127.0.0.1:37143/', 'http://127.0.0.1:35867/', 'http://127.0.0.1:44717/', 'http://127.0.0.1:37473/', 'http://127.0.0.1:44663/', 'http://127.0.0.1:43311/', 'http://127.0.0.1:42601/', 'http://127.0.0.1:43281/', 'http://127.0.0.1:45501/', 'http://127.0.0.1:45361/', 'http://127.0.0.1:36459/', 'http://127.0.0.1:42031/', 'http://127.0.0.1:32969/', 'http://127.0.0.1:34295/', 'http://127.0.0.1:35215/', 'http://127.0.0.1:36161/', 'http://127.0.0.1:41009/', 'http://127.0.0.1:34171/']: sec=0.00, result=[1, '', 0]
[rosmaster.master][INFO] 2025-11-09 13:45:08,617: publisherUpdate[/rosout] -> http://127.0.0.1:38111/ ['http://127.0.0.1:33809/', 'http://127.0.0.1:37143/', 'http://127.0.0.1:35867/', 'http://127.0.0.1:44717/', 'http://127.0.0.1:37473/', 'http://127.0.0.1:44663/', 'http://127.0.0.1:43311/', 'http://127.0.0.1:42601/', 'http://127.0.0.1:43281/', 'http://127.0.0.1:45501/', 'http://127.0.0.1:45361/', 'http://127.0.0.1:36459/', 'http://127.0.0.1:42031/', 'http://127.0.0.1:32969/', 'http://127.0.0.1:34295/', 'http://127.0.0.1:35215/', 'http://127.0.0.1:36161/', 'http://127.0.0.1:41009/', 'http://127.0.0.1:34171/', 'http://127.0.0.1:39981/']
[rosmaster.master][INFO] 2025-11-09 13:45:08,618: publisherUpdate[/rosout] -> http://127.0.0.1:38111/ ['http://127.0.0.1:33809/', 'http://127.0.0.1:37143/', 'http://127.0.0.1:35867/', 'http://127.0.0.1:44717/', 'http://127.0.0.1:37473/', 'http://127.0.0.1:44663/', 'http://127.0.0.1:43311/', 'http://127.0.0.1:42601/', 'http://127.0.0.1:43281/', 'http://127.0.0.1:45501/', 'http://127.0.0.1:45361/', 'http://127.0.0.1:36459/', 'http://127.0.0.1:42031/', 'http://127.0.0.1:32969/', 'http://127.0.0.1:34295/', 'http://127.0.0.1:35215/', 'http://127.0.0.1:36161/', 'http://127.0.0.1:41009/', 'http://127.0.0.1:34171/', 'http://127.0.0.1:39981/']: sec=0.00, result=[1, '', 0]
[rosmaster.master][INFO] 2025-11-09 13:45:08,618: publisherUpdate[/rosout] -> http://127.0.0.1:38111/ ['http://127.0.0.1:33809/', 'http://127.0.0.1:37143/', 'http://127.0.0.1:35867/', 'http://127.0.0.1:44717/', 'http://127.0.0.1:37473/', 'http://127.0.0.1:44663/', 'http://127.0.0.1:43311/', 'http://127.0.0.1:42601/', 'http://127.0.0.1:43281/', 'http://127.0.0.1:45501/', 'http://127.0.0.1:45361/', 'http://127.0.0.1:36459/', 'http://127.0.0.1:42031/', 'http://127.0.0.1:32969/', 'http://127.0.0.1:34295/', 'http://127.0.0.1:35215/', 'http://127.0.0.1:36161/', 'http://127.0.0.1:41009/', 'http://127.0.0.1:34171/', 'http://127.0.0.1:39981/', 'http://127.0.0.1:37559/']
[rosmaster.master][INFO] 2025-11-09 13:45:08,620: publisherUpdate[/rosout] -> http://127.0.0.1:38111/ ['http://127.0.0.1:33809/', 'http://127.0.0.1:37143/', 'http://127.0.0.1:35867/', 'http://127.0.0.1:44717/', 'http://127.0.0.1:37473/', 'http://127.0.0.1:44663/', 'http://127.0.0.1:43311/', 'http://127.0.0.1:42601/', 'http://127.0.0.1:43281/', 'http://127.0.0.1:45501/', 'http://127.0.0.1:45361/', 'http://127.0.0.1:36459/', 'http://127.0.0.1:42031/', 'http://127.0.0.1:32969/', 'http://127.0.0.1:34295/', 'http://127.0.0.1:35215/', 'http://127.0.0.1:36161/', 'http://127.0.0.1:41009/', 'http://127.0.0.1:34171/', 'http://127.0.0.1:39981/', 'http://127.0.0.1:37559/']: sec=0.00, result=[1, '', 0]
[rosmaster.master][INFO] 2025-11-09 13:45:09,157: +PUB [/clock] /gazebo http://127.0.0.1:36161/
[rosmaster.master][INFO] 2025-11-09 13:45:09,158: +SERVICE [/gazebo/spawn_sdf_model] /gazebo http://127.0.0.1:36161/
[rosmaster.master][INFO] 2025-11-09 13:45:09,159: +SERVICE [/gazebo/spawn_urdf_model] /gazebo http://127.0.0.1:36161/
[rosmaster.master][INFO] 2025-11-09 13:45:09,159: +SERVICE [/gazebo/delete_model] /gazebo http://127.0.0.1:36161/
[rosmaster.master][INFO] 2025-11-09 13:45:09,160: +SERVICE [/gazebo/delete_light] /gazebo http://127.0.0.1:36161/
[rosmaster.master][INFO] 2025-11-09 13:45:09,160: +SERVICE [/gazebo/get_model_properties] /gazebo http://127.0.0.1:36161/
[rosmaster.master][INFO] 2025-11-09 13:45:09,161: publisherUpdate[/clock] -> http://127.0.0.1:38111/ ['http://127.0.0.1:36161/']
[rosmaster.master][INFO] 2025-11-09 13:45:09,161: +SERVICE [/gazebo/get_model_state] /gazebo http://127.0.0.1:36161/
[rosmaster.master][INFO] 2025-11-09 13:45:09,161: publisherUpdate[/clock] -> http://127.0.0.1:33809/ ['http://127.0.0.1:36161/']
[rosmaster.master][INFO] 2025-11-09 13:45:09,162: publisherUpdate[/clock] -> http://127.0.0.1:38111/ ['http://127.0.0.1:36161/']: sec=0.00, result=[1, '', 0]
[rosmaster.master][INFO] 2025-11-09 13:45:09,162: publisherUpdate[/clock] -> http://127.0.0.1:37143/ ['http://127.0.0.1:36161/']
[rosmaster.master][INFO] 2025-11-09 13:45:09,163: +SERVICE [/gazebo/get_world_properties] /gazebo http://127.0.0.1:36161/
[rosmaster.master][INFO] 2025-11-09 13:45:09,164: +CACHEDPARAM [/rosout_disable_topics_generation] by /spawn_model
[rosmaster.master][INFO] 2025-11-09 13:45:09,167: +SERVICE [/gazebo/get_joint_properties] /gazebo http://127.0.0.1:36161/
[rosmaster.master][INFO] 2025-11-09 13:45:09,168: +SERVICE [/gazebo/get_link_properties] /gazebo http://127.0.0.1:36161/
[rosmaster.master][INFO] 2025-11-09 13:45:09,174: +SERVICE [/gazebo/get_link_state] /gazebo http://127.0.0.1:36161/
[rosmaster.master][INFO] 2025-11-09 13:45:09,178: +SERVICE [/gazebo/get_light_properties] /gazebo http://127.0.0.1:36161/
[rosmaster.master][INFO] 2025-11-09 13:45:09,180: +SERVICE [/gazebo/set_light_properties] /gazebo http://127.0.0.1:36161/
[rosmaster.master][INFO] 2025-11-09 13:45:09,181: +SERVICE [/gazebo/get_physics_properties] /gazebo http://127.0.0.1:36161/
[rosmaster.master][INFO] 2025-11-09 13:45:09,182: +PUB [/gazebo/link_states] /gazebo http://127.0.0.1:36161/
[rosmaster.master][INFO] 2025-11-09 13:45:09,183: +PUB [/gazebo/model_states] /gazebo http://127.0.0.1:36161/
[rosmaster.master][INFO] 2025-11-09 13:45:09,184: +SERVICE [/gazebo/set_link_properties] /gazebo http://127.0.0.1:36161/
[rosmaster.master][INFO] 2025-11-09 13:45:09,184: +SERVICE [/gazebo/set_physics_properties] /gazebo http://127.0.0.1:36161/
[rosmaster.master][INFO] 2025-11-09 13:45:09,185: +SERVICE [/gazebo/set_model_state] /gazebo http://127.0.0.1:36161/
[rosmaster.master][INFO] 2025-11-09 13:45:09,186: +SERVICE [/gazebo/set_model_configuration] /gazebo http://127.0.0.1:36161/
[rosmaster.master][INFO] 2025-11-09 13:45:09,186: +SERVICE [/gazebo/set_joint_properties] /gazebo http://127.0.0.1:36161/
[rosmaster.master][INFO] 2025-11-09 13:45:09,187: +SERVICE [/gazebo/set_link_state] /gazebo http://127.0.0.1:36161/
[rosmaster.master][INFO] 2025-11-09 13:45:09,190: +SUB [/gazebo/set_link_state] /gazebo http://127.0.0.1:36161/
[rosmaster.master][INFO] 2025-11-09 13:45:09,193: +SUB [/gazebo/set_model_state] /gazebo http://127.0.0.1:36161/
[rosmaster.master][INFO] 2025-11-09 13:45:09,195: +SERVICE [/gazebo/pause_physics] /gazebo http://127.0.0.1:36161/
[rosmaster.master][INFO] 2025-11-09 13:45:09,196: +SERVICE [/gazebo/unpause_physics] /gazebo http://127.0.0.1:36161/
[rosmaster.master][INFO] 2025-11-09 13:45:09,196: publisherUpdate[/clock] -> http://127.0.0.1:37143/ ['http://127.0.0.1:36161/']: sec=0.03, result=[1, '', 0]
[rosmaster.master][INFO] 2025-11-09 13:45:09,197: publisherUpdate[/clock] -> http://127.0.0.1:33809/ ['http://127.0.0.1:36161/']: sec=0.04, result=[1, '', 0]
[rosmaster.master][INFO] 2025-11-09 13:45:09,197: publisherUpdate[/clock] -> http://127.0.0.1:35867/ ['http://127.0.0.1:36161/']
[rosmaster.master][INFO] 2025-11-09 13:45:09,198: +SERVICE [/gazebo/set_parameters] /gazebo http://127.0.0.1:36161/
[rosmaster.master][INFO] 2025-11-09 13:45:09,198: publisherUpdate[/clock] -> http://127.0.0.1:44717/ ['http://127.0.0.1:36161/']
[rosmaster.master][INFO] 2025-11-09 13:45:09,199: +SERVICE [/gazebo/apply_body_wrench] /gazebo http://127.0.0.1:36161/
[rosmaster.master][INFO] 2025-11-09 13:45:09,200: +PUB [/gazebo/parameter_descriptions] /gazebo http://127.0.0.1:36161/
[rosmaster.master][INFO] 2025-11-09 13:45:09,201: +SERVICE [/gazebo/apply_joint_effort] /gazebo http://127.0.0.1:36161/
[rosmaster.master][INFO] 2025-11-09 13:45:09,203: +PUB [/gazebo/parameter_updates] /gazebo http://127.0.0.1:36161/
[rosmaster.master][INFO] 2025-11-09 13:45:09,203: +SERVICE [/gazebo/clear_joint_forces] /gazebo http://127.0.0.1:36161/
[rosmaster.master][INFO] 2025-11-09 13:45:09,204: +SERVICE [/gazebo/clear_body_wrenches] /gazebo http://127.0.0.1:36161/
[rosmaster.master][INFO] 2025-11-09 13:45:09,206: +SERVICE [/gazebo/reset_simulation] /gazebo http://127.0.0.1:36161/
[rosmaster.master][INFO] 2025-11-09 13:45:09,207: +SERVICE [/gazebo/reset_world] /gazebo http://127.0.0.1:36161/
[rosmaster.master][INFO] 2025-11-09 13:45:09,222: +PARAM [/gazebo/time_step] by /gazebo
[rosmaster.master][INFO] 2025-11-09 13:45:09,223: publisherUpdate[/clock] -> http://127.0.0.1:37473/ ['http://127.0.0.1:36161/']
[rosmaster.master][INFO] 2025-11-09 13:45:09,224: +PARAM [/gazebo/max_update_rate] by /gazebo
[rosmaster.master][INFO] 2025-11-09 13:45:09,228: +PARAM [/gazebo/gravity_x] by /gazebo
[rosmaster.master][INFO] 2025-11-09 13:45:09,232: publisherUpdate[/clock] -> http://127.0.0.1:35867/ ['http://127.0.0.1:36161/']: sec=0.03, result=[1, '', 0]
[rosmaster.master][INFO] 2025-11-09 13:45:09,233: publisherUpdate[/clock] -> http://127.0.0.1:44663/ ['http://127.0.0.1:36161/']
[rosmaster.master][INFO] 2025-11-09 13:45:09,234: publisherUpdate[/clock] -> http://127.0.0.1:44717/ ['http://127.0.0.1:36161/']: sec=0.04, result=[1, '', 0]
[rosmaster.master][INFO] 2025-11-09 13:45:09,234: publisherUpdate[/clock] -> http://127.0.0.1:43311/ ['http://127.0.0.1:36161/']
[rosmaster.master][INFO] 2025-11-09 13:45:09,234: +PARAM [/gazebo/gravity_y] by /gazebo
[rosmaster.master][INFO] 2025-11-09 13:45:09,237: +PARAM [/gazebo/gravity_z] by /gazebo
[rosmaster.master][INFO] 2025-11-09 13:45:09,238: +PARAM [/gazebo/auto_disable_bodies] by /gazebo
[rosmaster.master][INFO] 2025-11-09 13:45:09,239: +PARAM [/gazebo/sor_pgs_precon_iters] by /gazebo
[rosmaster.master][INFO] 2025-11-09 13:45:09,240: +PARAM [/gazebo/sor_pgs_iters] by /gazebo
[rosmaster.master][INFO] 2025-11-09 13:45:09,241: +PARAM [/gazebo/sor_pgs_w] by /gazebo
[rosmaster.master][INFO] 2025-11-09 13:45:09,241: +PARAM [/gazebo/sor_pgs_rms_error_tol] by /gazebo
[rosmaster.master][INFO] 2025-11-09 13:45:09,241: +PARAM [/gazebo/cfm] by /gazebo
[rosmaster.master][INFO] 2025-11-09 13:45:09,242: +PARAM [/gazebo/erp] by /gazebo
[rosmaster.master][INFO] 2025-11-09 13:45:09,242: +PARAM [/gazebo/contact_surface_layer] by /gazebo
[rosmaster.master][INFO] 2025-11-09 13:45:09,243: +PARAM [/gazebo/contact_max_correcting_vel] by /gazebo
[rosmaster.master][INFO] 2025-11-09 13:45:09,243: +PARAM [/gazebo/max_contacts] by /gazebo
[rosmaster.master][INFO] 2025-11-09 13:45:09,257: publisherUpdate[/clock] -> http://127.0.0.1:37473/ ['http://127.0.0.1:36161/']: sec=0.03, result=[1, '', 0]
[rosmaster.master][INFO] 2025-11-09 13:45:09,257: publisherUpdate[/clock] -> http://127.0.0.1:42601/ ['http://127.0.0.1:36161/']
[rosmaster.master][INFO] 2025-11-09 13:45:09,264: publisherUpdate[/clock] -> http://127.0.0.1:44663/ ['http://127.0.0.1:36161/']: sec=0.03, result=[1, '', 0]
[rosmaster.master][INFO] 2025-11-09 13:45:09,265: publisherUpdate[/clock] -> http://127.0.0.1:43281/ ['http://127.0.0.1:36161/']
[rosmaster.master][INFO] 2025-11-09 13:45:09,268: publisherUpdate[/clock] -> http://127.0.0.1:43311/ ['http://127.0.0.1:36161/']: sec=0.03, result=[1, '', 0]
[rosmaster.master][INFO] 2025-11-09 13:45:09,268: publisherUpdate[/clock] -> http://127.0.0.1:45501/ ['http://127.0.0.1:36161/']
[rosmaster.master][INFO] 2025-11-09 13:45:09,287: publisherUpdate[/clock] -> http://127.0.0.1:42601/ ['http://127.0.0.1:36161/']: sec=0.03, result=[1, '', 0]
[rosmaster.master][INFO] 2025-11-09 13:45:09,287: publisherUpdate[/clock] -> http://127.0.0.1:45361/ ['http://127.0.0.1:36161/']
[rosmaster.master][INFO] 2025-11-09 13:45:09,292: publisherUpdate[/clock] -> http://127.0.0.1:45501/ ['http://127.0.0.1:36161/']: sec=0.02, result=[1, '', 0]
[rosmaster.master][INFO] 2025-11-09 13:45:09,292: publisherUpdate[/clock] -> http://127.0.0.1:36459/ ['http://127.0.0.1:36161/']
[rosmaster.master][INFO] 2025-11-09 13:45:09,293: publisherUpdate[/clock] -> http://127.0.0.1:45361/ ['http://127.0.0.1:36161/']: sec=0.01, result=[1, '', 0]
[rosmaster.master][INFO] 2025-11-09 13:45:09,293: publisherUpdate[/clock] -> http://127.0.0.1:42031/ ['http://127.0.0.1:36161/']
[rosmaster.master][INFO] 2025-11-09 13:45:09,293: publisherUpdate[/clock] -> http://127.0.0.1:43281/ ['http://127.0.0.1:36161/']: sec=0.03, result=[1, '', 0]
[rosmaster.master][INFO] 2025-11-09 13:45:09,294: publisherUpdate[/clock] -> http://127.0.0.1:36459/ ['http://127.0.0.1:36161/']: sec=0.00, result=[1, '', 0]
[rosmaster.master][INFO] 2025-11-09 13:45:09,294: publisherUpdate[/clock] -> http://127.0.0.1:32969/ ['http://127.0.0.1:36161/']
[rosmaster.master][INFO] 2025-11-09 13:45:09,294: publisherUpdate[/clock] -> http://127.0.0.1:34295/ ['http://127.0.0.1:36161/']
[rosmaster.master][INFO] 2025-11-09 13:45:09,295: publisherUpdate[/clock] -> http://127.0.0.1:42031/ ['http://127.0.0.1:36161/']: sec=0.00, result=[1, '', 0]
[rosmaster.master][INFO] 2025-11-09 13:45:09,295: publisherUpdate[/clock] -> http://127.0.0.1:35215/ ['http://127.0.0.1:36161/']
[rosmaster.master][INFO] 2025-11-09 13:45:09,296: publisherUpdate[/clock] -> http://127.0.0.1:32969/ ['http://127.0.0.1:36161/']: sec=0.00, result=[1, '', 0]
[rosmaster.master][INFO] 2025-11-09 13:45:09,296: publisherUpdate[/clock] -> http://127.0.0.1:34295/ ['http://127.0.0.1:36161/']: sec=0.00, result=[1, '', 0]
[rosmaster.master][INFO] 2025-11-09 13:45:09,296: publisherUpdate[/clock] -> http://127.0.0.1:36161/ ['http://127.0.0.1:36161/']
[rosmaster.master][INFO] 2025-11-09 13:45:09,297: publisherUpdate[/clock] -> http://127.0.0.1:41009/ ['http://127.0.0.1:36161/']
[rosmaster.master][INFO] 2025-11-09 13:45:09,298: publisherUpdate[/clock] -> http://127.0.0.1:41009/ ['http://127.0.0.1:36161/']: sec=0.00, result=[1, '', 0]
[rosmaster.master][INFO] 2025-11-09 13:45:09,298: publisherUpdate[/clock] -> http://127.0.0.1:34171/ ['http://127.0.0.1:36161/']
[rosmaster.master][INFO] 2025-11-09 13:45:09,300: publisherUpdate[/clock] -> http://127.0.0.1:34171/ ['http://127.0.0.1:36161/']: sec=0.00, result=[1, '', 0]
[rosmaster.master][INFO] 2025-11-09 13:45:09,300: publisherUpdate[/clock] -> http://127.0.0.1:39981/ ['http://127.0.0.1:36161/']
[rosmaster.master][INFO] 2025-11-09 13:45:09,301: publisherUpdate[/clock] -> http://127.0.0.1:39981/ ['http://127.0.0.1:36161/']: sec=0.00, result=[1, '', 0]
[rosmaster.master][INFO] 2025-11-09 13:45:09,301: publisherUpdate[/clock] -> http://127.0.0.1:37559/ ['http://127.0.0.1:36161/']
[rosmaster.master][INFO] 2025-11-09 13:45:09,303: publisherUpdate[/clock] -> http://127.0.0.1:37559/ ['http://127.0.0.1:36161/']: sec=0.00, result=[1, '', 0]
[rosmaster.master][INFO] 2025-11-09 13:45:09,317: publisherUpdate[/clock] -> http://127.0.0.1:35215/ ['http://127.0.0.1:36161/']: sec=0.02, result=[1, '', 0]
[rosmaster.master][ERROR] 2025-11-09 13:45:10,542: Traceback (most recent call last):
  File "/opt/ros/noetic/lib/python3/dist-packages/rosmaster/master_api.py", line 177, in validated_f
    code, msg, val = f(*newArgs, **kwds)
  File "/opt/ros/noetic/lib/python3/dist-packages/rosmaster/master_api.py", line 435, in searchParam
    search_key = self.param_server.search_param(caller_id, key)
  File "/opt/ros/noetic/lib/python3/dist-packages/rosmaster/paramserver.py", line 116, in search_param
    raise ValueError("namespace must be global")
ValueError: namespace must be global

[rosmaster.master][INFO] 2025-11-09 13:45:10,544: +PUB [/scan_raw] /gazebo http://127.0.0.1:36161/
[rosmaster.master][INFO] 2025-11-09 13:45:10,561: +PUB [/sonar_base] /gazebo http://127.0.0.1:36161/
[rosmaster.master][INFO] 2025-11-09 13:45:10,608: publisherUpdate[/clock] -> http://127.0.0.1:36161/ ['http://127.0.0.1:36161/']: sec=1.31, result=[1, '', 0]
[rosmaster.master][INFO] 2025-11-09 13:45:10,702: +PARAM [/gazebo/time_step] by /gazebo
[rosmaster.master][INFO] 2025-11-09 13:45:10,702: +CACHEDPARAM [/rosout_disable_topics_generation] by /spawn_model
[rosmaster.master][INFO] 2025-11-09 13:45:10,703: +PARAM [/gazebo/max_update_rate] by /gazebo
[rosmaster.master][INFO] 2025-11-09 13:45:10,704: +PARAM [/gazebo/gravity_x] by /gazebo
[rosmaster.master][INFO] 2025-11-09 13:45:10,704: +PARAM [/gazebo/gravity_y] by /gazebo
[rosmaster.master][INFO] 2025-11-09 13:45:10,705: -SUB [/clock] /spawn_model http://127.0.0.1:45361/
[rosmaster.master][INFO] 2025-11-09 13:45:10,705: +PARAM [/gazebo/gravity_z] by /gazebo
[rosmaster.master][INFO] 2025-11-09 13:45:10,705: -PUB [/rosout] /spawn_model http://127.0.0.1:45361/
[rosmaster.master][INFO] 2025-11-09 13:45:10,706: -SERVICE [/spawn_model/get_loggers] /spawn_model rosrpc://127.0.0.1:40529
[rosmaster.master][INFO] 2025-11-09 13:45:10,706: -SERVICE [/spawn_model/set_logger_level] /spawn_model rosrpc://127.0.0.1:40529
[rosmaster.master][INFO] 2025-11-09 13:45:10,706: +PARAM [/gazebo/auto_disable_bodies] by /gazebo
[rosmaster.master][INFO] 2025-11-09 13:45:10,707: +PARAM [/gazebo/sor_pgs_precon_iters] by /gazebo
[rosmaster.master][INFO] 2025-11-09 13:45:10,707: +PARAM [/gazebo/sor_pgs_iters] by /gazebo
[rosmaster.master][INFO] 2025-11-09 13:45:10,708: +PARAM [/gazebo/sor_pgs_w] by /gazebo
[rosmaster.master][INFO] 2025-11-09 13:45:10,708: publisherUpdate[/rosout] -> http://127.0.0.1:38111/ ['http://127.0.0.1:33809/', 'http://127.0.0.1:37143/', 'http://127.0.0.1:35867/', 'http://127.0.0.1:44717/', 'http://127.0.0.1:37473/', 'http://127.0.0.1:44663/', 'http://127.0.0.1:43311/', 'http://127.0.0.1:42601/', 'http://127.0.0.1:43281/', 'http://127.0.0.1:45501/', 'http://127.0.0.1:36459/', 'http://127.0.0.1:42031/', 'http://127.0.0.1:32969/', 'http://127.0.0.1:34295/', 'http://127.0.0.1:35215/', 'http://127.0.0.1:36161/', 'http://127.0.0.1:41009/', 'http://127.0.0.1:34171/', 'http://127.0.0.1:39981/', 'http://127.0.0.1:37559/']
[rosmaster.master][INFO] 2025-11-09 13:45:10,709: +PARAM [/gazebo/sor_pgs_rms_error_tol] by /gazebo
[rosmaster.master][INFO] 2025-11-09 13:45:10,709: +PARAM [/gazebo/cfm] by /gazebo
[rosmaster.master][INFO] 2025-11-09 13:45:10,710: publisherUpdate[/rosout] -> http://127.0.0.1:38111/ ['http://127.0.0.1:33809/', 'http://127.0.0.1:37143/', 'http://127.0.0.1:35867/', 'http://127.0.0.1:44717/', 'http://127.0.0.1:37473/', 'http://127.0.0.1:44663/', 'http://127.0.0.1:43311/', 'http://127.0.0.1:42601/', 'http://127.0.0.1:43281/', 'http://127.0.0.1:45501/', 'http://127.0.0.1:36459/', 'http://127.0.0.1:42031/', 'http://127.0.0.1:32969/', 'http://127.0.0.1:34295/', 'http://127.0.0.1:35215/', 'http://127.0.0.1:36161/', 'http://127.0.0.1:41009/', 'http://127.0.0.1:34171/', 'http://127.0.0.1:39981/', 'http://127.0.0.1:37559/']: sec=0.00, result=[1, '', 0]
[rosmaster.master][INFO] 2025-11-09 13:45:10,710: +PARAM [/gazebo/erp] by /gazebo
[rosmaster.master][INFO] 2025-11-09 13:45:10,710: +PARAM [/gazebo/contact_surface_layer] by /gazebo
[rosmaster.master][INFO] 2025-11-09 13:45:10,711: +PARAM [/gazebo/contact_max_correcting_vel] by /gazebo
[rosmaster.master][INFO] 2025-11-09 13:45:10,711: +PARAM [/gazebo/max_contacts] by /gazebo
[rosmaster.master][INFO] 2025-11-09 13:45:10,818: +SERVICE [/xtion/set_camera_info] /gazebo http://127.0.0.1:36161/
[rosmaster.master][INFO] 2025-11-09 13:45:10,823: +SERVICE [/xtion/set_parameters] /gazebo http://127.0.0.1:36161/
[rosmaster.master][INFO] 2025-11-09 13:45:10,823: +PUB [/xtion/parameter_descriptions] /gazebo http://127.0.0.1:36161/
[rosmaster.master][INFO] 2025-11-09 13:45:10,824: +PUB [/xtion/parameter_updates] /gazebo http://127.0.0.1:36161/
[rosmaster.master][INFO] 2025-11-09 13:45:10,825: +PARAM [/xtion/imager_rate] by /gazebo
[rosmaster.master][INFO] 2025-11-09 13:45:10,826: +PARAM [/xtion/imager_rate] by /gazebo
[rosmaster.master][INFO] 2025-11-09 13:45:10,891: +PUB [/xtion/rgb/image_raw/compressedDepth] /gazebo http://127.0.0.1:36161/
[rosmaster.master][INFO] 2025-11-09 13:45:10,892: +SERVICE [/xtion/rgb/image_raw/compressedDepth/set_parameters] /gazebo http://127.0.0.1:36161/
[rosmaster.master][INFO] 2025-11-09 13:45:10,893: +PUB [/xtion/rgb/image_raw/compressedDepth/parameter_descriptions] /gazebo http://127.0.0.1:36161/
[rosmaster.master][INFO] 2025-11-09 13:45:10,893: +PUB [/xtion/rgb/image_raw/compressedDepth/parameter_updates] /gazebo http://127.0.0.1:36161/
[rosmaster.master][INFO] 2025-11-09 13:45:10,895: +PARAM [/xtion/rgb/image_raw/compressedDepth/format] by /gazebo
[rosmaster.master][INFO] 2025-11-09 13:45:10,896: +PARAM [/xtion/rgb/image_raw/compressedDepth/depth_max] by /gazebo
[rosmaster.master][INFO] 2025-11-09 13:45:10,896: +PARAM [/xtion/rgb/image_raw/compressedDepth/depth_quantization] by /gazebo
[rosmaster.master][INFO] 2025-11-09 13:45:10,897: +PARAM [/xtion/rgb/image_raw/compressedDepth/png_level] by /gazebo
[rosmaster.master][INFO] 2025-11-09 13:45:10,897: +PARAM [/xtion/rgb/image_raw/compressedDepth/format] by /gazebo
[rosmaster.master][INFO] 2025-11-09 13:45:10,898: +PARAM [/xtion/rgb/image_raw/compressedDepth/depth_max] by /gazebo
[rosmaster.master][INFO] 2025-11-09 13:45:10,898: +PARAM [/xtion/rgb/image_raw/compressedDepth/depth_quantization] by /gazebo
[rosmaster.master][INFO] 2025-11-09 13:45:10,899: +PARAM [/xtion/rgb/image_raw/compressedDepth/png_level] by /gazebo
[rosmaster.master][INFO] 2025-11-09 13:45:10,925: +PUB [/xtion/rgb/image_raw/compressed] /gazebo http://127.0.0.1:36161/
[rosmaster.master][INFO] 2025-11-09 13:45:10,926: +SERVICE [/xtion/rgb/image_raw/compressed/set_parameters] /gazebo http://127.0.0.1:36161/
[rosmaster.master][INFO] 2025-11-09 13:45:10,927: +PUB [/xtion/rgb/image_raw/compressed/parameter_descriptions] /gazebo http://127.0.0.1:36161/
[rosmaster.master][INFO] 2025-11-09 13:45:10,928: +PUB [/xtion/rgb/image_raw/compressed/parameter_updates] /gazebo http://127.0.0.1:36161/
[rosmaster.master][INFO] 2025-11-09 13:45:10,930: +PARAM [/xtion/rgb/image_raw/compressed/format] by /gazebo
[rosmaster.master][INFO] 2025-11-09 13:45:10,931: +PARAM [/xtion/rgb/image_raw/compressed/jpeg_quality] by /gazebo
[rosmaster.master][INFO] 2025-11-09 13:45:10,931: +PARAM [/xtion/rgb/image_raw/compressed/jpeg_progressive] by /gazebo
[rosmaster.master][INFO] 2025-11-09 13:45:10,932: +PARAM [/xtion/rgb/image_raw/compressed/jpeg_optimize] by /gazebo
[rosmaster.master][INFO] 2025-11-09 13:45:10,932: +PARAM [/xtion/rgb/image_raw/compressed/jpeg_restart_interval] by /gazebo
[rosmaster.master][INFO] 2025-11-09 13:45:10,933: +PARAM [/xtion/rgb/image_raw/compressed/png_level] by /gazebo
[rosmaster.master][INFO] 2025-11-09 13:45:10,933: +PARAM [/xtion/rgb/image_raw/compressed/format] by /gazebo
[rosmaster.master][INFO] 2025-11-09 13:45:10,934: +PARAM [/xtion/rgb/image_raw/compressed/jpeg_quality] by /gazebo
[rosmaster.master][INFO] 2025-11-09 13:45:10,934: +PARAM [/xtion/rgb/image_raw/compressed/jpeg_progressive] by /gazebo
[rosmaster.master][INFO] 2025-11-09 13:45:10,935: +PARAM [/xtion/rgb/image_raw/compressed/jpeg_optimize] by /gazebo
[rosmaster.master][INFO] 2025-11-09 13:45:10,935: +PARAM [/xtion/rgb/image_raw/compressed/jpeg_restart_interval] by /gazebo
[rosmaster.master][INFO] 2025-11-09 13:45:10,936: +PARAM [/xtion/rgb/image_raw/compressed/png_level] by /gazebo
[rosmaster.master][INFO] 2025-11-09 13:45:10,941: +PUB [/xtion/rgb/image_raw] /gazebo http://127.0.0.1:36161/
[rosmaster.master][INFO] 2025-11-09 13:45:10,949: +PUB [/xtion/rgb/image_raw/theora] /gazebo http://127.0.0.1:36161/
[rosmaster.master][INFO] 2025-11-09 13:45:10,950: +SERVICE [/xtion/rgb/image_raw/theora/set_parameters] /gazebo http://127.0.0.1:36161/
[rosmaster.master][INFO] 2025-11-09 13:45:10,951: +PUB [/xtion/rgb/image_raw/theora/parameter_descriptions] /gazebo http://127.0.0.1:36161/
[rosmaster.master][INFO] 2025-11-09 13:45:10,951: +PUB [/xtion/rgb/image_raw/theora/parameter_updates] /gazebo http://127.0.0.1:36161/
[rosmaster.master][INFO] 2025-11-09 13:45:10,954: +PARAM [/xtion/rgb/image_raw/theora/optimize_for] by /gazebo
[rosmaster.master][INFO] 2025-11-09 13:45:10,955: +PARAM [/xtion/rgb/image_raw/theora/target_bitrate] by /gazebo
[rosmaster.master][INFO] 2025-11-09 13:45:10,956: +PARAM [/xtion/rgb/image_raw/theora/quality] by /gazebo
[rosmaster.master][INFO] 2025-11-09 13:45:10,956: +PARAM [/xtion/rgb/image_raw/theora/keyframe_frequency] by /gazebo
[rosmaster.master][INFO] 2025-11-09 13:45:10,957: +PARAM [/xtion/rgb/image_raw/theora/optimize_for] by /gazebo
[rosmaster.master][INFO] 2025-11-09 13:45:10,957: +PARAM [/xtion/rgb/image_raw/theora/target_bitrate] by /gazebo
[rosmaster.master][INFO] 2025-11-09 13:45:10,958: +PARAM [/xtion/rgb/image_raw/theora/quality] by /gazebo
[rosmaster.master][INFO] 2025-11-09 13:45:10,959: +PARAM [/xtion/rgb/image_raw/theora/keyframe_frequency] by /gazebo
[rosmaster.master][INFO] 2025-11-09 13:45:10,960: +PUB [/xtion/rgb/camera_info] /gazebo http://127.0.0.1:36161/
[rosmaster.master][INFO] 2025-11-09 13:45:10,961: +PUB [/xtion/depth_registered/points] /gazebo http://127.0.0.1:36161/
[rosmaster.master][INFO] 2025-11-09 13:45:10,961: +PUB [/xtion/depth_registered/image_raw] /gazebo http://127.0.0.1:36161/
[rosmaster.master][INFO] 2025-11-09 13:45:10,962: +PUB [/xtion/depth_registered/camera_info] /gazebo http://127.0.0.1:36161/
[rosmaster.master][INFO] 2025-11-09 13:45:11,005: publisherUpdate[/xtion/rgb/image_raw] -> http://127.0.0.1:42601/ ['http://127.0.0.1:36161/']
[rosmaster.master][INFO] 2025-11-09 13:45:11,033: publisherUpdate[/xtion/rgb/image_raw] -> http://127.0.0.1:42601/ ['http://127.0.0.1:36161/']: sec=0.03, result=[1, '', 0]
[rosmaster.master][INFO] 2025-11-09 13:45:11,153: +SERVICE [/velocity/pid_gains/wheel_right_joint/set_parameters] /gazebo http://127.0.0.1:36161/
[rosmaster.master][INFO] 2025-11-09 13:45:11,155: +PUB [/velocity/pid_gains/wheel_right_joint/parameter_descriptions] /gazebo http://127.0.0.1:36161/
[rosmaster.master][INFO] 2025-11-09 13:45:11,156: +PUB [/velocity/pid_gains/wheel_right_joint/parameter_updates] /gazebo http://127.0.0.1:36161/
[rosmaster.master][INFO] 2025-11-09 13:45:11,159: +PARAM [/velocity/pid_gains/wheel_right_joint/p] by /gazebo
[rosmaster.master][INFO] 2025-11-09 13:45:11,160: +PARAM [/velocity/pid_gains/wheel_right_joint/i] by /gazebo
[rosmaster.master][INFO] 2025-11-09 13:45:11,160: +PARAM [/velocity/pid_gains/wheel_right_joint/d] by /gazebo
[rosmaster.master][INFO] 2025-11-09 13:45:11,161: +PARAM [/velocity/pid_gains/wheel_right_joint/i_clamp_min] by /gazebo
[rosmaster.master][INFO] 2025-11-09 13:45:11,162: +PARAM [/velocity/pid_gains/wheel_right_joint/i_clamp_max] by /gazebo
[rosmaster.master][INFO] 2025-11-09 13:45:11,164: +PARAM [/velocity/pid_gains/wheel_right_joint/antiwindup] by /gazebo
[rosmaster.master][INFO] 2025-11-09 13:45:11,166: +PARAM [/velocity/pid_gains/wheel_right_joint/p] by /gazebo
[rosmaster.master][INFO] 2025-11-09 13:45:11,168: +PARAM [/velocity/pid_gains/wheel_right_joint/i] by /gazebo
[rosmaster.master][INFO] 2025-11-09 13:45:11,169: +PARAM [/velocity/pid_gains/wheel_right_joint/d] by /gazebo
[rosmaster.master][INFO] 2025-11-09 13:45:11,169: +PARAM [/velocity/pid_gains/wheel_right_joint/i_clamp_min] by /gazebo
[rosmaster.master][INFO] 2025-11-09 13:45:11,170: +PARAM [/velocity/pid_gains/wheel_right_joint/i_clamp_max] by /gazebo
[rosmaster.master][INFO] 2025-11-09 13:45:11,171: +PARAM [/velocity/pid_gains/wheel_right_joint/antiwindup] by /gazebo
[rosmaster.master][INFO] 2025-11-09 13:45:11,172: +PARAM [/velocity/pid_gains/wheel_right_joint/p] by /gazebo
[rosmaster.master][INFO] 2025-11-09 13:45:11,173: +PARAM [/velocity/pid_gains/wheel_right_joint/i] by /gazebo
[rosmaster.master][INFO] 2025-11-09 13:45:11,173: +PARAM [/velocity/pid_gains/wheel_right_joint/d] by /gazebo
[rosmaster.master][INFO] 2025-11-09 13:45:11,174: +PARAM [/velocity/pid_gains/wheel_right_joint/i_clamp_min] by /gazebo
[rosmaster.master][INFO] 2025-11-09 13:45:11,175: +PARAM [/velocity/pid_gains/wheel_right_joint/i_clamp_max] by /gazebo
[rosmaster.master][INFO] 2025-11-09 13:45:11,176: +PARAM [/velocity/pid_gains/wheel_right_joint/antiwindup] by /gazebo
[rosmaster.master][INFO] 2025-11-09 13:45:11,176: +PARAM [/velocity/pid_gains/wheel_right_joint/p] by /gazebo
[rosmaster.master][INFO] 2025-11-09 13:45:11,177: +PARAM [/velocity/pid_gains/wheel_right_joint/i] by /gazebo
[rosmaster.master][INFO] 2025-11-09 13:45:11,177: +PARAM [/velocity/pid_gains/wheel_right_joint/d] by /gazebo
[rosmaster.master][INFO] 2025-11-09 13:45:11,178: +PARAM [/velocity/pid_gains/wheel_right_joint/i_clamp_min] by /gazebo
[rosmaster.master][INFO] 2025-11-09 13:45:11,179: +PARAM [/velocity/pid_gains/wheel_right_joint/i_clamp_max] by /gazebo
[rosmaster.master][INFO] 2025-11-09 13:45:11,179: +PARAM [/velocity/pid_gains/wheel_right_joint/antiwindup] by /gazebo
[rosmaster.master][INFO] 2025-11-09 13:45:11,185: +SERVICE [/velocity/pid_gains/wheel_left_joint/set_parameters] /gazebo http://127.0.0.1:36161/
[rosmaster.master][INFO] 2025-11-09 13:45:11,186: +PUB [/velocity/pid_gains/wheel_left_joint/parameter_descriptions] /gazebo http://127.0.0.1:36161/
[rosmaster.master][INFO] 2025-11-09 13:45:11,187: +PUB [/velocity/pid_gains/wheel_left_joint/parameter_updates] /gazebo http://127.0.0.1:36161/
[rosmaster.master][INFO] 2025-11-09 13:45:11,189: +PARAM [/velocity/pid_gains/wheel_left_joint/p] by /gazebo
[rosmaster.master][INFO] 2025-11-09 13:45:11,191: +PARAM [/velocity/pid_gains/wheel_left_joint/i] by /gazebo
[rosmaster.master][INFO] 2025-11-09 13:45:11,192: +PARAM [/velocity/pid_gains/wheel_left_joint/d] by /gazebo
[rosmaster.master][INFO] 2025-11-09 13:45:11,193: +PARAM [/velocity/pid_gains/wheel_left_joint/i_clamp_min] by /gazebo
[rosmaster.master][INFO] 2025-11-09 13:45:11,194: +PARAM [/velocity/pid_gains/wheel_left_joint/i_clamp_max] by /gazebo
[rosmaster.master][INFO] 2025-11-09 13:45:11,194: +PARAM [/velocity/pid_gains/wheel_left_joint/antiwindup] by /gazebo
[rosmaster.master][INFO] 2025-11-09 13:45:11,195: +PARAM [/velocity/pid_gains/wheel_left_joint/p] by /gazebo
[rosmaster.master][INFO] 2025-11-09 13:45:11,196: +PARAM [/velocity/pid_gains/wheel_left_joint/i] by /gazebo
[rosmaster.master][INFO] 2025-11-09 13:45:11,196: +PARAM [/velocity/pid_gains/wheel_left_joint/d] by /gazebo
[rosmaster.master][INFO] 2025-11-09 13:45:11,197: +PARAM [/velocity/pid_gains/wheel_left_joint/i_clamp_min] by /gazebo
[rosmaster.master][INFO] 2025-11-09 13:45:11,197: +PARAM [/velocity/pid_gains/wheel_left_joint/i_clamp_max] by /gazebo
[rosmaster.master][INFO] 2025-11-09 13:45:11,198: +PARAM [/velocity/pid_gains/wheel_left_joint/antiwindup] by /gazebo
[rosmaster.master][INFO] 2025-11-09 13:45:11,198: +PARAM [/velocity/pid_gains/wheel_left_joint/p] by /gazebo
[rosmaster.master][INFO] 2025-11-09 13:45:11,199: +PARAM [/velocity/pid_gains/wheel_left_joint/i] by /gazebo
[rosmaster.master][INFO] 2025-11-09 13:45:11,199: +PARAM [/velocity/pid_gains/wheel_left_joint/d] by /gazebo
[rosmaster.master][INFO] 2025-11-09 13:45:11,200: +PARAM [/velocity/pid_gains/wheel_left_joint/i_clamp_min] by /gazebo
[rosmaster.master][INFO] 2025-11-09 13:45:11,200: +PARAM [/velocity/pid_gains/wheel_left_joint/i_clamp_max] by /gazebo
[rosmaster.master][INFO] 2025-11-09 13:45:11,201: +PARAM [/velocity/pid_gains/wheel_left_joint/antiwindup] by /gazebo
[rosmaster.master][INFO] 2025-11-09 13:45:11,201: +PARAM [/velocity/pid_gains/wheel_left_joint/p] by /gazebo
[rosmaster.master][INFO] 2025-11-09 13:45:11,202: +PARAM [/velocity/pid_gains/wheel_left_joint/i] by /gazebo
[rosmaster.master][INFO] 2025-11-09 13:45:11,202: +PARAM [/velocity/pid_gains/wheel_left_joint/d] by /gazebo
[rosmaster.master][INFO] 2025-11-09 13:45:11,203: +PARAM [/velocity/pid_gains/wheel_left_joint/i_clamp_min] by /gazebo
[rosmaster.master][INFO] 2025-11-09 13:45:11,203: +PARAM [/velocity/pid_gains/wheel_left_joint/i_clamp_max] by /gazebo
[rosmaster.master][INFO] 2025-11-09 13:45:11,204: +PARAM [/velocity/pid_gains/wheel_left_joint/antiwindup] by /gazebo
[rosmaster.master][INFO] 2025-11-09 13:45:11,209: +SERVICE [/gains/torso_lift_joint/set_parameters] /gazebo http://127.0.0.1:36161/
[rosmaster.master][INFO] 2025-11-09 13:45:11,210: +PUB [/gains/torso_lift_joint/parameter_descriptions] /gazebo http://127.0.0.1:36161/
[rosmaster.master][INFO] 2025-11-09 13:45:11,211: +PUB [/gains/torso_lift_joint/parameter_updates] /gazebo http://127.0.0.1:36161/
[rosmaster.master][INFO] 2025-11-09 13:45:11,215: +PARAM [/gains/torso_lift_joint/p] by /gazebo
[rosmaster.master][INFO] 2025-11-09 13:45:11,216: +PARAM [/gains/torso_lift_joint/i] by /gazebo
[rosmaster.master][INFO] 2025-11-09 13:45:11,216: +PARAM [/gains/torso_lift_joint/d] by /gazebo
[rosmaster.master][INFO] 2025-11-09 13:45:11,217: +PARAM [/gains/torso_lift_joint/i_clamp_min] by /gazebo
[rosmaster.master][INFO] 2025-11-09 13:45:11,217: +PARAM [/gains/torso_lift_joint/i_clamp_max] by /gazebo
[rosmaster.master][INFO] 2025-11-09 13:45:11,218: +PARAM [/gains/torso_lift_joint/antiwindup] by /gazebo
[rosmaster.master][INFO] 2025-11-09 13:45:11,218: +PARAM [/gains/torso_lift_joint/p] by /gazebo
[rosmaster.master][INFO] 2025-11-09 13:45:11,219: +PARAM [/gains/torso_lift_joint/i] by /gazebo
[rosmaster.master][INFO] 2025-11-09 13:45:11,219: +PARAM [/gains/torso_lift_joint/d] by /gazebo
[rosmaster.master][INFO] 2025-11-09 13:45:11,220: +PARAM [/gains/torso_lift_joint/i_clamp_min] by /gazebo
[rosmaster.master][INFO] 2025-11-09 13:45:11,220: +PARAM [/gains/torso_lift_joint/i_clamp_max] by /gazebo
[rosmaster.master][INFO] 2025-11-09 13:45:11,221: +PARAM [/gains/torso_lift_joint/antiwindup] by /gazebo
[rosmaster.master][INFO] 2025-11-09 13:45:11,221: +PARAM [/gains/torso_lift_joint/p] by /gazebo
[rosmaster.master][INFO] 2025-11-09 13:45:11,222: +PARAM [/gains/torso_lift_joint/i] by /gazebo
[rosmaster.master][INFO] 2025-11-09 13:45:11,222: +PARAM [/gains/torso_lift_joint/d] by /gazebo
[rosmaster.master][INFO] 2025-11-09 13:45:11,223: +PARAM [/gains/torso_lift_joint/i_clamp_min] by /gazebo
[rosmaster.master][INFO] 2025-11-09 13:45:11,223: +PARAM [/gains/torso_lift_joint/i_clamp_max] by /gazebo
[rosmaster.master][INFO] 2025-11-09 13:45:11,224: +PARAM [/gains/torso_lift_joint/antiwindup] by /gazebo
[rosmaster.master][INFO] 2025-11-09 13:45:11,224: +PARAM [/gains/torso_lift_joint/p] by /gazebo
[rosmaster.master][INFO] 2025-11-09 13:45:11,225: +PARAM [/gains/torso_lift_joint/i] by /gazebo
[rosmaster.master][INFO] 2025-11-09 13:45:11,225: +PARAM [/gains/torso_lift_joint/d] by /gazebo
[rosmaster.master][INFO] 2025-11-09 13:45:11,226: +PARAM [/gains/torso_lift_joint/i_clamp_min] by /gazebo
[rosmaster.master][INFO] 2025-11-09 13:45:11,227: +PARAM [/gains/torso_lift_joint/i_clamp_max] by /gazebo
[rosmaster.master][INFO] 2025-11-09 13:45:11,228: +PARAM [/gains/torso_lift_joint/antiwindup] by /gazebo
[rosmaster.master][INFO] 2025-11-09 13:45:11,234: +SERVICE [/gains/head_1_joint/set_parameters] /gazebo http://127.0.0.1:36161/
[rosmaster.master][INFO] 2025-11-09 13:45:11,234: +PUB [/gains/head_1_joint/parameter_descriptions] /gazebo http://127.0.0.1:36161/
[rosmaster.master][INFO] 2025-11-09 13:45:11,235: +PUB [/gains/head_1_joint/parameter_updates] /gazebo http://127.0.0.1:36161/
[rosmaster.master][INFO] 2025-11-09 13:45:11,238: +PARAM [/gains/head_1_joint/p] by /gazebo
[rosmaster.master][INFO] 2025-11-09 13:45:11,239: +PARAM [/gains/head_1_joint/i] by /gazebo
[rosmaster.master][INFO] 2025-11-09 13:45:11,240: +PARAM [/gains/head_1_joint/d] by /gazebo
[rosmaster.master][INFO] 2025-11-09 13:45:11,241: +PARAM [/gains/head_1_joint/i_clamp_min] by /gazebo
[rosmaster.master][INFO] 2025-11-09 13:45:11,241: +PARAM [/gains/head_1_joint/i_clamp_max] by /gazebo
[rosmaster.master][INFO] 2025-11-09 13:45:11,242: +PARAM [/gains/head_1_joint/antiwindup] by /gazebo
[rosmaster.master][INFO] 2025-11-09 13:45:11,242: +PARAM [/gains/head_1_joint/p] by /gazebo
[rosmaster.master][INFO] 2025-11-09 13:45:11,243: +PARAM [/gains/head_1_joint/i] by /gazebo
[rosmaster.master][INFO] 2025-11-09 13:45:11,243: +PARAM [/gains/head_1_joint/d] by /gazebo
[rosmaster.master][INFO] 2025-11-09 13:45:11,244: +PARAM [/gains/head_1_joint/i_clamp_min] by /gazebo
[rosmaster.master][INFO] 2025-11-09 13:45:11,244: +PARAM [/gains/head_1_joint/i_clamp_max] by /gazebo
[rosmaster.master][INFO] 2025-11-09 13:45:11,245: +PARAM [/gains/head_1_joint/antiwindup] by /gazebo
[rosmaster.master][INFO] 2025-11-09 13:45:11,245: +PARAM [/gains/head_1_joint/p] by /gazebo
[rosmaster.master][INFO] 2025-11-09 13:45:11,246: +PARAM [/gains/head_1_joint/i] by /gazebo
[rosmaster.master][INFO] 2025-11-09 13:45:11,246: +PARAM [/gains/head_1_joint/d] by /gazebo
[rosmaster.master][INFO] 2025-11-09 13:45:11,247: +PARAM [/gains/head_1_joint/i_clamp_min] by /gazebo
[rosmaster.master][INFO] 2025-11-09 13:45:11,247: +PARAM [/gains/head_1_joint/i_clamp_max] by /gazebo
[rosmaster.master][INFO] 2025-11-09 13:45:11,248: +PARAM [/gains/head_1_joint/antiwindup] by /gazebo
[rosmaster.master][INFO] 2025-11-09 13:45:11,249: +PARAM [/gains/head_1_joint/p] by /gazebo
[rosmaster.master][INFO] 2025-11-09 13:45:11,250: +PARAM [/gains/head_1_joint/i] by /gazebo
[rosmaster.master][INFO] 2025-11-09 13:45:11,250: +PARAM [/gains/head_1_joint/d] by /gazebo
[rosmaster.master][INFO] 2025-11-09 13:45:11,251: +PARAM [/gains/head_1_joint/i_clamp_min] by /gazebo
[rosmaster.master][INFO] 2025-11-09 13:45:11,251: +PARAM [/gains/head_1_joint/i_clamp_max] by /gazebo
[rosmaster.master][INFO] 2025-11-09 13:45:11,252: +PARAM [/gains/head_1_joint/antiwindup] by /gazebo
[rosmaster.master][INFO] 2025-11-09 13:45:11,256: +SERVICE [/gains/head_2_joint/set_parameters] /gazebo http://127.0.0.1:36161/
[rosmaster.master][INFO] 2025-11-09 13:45:11,257: +PUB [/gains/head_2_joint/parameter_descriptions] /gazebo http://127.0.0.1:36161/
[rosmaster.master][INFO] 2025-11-09 13:45:11,257: +PUB [/gains/head_2_joint/parameter_updates] /gazebo http://127.0.0.1:36161/
[rosmaster.master][INFO] 2025-11-09 13:45:11,260: +PARAM [/gains/head_2_joint/p] by /gazebo
[rosmaster.master][INFO] 2025-11-09 13:45:11,261: +PARAM [/gains/head_2_joint/i] by /gazebo
[rosmaster.master][INFO] 2025-11-09 13:45:11,261: +PARAM [/gains/head_2_joint/d] by /gazebo
[rosmaster.master][INFO] 2025-11-09 13:45:11,262: +PARAM [/gains/head_2_joint/i_clamp_min] by /gazebo
[rosmaster.master][INFO] 2025-11-09 13:45:11,262: +PARAM [/gains/head_2_joint/i_clamp_max] by /gazebo
[rosmaster.master][INFO] 2025-11-09 13:45:11,263: +PARAM [/gains/head_2_joint/antiwindup] by /gazebo
[rosmaster.master][INFO] 2025-11-09 13:45:11,263: +PARAM [/gains/head_2_joint/p] by /gazebo
[rosmaster.master][INFO] 2025-11-09 13:45:11,264: +PARAM [/gains/head_2_joint/i] by /gazebo
[rosmaster.master][INFO] 2025-11-09 13:45:11,264: +PARAM [/gains/head_2_joint/d] by /gazebo
[rosmaster.master][INFO] 2025-11-09 13:45:11,265: +PARAM [/gains/head_2_joint/i_clamp_min] by /gazebo
[rosmaster.master][INFO] 2025-11-09 13:45:11,266: +PARAM [/gains/head_2_joint/i_clamp_max] by /gazebo
[rosmaster.master][INFO] 2025-11-09 13:45:11,266: +PARAM [/gains/head_2_joint/antiwindup] by /gazebo
[rosmaster.master][INFO] 2025-11-09 13:45:11,267: +PARAM [/gains/head_2_joint/p] by /gazebo
[rosmaster.master][INFO] 2025-11-09 13:45:11,267: +PARAM [/gains/head_2_joint/i] by /gazebo
[rosmaster.master][INFO] 2025-11-09 13:45:11,268: +PARAM [/gains/head_2_joint/d] by /gazebo
[rosmaster.master][INFO] 2025-11-09 13:45:11,268: +PARAM [/gains/head_2_joint/i_clamp_min] by /gazebo
[rosmaster.master][INFO] 2025-11-09 13:45:11,268: +PARAM [/gains/head_2_joint/i_clamp_max] by /gazebo
[rosmaster.master][INFO] 2025-11-09 13:45:11,269: +PARAM [/gains/head_2_joint/antiwindup] by /gazebo
[rosmaster.master][INFO] 2025-11-09 13:45:11,269: +PARAM [/gains/head_2_joint/p] by /gazebo
[rosmaster.master][INFO] 2025-11-09 13:45:11,270: +PARAM [/gains/head_2_joint/i] by /gazebo
[rosmaster.master][INFO] 2025-11-09 13:45:11,270: +PARAM [/gains/head_2_joint/d] by /gazebo
[rosmaster.master][INFO] 2025-11-09 13:45:11,271: +PARAM [/gains/head_2_joint/i_clamp_min] by /gazebo
[rosmaster.master][INFO] 2025-11-09 13:45:11,271: +PARAM [/gains/head_2_joint/i_clamp_max] by /gazebo
[rosmaster.master][INFO] 2025-11-09 13:45:11,272: +PARAM [/gains/head_2_joint/antiwindup] by /gazebo
[rosmaster.master][INFO] 2025-11-09 13:45:11,276: +SERVICE [/gains/arm_5_joint/set_parameters] /gazebo http://127.0.0.1:36161/
[rosmaster.master][INFO] 2025-11-09 13:45:11,277: +PUB [/gains/arm_5_joint/parameter_descriptions] /gazebo http://127.0.0.1:36161/
[rosmaster.master][INFO] 2025-11-09 13:45:11,278: +PUB [/gains/arm_5_joint/parameter_updates] /gazebo http://127.0.0.1:36161/
[rosmaster.master][INFO] 2025-11-09 13:45:11,280: +PARAM [/gains/arm_5_joint/p] by /gazebo
[rosmaster.master][INFO] 2025-11-09 13:45:11,281: +PARAM [/gains/arm_5_joint/i] by /gazebo
[rosmaster.master][INFO] 2025-11-09 13:45:11,281: +PARAM [/gains/arm_5_joint/d] by /gazebo
[rosmaster.master][INFO] 2025-11-09 13:45:11,282: +PARAM [/gains/arm_5_joint/i_clamp_min] by /gazebo
[rosmaster.master][INFO] 2025-11-09 13:45:11,282: +PARAM [/gains/arm_5_joint/i_clamp_max] by /gazebo
[rosmaster.master][INFO] 2025-11-09 13:45:11,284: +PARAM [/gains/arm_5_joint/antiwindup] by /gazebo
[rosmaster.master][INFO] 2025-11-09 13:45:11,284: +PARAM [/gains/arm_5_joint/p] by /gazebo
[rosmaster.master][INFO] 2025-11-09 13:45:11,285: +PARAM [/gains/arm_5_joint/i] by /gazebo
[rosmaster.master][INFO] 2025-11-09 13:45:11,285: +PARAM [/gains/arm_5_joint/d] by /gazebo
[rosmaster.master][INFO] 2025-11-09 13:45:11,286: +PARAM [/gains/arm_5_joint/i_clamp_min] by /gazebo
[rosmaster.master][INFO] 2025-11-09 13:45:11,286: +PARAM [/gains/arm_5_joint/i_clamp_max] by /gazebo
[rosmaster.master][INFO] 2025-11-09 13:45:11,287: +PARAM [/gains/arm_5_joint/antiwindup] by /gazebo
[rosmaster.master][INFO] 2025-11-09 13:45:11,287: +PARAM [/gains/arm_5_joint/p] by /gazebo
[rosmaster.master][INFO] 2025-11-09 13:45:11,288: +PARAM [/gains/arm_5_joint/i] by /gazebo
[rosmaster.master][INFO] 2025-11-09 13:45:11,288: +PARAM [/gains/arm_5_joint/d] by /gazebo
[rosmaster.master][INFO] 2025-11-09 13:45:11,289: +PARAM [/gains/arm_5_joint/i_clamp_min] by /gazebo
[rosmaster.master][INFO] 2025-11-09 13:45:11,289: +PARAM [/gains/arm_5_joint/i_clamp_max] by /gazebo
[rosmaster.master][INFO] 2025-11-09 13:45:11,290: +PARAM [/gains/arm_5_joint/antiwindup] by /gazebo
[rosmaster.master][INFO] 2025-11-09 13:45:11,292: +PARAM [/gains/arm_5_joint/p] by /gazebo
[rosmaster.master][INFO] 2025-11-09 13:45:11,292: +PARAM [/gains/arm_5_joint/i] by /gazebo
[rosmaster.master][INFO] 2025-11-09 13:45:11,293: +PARAM [/gains/arm_5_joint/d] by /gazebo
[rosmaster.master][INFO] 2025-11-09 13:45:11,293: +PARAM [/gains/arm_5_joint/i_clamp_min] by /gazebo
[rosmaster.master][INFO] 2025-11-09 13:45:11,294: +PARAM [/gains/arm_5_joint/i_clamp_max] by /gazebo
[rosmaster.master][INFO] 2025-11-09 13:45:11,294: +PARAM [/gains/arm_5_joint/antiwindup] by /gazebo
[rosmaster.master][INFO] 2025-11-09 13:45:11,299: +SERVICE [/gains/arm_6_joint/set_parameters] /gazebo http://127.0.0.1:36161/
[rosmaster.master][INFO] 2025-11-09 13:45:11,300: +PUB [/gains/arm_6_joint/parameter_descriptions] /gazebo http://127.0.0.1:36161/
[rosmaster.master][INFO] 2025-11-09 13:45:11,301: +PUB [/gains/arm_6_joint/parameter_updates] /gazebo http://127.0.0.1:36161/
[rosmaster.master][INFO] 2025-11-09 13:45:11,304: +PARAM [/gains/arm_6_joint/p] by /gazebo
[rosmaster.master][INFO] 2025-11-09 13:45:11,304: +PARAM [/gains/arm_6_joint/i] by /gazebo
[rosmaster.master][INFO] 2025-11-09 13:45:11,305: +PARAM [/gains/arm_6_joint/d] by /gazebo
[rosmaster.master][INFO] 2025-11-09 13:45:11,305: +PARAM [/gains/arm_6_joint/i_clamp_min] by /gazebo
[rosmaster.master][INFO] 2025-11-09 13:45:11,306: +PARAM [/gains/arm_6_joint/i_clamp_max] by /gazebo
[rosmaster.master][INFO] 2025-11-09 13:45:11,306: +PARAM [/gains/arm_6_joint/antiwindup] by /gazebo
[rosmaster.master][INFO] 2025-11-09 13:45:11,307: +PARAM [/gains/arm_6_joint/p] by /gazebo
[rosmaster.master][INFO] 2025-11-09 13:45:11,307: +PARAM [/gains/arm_6_joint/i] by /gazebo
[rosmaster.master][INFO] 2025-11-09 13:45:11,308: +PARAM [/gains/arm_6_joint/d] by /gazebo
[rosmaster.master][INFO] 2025-11-09 13:45:11,308: +PARAM [/gains/arm_6_joint/i_clamp_min] by /gazebo
[rosmaster.master][INFO] 2025-11-09 13:45:11,309: +PARAM [/gains/arm_6_joint/i_clamp_max] by /gazebo
[rosmaster.master][INFO] 2025-11-09 13:45:11,309: +PARAM [/gains/arm_6_joint/antiwindup] by /gazebo
[rosmaster.master][INFO] 2025-11-09 13:45:11,310: +PARAM [/gains/arm_6_joint/p] by /gazebo
[rosmaster.master][INFO] 2025-11-09 13:45:11,311: +PARAM [/gains/arm_6_joint/i] by /gazebo
[rosmaster.master][INFO] 2025-11-09 13:45:11,311: +PARAM [/gains/arm_6_joint/d] by /gazebo
[rosmaster.master][INFO] 2025-11-09 13:45:11,312: +PARAM [/gains/arm_6_joint/i_clamp_min] by /gazebo
[rosmaster.master][INFO] 2025-11-09 13:45:11,312: +PARAM [/gains/arm_6_joint/i_clamp_max] by /gazebo
[rosmaster.master][INFO] 2025-11-09 13:45:11,313: +PARAM [/gains/arm_6_joint/antiwindup] by /gazebo
[rosmaster.master][INFO] 2025-11-09 13:45:11,313: +PARAM [/gains/arm_6_joint/p] by /gazebo
[rosmaster.master][INFO] 2025-11-09 13:45:11,314: +PARAM [/gains/arm_6_joint/i] by /gazebo
[rosmaster.master][INFO] 2025-11-09 13:45:11,314: +PARAM [/gains/arm_6_joint/d] by /gazebo
[rosmaster.master][INFO] 2025-11-09 13:45:11,315: +PARAM [/gains/arm_6_joint/i_clamp_min] by /gazebo
[rosmaster.master][INFO] 2025-11-09 13:45:11,315: +PARAM [/gains/arm_6_joint/i_clamp_max] by /gazebo
[rosmaster.master][INFO] 2025-11-09 13:45:11,316: +PARAM [/gains/arm_6_joint/antiwindup] by /gazebo
[rosmaster.master][INFO] 2025-11-09 13:45:11,320: +SERVICE [/gains/arm_7_joint/set_parameters] /gazebo http://127.0.0.1:36161/
[rosmaster.master][INFO] 2025-11-09 13:45:11,321: +PUB [/gains/arm_7_joint/parameter_descriptions] /gazebo http://127.0.0.1:36161/
[rosmaster.master][INFO] 2025-11-09 13:45:11,321: +PUB [/gains/arm_7_joint/parameter_updates] /gazebo http://127.0.0.1:36161/
[rosmaster.master][INFO] 2025-11-09 13:45:11,324: +PARAM [/gains/arm_7_joint/p] by /gazebo
[rosmaster.master][INFO] 2025-11-09 13:45:11,325: +PARAM [/gains/arm_7_joint/i] by /gazebo
[rosmaster.master][INFO] 2025-11-09 13:45:11,325: +PARAM [/gains/arm_7_joint/d] by /gazebo
[rosmaster.master][INFO] 2025-11-09 13:45:11,325: +PARAM [/gains/arm_7_joint/i_clamp_min] by /gazebo
[rosmaster.master][INFO] 2025-11-09 13:45:11,326: +PARAM [/gains/arm_7_joint/i_clamp_max] by /gazebo
[rosmaster.master][INFO] 2025-11-09 13:45:11,326: +PARAM [/gains/arm_7_joint/antiwindup] by /gazebo
[rosmaster.master][INFO] 2025-11-09 13:45:11,327: +PARAM [/gains/arm_7_joint/p] by /gazebo
[rosmaster.master][INFO] 2025-11-09 13:45:11,327: +PARAM [/gains/arm_7_joint/i] by /gazebo
[rosmaster.master][INFO] 2025-11-09 13:45:11,328: +PARAM [/gains/arm_7_joint/d] by /gazebo
[rosmaster.master][INFO] 2025-11-09 13:45:11,328: +PARAM [/gains/arm_7_joint/i_clamp_min] by /gazebo
[rosmaster.master][INFO] 2025-11-09 13:45:11,329: +PARAM [/gains/arm_7_joint/i_clamp_max] by /gazebo
[rosmaster.master][INFO] 2025-11-09 13:45:11,329: +PARAM [/gains/arm_7_joint/antiwindup] by /gazebo
[rosmaster.master][INFO] 2025-11-09 13:45:11,330: +PARAM [/gains/arm_7_joint/p] by /gazebo
[rosmaster.master][INFO] 2025-11-09 13:45:11,330: +PARAM [/gains/arm_7_joint/i] by /gazebo
[rosmaster.master][INFO] 2025-11-09 13:45:11,331: +PARAM [/gains/arm_7_joint/d] by /gazebo
[rosmaster.master][INFO] 2025-11-09 13:45:11,331: +PARAM [/gains/arm_7_joint/i_clamp_min] by /gazebo
[rosmaster.master][INFO] 2025-11-09 13:45:11,332: +PARAM [/gains/arm_7_joint/i_clamp_max] by /gazebo
[rosmaster.master][INFO] 2025-11-09 13:45:11,332: +PARAM [/gains/arm_7_joint/antiwindup] by /gazebo
[rosmaster.master][INFO] 2025-11-09 13:45:11,333: +PARAM [/gains/arm_7_joint/p] by /gazebo
[rosmaster.master][INFO] 2025-11-09 13:45:11,333: +PARAM [/gains/arm_7_joint/i] by /gazebo
[rosmaster.master][INFO] 2025-11-09 13:45:11,334: +PARAM [/gains/arm_7_joint/d] by /gazebo
[rosmaster.master][INFO] 2025-11-09 13:45:11,334: +PARAM [/gains/arm_7_joint/i_clamp_min] by /gazebo
[rosmaster.master][INFO] 2025-11-09 13:45:11,335: +PARAM [/gains/arm_7_joint/i_clamp_max] by /gazebo
[rosmaster.master][INFO] 2025-11-09 13:45:11,335: +PARAM [/gains/arm_7_joint/antiwindup] by /gazebo
[rosmaster.master][INFO] 2025-11-09 13:45:11,341: +SERVICE [/gains/arm_1_joint/set_parameters] /gazebo http://127.0.0.1:36161/
[rosmaster.master][INFO] 2025-11-09 13:45:11,342: +PUB [/gains/arm_1_joint/parameter_descriptions] /gazebo http://127.0.0.1:36161/
[rosmaster.master][INFO] 2025-11-09 13:45:11,343: +PUB [/gains/arm_1_joint/parameter_updates] /gazebo http://127.0.0.1:36161/
[rosmaster.master][INFO] 2025-11-09 13:45:11,345: +PARAM [/gains/arm_1_joint/p] by /gazebo
[rosmaster.master][INFO] 2025-11-09 13:45:11,346: +PARAM [/gains/arm_1_joint/i] by /gazebo
[rosmaster.master][INFO] 2025-11-09 13:45:11,346: +PARAM [/gains/arm_1_joint/d] by /gazebo
[rosmaster.master][INFO] 2025-11-09 13:45:11,347: +PARAM [/gains/arm_1_joint/i_clamp_min] by /gazebo
[rosmaster.master][INFO] 2025-11-09 13:45:11,347: +PARAM [/gains/arm_1_joint/i_clamp_max] by /gazebo
[rosmaster.master][INFO] 2025-11-09 13:45:11,348: +PARAM [/gains/arm_1_joint/antiwindup] by /gazebo
[rosmaster.master][INFO] 2025-11-09 13:45:11,348: +PARAM [/gains/arm_1_joint/p] by /gazebo
[rosmaster.master][INFO] 2025-11-09 13:45:11,349: +PARAM [/gains/arm_1_joint/i] by /gazebo
[rosmaster.master][INFO] 2025-11-09 13:45:11,349: +PARAM [/gains/arm_1_joint/d] by /gazebo
[rosmaster.master][INFO] 2025-11-09 13:45:11,350: +PARAM [/gains/arm_1_joint/i_clamp_min] by /gazebo
[rosmaster.master][INFO] 2025-11-09 13:45:11,350: +PARAM [/gains/arm_1_joint/i_clamp_max] by /gazebo
[rosmaster.master][INFO] 2025-11-09 13:45:11,350: +PARAM [/gains/arm_1_joint/antiwindup] by /gazebo
[rosmaster.master][INFO] 2025-11-09 13:45:11,351: +PARAM [/gains/arm_1_joint/p] by /gazebo
[rosmaster.master][INFO] 2025-11-09 13:45:11,351: +PARAM [/gains/arm_1_joint/i] by /gazebo
[rosmaster.master][INFO] 2025-11-09 13:45:11,352: +PARAM [/gains/arm_1_joint/d] by /gazebo
[rosmaster.master][INFO] 2025-11-09 13:45:11,352: +PARAM [/gains/arm_1_joint/i_clamp_min] by /gazebo
[rosmaster.master][INFO] 2025-11-09 13:45:11,353: +PARAM [/gains/arm_1_joint/i_clamp_max] by /gazebo
[rosmaster.master][INFO] 2025-11-09 13:45:11,353: +PARAM [/gains/arm_1_joint/antiwindup] by /gazebo
[rosmaster.master][INFO] 2025-11-09 13:45:11,354: +PARAM [/gains/arm_1_joint/p] by /gazebo
[rosmaster.master][INFO] 2025-11-09 13:45:11,354: +PARAM [/gains/arm_1_joint/i] by /gazebo
[rosmaster.master][INFO] 2025-11-09 13:45:11,355: +PARAM [/gains/arm_1_joint/d] by /gazebo
[rosmaster.master][INFO] 2025-11-09 13:45:11,355: +PARAM [/gains/arm_1_joint/i_clamp_min] by /gazebo
[rosmaster.master][INFO] 2025-11-09 13:45:11,356: +PARAM [/gains/arm_1_joint/i_clamp_max] by /gazebo
[rosmaster.master][INFO] 2025-11-09 13:45:11,356: +PARAM [/gains/arm_1_joint/antiwindup] by /gazebo
[rosmaster.master][INFO] 2025-11-09 13:45:11,361: +SERVICE [/gains/arm_2_joint/set_parameters] /gazebo http://127.0.0.1:36161/
[rosmaster.master][INFO] 2025-11-09 13:45:11,362: +PUB [/gains/arm_2_joint/parameter_descriptions] /gazebo http://127.0.0.1:36161/
[rosmaster.master][INFO] 2025-11-09 13:45:11,362: +PUB [/gains/arm_2_joint/parameter_updates] /gazebo http://127.0.0.1:36161/
[rosmaster.master][INFO] 2025-11-09 13:45:11,365: +PARAM [/gains/arm_2_joint/p] by /gazebo
[rosmaster.master][INFO] 2025-11-09 13:45:11,365: +PARAM [/gains/arm_2_joint/i] by /gazebo
[rosmaster.master][INFO] 2025-11-09 13:45:11,366: +PARAM [/gains/arm_2_joint/d] by /gazebo
[rosmaster.master][INFO] 2025-11-09 13:45:11,366: +PARAM [/gains/arm_2_joint/i_clamp_min] by /gazebo
[rosmaster.master][INFO] 2025-11-09 13:45:11,368: +PARAM [/gains/arm_2_joint/i_clamp_max] by /gazebo
[rosmaster.master][INFO] 2025-11-09 13:45:11,368: +PARAM [/gains/arm_2_joint/antiwindup] by /gazebo
[rosmaster.master][INFO] 2025-11-09 13:45:11,369: +PARAM [/gains/arm_2_joint/p] by /gazebo
[rosmaster.master][INFO] 2025-11-09 13:45:11,369: +PARAM [/gains/arm_2_joint/i] by /gazebo
[rosmaster.master][INFO] 2025-11-09 13:45:11,370: +PARAM [/gains/arm_2_joint/d] by /gazebo
[rosmaster.master][INFO] 2025-11-09 13:45:11,370: +PARAM [/gains/arm_2_joint/i_clamp_min] by /gazebo
[rosmaster.master][INFO] 2025-11-09 13:45:11,371: +PARAM [/gains/arm_2_joint/i_clamp_max] by /gazebo
[rosmaster.master][INFO] 2025-11-09 13:45:11,371: +PARAM [/gains/arm_2_joint/antiwindup] by /gazebo
[rosmaster.master][INFO] 2025-11-09 13:45:11,372: +PARAM [/gains/arm_2_joint/p] by /gazebo
[rosmaster.master][INFO] 2025-11-09 13:45:11,373: +PARAM [/gains/arm_2_joint/i] by /gazebo
[rosmaster.master][INFO] 2025-11-09 13:45:11,373: +PARAM [/gains/arm_2_joint/d] by /gazebo
[rosmaster.master][INFO] 2025-11-09 13:45:11,374: +PARAM [/gains/arm_2_joint/i_clamp_min] by /gazebo
[rosmaster.master][INFO] 2025-11-09 13:45:11,374: +PARAM [/gains/arm_2_joint/i_clamp_max] by /gazebo
[rosmaster.master][INFO] 2025-11-09 13:45:11,376: +PARAM [/gains/arm_2_joint/antiwindup] by /gazebo
[rosmaster.master][INFO] 2025-11-09 13:45:11,376: +PARAM [/gains/arm_2_joint/p] by /gazebo
[rosmaster.master][INFO] 2025-11-09 13:45:11,377: +PARAM [/gains/arm_2_joint/i] by /gazebo
[rosmaster.master][INFO] 2025-11-09 13:45:11,377: +PARAM [/gains/arm_2_joint/d] by /gazebo
[rosmaster.master][INFO] 2025-11-09 13:45:11,378: +PARAM [/gains/arm_2_joint/i_clamp_min] by /gazebo
[rosmaster.master][INFO] 2025-11-09 13:45:11,378: +PARAM [/gains/arm_2_joint/i_clamp_max] by /gazebo
[rosmaster.master][INFO] 2025-11-09 13:45:11,379: +PARAM [/gains/arm_2_joint/antiwindup] by /gazebo
[rosmaster.master][INFO] 2025-11-09 13:45:11,383: +SERVICE [/gains/arm_3_joint/set_parameters] /gazebo http://127.0.0.1:36161/
[rosmaster.master][INFO] 2025-11-09 13:45:11,384: +PUB [/gains/arm_3_joint/parameter_descriptions] /gazebo http://127.0.0.1:36161/
[rosmaster.master][INFO] 2025-11-09 13:45:11,385: +PUB [/gains/arm_3_joint/parameter_updates] /gazebo http://127.0.0.1:36161/
[rosmaster.master][INFO] 2025-11-09 13:45:11,387: +PARAM [/gains/arm_3_joint/p] by /gazebo
[rosmaster.master][INFO] 2025-11-09 13:45:11,388: +PARAM [/gains/arm_3_joint/i] by /gazebo
[rosmaster.master][INFO] 2025-11-09 13:45:11,388: +PARAM [/gains/arm_3_joint/d] by /gazebo
[rosmaster.master][INFO] 2025-11-09 13:45:11,389: +PARAM [/gains/arm_3_joint/i_clamp_min] by /gazebo
[rosmaster.master][INFO] 2025-11-09 13:45:11,389: +PARAM [/gains/arm_3_joint/i_clamp_max] by /gazebo
[rosmaster.master][INFO] 2025-11-09 13:45:11,389: +PARAM [/gains/arm_3_joint/antiwindup] by /gazebo
[rosmaster.master][INFO] 2025-11-09 13:45:11,390: +PARAM [/gains/arm_3_joint/p] by /gazebo
[rosmaster.master][INFO] 2025-11-09 13:45:11,390: +PARAM [/gains/arm_3_joint/i] by /gazebo
[rosmaster.master][INFO] 2025-11-09 13:45:11,391: +PARAM [/gains/arm_3_joint/d] by /gazebo
[rosmaster.master][INFO] 2025-11-09 13:45:11,392: +PARAM [/gains/arm_3_joint/i_clamp_min] by /gazebo
[rosmaster.master][INFO] 2025-11-09 13:45:11,393: +PARAM [/gains/arm_3_joint/i_clamp_max] by /gazebo
[rosmaster.master][INFO] 2025-11-09 13:45:11,393: +PARAM [/gains/arm_3_joint/antiwindup] by /gazebo
[rosmaster.master][INFO] 2025-11-09 13:45:11,394: +PARAM [/gains/arm_3_joint/p] by /gazebo
[rosmaster.master][INFO] 2025-11-09 13:45:11,394: +PARAM [/gains/arm_3_joint/i] by /gazebo
[rosmaster.master][INFO] 2025-11-09 13:45:11,395: +PARAM [/gains/arm_3_joint/d] by /gazebo
[rosmaster.master][INFO] 2025-11-09 13:45:11,395: +PARAM [/gains/arm_3_joint/i_clamp_min] by /gazebo
[rosmaster.master][INFO] 2025-11-09 13:45:11,396: +PARAM [/gains/arm_3_joint/i_clamp_max] by /gazebo
[rosmaster.master][INFO] 2025-11-09 13:45:11,396: +PARAM [/gains/arm_3_joint/antiwindup] by /gazebo
[rosmaster.master][INFO] 2025-11-09 13:45:11,397: +PARAM [/gains/arm_3_joint/p] by /gazebo
[rosmaster.master][INFO] 2025-11-09 13:45:11,397: +PARAM [/gains/arm_3_joint/i] by /gazebo
[rosmaster.master][INFO] 2025-11-09 13:45:11,398: +PARAM [/gains/arm_3_joint/d] by /gazebo
[rosmaster.master][INFO] 2025-11-09 13:45:11,398: +PARAM [/gains/arm_3_joint/i_clamp_min] by /gazebo
[rosmaster.master][INFO] 2025-11-09 13:45:11,399: +PARAM [/gains/arm_3_joint/i_clamp_max] by /gazebo
[rosmaster.master][INFO] 2025-11-09 13:45:11,399: +PARAM [/gains/arm_3_joint/antiwindup] by /gazebo
[rosmaster.master][INFO] 2025-11-09 13:45:11,403: +SERVICE [/gains/arm_4_joint/set_parameters] /gazebo http://127.0.0.1:36161/
[rosmaster.master][INFO] 2025-11-09 13:45:11,404: +PUB [/gains/arm_4_joint/parameter_descriptions] /gazebo http://127.0.0.1:36161/
[rosmaster.master][INFO] 2025-11-09 13:45:11,405: +PUB [/gains/arm_4_joint/parameter_updates] /gazebo http://127.0.0.1:36161/
[rosmaster.master][INFO] 2025-11-09 13:45:11,407: +PARAM [/gains/arm_4_joint/p] by /gazebo
[rosmaster.master][INFO] 2025-11-09 13:45:11,408: +PARAM [/gains/arm_4_joint/i] by /gazebo
[rosmaster.master][INFO] 2025-11-09 13:45:11,408: +PARAM [/gains/arm_4_joint/d] by /gazebo
[rosmaster.master][INFO] 2025-11-09 13:45:11,409: +PARAM [/gains/arm_4_joint/i_clamp_min] by /gazebo
[rosmaster.master][INFO] 2025-11-09 13:45:11,409: +PARAM [/gains/arm_4_joint/i_clamp_max] by /gazebo
[rosmaster.master][INFO] 2025-11-09 13:45:11,410: +PARAM [/gains/arm_4_joint/antiwindup] by /gazebo
[rosmaster.master][INFO] 2025-11-09 13:45:11,410: +PARAM [/gains/arm_4_joint/p] by /gazebo
[rosmaster.master][INFO] 2025-11-09 13:45:11,411: +PARAM [/gains/arm_4_joint/i] by /gazebo
[rosmaster.master][INFO] 2025-11-09 13:45:11,412: +PARAM [/gains/arm_4_joint/d] by /gazebo
[rosmaster.master][INFO] 2025-11-09 13:45:11,412: +PARAM [/gains/arm_4_joint/i_clamp_min] by /gazebo
[rosmaster.master][INFO] 2025-11-09 13:45:11,413: +PARAM [/gains/arm_4_joint/i_clamp_max] by /gazebo
[rosmaster.master][INFO] 2025-11-09 13:45:11,413: +PARAM [/gains/arm_4_joint/antiwindup] by /gazebo
[rosmaster.master][INFO] 2025-11-09 13:45:11,414: +PARAM [/gains/arm_4_joint/p] by /gazebo
[rosmaster.master][INFO] 2025-11-09 13:45:11,414: +PARAM [/gains/arm_4_joint/i] by /gazebo
[rosmaster.master][INFO] 2025-11-09 13:45:11,415: +PARAM [/gains/arm_4_joint/d] by /gazebo
[rosmaster.master][INFO] 2025-11-09 13:45:11,415: +PARAM [/gains/arm_4_joint/i_clamp_min] by /gazebo
[rosmaster.master][INFO] 2025-11-09 13:45:11,416: +PARAM [/gains/arm_4_joint/i_clamp_max] by /gazebo
[rosmaster.master][INFO] 2025-11-09 13:45:11,416: +PARAM [/gains/arm_4_joint/antiwindup] by /gazebo
[rosmaster.master][INFO] 2025-11-09 13:45:11,417: +PARAM [/gains/arm_4_joint/p] by /gazebo
[rosmaster.master][INFO] 2025-11-09 13:45:11,417: +PARAM [/gains/arm_4_joint/i] by /gazebo
[rosmaster.master][INFO] 2025-11-09 13:45:11,417: +PARAM [/gains/arm_4_joint/d] by /gazebo
[rosmaster.master][INFO] 2025-11-09 13:45:11,418: +PARAM [/gains/arm_4_joint/i_clamp_min] by /gazebo
[rosmaster.master][INFO] 2025-11-09 13:45:11,418: +PARAM [/gains/arm_4_joint/i_clamp_max] by /gazebo
[rosmaster.master][INFO] 2025-11-09 13:45:11,418: +PARAM [/gains/arm_4_joint/antiwindup] by /gazebo
[rosmaster.master][INFO] 2025-11-09 13:45:11,423: +SERVICE [/gains/hand_thumb_joint/set_parameters] /gazebo http://127.0.0.1:36161/
[rosmaster.master][INFO] 2025-11-09 13:45:11,423: +PUB [/gains/hand_thumb_joint/parameter_descriptions] /gazebo http://127.0.0.1:36161/
[rosmaster.master][INFO] 2025-11-09 13:45:11,424: +PUB [/gains/hand_thumb_joint/parameter_updates] /gazebo http://127.0.0.1:36161/
[rosmaster.master][INFO] 2025-11-09 13:45:11,426: +PARAM [/gains/hand_thumb_joint/p] by /gazebo
[rosmaster.master][INFO] 2025-11-09 13:45:11,427: +PARAM [/gains/hand_thumb_joint/i] by /gazebo
[rosmaster.master][INFO] 2025-11-09 13:45:11,427: +PARAM [/gains/hand_thumb_joint/d] by /gazebo
[rosmaster.master][INFO] 2025-11-09 13:45:11,427: +PARAM [/gains/hand_thumb_joint/i_clamp_min] by /gazebo
[rosmaster.master][INFO] 2025-11-09 13:45:11,428: +PARAM [/gains/hand_thumb_joint/i_clamp_max] by /gazebo
[rosmaster.master][INFO] 2025-11-09 13:45:11,428: +PARAM [/gains/hand_thumb_joint/antiwindup] by /gazebo
[rosmaster.master][INFO] 2025-11-09 13:45:11,429: +PARAM [/gains/hand_thumb_joint/p] by /gazebo
[rosmaster.master][INFO] 2025-11-09 13:45:11,429: +PARAM [/gains/hand_thumb_joint/i] by /gazebo
[rosmaster.master][INFO] 2025-11-09 13:45:11,429: +PARAM [/gains/hand_thumb_joint/d] by /gazebo
[rosmaster.master][INFO] 2025-11-09 13:45:11,430: +PARAM [/gains/hand_thumb_joint/i_clamp_min] by /gazebo
[rosmaster.master][INFO] 2025-11-09 13:45:11,430: +PARAM [/gains/hand_thumb_joint/i_clamp_max] by /gazebo
[rosmaster.master][INFO] 2025-11-09 13:45:11,431: +PARAM [/gains/hand_thumb_joint/antiwindup] by /gazebo
[rosmaster.master][INFO] 2025-11-09 13:45:11,431: +PARAM [/gains/hand_thumb_joint/p] by /gazebo
[rosmaster.master][INFO] 2025-11-09 13:45:11,432: +PARAM [/gains/hand_thumb_joint/i] by /gazebo
[rosmaster.master][INFO] 2025-11-09 13:45:11,432: +PARAM [/gains/hand_thumb_joint/d] by /gazebo
[rosmaster.master][INFO] 2025-11-09 13:45:11,432: +PARAM [/gains/hand_thumb_joint/i_clamp_min] by /gazebo
[rosmaster.master][INFO] 2025-11-09 13:45:11,433: +PARAM [/gains/hand_thumb_joint/i_clamp_max] by /gazebo
[rosmaster.master][INFO] 2025-11-09 13:45:11,433: +PARAM [/gains/hand_thumb_joint/antiwindup] by /gazebo
[rosmaster.master][INFO] 2025-11-09 13:45:11,434: +PARAM [/gains/hand_thumb_joint/p] by /gazebo
[rosmaster.master][INFO] 2025-11-09 13:45:11,434: +PARAM [/gains/hand_thumb_joint/i] by /gazebo
[rosmaster.master][INFO] 2025-11-09 13:45:11,435: +PARAM [/gains/hand_thumb_joint/d] by /gazebo
[rosmaster.master][INFO] 2025-11-09 13:45:11,435: +PARAM [/gains/hand_thumb_joint/i_clamp_min] by /gazebo
[rosmaster.master][INFO] 2025-11-09 13:45:11,435: +PARAM [/gains/hand_thumb_joint/i_clamp_max] by /gazebo
[rosmaster.master][INFO] 2025-11-09 13:45:11,436: +PARAM [/gains/hand_thumb_joint/antiwindup] by /gazebo
[rosmaster.master][INFO] 2025-11-09 13:45:11,440: +SERVICE [/gains/hand_index_joint/set_parameters] /gazebo http://127.0.0.1:36161/
[rosmaster.master][INFO] 2025-11-09 13:45:11,440: +PUB [/gains/hand_index_joint/parameter_descriptions] /gazebo http://127.0.0.1:36161/
[rosmaster.master][INFO] 2025-11-09 13:45:11,441: +PUB [/gains/hand_index_joint/parameter_updates] /gazebo http://127.0.0.1:36161/
[rosmaster.master][INFO] 2025-11-09 13:45:11,443: +PARAM [/gains/hand_index_joint/p] by /gazebo
[rosmaster.master][INFO] 2025-11-09 13:45:11,443: +PARAM [/gains/hand_index_joint/i] by /gazebo
[rosmaster.master][INFO] 2025-11-09 13:45:11,444: +PARAM [/gains/hand_index_joint/d] by /gazebo
[rosmaster.master][INFO] 2025-11-09 13:45:11,444: +PARAM [/gains/hand_index_joint/i_clamp_min] by /gazebo
[rosmaster.master][INFO] 2025-11-09 13:45:11,445: +PARAM [/gains/hand_index_joint/i_clamp_max] by /gazebo
[rosmaster.master][INFO] 2025-11-09 13:45:11,445: +PARAM [/gains/hand_index_joint/antiwindup] by /gazebo
[rosmaster.master][INFO] 2025-11-09 13:45:11,445: +PARAM [/gains/hand_index_joint/p] by /gazebo
[rosmaster.master][INFO] 2025-11-09 13:45:11,446: +PARAM [/gains/hand_index_joint/i] by /gazebo
[rosmaster.master][INFO] 2025-11-09 13:45:11,446: +PARAM [/gains/hand_index_joint/d] by /gazebo
[rosmaster.master][INFO] 2025-11-09 13:45:11,447: +PARAM [/gains/hand_index_joint/i_clamp_min] by /gazebo
[rosmaster.master][INFO] 2025-11-09 13:45:11,447: +PARAM [/gains/hand_index_joint/i_clamp_max] by /gazebo
[rosmaster.master][INFO] 2025-11-09 13:45:11,448: +PARAM [/gains/hand_index_joint/antiwindup] by /gazebo
[rosmaster.master][INFO] 2025-11-09 13:45:11,448: +PARAM [/gains/hand_index_joint/p] by /gazebo
[rosmaster.master][INFO] 2025-11-09 13:45:11,448: +PARAM [/gains/hand_index_joint/i] by /gazebo
[rosmaster.master][INFO] 2025-11-09 13:45:11,449: +PARAM [/gains/hand_index_joint/d] by /gazebo
[rosmaster.master][INFO] 2025-11-09 13:45:11,449: +PARAM [/gains/hand_index_joint/i_clamp_min] by /gazebo
[rosmaster.master][INFO] 2025-11-09 13:45:11,450: +PARAM [/gains/hand_index_joint/i_clamp_max] by /gazebo
[rosmaster.master][INFO] 2025-11-09 13:45:11,450: +PARAM [/gains/hand_index_joint/antiwindup] by /gazebo
[rosmaster.master][INFO] 2025-11-09 13:45:11,451: +PARAM [/gains/hand_index_joint/p] by /gazebo
[rosmaster.master][INFO] 2025-11-09 13:45:11,451: +PARAM [/gains/hand_index_joint/i] by /gazebo
[rosmaster.master][INFO] 2025-11-09 13:45:11,451: +PARAM [/gains/hand_index_joint/d] by /gazebo
[rosmaster.master][INFO] 2025-11-09 13:45:11,452: +PARAM [/gains/hand_index_joint/i_clamp_min] by /gazebo
[rosmaster.master][INFO] 2025-11-09 13:45:11,452: +PARAM [/gains/hand_index_joint/i_clamp_max] by /gazebo
[rosmaster.master][INFO] 2025-11-09 13:45:11,453: +PARAM [/gains/hand_index_joint/antiwindup] by /gazebo
[rosmaster.master][INFO] 2025-11-09 13:45:11,457: +SERVICE [/gains/hand_mrl_joint/set_parameters] /gazebo http://127.0.0.1:36161/
[rosmaster.master][INFO] 2025-11-09 13:45:11,457: +PUB [/gains/hand_mrl_joint/parameter_descriptions] /gazebo http://127.0.0.1:36161/
[rosmaster.master][INFO] 2025-11-09 13:45:11,458: +PUB [/gains/hand_mrl_joint/parameter_updates] /gazebo http://127.0.0.1:36161/
[rosmaster.master][INFO] 2025-11-09 13:45:11,460: +PARAM [/gains/hand_mrl_joint/p] by /gazebo
[rosmaster.master][INFO] 2025-11-09 13:45:11,460: +PARAM [/gains/hand_mrl_joint/i] by /gazebo
[rosmaster.master][INFO] 2025-11-09 13:45:11,461: +PARAM [/gains/hand_mrl_joint/d] by /gazebo
[rosmaster.master][INFO] 2025-11-09 13:45:11,461: +PARAM [/gains/hand_mrl_joint/i_clamp_min] by /gazebo
[rosmaster.master][INFO] 2025-11-09 13:45:11,462: +PARAM [/gains/hand_mrl_joint/i_clamp_max] by /gazebo
[rosmaster.master][INFO] 2025-11-09 13:45:11,462: +PARAM [/gains/hand_mrl_joint/antiwindup] by /gazebo
[rosmaster.master][INFO] 2025-11-09 13:45:11,463: +PARAM [/gains/hand_mrl_joint/p] by /gazebo
[rosmaster.master][INFO] 2025-11-09 13:45:11,463: +PARAM [/gains/hand_mrl_joint/i] by /gazebo
[rosmaster.master][INFO] 2025-11-09 13:45:11,464: +PARAM [/gains/hand_mrl_joint/d] by /gazebo
[rosmaster.master][INFO] 2025-11-09 13:45:11,464: +PARAM [/gains/hand_mrl_joint/i_clamp_min] by /gazebo
[rosmaster.master][INFO] 2025-11-09 13:45:11,465: +PARAM [/gains/hand_mrl_joint/i_clamp_max] by /gazebo
[rosmaster.master][INFO] 2025-11-09 13:45:11,465: +PARAM [/gains/hand_mrl_joint/antiwindup] by /gazebo
[rosmaster.master][INFO] 2025-11-09 13:45:11,465: +PARAM [/gains/hand_mrl_joint/p] by /gazebo
[rosmaster.master][INFO] 2025-11-09 13:45:11,466: +PARAM [/gains/hand_mrl_joint/i] by /gazebo
[rosmaster.master][INFO] 2025-11-09 13:45:11,466: +PARAM [/gains/hand_mrl_joint/d] by /gazebo
[rosmaster.master][INFO] 2025-11-09 13:45:11,467: +PARAM [/gains/hand_mrl_joint/i_clamp_min] by /gazebo
[rosmaster.master][INFO] 2025-11-09 13:45:11,467: +PARAM [/gains/hand_mrl_joint/i_clamp_max] by /gazebo
[rosmaster.master][INFO] 2025-11-09 13:45:11,468: +PARAM [/gains/hand_mrl_joint/antiwindup] by /gazebo
[rosmaster.master][INFO] 2025-11-09 13:45:11,468: +PARAM [/gains/hand_mrl_joint/p] by /gazebo
[rosmaster.master][INFO] 2025-11-09 13:45:11,469: +PARAM [/gains/hand_mrl_joint/i] by /gazebo
[rosmaster.master][INFO] 2025-11-09 13:45:11,469: +PARAM [/gains/hand_mrl_joint/d] by /gazebo
[rosmaster.master][INFO] 2025-11-09 13:45:11,469: +PARAM [/gains/hand_mrl_joint/i_clamp_min] by /gazebo
[rosmaster.master][INFO] 2025-11-09 13:45:11,470: +PARAM [/gains/hand_mrl_joint/i_clamp_max] by /gazebo
[rosmaster.master][INFO] 2025-11-09 13:45:11,470: +PARAM [/gains/hand_mrl_joint/antiwindup] by /gazebo
[rosmaster.master][INFO] 2025-11-09 13:45:11,489: +SERVICE [/controller_manager/list_controllers] /gazebo http://127.0.0.1:36161/
[rosmaster.master][INFO] 2025-11-09 13:45:11,489: +SERVICE [/controller_manager/list_controller_types] /gazebo http://127.0.0.1:36161/
[rosmaster.master][INFO] 2025-11-09 13:45:11,490: +SERVICE [/controller_manager/load_controller] /gazebo http://127.0.0.1:36161/
[rosmaster.master][INFO] 2025-11-09 13:45:11,490: +SERVICE [/controller_manager/unload_controller] /gazebo http://127.0.0.1:36161/
[rosmaster.master][INFO] 2025-11-09 13:45:11,491: +SERVICE [/controller_manager/switch_controller] /gazebo http://127.0.0.1:36161/
[rosmaster.master][INFO] 2025-11-09 13:45:11,491: +SERVICE [/controller_manager/reload_controller_libraries] /gazebo http://127.0.0.1:36161/
[rosmaster.master][INFO] 2025-11-09 13:45:11,507: +PUB [/ground_truth_odom] /gazebo http://127.0.0.1:36161/
[rosmaster.master][INFO] 2025-11-09 13:45:11,524: +PUB [/gazebo/world_odometry/parameter_descriptions] /gazebo http://127.0.0.1:36161/
[rosmaster.master][INFO] 2025-11-09 13:45:11,525: +PUB [/gazebo/world_odometry/parameter_updates] /gazebo http://127.0.0.1:36161/
[rosmaster.master][INFO] 2025-11-09 13:45:11,526: +SERVICE [/gazebo/world_odometry/set_parameters] /gazebo http://127.0.0.1:36161/
[rosmaster.master][INFO] 2025-11-09 13:45:11,528: +PUB [/floating_base_pose_simulated] /gazebo http://127.0.0.1:36161/
[rosmaster.master][INFO] 2025-11-09 13:45:11,543: +SERVICE [/gains/hand_thumb_abd_joint/set_parameters] /gazebo http://127.0.0.1:36161/
[rosmaster.master][INFO] 2025-11-09 13:45:11,544: +PUB [/gains/hand_thumb_abd_joint/parameter_descriptions] /gazebo http://127.0.0.1:36161/
[rosmaster.master][INFO] 2025-11-09 13:45:11,544: +PUB [/gains/hand_thumb_abd_joint/parameter_updates] /gazebo http://127.0.0.1:36161/
[rosmaster.master][INFO] 2025-11-09 13:45:11,547: +PARAM [/gains/hand_thumb_abd_joint/p] by /gazebo
[rosmaster.master][INFO] 2025-11-09 13:45:11,547: +PARAM [/gains/hand_thumb_abd_joint/i] by /gazebo
[rosmaster.master][INFO] 2025-11-09 13:45:11,548: +PARAM [/gains/hand_thumb_abd_joint/d] by /gazebo
[rosmaster.master][INFO] 2025-11-09 13:45:11,548: +PARAM [/gains/hand_thumb_abd_joint/i_clamp_min] by /gazebo
[rosmaster.master][INFO] 2025-11-09 13:45:11,549: +PARAM [/gains/hand_thumb_abd_joint/i_clamp_max] by /gazebo
[rosmaster.master][INFO] 2025-11-09 13:45:11,549: +PARAM [/gains/hand_thumb_abd_joint/antiwindup] by /gazebo
[rosmaster.master][INFO] 2025-11-09 13:45:11,549: +PARAM [/gains/hand_thumb_abd_joint/p] by /gazebo
[rosmaster.master][INFO] 2025-11-09 13:45:11,550: +PARAM [/gains/hand_thumb_abd_joint/i] by /gazebo
[rosmaster.master][INFO] 2025-11-09 13:45:11,550: +PARAM [/gains/hand_thumb_abd_joint/d] by /gazebo
[rosmaster.master][INFO] 2025-11-09 13:45:11,551: +PARAM [/gains/hand_thumb_abd_joint/i_clamp_min] by /gazebo
[rosmaster.master][INFO] 2025-11-09 13:45:11,551: +PARAM [/gains/hand_thumb_abd_joint/i_clamp_max] by /gazebo
[rosmaster.master][INFO] 2025-11-09 13:45:11,552: +PARAM [/gains/hand_thumb_abd_joint/antiwindup] by /gazebo
[rosmaster.master][INFO] 2025-11-09 13:45:11,552: +PARAM [/gains/hand_thumb_abd_joint/p] by /gazebo
[rosmaster.master][INFO] 2025-11-09 13:45:11,553: +PARAM [/gains/hand_thumb_abd_joint/i] by /gazebo
[rosmaster.master][INFO] 2025-11-09 13:45:11,553: +PARAM [/gains/hand_thumb_abd_joint/d] by /gazebo
[rosmaster.master][INFO] 2025-11-09 13:45:11,554: +PARAM [/gains/hand_thumb_abd_joint/i_clamp_min] by /gazebo
[rosmaster.master][INFO] 2025-11-09 13:45:11,554: +PARAM [/gains/hand_thumb_abd_joint/i_clamp_max] by /gazebo
[rosmaster.master][INFO] 2025-11-09 13:45:11,555: +PARAM [/gains/hand_thumb_abd_joint/antiwindup] by /gazebo
[rosmaster.master][INFO] 2025-11-09 13:45:11,555: +PARAM [/gains/hand_thumb_abd_joint/p] by /gazebo
[rosmaster.master][INFO] 2025-11-09 13:45:11,555: +PARAM [/gains/hand_thumb_abd_joint/i] by /gazebo
[rosmaster.master][INFO] 2025-11-09 13:45:11,556: +PARAM [/gains/hand_thumb_abd_joint/d] by /gazebo
[rosmaster.master][INFO] 2025-11-09 13:45:11,557: +PARAM [/gains/hand_thumb_abd_joint/i_clamp_min] by /gazebo
[rosmaster.master][INFO] 2025-11-09 13:45:11,557: +PARAM [/gains/hand_thumb_abd_joint/i_clamp_max] by /gazebo
[rosmaster.master][INFO] 2025-11-09 13:45:11,558: +PARAM [/gains/hand_thumb_abd_joint/antiwindup] by /gazebo
[rosmaster.master][INFO] 2025-11-09 13:45:11,565: +SERVICE [/gains/hand_thumb_flex_1_joint/set_parameters] /gazebo http://127.0.0.1:36161/
[rosmaster.master][INFO] 2025-11-09 13:45:11,566: +PUB [/gains/hand_thumb_flex_1_joint/parameter_descriptions] /gazebo http://127.0.0.1:36161/
[rosmaster.master][INFO] 2025-11-09 13:45:11,566: +CACHEDPARAM [/rosout_disable_topics_generation] by /hand_controller_spawner
[rosmaster.master][INFO] 2025-11-09 13:45:11,567: +PUB [/gains/hand_thumb_flex_1_joint/parameter_updates] /gazebo http://127.0.0.1:36161/
[rosmaster.master][INFO] 2025-11-09 13:45:11,571: +PARAM [/gains/hand_thumb_flex_1_joint/p] by /gazebo
[rosmaster.master][INFO] 2025-11-09 13:45:11,571: +CACHEDPARAM [/rosout_disable_topics_generation] by /hand_controller_spawner
[rosmaster.master][INFO] 2025-11-09 13:45:11,572: +PARAM [/gains/hand_thumb_flex_1_joint/i] by /gazebo
[rosmaster.master][INFO] 2025-11-09 13:45:11,572: +PARAM [/gains/hand_thumb_flex_1_joint/d] by /gazebo
[rosmaster.master][INFO] 2025-11-09 13:45:11,573: +PARAM [/gains/hand_thumb_flex_1_joint/i_clamp_min] by /gazebo
[rosmaster.master][INFO] 2025-11-09 13:45:11,574: +PARAM [/gains/hand_thumb_flex_1_joint/i_clamp_max] by /gazebo
[rosmaster.master][INFO] 2025-11-09 13:45:11,575: +PARAM [/gains/hand_thumb_flex_1_joint/antiwindup] by /gazebo
[rosmaster.master][INFO] 2025-11-09 13:45:11,575: +PARAM [/gains/hand_thumb_flex_1_joint/p] by /gazebo
[rosmaster.master][INFO] 2025-11-09 13:45:11,576: +PARAM [/gains/hand_thumb_flex_1_joint/i] by /gazebo
[rosmaster.master][INFO] 2025-11-09 13:45:11,577: +CACHEDPARAM [/rosout_disable_topics_generation] by /hand_controller_spawner
[rosmaster.master][INFO] 2025-11-09 13:45:11,577: +PARAM [/gains/hand_thumb_flex_1_joint/d] by /gazebo
[rosmaster.master][INFO] 2025-11-09 13:45:11,578: +PARAM [/gains/hand_thumb_flex_1_joint/i_clamp_min] by /gazebo
[rosmaster.master][INFO] 2025-11-09 13:45:11,579: +PARAM [/gains/hand_thumb_flex_1_joint/i_clamp_max] by /gazebo
[rosmaster.master][INFO] 2025-11-09 13:45:11,579: +PARAM [/gains/hand_thumb_flex_1_joint/antiwindup] by /gazebo
[rosmaster.master][INFO] 2025-11-09 13:45:11,580: +PARAM [/gains/hand_thumb_flex_1_joint/p] by /gazebo
[rosmaster.master][INFO] 2025-11-09 13:45:11,581: +PARAM [/gains/hand_thumb_flex_1_joint/i] by /gazebo
[rosmaster.master][INFO] 2025-11-09 13:45:11,582: +PARAM [/gains/hand_thumb_flex_1_joint/d] by /gazebo
[rosmaster.master][INFO] 2025-11-09 13:45:11,583: +PARAM [/gains/hand_thumb_flex_1_joint/i_clamp_min] by /gazebo
[rosmaster.master][INFO] 2025-11-09 13:45:11,584: +PARAM [/gains/hand_thumb_flex_1_joint/i_clamp_max] by /gazebo
[rosmaster.master][INFO] 2025-11-09 13:45:11,585: +PARAM [/gains/hand_thumb_flex_1_joint/antiwindup] by /gazebo
[rosmaster.master][INFO] 2025-11-09 13:45:11,586: +PARAM [/gains/hand_thumb_flex_1_joint/p] by /gazebo
[rosmaster.master][INFO] 2025-11-09 13:45:11,586: +PARAM [/gains/hand_thumb_flex_1_joint/i] by /gazebo
[rosmaster.master][INFO] 2025-11-09 13:45:11,587: +PARAM [/gains/hand_thumb_flex_1_joint/d] by /gazebo
[rosmaster.master][INFO] 2025-11-09 13:45:11,588: +PARAM [/gains/hand_thumb_flex_1_joint/i_clamp_min] by /gazebo
[rosmaster.master][INFO] 2025-11-09 13:45:11,588: +PARAM [/gains/hand_thumb_flex_1_joint/i_clamp_max] by /gazebo
[rosmaster.master][INFO] 2025-11-09 13:45:11,589: +PARAM [/gains/hand_thumb_flex_1_joint/antiwindup] by /gazebo
[rosmaster.master][INFO] 2025-11-09 13:45:11,590: +CACHEDPARAM [/rosout_disable_topics_generation] by /bringup_controllers_spawner_ft
[rosmaster.master][INFO] 2025-11-09 13:45:11,594: +CACHEDPARAM [/rosout_disable_topics_generation] by /default_controllers_spawner
[rosmaster.master][INFO] 2025-11-09 13:45:11,602: +CACHEDPARAM [/rosout_disable_topics_generation] by /bringup_controllers_spawner_ft
[rosmaster.master][INFO] 2025-11-09 13:45:11,604: +CACHEDPARAM [/rosout_disable_topics_generation] by /default_controllers_spawner
[rosmaster.master][INFO] 2025-11-09 13:45:11,605: +SERVICE [/gains/hand_thumb_virtual_1_joint/set_parameters] /gazebo http://127.0.0.1:36161/
[rosmaster.master][INFO] 2025-11-09 13:45:11,607: +PUB [/gains/hand_thumb_virtual_1_joint/parameter_descriptions] /gazebo http://127.0.0.1:36161/
[rosmaster.master][INFO] 2025-11-09 13:45:11,610: +PUB [/gains/hand_thumb_virtual_1_joint/parameter_updates] /gazebo http://127.0.0.1:36161/
[rosmaster.master][INFO] 2025-11-09 13:45:11,612: +CACHEDPARAM [/rosout_disable_topics_generation] by /bringup_controllers_spawner_ft
[rosmaster.master][INFO] 2025-11-09 13:45:11,614: +CACHEDPARAM [/rosout_disable_topics_generation] by /default_controllers_spawner
[rosmaster.master][INFO] 2025-11-09 13:45:11,617: +PARAM [/gains/hand_thumb_virtual_1_joint/p] by /gazebo
[rosmaster.master][INFO] 2025-11-09 13:45:11,625: +PARAM [/gains/hand_thumb_virtual_1_joint/i] by /gazebo
[rosmaster.master][INFO] 2025-11-09 13:45:11,630: +PARAM [/gains/hand_thumb_virtual_1_joint/d] by /gazebo
[rosmaster.master][INFO] 2025-11-09 13:45:11,632: +PARAM [/gains/hand_thumb_virtual_1_joint/i_clamp_min] by /gazebo
[rosmaster.master][INFO] 2025-11-09 13:45:11,634: +PARAM [/gains/hand_thumb_virtual_1_joint/i_clamp_max] by /gazebo
[rosmaster.master][INFO] 2025-11-09 13:45:11,635: +PARAM [/gains/hand_thumb_virtual_1_joint/antiwindup] by /gazebo
[rosmaster.master][INFO] 2025-11-09 13:45:11,637: +PARAM [/gains/hand_thumb_virtual_1_joint/p] by /gazebo
[rosmaster.master][INFO] 2025-11-09 13:45:11,638: +PARAM [/gains/hand_thumb_virtual_1_joint/i] by /gazebo
[rosmaster.master][INFO] 2025-11-09 13:45:11,639: +PARAM [/gains/hand_thumb_virtual_1_joint/d] by /gazebo
[rosmaster.master][INFO] 2025-11-09 13:45:11,641: +PARAM [/gains/hand_thumb_virtual_1_joint/i_clamp_min] by /gazebo
[rosmaster.master][INFO] 2025-11-09 13:45:11,642: +CACHEDPARAM [/rosout_disable_topics_generation] by /bringup_controllers_spawner_imu
[rosmaster.master][INFO] 2025-11-09 13:45:11,643: +PARAM [/gains/hand_thumb_virtual_1_joint/i_clamp_max] by /gazebo
[rosmaster.master][INFO] 2025-11-09 13:45:11,644: +PARAM [/gains/hand_thumb_virtual_1_joint/antiwindup] by /gazebo
[rosmaster.master][INFO] 2025-11-09 13:45:11,645: +PARAM [/gains/hand_thumb_virtual_1_joint/p] by /gazebo
[rosmaster.master][INFO] 2025-11-09 13:45:11,645: +PARAM [/gains/hand_thumb_virtual_1_joint/i] by /gazebo
[rosmaster.master][INFO] 2025-11-09 13:45:11,646: +PARAM [/gains/hand_thumb_virtual_1_joint/d] by /gazebo
[rosmaster.master][INFO] 2025-11-09 13:45:11,647: +PARAM [/gains/hand_thumb_virtual_1_joint/i_clamp_min] by /gazebo
[rosmaster.master][INFO] 2025-11-09 13:45:11,649: +PARAM [/gains/hand_thumb_virtual_1_joint/i_clamp_max] by /gazebo
[rosmaster.master][INFO] 2025-11-09 13:45:11,650: +PARAM [/gains/hand_thumb_virtual_1_joint/antiwindup] by /gazebo
[rosmaster.master][INFO] 2025-11-09 13:45:11,651: +PARAM [/gains/hand_thumb_virtual_1_joint/p] by /gazebo
[rosmaster.master][INFO] 2025-11-09 13:45:11,652: +CACHEDPARAM [/rosout_disable_topics_generation] by /bringup_controllers_spawner_imu
[rosmaster.master][INFO] 2025-11-09 13:45:11,653: +PARAM [/gains/hand_thumb_virtual_1_joint/i] by /gazebo
[rosmaster.master][INFO] 2025-11-09 13:45:11,655: +PARAM [/gains/hand_thumb_virtual_1_joint/d] by /gazebo
[rosmaster.master][INFO] 2025-11-09 13:45:11,660: +PARAM [/gains/hand_thumb_virtual_1_joint/i_clamp_min] by /gazebo
[rosmaster.master][INFO] 2025-11-09 13:45:11,660: +CACHEDPARAM [/rosout_disable_topics_generation] by /bringup_controllers_spawner_imu
[rosmaster.master][INFO] 2025-11-09 13:45:11,663: +PARAM [/gains/hand_thumb_virtual_1_joint/i_clamp_max] by /gazebo
[rosmaster.master][INFO] 2025-11-09 13:45:11,664: +PARAM [/gains/hand_thumb_virtual_1_joint/antiwindup] by /gazebo
[rosmaster.master][INFO] 2025-11-09 13:45:11,670: +SUB [/hand_controller/command] /gazebo http://127.0.0.1:36161/
[rosmaster.master][INFO] 2025-11-09 13:45:11,672: +PUB [/hand_controller/state] /gazebo http://127.0.0.1:36161/
[rosmaster.master][INFO] 2025-11-09 13:45:11,675: +PUB [/hand_controller/follow_joint_trajectory/result] /gazebo http://127.0.0.1:36161/
[rosmaster.master][INFO] 2025-11-09 13:45:11,676: +PUB [/hand_controller/follow_joint_trajectory/feedback] /gazebo http://127.0.0.1:36161/
[rosmaster.master][INFO] 2025-11-09 13:45:11,677: +SERVICE [/gains/hand_thumb_flex_2_joint/set_parameters] /gazebo http://127.0.0.1:36161/
[rosmaster.master][INFO] 2025-11-09 13:45:11,677: +PUB [/hand_controller/follow_joint_trajectory/status] /gazebo http://127.0.0.1:36161/
[rosmaster.master][INFO] 2025-11-09 13:45:11,677: +PUB [/gains/hand_thumb_flex_2_joint/parameter_descriptions] /gazebo http://127.0.0.1:36161/
[rosmaster.master][INFO] 2025-11-09 13:45:11,678: +PUB [/gains/hand_thumb_flex_2_joint/parameter_updates] /gazebo http://127.0.0.1:36161/
[rosmaster.master][INFO] 2025-11-09 13:45:11,683: +SUB [/hand_controller/follow_joint_trajectory/goal] /gazebo http://127.0.0.1:36161/
[rosmaster.master][INFO] 2025-11-09 13:45:11,686: +PARAM [/gains/hand_thumb_flex_2_joint/p] by /gazebo
[rosmaster.master][INFO] 2025-11-09 13:45:11,687: +PARAM [/gains/hand_thumb_flex_2_joint/i] by /gazebo
[rosmaster.master][INFO] 2025-11-09 13:45:11,688: +PARAM [/gains/hand_thumb_flex_2_joint/d] by /gazebo
[rosmaster.master][INFO] 2025-11-09 13:45:11,689: +PARAM [/gains/hand_thumb_flex_2_joint/i_clamp_min] by /gazebo
[rosmaster.master][INFO] 2025-11-09 13:45:11,690: +SUB [/hand_controller/follow_joint_trajectory/cancel] /gazebo http://127.0.0.1:36161/
[rosmaster.master][INFO] 2025-11-09 13:45:11,691: +PARAM [/gains/hand_thumb_flex_2_joint/i_clamp_max] by /gazebo
[rosmaster.master][INFO] 2025-11-09 13:45:11,691: +SERVICE [/hand_controller/query_state] /gazebo http://127.0.0.1:36161/
[rosmaster.master][INFO] 2025-11-09 13:45:11,692: +PARAM [/gains/hand_thumb_flex_2_joint/antiwindup] by /gazebo
[rosmaster.master][INFO] 2025-11-09 13:45:11,693: +PARAM [/gains/hand_thumb_flex_2_joint/p] by /gazebo
[rosmaster.master][INFO] 2025-11-09 13:45:11,694: +PARAM [/gains/hand_thumb_flex_2_joint/i] by /gazebo
[rosmaster.master][INFO] 2025-11-09 13:45:11,696: +PARAM [/gains/hand_thumb_flex_2_joint/d] by /gazebo
[rosmaster.master][INFO] 2025-11-09 13:45:11,696: +CACHEDPARAM [/rosout_disable_topics_generation] by /hand_controller_spawner
[rosmaster.master][INFO] 2025-11-09 13:45:11,697: +PARAM [/gains/hand_thumb_flex_2_joint/i_clamp_min] by /gazebo
[rosmaster.master][INFO] 2025-11-09 13:45:11,703: +PARAM [/gains/hand_thumb_flex_2_joint/i_clamp_max] by /gazebo
[rosmaster.master][INFO] 2025-11-09 13:45:11,704: +PARAM [/gains/hand_thumb_flex_2_joint/antiwindup] by /gazebo
[rosmaster.master][INFO] 2025-11-09 13:45:11,705: +PUB [/wrist_ft] /gazebo http://127.0.0.1:36161/
[rosmaster.master][INFO] 2025-11-09 13:45:11,706: +PARAM [/gains/hand_thumb_flex_2_joint/p] by /gazebo
[rosmaster.master][INFO] 2025-11-09 13:45:11,707: +PUB [/wrist_ft_temperature] /gazebo http://127.0.0.1:36161/
[rosmaster.master][INFO] 2025-11-09 13:45:11,707: +PARAM [/gains/hand_thumb_flex_2_joint/i] by /gazebo
[rosmaster.master][INFO] 2025-11-09 13:45:11,708: +PARAM [/gains/hand_thumb_flex_2_joint/d] by /gazebo
[rosmaster.master][INFO] 2025-11-09 13:45:11,709: +PARAM [/gains/hand_thumb_flex_2_joint/i_clamp_min] by /gazebo
[rosmaster.master][INFO] 2025-11-09 13:45:11,709: +PARAM [/gains/hand_thumb_flex_2_joint/i_clamp_max] by /gazebo
[rosmaster.master][INFO] 2025-11-09 13:45:11,710: +CACHEDPARAM [/rosout_disable_topics_generation] by /bringup_controllers_spawner_ft
[rosmaster.master][INFO] 2025-11-09 13:45:11,710: +PARAM [/gains/hand_thumb_flex_2_joint/antiwindup] by /gazebo
[rosmaster.master][INFO] 2025-11-09 13:45:11,711: +PARAM [/gains/hand_thumb_flex_2_joint/p] by /gazebo
[rosmaster.master][INFO] 2025-11-09 13:45:11,712: +PARAM [/gains/hand_thumb_flex_2_joint/i] by /gazebo
[rosmaster.master][INFO] 2025-11-09 13:45:11,712: +PARAM [/gains/hand_thumb_flex_2_joint/d] by /gazebo
[rosmaster.master][INFO] 2025-11-09 13:45:11,713: +PARAM [/gains/hand_thumb_flex_2_joint/i_clamp_min] by /gazebo
[rosmaster.master][INFO] 2025-11-09 13:45:11,714: +PARAM [/gains/hand_thumb_flex_2_joint/i_clamp_max] by /gazebo
[rosmaster.master][INFO] 2025-11-09 13:45:11,714: publisherUpdate[/hand_controller/follow_joint_trajectory/result] -> http://127.0.0.1:36459/ ['http://127.0.0.1:36161/']
[rosmaster.master][INFO] 2025-11-09 13:45:11,715: +PARAM [/gains/hand_thumb_flex_2_joint/antiwindup] by /gazebo
[rosmaster.master][INFO] 2025-11-09 13:45:11,717: publisherUpdate[/hand_controller/follow_joint_trajectory/result] -> http://127.0.0.1:36459/ ['http://127.0.0.1:36161/']: sec=0.00, result=[1, '', 0]
[rosmaster.master][INFO] 2025-11-09 13:45:11,717: publisherUpdate[/hand_controller/follow_joint_trajectory/feedback] -> http://127.0.0.1:36459/ ['http://127.0.0.1:36161/']
[rosmaster.master][INFO] 2025-11-09 13:45:11,718: +PUB [/joint_states] /gazebo http://127.0.0.1:36161/
[rosmaster.master][INFO] 2025-11-09 13:45:11,721: publisherUpdate[/hand_controller/follow_joint_trajectory/feedback] -> http://127.0.0.1:36459/ ['http://127.0.0.1:36161/']: sec=0.00, result=[1, '', 0]
[rosmaster.master][INFO] 2025-11-09 13:45:11,721: publisherUpdate[/hand_controller/follow_joint_trajectory/status] -> http://127.0.0.1:36459/ ['http://127.0.0.1:36161/']
[rosmaster.master][INFO] 2025-11-09 13:45:11,724: publisherUpdate[/hand_controller/follow_joint_trajectory/status] -> http://127.0.0.1:36459/ ['http://127.0.0.1:36161/']: sec=0.00, result=[1, '', 0]
[rosmaster.master][INFO] 2025-11-09 13:45:11,725: publisherUpdate[/joint_states] -> http://127.0.0.1:37143/ ['http://127.0.0.1:36161/']
[rosmaster.master][INFO] 2025-11-09 13:45:11,725: publisherUpdate[/joint_states] -> http://127.0.0.1:43311/ ['http://127.0.0.1:36161/']
[rosmaster.master][INFO] 2025-11-09 13:45:11,729: +SERVICE [/gains/hand_thumb_virtual_2_joint/set_parameters] /gazebo http://127.0.0.1:36161/
[rosmaster.master][INFO] 2025-11-09 13:45:11,747: +PUB [/base_imu] /gazebo http://127.0.0.1:36161/
[rosmaster.master][INFO] 2025-11-09 13:45:11,748: +CACHEDPARAM [/rosout_disable_topics_generation] by /default_controllers_spawner
[rosmaster.master][INFO] 2025-11-09 13:45:11,749: publisherUpdate[/joint_states] -> http://127.0.0.1:36459/ ['http://127.0.0.1:36161/']
[rosmaster.master][INFO] 2025-11-09 13:45:11,751: +PUB [/gains/hand_thumb_virtual_2_joint/parameter_descriptions] /gazebo http://127.0.0.1:36161/
[rosmaster.master][INFO] 2025-11-09 13:45:11,755: publisherUpdate[/joint_states] -> http://127.0.0.1:36459/ ['http://127.0.0.1:36161/']: sec=0.01, result=[1, '', 0]
[rosmaster.master][INFO] 2025-11-09 13:45:11,758: publisherUpdate[/joint_states] -> http://127.0.0.1:42031/ ['http://127.0.0.1:36161/']
[rosmaster.master][INFO] 2025-11-09 13:45:11,758: +CACHEDPARAM [/rosout_disable_topics_generation] by /bringup_controllers_spawner_imu
[rosmaster.master][INFO] 2025-11-09 13:45:11,758: +PUB [/gains/hand_thumb_virtual_2_joint/parameter_updates] /gazebo http://127.0.0.1:36161/
[rosmaster.master][INFO] 2025-11-09 13:45:11,757: publisherUpdate[/joint_states] -> http://127.0.0.1:37143/ ['http://127.0.0.1:36161/']: sec=0.03, result=[1, '', 0]
[rosmaster.master][INFO] 2025-11-09 13:45:11,761: publisherUpdate[/joint_states] -> http://127.0.0.1:44663/ ['http://127.0.0.1:36161/']
[rosmaster.master][INFO] 2025-11-09 13:45:11,764: publisherUpdate[/joint_states] -> http://127.0.0.1:42031/ ['http://127.0.0.1:36161/']: sec=0.01, result=[1, '', 0]
[rosmaster.master][INFO] 2025-11-09 13:45:11,762: publisherUpdate[/joint_states] -> http://127.0.0.1:43311/ ['http://127.0.0.1:36161/']: sec=0.03, result=[1, '', 0]
[rosmaster.master][INFO] 2025-11-09 13:45:11,768: +PARAM [/gains/hand_thumb_virtual_2_joint/p] by /gazebo
[rosmaster.master][INFO] 2025-11-09 13:45:11,770: +PARAM [/gains/hand_thumb_virtual_2_joint/i] by /gazebo
[rosmaster.master][INFO] 2025-11-09 13:45:11,771: +PARAM [/gains/hand_thumb_virtual_2_joint/d] by /gazebo
[rosmaster.master][INFO] 2025-11-09 13:45:11,772: +PARAM [/gains/hand_thumb_virtual_2_joint/i_clamp_min] by /gazebo
[rosmaster.master][INFO] 2025-11-09 13:45:11,774: +PARAM [/gains/hand_thumb_virtual_2_joint/i_clamp_max] by /gazebo
[rosmaster.master][INFO] 2025-11-09 13:45:11,777: +PARAM [/gains/hand_thumb_virtual_2_joint/antiwindup] by /gazebo
[rosmaster.master][INFO] 2025-11-09 13:45:11,778: +PARAM [/gains/hand_thumb_virtual_2_joint/p] by /gazebo
[rosmaster.master][INFO] 2025-11-09 13:45:11,779: +PARAM [/gains/hand_thumb_virtual_2_joint/i] by /gazebo
[rosmaster.master][INFO] 2025-11-09 13:45:11,780: +PARAM [/gains/hand_thumb_virtual_2_joint/d] by /gazebo
[rosmaster.master][INFO] 2025-11-09 13:45:11,781: +PARAM [/gains/hand_thumb_virtual_2_joint/i_clamp_min] by /gazebo
[rosmaster.master][INFO] 2025-11-09 13:45:11,782: +PARAM [/gains/hand_thumb_virtual_2_joint/i_clamp_max] by /gazebo
[rosmaster.master][INFO] 2025-11-09 13:45:11,782: +PARAM [/gains/hand_thumb_virtual_2_joint/antiwindup] by /gazebo
[rosmaster.master][INFO] 2025-11-09 13:45:11,783: +PARAM [/gains/hand_thumb_virtual_2_joint/p] by /gazebo
[rosmaster.master][INFO] 2025-11-09 13:45:11,783: +PARAM [/gains/hand_thumb_virtual_2_joint/i] by /gazebo
[rosmaster.master][INFO] 2025-11-09 13:45:11,784: +PARAM [/gains/hand_thumb_virtual_2_joint/d] by /gazebo
[rosmaster.master][INFO] 2025-11-09 13:45:11,785: +PARAM [/gains/hand_thumb_virtual_2_joint/i_clamp_min] by /gazebo
[rosmaster.master][INFO] 2025-11-09 13:45:11,785: +PARAM [/gains/hand_thumb_virtual_2_joint/i_clamp_max] by /gazebo
[rosmaster.master][INFO] 2025-11-09 13:45:11,786: +PARAM [/gains/hand_thumb_virtual_2_joint/antiwindup] by /gazebo
[rosmaster.master][INFO] 2025-11-09 13:45:11,786: +PARAM [/gains/hand_thumb_virtual_2_joint/p] by /gazebo
[rosmaster.master][INFO] 2025-11-09 13:45:11,787: +PARAM [/gains/hand_thumb_virtual_2_joint/i] by /gazebo
[rosmaster.master][INFO] 2025-11-09 13:45:11,787: +PARAM [/gains/hand_thumb_virtual_2_joint/d] by /gazebo
[rosmaster.master][INFO] 2025-11-09 13:45:11,788: +PARAM [/gains/hand_thumb_virtual_2_joint/i_clamp_min] by /gazebo
[rosmaster.master][INFO] 2025-11-09 13:45:11,788: +PARAM [/gains/hand_thumb_virtual_2_joint/i_clamp_max] by /gazebo
[rosmaster.master][INFO] 2025-11-09 13:45:11,789: +PARAM [/gains/hand_thumb_virtual_2_joint/antiwindup] by /gazebo
[rosmaster.master][INFO] 2025-11-09 13:45:11,795: +SERVICE [/gains/hand_index_abd_joint/set_parameters] /gazebo http://127.0.0.1:36161/
[rosmaster.master][INFO] 2025-11-09 13:45:11,795: +PUB [/gains/hand_index_abd_joint/parameter_descriptions] /gazebo http://127.0.0.1:36161/
[rosmaster.master][INFO] 2025-11-09 13:45:11,796: publisherUpdate[/joint_states] -> http://127.0.0.1:44663/ ['http://127.0.0.1:36161/']: sec=0.03, result=[1, '', 0]
[rosmaster.master][INFO] 2025-11-09 13:45:11,796: +PUB [/gains/hand_index_abd_joint/parameter_updates] /gazebo http://127.0.0.1:36161/
[rosmaster.master][INFO] 2025-11-09 13:45:11,799: +PARAM [/gains/hand_index_abd_joint/p] by /gazebo
[rosmaster.master][INFO] 2025-11-09 13:45:11,800: +PARAM [/gains/hand_index_abd_joint/i] by /gazebo
[rosmaster.master][INFO] 2025-11-09 13:45:11,800: +PARAM [/gains/hand_index_abd_joint/d] by /gazebo
[rosmaster.master][INFO] 2025-11-09 13:45:11,801: +PARAM [/gains/hand_index_abd_joint/i_clamp_min] by /gazebo
[rosmaster.master][INFO] 2025-11-09 13:45:11,801: +PARAM [/gains/hand_index_abd_joint/i_clamp_max] by /gazebo
[rosmaster.master][INFO] 2025-11-09 13:45:11,802: +PARAM [/gains/hand_index_abd_joint/antiwindup] by /gazebo
[rosmaster.master][INFO] 2025-11-09 13:45:11,802: +PARAM [/gains/hand_index_abd_joint/p] by /gazebo
[rosmaster.master][INFO] 2025-11-09 13:45:11,803: +PARAM [/gains/hand_index_abd_joint/i] by /gazebo
[rosmaster.master][INFO] 2025-11-09 13:45:11,803: +PARAM [/gains/hand_index_abd_joint/d] by /gazebo
[rosmaster.master][INFO] 2025-11-09 13:45:11,804: +PARAM [/gains/hand_index_abd_joint/i_clamp_min] by /gazebo
[rosmaster.master][INFO] 2025-11-09 13:45:11,805: +PARAM [/gains/hand_index_abd_joint/i_clamp_max] by /gazebo
[rosmaster.master][INFO] 2025-11-09 13:45:11,805: +PARAM [/gains/hand_index_abd_joint/antiwindup] by /gazebo
[rosmaster.master][INFO] 2025-11-09 13:45:11,806: +PARAM [/gains/hand_index_abd_joint/p] by /gazebo
[rosmaster.master][INFO] 2025-11-09 13:45:11,806: +PARAM [/gains/hand_index_abd_joint/i] by /gazebo
[rosmaster.master][INFO] 2025-11-09 13:45:11,807: +PARAM [/gains/hand_index_abd_joint/d] by /gazebo
[rosmaster.master][INFO] 2025-11-09 13:45:11,807: +PARAM [/gains/hand_index_abd_joint/i_clamp_min] by /gazebo
[rosmaster.master][INFO] 2025-11-09 13:45:11,808: +PARAM [/gains/hand_index_abd_joint/i_clamp_max] by /gazebo
[rosmaster.master][INFO] 2025-11-09 13:45:11,809: +PARAM [/gains/hand_index_abd_joint/antiwindup] by /gazebo
[rosmaster.master][INFO] 2025-11-09 13:45:11,810: +PARAM [/gains/hand_index_abd_joint/p] by /gazebo
[rosmaster.master][INFO] 2025-11-09 13:45:11,811: +PARAM [/gains/hand_index_abd_joint/i] by /gazebo
[rosmaster.master][INFO] 2025-11-09 13:45:11,812: +PARAM [/gains/hand_index_abd_joint/d] by /gazebo
[rosmaster.master][INFO] 2025-11-09 13:45:11,812: +PARAM [/gains/hand_index_abd_joint/i_clamp_min] by /gazebo
[rosmaster.master][INFO] 2025-11-09 13:45:11,813: +PARAM [/gains/hand_index_abd_joint/i_clamp_max] by /gazebo
[rosmaster.master][INFO] 2025-11-09 13:45:11,813: +PARAM [/gains/hand_index_abd_joint/antiwindup] by /gazebo
[rosmaster.master][INFO] 2025-11-09 13:45:11,818: +SERVICE [/gains/hand_index_flex_1_joint/set_parameters] /gazebo http://127.0.0.1:36161/
[rosmaster.master][INFO] 2025-11-09 13:45:11,819: +PUB [/gains/hand_index_flex_1_joint/parameter_descriptions] /gazebo http://127.0.0.1:36161/
[rosmaster.master][INFO] 2025-11-09 13:45:11,819: +PUB [/gains/hand_index_flex_1_joint/parameter_updates] /gazebo http://127.0.0.1:36161/
[rosmaster.master][INFO] 2025-11-09 13:45:11,822: +PARAM [/gains/hand_index_flex_1_joint/p] by /gazebo
[rosmaster.master][INFO] 2025-11-09 13:45:11,823: +PARAM [/gains/hand_index_flex_1_joint/i] by /gazebo
[rosmaster.master][INFO] 2025-11-09 13:45:11,823: +PARAM [/gains/hand_index_flex_1_joint/d] by /gazebo
[rosmaster.master][INFO] 2025-11-09 13:45:11,824: +PARAM [/gains/hand_index_flex_1_joint/i_clamp_min] by /gazebo
[rosmaster.master][INFO] 2025-11-09 13:45:11,824: +PARAM [/gains/hand_index_flex_1_joint/i_clamp_max] by /gazebo
[rosmaster.master][INFO] 2025-11-09 13:45:11,825: +PARAM [/gains/hand_index_flex_1_joint/antiwindup] by /gazebo
[rosmaster.master][INFO] 2025-11-09 13:45:11,826: +PARAM [/gains/hand_index_flex_1_joint/p] by /gazebo
[rosmaster.master][INFO] 2025-11-09 13:45:11,826: +PARAM [/gains/hand_index_flex_1_joint/i] by /gazebo
[rosmaster.master][INFO] 2025-11-09 13:45:11,827: +PARAM [/gains/hand_index_flex_1_joint/d] by /gazebo
[rosmaster.master][INFO] 2025-11-09 13:45:11,827: +PARAM [/gains/hand_index_flex_1_joint/i_clamp_min] by /gazebo
[rosmaster.master][INFO] 2025-11-09 13:45:11,828: +PARAM [/gains/hand_index_flex_1_joint/i_clamp_max] by /gazebo
[rosmaster.master][INFO] 2025-11-09 13:45:11,828: +PARAM [/gains/hand_index_flex_1_joint/antiwindup] by /gazebo
[rosmaster.master][INFO] 2025-11-09 13:45:11,829: +PARAM [/gains/hand_index_flex_1_joint/p] by /gazebo
[rosmaster.master][INFO] 2025-11-09 13:45:11,829: +PARAM [/gains/hand_index_flex_1_joint/i] by /gazebo
[rosmaster.master][INFO] 2025-11-09 13:45:11,830: +PARAM [/gains/hand_index_flex_1_joint/d] by /gazebo
[rosmaster.master][INFO] 2025-11-09 13:45:11,830: +PARAM [/gains/hand_index_flex_1_joint/i_clamp_min] by /gazebo
[rosmaster.master][INFO] 2025-11-09 13:45:11,831: +PARAM [/gains/hand_index_flex_1_joint/i_clamp_max] by /gazebo
[rosmaster.master][INFO] 2025-11-09 13:45:11,831: +PARAM [/gains/hand_index_flex_1_joint/antiwindup] by /gazebo
[rosmaster.master][INFO] 2025-11-09 13:45:11,832: +PARAM [/gains/hand_index_flex_1_joint/p] by /gazebo
[rosmaster.master][INFO] 2025-11-09 13:45:11,832: +PARAM [/gains/hand_index_flex_1_joint/i] by /gazebo
[rosmaster.master][INFO] 2025-11-09 13:45:11,833: +PARAM [/gains/hand_index_flex_1_joint/d] by /gazebo
[rosmaster.master][INFO] 2025-11-09 13:45:11,833: +PARAM [/gains/hand_index_flex_1_joint/i_clamp_min] by /gazebo
[rosmaster.master][INFO] 2025-11-09 13:45:11,834: +PARAM [/gains/hand_index_flex_1_joint/i_clamp_max] by /gazebo
[rosmaster.master][INFO] 2025-11-09 13:45:11,834: +PARAM [/gains/hand_index_flex_1_joint/antiwindup] by /gazebo
[rosmaster.master][INFO] 2025-11-09 13:45:11,841: +SERVICE [/gains/hand_index_virtual_1_joint/set_parameters] /gazebo http://127.0.0.1:36161/
[rosmaster.master][INFO] 2025-11-09 13:45:11,841: +PUB [/gains/hand_index_virtual_1_joint/parameter_descriptions] /gazebo http://127.0.0.1:36161/
[rosmaster.master][INFO] 2025-11-09 13:45:11,842: +PUB [/gains/hand_index_virtual_1_joint/parameter_updates] /gazebo http://127.0.0.1:36161/
[rosmaster.master][INFO] 2025-11-09 13:45:11,845: +PARAM [/gains/hand_index_virtual_1_joint/p] by /gazebo
[rosmaster.master][INFO] 2025-11-09 13:45:11,845: +PARAM [/gains/hand_index_virtual_1_joint/i] by /gazebo
[rosmaster.master][INFO] 2025-11-09 13:45:11,846: +PARAM [/gains/hand_index_virtual_1_joint/d] by /gazebo
[rosmaster.master][INFO] 2025-11-09 13:45:11,846: +PARAM [/gains/hand_index_virtual_1_joint/i_clamp_min] by /gazebo
[rosmaster.master][INFO] 2025-11-09 13:45:11,847: +PARAM [/gains/hand_index_virtual_1_joint/i_clamp_max] by /gazebo
[rosmaster.master][INFO] 2025-11-09 13:45:11,847: +PARAM [/gains/hand_index_virtual_1_joint/antiwindup] by /gazebo
[rosmaster.master][INFO] 2025-11-09 13:45:11,848: +PARAM [/gains/hand_index_virtual_1_joint/p] by /gazebo
[rosmaster.master][INFO] 2025-11-09 13:45:11,848: +PARAM [/gains/hand_index_virtual_1_joint/i] by /gazebo
[rosmaster.master][INFO] 2025-11-09 13:45:11,849: +PARAM [/gains/hand_index_virtual_1_joint/d] by /gazebo
[rosmaster.master][INFO] 2025-11-09 13:45:11,849: +PARAM [/gains/hand_index_virtual_1_joint/i_clamp_min] by /gazebo
[rosmaster.master][INFO] 2025-11-09 13:45:11,850: +PARAM [/gains/hand_index_virtual_1_joint/i_clamp_max] by /gazebo
[rosmaster.master][INFO] 2025-11-09 13:45:11,850: +PARAM [/gains/hand_index_virtual_1_joint/antiwindup] by /gazebo
[rosmaster.master][INFO] 2025-11-09 13:45:11,851: +PARAM [/gains/hand_index_virtual_1_joint/p] by /gazebo
[rosmaster.master][INFO] 2025-11-09 13:45:11,851: +PARAM [/gains/hand_index_virtual_1_joint/i] by /gazebo
[rosmaster.master][INFO] 2025-11-09 13:45:11,852: +PARAM [/gains/hand_index_virtual_1_joint/d] by /gazebo
[rosmaster.master][INFO] 2025-11-09 13:45:11,852: +PARAM [/gains/hand_index_virtual_1_joint/i_clamp_min] by /gazebo
[rosmaster.master][INFO] 2025-11-09 13:45:11,853: +PARAM [/gains/hand_index_virtual_1_joint/i_clamp_max] by /gazebo
[rosmaster.master][INFO] 2025-11-09 13:45:11,853: +PARAM [/gains/hand_index_virtual_1_joint/antiwindup] by /gazebo
[rosmaster.master][INFO] 2025-11-09 13:45:11,854: +PARAM [/gains/hand_index_virtual_1_joint/p] by /gazebo
[rosmaster.master][INFO] 2025-11-09 13:45:11,854: +PARAM [/gains/hand_index_virtual_1_joint/i] by /gazebo
[rosmaster.master][INFO] 2025-11-09 13:45:11,854: +PARAM [/gains/hand_index_virtual_1_joint/d] by /gazebo
[rosmaster.master][INFO] 2025-11-09 13:45:11,855: +PARAM [/gains/hand_index_virtual_1_joint/i_clamp_min] by /gazebo
[rosmaster.master][INFO] 2025-11-09 13:45:11,855: +PARAM [/gains/hand_index_virtual_1_joint/i_clamp_max] by /gazebo
[rosmaster.master][INFO] 2025-11-09 13:45:11,856: +PARAM [/gains/hand_index_virtual_1_joint/antiwindup] by /gazebo
[rosmaster.master][INFO] 2025-11-09 13:45:11,861: +SERVICE [/gains/hand_index_flex_2_joint/set_parameters] /gazebo http://127.0.0.1:36161/
[rosmaster.master][INFO] 2025-11-09 13:45:11,861: +PUB [/gains/hand_index_flex_2_joint/parameter_descriptions] /gazebo http://127.0.0.1:36161/
[rosmaster.master][INFO] 2025-11-09 13:45:11,862: +PUB [/gains/hand_index_flex_2_joint/parameter_updates] /gazebo http://127.0.0.1:36161/
[rosmaster.master][INFO] 2025-11-09 13:45:11,865: +PARAM [/gains/hand_index_flex_2_joint/p] by /gazebo
[rosmaster.master][INFO] 2025-11-09 13:45:11,866: +PARAM [/gains/hand_index_flex_2_joint/i] by /gazebo
[rosmaster.master][INFO] 2025-11-09 13:45:11,866: +PARAM [/gains/hand_index_flex_2_joint/d] by /gazebo
[rosmaster.master][INFO] 2025-11-09 13:45:11,867: +PARAM [/gains/hand_index_flex_2_joint/i_clamp_min] by /gazebo
[rosmaster.master][INFO] 2025-11-09 13:45:11,867: +PARAM [/gains/hand_index_flex_2_joint/i_clamp_max] by /gazebo
[rosmaster.master][INFO] 2025-11-09 13:45:11,868: +PARAM [/gains/hand_index_flex_2_joint/antiwindup] by /gazebo
[rosmaster.master][INFO] 2025-11-09 13:45:11,869: +PARAM [/gains/hand_index_flex_2_joint/p] by /gazebo
[rosmaster.master][INFO] 2025-11-09 13:45:11,869: +PARAM [/gains/hand_index_flex_2_joint/i] by /gazebo
[rosmaster.master][INFO] 2025-11-09 13:45:11,870: +PARAM [/gains/hand_index_flex_2_joint/d] by /gazebo
[rosmaster.master][INFO] 2025-11-09 13:45:11,870: +PARAM [/gains/hand_index_flex_2_joint/i_clamp_min] by /gazebo
[rosmaster.master][INFO] 2025-11-09 13:45:11,871: +PARAM [/gains/hand_index_flex_2_joint/i_clamp_max] by /gazebo
[rosmaster.master][INFO] 2025-11-09 13:45:11,871: +PARAM [/gains/hand_index_flex_2_joint/antiwindup] by /gazebo
[rosmaster.master][INFO] 2025-11-09 13:45:11,872: +PARAM [/gains/hand_index_flex_2_joint/p] by /gazebo
[rosmaster.master][INFO] 2025-11-09 13:45:11,872: +PARAM [/gains/hand_index_flex_2_joint/i] by /gazebo
[rosmaster.master][INFO] 2025-11-09 13:45:11,873: +PARAM [/gains/hand_index_flex_2_joint/d] by /gazebo
[rosmaster.master][INFO] 2025-11-09 13:45:11,873: +PARAM [/gains/hand_index_flex_2_joint/i_clamp_min] by /gazebo
[rosmaster.master][INFO] 2025-11-09 13:45:11,874: +PARAM [/gains/hand_index_flex_2_joint/i_clamp_max] by /gazebo
[rosmaster.master][INFO] 2025-11-09 13:45:11,874: +PARAM [/gains/hand_index_flex_2_joint/antiwindup] by /gazebo
[rosmaster.master][INFO] 2025-11-09 13:45:11,875: +PARAM [/gains/hand_index_flex_2_joint/p] by /gazebo
[rosmaster.master][INFO] 2025-11-09 13:45:11,875: +PARAM [/gains/hand_index_flex_2_joint/i] by /gazebo
[rosmaster.master][INFO] 2025-11-09 13:45:11,876: +PARAM [/gains/hand_index_flex_2_joint/d] by /gazebo
[rosmaster.master][INFO] 2025-11-09 13:45:11,876: +PARAM [/gains/hand_index_flex_2_joint/i_clamp_min] by /gazebo
[rosmaster.master][INFO] 2025-11-09 13:45:11,876: +PARAM [/gains/hand_index_flex_2_joint/i_clamp_max] by /gazebo
[rosmaster.master][INFO] 2025-11-09 13:45:11,877: +PARAM [/gains/hand_index_flex_2_joint/antiwindup] by /gazebo
[rosmaster.master][INFO] 2025-11-09 13:45:11,881: +SERVICE [/gains/hand_index_virtual_2_joint/set_parameters] /gazebo http://127.0.0.1:36161/
[rosmaster.master][INFO] 2025-11-09 13:45:11,882: +PUB [/gains/hand_index_virtual_2_joint/parameter_descriptions] /gazebo http://127.0.0.1:36161/
[rosmaster.master][INFO] 2025-11-09 13:45:11,882: +PUB [/gains/hand_index_virtual_2_joint/parameter_updates] /gazebo http://127.0.0.1:36161/
[rosmaster.master][INFO] 2025-11-09 13:45:11,884: +PARAM [/gains/hand_index_virtual_2_joint/p] by /gazebo
[rosmaster.master][INFO] 2025-11-09 13:45:11,885: +PARAM [/gains/hand_index_virtual_2_joint/i] by /gazebo
[rosmaster.master][INFO] 2025-11-09 13:45:11,885: +PARAM [/gains/hand_index_virtual_2_joint/d] by /gazebo
[rosmaster.master][INFO] 2025-11-09 13:45:11,886: +PARAM [/gains/hand_index_virtual_2_joint/i_clamp_min] by /gazebo
[rosmaster.master][INFO] 2025-11-09 13:45:11,886: +PARAM [/gains/hand_index_virtual_2_joint/i_clamp_max] by /gazebo
[rosmaster.master][INFO] 2025-11-09 13:45:11,887: +PARAM [/gains/hand_index_virtual_2_joint/antiwindup] by /gazebo
[rosmaster.master][INFO] 2025-11-09 13:45:11,887: +PARAM [/gains/hand_index_virtual_2_joint/p] by /gazebo
[rosmaster.master][INFO] 2025-11-09 13:45:11,888: +PARAM [/gains/hand_index_virtual_2_joint/i] by /gazebo
[rosmaster.master][INFO] 2025-11-09 13:45:11,888: +PARAM [/gains/hand_index_virtual_2_joint/d] by /gazebo
[rosmaster.master][INFO] 2025-11-09 13:45:11,889: +PARAM [/gains/hand_index_virtual_2_joint/i_clamp_min] by /gazebo
[rosmaster.master][INFO] 2025-11-09 13:45:11,889: +PARAM [/gains/hand_index_virtual_2_joint/i_clamp_max] by /gazebo
[rosmaster.master][INFO] 2025-11-09 13:45:11,889: +PARAM [/gains/hand_index_virtual_2_joint/antiwindup] by /gazebo
[rosmaster.master][INFO] 2025-11-09 13:45:11,890: +PARAM [/gains/hand_index_virtual_2_joint/p] by /gazebo
[rosmaster.master][INFO] 2025-11-09 13:45:11,891: +PARAM [/gains/hand_index_virtual_2_joint/i] by /gazebo
[rosmaster.master][INFO] 2025-11-09 13:45:11,891: +PARAM [/gains/hand_index_virtual_2_joint/d] by /gazebo
[rosmaster.master][INFO] 2025-11-09 13:45:11,892: +PARAM [/gains/hand_index_virtual_2_joint/i_clamp_min] by /gazebo
[rosmaster.master][INFO] 2025-11-09 13:45:11,892: +PARAM [/gains/hand_index_virtual_2_joint/i_clamp_max] by /gazebo
[rosmaster.master][INFO] 2025-11-09 13:45:11,892: +PARAM [/gains/hand_index_virtual_2_joint/antiwindup] by /gazebo
[rosmaster.master][INFO] 2025-11-09 13:45:11,893: +PARAM [/gains/hand_index_virtual_2_joint/p] by /gazebo
[rosmaster.master][INFO] 2025-11-09 13:45:11,893: +PARAM [/gains/hand_index_virtual_2_joint/i] by /gazebo
[rosmaster.master][INFO] 2025-11-09 13:45:11,894: +PARAM [/gains/hand_index_virtual_2_joint/d] by /gazebo
[rosmaster.master][INFO] 2025-11-09 13:45:11,895: +PARAM [/gains/hand_index_virtual_2_joint/i_clamp_min] by /gazebo
[rosmaster.master][INFO] 2025-11-09 13:45:11,895: +PARAM [/gains/hand_index_virtual_2_joint/i_clamp_max] by /gazebo
[rosmaster.master][INFO] 2025-11-09 13:45:11,896: +PARAM [/gains/hand_index_virtual_2_joint/antiwindup] by /gazebo
[rosmaster.master][INFO] 2025-11-09 13:45:11,900: +SERVICE [/gains/hand_index_flex_3_joint/set_parameters] /gazebo http://127.0.0.1:36161/
[rosmaster.master][INFO] 2025-11-09 13:45:11,900: +PUB [/gains/hand_index_flex_3_joint/parameter_descriptions] /gazebo http://127.0.0.1:36161/
[rosmaster.master][INFO] 2025-11-09 13:45:11,901: +PUB [/gains/hand_index_flex_3_joint/parameter_updates] /gazebo http://127.0.0.1:36161/
[rosmaster.master][INFO] 2025-11-09 13:45:11,903: +PARAM [/gains/hand_index_flex_3_joint/p] by /gazebo
[rosmaster.master][INFO] 2025-11-09 13:45:11,904: +PARAM [/gains/hand_index_flex_3_joint/i] by /gazebo
[rosmaster.master][INFO] 2025-11-09 13:45:11,904: +PARAM [/gains/hand_index_flex_3_joint/d] by /gazebo
[rosmaster.master][INFO] 2025-11-09 13:45:11,905: +PARAM [/gains/hand_index_flex_3_joint/i_clamp_min] by /gazebo
[rosmaster.master][INFO] 2025-11-09 13:45:11,905: +PARAM [/gains/hand_index_flex_3_joint/i_clamp_max] by /gazebo
[rosmaster.master][INFO] 2025-11-09 13:45:11,905: +PARAM [/gains/hand_index_flex_3_joint/antiwindup] by /gazebo
[rosmaster.master][INFO] 2025-11-09 13:45:11,906: +PARAM [/gains/hand_index_flex_3_joint/p] by /gazebo
[rosmaster.master][INFO] 2025-11-09 13:45:11,906: +PARAM [/gains/hand_index_flex_3_joint/i] by /gazebo
[rosmaster.master][INFO] 2025-11-09 13:45:11,907: +PARAM [/gains/hand_index_flex_3_joint/d] by /gazebo
[rosmaster.master][INFO] 2025-11-09 13:45:11,907: +PARAM [/gains/hand_index_flex_3_joint/i_clamp_min] by /gazebo
[rosmaster.master][INFO] 2025-11-09 13:45:11,908: +PARAM [/gains/hand_index_flex_3_joint/i_clamp_max] by /gazebo
[rosmaster.master][INFO] 2025-11-09 13:45:11,908: +PARAM [/gains/hand_index_flex_3_joint/antiwindup] by /gazebo
[rosmaster.master][INFO] 2025-11-09 13:45:11,909: +PARAM [/gains/hand_index_flex_3_joint/p] by /gazebo
[rosmaster.master][INFO] 2025-11-09 13:45:11,909: +PARAM [/gains/hand_index_flex_3_joint/i] by /gazebo
[rosmaster.master][INFO] 2025-11-09 13:45:11,909: +PARAM [/gains/hand_index_flex_3_joint/d] by /gazebo
[rosmaster.master][INFO] 2025-11-09 13:45:11,910: +PARAM [/gains/hand_index_flex_3_joint/i_clamp_min] by /gazebo
[rosmaster.master][INFO] 2025-11-09 13:45:11,910: +PARAM [/gains/hand_index_flex_3_joint/i_clamp_max] by /gazebo
[rosmaster.master][INFO] 2025-11-09 13:45:11,911: +PARAM [/gains/hand_index_flex_3_joint/antiwindup] by /gazebo
[rosmaster.master][INFO] 2025-11-09 13:45:11,911: +PARAM [/gains/hand_index_flex_3_joint/p] by /gazebo
[rosmaster.master][INFO] 2025-11-09 13:45:11,912: +PARAM [/gains/hand_index_flex_3_joint/i] by /gazebo
[rosmaster.master][INFO] 2025-11-09 13:45:11,912: +PARAM [/gains/hand_index_flex_3_joint/d] by /gazebo
[rosmaster.master][INFO] 2025-11-09 13:45:11,913: +PARAM [/gains/hand_index_flex_3_joint/i_clamp_min] by /gazebo
[rosmaster.master][INFO] 2025-11-09 13:45:11,913: +PARAM [/gains/hand_index_flex_3_joint/i_clamp_max] by /gazebo
[rosmaster.master][INFO] 2025-11-09 13:45:11,914: +PARAM [/gains/hand_index_flex_3_joint/antiwindup] by /gazebo
[rosmaster.master][INFO] 2025-11-09 13:45:11,919: +SERVICE [/gains/hand_middle_flex_1_joint/set_parameters] /gazebo http://127.0.0.1:36161/
[rosmaster.master][INFO] 2025-11-09 13:45:11,920: +PUB [/gains/hand_middle_flex_1_joint/parameter_descriptions] /gazebo http://127.0.0.1:36161/
[rosmaster.master][INFO] 2025-11-09 13:45:11,920: +PUB [/gains/hand_middle_flex_1_joint/parameter_updates] /gazebo http://127.0.0.1:36161/
[rosmaster.master][INFO] 2025-11-09 13:45:11,923: +PARAM [/gains/hand_middle_flex_1_joint/p] by /gazebo
[rosmaster.master][INFO] 2025-11-09 13:45:11,923: +PARAM [/gains/hand_middle_flex_1_joint/i] by /gazebo
[rosmaster.master][INFO] 2025-11-09 13:45:11,924: +PARAM [/gains/hand_middle_flex_1_joint/d] by /gazebo
[rosmaster.master][INFO] 2025-11-09 13:45:11,924: +PARAM [/gains/hand_middle_flex_1_joint/i_clamp_min] by /gazebo
[rosmaster.master][INFO] 2025-11-09 13:45:11,926: +PARAM [/gains/hand_middle_flex_1_joint/i_clamp_max] by /gazebo
[rosmaster.master][INFO] 2025-11-09 13:45:11,926: +PARAM [/gains/hand_middle_flex_1_joint/antiwindup] by /gazebo
[rosmaster.master][INFO] 2025-11-09 13:45:11,927: +PARAM [/gains/hand_middle_flex_1_joint/p] by /gazebo
[rosmaster.master][INFO] 2025-11-09 13:45:11,927: +PARAM [/gains/hand_middle_flex_1_joint/i] by /gazebo
[rosmaster.master][INFO] 2025-11-09 13:45:11,928: +PARAM [/gains/hand_middle_flex_1_joint/d] by /gazebo
[rosmaster.master][INFO] 2025-11-09 13:45:11,928: +PARAM [/gains/hand_middle_flex_1_joint/i_clamp_min] by /gazebo
[rosmaster.master][INFO] 2025-11-09 13:45:11,929: +PARAM [/gains/hand_middle_flex_1_joint/i_clamp_max] by /gazebo
[rosmaster.master][INFO] 2025-11-09 13:45:11,930: +PARAM [/gains/hand_middle_flex_1_joint/antiwindup] by /gazebo
[rosmaster.master][INFO] 2025-11-09 13:45:11,930: +PARAM [/gains/hand_middle_flex_1_joint/p] by /gazebo
[rosmaster.master][INFO] 2025-11-09 13:45:11,931: +PARAM [/gains/hand_middle_flex_1_joint/i] by /gazebo
[rosmaster.master][INFO] 2025-11-09 13:45:11,931: +PARAM [/gains/hand_middle_flex_1_joint/d] by /gazebo
[rosmaster.master][INFO] 2025-11-09 13:45:11,932: +PARAM [/gains/hand_middle_flex_1_joint/i_clamp_min] by /gazebo
[rosmaster.master][INFO] 2025-11-09 13:45:11,933: +PARAM [/gains/hand_middle_flex_1_joint/i_clamp_max] by /gazebo
[rosmaster.master][INFO] 2025-11-09 13:45:11,933: +PARAM [/gains/hand_middle_flex_1_joint/antiwindup] by /gazebo
[rosmaster.master][INFO] 2025-11-09 13:45:11,934: +PARAM [/gains/hand_middle_flex_1_joint/p] by /gazebo
[rosmaster.master][INFO] 2025-11-09 13:45:11,934: +PARAM [/gains/hand_middle_flex_1_joint/i] by /gazebo
[rosmaster.master][INFO] 2025-11-09 13:45:11,935: +PARAM [/gains/hand_middle_flex_1_joint/d] by /gazebo
[rosmaster.master][INFO] 2025-11-09 13:45:11,935: +PARAM [/gains/hand_middle_flex_1_joint/i_clamp_min] by /gazebo
[rosmaster.master][INFO] 2025-11-09 13:45:11,936: +PARAM [/gains/hand_middle_flex_1_joint/i_clamp_max] by /gazebo
[rosmaster.master][INFO] 2025-11-09 13:45:11,936: +PARAM [/gains/hand_middle_flex_1_joint/antiwindup] by /gazebo
[rosmaster.master][INFO] 2025-11-09 13:45:11,940: +SERVICE [/gains/hand_middle_virtual_1_joint/set_parameters] /gazebo http://127.0.0.1:36161/
[rosmaster.master][INFO] 2025-11-09 13:45:11,941: +PUB [/gains/hand_middle_virtual_1_joint/parameter_descriptions] /gazebo http://127.0.0.1:36161/
[rosmaster.master][INFO] 2025-11-09 13:45:11,941: +PUB [/gains/hand_middle_virtual_1_joint/parameter_updates] /gazebo http://127.0.0.1:36161/
[rosmaster.master][INFO] 2025-11-09 13:45:11,944: +PARAM [/gains/hand_middle_virtual_1_joint/p] by /gazebo
[rosmaster.master][INFO] 2025-11-09 13:45:11,944: +PARAM [/gains/hand_middle_virtual_1_joint/i] by /gazebo
[rosmaster.master][INFO] 2025-11-09 13:45:11,945: +PARAM [/gains/hand_middle_virtual_1_joint/d] by /gazebo
[rosmaster.master][INFO] 2025-11-09 13:45:11,945: +PARAM [/gains/hand_middle_virtual_1_joint/i_clamp_min] by /gazebo
[rosmaster.master][INFO] 2025-11-09 13:45:11,946: +PARAM [/gains/hand_middle_virtual_1_joint/i_clamp_max] by /gazebo
[rosmaster.master][INFO] 2025-11-09 13:45:11,946: +PARAM [/gains/hand_middle_virtual_1_joint/antiwindup] by /gazebo
[rosmaster.master][INFO] 2025-11-09 13:45:11,947: +PARAM [/gains/hand_middle_virtual_1_joint/p] by /gazebo
[rosmaster.master][INFO] 2025-11-09 13:45:11,947: +PARAM [/gains/hand_middle_virtual_1_joint/i] by /gazebo
[rosmaster.master][INFO] 2025-11-09 13:45:11,948: +PARAM [/gains/hand_middle_virtual_1_joint/d] by /gazebo
[rosmaster.master][INFO] 2025-11-09 13:45:11,948: +PARAM [/gains/hand_middle_virtual_1_joint/i_clamp_min] by /gazebo
[rosmaster.master][INFO] 2025-11-09 13:45:11,949: +PARAM [/gains/hand_middle_virtual_1_joint/i_clamp_max] by /gazebo
[rosmaster.master][INFO] 2025-11-09 13:45:11,949: +PARAM [/gains/hand_middle_virtual_1_joint/antiwindup] by /gazebo
[rosmaster.master][INFO] 2025-11-09 13:45:11,950: +PARAM [/gains/hand_middle_virtual_1_joint/p] by /gazebo
[rosmaster.master][INFO] 2025-11-09 13:45:11,950: +PARAM [/gains/hand_middle_virtual_1_joint/i] by /gazebo
[rosmaster.master][INFO] 2025-11-09 13:45:11,951: +PARAM [/gains/hand_middle_virtual_1_joint/d] by /gazebo
[rosmaster.master][INFO] 2025-11-09 13:45:11,951: +PARAM [/gains/hand_middle_virtual_1_joint/i_clamp_min] by /gazebo
[rosmaster.master][INFO] 2025-11-09 13:45:11,951: +PARAM [/gains/hand_middle_virtual_1_joint/i_clamp_max] by /gazebo
[rosmaster.master][INFO] 2025-11-09 13:45:11,952: +PARAM [/gains/hand_middle_virtual_1_joint/antiwindup] by /gazebo
[rosmaster.master][INFO] 2025-11-09 13:45:11,952: +PARAM [/gains/hand_middle_virtual_1_joint/p] by /gazebo
[rosmaster.master][INFO] 2025-11-09 13:45:11,953: +PARAM [/gains/hand_middle_virtual_1_joint/i] by /gazebo
[rosmaster.master][INFO] 2025-11-09 13:45:11,953: +PARAM [/gains/hand_middle_virtual_1_joint/d] by /gazebo
[rosmaster.master][INFO] 2025-11-09 13:45:11,954: +PARAM [/gains/hand_middle_virtual_1_joint/i_clamp_min] by /gazebo
[rosmaster.master][INFO] 2025-11-09 13:45:11,954: +PARAM [/gains/hand_middle_virtual_1_joint/i_clamp_max] by /gazebo
[rosmaster.master][INFO] 2025-11-09 13:45:11,955: +PARAM [/gains/hand_middle_virtual_1_joint/antiwindup] by /gazebo
[rosmaster.master][INFO] 2025-11-09 13:45:11,959: +SERVICE [/gains/hand_middle_flex_2_joint/set_parameters] /gazebo http://127.0.0.1:36161/
[rosmaster.master][INFO] 2025-11-09 13:45:11,959: +PUB [/gains/hand_middle_flex_2_joint/parameter_descriptions] /gazebo http://127.0.0.1:36161/
[rosmaster.master][INFO] 2025-11-09 13:45:11,960: +PUB [/gains/hand_middle_flex_2_joint/parameter_updates] /gazebo http://127.0.0.1:36161/
[rosmaster.master][INFO] 2025-11-09 13:45:11,962: +PARAM [/gains/hand_middle_flex_2_joint/p] by /gazebo
[rosmaster.master][INFO] 2025-11-09 13:45:11,963: +PARAM [/gains/hand_middle_flex_2_joint/i] by /gazebo
[rosmaster.master][INFO] 2025-11-09 13:45:11,963: +PARAM [/gains/hand_middle_flex_2_joint/d] by /gazebo
[rosmaster.master][INFO] 2025-11-09 13:45:11,964: +PARAM [/gains/hand_middle_flex_2_joint/i_clamp_min] by /gazebo
[rosmaster.master][INFO] 2025-11-09 13:45:11,964: +PARAM [/gains/hand_middle_flex_2_joint/i_clamp_max] by /gazebo
[rosmaster.master][INFO] 2025-11-09 13:45:11,965: +PARAM [/gains/hand_middle_flex_2_joint/antiwindup] by /gazebo
[rosmaster.master][INFO] 2025-11-09 13:45:11,965: +PARAM [/gains/hand_middle_flex_2_joint/p] by /gazebo
[rosmaster.master][INFO] 2025-11-09 13:45:11,966: +PARAM [/gains/hand_middle_flex_2_joint/i] by /gazebo
[rosmaster.master][INFO] 2025-11-09 13:45:11,966: +PARAM [/gains/hand_middle_flex_2_joint/d] by /gazebo
[rosmaster.master][INFO] 2025-11-09 13:45:11,967: +PARAM [/gains/hand_middle_flex_2_joint/i_clamp_min] by /gazebo
[rosmaster.master][INFO] 2025-11-09 13:45:11,967: +PARAM [/gains/hand_middle_flex_2_joint/i_clamp_max] by /gazebo
[rosmaster.master][INFO] 2025-11-09 13:45:11,967: +PARAM [/gains/hand_middle_flex_2_joint/antiwindup] by /gazebo
[rosmaster.master][INFO] 2025-11-09 13:45:11,968: +PARAM [/gains/hand_middle_flex_2_joint/p] by /gazebo
[rosmaster.master][INFO] 2025-11-09 13:45:11,968: +PARAM [/gains/hand_middle_flex_2_joint/i] by /gazebo
[rosmaster.master][INFO] 2025-11-09 13:45:11,969: +PARAM [/gains/hand_middle_flex_2_joint/d] by /gazebo
[rosmaster.master][INFO] 2025-11-09 13:45:11,969: +PARAM [/gains/hand_middle_flex_2_joint/i_clamp_min] by /gazebo
[rosmaster.master][INFO] 2025-11-09 13:45:11,970: +PARAM [/gains/hand_middle_flex_2_joint/i_clamp_max] by /gazebo
[rosmaster.master][INFO] 2025-11-09 13:45:11,970: +PARAM [/gains/hand_middle_flex_2_joint/antiwindup] by /gazebo
[rosmaster.master][INFO] 2025-11-09 13:45:11,971: +PARAM [/gains/hand_middle_flex_2_joint/p] by /gazebo
[rosmaster.master][INFO] 2025-11-09 13:45:11,971: +PARAM [/gains/hand_middle_flex_2_joint/i] by /gazebo
[rosmaster.master][INFO] 2025-11-09 13:45:11,972: +PARAM [/gains/hand_middle_flex_2_joint/d] by /gazebo
[rosmaster.master][INFO] 2025-11-09 13:45:11,972: +PARAM [/gains/hand_middle_flex_2_joint/i_clamp_min] by /gazebo
[rosmaster.master][INFO] 2025-11-09 13:45:11,973: +PARAM [/gains/hand_middle_flex_2_joint/i_clamp_max] by /gazebo
[rosmaster.master][INFO] 2025-11-09 13:45:11,973: +PARAM [/gains/hand_middle_flex_2_joint/antiwindup] by /gazebo
[rosmaster.master][INFO] 2025-11-09 13:45:11,978: +SERVICE [/gains/hand_middle_virtual_2_joint/set_parameters] /gazebo http://127.0.0.1:36161/
[rosmaster.master][INFO] 2025-11-09 13:45:11,978: +PUB [/gains/hand_middle_virtual_2_joint/parameter_descriptions] /gazebo http://127.0.0.1:36161/
[rosmaster.master][INFO] 2025-11-09 13:45:11,979: +PUB [/gains/hand_middle_virtual_2_joint/parameter_updates] /gazebo http://127.0.0.1:36161/
[rosmaster.master][INFO] 2025-11-09 13:45:11,981: +PARAM [/gains/hand_middle_virtual_2_joint/p] by /gazebo
[rosmaster.master][INFO] 2025-11-09 13:45:11,982: +PARAM [/gains/hand_middle_virtual_2_joint/i] by /gazebo
[rosmaster.master][INFO] 2025-11-09 13:45:11,982: +PARAM [/gains/hand_middle_virtual_2_joint/d] by /gazebo
[rosmaster.master][INFO] 2025-11-09 13:45:11,983: +PARAM [/gains/hand_middle_virtual_2_joint/i_clamp_min] by /gazebo
[rosmaster.master][INFO] 2025-11-09 13:45:11,983: +PARAM [/gains/hand_middle_virtual_2_joint/i_clamp_max] by /gazebo
[rosmaster.master][INFO] 2025-11-09 13:45:11,983: +PARAM [/gains/hand_middle_virtual_2_joint/antiwindup] by /gazebo
[rosmaster.master][INFO] 2025-11-09 13:45:11,984: +PARAM [/gains/hand_middle_virtual_2_joint/p] by /gazebo
[rosmaster.master][INFO] 2025-11-09 13:45:11,984: +PARAM [/gains/hand_middle_virtual_2_joint/i] by /gazebo
[rosmaster.master][INFO] 2025-11-09 13:45:11,985: +PARAM [/gains/hand_middle_virtual_2_joint/d] by /gazebo
[rosmaster.master][INFO] 2025-11-09 13:45:11,985: +PARAM [/gains/hand_middle_virtual_2_joint/i_clamp_min] by /gazebo
[rosmaster.master][INFO] 2025-11-09 13:45:11,986: +PARAM [/gains/hand_middle_virtual_2_joint/i_clamp_max] by /gazebo
[rosmaster.master][INFO] 2025-11-09 13:45:11,986: +PARAM [/gains/hand_middle_virtual_2_joint/antiwindup] by /gazebo
[rosmaster.master][INFO] 2025-11-09 13:45:11,986: +PARAM [/gains/hand_middle_virtual_2_joint/p] by /gazebo
[rosmaster.master][INFO] 2025-11-09 13:45:11,987: +PARAM [/gains/hand_middle_virtual_2_joint/i] by /gazebo
[rosmaster.master][INFO] 2025-11-09 13:45:11,987: +PARAM [/gains/hand_middle_virtual_2_joint/d] by /gazebo
[rosmaster.master][INFO] 2025-11-09 13:45:11,988: +PARAM [/gains/hand_middle_virtual_2_joint/i_clamp_min] by /gazebo
[rosmaster.master][INFO] 2025-11-09 13:45:11,988: +PARAM [/gains/hand_middle_virtual_2_joint/i_clamp_max] by /gazebo
[rosmaster.master][INFO] 2025-11-09 13:45:11,989: +PARAM [/gains/hand_middle_virtual_2_joint/antiwindup] by /gazebo
[rosmaster.master][INFO] 2025-11-09 13:45:11,989: +PARAM [/gains/hand_middle_virtual_2_joint/p] by /gazebo
[rosmaster.master][INFO] 2025-11-09 13:45:11,990: +PARAM [/gains/hand_middle_virtual_2_joint/i] by /gazebo
[rosmaster.master][INFO] 2025-11-09 13:45:11,990: +PARAM [/gains/hand_middle_virtual_2_joint/d] by /gazebo
[rosmaster.master][INFO] 2025-11-09 13:45:11,990: +PARAM [/gains/hand_middle_virtual_2_joint/i_clamp_min] by /gazebo
[rosmaster.master][INFO] 2025-11-09 13:45:11,991: +PARAM [/gains/hand_middle_virtual_2_joint/i_clamp_max] by /gazebo
[rosmaster.master][INFO] 2025-11-09 13:45:11,991: +PARAM [/gains/hand_middle_virtual_2_joint/antiwindup] by /gazebo
[rosmaster.master][INFO] 2025-11-09 13:45:11,995: +SERVICE [/gains/hand_middle_flex_3_joint/set_parameters] /gazebo http://127.0.0.1:36161/
[rosmaster.master][INFO] 2025-11-09 13:45:11,996: +PUB [/gains/hand_middle_flex_3_joint/parameter_descriptions] /gazebo http://127.0.0.1:36161/
[rosmaster.master][INFO] 2025-11-09 13:45:11,996: +PUB [/gains/hand_middle_flex_3_joint/parameter_updates] /gazebo http://127.0.0.1:36161/
[rosmaster.master][INFO] 2025-11-09 13:45:11,999: +PARAM [/gains/hand_middle_flex_3_joint/p] by /gazebo
[rosmaster.master][INFO] 2025-11-09 13:45:11,999: +PARAM [/gains/hand_middle_flex_3_joint/i] by /gazebo
[rosmaster.master][INFO] 2025-11-09 13:45:12,000: +PARAM [/gains/hand_middle_flex_3_joint/d] by /gazebo
[rosmaster.master][INFO] 2025-11-09 13:45:12,000: +PARAM [/gains/hand_middle_flex_3_joint/i_clamp_min] by /gazebo
[rosmaster.master][INFO] 2025-11-09 13:45:12,001: +PARAM [/gains/hand_middle_flex_3_joint/i_clamp_max] by /gazebo
[rosmaster.master][INFO] 2025-11-09 13:45:12,001: +PARAM [/gains/hand_middle_flex_3_joint/antiwindup] by /gazebo
[rosmaster.master][INFO] 2025-11-09 13:45:12,002: +PARAM [/gains/hand_middle_flex_3_joint/p] by /gazebo
[rosmaster.master][INFO] 2025-11-09 13:45:12,002: +PARAM [/gains/hand_middle_flex_3_joint/i] by /gazebo
[rosmaster.master][INFO] 2025-11-09 13:45:12,003: +PARAM [/gains/hand_middle_flex_3_joint/d] by /gazebo
[rosmaster.master][INFO] 2025-11-09 13:45:12,003: +PARAM [/gains/hand_middle_flex_3_joint/i_clamp_min] by /gazebo
[rosmaster.master][INFO] 2025-11-09 13:45:12,003: +PARAM [/gains/hand_middle_flex_3_joint/i_clamp_max] by /gazebo
[rosmaster.master][INFO] 2025-11-09 13:45:12,004: +PARAM [/gains/hand_middle_flex_3_joint/antiwindup] by /gazebo
[rosmaster.master][INFO] 2025-11-09 13:45:12,004: +PARAM [/gains/hand_middle_flex_3_joint/p] by /gazebo
[rosmaster.master][INFO] 2025-11-09 13:45:12,005: +PARAM [/gains/hand_middle_flex_3_joint/i] by /gazebo
[rosmaster.master][INFO] 2025-11-09 13:45:12,005: +PARAM [/gains/hand_middle_flex_3_joint/d] by /gazebo
[rosmaster.master][INFO] 2025-11-09 13:45:12,006: +PARAM [/gains/hand_middle_flex_3_joint/i_clamp_min] by /gazebo
[rosmaster.master][INFO] 2025-11-09 13:45:12,006: +PARAM [/gains/hand_middle_flex_3_joint/i_clamp_max] by /gazebo
[rosmaster.master][INFO] 2025-11-09 13:45:12,007: +PARAM [/gains/hand_middle_flex_3_joint/antiwindup] by /gazebo
[rosmaster.master][INFO] 2025-11-09 13:45:12,007: +PARAM [/gains/hand_middle_flex_3_joint/p] by /gazebo
[rosmaster.master][INFO] 2025-11-09 13:45:12,007: +PARAM [/gains/hand_middle_flex_3_joint/i] by /gazebo
[rosmaster.master][INFO] 2025-11-09 13:45:12,008: +PARAM [/gains/hand_middle_flex_3_joint/d] by /gazebo
[rosmaster.master][INFO] 2025-11-09 13:45:12,008: +PARAM [/gains/hand_middle_flex_3_joint/i_clamp_min] by /gazebo
[rosmaster.master][INFO] 2025-11-09 13:45:12,009: +PARAM [/gains/hand_middle_flex_3_joint/i_clamp_max] by /gazebo
[rosmaster.master][INFO] 2025-11-09 13:45:12,009: +PARAM [/gains/hand_middle_flex_3_joint/antiwindup] by /gazebo
[rosmaster.master][INFO] 2025-11-09 13:45:12,013: +SERVICE [/gains/hand_ring_flex_1_joint/set_parameters] /gazebo http://127.0.0.1:36161/
[rosmaster.master][INFO] 2025-11-09 13:45:12,014: +PUB [/gains/hand_ring_flex_1_joint/parameter_descriptions] /gazebo http://127.0.0.1:36161/
[rosmaster.master][INFO] 2025-11-09 13:45:12,014: +PUB [/gains/hand_ring_flex_1_joint/parameter_updates] /gazebo http://127.0.0.1:36161/
[rosmaster.master][INFO] 2025-11-09 13:45:12,016: +PARAM [/gains/hand_ring_flex_1_joint/p] by /gazebo
[rosmaster.master][INFO] 2025-11-09 13:45:12,017: +PARAM [/gains/hand_ring_flex_1_joint/i] by /gazebo
[rosmaster.master][INFO] 2025-11-09 13:45:12,018: +PARAM [/gains/hand_ring_flex_1_joint/d] by /gazebo
[rosmaster.master][INFO] 2025-11-09 13:45:12,018: +PARAM [/gains/hand_ring_flex_1_joint/i_clamp_min] by /gazebo
[rosmaster.master][INFO] 2025-11-09 13:45:12,019: +PARAM [/gains/hand_ring_flex_1_joint/i_clamp_max] by /gazebo
[rosmaster.master][INFO] 2025-11-09 13:45:12,019: +PARAM [/gains/hand_ring_flex_1_joint/antiwindup] by /gazebo
[rosmaster.master][INFO] 2025-11-09 13:45:12,020: +PARAM [/gains/hand_ring_flex_1_joint/p] by /gazebo
[rosmaster.master][INFO] 2025-11-09 13:45:12,020: +PARAM [/gains/hand_ring_flex_1_joint/i] by /gazebo
[rosmaster.master][INFO] 2025-11-09 13:45:12,021: +PARAM [/gains/hand_ring_flex_1_joint/d] by /gazebo
[rosmaster.master][INFO] 2025-11-09 13:45:12,021: +PARAM [/gains/hand_ring_flex_1_joint/i_clamp_min] by /gazebo
[rosmaster.master][INFO] 2025-11-09 13:45:12,022: +PARAM [/gains/hand_ring_flex_1_joint/i_clamp_max] by /gazebo
[rosmaster.master][INFO] 2025-11-09 13:45:12,022: +PARAM [/gains/hand_ring_flex_1_joint/antiwindup] by /gazebo
[rosmaster.master][INFO] 2025-11-09 13:45:12,023: +PARAM [/gains/hand_ring_flex_1_joint/p] by /gazebo
[rosmaster.master][INFO] 2025-11-09 13:45:12,023: +PARAM [/gains/hand_ring_flex_1_joint/i] by /gazebo
[rosmaster.master][INFO] 2025-11-09 13:45:12,024: +PARAM [/gains/hand_ring_flex_1_joint/d] by /gazebo
[rosmaster.master][INFO] 2025-11-09 13:45:12,024: +PARAM [/gains/hand_ring_flex_1_joint/i_clamp_min] by /gazebo
[rosmaster.master][INFO] 2025-11-09 13:45:12,025: +PARAM [/gains/hand_ring_flex_1_joint/i_clamp_max] by /gazebo
[rosmaster.master][INFO] 2025-11-09 13:45:12,025: +PARAM [/gains/hand_ring_flex_1_joint/antiwindup] by /gazebo
[rosmaster.master][INFO] 2025-11-09 13:45:12,026: +PARAM [/gains/hand_ring_flex_1_joint/p] by /gazebo
[rosmaster.master][INFO] 2025-11-09 13:45:12,026: +PARAM [/gains/hand_ring_flex_1_joint/i] by /gazebo
[rosmaster.master][INFO] 2025-11-09 13:45:12,026: +PARAM [/gains/hand_ring_flex_1_joint/d] by /gazebo
[rosmaster.master][INFO] 2025-11-09 13:45:12,027: +PARAM [/gains/hand_ring_flex_1_joint/i_clamp_min] by /gazebo
[rosmaster.master][INFO] 2025-11-09 13:45:12,027: +PARAM [/gains/hand_ring_flex_1_joint/i_clamp_max] by /gazebo
[rosmaster.master][INFO] 2025-11-09 13:45:12,028: +PARAM [/gains/hand_ring_flex_1_joint/antiwindup] by /gazebo
[rosmaster.master][INFO] 2025-11-09 13:45:12,032: +SERVICE [/gains/hand_ring_virtual_1_joint/set_parameters] /gazebo http://127.0.0.1:36161/
[rosmaster.master][INFO] 2025-11-09 13:45:12,032: +PUB [/gains/hand_ring_virtual_1_joint/parameter_descriptions] /gazebo http://127.0.0.1:36161/
[rosmaster.master][INFO] 2025-11-09 13:45:12,033: +PUB [/gains/hand_ring_virtual_1_joint/parameter_updates] /gazebo http://127.0.0.1:36161/
[rosmaster.master][INFO] 2025-11-09 13:45:12,035: +PARAM [/gains/hand_ring_virtual_1_joint/p] by /gazebo
[rosmaster.master][INFO] 2025-11-09 13:45:12,035: +PARAM [/gains/hand_ring_virtual_1_joint/i] by /gazebo
[rosmaster.master][INFO] 2025-11-09 13:45:12,036: +PARAM [/gains/hand_ring_virtual_1_joint/d] by /gazebo
[rosmaster.master][INFO] 2025-11-09 13:45:12,036: +PARAM [/gains/hand_ring_virtual_1_joint/i_clamp_min] by /gazebo
[rosmaster.master][INFO] 2025-11-09 13:45:12,037: +PARAM [/gains/hand_ring_virtual_1_joint/i_clamp_max] by /gazebo
[rosmaster.master][INFO] 2025-11-09 13:45:12,037: +PARAM [/gains/hand_ring_virtual_1_joint/antiwindup] by /gazebo
[rosmaster.master][INFO] 2025-11-09 13:45:12,037: +PARAM [/gains/hand_ring_virtual_1_joint/p] by /gazebo
[rosmaster.master][INFO] 2025-11-09 13:45:12,038: +PARAM [/gains/hand_ring_virtual_1_joint/i] by /gazebo
[rosmaster.master][INFO] 2025-11-09 13:45:12,038: +PARAM [/gains/hand_ring_virtual_1_joint/d] by /gazebo
[rosmaster.master][INFO] 2025-11-09 13:45:12,040: +PARAM [/gains/hand_ring_virtual_1_joint/i_clamp_min] by /gazebo
[rosmaster.master][INFO] 2025-11-09 13:45:12,044: +PARAM [/gains/hand_ring_virtual_1_joint/i_clamp_max] by /gazebo
[rosmaster.master][INFO] 2025-11-09 13:45:12,046: +PARAM [/gains/hand_ring_virtual_1_joint/antiwindup] by /gazebo
[rosmaster.master][INFO] 2025-11-09 13:45:12,048: +PARAM [/gains/hand_ring_virtual_1_joint/p] by /gazebo
[rosmaster.master][INFO] 2025-11-09 13:45:12,048: +PARAM [/gains/hand_ring_virtual_1_joint/i] by /gazebo
[rosmaster.master][INFO] 2025-11-09 13:45:12,049: +PARAM [/gains/hand_ring_virtual_1_joint/d] by /gazebo
[rosmaster.master][INFO] 2025-11-09 13:45:12,049: +PARAM [/gains/hand_ring_virtual_1_joint/i_clamp_min] by /gazebo
[rosmaster.master][INFO] 2025-11-09 13:45:12,050: +PARAM [/gains/hand_ring_virtual_1_joint/i_clamp_max] by /gazebo
[rosmaster.master][INFO] 2025-11-09 13:45:12,050: +PARAM [/gains/hand_ring_virtual_1_joint/antiwindup] by /gazebo
[rosmaster.master][INFO] 2025-11-09 13:45:12,051: +PARAM [/gains/hand_ring_virtual_1_joint/p] by /gazebo
[rosmaster.master][INFO] 2025-11-09 13:45:12,052: +PARAM [/gains/hand_ring_virtual_1_joint/i] by /gazebo
[rosmaster.master][INFO] 2025-11-09 13:45:12,053: +PARAM [/gains/hand_ring_virtual_1_joint/d] by /gazebo
[rosmaster.master][INFO] 2025-11-09 13:45:12,053: +PARAM [/gains/hand_ring_virtual_1_joint/i_clamp_min] by /gazebo
[rosmaster.master][INFO] 2025-11-09 13:45:12,054: +PARAM [/gains/hand_ring_virtual_1_joint/i_clamp_max] by /gazebo
[rosmaster.master][INFO] 2025-11-09 13:45:12,054: +PARAM [/gains/hand_ring_virtual_1_joint/antiwindup] by /gazebo
[rosmaster.master][INFO] 2025-11-09 13:45:12,059: +SERVICE [/gains/hand_ring_flex_2_joint/set_parameters] /gazebo http://127.0.0.1:36161/
[rosmaster.master][INFO] 2025-11-09 13:45:12,059: +PUB [/gains/hand_ring_flex_2_joint/parameter_descriptions] /gazebo http://127.0.0.1:36161/
[rosmaster.master][INFO] 2025-11-09 13:45:12,060: +PUB [/gains/hand_ring_flex_2_joint/parameter_updates] /gazebo http://127.0.0.1:36161/
[rosmaster.master][INFO] 2025-11-09 13:45:12,062: +PARAM [/gains/hand_ring_flex_2_joint/p] by /gazebo
[rosmaster.master][INFO] 2025-11-09 13:45:12,063: +PARAM [/gains/hand_ring_flex_2_joint/i] by /gazebo
[rosmaster.master][INFO] 2025-11-09 13:45:12,063: +PARAM [/gains/hand_ring_flex_2_joint/d] by /gazebo
[rosmaster.master][INFO] 2025-11-09 13:45:12,063: +PARAM [/gains/hand_ring_flex_2_joint/i_clamp_min] by /gazebo
[rosmaster.master][INFO] 2025-11-09 13:45:12,064: +PARAM [/gains/hand_ring_flex_2_joint/i_clamp_max] by /gazebo
[rosmaster.master][INFO] 2025-11-09 13:45:12,064: +PARAM [/gains/hand_ring_flex_2_joint/antiwindup] by /gazebo
[rosmaster.master][INFO] 2025-11-09 13:45:12,065: +PARAM [/gains/hand_ring_flex_2_joint/p] by /gazebo
[rosmaster.master][INFO] 2025-11-09 13:45:12,066: +PARAM [/gains/hand_ring_flex_2_joint/i] by /gazebo
[rosmaster.master][INFO] 2025-11-09 13:45:12,067: +PARAM [/gains/hand_ring_flex_2_joint/d] by /gazebo
[rosmaster.master][INFO] 2025-11-09 13:45:12,069: +PARAM [/gains/hand_ring_flex_2_joint/i_clamp_min] by /gazebo
[rosmaster.master][INFO] 2025-11-09 13:45:12,070: +PARAM [/gains/hand_ring_flex_2_joint/i_clamp_max] by /gazebo
[rosmaster.master][INFO] 2025-11-09 13:45:12,071: +PARAM [/gains/hand_ring_flex_2_joint/antiwindup] by /gazebo
[rosmaster.master][INFO] 2025-11-09 13:45:12,072: +PARAM [/gains/hand_ring_flex_2_joint/p] by /gazebo
[rosmaster.master][INFO] 2025-11-09 13:45:12,072: +PARAM [/gains/hand_ring_flex_2_joint/i] by /gazebo
[rosmaster.master][INFO] 2025-11-09 13:45:12,073: +PARAM [/gains/hand_ring_flex_2_joint/d] by /gazebo
[rosmaster.master][INFO] 2025-11-09 13:45:12,074: +PARAM [/gains/hand_ring_flex_2_joint/i_clamp_min] by /gazebo
[rosmaster.master][INFO] 2025-11-09 13:45:12,074: +PARAM [/gains/hand_ring_flex_2_joint/i_clamp_max] by /gazebo
[rosmaster.master][INFO] 2025-11-09 13:45:12,075: +PARAM [/gains/hand_ring_flex_2_joint/antiwindup] by /gazebo
[rosmaster.master][INFO] 2025-11-09 13:45:12,076: +PARAM [/gains/hand_ring_flex_2_joint/p] by /gazebo
[rosmaster.master][INFO] 2025-11-09 13:45:12,076: +PARAM [/gains/hand_ring_flex_2_joint/i] by /gazebo
[rosmaster.master][INFO] 2025-11-09 13:45:12,077: +PARAM [/gains/hand_ring_flex_2_joint/d] by /gazebo
[rosmaster.master][INFO] 2025-11-09 13:45:12,078: +PARAM [/gains/hand_ring_flex_2_joint/i_clamp_min] by /gazebo
[rosmaster.master][INFO] 2025-11-09 13:45:12,078: +PARAM [/gains/hand_ring_flex_2_joint/i_clamp_max] by /gazebo
[rosmaster.master][INFO] 2025-11-09 13:45:12,079: +PARAM [/gains/hand_ring_flex_2_joint/antiwindup] by /gazebo
[rosmaster.master][INFO] 2025-11-09 13:45:12,083: +SERVICE [/gains/hand_ring_virtual_2_joint/set_parameters] /gazebo http://127.0.0.1:36161/
[rosmaster.master][INFO] 2025-11-09 13:45:12,083: +PUB [/gains/hand_ring_virtual_2_joint/parameter_descriptions] /gazebo http://127.0.0.1:36161/
[rosmaster.master][INFO] 2025-11-09 13:45:12,084: +PUB [/gains/hand_ring_virtual_2_joint/parameter_updates] /gazebo http://127.0.0.1:36161/
[rosmaster.master][INFO] 2025-11-09 13:45:12,088: +PARAM [/gains/hand_ring_virtual_2_joint/p] by /gazebo
[rosmaster.master][INFO] 2025-11-09 13:45:12,088: +PARAM [/gains/hand_ring_virtual_2_joint/i] by /gazebo
[rosmaster.master][INFO] 2025-11-09 13:45:12,089: +PARAM [/gains/hand_ring_virtual_2_joint/d] by /gazebo
[rosmaster.master][INFO] 2025-11-09 13:45:12,089: +PARAM [/gains/hand_ring_virtual_2_joint/i_clamp_min] by /gazebo
[rosmaster.master][INFO] 2025-11-09 13:45:12,090: +PARAM [/gains/hand_ring_virtual_2_joint/i_clamp_max] by /gazebo
[rosmaster.master][INFO] 2025-11-09 13:45:12,091: +PARAM [/gains/hand_ring_virtual_2_joint/antiwindup] by /gazebo
[rosmaster.master][INFO] 2025-11-09 13:45:12,092: +PARAM [/gains/hand_ring_virtual_2_joint/p] by /gazebo
[rosmaster.master][INFO] 2025-11-09 13:45:12,092: +PARAM [/gains/hand_ring_virtual_2_joint/i] by /gazebo
[rosmaster.master][INFO] 2025-11-09 13:45:12,093: +PARAM [/gains/hand_ring_virtual_2_joint/d] by /gazebo
[rosmaster.master][INFO] 2025-11-09 13:45:12,093: +PARAM [/gains/hand_ring_virtual_2_joint/i_clamp_min] by /gazebo
[rosmaster.master][INFO] 2025-11-09 13:45:12,094: +PARAM [/gains/hand_ring_virtual_2_joint/i_clamp_max] by /gazebo
[rosmaster.master][INFO] 2025-11-09 13:45:12,094: +PARAM [/gains/hand_ring_virtual_2_joint/antiwindup] by /gazebo
[rosmaster.master][INFO] 2025-11-09 13:45:12,095: +PARAM [/gains/hand_ring_virtual_2_joint/p] by /gazebo
[rosmaster.master][INFO] 2025-11-09 13:45:12,095: +PARAM [/gains/hand_ring_virtual_2_joint/i] by /gazebo
[rosmaster.master][INFO] 2025-11-09 13:45:12,096: +PARAM [/gains/hand_ring_virtual_2_joint/d] by /gazebo
[rosmaster.master][INFO] 2025-11-09 13:45:12,096: +PARAM [/gains/hand_ring_virtual_2_joint/i_clamp_min] by /gazebo
[rosmaster.master][INFO] 2025-11-09 13:45:12,097: +PARAM [/gains/hand_ring_virtual_2_joint/i_clamp_max] by /gazebo
[rosmaster.master][INFO] 2025-11-09 13:45:12,097: +PARAM [/gains/hand_ring_virtual_2_joint/antiwindup] by /gazebo
[rosmaster.master][INFO] 2025-11-09 13:45:12,098: +PARAM [/gains/hand_ring_virtual_2_joint/p] by /gazebo
[rosmaster.master][INFO] 2025-11-09 13:45:12,098: +PARAM [/gains/hand_ring_virtual_2_joint/i] by /gazebo
[rosmaster.master][INFO] 2025-11-09 13:45:12,098: +PARAM [/gains/hand_ring_virtual_2_joint/d] by /gazebo
[rosmaster.master][INFO] 2025-11-09 13:45:12,099: +PARAM [/gains/hand_ring_virtual_2_joint/i_clamp_min] by /gazebo
[rosmaster.master][INFO] 2025-11-09 13:45:12,099: +PARAM [/gains/hand_ring_virtual_2_joint/i_clamp_max] by /gazebo
[rosmaster.master][INFO] 2025-11-09 13:45:12,100: +PARAM [/gains/hand_ring_virtual_2_joint/antiwindup] by /gazebo
[rosmaster.master][INFO] 2025-11-09 13:45:12,104: +SERVICE [/gains/hand_ring_flex_3_joint/set_parameters] /gazebo http://127.0.0.1:36161/
[rosmaster.master][INFO] 2025-11-09 13:45:12,104: +PUB [/gains/hand_ring_flex_3_joint/parameter_descriptions] /gazebo http://127.0.0.1:36161/
[rosmaster.master][INFO] 2025-11-09 13:45:12,105: +PUB [/gains/hand_ring_flex_3_joint/parameter_updates] /gazebo http://127.0.0.1:36161/
[rosmaster.master][INFO] 2025-11-09 13:45:12,107: +PARAM [/gains/hand_ring_flex_3_joint/p] by /gazebo
[rosmaster.master][INFO] 2025-11-09 13:45:12,108: +PARAM [/gains/hand_ring_flex_3_joint/i] by /gazebo
[rosmaster.master][INFO] 2025-11-09 13:45:12,108: +PARAM [/gains/hand_ring_flex_3_joint/d] by /gazebo
[rosmaster.master][INFO] 2025-11-09 13:45:12,109: +PARAM [/gains/hand_ring_flex_3_joint/i_clamp_min] by /gazebo
[rosmaster.master][INFO] 2025-11-09 13:45:12,109: +PARAM [/gains/hand_ring_flex_3_joint/i_clamp_max] by /gazebo
[rosmaster.master][INFO] 2025-11-09 13:45:12,110: +PARAM [/gains/hand_ring_flex_3_joint/antiwindup] by /gazebo
[rosmaster.master][INFO] 2025-11-09 13:45:12,110: +PARAM [/gains/hand_ring_flex_3_joint/p] by /gazebo
[rosmaster.master][INFO] 2025-11-09 13:45:12,111: +PARAM [/gains/hand_ring_flex_3_joint/i] by /gazebo
[rosmaster.master][INFO] 2025-11-09 13:45:12,111: +PARAM [/gains/hand_ring_flex_3_joint/d] by /gazebo
[rosmaster.master][INFO] 2025-11-09 13:45:12,112: +PARAM [/gains/hand_ring_flex_3_joint/i_clamp_min] by /gazebo
[rosmaster.master][INFO] 2025-11-09 13:45:12,112: +PARAM [/gains/hand_ring_flex_3_joint/i_clamp_max] by /gazebo
[rosmaster.master][INFO] 2025-11-09 13:45:12,112: +PARAM [/gains/hand_ring_flex_3_joint/antiwindup] by /gazebo
[rosmaster.master][INFO] 2025-11-09 13:45:12,113: +PARAM [/gains/hand_ring_flex_3_joint/p] by /gazebo
[rosmaster.master][INFO] 2025-11-09 13:45:12,113: +PARAM [/gains/hand_ring_flex_3_joint/i] by /gazebo
[rosmaster.master][INFO] 2025-11-09 13:45:12,114: +PARAM [/gains/hand_ring_flex_3_joint/d] by /gazebo
[rosmaster.master][INFO] 2025-11-09 13:45:12,114: +PARAM [/gains/hand_ring_flex_3_joint/i_clamp_min] by /gazebo
[rosmaster.master][INFO] 2025-11-09 13:45:12,115: +PARAM [/gains/hand_ring_flex_3_joint/i_clamp_max] by /gazebo
[rosmaster.master][INFO] 2025-11-09 13:45:12,115: +PARAM [/gains/hand_ring_flex_3_joint/antiwindup] by /gazebo
[rosmaster.master][INFO] 2025-11-09 13:45:12,116: +PARAM [/gains/hand_ring_flex_3_joint/p] by /gazebo
[rosmaster.master][INFO] 2025-11-09 13:45:12,117: +PARAM [/gains/hand_ring_flex_3_joint/i] by /gazebo
[rosmaster.master][INFO] 2025-11-09 13:45:12,120: +PARAM [/gains/hand_ring_flex_3_joint/d] by /gazebo
[rosmaster.master][INFO] 2025-11-09 13:45:12,124: +PARAM [/gains/hand_ring_flex_3_joint/i_clamp_min] by /gazebo
[rosmaster.master][INFO] 2025-11-09 13:45:12,125: +PARAM [/gains/hand_ring_flex_3_joint/i_clamp_max] by /gazebo
[rosmaster.master][INFO] 2025-11-09 13:45:12,126: +PARAM [/gains/hand_ring_flex_3_joint/antiwindup] by /gazebo
[rosmaster.master][INFO] 2025-11-09 13:45:12,150: +SERVICE [/gains/hand_little_flex_1_joint/set_parameters] /gazebo http://127.0.0.1:36161/
[rosmaster.master][INFO] 2025-11-09 13:45:12,151: +PUB [/gains/hand_little_flex_1_joint/parameter_descriptions] /gazebo http://127.0.0.1:36161/
[rosmaster.master][INFO] 2025-11-09 13:45:12,151: +PUB [/gains/hand_little_flex_1_joint/parameter_updates] /gazebo http://127.0.0.1:36161/
[rosmaster.master][INFO] 2025-11-09 13:45:12,155: +PARAM [/gains/hand_little_flex_1_joint/p] by /gazebo
[rosmaster.master][INFO] 2025-11-09 13:45:12,156: +PARAM [/gains/hand_little_flex_1_joint/i] by /gazebo
[rosmaster.master][INFO] 2025-11-09 13:45:12,157: +PARAM [/gains/hand_little_flex_1_joint/d] by /gazebo
[rosmaster.master][INFO] 2025-11-09 13:45:12,158: +PARAM [/gains/hand_little_flex_1_joint/i_clamp_min] by /gazebo
[rosmaster.master][INFO] 2025-11-09 13:45:12,159: +PARAM [/gains/hand_little_flex_1_joint/i_clamp_max] by /gazebo
[rosmaster.master][INFO] 2025-11-09 13:45:12,159: +PARAM [/gains/hand_little_flex_1_joint/antiwindup] by /gazebo
[rosmaster.master][INFO] 2025-11-09 13:45:12,160: +PARAM [/gains/hand_little_flex_1_joint/p] by /gazebo
[rosmaster.master][INFO] 2025-11-09 13:45:12,161: +PARAM [/gains/hand_little_flex_1_joint/i] by /gazebo
[rosmaster.master][INFO] 2025-11-09 13:45:12,162: +PARAM [/gains/hand_little_flex_1_joint/d] by /gazebo
[rosmaster.master][INFO] 2025-11-09 13:45:12,167: +PARAM [/gains/hand_little_flex_1_joint/i_clamp_min] by /gazebo
[rosmaster.master][INFO] 2025-11-09 13:45:12,170: +PARAM [/gains/hand_little_flex_1_joint/i_clamp_max] by /gazebo
[rosmaster.master][INFO] 2025-11-09 13:45:12,173: +PARAM [/gains/hand_little_flex_1_joint/antiwindup] by /gazebo
[rosmaster.master][INFO] 2025-11-09 13:45:12,176: +PARAM [/gains/hand_little_flex_1_joint/p] by /gazebo
[rosmaster.master][INFO] 2025-11-09 13:45:12,177: +PARAM [/gains/hand_little_flex_1_joint/i] by /gazebo
[rosmaster.master][INFO] 2025-11-09 13:45:12,178: +PARAM [/gains/hand_little_flex_1_joint/d] by /gazebo
[rosmaster.master][INFO] 2025-11-09 13:45:12,179: +PARAM [/gains/hand_little_flex_1_joint/i_clamp_min] by /gazebo
[rosmaster.master][INFO] 2025-11-09 13:45:12,180: +PARAM [/gains/hand_little_flex_1_joint/i_clamp_max] by /gazebo
[rosmaster.master][INFO] 2025-11-09 13:45:12,181: +PARAM [/gains/hand_little_flex_1_joint/antiwindup] by /gazebo
[rosmaster.master][INFO] 2025-11-09 13:45:12,181: +PARAM [/gains/hand_little_flex_1_joint/p] by /gazebo
[rosmaster.master][INFO] 2025-11-09 13:45:12,182: +PARAM [/gains/hand_little_flex_1_joint/i] by /gazebo
[rosmaster.master][INFO] 2025-11-09 13:45:12,183: +PARAM [/gains/hand_little_flex_1_joint/d] by /gazebo
[rosmaster.master][INFO] 2025-11-09 13:45:12,183: +PARAM [/gains/hand_little_flex_1_joint/i_clamp_min] by /gazebo
[rosmaster.master][INFO] 2025-11-09 13:45:12,184: +PARAM [/gains/hand_little_flex_1_joint/i_clamp_max] by /gazebo
[rosmaster.master][INFO] 2025-11-09 13:45:12,185: +PARAM [/gains/hand_little_flex_1_joint/antiwindup] by /gazebo
[rosmaster.master][INFO] 2025-11-09 13:45:12,206: +SERVICE [/gains/hand_little_virtual_1_joint/set_parameters] /gazebo http://127.0.0.1:36161/
[rosmaster.master][INFO] 2025-11-09 13:45:12,213: +PUB [/gains/hand_little_virtual_1_joint/parameter_descriptions] /gazebo http://127.0.0.1:36161/
[rosmaster.master][INFO] 2025-11-09 13:45:12,218: +PUB [/gains/hand_little_virtual_1_joint/parameter_updates] /gazebo http://127.0.0.1:36161/
[rosmaster.master][INFO] 2025-11-09 13:45:12,229: +PARAM [/gains/hand_little_virtual_1_joint/p] by /gazebo
[rosmaster.master][INFO] 2025-11-09 13:45:12,232: +PARAM [/gains/hand_little_virtual_1_joint/i] by /gazebo
[rosmaster.master][INFO] 2025-11-09 13:45:12,234: +PARAM [/gains/hand_little_virtual_1_joint/d] by /gazebo
[rosmaster.master][INFO] 2025-11-09 13:45:12,235: +PARAM [/gains/hand_little_virtual_1_joint/i_clamp_min] by /gazebo
[rosmaster.master][INFO] 2025-11-09 13:45:12,236: +PARAM [/gains/hand_little_virtual_1_joint/i_clamp_max] by /gazebo
[rosmaster.master][INFO] 2025-11-09 13:45:12,238: +PARAM [/gains/hand_little_virtual_1_joint/antiwindup] by /gazebo
[rosmaster.master][INFO] 2025-11-09 13:45:12,243: +PARAM [/gains/hand_little_virtual_1_joint/p] by /gazebo
[rosmaster.master][INFO] 2025-11-09 13:45:12,245: +PARAM [/gains/hand_little_virtual_1_joint/i] by /gazebo
[rosmaster.master][INFO] 2025-11-09 13:45:12,248: +PARAM [/gains/hand_little_virtual_1_joint/d] by /gazebo
[rosmaster.master][INFO] 2025-11-09 13:45:12,250: +PARAM [/gains/hand_little_virtual_1_joint/i_clamp_min] by /gazebo
[rosmaster.master][INFO] 2025-11-09 13:45:12,250: +PARAM [/gains/hand_little_virtual_1_joint/i_clamp_max] by /gazebo
[rosmaster.master][INFO] 2025-11-09 13:45:12,251: +PARAM [/gains/hand_little_virtual_1_joint/antiwindup] by /gazebo
[rosmaster.master][INFO] 2025-11-09 13:45:12,252: +PARAM [/gains/hand_little_virtual_1_joint/p] by /gazebo
[rosmaster.master][INFO] 2025-11-09 13:45:12,257: +PARAM [/gains/hand_little_virtual_1_joint/i] by /gazebo
[rosmaster.master][INFO] 2025-11-09 13:45:12,260: +PARAM [/gains/hand_little_virtual_1_joint/d] by /gazebo
[rosmaster.master][INFO] 2025-11-09 13:45:12,263: +PARAM [/gains/hand_little_virtual_1_joint/i_clamp_min] by /gazebo
[rosmaster.master][INFO] 2025-11-09 13:45:12,265: +PARAM [/gains/hand_little_virtual_1_joint/i_clamp_max] by /gazebo
[rosmaster.master][INFO] 2025-11-09 13:45:12,265: +PARAM [/gains/hand_little_virtual_1_joint/antiwindup] by /gazebo
[rosmaster.master][INFO] 2025-11-09 13:45:12,266: +PARAM [/gains/hand_little_virtual_1_joint/p] by /gazebo
[rosmaster.master][INFO] 2025-11-09 13:45:12,266: +PARAM [/gains/hand_little_virtual_1_joint/i] by /gazebo
[rosmaster.master][INFO] 2025-11-09 13:45:12,269: +PARAM [/gains/hand_little_virtual_1_joint/d] by /gazebo
[rosmaster.master][INFO] 2025-11-09 13:45:12,274: +PARAM [/gains/hand_little_virtual_1_joint/i_clamp_min] by /gazebo
[rosmaster.master][INFO] 2025-11-09 13:45:12,276: +PARAM [/gains/hand_little_virtual_1_joint/i_clamp_max] by /gazebo
[rosmaster.master][INFO] 2025-11-09 13:45:12,279: +PARAM [/gains/hand_little_virtual_1_joint/antiwindup] by /gazebo
[rosmaster.master][INFO] 2025-11-09 13:45:12,295: +SERVICE [/gains/hand_little_flex_2_joint/set_parameters] /gazebo http://127.0.0.1:36161/
[rosmaster.master][INFO] 2025-11-09 13:45:12,295: +PUB [/gains/hand_little_flex_2_joint/parameter_descriptions] /gazebo http://127.0.0.1:36161/
[rosmaster.master][INFO] 2025-11-09 13:45:12,296: +PUB [/gains/hand_little_flex_2_joint/parameter_updates] /gazebo http://127.0.0.1:36161/
[rosmaster.master][INFO] 2025-11-09 13:45:12,304: +PARAM [/gains/hand_little_flex_2_joint/p] by /gazebo
[rosmaster.master][INFO] 2025-11-09 13:45:12,307: +PARAM [/gains/hand_little_flex_2_joint/i] by /gazebo
[rosmaster.master][INFO] 2025-11-09 13:45:12,311: +PARAM [/gains/hand_little_flex_2_joint/d] by /gazebo
[rosmaster.master][INFO] 2025-11-09 13:45:12,312: +PARAM [/gains/hand_little_flex_2_joint/i_clamp_min] by /gazebo
[rosmaster.master][INFO] 2025-11-09 13:45:12,313: +PARAM [/gains/hand_little_flex_2_joint/i_clamp_max] by /gazebo
[rosmaster.master][INFO] 2025-11-09 13:45:12,313: +PARAM [/gains/hand_little_flex_2_joint/antiwindup] by /gazebo
[rosmaster.master][INFO] 2025-11-09 13:45:12,314: +PARAM [/gains/hand_little_flex_2_joint/p] by /gazebo
[rosmaster.master][INFO] 2025-11-09 13:45:12,314: +PARAM [/gains/hand_little_flex_2_joint/i] by /gazebo
[rosmaster.master][INFO] 2025-11-09 13:45:12,315: +PARAM [/gains/hand_little_flex_2_joint/d] by /gazebo
[rosmaster.master][INFO] 2025-11-09 13:45:12,315: +PARAM [/gains/hand_little_flex_2_joint/i_clamp_min] by /gazebo
[rosmaster.master][INFO] 2025-11-09 13:45:12,316: +PARAM [/gains/hand_little_flex_2_joint/i_clamp_max] by /gazebo
[rosmaster.master][INFO] 2025-11-09 13:45:12,318: +PARAM [/gains/hand_little_flex_2_joint/antiwindup] by /gazebo
[rosmaster.master][INFO] 2025-11-09 13:45:12,323: +PARAM [/gains/hand_little_flex_2_joint/p] by /gazebo
[rosmaster.master][INFO] 2025-11-09 13:45:12,326: +PARAM [/gains/hand_little_flex_2_joint/i] by /gazebo
[rosmaster.master][INFO] 2025-11-09 13:45:12,329: +PARAM [/gains/hand_little_flex_2_joint/d] by /gazebo
[rosmaster.master][INFO] 2025-11-09 13:45:12,330: +PARAM [/gains/hand_little_flex_2_joint/i_clamp_min] by /gazebo
[rosmaster.master][INFO] 2025-11-09 13:45:12,330: +PARAM [/gains/hand_little_flex_2_joint/i_clamp_max] by /gazebo
[rosmaster.master][INFO] 2025-11-09 13:45:12,331: +PARAM [/gains/hand_little_flex_2_joint/antiwindup] by /gazebo
[rosmaster.master][INFO] 2025-11-09 13:45:12,331: +PARAM [/gains/hand_little_flex_2_joint/p] by /gazebo
[rosmaster.master][INFO] 2025-11-09 13:45:12,334: +PARAM [/gains/hand_little_flex_2_joint/i] by /gazebo
[rosmaster.master][INFO] 2025-11-09 13:45:12,339: +PARAM [/gains/hand_little_flex_2_joint/d] by /gazebo
[rosmaster.master][INFO] 2025-11-09 13:45:12,343: +PARAM [/gains/hand_little_flex_2_joint/i_clamp_min] by /gazebo
[rosmaster.master][INFO] 2025-11-09 13:45:12,346: +PARAM [/gains/hand_little_flex_2_joint/i_clamp_max] by /gazebo
[rosmaster.master][INFO] 2025-11-09 13:45:12,347: +PARAM [/gains/hand_little_flex_2_joint/antiwindup] by /gazebo
[rosmaster.master][INFO] 2025-11-09 13:45:12,363: +SERVICE [/gains/hand_little_virtual_2_joint/set_parameters] /gazebo http://127.0.0.1:36161/
[rosmaster.master][INFO] 2025-11-09 13:45:12,364: +PUB [/gains/hand_little_virtual_2_joint/parameter_descriptions] /gazebo http://127.0.0.1:36161/
[rosmaster.master][INFO] 2025-11-09 13:45:12,370: +PUB [/gains/hand_little_virtual_2_joint/parameter_updates] /gazebo http://127.0.0.1:36161/
[rosmaster.master][INFO] 2025-11-09 13:45:12,378: +PARAM [/gains/hand_little_virtual_2_joint/p] by /gazebo
[rosmaster.master][INFO] 2025-11-09 13:45:12,381: +PARAM [/gains/hand_little_virtual_2_joint/i] by /gazebo
[rosmaster.master][INFO] 2025-11-09 13:45:12,385: +PARAM [/gains/hand_little_virtual_2_joint/d] by /gazebo
[rosmaster.master][INFO] 2025-11-09 13:45:12,388: +PARAM [/gains/hand_little_virtual_2_joint/i_clamp_min] by /gazebo
[rosmaster.master][INFO] 2025-11-09 13:45:12,390: +PARAM [/gains/hand_little_virtual_2_joint/i_clamp_max] by /gazebo
[rosmaster.master][INFO] 2025-11-09 13:45:12,391: +PARAM [/gains/hand_little_virtual_2_joint/antiwindup] by /gazebo
[rosmaster.master][INFO] 2025-11-09 13:45:12,392: +PARAM [/gains/hand_little_virtual_2_joint/p] by /gazebo
[rosmaster.master][INFO] 2025-11-09 13:45:12,393: +PARAM [/gains/hand_little_virtual_2_joint/i] by /gazebo
[rosmaster.master][INFO] 2025-11-09 13:45:12,393: +PARAM [/gains/hand_little_virtual_2_joint/d] by /gazebo
[rosmaster.master][INFO] 2025-11-09 13:45:12,394: +PARAM [/gains/hand_little_virtual_2_joint/i_clamp_min] by /gazebo
[rosmaster.master][INFO] 2025-11-09 13:45:12,399: +PARAM [/gains/hand_little_virtual_2_joint/i_clamp_max] by /gazebo
[rosmaster.master][INFO] 2025-11-09 13:45:12,403: +PARAM [/gains/hand_little_virtual_2_joint/antiwindup] by /gazebo
[rosmaster.master][INFO] 2025-11-09 13:45:12,406: +PARAM [/gains/hand_little_virtual_2_joint/p] by /gazebo
[rosmaster.master][INFO] 2025-11-09 13:45:12,407: +PARAM [/gains/hand_little_virtual_2_joint/i] by /gazebo
[rosmaster.master][INFO] 2025-11-09 13:45:12,408: +PARAM [/gains/hand_little_virtual_2_joint/d] by /gazebo
[rosmaster.master][INFO] 2025-11-09 13:45:12,409: +PARAM [/gains/hand_little_virtual_2_joint/i_clamp_min] by /gazebo
[rosmaster.master][INFO] 2025-11-09 13:45:12,409: +PARAM [/gains/hand_little_virtual_2_joint/i_clamp_max] by /gazebo
[rosmaster.master][INFO] 2025-11-09 13:45:12,410: +PARAM [/gains/hand_little_virtual_2_joint/antiwindup] by /gazebo
[rosmaster.master][INFO] 2025-11-09 13:45:12,410: +PARAM [/gains/hand_little_virtual_2_joint/p] by /gazebo
[rosmaster.master][INFO] 2025-11-09 13:45:12,413: +PARAM [/gains/hand_little_virtual_2_joint/i] by /gazebo
[rosmaster.master][INFO] 2025-11-09 13:45:12,418: +PARAM [/gains/hand_little_virtual_2_joint/d] by /gazebo
[rosmaster.master][INFO] 2025-11-09 13:45:12,419: +PARAM [/gains/hand_little_virtual_2_joint/i_clamp_min] by /gazebo
[rosmaster.master][INFO] 2025-11-09 13:45:12,422: +PARAM [/gains/hand_little_virtual_2_joint/i_clamp_max] by /gazebo
[rosmaster.master][INFO] 2025-11-09 13:45:12,423: +PARAM [/gains/hand_little_virtual_2_joint/antiwindup] by /gazebo
[rosmaster.master][INFO] 2025-11-09 13:45:12,436: +SERVICE [/gains/hand_little_flex_3_joint/set_parameters] /gazebo http://127.0.0.1:36161/
[rosmaster.master][INFO] 2025-11-09 13:45:12,438: +PUB [/gains/hand_little_flex_3_joint/parameter_descriptions] /gazebo http://127.0.0.1:36161/
[rosmaster.master][INFO] 2025-11-09 13:45:12,439: +PUB [/gains/hand_little_flex_3_joint/parameter_updates] /gazebo http://127.0.0.1:36161/
[rosmaster.master][INFO] 2025-11-09 13:45:12,442: +PARAM [/gains/hand_little_flex_3_joint/p] by /gazebo
[rosmaster.master][INFO] 2025-11-09 13:45:12,442: +PARAM [/gains/hand_little_flex_3_joint/i] by /gazebo
[rosmaster.master][INFO] 2025-11-09 13:45:12,443: +PARAM [/gains/hand_little_flex_3_joint/d] by /gazebo
[rosmaster.master][INFO] 2025-11-09 13:45:12,448: +PARAM [/gains/hand_little_flex_3_joint/i_clamp_min] by /gazebo
[rosmaster.master][INFO] 2025-11-09 13:45:12,450: +PARAM [/gains/hand_little_flex_3_joint/i_clamp_max] by /gazebo
[rosmaster.master][INFO] 2025-11-09 13:45:12,452: +PARAM [/gains/hand_little_flex_3_joint/antiwindup] by /gazebo
[rosmaster.master][INFO] 2025-11-09 13:45:12,454: +PARAM [/gains/hand_little_flex_3_joint/p] by /gazebo
[rosmaster.master][INFO] 2025-11-09 13:45:12,455: +PARAM [/gains/hand_little_flex_3_joint/i] by /gazebo
[rosmaster.master][INFO] 2025-11-09 13:45:12,455: +PARAM [/gains/hand_little_flex_3_joint/d] by /gazebo
[rosmaster.master][INFO] 2025-11-09 13:45:12,456: +PARAM [/gains/hand_little_flex_3_joint/i_clamp_min] by /gazebo
[rosmaster.master][INFO] 2025-11-09 13:45:12,457: +PARAM [/gains/hand_little_flex_3_joint/i_clamp_max] by /gazebo
[rosmaster.master][INFO] 2025-11-09 13:45:12,457: +PARAM [/gains/hand_little_flex_3_joint/antiwindup] by /gazebo
[rosmaster.master][INFO] 2025-11-09 13:45:12,458: +PARAM [/gains/hand_little_flex_3_joint/p] by /gazebo
[rosmaster.master][INFO] 2025-11-09 13:45:12,459: +PARAM [/gains/hand_little_flex_3_joint/i] by /gazebo
[rosmaster.master][INFO] 2025-11-09 13:45:12,463: +PARAM [/gains/hand_little_flex_3_joint/d] by /gazebo
[rosmaster.master][INFO] 2025-11-09 13:45:12,465: +PARAM [/gains/hand_little_flex_3_joint/i_clamp_min] by /gazebo
[rosmaster.master][INFO] 2025-11-09 13:45:12,467: +PARAM [/gains/hand_little_flex_3_joint/i_clamp_max] by /gazebo
[rosmaster.master][INFO] 2025-11-09 13:45:12,470: +PARAM [/gains/hand_little_flex_3_joint/antiwindup] by /gazebo
[rosmaster.master][INFO] 2025-11-09 13:45:12,470: +PARAM [/gains/hand_little_flex_3_joint/p] by /gazebo
[rosmaster.master][INFO] 2025-11-09 13:45:12,471: +PARAM [/gains/hand_little_flex_3_joint/i] by /gazebo
[rosmaster.master][INFO] 2025-11-09 13:45:12,471: +PARAM [/gains/hand_little_flex_3_joint/d] by /gazebo
[rosmaster.master][INFO] 2025-11-09 13:45:12,472: +PARAM [/gains/hand_little_flex_3_joint/i_clamp_min] by /gazebo
[rosmaster.master][INFO] 2025-11-09 13:45:12,472: +PARAM [/gains/hand_little_flex_3_joint/i_clamp_max] by /gazebo
[rosmaster.master][INFO] 2025-11-09 13:45:12,473: +PARAM [/gains/hand_little_flex_3_joint/antiwindup] by /gazebo
[rosmaster.master][INFO] 2025-11-09 13:45:12,487: +SERVICE [/throttle_filtering_points/set_parameters] /throttle_filtering_points http://127.0.0.1:43281/
[rosmaster.master][INFO] 2025-11-09 13:45:12,488: +PUB [/introspection_data/full] /gazebo http://127.0.0.1:36161/
[rosmaster.master][INFO] 2025-11-09 13:45:12,491: +PUB [/throttle_filtering_points/parameter_descriptions] /throttle_filtering_points http://127.0.0.1:43281/
[rosmaster.master][INFO] 2025-11-09 13:45:12,502: +CACHEDPARAM [/rosout_disable_topics_generation] by /hand_controller_spawner
[rosmaster.master][INFO] 2025-11-09 13:45:12,502: +PUB [/introspection_data/names] /gazebo http://127.0.0.1:36161/
[rosmaster.master][INFO] 2025-11-09 13:45:12,509: +PUB [/throttle_filtering_points/parameter_updates] /throttle_filtering_points http://127.0.0.1:43281/
[rosmaster.master][INFO] 2025-11-09 13:45:12,510: +SUB [/arm_controller/follow_joint_trajectory/status] /move_group http://127.0.0.1:44663/
[rosmaster.master][INFO] 2025-11-09 13:45:12,518: +PUB [/introspection_data/values] /gazebo http://127.0.0.1:36161/
[rosmaster.master][INFO] 2025-11-09 13:45:12,526: +PARAM [/throttle_filtering_points/throttle_node_rate] by /throttle_filtering_points
[rosmaster.master][INFO] 2025-11-09 13:45:12,527: +SUB [/move_group/status] /play_motion http://127.0.0.1:43311/
[rosmaster.master][INFO] 2025-11-09 13:45:12,530: +PARAM [/throttle_filtering_points/downsampling_size] by /throttle_filtering_points
[rosmaster.master][INFO] 2025-11-09 13:45:12,544: +CACHEDPARAM [/rosout_disable_topics_generation] by /bringup_controllers_spawner_ft
[rosmaster.master][INFO] 2025-11-09 13:45:12,546: +SUB [/arm_controller/follow_joint_trajectory/feedback] /move_group http://127.0.0.1:44663/
[rosmaster.master][INFO] 2025-11-09 13:45:12,565: +CACHEDPARAM [/rosout_disable_topics_generation] by /throttle_filtering_points
[rosmaster.master][INFO] 2025-11-09 13:45:12,582: +SUB [/move_group/feedback] /play_motion http://127.0.0.1:43311/
[rosmaster.master][INFO] 2025-11-09 13:45:12,602: +PUB [/throttle_filtering_points/filtered_points] /throttle_filtering_points http://127.0.0.1:43281/
[rosmaster.master][INFO] 2025-11-09 13:45:12,613: +PARAM [/throttle_filtering_points/throttle_node_rate] by /throttle_filtering_points
[rosmaster.master][INFO] 2025-11-09 13:45:12,619: +SUB [/arm_controller/follow_joint_trajectory/result] /move_group http://127.0.0.1:44663/
[rosmaster.master][INFO] 2025-11-09 13:45:12,623: +PARAM [/throttle_filtering_points/downsampling_size] by /throttle_filtering_points
[rosmaster.master][INFO] 2025-11-09 13:45:12,637: +PUB [/arm_controller/follow_joint_trajectory/goal] /move_group http://127.0.0.1:44663/
[rosmaster.master][INFO] 2025-11-09 13:45:12,641: +SUB [/move_group/result] /play_motion http://127.0.0.1:43311/
[rosmaster.master][INFO] 2025-11-09 13:45:12,642: +PUB [/arm_controller/follow_joint_trajectory/cancel] /move_group http://127.0.0.1:44663/
[rosmaster.master][INFO] 2025-11-09 13:45:12,654: +PUB [/move_group/goal] /play_motion http://127.0.0.1:43311/
[rosmaster.master][INFO] 2025-11-09 13:45:12,658: +PUB [/move_group/cancel] /play_motion http://127.0.0.1:43311/
[rosmaster.master][INFO] 2025-11-09 13:45:12,671: +SUB [/torso_controller/command] /gazebo http://127.0.0.1:36161/
[rosmaster.master][INFO] 2025-11-09 13:45:12,675: +PUB [/torso_controller/state] /gazebo http://127.0.0.1:36161/
[rosmaster.master][INFO] 2025-11-09 13:45:12,678: +PUB [/torso_controller/follow_joint_trajectory/result] /gazebo http://127.0.0.1:36161/
[rosmaster.master][INFO] 2025-11-09 13:45:12,679: +PUB [/torso_controller/follow_joint_trajectory/feedback] /gazebo http://127.0.0.1:36161/
[rosmaster.master][INFO] 2025-11-09 13:45:12,681: +PUB [/torso_controller/follow_joint_trajectory/status] /gazebo http://127.0.0.1:36161/
[rosmaster.master][INFO] 2025-11-09 13:45:12,706: +SUB [/torso_controller/follow_joint_trajectory/goal] /gazebo http://127.0.0.1:36161/
[rosmaster.master][INFO] 2025-11-09 13:45:12,733: +SUB [/torso_controller/follow_joint_trajectory/cancel] /gazebo http://127.0.0.1:36161/
[rosmaster.master][INFO] 2025-11-09 13:45:12,735: +SERVICE [/torso_controller/query_state] /gazebo http://127.0.0.1:36161/
[rosmaster.master][INFO] 2025-11-09 13:45:12,748: +CACHEDPARAM [/rosout_disable_topics_generation] by /default_controllers_spawner
[rosmaster.master][INFO] 2025-11-09 13:45:12,756: +CACHEDPARAM [/rosout_disable_topics_generation] by /bringup_controllers_spawner_imu
[rosmaster.master][INFO] 2025-11-09 13:45:12,868: +SUB [/head_controller/command] /gazebo http://127.0.0.1:36161/
[rosmaster.master][INFO] 2025-11-09 13:45:12,877: +PUB [/head_controller/state] /gazebo http://127.0.0.1:36161/
[rosmaster.master][INFO] 2025-11-09 13:45:12,886: +PUB [/head_controller/follow_joint_trajectory/result] /gazebo http://127.0.0.1:36161/
[rosmaster.master][INFO] 2025-11-09 13:45:12,887: publisherUpdate[/head_controller/state] -> http://127.0.0.1:33809/ ['http://127.0.0.1:36161/']
[rosmaster.master][INFO] 2025-11-09 13:45:12,888: +PUB [/head_controller/follow_joint_trajectory/feedback] /gazebo http://127.0.0.1:36161/
[rosmaster.master][INFO] 2025-11-09 13:45:12,889: +PUB [/head_controller/follow_joint_trajectory/status] /gazebo http://127.0.0.1:36161/
[rosmaster.master][INFO] 2025-11-09 13:45:12,905: +SUB [/head_controller/follow_joint_trajectory/goal] /gazebo http://127.0.0.1:36161/
[rosmaster.master][INFO] 2025-11-09 13:45:12,910: +SUB [/head_controller/follow_joint_trajectory/cancel] /gazebo http://127.0.0.1:36161/
[rosmaster.master][INFO] 2025-11-09 13:45:12,912: +SERVICE [/head_controller/query_state] /gazebo http://127.0.0.1:36161/
[rosmaster.master][INFO] 2025-11-09 13:45:12,925: +CACHEDPARAM [/rosout_disable_topics_generation] by /default_controllers_spawner
[rosmaster.master][INFO] 2025-11-09 13:45:12,947: +PUB [/xtion/rgb/image_rect_color] /image_raw_to_rect_color_relay http://127.0.0.1:42601/
[rosmaster.master][INFO] 2025-11-09 13:45:12,950: +CACHEDPARAM [/rosout_disable_topics_generation] by /image_raw_to_rect_color_relay
[rosmaster.master][INFO] 2025-11-09 13:45:12,958: publisherUpdate[/head_controller/state] -> http://127.0.0.1:33809/ ['http://127.0.0.1:36161/']: sec=0.07, result=[1, '', 0]
[rosmaster.master][INFO] 2025-11-09 13:45:13,011: +SUB [/arm_controller/command] /gazebo http://127.0.0.1:36161/
[rosmaster.master][INFO] 2025-11-09 13:45:13,015: +PUB [/arm_controller/state] /gazebo http://127.0.0.1:36161/
[rosmaster.master][INFO] 2025-11-09 13:45:13,028: +PUB [/arm_controller/follow_joint_trajectory/result] /gazebo http://127.0.0.1:36161/
[rosmaster.master][INFO] 2025-11-09 13:45:13,033: +PUB [/arm_controller/follow_joint_trajectory/feedback] /gazebo http://127.0.0.1:36161/
[rosmaster.master][INFO] 2025-11-09 13:45:13,037: +PUB [/arm_controller/follow_joint_trajectory/status] /gazebo http://127.0.0.1:36161/
[rosmaster.master][INFO] 2025-11-09 13:45:13,054: +SUB [/arm_controller/follow_joint_trajectory/goal] /gazebo http://127.0.0.1:36161/
[rosmaster.master][INFO] 2025-11-09 13:45:13,067: +SUB [/arm_controller/follow_joint_trajectory/cancel] /gazebo http://127.0.0.1:36161/
[rosmaster.master][INFO] 2025-11-09 13:45:13,074: +SERVICE [/arm_controller/query_state] /gazebo http://127.0.0.1:36161/
[rosmaster.master][INFO] 2025-11-09 13:45:13,074: publisherUpdate[/arm_controller/follow_joint_trajectory/result] -> http://127.0.0.1:44663/ ['http://127.0.0.1:36161/']
[rosmaster.master][INFO] 2025-11-09 13:45:13,087: +CACHEDPARAM [/rosout_disable_topics_generation] by /default_controllers_spawner
[rosmaster.master][INFO] 2025-11-09 13:45:13,132: publisherUpdate[/arm_controller/follow_joint_trajectory/result] -> http://127.0.0.1:44663/ ['http://127.0.0.1:36161/']: sec=0.06, result=[1, '', 0]
[rosmaster.master][INFO] 2025-11-09 13:45:13,132: publisherUpdate[/arm_controller/follow_joint_trajectory/feedback] -> http://127.0.0.1:44663/ ['http://127.0.0.1:36161/']
[rosmaster.master][INFO] 2025-11-09 13:45:13,174: publisherUpdate[/arm_controller/follow_joint_trajectory/feedback] -> http://127.0.0.1:44663/ ['http://127.0.0.1:36161/']: sec=0.04, result=[1, '', 0]
[rosmaster.master][INFO] 2025-11-09 13:45:13,175: publisherUpdate[/arm_controller/follow_joint_trajectory/status] -> http://127.0.0.1:44663/ ['http://127.0.0.1:36161/']
[rosmaster.master][INFO] 2025-11-09 13:45:13,176: publisherUpdate[/arm_controller/follow_joint_trajectory/status] -> http://127.0.0.1:44663/ ['http://127.0.0.1:36161/']: sec=0.00, result=[1, '', 0]
[rosmaster.master][INFO] 2025-11-09 13:45:13,302: +PUB [/mobile_base_controller/odom] /gazebo http://127.0.0.1:36161/
[rosmaster.master][INFO] 2025-11-09 13:45:13,313: +PUB [/tf] /gazebo http://127.0.0.1:36161/
[rosmaster.master][INFO] 2025-11-09 13:45:13,320: publisherUpdate[/tf] -> http://127.0.0.1:33809/ ['http://127.0.0.1:37143/', 'http://127.0.0.1:36161/']
[rosmaster.master][INFO] 2025-11-09 13:45:13,333: publisherUpdate[/tf] -> http://127.0.0.1:33809/ ['http://127.0.0.1:37143/', 'http://127.0.0.1:36161/']: sec=0.01, result=[1, '', 0]
[rosmaster.master][INFO] 2025-11-09 13:45:13,334: publisherUpdate[/tf] -> http://127.0.0.1:35867/ ['http://127.0.0.1:37143/', 'http://127.0.0.1:36161/']
[rosmaster.master][INFO] 2025-11-09 13:45:13,351: +SUB [/mobile_base_controller/cmd_vel] /gazebo http://127.0.0.1:36161/
[rosmaster.master][INFO] 2025-11-09 13:45:13,385: +SERVICE [/mobile_base_controller/set_parameters] /gazebo http://127.0.0.1:36161/
[rosmaster.master][INFO] 2025-11-09 13:45:13,385: publisherUpdate[/tf] -> http://127.0.0.1:44663/ ['http://127.0.0.1:37143/', 'http://127.0.0.1:36161/']
[rosmaster.master][INFO] 2025-11-09 13:45:13,387: +PUB [/mobile_base_controller/parameter_descriptions] /gazebo http://127.0.0.1:36161/
[rosmaster.master][INFO] 2025-11-09 13:45:13,388: publisherUpdate[/tf] -> http://127.0.0.1:35867/ ['http://127.0.0.1:37143/', 'http://127.0.0.1:36161/']: sec=0.05, result=[1, '', 0]
[rosmaster.master][INFO] 2025-11-09 13:45:13,390: publisherUpdate[/tf] -> http://127.0.0.1:44663/ ['http://127.0.0.1:37143/', 'http://127.0.0.1:36161/']: sec=0.00, result=[1, '', 0]
[rosmaster.master][INFO] 2025-11-09 13:45:13,390: publisherUpdate[/tf] -> http://127.0.0.1:43311/ ['http://127.0.0.1:37143/', 'http://127.0.0.1:36161/']
[rosmaster.master][INFO] 2025-11-09 13:45:13,392: +PUB [/mobile_base_controller/parameter_updates] /gazebo http://127.0.0.1:36161/
[rosmaster.master][INFO] 2025-11-09 13:45:13,419: +PARAM [/mobile_base_controller/left_wheel_radius_multiplier] by /gazebo
[rosmaster.master][INFO] 2025-11-09 13:45:13,424: +PARAM [/mobile_base_controller/right_wheel_radius_multiplier] by /gazebo
[rosmaster.master][INFO] 2025-11-09 13:45:13,432: +PARAM [/mobile_base_controller/wheel_separation_multiplier] by /gazebo
[rosmaster.master][INFO] 2025-11-09 13:45:13,445: +PARAM [/mobile_base_controller/publish_rate] by /gazebo
[rosmaster.master][INFO] 2025-11-09 13:45:13,448: +PARAM [/mobile_base_controller/enable_odom_tf] by /gazebo
[rosmaster.master][INFO] 2025-11-09 13:45:13,452: +PARAM [/mobile_base_controller/left_wheel_radius_multiplier] by /gazebo
[rosmaster.master][INFO] 2025-11-09 13:45:13,453: +PARAM [/mobile_base_controller/right_wheel_radius_multiplier] by /gazebo
[rosmaster.master][INFO] 2025-11-09 13:45:13,454: publisherUpdate[/tf] -> http://127.0.0.1:43311/ ['http://127.0.0.1:37143/', 'http://127.0.0.1:36161/']: sec=0.06, result=[1, '', 0]
[rosmaster.master][INFO] 2025-11-09 13:45:13,455: +PARAM [/mobile_base_controller/wheel_separation_multiplier] by /gazebo
[rosmaster.master][INFO] 2025-11-09 13:45:13,456: +PARAM [/mobile_base_controller/publish_rate] by /gazebo
[rosmaster.master][INFO] 2025-11-09 13:45:13,458: +PARAM [/mobile_base_controller/enable_odom_tf] by /gazebo
[rosmaster.master][INFO] 2025-11-09 13:45:13,468: +PARAM [/mobile_base_controller/left_wheel_radius_multiplier] by /gazebo
[rosmaster.master][INFO] 2025-11-09 13:45:13,475: +PARAM [/mobile_base_controller/right_wheel_radius_multiplier] by /gazebo
[rosmaster.master][INFO] 2025-11-09 13:45:13,478: +PARAM [/mobile_base_controller/wheel_separation_multiplier] by /gazebo
[rosmaster.master][INFO] 2025-11-09 13:45:13,480: +PARAM [/mobile_base_controller/publish_rate] by /gazebo
[rosmaster.master][INFO] 2025-11-09 13:45:13,481: +PARAM [/mobile_base_controller/enable_odom_tf] by /gazebo
[rosmaster.master][INFO] 2025-11-09 13:45:13,504: +CACHEDPARAM [/rosout_disable_topics_generation] by /default_controllers_spawner
[rosmaster.master][INFO] 2025-11-09 13:45:13,540: +CACHEDPARAM [/rosout_disable_topics_generation] by /default_controllers_spawner
[rosmaster.master][INFO] 2025-11-09 13:45:13,546: +SUB [/torso_controller/follow_joint_trajectory/status] /move_group http://127.0.0.1:44663/
[rosmaster.master][INFO] 2025-11-09 13:45:13,601: +SUB [/torso_controller/follow_joint_trajectory/feedback] /move_group http://127.0.0.1:44663/
[rosmaster.master][INFO] 2025-11-09 13:45:13,619: +SUB [/torso_controller/follow_joint_trajectory/result] /move_group http://127.0.0.1:44663/
[rosmaster.master][INFO] 2025-11-09 13:45:13,621: +PUB [/torso_controller/follow_joint_trajectory/goal] /move_group http://127.0.0.1:44663/
[rosmaster.master][INFO] 2025-11-09 13:45:13,625: +PUB [/torso_controller/follow_joint_trajectory/cancel] /move_group http://127.0.0.1:44663/
[rosmaster.master][INFO] 2025-11-09 13:45:13,670: publisherUpdate[/torso_controller/follow_joint_trajectory/goal] -> http://127.0.0.1:36161/ ['http://127.0.0.1:44663/']
[rosmaster.master][INFO] 2025-11-09 13:45:13,727: publisherUpdate[/torso_controller/follow_joint_trajectory/goal] -> http://127.0.0.1:36161/ ['http://127.0.0.1:44663/']: sec=0.06, result=[1, '', 0]
[rosmaster.master][INFO] 2025-11-09 13:45:13,730: publisherUpdate[/torso_controller/follow_joint_trajectory/cancel] -> http://127.0.0.1:36161/ ['http://127.0.0.1:44663/']
[rosmaster.master][INFO] 2025-11-09 13:45:13,732: publisherUpdate[/torso_controller/follow_joint_trajectory/cancel] -> http://127.0.0.1:36161/ ['http://127.0.0.1:44663/']: sec=0.00, result=[1, '', 0]
[rosmaster.master][INFO] 2025-11-09 13:45:13,987: +SUB [/head_controller/follow_joint_trajectory/status] /move_group http://127.0.0.1:44663/
[rosmaster.master][INFO] 2025-11-09 13:45:14,010: +SUB [/head_controller/follow_joint_trajectory/feedback] /move_group http://127.0.0.1:44663/
[rosmaster.master][INFO] 2025-11-09 13:45:14,013: +SUB [/head_controller/follow_joint_trajectory/result] /move_group http://127.0.0.1:44663/
[rosmaster.master][INFO] 2025-11-09 13:45:14,016: +PUB [/head_controller/follow_joint_trajectory/goal] /move_group http://127.0.0.1:44663/
[rosmaster.master][INFO] 2025-11-09 13:45:14,021: +PUB [/head_controller/follow_joint_trajectory/cancel] /move_group http://127.0.0.1:44663/
[rosmaster.master][INFO] 2025-11-09 13:45:14,039: publisherUpdate[/head_controller/follow_joint_trajectory/goal] -> http://127.0.0.1:36161/ ['http://127.0.0.1:44663/']
[rosmaster.master][INFO] 2025-11-09 13:45:14,118: publisherUpdate[/head_controller/follow_joint_trajectory/goal] -> http://127.0.0.1:36161/ ['http://127.0.0.1:44663/']: sec=0.08, result=[1, '', 0]
[rosmaster.master][INFO] 2025-11-09 13:45:14,118: publisherUpdate[/head_controller/follow_joint_trajectory/cancel] -> http://127.0.0.1:36161/ ['http://127.0.0.1:44663/']
[rosmaster.master][INFO] 2025-11-09 13:45:14,121: publisherUpdate[/head_controller/follow_joint_trajectory/cancel] -> http://127.0.0.1:36161/ ['http://127.0.0.1:44663/']: sec=0.00, result=[1, '', 0]
[rosmaster.master][INFO] 2025-11-09 13:45:14,306: +SUB [/hand_controller/follow_joint_trajectory/status] /move_group http://127.0.0.1:44663/
[rosmaster.master][INFO] 2025-11-09 13:45:14,315: +SUB [/hand_controller/follow_joint_trajectory/feedback] /move_group http://127.0.0.1:44663/
[rosmaster.master][INFO] 2025-11-09 13:45:14,324: +SUB [/hand_controller/follow_joint_trajectory/result] /move_group http://127.0.0.1:44663/
[rosmaster.master][INFO] 2025-11-09 13:45:14,336: +PUB [/hand_controller/follow_joint_trajectory/goal] /move_group http://127.0.0.1:44663/
[rosmaster.master][INFO] 2025-11-09 13:45:14,338: +PUB [/hand_controller/follow_joint_trajectory/cancel] /move_group http://127.0.0.1:44663/
[rosmaster.master][INFO] 2025-11-09 13:45:14,407: publisherUpdate[/hand_controller/follow_joint_trajectory/goal] -> http://127.0.0.1:36161/ ['http://127.0.0.1:36459/', 'http://127.0.0.1:44663/']
[rosmaster.master][INFO] 2025-11-09 13:45:14,449: publisherUpdate[/hand_controller/follow_joint_trajectory/goal] -> http://127.0.0.1:36161/ ['http://127.0.0.1:36459/', 'http://127.0.0.1:44663/']: sec=0.04, result=[1, '', 0]
[rosmaster.master][INFO] 2025-11-09 13:45:14,450: publisherUpdate[/hand_controller/follow_joint_trajectory/cancel] -> http://127.0.0.1:36161/ ['http://127.0.0.1:36459/', 'http://127.0.0.1:44663/']
[rosmaster.master][INFO] 2025-11-09 13:45:14,453: publisherUpdate[/hand_controller/follow_joint_trajectory/cancel] -> http://127.0.0.1:36161/ ['http://127.0.0.1:36459/', 'http://127.0.0.1:44663/']: sec=0.00, result=[1, '', 0]
[rosmaster.master][INFO] 2025-11-09 13:45:14,646: +SUB [/trajectory_execution_event] /move_group http://127.0.0.1:44663/
[rosmaster.master][INFO] 2025-11-09 13:45:14,653: +SERVICE [/move_group/trajectory_execution/set_parameters] /move_group http://127.0.0.1:44663/
[rosmaster.master][INFO] 2025-11-09 13:45:14,670: +PUB [/move_group/trajectory_execution/parameter_descriptions] /move_group http://127.0.0.1:44663/
[rosmaster.master][INFO] 2025-11-09 13:45:14,673: +PUB [/move_group/trajectory_execution/parameter_updates] /move_group http://127.0.0.1:44663/
[rosmaster.master][INFO] 2025-11-09 13:45:14,680: +PARAM [/move_group/trajectory_execution/execution_duration_monitoring] by /move_group
[rosmaster.master][INFO] 2025-11-09 13:45:14,682: +PARAM [/move_group/trajectory_execution/allowed_execution_duration_scaling] by /move_group
[rosmaster.master][INFO] 2025-11-09 13:45:14,688: +PARAM [/move_group/trajectory_execution/allowed_goal_duration_margin] by /move_group
[rosmaster.master][INFO] 2025-11-09 13:45:14,689: +PARAM [/move_group/trajectory_execution/execution_velocity_scaling] by /move_group
[rosmaster.master][INFO] 2025-11-09 13:45:14,690: +PARAM [/move_group/trajectory_execution/allowed_start_tolerance] by /move_group
[rosmaster.master][INFO] 2025-11-09 13:45:14,691: +PARAM [/move_group/trajectory_execution/wait_for_trajectory_completion] by /move_group
[rosmaster.master][INFO] 2025-11-09 13:45:14,692: +PARAM [/move_group/trajectory_execution/execution_duration_monitoring] by /move_group
[rosmaster.master][INFO] 2025-11-09 13:45:14,693: +PARAM [/move_group/trajectory_execution/allowed_execution_duration_scaling] by /move_group
[rosmaster.master][INFO] 2025-11-09 13:45:14,694: +PARAM [/move_group/trajectory_execution/allowed_goal_duration_margin] by /move_group
[rosmaster.master][INFO] 2025-11-09 13:45:14,694: +PARAM [/move_group/trajectory_execution/execution_velocity_scaling] by /move_group
[rosmaster.master][INFO] 2025-11-09 13:45:14,695: +PARAM [/move_group/trajectory_execution/allowed_start_tolerance] by /move_group
[rosmaster.master][INFO] 2025-11-09 13:45:14,696: +PARAM [/move_group/trajectory_execution/wait_for_trajectory_completion] by /move_group
[rosmaster.master][INFO] 2025-11-09 13:45:14,716: +SERVICE [/move_group/plan_execution/set_parameters] /move_group http://127.0.0.1:44663/
[rosmaster.master][INFO] 2025-11-09 13:45:14,718: +PUB [/move_group/plan_execution/parameter_descriptions] /move_group http://127.0.0.1:44663/
[rosmaster.master][INFO] 2025-11-09 13:45:14,720: +PUB [/move_group/plan_execution/parameter_updates] /move_group http://127.0.0.1:44663/
[rosmaster.master][INFO] 2025-11-09 13:45:14,724: +PARAM [/move_group/plan_execution/max_replan_attempts] by /move_group
[rosmaster.master][INFO] 2025-11-09 13:45:14,725: +PARAM [/move_group/plan_execution/record_trajectory_state_frequency] by /move_group
[rosmaster.master][INFO] 2025-11-09 13:45:14,726: +PARAM [/move_group/plan_execution/max_replan_attempts] by /move_group
[rosmaster.master][INFO] 2025-11-09 13:45:14,728: +PARAM [/move_group/plan_execution/record_trajectory_state_frequency] by /move_group
[rosmaster.master][INFO] 2025-11-09 13:45:14,733: +SERVICE [/move_group/sense_for_plan/set_parameters] /move_group http://127.0.0.1:44663/
[rosmaster.master][INFO] 2025-11-09 13:45:14,740: +PUB [/move_group/sense_for_plan/parameter_descriptions] /move_group http://127.0.0.1:44663/
[rosmaster.master][INFO] 2025-11-09 13:45:14,744: +PUB [/move_group/sense_for_plan/parameter_updates] /move_group http://127.0.0.1:44663/
[rosmaster.master][INFO] 2025-11-09 13:45:14,794: +PARAM [/move_group/sense_for_plan/max_safe_path_cost] by /move_group
[rosmaster.master][INFO] 2025-11-09 13:45:14,795: +PARAM [/move_group/sense_for_plan/max_look_attempts] by /move_group
[rosmaster.master][INFO] 2025-11-09 13:45:14,801: +PARAM [/move_group/sense_for_plan/max_cost_sources] by /move_group
[rosmaster.master][INFO] 2025-11-09 13:45:14,808: +PARAM [/move_group/sense_for_plan/discard_overlapping_cost_sources] by /move_group
[rosmaster.master][INFO] 2025-11-09 13:45:14,811: +PARAM [/move_group/sense_for_plan/max_safe_path_cost] by /move_group
[rosmaster.master][INFO] 2025-11-09 13:45:14,813: +PARAM [/move_group/sense_for_plan/max_look_attempts] by /move_group
[rosmaster.master][INFO] 2025-11-09 13:45:14,815: +PARAM [/move_group/sense_for_plan/max_cost_sources] by /move_group
[rosmaster.master][INFO] 2025-11-09 13:45:14,824: +PARAM [/move_group/sense_for_plan/discard_overlapping_cost_sources] by /move_group
[rosmaster.master][INFO] 2025-11-09 13:45:14,871: +SERVICE [/apply_planning_scene] /move_group http://127.0.0.1:44663/
[rosmaster.master][INFO] 2025-11-09 13:45:14,885: +SERVICE [/load_move_group_capabilities] /move_group http://127.0.0.1:44663/
[rosmaster.master][INFO] 2025-11-09 13:45:14,893: +SERVICE [/clear_octomap] /move_group http://127.0.0.1:44663/
[rosmaster.master][INFO] 2025-11-09 13:45:14,896: +SERVICE [/compute_cartesian_path] /move_group http://127.0.0.1:44663/
[rosmaster.master][INFO] 2025-11-09 13:45:14,899: +PUB [/execute_trajectory/result] /move_group http://127.0.0.1:44663/
[rosmaster.master][INFO] 2025-11-09 13:45:14,900: +PUB [/execute_trajectory/feedback] /move_group http://127.0.0.1:44663/
[rosmaster.master][INFO] 2025-11-09 13:45:14,901: +PUB [/execute_trajectory/status] /move_group http://127.0.0.1:44663/
[rosmaster.master][INFO] 2025-11-09 13:45:14,923: +SUB [/execute_trajectory/goal] /move_group http://127.0.0.1:44663/
[rosmaster.master][INFO] 2025-11-09 13:45:14,928: +SUB [/execute_trajectory/cancel] /move_group http://127.0.0.1:44663/
[rosmaster.master][INFO] 2025-11-09 13:45:14,931: +SERVICE [/get_planning_scene] /move_group http://127.0.0.1:44663/
[rosmaster.master][INFO] 2025-11-09 13:45:14,938: +SERVICE [/compute_fk] /move_group http://127.0.0.1:44663/
[rosmaster.master][INFO] 2025-11-09 13:45:14,948: +SERVICE [/compute_ik] /move_group http://127.0.0.1:44663/
[rosmaster.master][INFO] 2025-11-09 13:45:14,952: +PUB [/move_group/result] /move_group http://127.0.0.1:44663/
[rosmaster.master][INFO] 2025-11-09 13:45:14,954: +PUB [/move_group/feedback] /move_group http://127.0.0.1:44663/
[rosmaster.master][INFO] 2025-11-09 13:45:14,954: +PUB [/move_group/status] /move_group http://127.0.0.1:44663/
[rosmaster.master][INFO] 2025-11-09 13:45:14,956: publisherUpdate[/move_group/result] -> http://127.0.0.1:43311/ ['http://127.0.0.1:44663/']
[rosmaster.master][INFO] 2025-11-09 13:45:14,959: publisherUpdate[/move_group/result] -> http://127.0.0.1:43311/ ['http://127.0.0.1:44663/']: sec=0.00, result=[1, '', 0]
[rosmaster.master][INFO] 2025-11-09 13:45:14,959: publisherUpdate[/move_group/feedback] -> http://127.0.0.1:43311/ ['http://127.0.0.1:44663/']
[rosmaster.master][INFO] 2025-11-09 13:45:14,982: publisherUpdate[/move_group/feedback] -> http://127.0.0.1:43311/ ['http://127.0.0.1:44663/']: sec=0.02, result=[1, '', 0]
[rosmaster.master][INFO] 2025-11-09 13:45:14,984: publisherUpdate[/move_group/status] -> http://127.0.0.1:43311/ ['http://127.0.0.1:44663/']
[rosmaster.master][INFO] 2025-11-09 13:45:15,027: publisherUpdate[/move_group/status] -> http://127.0.0.1:43311/ ['http://127.0.0.1:44663/']: sec=0.01, result=[1, '', 0]
[rosmaster.master][INFO] 2025-11-09 13:45:15,043: +SUB [/move_group/goal] /move_group http://127.0.0.1:44663/
[rosmaster.master][INFO] 2025-11-09 13:45:15,051: +SUB [/move_group/cancel] /move_group http://127.0.0.1:44663/
[rosmaster.master][INFO] 2025-11-09 13:45:15,139: +PUB [/pickup/result] /move_group http://127.0.0.1:44663/
[rosmaster.master][INFO] 2025-11-09 13:45:15,141: +PUB [/pickup/feedback] /move_group http://127.0.0.1:44663/
[rosmaster.master][INFO] 2025-11-09 13:45:15,142: +PUB [/pickup/status] /move_group http://127.0.0.1:44663/
[rosmaster.master][INFO] 2025-11-09 13:45:15,148: +SUB [/pickup/goal] /move_group http://127.0.0.1:44663/
[rosmaster.master][INFO] 2025-11-09 13:45:15,155: +SUB [/pickup/cancel] /move_group http://127.0.0.1:44663/
[rosmaster.master][INFO] 2025-11-09 13:45:15,167: +PUB [/place/result] /move_group http://127.0.0.1:44663/
[rosmaster.master][INFO] 2025-11-09 13:45:15,172: +PUB [/place/feedback] /move_group http://127.0.0.1:44663/
[rosmaster.master][INFO] 2025-11-09 13:45:15,174: +PUB [/place/status] /move_group http://127.0.0.1:44663/
[rosmaster.master][INFO] 2025-11-09 13:45:15,180: +SUB [/place/goal] /move_group http://127.0.0.1:44663/
[rosmaster.master][INFO] 2025-11-09 13:45:15,184: +SUB [/place/cancel] /move_group http://127.0.0.1:44663/
[rosmaster.master][INFO] 2025-11-09 13:45:15,185: +SERVICE [/plan_kinematic_path] /move_group http://127.0.0.1:44663/
[rosmaster.master][INFO] 2025-11-09 13:45:15,190: +SERVICE [/query_planner_interface] /move_group http://127.0.0.1:44663/
[rosmaster.master][INFO] 2025-11-09 13:45:15,195: +SERVICE [/get_planner_params] /move_group http://127.0.0.1:44663/
[rosmaster.master][INFO] 2025-11-09 13:45:15,199: +SERVICE [/set_planner_params] /move_group http://127.0.0.1:44663/
[rosmaster.master][INFO] 2025-11-09 13:45:15,202: +SERVICE [/check_state_validity] /move_group http://127.0.0.1:44663/
[rosmaster.master][INFO] 2025-11-09 13:45:15,310: +SUB [/pickup/status] /play_motion http://127.0.0.1:43311/
[rosmaster.master][INFO] 2025-11-09 13:45:15,331: +SUB [/pickup/feedback] /play_motion http://127.0.0.1:43311/
[rosmaster.master][INFO] 2025-11-09 13:45:15,335: +SUB [/pickup/result] /play_motion http://127.0.0.1:43311/
[rosmaster.master][INFO] 2025-11-09 13:45:15,336: +PUB [/pickup/goal] /play_motion http://127.0.0.1:43311/
[rosmaster.master][INFO] 2025-11-09 13:45:15,344: +PUB [/pickup/cancel] /play_motion http://127.0.0.1:43311/
[rosmaster.master][INFO] 2025-11-09 13:45:15,345: publisherUpdate[/pickup/goal] -> http://127.0.0.1:44663/ ['http://127.0.0.1:43311/']
[rosmaster.master][INFO] 2025-11-09 13:45:15,423: publisherUpdate[/pickup/goal] -> http://127.0.0.1:44663/ ['http://127.0.0.1:43311/']: sec=0.08, result=[1, '', 0]
[rosmaster.master][INFO] 2025-11-09 13:45:15,423: publisherUpdate[/pickup/cancel] -> http://127.0.0.1:44663/ ['http://127.0.0.1:43311/']
[rosmaster.master][INFO] 2025-11-09 13:45:15,485: publisherUpdate[/pickup/cancel] -> http://127.0.0.1:44663/ ['http://127.0.0.1:43311/']: sec=0.06, result=[1, '', 0]
[rosmaster.master][INFO] 2025-11-09 13:45:15,684: +SUB [/place/status] /play_motion http://127.0.0.1:43311/
[rosmaster.master][INFO] 2025-11-09 13:45:15,723: +SUB [/place/feedback] /play_motion http://127.0.0.1:43311/
[rosmaster.master][INFO] 2025-11-09 13:45:15,757: +SUB [/place/result] /play_motion http://127.0.0.1:43311/
[rosmaster.master][INFO] 2025-11-09 13:45:15,764: +PUB [/place/goal] /play_motion http://127.0.0.1:43311/
[rosmaster.master][INFO] 2025-11-09 13:45:15,766: +PUB [/place/cancel] /play_motion http://127.0.0.1:43311/
[rosmaster.master][INFO] 2025-11-09 13:45:15,788: publisherUpdate[/place/goal] -> http://127.0.0.1:44663/ ['http://127.0.0.1:43311/']
[rosmaster.master][INFO] 2025-11-09 13:45:15,813: publisherUpdate[/place/goal] -> http://127.0.0.1:44663/ ['http://127.0.0.1:43311/']: sec=0.02, result=[1, '', 0]
[rosmaster.master][INFO] 2025-11-09 13:45:15,814: publisherUpdate[/place/cancel] -> http://127.0.0.1:44663/ ['http://127.0.0.1:43311/']
[rosmaster.master][INFO] 2025-11-09 13:45:15,816: publisherUpdate[/place/cancel] -> http://127.0.0.1:44663/ ['http://127.0.0.1:43311/']: sec=0.00, result=[1, '', 0]
[rosmaster.master][INFO] 2025-11-09 13:45:16,001: +SUB [/execute_trajectory/status] /play_motion http://127.0.0.1:43311/
[rosmaster.master][INFO] 2025-11-09 13:45:16,019: +SUB [/execute_trajectory/feedback] /play_motion http://127.0.0.1:43311/
[rosmaster.master][INFO] 2025-11-09 13:45:16,024: +SUB [/execute_trajectory/result] /play_motion http://127.0.0.1:43311/
[rosmaster.master][INFO] 2025-11-09 13:45:16,025: +PUB [/execute_trajectory/goal] /play_motion http://127.0.0.1:43311/
[rosmaster.master][INFO] 2025-11-09 13:45:16,026: +PUB [/execute_trajectory/cancel] /play_motion http://127.0.0.1:43311/
[rosmaster.master][INFO] 2025-11-09 13:45:16,080: publisherUpdate[/execute_trajectory/goal] -> http://127.0.0.1:44663/ ['http://127.0.0.1:43311/']
[rosmaster.master][INFO] 2025-11-09 13:45:16,123: publisherUpdate[/execute_trajectory/goal] -> http://127.0.0.1:44663/ ['http://127.0.0.1:43311/']: sec=0.04, result=[1, '', 0]
[rosmaster.master][INFO] 2025-11-09 13:45:16,124: publisherUpdate[/execute_trajectory/cancel] -> http://127.0.0.1:44663/ ['http://127.0.0.1:43311/']
[rosmaster.master][INFO] 2025-11-09 13:45:16,128: publisherUpdate[/execute_trajectory/cancel] -> http://127.0.0.1:44663/ ['http://127.0.0.1:43311/']: sec=0.00, result=[1, '', 0]
[rosmaster.master][INFO] 2025-11-09 13:45:17,730: +PUB [/tfs_1008000000] /tf_lookup http://127.0.0.1:35867/
[rosmaster.master][INFO] 2025-11-09 13:45:17,740: +SUB [/tfs_1008000000] /dynamic_footprint_publisher http://127.0.0.1:35215/
[rosmaster.master][INFO] 2025-11-09 13:45:20,057: +PUB [/play_motion/result] /play_motion http://127.0.0.1:43311/
[rosmaster.master][INFO] 2025-11-09 13:45:20,059: +PUB [/play_motion/feedback] /play_motion http://127.0.0.1:43311/
[rosmaster.master][INFO] 2025-11-09 13:45:20,060: +PUB [/play_motion/status] /play_motion http://127.0.0.1:43311/
[rosmaster.master][INFO] 2025-11-09 13:45:20,073: publisherUpdate[/play_motion/result] -> http://127.0.0.1:32969/ ['http://127.0.0.1:43311/']
[rosmaster.master][INFO] 2025-11-09 13:45:20,082: +SUB [/play_motion/goal] /play_motion http://127.0.0.1:43311/
[rosmaster.master][INFO] 2025-11-09 13:45:20,087: +SUB [/play_motion/cancel] /play_motion http://127.0.0.1:43311/
[rosmaster.master][INFO] 2025-11-09 13:45:20,090: +SERVICE [/play_motion/list_motions] /play_motion http://127.0.0.1:43311/
[rosmaster.master][INFO] 2025-11-09 13:45:20,090: publisherUpdate[/play_motion/result] -> http://127.0.0.1:32969/ ['http://127.0.0.1:43311/']: sec=0.02, result=[1, '', 0]
[rosmaster.master][INFO] 2025-11-09 13:45:20,090: publisherUpdate[/play_motion/feedback] -> http://127.0.0.1:32969/ ['http://127.0.0.1:43311/']
[rosmaster.master][INFO] 2025-11-09 13:45:20,091: +PUB [/diagnostics] /play_motion http://127.0.0.1:43311/
[rosmaster.master][INFO] 2025-11-09 13:45:20,093: publisherUpdate[/play_motion/feedback] -> http://127.0.0.1:32969/ ['http://127.0.0.1:43311/']: sec=0.00, result=[1, '', 0]
[rosmaster.master][INFO] 2025-11-09 13:45:20,093: publisherUpdate[/play_motion/status] -> http://127.0.0.1:32969/ ['http://127.0.0.1:43311/']
[rosmaster.master][INFO] 2025-11-09 13:45:20,113: +SUB [/arm_controller/follow_joint_trajectory/status] /play_motion http://127.0.0.1:43311/
[rosmaster.master][INFO] 2025-11-09 13:45:20,114: publisherUpdate[/play_motion/status] -> http://127.0.0.1:32969/ ['http://127.0.0.1:43311/']: sec=0.01, result=[1, '', 0]
[rosmaster.master][INFO] 2025-11-09 13:45:20,144: +SUB [/arm_controller/follow_joint_trajectory/feedback] /play_motion http://127.0.0.1:43311/
[rosmaster.master][INFO] 2025-11-09 13:45:20,152: +SUB [/arm_controller/follow_joint_trajectory/result] /play_motion http://127.0.0.1:43311/
[rosmaster.master][INFO] 2025-11-09 13:45:20,154: +PUB [/arm_controller/follow_joint_trajectory/goal] /play_motion http://127.0.0.1:43311/
[rosmaster.master][INFO] 2025-11-09 13:45:20,171: +PUB [/arm_controller/follow_joint_trajectory/cancel] /play_motion http://127.0.0.1:43311/
[rosmaster.master][INFO] 2025-11-09 13:45:20,181: +SUB [/hand_controller/follow_joint_trajectory/status] /play_motion http://127.0.0.1:43311/
[rosmaster.master][INFO] 2025-11-09 13:45:20,187: +SUB [/hand_controller/follow_joint_trajectory/feedback] /play_motion http://127.0.0.1:43311/
[rosmaster.master][INFO] 2025-11-09 13:45:20,193: +SUB [/hand_controller/follow_joint_trajectory/result] /play_motion http://127.0.0.1:43311/
[rosmaster.master][INFO] 2025-11-09 13:45:20,195: +PUB [/hand_controller/follow_joint_trajectory/goal] /play_motion http://127.0.0.1:43311/
[rosmaster.master][INFO] 2025-11-09 13:45:20,206: +PUB [/hand_controller/follow_joint_trajectory/cancel] /play_motion http://127.0.0.1:43311/
[rosmaster.master][INFO] 2025-11-09 13:45:20,211: +SUB [/head_controller/follow_joint_trajectory/status] /play_motion http://127.0.0.1:43311/
[rosmaster.master][INFO] 2025-11-09 13:45:20,218: publisherUpdate[/arm_controller/follow_joint_trajectory/goal] -> http://127.0.0.1:36161/ ['http://127.0.0.1:44663/', 'http://127.0.0.1:43311/']
[rosmaster.master][INFO] 2025-11-09 13:45:20,228: +SUB [/head_controller/follow_joint_trajectory/feedback] /play_motion http://127.0.0.1:43311/
[rosmaster.master][INFO] 2025-11-09 13:45:20,240: +SUB [/head_controller/follow_joint_trajectory/result] /play_motion http://127.0.0.1:43311/
[rosmaster.master][INFO] 2025-11-09 13:45:20,241: +PUB [/head_controller/follow_joint_trajectory/goal] /play_motion http://127.0.0.1:43311/
[rosmaster.master][INFO] 2025-11-09 13:45:20,243: +PUB [/head_controller/follow_joint_trajectory/cancel] /play_motion http://127.0.0.1:43311/
[rosmaster.master][INFO] 2025-11-09 13:45:20,261: +SUB [/torso_controller/follow_joint_trajectory/status] /play_motion http://127.0.0.1:43311/
[rosmaster.master][INFO] 2025-11-09 13:45:20,264: +SUB [/torso_controller/follow_joint_trajectory/feedback] /play_motion http://127.0.0.1:43311/
[rosmaster.master][INFO] 2025-11-09 13:45:20,268: +SUB [/torso_controller/follow_joint_trajectory/result] /play_motion http://127.0.0.1:43311/
[rosmaster.master][INFO] 2025-11-09 13:45:20,277: +PUB [/torso_controller/follow_joint_trajectory/goal] /play_motion http://127.0.0.1:43311/
[rosmaster.master][INFO] 2025-11-09 13:45:20,281: +PUB [/torso_controller/follow_joint_trajectory/cancel] /play_motion http://127.0.0.1:43311/
[rosmaster.master][INFO] 2025-11-09 13:45:20,286: publisherUpdate[/arm_controller/follow_joint_trajectory/goal] -> http://127.0.0.1:36161/ ['http://127.0.0.1:44663/', 'http://127.0.0.1:43311/']: sec=0.06, result=[1, '', 0]
[rosmaster.master][INFO] 2025-11-09 13:45:20,288: publisherUpdate[/arm_controller/follow_joint_trajectory/cancel] -> http://127.0.0.1:36161/ ['http://127.0.0.1:44663/', 'http://127.0.0.1:43311/']
[rosmaster.master][INFO] 2025-11-09 13:45:20,360: publisherUpdate[/arm_controller/follow_joint_trajectory/cancel] -> http://127.0.0.1:36161/ ['http://127.0.0.1:44663/', 'http://127.0.0.1:43311/']: sec=0.07, result=[1, '', 0]
[rosmaster.master][INFO] 2025-11-09 13:45:20,364: publisherUpdate[/hand_controller/follow_joint_trajectory/goal] -> http://127.0.0.1:36161/ ['http://127.0.0.1:36459/', 'http://127.0.0.1:44663/', 'http://127.0.0.1:43311/']
[rosmaster.master][INFO] 2025-11-09 13:45:20,374: +CACHEDPARAM [/rosout_disable_topics_generation] by /tuck_arm
[rosmaster.master][INFO] 2025-11-09 13:45:20,387: +SUB [/joint_states] /tuck_arm http://127.0.0.1:32969/
[rosmaster.master][INFO] 2025-11-09 13:45:20,436: publisherUpdate[/hand_controller/follow_joint_trajectory/goal] -> http://127.0.0.1:36161/ ['http://127.0.0.1:36459/', 'http://127.0.0.1:44663/', 'http://127.0.0.1:43311/']: sec=0.07, result=[1, '', 0]
[rosmaster.master][INFO] 2025-11-09 13:45:20,440: publisherUpdate[/hand_controller/follow_joint_trajectory/cancel] -> http://127.0.0.1:36161/ ['http://127.0.0.1:36459/', 'http://127.0.0.1:44663/', 'http://127.0.0.1:43311/']
[rosmaster.master][INFO] 2025-11-09 13:45:20,560: publisherUpdate[/hand_controller/follow_joint_trajectory/cancel] -> http://127.0.0.1:36161/ ['http://127.0.0.1:36459/', 'http://127.0.0.1:44663/', 'http://127.0.0.1:43311/']: sec=0.12, result=[1, '', 0]
[rosmaster.master][INFO] 2025-11-09 13:45:20,561: publisherUpdate[/head_controller/follow_joint_trajectory/goal] -> http://127.0.0.1:36161/ ['http://127.0.0.1:44663/', 'http://127.0.0.1:43311/']
[rosmaster.master][INFO] 2025-11-09 13:45:20,587: publisherUpdate[/head_controller/follow_joint_trajectory/goal] -> http://127.0.0.1:36161/ ['http://127.0.0.1:44663/', 'http://127.0.0.1:43311/']: sec=0.03, result=[1, '', 0]
[rosmaster.master][INFO] 2025-11-09 13:45:20,587: publisherUpdate[/head_controller/follow_joint_trajectory/cancel] -> http://127.0.0.1:36161/ ['http://127.0.0.1:44663/', 'http://127.0.0.1:43311/']
[rosmaster.master][INFO] 2025-11-09 13:45:20,589: publisherUpdate[/head_controller/follow_joint_trajectory/cancel] -> http://127.0.0.1:36161/ ['http://127.0.0.1:44663/', 'http://127.0.0.1:43311/']: sec=0.00, result=[1, '', 0]
[rosmaster.master][INFO] 2025-11-09 13:45:20,589: publisherUpdate[/torso_controller/follow_joint_trajectory/goal] -> http://127.0.0.1:36161/ ['http://127.0.0.1:44663/', 'http://127.0.0.1:43311/']
[rosmaster.master][INFO] 2025-11-09 13:45:20,595: publisherUpdate[/torso_controller/follow_joint_trajectory/goal] -> http://127.0.0.1:36161/ ['http://127.0.0.1:44663/', 'http://127.0.0.1:43311/']: sec=0.01, result=[1, '', 0]
[rosmaster.master][INFO] 2025-11-09 13:45:20,596: publisherUpdate[/torso_controller/follow_joint_trajectory/cancel] -> http://127.0.0.1:36161/ ['http://127.0.0.1:44663/', 'http://127.0.0.1:43311/']
[rosmaster.master][INFO] 2025-11-09 13:45:20,600: publisherUpdate[/torso_controller/follow_joint_trajectory/cancel] -> http://127.0.0.1:36161/ ['http://127.0.0.1:44663/', 'http://127.0.0.1:43311/']: sec=0.00, result=[1, '', 0]
[rosmaster.master][INFO] 2025-11-09 13:45:20,683: -SUB [/joint_states] /tuck_arm http://127.0.0.1:32969/
[rosmaster.master][INFO] 2025-11-09 13:45:30,206: +CACHEDPARAM [/rosout_disable_topics_generation] by /tuck_arm
[rosmaster.master][INFO] 2025-11-09 13:45:30,223: +CACHEDPARAM [/play_motion/motions/home] by /play_motion
[rosmaster.master][INFO] 2025-11-09 13:46:05,239: +CACHEDPARAM [/rosout_disable_topics_generation] by /tuck_arm
[rosmaster.master][INFO] 2025-11-09 13:46:05,241: -SUB [/clock] /tuck_arm http://127.0.0.1:32969/
[rosmaster.master][INFO] 2025-11-09 13:46:05,242: -SUB [/play_motion/status] /tuck_arm http://127.0.0.1:32969/
[rosmaster.master][INFO] 2025-11-09 13:46:05,242: -SUB [/play_motion/result] /tuck_arm http://127.0.0.1:32969/
[rosmaster.master][INFO] 2025-11-09 13:46:05,243: -SUB [/play_motion/feedback] /tuck_arm http://127.0.0.1:32969/
[rosmaster.master][INFO] 2025-11-09 13:46:05,243: -PUB [/rosout] /tuck_arm http://127.0.0.1:32969/
[rosmaster.master][INFO] 2025-11-09 13:46:05,244: -PUB [/play_motion/goal] /tuck_arm http://127.0.0.1:32969/
[rosmaster.master][INFO] 2025-11-09 13:46:05,246: -PUB [/play_motion/cancel] /tuck_arm http://127.0.0.1:32969/
[rosmaster.master][INFO] 2025-11-09 13:46:05,249: -SERVICE [/tuck_arm/get_loggers] /tuck_arm rosrpc://127.0.0.1:39209
[rosmaster.master][INFO] 2025-11-09 13:46:05,250: -SERVICE [/tuck_arm/set_logger_level] /tuck_arm rosrpc://127.0.0.1:39209
[rosmaster.master][INFO] 2025-11-09 13:46:05,261: publisherUpdate[/rosout] -> http://127.0.0.1:38111/ ['http://127.0.0.1:33809/', 'http://127.0.0.1:37143/', 'http://127.0.0.1:35867/', 'http://127.0.0.1:44717/', 'http://127.0.0.1:37473/', 'http://127.0.0.1:44663/', 'http://127.0.0.1:43311/', 'http://127.0.0.1:42601/', 'http://127.0.0.1:43281/', 'http://127.0.0.1:45501/', 'http://127.0.0.1:36459/', 'http://127.0.0.1:42031/', 'http://127.0.0.1:34295/', 'http://127.0.0.1:35215/', 'http://127.0.0.1:36161/', 'http://127.0.0.1:41009/', 'http://127.0.0.1:34171/', 'http://127.0.0.1:39981/', 'http://127.0.0.1:37559/']
[rosmaster.master][INFO] 2025-11-09 13:46:05,262: publisherUpdate[/rosout] -> http://127.0.0.1:38111/ ['http://127.0.0.1:33809/', 'http://127.0.0.1:37143/', 'http://127.0.0.1:35867/', 'http://127.0.0.1:44717/', 'http://127.0.0.1:37473/', 'http://127.0.0.1:44663/', 'http://127.0.0.1:43311/', 'http://127.0.0.1:42601/', 'http://127.0.0.1:43281/', 'http://127.0.0.1:45501/', 'http://127.0.0.1:36459/', 'http://127.0.0.1:42031/', 'http://127.0.0.1:34295/', 'http://127.0.0.1:35215/', 'http://127.0.0.1:36161/', 'http://127.0.0.1:41009/', 'http://127.0.0.1:34171/', 'http://127.0.0.1:39981/', 'http://127.0.0.1:37559/']: sec=0.00, result=[1, '', 0]
[rosmaster.master][INFO] 2025-11-09 13:46:05,262: publisherUpdate[/play_motion/goal] -> http://127.0.0.1:43311/ []
[rosmaster.master][INFO] 2025-11-09 13:46:05,263: publisherUpdate[/play_motion/goal] -> http://127.0.0.1:43311/ []: sec=0.00, result=[1, '', 0]
[rosmaster.master][INFO] 2025-11-09 13:46:05,263: publisherUpdate[/play_motion/cancel] -> http://127.0.0.1:43311/ []
[rosmaster.master][INFO] 2025-11-09 13:46:05,264: publisherUpdate[/play_motion/cancel] -> http://127.0.0.1:43311/ []: sec=0.00, result=[1, '', 0]
[rosmaster.master][INFO] 2025-11-09 13:47:26,938: +PUB [/rosout] /tiago_simple_image_capture_1265_1762692446545 http://127.0.0.1:39727/
[rosmaster.master][INFO] 2025-11-09 13:47:26,942: +SUB [/clock] /tiago_simple_image_capture_1265_1762692446545 http://127.0.0.1:39727/
[rosmaster.master][INFO] 2025-11-09 13:47:26,945: publisherUpdate[/rosout] -> http://127.0.0.1:38111/ ['http://127.0.0.1:33809/', 'http://127.0.0.1:37143/', 'http://127.0.0.1:35867/', 'http://127.0.0.1:44717/', 'http://127.0.0.1:37473/', 'http://127.0.0.1:44663/', 'http://127.0.0.1:43311/', 'http://127.0.0.1:42601/', 'http://127.0.0.1:43281/', 'http://127.0.0.1:45501/', 'http://127.0.0.1:36459/', 'http://127.0.0.1:42031/', 'http://127.0.0.1:34295/', 'http://127.0.0.1:35215/', 'http://127.0.0.1:36161/', 'http://127.0.0.1:41009/', 'http://127.0.0.1:34171/', 'http://127.0.0.1:39981/', 'http://127.0.0.1:37559/', 'http://127.0.0.1:39727/']
[rosmaster.master][INFO] 2025-11-09 13:47:26,957: publisherUpdate[/rosout] -> http://127.0.0.1:38111/ ['http://127.0.0.1:33809/', 'http://127.0.0.1:37143/', 'http://127.0.0.1:35867/', 'http://127.0.0.1:44717/', 'http://127.0.0.1:37473/', 'http://127.0.0.1:44663/', 'http://127.0.0.1:43311/', 'http://127.0.0.1:42601/', 'http://127.0.0.1:43281/', 'http://127.0.0.1:45501/', 'http://127.0.0.1:36459/', 'http://127.0.0.1:42031/', 'http://127.0.0.1:34295/', 'http://127.0.0.1:35215/', 'http://127.0.0.1:36161/', 'http://127.0.0.1:41009/', 'http://127.0.0.1:34171/', 'http://127.0.0.1:39981/', 'http://127.0.0.1:37559/', 'http://127.0.0.1:39727/']: sec=0.01, result=[1, '', 0]
[rosmaster.master][INFO] 2025-11-09 13:47:26,958: +SERVICE [/tiago_simple_image_capture_1265_1762692446545/get_loggers] /tiago_simple_image_capture_1265_1762692446545 http://127.0.0.1:39727/
[rosmaster.master][INFO] 2025-11-09 13:47:26,959: +SERVICE [/tiago_simple_image_capture_1265_1762692446545/set_logger_level] /tiago_simple_image_capture_1265_1762692446545 http://127.0.0.1:39727/
[rosmaster.master][INFO] 2025-11-09 13:47:26,970: +SUB [/xtion/rgb/image_raw] /tiago_simple_image_capture_1265_1762692446545 http://127.0.0.1:39727/
[rosmaster.master][INFO] 2025-11-09 13:47:26,977: +PUB [/head_controller/command] /tiago_simple_image_capture_1265_1762692446545 http://127.0.0.1:39727/
[rosmaster.master][INFO] 2025-11-09 13:47:26,980: +PUB [/torso_controller/command] /tiago_simple_image_capture_1265_1762692446545 http://127.0.0.1:39727/
[rosmaster.master][INFO] 2025-11-09 13:47:27,006: publisherUpdate[/head_controller/command] -> http://127.0.0.1:36161/ ['http://127.0.0.1:33809/', 'http://127.0.0.1:39727/']
[rosmaster.master][INFO] 2025-11-09 13:47:27,090: publisherUpdate[/head_controller/command] -> http://127.0.0.1:36161/ ['http://127.0.0.1:33809/', 'http://127.0.0.1:39727/']: sec=0.08, result=[1, '', 0]
[rosmaster.master][INFO] 2025-11-09 13:47:27,090: publisherUpdate[/torso_controller/command] -> http://127.0.0.1:36161/ ['http://127.0.0.1:39727/']
[rosmaster.master][INFO] 2025-11-09 13:47:27,092: publisherUpdate[/torso_controller/command] -> http://127.0.0.1:36161/ ['http://127.0.0.1:39727/']: sec=0.00, result=[1, '', 0]
[rosmaster.master][INFO] 2025-11-09 13:47:36,577: +CACHEDPARAM [/rosout_disable_topics_generation] by /tiago_simple_image_capture_1265_1762692446545
[rosmaster.master][INFO] 2025-11-09 13:47:36,594: +CACHEDPARAM [/rosout_disable_topics_generation] by /tiago_simple_image_capture_1265_1762692446545
[rosmaster.master][INFO] 2025-11-09 13:47:36,598: +CACHEDPARAM [/rosout_disable_topics_generation] by /tiago_simple_image_capture_1265_1762692446545
[rosmaster.master][INFO] 2025-11-09 13:47:43,508: +CACHEDPARAM [/rosout_disable_topics_generation] by /tiago_simple_image_capture_1265_1762692446545
[rosmaster.master][INFO] 2025-11-09 13:47:56,808: +CACHEDPARAM [/rosout_disable_topics_generation] by /tiago_simple_image_capture_1265_1762692446545
[rosmaster.master][INFO] 2025-11-09 13:48:01,713: +CACHEDPARAM [/rosout_disable_topics_generation] by /tiago_simple_image_capture_1265_1762692446545
[rosmaster.master][INFO] 2025-11-09 13:48:01,723: +CACHEDPARAM [/rosout_disable_topics_generation] by /tiago_simple_image_capture_1265_1762692446545
[rosmaster.master][INFO] 2025-11-09 13:48:09,940: +CACHEDPARAM [/rosout_disable_topics_generation] by /tiago_simple_image_capture_1265_1762692446545
[rosmaster.master][INFO] 2025-11-09 13:48:22,210: +CACHEDPARAM [/rosout_disable_topics_generation] by /tiago_simple_image_capture_1265_1762692446545
[rosmaster.master][INFO] 2025-11-09 13:48:26,425: +CACHEDPARAM [/rosout_disable_topics_generation] by /tiago_simple_image_capture_1265_1762692446545
[rosmaster.master][INFO] 2025-11-09 13:48:26,428: +CACHEDPARAM [/rosout_disable_topics_generation] by /tiago_simple_image_capture_1265_1762692446545
[rosmaster.master][INFO] 2025-11-09 13:48:36,182: +CACHEDPARAM [/rosout_disable_topics_generation] by /tiago_simple_image_capture_1265_1762692446545
[rosmaster.master][INFO] 2025-11-09 13:48:49,794: +CACHEDPARAM [/rosout_disable_topics_generation] by /tiago_simple_image_capture_1265_1762692446545
[rosmaster.master][INFO] 2025-11-09 13:48:54,028: +CACHEDPARAM [/rosout_disable_topics_generation] by /tiago_simple_image_capture_1265_1762692446545
[rosmaster.master][INFO] 2025-11-09 13:48:54,031: +CACHEDPARAM [/rosout_disable_topics_generation] by /tiago_simple_image_capture_1265_1762692446545
[rosmaster.master][INFO] 2025-11-09 13:49:02,396: +CACHEDPARAM [/rosout_disable_topics_generation] by /tiago_simple_image_capture_1265_1762692446545
[rosmaster.master][INFO] 2025-11-09 13:49:17,159: +CACHEDPARAM [/rosout_disable_topics_generation] by /tiago_simple_image_capture_1265_1762692446545
[rosmaster.master][INFO] 2025-11-09 13:49:21,925: +CACHEDPARAM [/rosout_disable_topics_generation] by /tiago_simple_image_capture_1265_1762692446545
[rosmaster.master][INFO] 2025-11-09 13:49:21,946: -SUB [/clock] /tiago_simple_image_capture_1265_1762692446545 http://127.0.0.1:39727/
[rosmaster.master][INFO] 2025-11-09 13:49:21,947: -SUB [/xtion/rgb/image_raw] /tiago_simple_image_capture_1265_1762692446545 http://127.0.0.1:39727/
[rosmaster.master][INFO] 2025-11-09 13:49:21,947: -PUB [/rosout] /tiago_simple_image_capture_1265_1762692446545 http://127.0.0.1:39727/
[rosmaster.master][INFO] 2025-11-09 13:49:21,947: -PUB [/head_controller/command] /tiago_simple_image_capture_1265_1762692446545 http://127.0.0.1:39727/
[rosmaster.master][INFO] 2025-11-09 13:49:21,947: -PUB [/torso_controller/command] /tiago_simple_image_capture_1265_1762692446545 http://127.0.0.1:39727/
[rosmaster.master][INFO] 2025-11-09 13:49:21,947: -SERVICE [/tiago_simple_image_capture_1265_1762692446545/get_loggers] /tiago_simple_image_capture_1265_1762692446545 rosrpc://127.0.0.1:35093
[rosmaster.master][INFO] 2025-11-09 13:49:21,947: -SERVICE [/tiago_simple_image_capture_1265_1762692446545/set_logger_level] /tiago_simple_image_capture_1265_1762692446545 rosrpc://127.0.0.1:35093
[rosmaster.master][INFO] 2025-11-09 13:49:21,959: publisherUpdate[/rosout] -> http://127.0.0.1:38111/ ['http://127.0.0.1:33809/', 'http://127.0.0.1:37143/', 'http://127.0.0.1:35867/', 'http://127.0.0.1:44717/', 'http://127.0.0.1:37473/', 'http://127.0.0.1:44663/', 'http://127.0.0.1:43311/', 'http://127.0.0.1:42601/', 'http://127.0.0.1:43281/', 'http://127.0.0.1:45501/', 'http://127.0.0.1:36459/', 'http://127.0.0.1:42031/', 'http://127.0.0.1:34295/', 'http://127.0.0.1:35215/', 'http://127.0.0.1:36161/', 'http://127.0.0.1:41009/', 'http://127.0.0.1:34171/', 'http://127.0.0.1:39981/', 'http://127.0.0.1:37559/']
[rosmaster.master][INFO] 2025-11-09 13:49:21,964: publisherUpdate[/rosout] -> http://127.0.0.1:38111/ ['http://127.0.0.1:33809/', 'http://127.0.0.1:37143/', 'http://127.0.0.1:35867/', 'http://127.0.0.1:44717/', 'http://127.0.0.1:37473/', 'http://127.0.0.1:44663/', 'http://127.0.0.1:43311/', 'http://127.0.0.1:42601/', 'http://127.0.0.1:43281/', 'http://127.0.0.1:45501/', 'http://127.0.0.1:36459/', 'http://127.0.0.1:42031/', 'http://127.0.0.1:34295/', 'http://127.0.0.1:35215/', 'http://127.0.0.1:36161/', 'http://127.0.0.1:41009/', 'http://127.0.0.1:34171/', 'http://127.0.0.1:39981/', 'http://127.0.0.1:37559/']: sec=0.00, result=[1, '', 0]
[rosmaster.master][INFO] 2025-11-09 13:49:21,964: publisherUpdate[/head_controller/command] -> http://127.0.0.1:36161/ ['http://127.0.0.1:33809/']
[rosmaster.master][INFO] 2025-11-09 13:49:21,965: publisherUpdate[/head_controller/command] -> http://127.0.0.1:36161/ ['http://127.0.0.1:33809/']: sec=0.00, result=[1, '', 0]
[rosmaster.master][INFO] 2025-11-09 13:49:21,966: publisherUpdate[/torso_controller/command] -> http://127.0.0.1:36161/ []
[rosmaster.master][INFO] 2025-11-09 13:49:21,967: publisherUpdate[/torso_controller/command] -> http://127.0.0.1:36161/ []: sec=0.00, result=[1, '', 0]
[rosmaster.master][INFO] 2025-11-09 13:53:02,652: +PARAM [/roslaunch/uris/host_127_0_0_1__38587] by /roslaunch
[rosmaster.master][INFO] 2025-11-09 13:53:02,781: +PARAM [/rosversion] by /roslaunch
[rosmaster.master][INFO] 2025-11-09 13:53:02,781: +PARAM [/rosdistro] by /roslaunch
[rosmaster.master][INFO] 2025-11-09 13:53:02,782: +PARAM [/use_sim_time] by /roslaunch
[rosmaster.master][INFO] 2025-11-09 13:53:02,782: +PARAM [/pal_robot_info/type] by /roslaunch
[rosmaster.master][INFO] 2025-11-09 13:53:02,783: +PARAM [/pal_robot_info/end_effector] by /roslaunch
[rosmaster.master][INFO] 2025-11-09 13:53:02,783: +PARAM [/pal_robot_info/ft_sensor] by /roslaunch
[rosmaster.master][INFO] 2025-11-09 13:53:02,783: +PARAM [/pal_robot_info/laser_model] by /roslaunch
[rosmaster.master][INFO] 2025-11-09 13:53:02,784: +PARAM [/pal_robot_info/camera_model] by /roslaunch
[rosmaster.master][INFO] 2025-11-09 13:53:02,784: +PARAM [/pal_robot_info/base_type] by /roslaunch
[rosmaster.master][INFO] 2025-11-09 13:53:02,784: +PARAM [/pal_robot_info/arm] by /roslaunch
[rosmaster.master][INFO] 2025-11-09 13:53:02,784: +PARAM [/gains/suspension_left_joint/p] by /roslaunch
[rosmaster.master][INFO] 2025-11-09 13:53:02,785: +PARAM [/gains/suspension_left_joint/d] by /roslaunch
[rosmaster.master][INFO] 2025-11-09 13:53:02,785: +PARAM [/gains/suspension_left_joint/i] by /roslaunch
[rosmaster.master][INFO] 2025-11-09 13:53:02,785: +PARAM [/gains/suspension_left_joint/i_clamp] by /roslaunch
[rosmaster.master][INFO] 2025-11-09 13:53:02,785: +PARAM [/gains/suspension_right_joint/p] by /roslaunch
[rosmaster.master][INFO] 2025-11-09 13:53:02,785: +PARAM [/gains/suspension_right_joint/d] by /roslaunch
[rosmaster.master][INFO] 2025-11-09 13:53:02,785: +PARAM [/gains/suspension_right_joint/i] by /roslaunch
[rosmaster.master][INFO] 2025-11-09 13:53:02,785: +PARAM [/gains/suspension_right_joint/i_clamp] by /roslaunch
[rosmaster.master][INFO] 2025-11-09 13:53:02,785: +PARAM [/gains/torso_lift_joint/p] by /roslaunch
[rosmaster.master][INFO] 2025-11-09 13:53:02,785: +PARAM [/gains/torso_lift_joint/d] by /roslaunch
[rosmaster.master][INFO] 2025-11-09 13:53:02,785: +PARAM [/gains/torso_lift_joint/i] by /roslaunch
[rosmaster.master][INFO] 2025-11-09 13:53:02,786: +PARAM [/gains/torso_lift_joint/i_clamp] by /roslaunch
[rosmaster.master][INFO] 2025-11-09 13:53:02,786: +PARAM [/gains/head_1_joint/p] by /roslaunch
[rosmaster.master][INFO] 2025-11-09 13:53:02,786: +PARAM [/gains/head_1_joint/d] by /roslaunch
[rosmaster.master][INFO] 2025-11-09 13:53:02,786: +PARAM [/gains/head_1_joint/i] by /roslaunch
[rosmaster.master][INFO] 2025-11-09 13:53:02,786: +PARAM [/gains/head_1_joint/i_clamp] by /roslaunch
[rosmaster.master][INFO] 2025-11-09 13:53:02,786: +PARAM [/gains/head_2_joint/p] by /roslaunch
[rosmaster.master][INFO] 2025-11-09 13:53:02,786: +PARAM [/gains/head_2_joint/d] by /roslaunch
[rosmaster.master][INFO] 2025-11-09 13:53:02,786: +PARAM [/gains/head_2_joint/i] by /roslaunch
[rosmaster.master][INFO] 2025-11-09 13:53:02,786: +PARAM [/gains/head_2_joint/i_clamp] by /roslaunch
[rosmaster.master][INFO] 2025-11-09 13:53:02,787: +PARAM [/gains/xtion_frame_joint/p] by /roslaunch
[rosmaster.master][INFO] 2025-11-09 13:53:02,787: +PARAM [/gains/xtion_frame_joint/d] by /roslaunch
[rosmaster.master][INFO] 2025-11-09 13:53:02,787: +PARAM [/gains/xtion_frame_joint/i] by /roslaunch
[rosmaster.master][INFO] 2025-11-09 13:53:02,787: +PARAM [/gains/xtion_frame_joint/i_clamp] by /roslaunch
[rosmaster.master][INFO] 2025-11-09 13:53:02,787: +PARAM [/gains/arm_1_joint/p] by /roslaunch
[rosmaster.master][INFO] 2025-11-09 13:53:02,787: +PARAM [/gains/arm_1_joint/d] by /roslaunch
[rosmaster.master][INFO] 2025-11-09 13:53:02,787: +PARAM [/gains/arm_1_joint/i] by /roslaunch
[rosmaster.master][INFO] 2025-11-09 13:53:02,787: +PARAM [/gains/arm_1_joint/i_clamp] by /roslaunch
[rosmaster.master][INFO] 2025-11-09 13:53:02,787: +PARAM [/gains/arm_1_joint/torque_clamp] by /roslaunch
[rosmaster.master][INFO] 2025-11-09 13:53:02,787: +PARAM [/gains/arm_2_joint/p] by /roslaunch
[rosmaster.master][INFO] 2025-11-09 13:53:02,787: +PARAM [/gains/arm_2_joint/d] by /roslaunch
[rosmaster.master][INFO] 2025-11-09 13:53:02,787: +PARAM [/gains/arm_2_joint/i] by /roslaunch
[rosmaster.master][INFO] 2025-11-09 13:53:02,788: +PARAM [/gains/arm_2_joint/i_clamp] by /roslaunch
[rosmaster.master][INFO] 2025-11-09 13:53:02,788: +PARAM [/gains/arm_2_joint/torque_clamp] by /roslaunch
[rosmaster.master][INFO] 2025-11-09 13:53:02,788: +PARAM [/gains/arm_3_joint/p] by /roslaunch
[rosmaster.master][INFO] 2025-11-09 13:53:02,788: +PARAM [/gains/arm_3_joint/d] by /roslaunch
[rosmaster.master][INFO] 2025-11-09 13:53:02,788: +PARAM [/gains/arm_3_joint/i] by /roslaunch
[rosmaster.master][INFO] 2025-11-09 13:53:02,788: +PARAM [/gains/arm_3_joint/i_clamp] by /roslaunch
[rosmaster.master][INFO] 2025-11-09 13:53:02,788: +PARAM [/gains/arm_3_joint/torque_clamp] by /roslaunch
[rosmaster.master][INFO] 2025-11-09 13:53:02,788: +PARAM [/gains/arm_4_joint/p] by /roslaunch
[rosmaster.master][INFO] 2025-11-09 13:53:02,788: +PARAM [/gains/arm_4_joint/d] by /roslaunch
[rosmaster.master][INFO] 2025-11-09 13:53:02,788: +PARAM [/gains/arm_4_joint/i] by /roslaunch
[rosmaster.master][INFO] 2025-11-09 13:53:02,788: +PARAM [/gains/arm_4_joint/i_clamp] by /roslaunch
[rosmaster.master][INFO] 2025-11-09 13:53:02,789: +PARAM [/gains/arm_4_joint/torque_clamp] by /roslaunch
[rosmaster.master][INFO] 2025-11-09 13:53:02,789: +PARAM [/gains/arm_5_joint/p] by /roslaunch
[rosmaster.master][INFO] 2025-11-09 13:53:02,789: +PARAM [/gains/arm_5_joint/d] by /roslaunch
[rosmaster.master][INFO] 2025-11-09 13:53:02,789: +PARAM [/gains/arm_5_joint/i] by /roslaunch
[rosmaster.master][INFO] 2025-11-09 13:53:02,789: +PARAM [/gains/arm_5_joint/i_clamp] by /roslaunch
[rosmaster.master][INFO] 2025-11-09 13:53:02,789: +PARAM [/gains/arm_5_joint/torque_clamp] by /roslaunch
[rosmaster.master][INFO] 2025-11-09 13:53:02,789: +PARAM [/gains/arm_6_joint/p] by /roslaunch
[rosmaster.master][INFO] 2025-11-09 13:53:02,789: +PARAM [/gains/arm_6_joint/d] by /roslaunch
[rosmaster.master][INFO] 2025-11-09 13:53:02,789: +PARAM [/gains/arm_6_joint/i] by /roslaunch
[rosmaster.master][INFO] 2025-11-09 13:53:02,789: +PARAM [/gains/arm_6_joint/i_clamp] by /roslaunch
[rosmaster.master][INFO] 2025-11-09 13:53:02,789: +PARAM [/gains/arm_6_joint/torque_clamp] by /roslaunch
[rosmaster.master][INFO] 2025-11-09 13:53:02,790: +PARAM [/gains/arm_7_joint/p] by /roslaunch
[rosmaster.master][INFO] 2025-11-09 13:53:02,790: +PARAM [/gains/arm_7_joint/d] by /roslaunch
[rosmaster.master][INFO] 2025-11-09 13:53:02,790: +PARAM [/gains/arm_7_joint/i] by /roslaunch
[rosmaster.master][INFO] 2025-11-09 13:53:02,790: +PARAM [/gains/arm_7_joint/i_clamp] by /roslaunch
[rosmaster.master][INFO] 2025-11-09 13:53:02,790: +PARAM [/gains/arm_7_joint/torque_clamp] by /roslaunch
[rosmaster.master][INFO] 2025-11-09 13:53:02,790: +PARAM [/gains/hand_index_joint/p] by /roslaunch
[rosmaster.master][INFO] 2025-11-09 13:53:02,790: +PARAM [/gains/hand_index_joint/d] by /roslaunch
[rosmaster.master][INFO] 2025-11-09 13:53:02,790: +PARAM [/gains/hand_index_joint/i] by /roslaunch
[rosmaster.master][INFO] 2025-11-09 13:53:02,791: +PARAM [/gains/hand_index_joint/i_clamp] by /roslaunch
[rosmaster.master][INFO] 2025-11-09 13:53:02,791: +PARAM [/gains/hand_thumb_joint/p] by /roslaunch
[rosmaster.master][INFO] 2025-11-09 13:53:02,791: +PARAM [/gains/hand_thumb_joint/d] by /roslaunch
[rosmaster.master][INFO] 2025-11-09 13:53:02,791: +PARAM [/gains/hand_thumb_joint/i] by /roslaunch
[rosmaster.master][INFO] 2025-11-09 13:53:02,791: +PARAM [/gains/hand_thumb_joint/i_clamp] by /roslaunch
[rosmaster.master][INFO] 2025-11-09 13:53:02,791: +PARAM [/gains/hand_mrl_joint/p] by /roslaunch
[rosmaster.master][INFO] 2025-11-09 13:53:02,791: +PARAM [/gains/hand_mrl_joint/d] by /roslaunch
[rosmaster.master][INFO] 2025-11-09 13:53:02,791: +PARAM [/gains/hand_mrl_joint/i] by /roslaunch
[rosmaster.master][INFO] 2025-11-09 13:53:02,791: +PARAM [/gains/hand_mrl_joint/i_clamp] by /roslaunch
[rosmaster.master][INFO] 2025-11-09 13:53:02,791: +PARAM [/gains/hand_index_abd_joint/p] by /roslaunch
[rosmaster.master][INFO] 2025-11-09 13:53:02,792: +PARAM [/gains/hand_index_abd_joint/d] by /roslaunch
[rosmaster.master][INFO] 2025-11-09 13:53:02,792: +PARAM [/gains/hand_index_abd_joint/i] by /roslaunch
[rosmaster.master][INFO] 2025-11-09 13:53:02,792: +PARAM [/gains/hand_index_abd_joint/i_clamp] by /roslaunch
[rosmaster.master][INFO] 2025-11-09 13:53:02,792: +PARAM [/gains/hand_index_virtual_1_joint/p] by /roslaunch
[rosmaster.master][INFO] 2025-11-09 13:53:02,792: +PARAM [/gains/hand_index_virtual_1_joint/d] by /roslaunch
[rosmaster.master][INFO] 2025-11-09 13:53:02,792: +PARAM [/gains/hand_index_virtual_1_joint/i] by /roslaunch
[rosmaster.master][INFO] 2025-11-09 13:53:02,792: +PARAM [/gains/hand_index_virtual_1_joint/i_clamp] by /roslaunch
[rosmaster.master][INFO] 2025-11-09 13:53:02,792: +PARAM [/gains/hand_index_virtual_2_joint/p] by /roslaunch
[rosmaster.master][INFO] 2025-11-09 13:53:02,792: +PARAM [/gains/hand_index_virtual_2_joint/d] by /roslaunch
[rosmaster.master][INFO] 2025-11-09 13:53:02,792: +PARAM [/gains/hand_index_virtual_2_joint/i] by /roslaunch
[rosmaster.master][INFO] 2025-11-09 13:53:02,793: +PARAM [/gains/hand_index_virtual_2_joint/i_clamp] by /roslaunch
[rosmaster.master][INFO] 2025-11-09 13:53:02,793: +PARAM [/gains/hand_index_virtual_3_joint/p] by /roslaunch
[rosmaster.master][INFO] 2025-11-09 13:53:02,793: +PARAM [/gains/hand_index_virtual_3_joint/d] by /roslaunch
[rosmaster.master][INFO] 2025-11-09 13:53:02,793: +PARAM [/gains/hand_index_virtual_3_joint/i] by /roslaunch
[rosmaster.master][INFO] 2025-11-09 13:53:02,793: +PARAM [/gains/hand_index_virtual_3_joint/i_clamp] by /roslaunch
[rosmaster.master][INFO] 2025-11-09 13:53:02,793: +PARAM [/gains/hand_index_flex_1_joint/p] by /roslaunch
[rosmaster.master][INFO] 2025-11-09 13:53:02,793: +PARAM [/gains/hand_index_flex_1_joint/d] by /roslaunch
[rosmaster.master][INFO] 2025-11-09 13:53:02,793: +PARAM [/gains/hand_index_flex_1_joint/i] by /roslaunch
[rosmaster.master][INFO] 2025-11-09 13:53:02,793: +PARAM [/gains/hand_index_flex_1_joint/i_clamp] by /roslaunch
[rosmaster.master][INFO] 2025-11-09 13:53:02,793: +PARAM [/gains/hand_index_flex_2_joint/p] by /roslaunch
[rosmaster.master][INFO] 2025-11-09 13:53:02,793: +PARAM [/gains/hand_index_flex_2_joint/d] by /roslaunch
[rosmaster.master][INFO] 2025-11-09 13:53:02,793: +PARAM [/gains/hand_index_flex_2_joint/i] by /roslaunch
[rosmaster.master][INFO] 2025-11-09 13:53:02,794: +PARAM [/gains/hand_index_flex_2_joint/i_clamp] by /roslaunch
[rosmaster.master][INFO] 2025-11-09 13:53:02,794: +PARAM [/gains/hand_index_flex_3_joint/p] by /roslaunch
[rosmaster.master][INFO] 2025-11-09 13:53:02,794: +PARAM [/gains/hand_index_flex_3_joint/d] by /roslaunch
[rosmaster.master][INFO] 2025-11-09 13:53:02,794: +PARAM [/gains/hand_index_flex_3_joint/i] by /roslaunch
[rosmaster.master][INFO] 2025-11-09 13:53:02,794: +PARAM [/gains/hand_index_flex_3_joint/i_clamp] by /roslaunch
[rosmaster.master][INFO] 2025-11-09 13:53:02,794: +PARAM [/gains/hand_little_abd_joint/p] by /roslaunch
[rosmaster.master][INFO] 2025-11-09 13:53:02,794: +PARAM [/gains/hand_little_abd_joint/d] by /roslaunch
[rosmaster.master][INFO] 2025-11-09 13:53:02,794: +PARAM [/gains/hand_little_abd_joint/i] by /roslaunch
[rosmaster.master][INFO] 2025-11-09 13:53:02,794: +PARAM [/gains/hand_little_abd_joint/i_clamp] by /roslaunch
[rosmaster.master][INFO] 2025-11-09 13:53:02,794: +PARAM [/gains/hand_little_virtual_1_joint/p] by /roslaunch
[rosmaster.master][INFO] 2025-11-09 13:53:02,795: +PARAM [/gains/hand_little_virtual_1_joint/d] by /roslaunch
[rosmaster.master][INFO] 2025-11-09 13:53:02,795: +PARAM [/gains/hand_little_virtual_1_joint/i] by /roslaunch
[rosmaster.master][INFO] 2025-11-09 13:53:02,795: +PARAM [/gains/hand_little_virtual_1_joint/i_clamp] by /roslaunch
[rosmaster.master][INFO] 2025-11-09 13:53:02,795: +PARAM [/gains/hand_little_virtual_2_joint/p] by /roslaunch
[rosmaster.master][INFO] 2025-11-09 13:53:02,795: +PARAM [/gains/hand_little_virtual_2_joint/d] by /roslaunch
[rosmaster.master][INFO] 2025-11-09 13:53:02,795: +PARAM [/gains/hand_little_virtual_2_joint/i] by /roslaunch
[rosmaster.master][INFO] 2025-11-09 13:53:02,795: +PARAM [/gains/hand_little_virtual_2_joint/i_clamp] by /roslaunch
[rosmaster.master][INFO] 2025-11-09 13:53:02,795: +PARAM [/gains/hand_little_virtual_3_joint/p] by /roslaunch
[rosmaster.master][INFO] 2025-11-09 13:53:02,795: +PARAM [/gains/hand_little_virtual_3_joint/d] by /roslaunch
[rosmaster.master][INFO] 2025-11-09 13:53:02,795: +PARAM [/gains/hand_little_virtual_3_joint/i] by /roslaunch
[rosmaster.master][INFO] 2025-11-09 13:53:02,795: +PARAM [/gains/hand_little_virtual_3_joint/i_clamp] by /roslaunch
[rosmaster.master][INFO] 2025-11-09 13:53:02,796: +PARAM [/gains/hand_little_flex_1_joint/p] by /roslaunch
[rosmaster.master][INFO] 2025-11-09 13:53:02,796: +PARAM [/gains/hand_little_flex_1_joint/d] by /roslaunch
[rosmaster.master][INFO] 2025-11-09 13:53:02,796: +PARAM [/gains/hand_little_flex_1_joint/i] by /roslaunch
[rosmaster.master][INFO] 2025-11-09 13:53:02,796: +PARAM [/gains/hand_little_flex_1_joint/i_clamp] by /roslaunch
[rosmaster.master][INFO] 2025-11-09 13:53:02,796: +PARAM [/gains/hand_little_flex_2_joint/p] by /roslaunch
[rosmaster.master][INFO] 2025-11-09 13:53:02,796: +PARAM [/gains/hand_little_flex_2_joint/d] by /roslaunch
[rosmaster.master][INFO] 2025-11-09 13:53:02,796: +PARAM [/gains/hand_little_flex_2_joint/i] by /roslaunch
[rosmaster.master][INFO] 2025-11-09 13:53:02,796: +PARAM [/gains/hand_little_flex_2_joint/i_clamp] by /roslaunch
[rosmaster.master][INFO] 2025-11-09 13:53:02,796: +PARAM [/gains/hand_little_flex_3_joint/p] by /roslaunch
[rosmaster.master][INFO] 2025-11-09 13:53:02,796: +PARAM [/gains/hand_little_flex_3_joint/d] by /roslaunch
[rosmaster.master][INFO] 2025-11-09 13:53:02,797: +PARAM [/gains/hand_little_flex_3_joint/i] by /roslaunch
[rosmaster.master][INFO] 2025-11-09 13:53:02,797: +PARAM [/gains/hand_little_flex_3_joint/i_clamp] by /roslaunch
[rosmaster.master][INFO] 2025-11-09 13:53:02,797: +PARAM [/gains/hand_middle_abd_joint/p] by /roslaunch
[rosmaster.master][INFO] 2025-11-09 13:53:02,797: +PARAM [/gains/hand_middle_abd_joint/d] by /roslaunch
[rosmaster.master][INFO] 2025-11-09 13:53:02,797: +PARAM [/gains/hand_middle_abd_joint/i] by /roslaunch
[rosmaster.master][INFO] 2025-11-09 13:53:02,797: +PARAM [/gains/hand_middle_abd_joint/i_clamp] by /roslaunch
[rosmaster.master][INFO] 2025-11-09 13:53:02,797: +PARAM [/gains/hand_middle_virtual_1_joint/p] by /roslaunch
[rosmaster.master][INFO] 2025-11-09 13:53:02,797: +PARAM [/gains/hand_middle_virtual_1_joint/d] by /roslaunch
[rosmaster.master][INFO] 2025-11-09 13:53:02,797: +PARAM [/gains/hand_middle_virtual_1_joint/i] by /roslaunch
[rosmaster.master][INFO] 2025-11-09 13:53:02,797: +PARAM [/gains/hand_middle_virtual_1_joint/i_clamp] by /roslaunch
[rosmaster.master][INFO] 2025-11-09 13:53:02,797: +PARAM [/gains/hand_middle_virtual_2_joint/p] by /roslaunch
[rosmaster.master][INFO] 2025-11-09 13:53:02,798: +PARAM [/gains/hand_middle_virtual_2_joint/d] by /roslaunch
[rosmaster.master][INFO] 2025-11-09 13:53:02,798: +PARAM [/gains/hand_middle_virtual_2_joint/i] by /roslaunch
[rosmaster.master][INFO] 2025-11-09 13:53:02,798: +PARAM [/gains/hand_middle_virtual_2_joint/i_clamp] by /roslaunch
[rosmaster.master][INFO] 2025-11-09 13:53:02,798: +PARAM [/gains/hand_middle_virtual_3_joint/p] by /roslaunch
[rosmaster.master][INFO] 2025-11-09 13:53:02,798: +PARAM [/gains/hand_middle_virtual_3_joint/d] by /roslaunch
[rosmaster.master][INFO] 2025-11-09 13:53:02,798: +PARAM [/gains/hand_middle_virtual_3_joint/i] by /roslaunch
[rosmaster.master][INFO] 2025-11-09 13:53:02,798: +PARAM [/gains/hand_middle_virtual_3_joint/i_clamp] by /roslaunch
[rosmaster.master][INFO] 2025-11-09 13:53:02,798: +PARAM [/gains/hand_middle_flex_1_joint/p] by /roslaunch
[rosmaster.master][INFO] 2025-11-09 13:53:02,798: +PARAM [/gains/hand_middle_flex_1_joint/d] by /roslaunch
[rosmaster.master][INFO] 2025-11-09 13:53:02,798: +PARAM [/gains/hand_middle_flex_1_joint/i] by /roslaunch
[rosmaster.master][INFO] 2025-11-09 13:53:02,798: +PARAM [/gains/hand_middle_flex_1_joint/i_clamp] by /roslaunch
[rosmaster.master][INFO] 2025-11-09 13:53:02,799: +PARAM [/gains/hand_middle_flex_2_joint/p] by /roslaunch
[rosmaster.master][INFO] 2025-11-09 13:53:02,799: +PARAM [/gains/hand_middle_flex_2_joint/d] by /roslaunch
[rosmaster.master][INFO] 2025-11-09 13:53:02,799: +PARAM [/gains/hand_middle_flex_2_joint/i] by /roslaunch
[rosmaster.master][INFO] 2025-11-09 13:53:02,799: +PARAM [/gains/hand_middle_flex_2_joint/i_clamp] by /roslaunch
[rosmaster.master][INFO] 2025-11-09 13:53:02,799: +PARAM [/gains/hand_middle_flex_3_joint/p] by /roslaunch
[rosmaster.master][INFO] 2025-11-09 13:53:02,799: +PARAM [/gains/hand_middle_flex_3_joint/d] by /roslaunch
[rosmaster.master][INFO] 2025-11-09 13:53:02,799: +PARAM [/gains/hand_middle_flex_3_joint/i] by /roslaunch
[rosmaster.master][INFO] 2025-11-09 13:53:02,799: +PARAM [/gains/hand_middle_flex_3_joint/i_clamp] by /roslaunch
[rosmaster.master][INFO] 2025-11-09 13:53:02,799: +PARAM [/gains/hand_ring_abd_joint/p] by /roslaunch
[rosmaster.master][INFO] 2025-11-09 13:53:02,799: +PARAM [/gains/hand_ring_abd_joint/d] by /roslaunch
[rosmaster.master][INFO] 2025-11-09 13:53:02,800: +PARAM [/gains/hand_ring_abd_joint/i] by /roslaunch
[rosmaster.master][INFO] 2025-11-09 13:53:02,800: +PARAM [/gains/hand_ring_abd_joint/i_clamp] by /roslaunch
[rosmaster.master][INFO] 2025-11-09 13:53:02,800: +PARAM [/gains/hand_ring_virtual_1_joint/p] by /roslaunch
[rosmaster.master][INFO] 2025-11-09 13:53:02,800: +PARAM [/gains/hand_ring_virtual_1_joint/d] by /roslaunch
[rosmaster.master][INFO] 2025-11-09 13:53:02,800: +PARAM [/gains/hand_ring_virtual_1_joint/i] by /roslaunch
[rosmaster.master][INFO] 2025-11-09 13:53:02,800: +PARAM [/gains/hand_ring_virtual_1_joint/i_clamp] by /roslaunch
[rosmaster.master][INFO] 2025-11-09 13:53:02,800: +PARAM [/gains/hand_ring_virtual_2_joint/p] by /roslaunch
[rosmaster.master][INFO] 2025-11-09 13:53:02,800: +PARAM [/gains/hand_ring_virtual_2_joint/d] by /roslaunch
[rosmaster.master][INFO] 2025-11-09 13:53:02,800: +PARAM [/gains/hand_ring_virtual_2_joint/i] by /roslaunch
[rosmaster.master][INFO] 2025-11-09 13:53:02,800: +PARAM [/gains/hand_ring_virtual_2_joint/i_clamp] by /roslaunch
[rosmaster.master][INFO] 2025-11-09 13:53:02,800: +PARAM [/gains/hand_ring_virtual_3_joint/p] by /roslaunch
[rosmaster.master][INFO] 2025-11-09 13:53:02,801: +PARAM [/gains/hand_ring_virtual_3_joint/d] by /roslaunch
[rosmaster.master][INFO] 2025-11-09 13:53:02,801: +PARAM [/gains/hand_ring_virtual_3_joint/i] by /roslaunch
[rosmaster.master][INFO] 2025-11-09 13:53:02,801: +PARAM [/gains/hand_ring_virtual_3_joint/i_clamp] by /roslaunch
[rosmaster.master][INFO] 2025-11-09 13:53:02,801: +PARAM [/gains/hand_ring_flex_1_joint/p] by /roslaunch
[rosmaster.master][INFO] 2025-11-09 13:53:02,801: +PARAM [/gains/hand_ring_flex_1_joint/d] by /roslaunch
[rosmaster.master][INFO] 2025-11-09 13:53:02,801: +PARAM [/gains/hand_ring_flex_1_joint/i] by /roslaunch
[rosmaster.master][INFO] 2025-11-09 13:53:02,801: +PARAM [/gains/hand_ring_flex_1_joint/i_clamp] by /roslaunch
[rosmaster.master][INFO] 2025-11-09 13:53:02,801: +PARAM [/gains/hand_ring_flex_2_joint/p] by /roslaunch
[rosmaster.master][INFO] 2025-11-09 13:53:02,802: +PARAM [/gains/hand_ring_flex_2_joint/d] by /roslaunch
[rosmaster.master][INFO] 2025-11-09 13:53:02,802: +PARAM [/gains/hand_ring_flex_2_joint/i] by /roslaunch
[rosmaster.master][INFO] 2025-11-09 13:53:02,802: +PARAM [/gains/hand_ring_flex_2_joint/i_clamp] by /roslaunch
[rosmaster.master][INFO] 2025-11-09 13:53:02,802: +PARAM [/gains/hand_ring_flex_3_joint/p] by /roslaunch
[rosmaster.master][INFO] 2025-11-09 13:53:02,802: +PARAM [/gains/hand_ring_flex_3_joint/d] by /roslaunch
[rosmaster.master][INFO] 2025-11-09 13:53:02,802: +PARAM [/gains/hand_ring_flex_3_joint/i] by /roslaunch
[rosmaster.master][INFO] 2025-11-09 13:53:02,802: +PARAM [/gains/hand_ring_flex_3_joint/i_clamp] by /roslaunch
[rosmaster.master][INFO] 2025-11-09 13:53:02,802: +PARAM [/gains/hand_thumb_abd_joint/p] by /roslaunch
[rosmaster.master][INFO] 2025-11-09 13:53:02,802: +PARAM [/gains/hand_thumb_abd_joint/d] by /roslaunch
[rosmaster.master][INFO] 2025-11-09 13:53:02,802: +PARAM [/gains/hand_thumb_abd_joint/i] by /roslaunch
[rosmaster.master][INFO] 2025-11-09 13:53:02,803: +PARAM [/gains/hand_thumb_abd_joint/i_clamp] by /roslaunch
[rosmaster.master][INFO] 2025-11-09 13:53:02,803: +PARAM [/gains/hand_thumb_virtual_1_joint/p] by /roslaunch
[rosmaster.master][INFO] 2025-11-09 13:53:02,803: +PARAM [/gains/hand_thumb_virtual_1_joint/d] by /roslaunch
[rosmaster.master][INFO] 2025-11-09 13:53:02,803: +PARAM [/gains/hand_thumb_virtual_1_joint/i] by /roslaunch
[rosmaster.master][INFO] 2025-11-09 13:53:02,803: +PARAM [/gains/hand_thumb_virtual_1_joint/i_clamp] by /roslaunch
[rosmaster.master][INFO] 2025-11-09 13:53:02,803: +PARAM [/gains/hand_thumb_virtual_2_joint/p] by /roslaunch
[rosmaster.master][INFO] 2025-11-09 13:53:02,803: +PARAM [/gains/hand_thumb_virtual_2_joint/d] by /roslaunch
[rosmaster.master][INFO] 2025-11-09 13:53:02,803: +PARAM [/gains/hand_thumb_virtual_2_joint/i] by /roslaunch
[rosmaster.master][INFO] 2025-11-09 13:53:02,803: +PARAM [/gains/hand_thumb_virtual_2_joint/i_clamp] by /roslaunch
[rosmaster.master][INFO] 2025-11-09 13:53:02,803: +PARAM [/gains/hand_thumb_virtual_3_joint/p] by /roslaunch
[rosmaster.master][INFO] 2025-11-09 13:53:02,804: +PARAM [/gains/hand_thumb_virtual_3_joint/d] by /roslaunch
[rosmaster.master][INFO] 2025-11-09 13:53:02,804: +PARAM [/gains/hand_thumb_virtual_3_joint/i] by /roslaunch
[rosmaster.master][INFO] 2025-11-09 13:53:02,804: +PARAM [/gains/hand_thumb_virtual_3_joint/i_clamp] by /roslaunch
[rosmaster.master][INFO] 2025-11-09 13:53:02,804: +PARAM [/gains/hand_thumb_flex_1_joint/p] by /roslaunch
[rosmaster.master][INFO] 2025-11-09 13:53:02,804: +PARAM [/gains/hand_thumb_flex_1_joint/d] by /roslaunch
[rosmaster.master][INFO] 2025-11-09 13:53:02,804: +PARAM [/gains/hand_thumb_flex_1_joint/i] by /roslaunch
[rosmaster.master][INFO] 2025-11-09 13:53:02,804: +PARAM [/gains/hand_thumb_flex_1_joint/i_clamp] by /roslaunch
[rosmaster.master][INFO] 2025-11-09 13:53:02,804: +PARAM [/gains/hand_thumb_flex_2_joint/p] by /roslaunch
[rosmaster.master][INFO] 2025-11-09 13:53:02,804: +PARAM [/gains/hand_thumb_flex_2_joint/d] by /roslaunch
[rosmaster.master][INFO] 2025-11-09 13:53:02,804: +PARAM [/gains/hand_thumb_flex_2_joint/i] by /roslaunch
[rosmaster.master][INFO] 2025-11-09 13:53:02,804: +PARAM [/gains/hand_thumb_flex_2_joint/i_clamp] by /roslaunch
[rosmaster.master][INFO] 2025-11-09 13:53:02,805: +PARAM [/gains/hand_thumb_flex_3_joint/p] by /roslaunch
[rosmaster.master][INFO] 2025-11-09 13:53:02,805: +PARAM [/gains/hand_thumb_flex_3_joint/d] by /roslaunch
[rosmaster.master][INFO] 2025-11-09 13:53:02,805: +PARAM [/gains/hand_thumb_flex_3_joint/i] by /roslaunch
[rosmaster.master][INFO] 2025-11-09 13:53:02,805: +PARAM [/gains/hand_thumb_flex_3_joint/i_clamp] by /roslaunch
[rosmaster.master][INFO] 2025-11-09 13:53:02,805: +PARAM [/gains/gripper_left_finger_joint/p] by /roslaunch
[rosmaster.master][INFO] 2025-11-09 13:53:02,805: +PARAM [/gains/gripper_left_finger_joint/d] by /roslaunch
[rosmaster.master][INFO] 2025-11-09 13:53:02,805: +PARAM [/gains/gripper_left_finger_joint/i] by /roslaunch
[rosmaster.master][INFO] 2025-11-09 13:53:02,805: +PARAM [/gains/gripper_left_finger_joint/p_gain] by /roslaunch
[rosmaster.master][INFO] 2025-11-09 13:53:02,805: +PARAM [/gains/gripper_right_finger_joint/p] by /roslaunch
[rosmaster.master][INFO] 2025-11-09 13:53:02,805: +PARAM [/gains/gripper_right_finger_joint/d] by /roslaunch
[rosmaster.master][INFO] 2025-11-09 13:53:02,805: +PARAM [/gains/gripper_right_finger_joint/i] by /roslaunch
[rosmaster.master][INFO] 2025-11-09 13:53:02,806: +PARAM [/gains/gripper_right_finger_joint/p_gain] by /roslaunch
[rosmaster.master][INFO] 2025-11-09 13:53:02,806: +PARAM [/gains/gripper_finger_joint/p] by /roslaunch
[rosmaster.master][INFO] 2025-11-09 13:53:02,806: +PARAM [/gains/gripper_finger_joint/d] by /roslaunch
[rosmaster.master][INFO] 2025-11-09 13:53:02,806: +PARAM [/gains/gripper_finger_joint/i] by /roslaunch
[rosmaster.master][INFO] 2025-11-09 13:53:02,806: +PARAM [/gains/gripper_finger_joint/p_gain] by /roslaunch
[rosmaster.master][INFO] 2025-11-09 13:53:02,806: +PARAM [/gains/FFJ4/p] by /roslaunch
[rosmaster.master][INFO] 2025-11-09 13:53:02,806: +PARAM [/gains/FFJ4/d] by /roslaunch
[rosmaster.master][INFO] 2025-11-09 13:53:02,806: +PARAM [/gains/FFJ4/i] by /roslaunch
[rosmaster.master][INFO] 2025-11-09 13:53:02,806: +PARAM [/gains/FFJ3/p] by /roslaunch
[rosmaster.master][INFO] 2025-11-09 13:53:02,806: +PARAM [/gains/FFJ3/d] by /roslaunch
[rosmaster.master][INFO] 2025-11-09 13:53:02,806: +PARAM [/gains/FFJ3/i] by /roslaunch
[rosmaster.master][INFO] 2025-11-09 13:53:02,807: +PARAM [/gains/FFJ2/p] by /roslaunch
[rosmaster.master][INFO] 2025-11-09 13:53:02,807: +PARAM [/gains/FFJ2/d] by /roslaunch
[rosmaster.master][INFO] 2025-11-09 13:53:02,807: +PARAM [/gains/FFJ2/i] by /roslaunch
[rosmaster.master][INFO] 2025-11-09 13:53:02,807: +PARAM [/gains/FFJ1/p] by /roslaunch
[rosmaster.master][INFO] 2025-11-09 13:53:02,807: +PARAM [/gains/FFJ1/d] by /roslaunch
[rosmaster.master][INFO] 2025-11-09 13:53:02,807: +PARAM [/gains/FFJ1/i] by /roslaunch
[rosmaster.master][INFO] 2025-11-09 13:53:02,807: +PARAM [/gains/MFJ4/p] by /roslaunch
[rosmaster.master][INFO] 2025-11-09 13:53:02,807: +PARAM [/gains/MFJ4/d] by /roslaunch
[rosmaster.master][INFO] 2025-11-09 13:53:02,807: +PARAM [/gains/MFJ4/i] by /roslaunch
[rosmaster.master][INFO] 2025-11-09 13:53:02,807: +PARAM [/gains/MFJ3/p] by /roslaunch
[rosmaster.master][INFO] 2025-11-09 13:53:02,808: +PARAM [/gains/MFJ3/d] by /roslaunch
[rosmaster.master][INFO] 2025-11-09 13:53:02,808: +PARAM [/gains/MFJ3/i] by /roslaunch
[rosmaster.master][INFO] 2025-11-09 13:53:02,808: +PARAM [/gains/MFJ2/p] by /roslaunch
[rosmaster.master][INFO] 2025-11-09 13:53:02,808: +PARAM [/gains/MFJ2/d] by /roslaunch
[rosmaster.master][INFO] 2025-11-09 13:53:02,808: +PARAM [/gains/MFJ2/i] by /roslaunch
[rosmaster.master][INFO] 2025-11-09 13:53:02,808: +PARAM [/gains/MFJ1/p] by /roslaunch
[rosmaster.master][INFO] 2025-11-09 13:53:02,809: +PARAM [/gains/MFJ1/d] by /roslaunch
[rosmaster.master][INFO] 2025-11-09 13:53:02,809: +PARAM [/gains/MFJ1/i] by /roslaunch
[rosmaster.master][INFO] 2025-11-09 13:53:02,809: +PARAM [/gains/RFJ4/p] by /roslaunch
[rosmaster.master][INFO] 2025-11-09 13:53:02,810: +PARAM [/gains/RFJ4/d] by /roslaunch
[rosmaster.master][INFO] 2025-11-09 13:53:02,810: +PARAM [/gains/RFJ4/i] by /roslaunch
[rosmaster.master][INFO] 2025-11-09 13:53:02,810: +PARAM [/gains/RFJ3/p] by /roslaunch
[rosmaster.master][INFO] 2025-11-09 13:53:02,810: +PARAM [/gains/RFJ3/d] by /roslaunch
[rosmaster.master][INFO] 2025-11-09 13:53:02,810: +PARAM [/gains/RFJ3/i] by /roslaunch
[rosmaster.master][INFO] 2025-11-09 13:53:02,810: +PARAM [/gains/RFJ2/p] by /roslaunch
[rosmaster.master][INFO] 2025-11-09 13:53:02,810: +PARAM [/gains/RFJ2/d] by /roslaunch
[rosmaster.master][INFO] 2025-11-09 13:53:02,810: +PARAM [/gains/RFJ2/i] by /roslaunch
[rosmaster.master][INFO] 2025-11-09 13:53:02,810: +PARAM [/gains/RFJ1/p] by /roslaunch
[rosmaster.master][INFO] 2025-11-09 13:53:02,811: +PARAM [/gains/RFJ1/d] by /roslaunch
[rosmaster.master][INFO] 2025-11-09 13:53:02,811: +PARAM [/gains/RFJ1/i] by /roslaunch
[rosmaster.master][INFO] 2025-11-09 13:53:02,811: +PARAM [/gains/THJ5/p] by /roslaunch
[rosmaster.master][INFO] 2025-11-09 13:53:02,811: +PARAM [/gains/THJ5/d] by /roslaunch
[rosmaster.master][INFO] 2025-11-09 13:53:02,811: +PARAM [/gains/THJ5/i] by /roslaunch
[rosmaster.master][INFO] 2025-11-09 13:53:02,811: +PARAM [/gains/THJ4/p] by /roslaunch
[rosmaster.master][INFO] 2025-11-09 13:53:02,811: +PARAM [/gains/THJ4/d] by /roslaunch
[rosmaster.master][INFO] 2025-11-09 13:53:02,811: +PARAM [/gains/THJ4/i] by /roslaunch
[rosmaster.master][INFO] 2025-11-09 13:53:02,811: +PARAM [/gains/THJ2/p] by /roslaunch
[rosmaster.master][INFO] 2025-11-09 13:53:02,811: +PARAM [/gains/THJ2/d] by /roslaunch
[rosmaster.master][INFO] 2025-11-09 13:53:02,811: +PARAM [/gains/THJ2/i] by /roslaunch
[rosmaster.master][INFO] 2025-11-09 13:53:02,812: +PARAM [/gains/THJ1/p] by /roslaunch
[rosmaster.master][INFO] 2025-11-09 13:53:02,812: +PARAM [/gains/THJ1/d] by /roslaunch
[rosmaster.master][INFO] 2025-11-09 13:53:02,812: +PARAM [/gains/THJ1/i] by /roslaunch
[rosmaster.master][INFO] 2025-11-09 13:53:02,812: +PARAM [/velocity/pid_gains/wheel_right_joint/p] by /roslaunch
[rosmaster.master][INFO] 2025-11-09 13:53:02,812: +PARAM [/velocity/pid_gains/wheel_right_joint/d] by /roslaunch
[rosmaster.master][INFO] 2025-11-09 13:53:02,812: +PARAM [/velocity/pid_gains/wheel_right_joint/i] by /roslaunch
[rosmaster.master][INFO] 2025-11-09 13:53:02,812: +PARAM [/velocity/pid_gains/wheel_right_joint/i_clamp] by /roslaunch
[rosmaster.master][INFO] 2025-11-09 13:53:02,812: +PARAM [/velocity/pid_gains/wheel_left_joint/p] by /roslaunch
[rosmaster.master][INFO] 2025-11-09 13:53:02,812: +PARAM [/velocity/pid_gains/wheel_left_joint/d] by /roslaunch
[rosmaster.master][INFO] 2025-11-09 13:53:02,812: +PARAM [/velocity/pid_gains/wheel_left_joint/i] by /roslaunch
[rosmaster.master][INFO] 2025-11-09 13:53:02,813: +PARAM [/velocity/pid_gains/wheel_left_joint/i_clamp] by /roslaunch
[rosmaster.master][INFO] 2025-11-09 13:53:02,813: +PARAM [/velocity/pid_gains/caster_front_right_1_joint/p] by /roslaunch
[rosmaster.master][INFO] 2025-11-09 13:53:02,813: +PARAM [/velocity/pid_gains/caster_front_right_1_joint/d] by /roslaunch
[rosmaster.master][INFO] 2025-11-09 13:53:02,813: +PARAM [/velocity/pid_gains/caster_front_right_1_joint/i] by /roslaunch
[rosmaster.master][INFO] 2025-11-09 13:53:02,813: +PARAM [/velocity/pid_gains/caster_front_right_1_joint/i_clamp] by /roslaunch
[rosmaster.master][INFO] 2025-11-09 13:53:02,813: +PARAM [/velocity/pid_gains/caster_front_right_2_joint/p] by /roslaunch
[rosmaster.master][INFO] 2025-11-09 13:53:02,813: +PARAM [/velocity/pid_gains/caster_front_right_2_joint/d] by /roslaunch
[rosmaster.master][INFO] 2025-11-09 13:53:02,813: +PARAM [/velocity/pid_gains/caster_front_right_2_joint/i] by /roslaunch
[rosmaster.master][INFO] 2025-11-09 13:53:02,813: +PARAM [/velocity/pid_gains/caster_front_right_2_joint/i_clamp] by /roslaunch
[rosmaster.master][INFO] 2025-11-09 13:53:02,813: +PARAM [/velocity/pid_gains/caster_front_left_1_joint/p] by /roslaunch
[rosmaster.master][INFO] 2025-11-09 13:53:02,813: +PARAM [/velocity/pid_gains/caster_front_left_1_joint/d] by /roslaunch
[rosmaster.master][INFO] 2025-11-09 13:53:02,814: +PARAM [/velocity/pid_gains/caster_front_left_1_joint/i] by /roslaunch
[rosmaster.master][INFO] 2025-11-09 13:53:02,814: +PARAM [/velocity/pid_gains/caster_front_left_1_joint/i_clamp] by /roslaunch
[rosmaster.master][INFO] 2025-11-09 13:53:02,814: +PARAM [/velocity/pid_gains/caster_front_left_2_joint/p] by /roslaunch
[rosmaster.master][INFO] 2025-11-09 13:53:02,814: +PARAM [/velocity/pid_gains/caster_front_left_2_joint/d] by /roslaunch
[rosmaster.master][INFO] 2025-11-09 13:53:02,814: +PARAM [/velocity/pid_gains/caster_front_left_2_joint/i] by /roslaunch
[rosmaster.master][INFO] 2025-11-09 13:53:02,814: +PARAM [/velocity/pid_gains/caster_front_left_2_joint/i_clamp] by /roslaunch
[rosmaster.master][INFO] 2025-11-09 13:53:02,814: +PARAM [/velocity/pid_gains/caster_back_right_1_joint/p] by /roslaunch
[rosmaster.master][INFO] 2025-11-09 13:53:02,814: +PARAM [/velocity/pid_gains/caster_back_right_1_joint/d] by /roslaunch
[rosmaster.master][INFO] 2025-11-09 13:53:02,814: +PARAM [/velocity/pid_gains/caster_back_right_1_joint/i] by /roslaunch
[rosmaster.master][INFO] 2025-11-09 13:53:02,814: +PARAM [/velocity/pid_gains/caster_back_right_1_joint/i_clamp] by /roslaunch
[rosmaster.master][INFO] 2025-11-09 13:53:02,815: +PARAM [/velocity/pid_gains/caster_back_right_2_joint/p] by /roslaunch
[rosmaster.master][INFO] 2025-11-09 13:53:02,815: +PARAM [/velocity/pid_gains/caster_back_right_2_joint/d] by /roslaunch
[rosmaster.master][INFO] 2025-11-09 13:53:02,815: +PARAM [/velocity/pid_gains/caster_back_right_2_joint/i] by /roslaunch
[rosmaster.master][INFO] 2025-11-09 13:53:02,815: +PARAM [/velocity/pid_gains/caster_back_right_2_joint/i_clamp] by /roslaunch
[rosmaster.master][INFO] 2025-11-09 13:53:02,815: +PARAM [/velocity/pid_gains/caster_back_left_1_joint/p] by /roslaunch
[rosmaster.master][INFO] 2025-11-09 13:53:02,815: +PARAM [/velocity/pid_gains/caster_back_left_1_joint/d] by /roslaunch
[rosmaster.master][INFO] 2025-11-09 13:53:02,815: +PARAM [/velocity/pid_gains/caster_back_left_1_joint/i] by /roslaunch
[rosmaster.master][INFO] 2025-11-09 13:53:02,815: +PARAM [/velocity/pid_gains/caster_back_left_1_joint/i_clamp] by /roslaunch
[rosmaster.master][INFO] 2025-11-09 13:53:02,815: +PARAM [/velocity/pid_gains/caster_back_left_2_joint/p] by /roslaunch
[rosmaster.master][INFO] 2025-11-09 13:53:02,815: +PARAM [/velocity/pid_gains/caster_back_left_2_joint/d] by /roslaunch
[rosmaster.master][INFO] 2025-11-09 13:53:02,815: +PARAM [/velocity/pid_gains/caster_back_left_2_joint/i] by /roslaunch
[rosmaster.master][INFO] 2025-11-09 13:53:02,816: +PARAM [/velocity/pid_gains/caster_back_left_2_joint/i_clamp] by /roslaunch
[rosmaster.master][INFO] 2025-11-09 13:53:02,816: +PARAM [/force_torque/wrist_ft/sensor_joint] by /roslaunch
[rosmaster.master][INFO] 2025-11-09 13:53:02,816: +PARAM [/force_torque/wrist_ft/frame] by /roslaunch
[rosmaster.master][INFO] 2025-11-09 13:53:02,816: +PARAM [/imu/base_imu/frame] by /roslaunch
[rosmaster.master][INFO] 2025-11-09 13:53:02,816: +PARAM [/imu/base_imu/gazebo_sensor_name] by /roslaunch
[rosmaster.master][INFO] 2025-11-09 13:53:02,816: +PARAM [/robot_description] by /roslaunch
[rosmaster.master][INFO] 2025-11-09 13:53:02,816: +PARAM [/collision_model_parameters/padding] by /roslaunch
[rosmaster.master][INFO] 2025-11-09 13:53:02,816: +PARAM [/collision_model_parameters/links_with_padding] by /roslaunch
[rosmaster.master][INFO] 2025-11-09 13:53:02,816: +PARAM [/collision_model_parameters/blacklist/default] by /roslaunch
[rosmaster.master][INFO] 2025-11-09 13:53:02,816: +PARAM [/mobile_base_controller/type] by /roslaunch
[rosmaster.master][INFO] 2025-11-09 13:53:02,816: +PARAM [/mobile_base_controller/left_wheel] by /roslaunch
[rosmaster.master][INFO] 2025-11-09 13:53:02,817: +PARAM [/mobile_base_controller/right_wheel] by /roslaunch
[rosmaster.master][INFO] 2025-11-09 13:53:02,817: +PARAM [/mobile_base_controller/publish_rate] by /roslaunch
[rosmaster.master][INFO] 2025-11-09 13:53:02,817: +PARAM [/mobile_base_controller/pose_covariance_diagonal] by /roslaunch
[rosmaster.master][INFO] 2025-11-09 13:53:02,817: +PARAM [/mobile_base_controller/twist_covariance_diagonal] by /roslaunch
[rosmaster.master][INFO] 2025-11-09 13:53:02,817: +PARAM [/mobile_base_controller/cmd_vel_timeout] by /roslaunch
[rosmaster.master][INFO] 2025-11-09 13:53:02,817: +PARAM [/mobile_base_controller/base_frame_id] by /roslaunch
[rosmaster.master][INFO] 2025-11-09 13:53:02,817: +PARAM [/mobile_base_controller/preserve_turning_radius] by /roslaunch
[rosmaster.master][INFO] 2025-11-09 13:53:02,817: +PARAM [/mobile_base_controller/publish_wheel_data] by /roslaunch
[rosmaster.master][INFO] 2025-11-09 13:53:02,817: +PARAM [/mobile_base_controller/linear/x/has_velocity_limits] by /roslaunch
[rosmaster.master][INFO] 2025-11-09 13:53:02,817: +PARAM [/mobile_base_controller/linear/x/max_velocity] by /roslaunch
[rosmaster.master][INFO] 2025-11-09 13:53:02,817: +PARAM [/mobile_base_controller/linear/x/min_velocity] by /roslaunch
[rosmaster.master][INFO] 2025-11-09 13:53:02,818: +PARAM [/mobile_base_controller/linear/x/has_acceleration_limits] by /roslaunch
[rosmaster.master][INFO] 2025-11-09 13:53:02,818: +PARAM [/mobile_base_controller/linear/x/max_acceleration] by /roslaunch
[rosmaster.master][INFO] 2025-11-09 13:53:02,818: +PARAM [/mobile_base_controller/angular/z/has_velocity_limits] by /roslaunch
[rosmaster.master][INFO] 2025-11-09 13:53:02,818: +PARAM [/mobile_base_controller/angular/z/max_velocity] by /roslaunch
[rosmaster.master][INFO] 2025-11-09 13:53:02,818: +PARAM [/mobile_base_controller/angular/z/has_acceleration_limits] by /roslaunch
[rosmaster.master][INFO] 2025-11-09 13:53:02,818: +PARAM [/mobile_base_controller/angular/z/max_acceleration] by /roslaunch
[rosmaster.master][INFO] 2025-11-09 13:53:02,818: +PARAM [/torso_controller/type] by /roslaunch
[rosmaster.master][INFO] 2025-11-09 13:53:02,818: +PARAM [/torso_controller/joints] by /roslaunch
[rosmaster.master][INFO] 2025-11-09 13:53:02,818: +PARAM [/torso_controller/constraints/goal_time] by /roslaunch
[rosmaster.master][INFO] 2025-11-09 13:53:02,818: +PARAM [/torso_controller/constraints/stopped_velocity_tolerance] by /roslaunch
[rosmaster.master][INFO] 2025-11-09 13:53:02,819: +PARAM [/torso_controller/constraints/torso_lift_joint/goal] by /roslaunch
[rosmaster.master][INFO] 2025-11-09 13:53:02,819: +PARAM [/head_controller/type] by /roslaunch
[rosmaster.master][INFO] 2025-11-09 13:53:02,819: +PARAM [/head_controller/joints] by /roslaunch
[rosmaster.master][INFO] 2025-11-09 13:53:02,819: +PARAM [/head_controller/constraints/goal_time] by /roslaunch
[rosmaster.master][INFO] 2025-11-09 13:53:02,819: +PARAM [/head_controller/constraints/stopped_velocity_tolerance] by /roslaunch
[rosmaster.master][INFO] 2025-11-09 13:53:02,819: +PARAM [/head_controller/constraints/head_1_joint/goal] by /roslaunch
[rosmaster.master][INFO] 2025-11-09 13:53:02,819: +PARAM [/head_controller/constraints/head_2_joint/goal] by /roslaunch
[rosmaster.master][INFO] 2025-11-09 13:53:02,819: +PARAM [/arm_controller/type] by /roslaunch
[rosmaster.master][INFO] 2025-11-09 13:53:02,819: +PARAM [/arm_controller/joints] by /roslaunch
[rosmaster.master][INFO] 2025-11-09 13:53:02,819: +PARAM [/arm_controller/constraints/goal_time] by /roslaunch
[rosmaster.master][INFO] 2025-11-09 13:53:02,819: +PARAM [/arm_controller/constraints/stopped_velocity_tolerance] by /roslaunch
[rosmaster.master][INFO] 2025-11-09 13:53:02,820: +PARAM [/arm_controller/constraints/arm_1_joint/goal] by /roslaunch
[rosmaster.master][INFO] 2025-11-09 13:53:02,820: +PARAM [/arm_controller/constraints/arm_2_joint/goal] by /roslaunch
[rosmaster.master][INFO] 2025-11-09 13:53:02,820: +PARAM [/arm_controller/constraints/arm_3_joint/goal] by /roslaunch
[rosmaster.master][INFO] 2025-11-09 13:53:02,820: +PARAM [/arm_controller/constraints/arm_4_joint/goal] by /roslaunch
[rosmaster.master][INFO] 2025-11-09 13:53:02,820: +PARAM [/arm_controller/constraints/arm_5_joint/goal] by /roslaunch
[rosmaster.master][INFO] 2025-11-09 13:53:02,820: +PARAM [/arm_controller/constraints/arm_6_joint/goal] by /roslaunch
[rosmaster.master][INFO] 2025-11-09 13:53:02,820: +PARAM [/arm_controller/constraints/arm_7_joint/goal] by /roslaunch
[rosmaster.master][INFO] 2025-11-09 13:53:02,820: +PARAM [/joint_state_controller/extra_joints] by /roslaunch
[rosmaster.master][INFO] 2025-11-09 13:53:02,820: +PARAM [/joint_torque_sensor_state_controller/extra_joints] by /roslaunch
[rosmaster.master][INFO] 2025-11-09 13:53:02,820: +PARAM [/joint_state_controller/type] by /roslaunch
[rosmaster.master][INFO] 2025-11-09 13:53:02,820: +PARAM [/joint_state_controller/publish_rate] by /roslaunch
[rosmaster.master][INFO] 2025-11-09 13:53:02,821: +PARAM [/mobile_base_controller/odom_frame_id] by /roslaunch
[rosmaster.master][INFO] 2025-11-09 13:53:02,821: +PARAM [/head_controller/point_head_action/pan_link] by /roslaunch
[rosmaster.master][INFO] 2025-11-09 13:53:02,821: +PARAM [/head_controller/point_head_action/tilt_link] by /roslaunch
[rosmaster.master][INFO] 2025-11-09 13:53:02,821: +PARAM [/head_controller/point_head_action/success_angle_threshold] by /roslaunch
[rosmaster.master][INFO] 2025-11-09 13:53:02,821: +PARAM [/imu_sensor_controller/type] by /roslaunch
[rosmaster.master][INFO] 2025-11-09 13:53:02,821: +PARAM [/imu_sensor_controller/publish_rate] by /roslaunch
[rosmaster.master][INFO] 2025-11-09 13:53:02,821: +PARAM [/force_torque_sensor_controller/type] by /roslaunch
[rosmaster.master][INFO] 2025-11-09 13:53:02,821: +PARAM [/force_torque_sensor_controller/publish_rate] by /roslaunch
[rosmaster.master][INFO] 2025-11-09 13:53:02,821: +PARAM [/hand_controller/type] by /roslaunch
[rosmaster.master][INFO] 2025-11-09 13:53:02,821: +PARAM [/hand_controller/joints] by /roslaunch
[rosmaster.master][INFO] 2025-11-09 13:53:02,821: +PARAM [/hand_controller/constraints/goal_time] by /roslaunch
[rosmaster.master][INFO] 2025-11-09 13:53:02,822: +PARAM [/hand_controller/constraints/stopped_velocity_tolerance] by /roslaunch
[rosmaster.master][INFO] 2025-11-09 13:53:02,822: +PARAM [/hand_controller/constraints/hand_thumb_joint/goal] by /roslaunch
[rosmaster.master][INFO] 2025-11-09 13:53:02,822: +PARAM [/hand_controller/constraints/hand_index_joint/goal] by /roslaunch
[rosmaster.master][INFO] 2025-11-09 13:53:02,822: +PARAM [/hand_controller/constraints/hand_mrl_joint/goal] by /roslaunch
[rosmaster.master][INFO] 2025-11-09 13:53:02,822: +PARAM [/hand_controller/stop_trajectory_duration] by /roslaunch
[rosmaster.master][INFO] 2025-11-09 13:53:02,822: +PARAM [/hand_grasping_action/target_controller] by /roslaunch
[rosmaster.master][INFO] 2025-11-09 13:53:02,822: +PARAM [/play_motion/controllers] by /roslaunch
[rosmaster.master][INFO] 2025-11-09 13:53:02,822: +PARAM [/play_motion/motions/home/joints] by /roslaunch
[rosmaster.master][INFO] 2025-11-09 13:53:02,822: +PARAM [/play_motion/motions/home/points] by /roslaunch
[rosmaster.master][INFO] 2025-11-09 13:53:02,822: +PARAM [/play_motion/motions/home/meta/name] by /roslaunch
[rosmaster.master][INFO] 2025-11-09 13:53:02,823: +PARAM [/play_motion/motions/home/meta/usage] by /roslaunch
[rosmaster.master][INFO] 2025-11-09 13:53:02,823: +PARAM [/play_motion/motions/home/meta/description] by /roslaunch
[rosmaster.master][INFO] 2025-11-09 13:53:02,823: +PARAM [/play_motion/motions/unfold_arm/joints] by /roslaunch
[rosmaster.master][INFO] 2025-11-09 13:53:02,823: +PARAM [/play_motion/motions/unfold_arm/points] by /roslaunch
[rosmaster.master][INFO] 2025-11-09 13:53:02,823: +PARAM [/play_motion/motions/unfold_arm/meta/name] by /roslaunch
[rosmaster.master][INFO] 2025-11-09 13:53:02,823: +PARAM [/play_motion/motions/unfold_arm/meta/usage] by /roslaunch
[rosmaster.master][INFO] 2025-11-09 13:53:02,823: +PARAM [/play_motion/motions/unfold_arm/meta/description] by /roslaunch
[rosmaster.master][INFO] 2025-11-09 13:53:02,823: +PARAM [/play_motion/motions/reach_floor/joints] by /roslaunch
[rosmaster.master][INFO] 2025-11-09 13:53:02,824: +PARAM [/play_motion/motions/reach_floor/points] by /roslaunch
[rosmaster.master][INFO] 2025-11-09 13:53:02,824: +PARAM [/play_motion/motions/reach_floor/meta/name] by /roslaunch
[rosmaster.master][INFO] 2025-11-09 13:53:02,824: +PARAM [/play_motion/motions/reach_floor/meta/usage] by /roslaunch
[rosmaster.master][INFO] 2025-11-09 13:53:02,824: +PARAM [/play_motion/motions/reach_floor/meta/description] by /roslaunch
[rosmaster.master][INFO] 2025-11-09 13:53:02,824: +PARAM [/play_motion/motions/reach_max/joints] by /roslaunch
[rosmaster.master][INFO] 2025-11-09 13:53:02,824: +PARAM [/play_motion/motions/reach_max/points] by /roslaunch
[rosmaster.master][INFO] 2025-11-09 13:53:02,824: +PARAM [/play_motion/motions/reach_max/meta/name] by /roslaunch
[rosmaster.master][INFO] 2025-11-09 13:53:02,824: +PARAM [/play_motion/motions/reach_max/meta/usage] by /roslaunch
[rosmaster.master][INFO] 2025-11-09 13:53:02,824: +PARAM [/play_motion/motions/reach_max/meta/description] by /roslaunch
[rosmaster.master][INFO] 2025-11-09 13:53:02,824: +PARAM [/play_motion/motions/prepare_grasp/joints] by /roslaunch
[rosmaster.master][INFO] 2025-11-09 13:53:02,824: +PARAM [/play_motion/motions/prepare_grasp/points] by /roslaunch
[rosmaster.master][INFO] 2025-11-09 13:53:02,825: +PARAM [/play_motion/motions/prepare_grasp/meta/name] by /roslaunch
[rosmaster.master][INFO] 2025-11-09 13:53:02,825: +PARAM [/play_motion/motions/prepare_grasp/meta/usage] by /roslaunch
[rosmaster.master][INFO] 2025-11-09 13:53:02,825: +PARAM [/play_motion/motions/prepare_grasp/meta/description] by /roslaunch
[rosmaster.master][INFO] 2025-11-09 13:53:02,825: +PARAM [/play_motion/motions/inspect_surroundings/joints] by /roslaunch
[rosmaster.master][INFO] 2025-11-09 13:53:02,825: +PARAM [/play_motion/motions/inspect_surroundings/points] by /roslaunch
[rosmaster.master][INFO] 2025-11-09 13:53:02,825: +PARAM [/play_motion/motions/inspect_surroundings/meta/name] by /roslaunch
[rosmaster.master][INFO] 2025-11-09 13:53:02,825: +PARAM [/play_motion/motions/inspect_surroundings/meta/usage] by /roslaunch
[rosmaster.master][INFO] 2025-11-09 13:53:02,825: +PARAM [/play_motion/motions/inspect_surroundings/meta/description] by /roslaunch
[rosmaster.master][INFO] 2025-11-09 13:53:02,825: +PARAM [/play_motion/motions/open_hand/joints] by /roslaunch
[rosmaster.master][INFO] 2025-11-09 13:53:02,825: +PARAM [/play_motion/motions/open_hand/points] by /roslaunch
[rosmaster.master][INFO] 2025-11-09 13:53:02,825: +PARAM [/play_motion/motions/open/joints] by /roslaunch
[rosmaster.master][INFO] 2025-11-09 13:53:02,826: +PARAM [/play_motion/motions/open/points] by /roslaunch
[rosmaster.master][INFO] 2025-11-09 13:53:02,826: +PARAM [/play_motion/motions/open/meta/name] by /roslaunch
[rosmaster.master][INFO] 2025-11-09 13:53:02,826: +PARAM [/play_motion/motions/open/meta/usage] by /roslaunch
[rosmaster.master][INFO] 2025-11-09 13:53:02,826: +PARAM [/play_motion/motions/open/meta/description] by /roslaunch
[rosmaster.master][INFO] 2025-11-09 13:53:02,826: +PARAM [/play_motion/motions/close_hand/joints] by /roslaunch
[rosmaster.master][INFO] 2025-11-09 13:53:02,823: paramUpdate[/play_motion/motions/home/joints/]
[rosmaster.master][INFO] 2025-11-09 13:53:02,826: +PARAM [/play_motion/motions/close_hand/points] by /roslaunch
[rosmaster.master][INFO] 2025-11-09 13:53:02,826: +PARAM [/play_motion/motions/close/joints] by /roslaunch
[rosmaster.master][INFO] 2025-11-09 13:53:02,826: +PARAM [/play_motion/motions/close/points] by /roslaunch
[rosmaster.master][INFO] 2025-11-09 13:53:02,827: +PARAM [/play_motion/motions/close/meta/name] by /roslaunch
[rosmaster.master][INFO] 2025-11-09 13:53:02,827: +PARAM [/play_motion/motions/close/meta/usage] by /roslaunch
[rosmaster.master][INFO] 2025-11-09 13:53:02,827: +PARAM [/play_motion/motions/close/meta/description] by /roslaunch
[rosmaster.master][INFO] 2025-11-09 13:53:02,828: +PARAM [/play_motion/motions/close_half/joints] by /roslaunch
[rosmaster.master][INFO] 2025-11-09 13:53:02,828: +PARAM [/play_motion/motions/close_half/points] by /roslaunch
[rosmaster.master][INFO] 2025-11-09 13:53:02,828: +PARAM [/play_motion/motions/close_half/meta/name] by /roslaunch
[rosmaster.master][INFO] 2025-11-09 13:53:02,828: +PARAM [/play_motion/motions/close_half/meta/usage] by /roslaunch
[rosmaster.master][INFO] 2025-11-09 13:53:02,828: +PARAM [/play_motion/motions/close_half/meta/description] by /roslaunch
[rosmaster.master][INFO] 2025-11-09 13:53:02,828: paramUpdate[/play_motion/motions/home/points/]
[rosmaster.master][INFO] 2025-11-09 13:53:02,828: +PARAM [/play_motion/motions/pointing_hand/joints] by /roslaunch
[rosmaster.master][INFO] 2025-11-09 13:53:02,832: +PARAM [/play_motion/motions/pointing_hand/points] by /roslaunch
[rosmaster.master][INFO] 2025-11-09 13:53:02,834: +PARAM [/play_motion/motions/point/joints] by /roslaunch
[rosmaster.master][INFO] 2025-11-09 13:53:02,835: paramUpdate[/play_motion/motions/home/meta/name/]
[rosmaster.master][INFO] 2025-11-09 13:53:02,836: +PARAM [/play_motion/motions/point/points] by /roslaunch
[rosmaster.master][INFO] 2025-11-09 13:53:02,836: +PARAM [/play_motion/motions/point/meta/name] by /roslaunch
[rosmaster.master][INFO] 2025-11-09 13:53:02,837: paramUpdate[/play_motion/motions/home/meta/usage/]
[rosmaster.master][INFO] 2025-11-09 13:53:02,837: +PARAM [/play_motion/motions/point/meta/usage] by /roslaunch
[rosmaster.master][INFO] 2025-11-09 13:53:02,838: paramUpdate[/play_motion/motions/home/meta/description/]
[rosmaster.master][INFO] 2025-11-09 13:53:02,839: +PARAM [/play_motion/motions/point/meta/description] by /roslaunch
[rosmaster.master][INFO] 2025-11-09 13:53:02,841: +PARAM [/play_motion/motions/gun_hand/joints] by /roslaunch
[rosmaster.master][INFO] 2025-11-09 13:53:02,841: +PARAM [/play_motion/motions/gun_hand/points] by /roslaunch
[rosmaster.master][INFO] 2025-11-09 13:53:02,841: +PARAM [/play_motion/motions/gun_hand/meta/name] by /roslaunch
[rosmaster.master][INFO] 2025-11-09 13:53:02,841: +PARAM [/play_motion/motions/gun_hand/meta/usage] by /roslaunch
[rosmaster.master][INFO] 2025-11-09 13:53:02,842: +PARAM [/play_motion/motions/gun_hand/meta/description] by /roslaunch
[rosmaster.master][INFO] 2025-11-09 13:53:02,842: +PARAM [/play_motion/motions/thumb_up_hand/joints] by /roslaunch
[rosmaster.master][INFO] 2025-11-09 13:53:02,842: +PARAM [/play_motion/motions/thumb_up_hand/points] by /roslaunch
[rosmaster.master][INFO] 2025-11-09 13:53:02,842: +PARAM [/play_motion/motions/thumb_up_hand/meta/name] by /roslaunch
[rosmaster.master][INFO] 2025-11-09 13:53:02,843: +PARAM [/play_motion/motions/thumb_up_hand/meta/usage] by /roslaunch
[rosmaster.master][INFO] 2025-11-09 13:53:02,843: +PARAM [/play_motion/motions/thumb_up_hand/meta/description] by /roslaunch
[rosmaster.master][INFO] 2025-11-09 13:53:02,843: +PARAM [/play_motion/motions/pinch_hand/joints] by /roslaunch
[rosmaster.master][INFO] 2025-11-09 13:53:02,843: +PARAM [/play_motion/motions/pinch_hand/points] by /roslaunch
[rosmaster.master][INFO] 2025-11-09 13:53:02,843: +PARAM [/play_motion/motions/pinch_hand/meta/name] by /roslaunch
[rosmaster.master][INFO] 2025-11-09 13:53:02,843: +PARAM [/play_motion/motions/pinch_hand/meta/usage] by /roslaunch
[rosmaster.master][INFO] 2025-11-09 13:53:02,843: +PARAM [/play_motion/motions/pinch_hand/meta/description] by /roslaunch
[rosmaster.master][INFO] 2025-11-09 13:53:02,843: +PARAM [/play_motion/motions/wave/joints] by /roslaunch
[rosmaster.master][INFO] 2025-11-09 13:53:02,844: +PARAM [/play_motion/motions/wave/points] by /roslaunch
[rosmaster.master][INFO] 2025-11-09 13:53:02,844: +PARAM [/play_motion/motions/wave/meta/name] by /roslaunch
[rosmaster.master][INFO] 2025-11-09 13:53:02,844: +PARAM [/play_motion/motions/wave/meta/usage] by /roslaunch
[rosmaster.master][INFO] 2025-11-09 13:53:02,844: +PARAM [/play_motion/motions/wave/meta/description] by /roslaunch
[rosmaster.master][INFO] 2025-11-09 13:53:02,844: +PARAM [/play_motion/motions/pregrasp_weight/joints] by /roslaunch
[rosmaster.master][INFO] 2025-11-09 13:53:02,844: +PARAM [/play_motion/motions/pregrasp_weight/points] by /roslaunch
[rosmaster.master][INFO] 2025-11-09 13:53:02,844: +PARAM [/play_motion/motions/pregrasp_weight/meta/name] by /roslaunch
[rosmaster.master][INFO] 2025-11-09 13:53:02,844: +PARAM [/play_motion/motions/pregrasp_weight/meta/usage] by /roslaunch
[rosmaster.master][INFO] 2025-11-09 13:53:02,845: +PARAM [/play_motion/motions/pregrasp_weight/meta/description] by /roslaunch
[rosmaster.master][INFO] 2025-11-09 13:53:02,845: +PARAM [/play_motion/motions/do_weights/joints] by /roslaunch
[rosmaster.master][INFO] 2025-11-09 13:53:02,845: +PARAM [/play_motion/motions/do_weights/points] by /roslaunch
[rosmaster.master][INFO] 2025-11-09 13:53:02,845: +PARAM [/play_motion/motions/do_weights/meta/name] by /roslaunch
[rosmaster.master][INFO] 2025-11-09 13:53:02,845: +PARAM [/play_motion/motions/do_weights/meta/usage] by /roslaunch
[rosmaster.master][INFO] 2025-11-09 13:53:02,845: +PARAM [/play_motion/motions/do_weights/meta/description] by /roslaunch
[rosmaster.master][INFO] 2025-11-09 13:53:02,845: +PARAM [/play_motion/motions/offer_hand/joints] by /roslaunch
[rosmaster.master][INFO] 2025-11-09 13:53:02,845: +PARAM [/play_motion/motions/offer_hand/points] by /roslaunch
[rosmaster.master][INFO] 2025-11-09 13:53:02,845: +PARAM [/play_motion/motions/offer/joints] by /roslaunch
[rosmaster.master][INFO] 2025-11-09 13:53:02,846: +PARAM [/play_motion/motions/offer/points] by /roslaunch
[rosmaster.master][INFO] 2025-11-09 13:53:02,846: +PARAM [/play_motion/motions/offer/meta/name] by /roslaunch
[rosmaster.master][INFO] 2025-11-09 13:53:02,846: +PARAM [/play_motion/motions/offer/meta/usage] by /roslaunch
[rosmaster.master][INFO] 2025-11-09 13:53:02,846: +PARAM [/play_motion/motions/offer/meta/description] by /roslaunch
[rosmaster.master][INFO] 2025-11-09 13:53:02,846: +PARAM [/play_motion/motions/shake_hands/joints] by /roslaunch
[rosmaster.master][INFO] 2025-11-09 13:53:02,846: +PARAM [/play_motion/motions/shake_hands/points] by /roslaunch
[rosmaster.master][INFO] 2025-11-09 13:53:02,847: +PARAM [/play_motion/motions/shake_hands/meta/name] by /roslaunch
[rosmaster.master][INFO] 2025-11-09 13:53:02,847: +PARAM [/play_motion/motions/shake_hands/meta/usage] by /roslaunch
[rosmaster.master][INFO] 2025-11-09 13:53:02,847: +PARAM [/play_motion/motions/shake_hands/meta/description] by /roslaunch
[rosmaster.master][INFO] 2025-11-09 13:53:02,847: +PARAM [/play_motion/motions/pick_from_floor/joints] by /roslaunch
[rosmaster.master][INFO] 2025-11-09 13:53:02,847: +PARAM [/play_motion/motions/pick_from_floor/points] by /roslaunch
[rosmaster.master][INFO] 2025-11-09 13:53:02,847: +PARAM [/play_motion/motions/pick_from_floor/meta/name] by /roslaunch
[rosmaster.master][INFO] 2025-11-09 13:53:02,847: +PARAM [/play_motion/motions/pick_from_floor/meta/usage] by /roslaunch
[rosmaster.master][INFO] 2025-11-09 13:53:02,847: +PARAM [/play_motion/motions/pick_from_floor/meta/description] by /roslaunch
[rosmaster.master][INFO] 2025-11-09 13:53:02,847: +PARAM [/play_motion/motions/head_tour/joints] by /roslaunch
[rosmaster.master][INFO] 2025-11-09 13:53:02,847: +PARAM [/play_motion/motions/head_tour/points] by /roslaunch
[rosmaster.master][INFO] 2025-11-09 13:53:02,848: +PARAM [/play_motion/motions/head_tour/meta/name] by /roslaunch
[rosmaster.master][INFO] 2025-11-09 13:53:02,848: +PARAM [/play_motion/motions/head_tour/meta/usage] by /roslaunch
[rosmaster.master][INFO] 2025-11-09 13:53:02,848: +PARAM [/play_motion/motions/head_tour/meta/description] by /roslaunch
[rosmaster.master][INFO] 2025-11-09 13:53:02,848: +PARAM [/play_motion/disable_motion_planning] by /roslaunch
[rosmaster.master][INFO] 2025-11-09 13:53:02,848: +PARAM [/play_motion/approach_planner/planning_groups] by /roslaunch
[rosmaster.master][INFO] 2025-11-09 13:53:02,848: +PARAM [/play_motion/approach_planner/exclude_from_planning_joints] by /roslaunch
[rosmaster.master][INFO] 2025-11-09 13:53:02,848: +PARAM [/play_motion/approach_planner/joint_tolerance] by /roslaunch
[rosmaster.master][INFO] 2025-11-09 13:53:02,848: +PARAM [/play_motion/approach_planner/skip_planning_approach_vel] by /roslaunch
[rosmaster.master][INFO] 2025-11-09 13:53:02,849: +PARAM [/play_motion/approach_planner/skip_planning_approach_min_dur] by /roslaunch
[rosmaster.master][INFO] 2025-11-09 13:53:02,849: +PARAM [/robot_description_semantic] by /roslaunch
[rosmaster.master][INFO] 2025-11-09 13:53:02,849: +PARAM [/move_group/robot_description_planning/default_robot_link_padding/arm_5_link] by /roslaunch
[rosmaster.master][INFO] 2025-11-09 13:53:02,849: +PARAM [/robot_description_planning/default_velocity_scaling_factor] by /roslaunch
[rosmaster.master][INFO] 2025-11-09 13:53:02,849: +PARAM [/robot_description_planning/joint_limits/arm_2_joint/has_velocity_limits] by /roslaunch
[rosmaster.master][INFO] 2025-11-09 13:53:02,849: +PARAM [/robot_description_planning/joint_limits/arm_2_joint/max_velocity] by /roslaunch
[rosmaster.master][INFO] 2025-11-09 13:53:02,849: +PARAM [/robot_description_planning/joint_limits/arm_2_joint/has_acceleration_limits] by /roslaunch
[rosmaster.master][INFO] 2025-11-09 13:53:02,849: +PARAM [/robot_description_planning/joint_limits/arm_2_joint/max_acceleration] by /roslaunch
[rosmaster.master][INFO] 2025-11-09 13:53:02,850: +PARAM [/robot_description_planning/joint_limits/arm_1_joint/has_velocity_limits] by /roslaunch
[rosmaster.master][INFO] 2025-11-09 13:53:02,850: +PARAM [/robot_description_planning/joint_limits/arm_1_joint/max_velocity] by /roslaunch
[rosmaster.master][INFO] 2025-11-09 13:53:02,850: +PARAM [/robot_description_planning/joint_limits/arm_1_joint/has_acceleration_limits] by /roslaunch
[rosmaster.master][INFO] 2025-11-09 13:53:02,850: +PARAM [/robot_description_planning/joint_limits/arm_1_joint/max_acceleration] by /roslaunch
[rosmaster.master][INFO] 2025-11-09 13:53:02,850: +PARAM [/robot_description_planning/joint_limits/arm_6_joint/has_velocity_limits] by /roslaunch
[rosmaster.master][INFO] 2025-11-09 13:53:02,850: +PARAM [/robot_description_planning/joint_limits/arm_6_joint/max_velocity] by /roslaunch
[rosmaster.master][INFO] 2025-11-09 13:53:02,850: +PARAM [/robot_description_planning/joint_limits/arm_6_joint/has_acceleration_limits] by /roslaunch
[rosmaster.master][INFO] 2025-11-09 13:53:02,850: +PARAM [/robot_description_planning/joint_limits/arm_6_joint/max_acceleration] by /roslaunch
[rosmaster.master][INFO] 2025-11-09 13:53:02,850: +PARAM [/robot_description_planning/joint_limits/arm_7_joint/has_velocity_limits] by /roslaunch
[rosmaster.master][INFO] 2025-11-09 13:53:02,851: +PARAM [/robot_description_planning/joint_limits/arm_7_joint/max_velocity] by /roslaunch
[rosmaster.master][INFO] 2025-11-09 13:53:02,851: +PARAM [/robot_description_planning/joint_limits/arm_7_joint/has_acceleration_limits] by /roslaunch
[rosmaster.master][INFO] 2025-11-09 13:53:02,851: +PARAM [/robot_description_planning/joint_limits/arm_7_joint/max_acceleration] by /roslaunch
[rosmaster.master][INFO] 2025-11-09 13:53:02,851: +PARAM [/robot_description_planning/joint_limits/arm_4_joint/has_velocity_limits] by /roslaunch
[rosmaster.master][INFO] 2025-11-09 13:53:02,851: +PARAM [/robot_description_planning/joint_limits/arm_4_joint/max_velocity] by /roslaunch
[rosmaster.master][INFO] 2025-11-09 13:53:02,851: +PARAM [/robot_description_planning/joint_limits/arm_4_joint/has_acceleration_limits] by /roslaunch
[rosmaster.master][INFO] 2025-11-09 13:53:02,851: +PARAM [/robot_description_planning/joint_limits/arm_4_joint/max_acceleration] by /roslaunch
[rosmaster.master][INFO] 2025-11-09 13:53:02,851: +PARAM [/robot_description_planning/joint_limits/arm_5_joint/has_velocity_limits] by /roslaunch
[rosmaster.master][INFO] 2025-11-09 13:53:02,851: +PARAM [/robot_description_planning/joint_limits/arm_5_joint/max_velocity] by /roslaunch
[rosmaster.master][INFO] 2025-11-09 13:53:02,851: +PARAM [/robot_description_planning/joint_limits/arm_5_joint/has_acceleration_limits] by /roslaunch
[rosmaster.master][INFO] 2025-11-09 13:53:02,852: +PARAM [/robot_description_planning/joint_limits/arm_5_joint/max_acceleration] by /roslaunch
[rosmaster.master][INFO] 2025-11-09 13:53:02,852: +PARAM [/robot_description_planning/joint_limits/arm_3_joint/has_velocity_limits] by /roslaunch
[rosmaster.master][INFO] 2025-11-09 13:53:02,852: +PARAM [/robot_description_planning/joint_limits/arm_3_joint/max_velocity] by /roslaunch
[rosmaster.master][INFO] 2025-11-09 13:53:02,852: +PARAM [/robot_description_planning/joint_limits/arm_3_joint/has_acceleration_limits] by /roslaunch
[rosmaster.master][INFO] 2025-11-09 13:53:02,852: +PARAM [/robot_description_planning/joint_limits/arm_3_joint/max_acceleration] by /roslaunch
[rosmaster.master][INFO] 2025-11-09 13:53:02,852: +PARAM [/robot_description_planning/joint_limits/torso_lift_joint/has_velocity_limits] by /roslaunch
[rosmaster.master][INFO] 2025-11-09 13:53:02,852: +PARAM [/robot_description_planning/joint_limits/torso_lift_joint/max_velocity] by /roslaunch
[rosmaster.master][INFO] 2025-11-09 13:53:02,852: +PARAM [/robot_description_planning/joint_limits/torso_lift_joint/has_acceleration_limits] by /roslaunch
[rosmaster.master][INFO] 2025-11-09 13:53:02,852: +PARAM [/robot_description_planning/joint_limits/torso_lift_joint/max_acceleration] by /roslaunch
[rosmaster.master][INFO] 2025-11-09 13:53:02,853: +PARAM [/robot_description_planning/joint_limits/gripper_left_finger_joint/has_velocity_limits] by /roslaunch
[rosmaster.master][INFO] 2025-11-09 13:53:02,853: +PARAM [/robot_description_planning/joint_limits/gripper_left_finger_joint/max_velocity] by /roslaunch
[rosmaster.master][INFO] 2025-11-09 13:53:02,853: +PARAM [/robot_description_planning/joint_limits/gripper_left_finger_joint/has_acceleration_limits] by /roslaunch
[rosmaster.master][INFO] 2025-11-09 13:53:02,853: +PARAM [/robot_description_planning/joint_limits/gripper_left_finger_joint/max_acceleration] by /roslaunch
[rosmaster.master][INFO] 2025-11-09 13:53:02,853: +PARAM [/robot_description_planning/joint_limits/gripper_right_finger_joint/has_velocity_limits] by /roslaunch
[rosmaster.master][INFO] 2025-11-09 13:53:02,853: +PARAM [/robot_description_planning/joint_limits/gripper_right_finger_joint/max_velocity] by /roslaunch
[rosmaster.master][INFO] 2025-11-09 13:53:02,853: +PARAM [/robot_description_planning/joint_limits/gripper_right_finger_joint/has_acceleration_limits] by /roslaunch
[rosmaster.master][INFO] 2025-11-09 13:53:02,853: +PARAM [/robot_description_planning/joint_limits/gripper_right_finger_joint/max_acceleration] by /roslaunch
[rosmaster.master][INFO] 2025-11-09 13:53:02,853: +PARAM [/robot_description_planning/joint_limits/gripper_finger_joint/has_velocity_limits] by /roslaunch
[rosmaster.master][INFO] 2025-11-09 13:53:02,853: +PARAM [/robot_description_planning/joint_limits/gripper_finger_joint/max_velocity] by /roslaunch
[rosmaster.master][INFO] 2025-11-09 13:53:02,854: +PARAM [/robot_description_planning/joint_limits/gripper_finger_joint/has_acceleration_limits] by /roslaunch
[rosmaster.master][INFO] 2025-11-09 13:53:02,854: +PARAM [/robot_description_planning/joint_limits/gripper_finger_joint/max_acceleration] by /roslaunch
[rosmaster.master][INFO] 2025-11-09 13:53:02,854: +PARAM [/robot_description_kinematics/arm_torso/kinematics_solver] by /roslaunch
[rosmaster.master][INFO] 2025-11-09 13:53:02,854: +PARAM [/robot_description_kinematics/arm_torso/kinematics_solver_search_resolution] by /roslaunch
[rosmaster.master][INFO] 2025-11-09 13:53:02,854: +PARAM [/robot_description_kinematics/arm_torso/kinematics_solver_timeout] by /roslaunch
[rosmaster.master][INFO] 2025-11-09 13:53:02,854: +PARAM [/robot_description_kinematics/arm_torso/kinematics_solver_attempts] by /roslaunch
[rosmaster.master][INFO] 2025-11-09 13:53:02,854: +PARAM [/robot_description_kinematics/arm/kinematics_solver] by /roslaunch
[rosmaster.master][INFO] 2025-11-09 13:53:02,854: +PARAM [/robot_description_kinematics/arm/kinematics_solver_search_resolution] by /roslaunch
[rosmaster.master][INFO] 2025-11-09 13:53:02,855: +PARAM [/robot_description_kinematics/arm/kinematics_solver_timeout] by /roslaunch
[rosmaster.master][INFO] 2025-11-09 13:53:02,855: +PARAM [/robot_description_kinematics/arm/kinematics_solver_attempts] by /roslaunch
[rosmaster.master][INFO] 2025-11-09 13:53:02,855: +PARAM [/move_group/planning_plugin] by /roslaunch
[rosmaster.master][INFO] 2025-11-09 13:53:02,855: +PARAM [/move_group/request_adapters] by /roslaunch
[rosmaster.master][INFO] 2025-11-09 13:53:02,855: +PARAM [/move_group/start_state_max_bounds_error] by /roslaunch
[rosmaster.master][INFO] 2025-11-09 13:53:02,855: +PARAM [/move_group/planner_configs/SBLkConfigDefault/type] by /roslaunch
[rosmaster.master][INFO] 2025-11-09 13:53:02,855: +PARAM [/move_group/planner_configs/ESTkConfigDefault/type] by /roslaunch
[rosmaster.master][INFO] 2025-11-09 13:53:02,855: +PARAM [/move_group/planner_configs/LBKPIECEkConfigDefault/type] by /roslaunch
[rosmaster.master][INFO] 2025-11-09 13:53:02,856: +PARAM [/move_group/planner_configs/BKPIECEkConfigDefault/type] by /roslaunch
[rosmaster.master][INFO] 2025-11-09 13:53:02,856: +PARAM [/move_group/planner_configs/KPIECEkConfigDefault/type] by /roslaunch
[rosmaster.master][INFO] 2025-11-09 13:53:02,856: +PARAM [/move_group/planner_configs/RRTkConfigDefault/type] by /roslaunch
[rosmaster.master][INFO] 2025-11-09 13:53:02,856: +PARAM [/move_group/planner_configs/RRTConnectkConfigDefault/type] by /roslaunch
[rosmaster.master][INFO] 2025-11-09 13:53:02,856: +PARAM [/move_group/planner_configs/RRTstarkConfigDefault/type] by /roslaunch
[rosmaster.master][INFO] 2025-11-09 13:53:02,856: +PARAM [/move_group/planner_configs/TRRTkConfigDefault/type] by /roslaunch
[rosmaster.master][INFO] 2025-11-09 13:53:02,856: +PARAM [/move_group/planner_configs/PRMkConfigDefault/type] by /roslaunch
[rosmaster.master][INFO] 2025-11-09 13:53:02,856: +PARAM [/move_group/planner_configs/PRMstarkConfigDefault/type] by /roslaunch
[rosmaster.master][INFO] 2025-11-09 13:53:02,856: +PARAM [/move_group/arm_torso/planner_configs] by /roslaunch
[rosmaster.master][INFO] 2025-11-09 13:53:02,856: +PARAM [/move_group/arm_torso/projection_evaluator] by /roslaunch
[rosmaster.master][INFO] 2025-11-09 13:53:02,857: +PARAM [/move_group/arm_torso/longest_valid_segment_fraction] by /roslaunch
[rosmaster.master][INFO] 2025-11-09 13:53:02,857: +PARAM [/move_group/arm/planner_configs] by /roslaunch
[rosmaster.master][INFO] 2025-11-09 13:53:02,857: +PARAM [/move_group/arm/projection_evaluator] by /roslaunch
[rosmaster.master][INFO] 2025-11-09 13:53:02,857: +PARAM [/move_group/arm/longest_valid_segment_fraction] by /roslaunch
[rosmaster.master][INFO] 2025-11-09 13:53:02,857: +PARAM [/move_group/moveit_manage_controllers] by /roslaunch
[rosmaster.master][INFO] 2025-11-09 13:53:02,857: +PARAM [/move_group/trajectory_execution/allowed_execution_duration_scaling] by /roslaunch
[rosmaster.master][INFO] 2025-11-09 13:53:02,857: +PARAM [/move_group/trajectory_execution/allowed_goal_duration_margin] by /roslaunch
[rosmaster.master][INFO] 2025-11-09 13:53:02,857: +PARAM [/move_group/moveit_controller_manager] by /roslaunch
[rosmaster.master][INFO] 2025-11-09 13:53:02,857: +PARAM [/move_group/controller_manager_name] by /roslaunch
[rosmaster.master][INFO] 2025-11-09 13:53:02,858: +PARAM [/move_group/use_controller_manager] by /roslaunch
[rosmaster.master][INFO] 2025-11-09 13:53:02,858: +PARAM [/move_group/controller_manager_ns] by /roslaunch
[rosmaster.master][INFO] 2025-11-09 13:53:02,858: +PARAM [/move_group/controller_list] by /roslaunch
[rosmaster.master][INFO] 2025-11-09 13:53:02,858: +PARAM [/move_group/allow_trajectory_execution] by /roslaunch
[rosmaster.master][INFO] 2025-11-09 13:53:02,858: +PARAM [/move_group/max_safe_path_cost] by /roslaunch
[rosmaster.master][INFO] 2025-11-09 13:53:02,858: +PARAM [/move_group/jiggle_fraction] by /roslaunch
[rosmaster.master][INFO] 2025-11-09 13:53:02,858: +PARAM [/move_group/capabilities] by /roslaunch
[rosmaster.master][INFO] 2025-11-09 13:53:02,858: +PARAM [/move_group/disable_capabilities] by /roslaunch
[rosmaster.master][INFO] 2025-11-09 13:53:02,858: +PARAM [/move_group/planning_scene_monitor/publish_planning_scene] by /roslaunch
[rosmaster.master][INFO] 2025-11-09 13:53:02,858: +PARAM [/move_group/planning_scene_monitor/publish_geometry_updates] by /roslaunch
[rosmaster.master][INFO] 2025-11-09 13:53:02,859: +PARAM [/move_group/planning_scene_monitor/publish_state_updates] by /roslaunch
[rosmaster.master][INFO] 2025-11-09 13:53:02,859: +PARAM [/move_group/planning_scene_monitor/publish_transforms_updates] by /roslaunch
[rosmaster.master][INFO] 2025-11-09 13:53:02,859: +PARAM [/robot_state_publisher/publish_frequency] by /roslaunch
[rosmaster.master][INFO] 2025-11-09 13:53:02,859: +PARAM [/robot_state_publisher/tf_prefix] by /roslaunch
[rosmaster.master][INFO] 2025-11-09 13:53:02,859: +PARAM [/twist_mux/locks] by /roslaunch
[rosmaster.master][INFO] 2025-11-09 13:53:02,859: +PARAM [/twist_mux/topics] by /roslaunch
[rosmaster.master][INFO] 2025-11-09 13:53:02,859: +PARAM [/joystick_relay/priority] by /roslaunch
[rosmaster.master][INFO] 2025-11-09 13:53:02,859: +PARAM [/joystick_relay/turbo/linear_forward_min] by /roslaunch
[rosmaster.master][INFO] 2025-11-09 13:53:02,860: +PARAM [/joystick_relay/turbo/linear_forward_max] by /roslaunch
[rosmaster.master][INFO] 2025-11-09 13:53:02,860: +PARAM [/joystick_relay/turbo/linear_backward_min] by /roslaunch
[rosmaster.master][INFO] 2025-11-09 13:53:02,860: +PARAM [/joystick_relay/turbo/linear_backward_max] by /roslaunch
[rosmaster.master][INFO] 2025-11-09 13:53:02,860: +PARAM [/joystick_relay/turbo/angular_min] by /roslaunch
[rosmaster.master][INFO] 2025-11-09 13:53:02,860: +PARAM [/joystick_relay/turbo/angular_max] by /roslaunch
[rosmaster.master][INFO] 2025-11-09 13:53:02,860: +PARAM [/joystick_relay/turbo/steps] by /roslaunch
[rosmaster.master][INFO] 2025-11-09 13:53:02,860: +PARAM [/dynamic_footprint_publisher/footprint] by /roslaunch
[rosmaster.master][INFO] 2025-11-09 13:53:02,860: +PARAM [/dynamic_footprint_publisher/link_list] by /roslaunch
[rosmaster.master][INFO] 2025-11-09 13:53:02,860: +PARAM [/dynamic_footprint_publisher/padding] by /roslaunch
[rosmaster.master][INFO] 2025-11-09 13:53:02,885: paramUpdate[/twist_mux/locks/]
[rosmaster.master][INFO] 2025-11-09 13:53:02,916: paramUpdate[/twist_mux/topics/]
[rosmaster.master][INFO] 2025-11-09 13:53:03,330: +PUB [/rosout] /head_controller/point_head_action http://127.0.0.1:42535/
[rosmaster.master][INFO] 2025-11-09 13:53:03,334: +SERVICE [/head_controller/point_head_action/get_loggers] /head_controller/point_head_action http://127.0.0.1:42535/
[rosmaster.master][INFO] 2025-11-09 13:53:03,335: +SERVICE [/head_controller/point_head_action/set_logger_level] /head_controller/point_head_action http://127.0.0.1:42535/
[rosmaster.master][INFO] 2025-11-09 13:53:03,348: publisherUpdate[/rosout] -> http://127.0.0.1:38111/ ['http://127.0.0.1:37143/', 'http://127.0.0.1:35867/', 'http://127.0.0.1:44717/', 'http://127.0.0.1:37473/', 'http://127.0.0.1:44663/', 'http://127.0.0.1:43311/', 'http://127.0.0.1:42601/', 'http://127.0.0.1:43281/', 'http://127.0.0.1:45501/', 'http://127.0.0.1:36459/', 'http://127.0.0.1:42031/', 'http://127.0.0.1:34295/', 'http://127.0.0.1:35215/', 'http://127.0.0.1:36161/', 'http://127.0.0.1:41009/', 'http://127.0.0.1:34171/', 'http://127.0.0.1:39981/', 'http://127.0.0.1:37559/', 'http://127.0.0.1:42535/']
[rosmaster.master][INFO] 2025-11-09 13:53:03,352: +SUB [/clock] /head_controller/point_head_action http://127.0.0.1:42535/
[rosmaster.master][INFO] 2025-11-09 13:53:03,354: publisherUpdate[/rosout] -> http://127.0.0.1:38111/ ['http://127.0.0.1:37143/', 'http://127.0.0.1:35867/', 'http://127.0.0.1:44717/', 'http://127.0.0.1:37473/', 'http://127.0.0.1:44663/', 'http://127.0.0.1:43311/', 'http://127.0.0.1:42601/', 'http://127.0.0.1:43281/', 'http://127.0.0.1:45501/', 'http://127.0.0.1:36459/', 'http://127.0.0.1:42031/', 'http://127.0.0.1:34295/', 'http://127.0.0.1:35215/', 'http://127.0.0.1:36161/', 'http://127.0.0.1:41009/', 'http://127.0.0.1:34171/', 'http://127.0.0.1:39981/', 'http://127.0.0.1:37559/', 'http://127.0.0.1:42535/']: sec=0.01, result=[1, '', 0]
[rosmaster.master][INFO] 2025-11-09 13:53:03,372: +SUB [/tf] /head_controller/point_head_action http://127.0.0.1:42535/
[rosmaster.master][INFO] 2025-11-09 13:53:03,424: +SUB [/tf_static] /head_controller/point_head_action http://127.0.0.1:42535/
[rosmaster.master][INFO] 2025-11-09 13:53:03,427: +PUB [/head_controller/command] /head_controller/point_head_action http://127.0.0.1:42535/
[rosmaster.master][INFO] 2025-11-09 13:53:03,432: +SUB [/head_controller/state] /head_controller/point_head_action http://127.0.0.1:42535/
[rosmaster.master][INFO] 2025-11-09 13:53:03,432: publisherUpdate[/head_controller/command] -> http://127.0.0.1:36161/ ['http://127.0.0.1:42535/']
[rosmaster.master][INFO] 2025-11-09 13:53:03,437: +CACHEDPARAM [/rosout_disable_topics_generation] by /head_controller/point_head_action
[rosmaster.master][INFO] 2025-11-09 13:53:03,467: publisherUpdate[/head_controller/command] -> http://127.0.0.1:36161/ ['http://127.0.0.1:42535/']: sec=0.03, result=[1, '', 0]
[rosmaster.master][INFO] 2025-11-09 13:53:03,541: +PUB [/rosout] /tf_lookup http://127.0.0.1:43989/
[rosmaster.master][INFO] 2025-11-09 13:53:03,542: +SERVICE [/tf_lookup/get_loggers] /tf_lookup http://127.0.0.1:43989/
[rosmaster.master][INFO] 2025-11-09 13:53:03,549: +SERVICE [/tf_lookup/set_logger_level] /tf_lookup http://127.0.0.1:43989/
[rosmaster.master][INFO] 2025-11-09 13:53:03,557: -PUB [/rosout] /head_controller/point_head_action http://127.0.0.1:33809/
[rosmaster.master][INFO] 2025-11-09 13:53:03,558: -PUB [/head_controller/command] /head_controller/point_head_action http://127.0.0.1:33809/
[rosmaster.master][INFO] 2025-11-09 13:53:03,558: +SUB [/clock] /tf_lookup http://127.0.0.1:43989/
[rosmaster.master][INFO] 2025-11-09 13:53:03,559: -PUB [/head_controller/point_head_action/result] /head_controller/point_head_action http://127.0.0.1:33809/
[rosmaster.master][INFO] 2025-11-09 13:53:03,561: publisherUpdate[/rosout] -> http://127.0.0.1:38111/ ['http://127.0.0.1:37143/', 'http://127.0.0.1:44717/', 'http://127.0.0.1:37473/', 'http://127.0.0.1:44663/', 'http://127.0.0.1:43311/', 'http://127.0.0.1:42601/', 'http://127.0.0.1:43281/', 'http://127.0.0.1:45501/', 'http://127.0.0.1:36459/', 'http://127.0.0.1:42031/', 'http://127.0.0.1:34295/', 'http://127.0.0.1:35215/', 'http://127.0.0.1:36161/', 'http://127.0.0.1:41009/', 'http://127.0.0.1:34171/', 'http://127.0.0.1:39981/', 'http://127.0.0.1:37559/', 'http://127.0.0.1:42535/', 'http://127.0.0.1:43989/']
[rosmaster.master][INFO] 2025-11-09 13:53:03,570: -PUB [/head_controller/point_head_action/feedback] /head_controller/point_head_action http://127.0.0.1:33809/
[rosmaster.master][INFO] 2025-11-09 13:53:03,572: publisherUpdate[/rosout] -> http://127.0.0.1:38111/ ['http://127.0.0.1:37143/', 'http://127.0.0.1:44717/', 'http://127.0.0.1:37473/', 'http://127.0.0.1:44663/', 'http://127.0.0.1:43311/', 'http://127.0.0.1:42601/', 'http://127.0.0.1:43281/', 'http://127.0.0.1:45501/', 'http://127.0.0.1:36459/', 'http://127.0.0.1:42031/', 'http://127.0.0.1:34295/', 'http://127.0.0.1:35215/', 'http://127.0.0.1:36161/', 'http://127.0.0.1:41009/', 'http://127.0.0.1:34171/', 'http://127.0.0.1:39981/', 'http://127.0.0.1:37559/', 'http://127.0.0.1:42535/', 'http://127.0.0.1:43989/']: sec=0.01, result=[1, '', 0]
[rosmaster.master][INFO] 2025-11-09 13:53:03,574: +SUB [/tf] /tf_lookup http://127.0.0.1:43989/
[rosmaster.master][INFO] 2025-11-09 13:53:03,578: +PUB [/rosout] /robot_state_publisher http://127.0.0.1:42501/
[rosmaster.master][INFO] 2025-11-09 13:53:03,579: +SERVICE [/robot_state_publisher/get_loggers] /robot_state_publisher http://127.0.0.1:42501/
[rosmaster.master][INFO] 2025-11-09 13:53:03,580: +SERVICE [/robot_state_publisher/set_logger_level] /robot_state_publisher http://127.0.0.1:42501/
[rosmaster.master][INFO] 2025-11-09 13:53:03,585: +SUB [/clock] /robot_state_publisher http://127.0.0.1:42501/
[rosmaster.master][INFO] 2025-11-09 13:53:03,591: -PUB [/head_controller/point_head_action/status] /head_controller/point_head_action http://127.0.0.1:33809/
[rosmaster.master][INFO] 2025-11-09 13:53:03,621: +SUB [/tf_static] /tf_lookup http://127.0.0.1:43989/
[rosmaster.master][INFO] 2025-11-09 13:53:03,624: -SUB [/clock] /head_controller/point_head_action http://127.0.0.1:33809/
[rosmaster.master][INFO] 2025-11-09 13:53:03,627: +PUB [/tf] /robot_state_publisher http://127.0.0.1:42501/
[rosmaster.master][INFO] 2025-11-09 13:53:03,681: +CACHEDPARAM [/rosout_disable_topics_generation] by /tf_lookup
[rosmaster.master][INFO] 2025-11-09 13:53:03,682: -SUB [/tf] /head_controller/point_head_action http://127.0.0.1:33809/
[rosmaster.master][INFO] 2025-11-09 13:53:03,683: +SERVICE [/lookupTransform] /tf_lookup http://127.0.0.1:43989/
[rosmaster.master][INFO] 2025-11-09 13:53:03,688: +PUB [/rosout] /twist_mux http://127.0.0.1:45539/
[rosmaster.master][INFO] 2025-11-09 13:53:03,690: publisherUpdate[/rosout] -> http://127.0.0.1:38111/ ['http://127.0.0.1:44717/', 'http://127.0.0.1:37473/', 'http://127.0.0.1:44663/', 'http://127.0.0.1:43311/', 'http://127.0.0.1:42601/', 'http://127.0.0.1:43281/', 'http://127.0.0.1:45501/', 'http://127.0.0.1:36459/', 'http://127.0.0.1:42031/', 'http://127.0.0.1:34295/', 'http://127.0.0.1:35215/', 'http://127.0.0.1:36161/', 'http://127.0.0.1:41009/', 'http://127.0.0.1:34171/', 'http://127.0.0.1:39981/', 'http://127.0.0.1:37559/', 'http://127.0.0.1:42535/', 'http://127.0.0.1:43989/', 'http://127.0.0.1:42501/']
[rosmaster.master][INFO] 2025-11-09 13:53:03,691: +PUB [/head_controller/point_head_action/result] /head_controller/point_head_action http://127.0.0.1:42535/
[rosmaster.master][INFO] 2025-11-09 13:53:03,698: publisherUpdate[/tf] -> http://127.0.0.1:44663/ ['http://127.0.0.1:36161/', 'http://127.0.0.1:42501/']
[rosmaster.master][INFO] 2025-11-09 13:53:03,700: +PUB [/head_controller/point_head_action/feedback] /head_controller/point_head_action http://127.0.0.1:42535/
[rosmaster.master][INFO] 2025-11-09 13:53:03,701: +PUB [/tf_lookup/result] /tf_lookup http://127.0.0.1:43989/
[rosmaster.master][INFO] 2025-11-09 13:53:03,703: +PUB [/rosout] /play_motion http://127.0.0.1:45757/
[rosmaster.master][INFO] 2025-11-09 13:53:03,703: -SUB [/tf_static] /head_controller/point_head_action http://127.0.0.1:33809/
[rosmaster.master][INFO] 2025-11-09 13:53:03,704: +PUB [/tf_static] /robot_state_publisher http://127.0.0.1:42501/
[rosmaster.master][INFO] 2025-11-09 13:53:03,704: +PUB [/head_controller/point_head_action/status] /head_controller/point_head_action http://127.0.0.1:42535/
[rosmaster.master][INFO] 2025-11-09 13:53:03,706: +SERVICE [/twist_mux/get_loggers] /twist_mux http://127.0.0.1:45539/
[rosmaster.master][INFO] 2025-11-09 13:53:03,706: publisherUpdate[/tf] -> http://127.0.0.1:44663/ ['http://127.0.0.1:36161/', 'http://127.0.0.1:42501/']: sec=0.01, result=[1, '', 0]
[rosmaster.master][INFO] 2025-11-09 13:53:03,706: publisherUpdate[/tf] -> http://127.0.0.1:43311/ ['http://127.0.0.1:36161/', 'http://127.0.0.1:42501/']
[rosmaster.master][INFO] 2025-11-09 13:53:03,708: publisherUpdate[/rosout] -> http://127.0.0.1:38111/ ['http://127.0.0.1:44717/', 'http://127.0.0.1:37473/', 'http://127.0.0.1:44663/', 'http://127.0.0.1:43311/', 'http://127.0.0.1:42601/', 'http://127.0.0.1:43281/', 'http://127.0.0.1:45501/', 'http://127.0.0.1:36459/', 'http://127.0.0.1:42031/', 'http://127.0.0.1:34295/', 'http://127.0.0.1:35215/', 'http://127.0.0.1:36161/', 'http://127.0.0.1:41009/', 'http://127.0.0.1:34171/', 'http://127.0.0.1:39981/', 'http://127.0.0.1:37559/', 'http://127.0.0.1:42535/', 'http://127.0.0.1:43989/', 'http://127.0.0.1:42501/']: sec=0.02, result=[1, '', 0]
[rosmaster.master][INFO] 2025-11-09 13:53:03,710: +CACHEDPARAM [/rosout_disable_topics_generation] by /robot_state_publisher
[rosmaster.master][INFO] 2025-11-09 13:53:03,710: publisherUpdate[/tf] -> http://127.0.0.1:42535/ ['http://127.0.0.1:36161/', 'http://127.0.0.1:42501/']
[rosmaster.master][INFO] 2025-11-09 13:53:03,710: +SERVICE [/play_motion/get_loggers] /play_motion http://127.0.0.1:45757/
[rosmaster.master][INFO] 2025-11-09 13:53:03,713: publisherUpdate[/tf] -> http://127.0.0.1:43311/ ['http://127.0.0.1:36161/', 'http://127.0.0.1:42501/']: sec=0.01, result=[1, '', 0]
[rosmaster.master][INFO] 2025-11-09 13:53:03,723: -SUB [/head_controller/state] /head_controller/point_head_action http://127.0.0.1:33809/
[rosmaster.master][INFO] 2025-11-09 13:53:03,724: +SERVICE [/twist_mux/set_logger_level] /twist_mux http://127.0.0.1:45539/
[rosmaster.master][INFO] 2025-11-09 13:53:03,726: publisherUpdate[/rosout] -> http://127.0.0.1:38111/ ['http://127.0.0.1:44717/', 'http://127.0.0.1:44663/', 'http://127.0.0.1:43311/', 'http://127.0.0.1:42601/', 'http://127.0.0.1:43281/', 'http://127.0.0.1:45501/', 'http://127.0.0.1:36459/', 'http://127.0.0.1:42031/', 'http://127.0.0.1:34295/', 'http://127.0.0.1:35215/', 'http://127.0.0.1:36161/', 'http://127.0.0.1:41009/', 'http://127.0.0.1:34171/', 'http://127.0.0.1:39981/', 'http://127.0.0.1:37559/', 'http://127.0.0.1:42535/', 'http://127.0.0.1:43989/', 'http://127.0.0.1:42501/', 'http://127.0.0.1:45539/']
[rosmaster.master][INFO] 2025-11-09 13:53:03,721: publisherUpdate[/tf] -> http://127.0.0.1:43989/ ['http://127.0.0.1:36161/', 'http://127.0.0.1:42501/']
[rosmaster.master][INFO] 2025-11-09 13:53:03,729: -SUB [/head_controller/point_head_action/goal] /head_controller/point_head_action http://127.0.0.1:33809/
[rosmaster.master][INFO] 2025-11-09 13:53:03,730: +PUB [/rosout] /twist_marker http://127.0.0.1:34509/
[rosmaster.master][INFO] 2025-11-09 13:53:03,732: +PUB [/tf_lookup/feedback] /tf_lookup http://127.0.0.1:43989/
[rosmaster.master][INFO] 2025-11-09 13:53:03,733: +SERVICE [/play_motion/set_logger_level] /play_motion http://127.0.0.1:45757/
[rosmaster.master][INFO] 2025-11-09 13:53:03,736: publisherUpdate[/rosout] -> http://127.0.0.1:38111/ ['http://127.0.0.1:44717/', 'http://127.0.0.1:44663/', 'http://127.0.0.1:43311/', 'http://127.0.0.1:42601/', 'http://127.0.0.1:43281/', 'http://127.0.0.1:45501/', 'http://127.0.0.1:36459/', 'http://127.0.0.1:42031/', 'http://127.0.0.1:34295/', 'http://127.0.0.1:35215/', 'http://127.0.0.1:36161/', 'http://127.0.0.1:41009/', 'http://127.0.0.1:34171/', 'http://127.0.0.1:39981/', 'http://127.0.0.1:37559/', 'http://127.0.0.1:42535/', 'http://127.0.0.1:43989/', 'http://127.0.0.1:42501/', 'http://127.0.0.1:45539/']: sec=0.01, result=[1, '', 0]
[rosmaster.master][INFO] 2025-11-09 13:53:03,740: +PUB [/tf_lookup/status] /tf_lookup http://127.0.0.1:43989/
[rosmaster.master][INFO] 2025-11-09 13:53:03,742: +SERVICE [/twist_marker/get_loggers] /twist_marker http://127.0.0.1:34509/
[rosmaster.master][INFO] 2025-11-09 13:53:03,773: -SUB [/head_controller/point_head_action/cancel] /head_controller/point_head_action http://127.0.0.1:33809/
[rosmaster.master][INFO] 2025-11-09 13:53:03,775: +SUB [/head_controller/point_head_action/goal] /head_controller/point_head_action http://127.0.0.1:42535/
[rosmaster.master][INFO] 2025-11-09 13:53:03,776: -SERVICE [/head_controller/point_head_action/get_loggers] /head_controller/point_head_action rosrpc://127.0.0.1:46643
[rosmaster.master][INFO] 2025-11-09 13:53:03,778: -SERVICE [/head_controller/point_head_action/set_logger_level] /head_controller/point_head_action rosrpc://127.0.0.1:46643
[rosmaster.master][INFO] 2025-11-09 13:53:03,781: -CACHEDPARAM [/rosout_disable_topics_generation] by /head_controller/point_head_action
[rosmaster.master][INFO] 2025-11-09 13:53:03,785: +SUB [/head_controller/point_head_action/cancel] /head_controller/point_head_action http://127.0.0.1:42535/
[rosmaster.master][INFO] 2025-11-09 13:53:03,791: +SUB [/clock] /twist_mux http://127.0.0.1:45539/
[rosmaster.master][INFO] 2025-11-09 13:53:03,792: +CACHEDPARAM [/twist_mux/topics] by /twist_mux
[rosmaster.master][INFO] 2025-11-09 13:53:03,800: -PUB [/rosout] /tf_lookup http://127.0.0.1:35867/
[rosmaster.master][INFO] 2025-11-09 13:53:03,802: publisherUpdate[/tf] -> http://127.0.0.1:42535/ ['http://127.0.0.1:36161/', 'http://127.0.0.1:42501/']: sec=0.09, result=[1, '', 0]
[rosmaster.master][INFO] 2025-11-09 13:53:03,806: publisherUpdate[/tf_static] -> http://127.0.0.1:44663/ ['http://127.0.0.1:42501/']
[rosmaster.master][INFO] 2025-11-09 13:53:03,803: publisherUpdate[/rosout] -> http://127.0.0.1:38111/ ['http://127.0.0.1:44717/', 'http://127.0.0.1:44663/', 'http://127.0.0.1:42601/', 'http://127.0.0.1:43281/', 'http://127.0.0.1:45501/', 'http://127.0.0.1:36459/', 'http://127.0.0.1:42031/', 'http://127.0.0.1:34295/', 'http://127.0.0.1:35215/', 'http://127.0.0.1:36161/', 'http://127.0.0.1:41009/', 'http://127.0.0.1:34171/', 'http://127.0.0.1:39981/', 'http://127.0.0.1:37559/', 'http://127.0.0.1:42535/', 'http://127.0.0.1:43989/', 'http://127.0.0.1:42501/', 'http://127.0.0.1:45539/', 'http://127.0.0.1:45757/']
[rosmaster.master][INFO] 2025-11-09 13:53:03,821: publisherUpdate[/rosout] -> http://127.0.0.1:38111/ ['http://127.0.0.1:44717/', 'http://127.0.0.1:44663/', 'http://127.0.0.1:42601/', 'http://127.0.0.1:43281/', 'http://127.0.0.1:45501/', 'http://127.0.0.1:36459/', 'http://127.0.0.1:42031/', 'http://127.0.0.1:34295/', 'http://127.0.0.1:35215/', 'http://127.0.0.1:36161/', 'http://127.0.0.1:41009/', 'http://127.0.0.1:34171/', 'http://127.0.0.1:39981/', 'http://127.0.0.1:37559/', 'http://127.0.0.1:42535/', 'http://127.0.0.1:43989/', 'http://127.0.0.1:42501/', 'http://127.0.0.1:45539/', 'http://127.0.0.1:45757/']: sec=0.00, result=[1, '', 0]
[rosmaster.master][INFO] 2025-11-09 13:53:03,821: publisherUpdate[/tf_static] -> http://127.0.0.1:42535/ ['http://127.0.0.1:42501/']
[rosmaster.master][INFO] 2025-11-09 13:53:03,803: +SUB [/clock] /play_motion http://127.0.0.1:45757/
[rosmaster.master][INFO] 2025-11-09 13:53:03,826: +CACHEDPARAM [/rosout_disable_topics_generation] by /twist_mux
[rosmaster.master][INFO] 2025-11-09 13:53:03,862: -PUB [/rosout] /robot_state_publisher http://127.0.0.1:37143/
[rosmaster.master][INFO] 2025-11-09 13:53:03,864: -PUB [/tf_lookup/result] /tf_lookup http://127.0.0.1:35867/
[rosmaster.master][INFO] 2025-11-09 13:53:03,865: +SUB [/joint_states] /robot_state_publisher http://127.0.0.1:42501/
[rosmaster.master][INFO] 2025-11-09 13:53:03,866: -PUB [/tf_lookup/feedback] /tf_lookup http://127.0.0.1:35867/
[rosmaster.master][INFO] 2025-11-09 13:53:03,867: -PUB [/tf_lookup/status] /tf_lookup http://127.0.0.1:35867/
[rosmaster.master][INFO] 2025-11-09 13:53:03,867: -PUB [/tf_stream/result] /tf_lookup http://127.0.0.1:35867/
[rosmaster.master][INFO] 2025-11-09 13:53:03,868: -PUB [/tf_stream/feedback] /tf_lookup http://127.0.0.1:35867/
[rosmaster.master][INFO] 2025-11-09 13:53:03,869: -PUB [/tf_stream/status] /tf_lookup http://127.0.0.1:35867/
[rosmaster.master][INFO] 2025-11-09 13:53:03,872: -PUB [/tf] /robot_state_publisher http://127.0.0.1:37143/
[rosmaster.master][INFO] 2025-11-09 13:53:03,872: -PUB [/tfs_1008000000] /tf_lookup http://127.0.0.1:35867/
[rosmaster.master][INFO] 2025-11-09 13:53:03,873: +SUB [/nav_vel] /twist_mux http://127.0.0.1:45539/
[rosmaster.master][INFO] 2025-11-09 13:53:03,875: -SUB [/clock] /tf_lookup http://127.0.0.1:35867/
[rosmaster.master][INFO] 2025-11-09 13:53:03,882: +SUB [/tf_lookup/goal] /tf_lookup http://127.0.0.1:43989/
[rosmaster.master][INFO] 2025-11-09 13:53:03,883: -PUB [/tf_static] /robot_state_publisher http://127.0.0.1:37143/
[rosmaster.master][INFO] 2025-11-09 13:53:03,884: -SUB [/clock] /robot_state_publisher http://127.0.0.1:37143/
[rosmaster.master][INFO] 2025-11-09 13:53:03,891: publisherUpdate[/tf_static] -> http://127.0.0.1:42535/ ['http://127.0.0.1:42501/']: sec=0.07, result=[1, '', 0]
[rosmaster.master][INFO] 2025-11-09 13:53:03,897: publisherUpdate[/tf_static] -> http://127.0.0.1:44663/ ['http://127.0.0.1:42501/']: sec=0.09, result=[1, '', 0]
[rosmaster.master][INFO] 2025-11-09 13:53:03,899: -SUB [/tf] /tf_lookup http://127.0.0.1:35867/
[rosmaster.master][INFO] 2025-11-09 13:53:03,902: -PUB [/rosout] /twist_mux http://127.0.0.1:37473/
[rosmaster.master][INFO] 2025-11-09 13:53:03,910: +SUB [/joint_states] /play_motion http://127.0.0.1:45757/
[rosmaster.master][INFO] 2025-11-09 13:53:03,913: +SERVICE [/twist_marker/set_logger_level] /twist_marker http://127.0.0.1:34509/
[rosmaster.master][INFO] 2025-11-09 13:53:03,914: +PUB [/rosout] /move_group http://127.0.0.1:37609/
[rosmaster.master][INFO] 2025-11-09 13:53:03,914: -PUB [/rosout] /play_motion http://127.0.0.1:43311/
[rosmaster.master][INFO] 2025-11-09 13:53:03,915: +CACHEDPARAM [/rosout_disable_topics_generation] by /twist_marker
[rosmaster.master][INFO] 2025-11-09 13:53:03,917: -SUB [/joint_states] /robot_state_publisher http://127.0.0.1:37143/
[rosmaster.master][INFO] 2025-11-09 13:53:03,929: publisherUpdate[/rosout] -> http://127.0.0.1:38111/ ['http://127.0.0.1:44663/', 'http://127.0.0.1:42601/', 'http://127.0.0.1:43281/', 'http://127.0.0.1:45501/', 'http://127.0.0.1:36459/', 'http://127.0.0.1:42031/', 'http://127.0.0.1:34295/', 'http://127.0.0.1:35215/', 'http://127.0.0.1:36161/', 'http://127.0.0.1:41009/', 'http://127.0.0.1:34171/', 'http://127.0.0.1:39981/', 'http://127.0.0.1:37559/', 'http://127.0.0.1:42535/', 'http://127.0.0.1:43989/', 'http://127.0.0.1:45539/', 'http://127.0.0.1:45757/', 'http://127.0.0.1:34509/']
[rosmaster.master][INFO] 2025-11-09 13:53:03,956: publisherUpdate[/rosout] -> http://127.0.0.1:38111/ ['http://127.0.0.1:44663/', 'http://127.0.0.1:42601/', 'http://127.0.0.1:43281/', 'http://127.0.0.1:45501/', 'http://127.0.0.1:36459/', 'http://127.0.0.1:42031/', 'http://127.0.0.1:34295/', 'http://127.0.0.1:35215/', 'http://127.0.0.1:36161/', 'http://127.0.0.1:41009/', 'http://127.0.0.1:34171/', 'http://127.0.0.1:39981/', 'http://127.0.0.1:37559/', 'http://127.0.0.1:42535/', 'http://127.0.0.1:43989/', 'http://127.0.0.1:45539/', 'http://127.0.0.1:45757/', 'http://127.0.0.1:34509/']: sec=0.00, result=[1, '', 0]
[rosmaster.master][INFO] 2025-11-09 13:53:03,991: -PUB [/trajectory_execution_event] /play_motion http://127.0.0.1:43311/
[rosmaster.master][INFO] 2025-11-09 13:53:03,993: -PUB [/attached_collision_object] /play_motion http://127.0.0.1:43311/
[rosmaster.master][INFO] 2025-11-09 13:53:03,994: -PUB [/mobile_base_controller/cmd_vel] /twist_mux http://127.0.0.1:37473/
[rosmaster.master][INFO] 2025-11-09 13:53:03,994: +SERVICE [/move_group/get_loggers] /move_group http://127.0.0.1:37609/
[rosmaster.master][INFO] 2025-11-09 13:53:03,995: +SERVICE [/move_group/set_logger_level] /move_group http://127.0.0.1:37609/
[rosmaster.master][INFO] 2025-11-09 13:53:03,997: +SUB [/clock] /twist_marker http://127.0.0.1:34509/
[rosmaster.master][INFO] 2025-11-09 13:53:04,004: +CACHEDPARAM [/rosout_disable_topics_generation] by /play_motion
[rosmaster.master][INFO] 2025-11-09 13:53:04,005: -PUB [/diagnostics] /twist_mux http://127.0.0.1:37473/
[rosmaster.master][INFO] 2025-11-09 13:53:04,005: -SUB [/tf_static] /tf_lookup http://127.0.0.1:35867/
[rosmaster.master][INFO] 2025-11-09 13:53:04,007: -SUB [/tf_lookup/goal] /tf_lookup http://127.0.0.1:35867/
[rosmaster.master][INFO] 2025-11-09 13:53:04,008: -SUB [/clock] /twist_mux http://127.0.0.1:37473/
[rosmaster.master][INFO] 2025-11-09 13:53:04,008: +SUB [/joy_vel] /twist_mux http://127.0.0.1:45539/
[rosmaster.master][INFO] 2025-11-09 13:53:04,010: -PUB [/move_group/goal] /play_motion http://127.0.0.1:43311/
[rosmaster.master][INFO] 2025-11-09 13:53:04,010: -SUB [/tf_lookup/cancel] /tf_lookup http://127.0.0.1:35867/
[rosmaster.master][INFO] 2025-11-09 13:53:04,011: -SUB [/tf_stream/goal] /tf_lookup http://127.0.0.1:35867/
[rosmaster.master][INFO] 2025-11-09 13:53:04,012: -PUB [/move_group/cancel] /play_motion http://127.0.0.1:43311/
[rosmaster.master][INFO] 2025-11-09 13:53:04,013: -PUB [/pickup/goal] /play_motion http://127.0.0.1:43311/
[rosmaster.master][INFO] 2025-11-09 13:53:04,014: -PUB [/pickup/cancel] /play_motion http://127.0.0.1:43311/
[rosmaster.master][INFO] 2025-11-09 13:53:04,015: -SUB [/nav_vel] /twist_mux http://127.0.0.1:37473/
[rosmaster.master][INFO] 2025-11-09 13:53:04,016: -PUB [/place/goal] /play_motion http://127.0.0.1:43311/
[rosmaster.master][INFO] 2025-11-09 13:53:04,017: -PUB [/place/cancel] /play_motion http://127.0.0.1:43311/
[rosmaster.master][INFO] 2025-11-09 13:53:04,018: -SUB [/joy_vel] /twist_mux http://127.0.0.1:37473/
[rosmaster.master][INFO] 2025-11-09 13:53:04,019: -SERVICE [/robot_state_publisher/get_loggers] /robot_state_publisher rosrpc://127.0.0.1:35295
[rosmaster.master][INFO] 2025-11-09 13:53:04,035: +SUB [/tf] /play_motion http://127.0.0.1:45757/
[rosmaster.master][INFO] 2025-11-09 13:53:04,035: +PUB [/rosout] /image_raw_to_rect_color_relay http://127.0.0.1:41529/
[rosmaster.master][INFO] 2025-11-09 13:53:04,038: +SUB [/key_vel] /twist_mux http://127.0.0.1:45539/
[rosmaster.master][INFO] 2025-11-09 13:53:04,039: -SERVICE [/robot_state_publisher/set_logger_level] /robot_state_publisher rosrpc://127.0.0.1:35295
[rosmaster.master][INFO] 2025-11-09 13:53:04,041: -PUB [/execute_trajectory/goal] /play_motion http://127.0.0.1:43311/
[rosmaster.master][INFO] 2025-11-09 13:53:04,044: -SUB [/tf_stream/cancel] /tf_lookup http://127.0.0.1:35867/
[rosmaster.master][INFO] 2025-11-09 13:53:04,045: +SUB [/tf_lookup/cancel] /tf_lookup http://127.0.0.1:43989/
[rosmaster.master][INFO] 2025-11-09 13:53:04,045: +PUB [/twist_marker] /twist_marker http://127.0.0.1:34509/
[rosmaster.master][INFO] 2025-11-09 13:53:04,046: -PUB [/rosout] /twist_marker http://127.0.0.1:44717/
[rosmaster.master][INFO] 2025-11-09 13:53:04,046: -CACHEDPARAM [/rosout_disable_topics_generation] by /robot_state_publisher
[rosmaster.master][INFO] 2025-11-09 13:53:04,047: -PUB [/twist_marker] /twist_marker http://127.0.0.1:44717/
[rosmaster.master][INFO] 2025-11-09 13:53:04,049: +SUB [/clock] /move_group http://127.0.0.1:37609/
[rosmaster.master][INFO] 2025-11-09 13:53:04,073: -SUB [/key_vel] /twist_mux http://127.0.0.1:37473/
[rosmaster.master][INFO] 2025-11-09 13:53:04,073: -SUB [/tab_vel] /twist_mux http://127.0.0.1:37473/
[rosmaster.master][INFO] 2025-11-09 13:53:04,090: -SERVICE [/tf_lookup/get_loggers] /tf_lookup rosrpc://127.0.0.1:47471
[rosmaster.master][INFO] 2025-11-09 13:53:04,091: +SERVICE [/image_raw_to_rect_color_relay/get_loggers] /image_raw_to_rect_color_relay http://127.0.0.1:41529/
[rosmaster.master][INFO] 2025-11-09 13:53:04,091: +PUB [/tf_stream/result] /tf_lookup http://127.0.0.1:43989/
[rosmaster.master][INFO] 2025-11-09 13:53:04,092: -SUB [/clock] /twist_marker http://127.0.0.1:44717/
[rosmaster.master][INFO] 2025-11-09 13:53:04,093: +SUB [/tf_static] /play_motion http://127.0.0.1:45757/
[rosmaster.master][INFO] 2025-11-09 13:53:04,060: publisherUpdate[/tf] -> http://127.0.0.1:43989/ ['http://127.0.0.1:36161/', 'http://127.0.0.1:42501/']: sec=0.33, result=[1, '', 0]
[rosmaster.master][INFO] 2025-11-09 13:53:04,094: publisherUpdate[/tf_static] -> http://127.0.0.1:43989/ ['http://127.0.0.1:42501/']
[rosmaster.master][INFO] 2025-11-09 13:53:04,095: +SUB [/tab_vel] /twist_mux http://127.0.0.1:45539/
[rosmaster.master][INFO] 2025-11-09 13:53:04,105: +SERVICE [/image_raw_to_rect_color_relay/set_logger_level] /image_raw_to_rect_color_relay http://127.0.0.1:41529/
[rosmaster.master][INFO] 2025-11-09 13:53:04,110: -PUB [/execute_trajectory/cancel] /play_motion http://127.0.0.1:43311/
[rosmaster.master][INFO] 2025-11-09 13:53:04,112: publisherUpdate[/tf_static] -> http://127.0.0.1:43989/ ['http://127.0.0.1:42501/']: sec=0.02, result=[1, '', 0]
[rosmaster.master][INFO] 2025-11-09 13:53:04,120: publisherUpdate[/rosout] -> http://127.0.0.1:38111/ ['http://127.0.0.1:42601/', 'http://127.0.0.1:43281/', 'http://127.0.0.1:45501/', 'http://127.0.0.1:36459/', 'http://127.0.0.1:42031/', 'http://127.0.0.1:34295/', 'http://127.0.0.1:35215/', 'http://127.0.0.1:36161/', 'http://127.0.0.1:41009/', 'http://127.0.0.1:34171/', 'http://127.0.0.1:39981/', 'http://127.0.0.1:37559/', 'http://127.0.0.1:42535/', 'http://127.0.0.1:43989/', 'http://127.0.0.1:45539/', 'http://127.0.0.1:45757/', 'http://127.0.0.1:34509/', 'http://127.0.0.1:37609/']
[rosmaster.master][INFO] 2025-11-09 13:53:04,120: -SUB [/marker_vel] /twist_mux http://127.0.0.1:37473/
[rosmaster.master][INFO] 2025-11-09 13:53:04,122: +PUB [/tf_stream/feedback] /tf_lookup http://127.0.0.1:43989/
[rosmaster.master][INFO] 2025-11-09 13:53:04,123: -SERVICE [/tf_lookup/set_logger_level] /tf_lookup rosrpc://127.0.0.1:47471
[rosmaster.master][INFO] 2025-11-09 13:53:04,123: -SUB [/mobile_base_controller/cmd_vel] /twist_marker http://127.0.0.1:44717/
[rosmaster.master][INFO] 2025-11-09 13:53:04,123: +SUB [/mobile_base_controller/cmd_vel] /twist_marker http://127.0.0.1:34509/
[rosmaster.master][INFO] 2025-11-09 13:53:04,124: -SERVICE [/lookupTransform] /tf_lookup rosrpc://127.0.0.1:47471
[rosmaster.master][INFO] 2025-11-09 13:53:04,132: -SUB [/phone_vel] /twist_mux http://127.0.0.1:37473/
[rosmaster.master][INFO] 2025-11-09 13:53:04,133: -PUB [/play_motion/result] /play_motion http://127.0.0.1:43311/
[rosmaster.master][INFO] 2025-11-09 13:53:04,133: -SERVICE [/twist_marker/get_loggers] /twist_marker rosrpc://127.0.0.1:35071
[rosmaster.master][INFO] 2025-11-09 13:53:04,133: +SUB [/marker_vel] /twist_mux http://127.0.0.1:45539/
[rosmaster.master][INFO] 2025-11-09 13:53:04,137: -SUB [/rviz_joy_vel] /twist_mux http://127.0.0.1:37473/
[rosmaster.master][INFO] 2025-11-09 13:53:04,138: +PUB [/tf_stream/status] /tf_lookup http://127.0.0.1:43989/
[rosmaster.master][INFO] 2025-11-09 13:53:04,139: -SERVICE [/twist_marker/set_logger_level] /twist_marker rosrpc://127.0.0.1:35071
[rosmaster.master][INFO] 2025-11-09 13:53:04,140: -CACHEDPARAM [/rosout_disable_topics_generation] by /tf_lookup
[rosmaster.master][INFO] 2025-11-09 13:53:04,142: -PUB [/play_motion/feedback] /play_motion http://127.0.0.1:43311/
[rosmaster.master][INFO] 2025-11-09 13:53:04,142: -SUB [/servoing_cmd_vel] /twist_mux http://127.0.0.1:37473/
[rosmaster.master][INFO] 2025-11-09 13:53:04,145: -CACHEDPARAM [/rosout_disable_topics_generation] by /twist_marker
[rosmaster.master][INFO] 2025-11-09 13:53:04,146: -PUB [/play_motion/status] /play_motion http://127.0.0.1:43311/
[rosmaster.master][INFO] 2025-11-09 13:53:04,147: -PUB [/diagnostics] /play_motion http://127.0.0.1:43311/
[rosmaster.master][INFO] 2025-11-09 13:53:04,147: +SUB [/clock] /image_raw_to_rect_color_relay http://127.0.0.1:41529/
[rosmaster.master][INFO] 2025-11-09 13:53:04,149: -SUB [/pause_navigation] /twist_mux http://127.0.0.1:37473/
[rosmaster.master][INFO] 2025-11-09 13:53:04,150: -SUB [/stop_closing_loop] /twist_mux http://127.0.0.1:37473/
[rosmaster.master][INFO] 2025-11-09 13:53:04,157: -SUB [/joy_priority] /twist_mux http://127.0.0.1:37473/
[rosmaster.master][INFO] 2025-11-09 13:53:04,167: -PUB [/arm_controller/follow_joint_trajectory/goal] /play_motion http://127.0.0.1:43311/
[rosmaster.master][INFO] 2025-11-09 13:53:04,168: -PUB [/arm_controller/follow_joint_trajectory/cancel] /play_motion http://127.0.0.1:43311/
[rosmaster.master][INFO] 2025-11-09 13:53:04,170: -PUB [/hand_controller/follow_joint_trajectory/goal] /play_motion http://127.0.0.1:43311/
[rosmaster.master][INFO] 2025-11-09 13:53:04,172: -SERVICE [/twist_mux/get_loggers] /twist_mux rosrpc://127.0.0.1:56957
[rosmaster.master][INFO] 2025-11-09 13:53:04,173: -PUB [/hand_controller/follow_joint_trajectory/cancel] /play_motion http://127.0.0.1:43311/
[rosmaster.master][INFO] 2025-11-09 13:53:04,173: -PUB [/head_controller/follow_joint_trajectory/goal] /play_motion http://127.0.0.1:43311/
[rosmaster.master][INFO] 2025-11-09 13:53:04,185: publisherUpdate[/rosout] -> http://127.0.0.1:38111/ ['http://127.0.0.1:42601/', 'http://127.0.0.1:43281/', 'http://127.0.0.1:45501/', 'http://127.0.0.1:36459/', 'http://127.0.0.1:42031/', 'http://127.0.0.1:34295/', 'http://127.0.0.1:35215/', 'http://127.0.0.1:36161/', 'http://127.0.0.1:41009/', 'http://127.0.0.1:34171/', 'http://127.0.0.1:39981/', 'http://127.0.0.1:37559/', 'http://127.0.0.1:42535/', 'http://127.0.0.1:43989/', 'http://127.0.0.1:45539/', 'http://127.0.0.1:45757/', 'http://127.0.0.1:34509/', 'http://127.0.0.1:37609/']: sec=0.07, result=[1, '', 0]
[rosmaster.master][INFO] 2025-11-09 13:53:04,223: -PUB [/head_controller/follow_joint_trajectory/cancel] /play_motion http://127.0.0.1:43311/
[rosmaster.master][INFO] 2025-11-09 13:53:04,227: +SUB [/xtion/rgb/image_raw] /image_raw_to_rect_color_relay http://127.0.0.1:41529/
[rosmaster.master][INFO] 2025-11-09 13:53:04,229: +SUB [/tf_stream/goal] /tf_lookup http://127.0.0.1:43989/
[rosmaster.master][INFO] 2025-11-09 13:53:04,229: -PUB [/torso_controller/follow_joint_trajectory/goal] /play_motion http://127.0.0.1:43311/
[rosmaster.master][INFO] 2025-11-09 13:53:04,230: -PUB [/rosout] /move_group http://127.0.0.1:44663/
[rosmaster.master][INFO] 2025-11-09 13:53:04,231: +SUB [/phone_vel] /twist_mux http://127.0.0.1:45539/
[rosmaster.master][INFO] 2025-11-09 13:53:04,235: -PUB [/torso_controller/follow_joint_trajectory/cancel] /play_motion http://127.0.0.1:43311/
[rosmaster.master][INFO] 2025-11-09 13:53:04,238: -SERVICE [/twist_mux/set_logger_level] /twist_mux rosrpc://127.0.0.1:56957
[rosmaster.master][INFO] 2025-11-09 13:53:04,239: -CACHEDPARAM [/rosout_disable_topics_generation] by /twist_mux
[rosmaster.master][INFO] 2025-11-09 13:53:04,242: +CACHEDPARAM [/rosout_disable_topics_generation] by /move_group
[rosmaster.master][INFO] 2025-11-09 13:53:04,243: -SUB [/clock] /play_motion http://127.0.0.1:43311/
[rosmaster.master][INFO] 2025-11-09 13:53:04,244: -SUB [/joint_states] /play_motion http://127.0.0.1:43311/
[rosmaster.master][INFO] 2025-11-09 13:53:04,245: -SUB [/tf] /play_motion http://127.0.0.1:43311/
[rosmaster.master][INFO] 2025-11-09 13:53:04,245: -CACHEDPARAM [/twist_mux/diagnostic_period] by /twist_mux
[rosmaster.master][INFO] 2025-11-09 13:53:04,247: +SUB [/rviz_joy_vel] /twist_mux http://127.0.0.1:45539/
[rosmaster.master][INFO] 2025-11-09 13:53:04,255: +SUB [/tf_stream/cancel] /tf_lookup http://127.0.0.1:43989/
[rosmaster.master][INFO] 2025-11-09 13:53:04,256: -SUB [/tf_static] /play_motion http://127.0.0.1:43311/
[rosmaster.master][INFO] 2025-11-09 13:53:04,258: -CACHEDPARAM [/twist_mux/locks] by /twist_mux
[rosmaster.master][INFO] 2025-11-09 13:53:04,260: -CACHEDPARAM [/twist_mux/topics] by /twist_mux
[rosmaster.master][INFO] 2025-11-09 13:53:04,261: -PUB [/move_group/planning_scene_monitor/parameter_descriptions] /move_group http://127.0.0.1:44663/
[rosmaster.master][INFO] 2025-11-09 13:53:04,263: +PARAM [/move_group/default_planning_pipeline] by /move_group
[rosmaster.master][INFO] 2025-11-09 13:53:04,267: -PUB [/move_group/planning_scene_monitor/parameter_updates] /move_group http://127.0.0.1:44663/
[rosmaster.master][INFO] 2025-11-09 13:53:04,269: +CACHEDPARAM [/rosout_disable_topics_generation] by /twist_marker
[rosmaster.master][INFO] 2025-11-09 13:53:04,271: -SUB [/move_group/status] /play_motion http://127.0.0.1:43311/
[rosmaster.master][INFO] 2025-11-09 13:53:04,274: publisherUpdate[/rosout] -> http://127.0.0.1:38111/ ['http://127.0.0.1:43281/', 'http://127.0.0.1:45501/', 'http://127.0.0.1:36459/', 'http://127.0.0.1:42031/', 'http://127.0.0.1:34295/', 'http://127.0.0.1:35215/', 'http://127.0.0.1:36161/', 'http://127.0.0.1:41009/', 'http://127.0.0.1:34171/', 'http://127.0.0.1:39981/', 'http://127.0.0.1:37559/', 'http://127.0.0.1:42535/', 'http://127.0.0.1:43989/', 'http://127.0.0.1:45539/', 'http://127.0.0.1:45757/', 'http://127.0.0.1:37609/', 'http://127.0.0.1:41529/']
[rosmaster.master][INFO] 2025-11-09 13:53:04,278: publisherUpdate[/tf_stream/result] -> http://127.0.0.1:35215/ ['http://127.0.0.1:43989/']
[rosmaster.master][INFO] 2025-11-09 13:53:04,283: publisherUpdate[/tf_stream/result] -> http://127.0.0.1:35215/ ['http://127.0.0.1:43989/']: sec=0.01, result=[1, '', 0]
[rosmaster.master][INFO] 2025-11-09 13:53:04,283: publisherUpdate[/tf_stream/feedback] -> http://127.0.0.1:35215/ ['http://127.0.0.1:43989/']
[rosmaster.master][INFO] 2025-11-09 13:53:04,307: publisherUpdate[/rosout] -> http://127.0.0.1:38111/ ['http://127.0.0.1:43281/', 'http://127.0.0.1:45501/', 'http://127.0.0.1:36459/', 'http://127.0.0.1:42031/', 'http://127.0.0.1:34295/', 'http://127.0.0.1:35215/', 'http://127.0.0.1:36161/', 'http://127.0.0.1:41009/', 'http://127.0.0.1:34171/', 'http://127.0.0.1:39981/', 'http://127.0.0.1:37559/', 'http://127.0.0.1:42535/', 'http://127.0.0.1:43989/', 'http://127.0.0.1:45539/', 'http://127.0.0.1:45757/', 'http://127.0.0.1:37609/', 'http://127.0.0.1:41529/']: sec=0.03, result=[1, '', 0]
[rosmaster.master][INFO] 2025-11-09 13:53:04,309: +SUB [/servoing_cmd_vel] /twist_mux http://127.0.0.1:45539/
[rosmaster.master][INFO] 2025-11-09 13:53:04,311: +CACHEDPARAM [/twist_mux/locks] by /twist_mux
[rosmaster.master][INFO] 2025-11-09 13:53:04,313: -SUB [/move_group/feedback] /play_motion http://127.0.0.1:43311/
[rosmaster.master][INFO] 2025-11-09 13:53:04,314: -SUB [/move_group/result] /play_motion http://127.0.0.1:43311/
[rosmaster.master][INFO] 2025-11-09 13:53:04,318: -PUB [/move_group/monitored_planning_scene] /move_group http://127.0.0.1:44663/
[rosmaster.master][INFO] 2025-11-09 13:53:04,319: +SUB [/tf] /move_group http://127.0.0.1:37609/
[rosmaster.master][INFO] 2025-11-09 13:53:04,344: -SUB [/pickup/status] /play_motion http://127.0.0.1:43311/
[rosmaster.master][INFO] 2025-11-09 13:53:04,354: publisherUpdate[/tf_stream/feedback] -> http://127.0.0.1:35215/ ['http://127.0.0.1:43989/']: sec=0.07, result=[1, '', 0]
[rosmaster.master][INFO] 2025-11-09 13:53:04,355: publisherUpdate[/tf_stream/status] -> http://127.0.0.1:35215/ ['http://127.0.0.1:43989/']
[rosmaster.master][INFO] 2025-11-09 13:53:04,376: -PUB [/move_group/ompl/parameter_descriptions] /move_group http://127.0.0.1:44663/
[rosmaster.master][INFO] 2025-11-09 13:53:04,380: publisherUpdate[/tf_stream/status] -> http://127.0.0.1:35215/ ['http://127.0.0.1:43989/']: sec=0.02, result=[1, '', 0]
[rosmaster.master][INFO] 2025-11-09 13:53:04,381: +SUB [/tf_static] /move_group http://127.0.0.1:37609/
[rosmaster.master][INFO] 2025-11-09 13:53:04,382: +CACHEDPARAM [/rosout_disable_topics_generation] by /robot_state_publisher
[rosmaster.master][INFO] 2025-11-09 13:53:04,383: -SUB [/pickup/feedback] /play_motion http://127.0.0.1:43311/
[rosmaster.master][INFO] 2025-11-09 13:53:04,384: -SUB [/pickup/result] /play_motion http://127.0.0.1:43311/
[rosmaster.master][INFO] 2025-11-09 13:53:04,385: +SUB [/pause_navigation] /twist_mux http://127.0.0.1:45539/
[rosmaster.master][INFO] 2025-11-09 13:53:04,403: -PUB [/rosout] /image_raw_to_rect_color_relay http://127.0.0.1:42601/
[rosmaster.master][INFO] 2025-11-09 13:53:04,409: -SUB [/place/status] /play_motion http://127.0.0.1:43311/
[rosmaster.master][INFO] 2025-11-09 13:53:04,410: -PUB [/rosout] /twist_marker http://127.0.0.1:34509/
[rosmaster.master][INFO] 2025-11-09 13:53:04,410: -PUB [/move_group/ompl/parameter_updates] /move_group http://127.0.0.1:44663/
[rosmaster.master][INFO] 2025-11-09 13:53:04,411: -PUB [/twist_marker] /twist_marker http://127.0.0.1:34509/
[rosmaster.master][INFO] 2025-11-09 13:53:04,411: -SUB [/clock] /twist_marker http://127.0.0.1:34509/
[rosmaster.master][INFO] 2025-11-09 13:53:04,449: -PUB [/move_group/display_planned_path] /move_group http://127.0.0.1:44663/
[rosmaster.master][INFO] 2025-11-09 13:53:04,449: -SUB [/mobile_base_controller/cmd_vel] /twist_marker http://127.0.0.1:34509/
[rosmaster.master][INFO] 2025-11-09 13:53:04,455: -SERVICE [/twist_marker/get_loggers] /twist_marker rosrpc://127.0.0.1:53185
[rosmaster.master][INFO] 2025-11-09 13:53:04,463: -SERVICE [/twist_marker/set_logger_level] /twist_marker rosrpc://127.0.0.1:53185
[rosmaster.master][INFO] 2025-11-09 13:53:04,463: -PUB [/move_group/display_contacts] /move_group http://127.0.0.1:44663/
[rosmaster.master][INFO] 2025-11-09 13:53:04,464: -PUB [/arm_controller/follow_joint_trajectory/goal] /move_group http://127.0.0.1:44663/
[rosmaster.master][INFO] 2025-11-09 13:53:04,465: -PUB [/arm_controller/follow_joint_trajectory/cancel] /move_group http://127.0.0.1:44663/
[rosmaster.master][INFO] 2025-11-09 13:53:04,465: -CACHEDPARAM [/rosout_disable_topics_generation] by /twist_marker
[rosmaster.master][INFO] 2025-11-09 13:53:04,466: -PUB [/torso_controller/follow_joint_trajectory/goal] /move_group http://127.0.0.1:44663/
[rosmaster.master][INFO] 2025-11-09 13:53:04,468: -PUB [/xtion/rgb/image_rect_color] /image_raw_to_rect_color_relay http://127.0.0.1:42601/
[rosmaster.master][INFO] 2025-11-09 13:53:04,473: -PUB [/rosout] /robot_state_publisher http://127.0.0.1:42501/
[rosmaster.master][INFO] 2025-11-09 13:53:04,473: +PUB [/xtion/rgb/image_rect_color] /image_raw_to_rect_color_relay http://127.0.0.1:41529/
[rosmaster.master][INFO] 2025-11-09 13:53:04,503: -SUB [/clock] /image_raw_to_rect_color_relay http://127.0.0.1:42601/
[rosmaster.master][INFO] 2025-11-09 13:53:04,504: -PUB [/torso_controller/follow_joint_trajectory/cancel] /move_group http://127.0.0.1:44663/
[rosmaster.master][INFO] 2025-11-09 13:53:04,505: -PUB [/head_controller/follow_joint_trajectory/goal] /move_group http://127.0.0.1:44663/
[rosmaster.master][INFO] 2025-11-09 13:53:04,506: -PUB [/head_controller/follow_joint_trajectory/cancel] /move_group http://127.0.0.1:44663/
[rosmaster.master][INFO] 2025-11-09 13:53:04,506: -SUB [/place/feedback] /play_motion http://127.0.0.1:43311/
[rosmaster.master][INFO] 2025-11-09 13:53:04,507: -SUB [/place/result] /play_motion http://127.0.0.1:43311/
[rosmaster.master][INFO] 2025-11-09 13:53:04,508: +PUB [/rosout] /throttle_filtering_points http://127.0.0.1:34139/
[rosmaster.master][INFO] 2025-11-09 13:53:04,508: -SUB [/xtion/rgb/image_raw] /image_raw_to_rect_color_relay http://127.0.0.1:42601/
[rosmaster.master][INFO] 2025-11-09 13:53:04,509: -SERVICE [/image_raw_to_rect_color_relay/get_loggers] /image_raw_to_rect_color_relay rosrpc://127.0.0.1:40627
[rosmaster.master][INFO] 2025-11-09 13:53:04,511: +SUB [/stop_closing_loop] /twist_mux http://127.0.0.1:45539/
[rosmaster.master][INFO] 2025-11-09 13:53:04,512: -PUB [/tf] /robot_state_publisher http://127.0.0.1:42501/
[rosmaster.master][INFO] 2025-11-09 13:53:04,546: +CACHEDPARAM [/rosout_disable_topics_generation] by /image_raw_to_rect_color_relay
[rosmaster.master][INFO] 2025-11-09 13:53:04,549: +SERVICE [/throttle_filtering_points/get_loggers] /throttle_filtering_points http://127.0.0.1:34139/
[rosmaster.master][INFO] 2025-11-09 13:53:04,550: publisherUpdate[/rosout] -> http://127.0.0.1:38111/ ['http://127.0.0.1:45501/', 'http://127.0.0.1:36459/', 'http://127.0.0.1:42031/', 'http://127.0.0.1:34295/', 'http://127.0.0.1:35215/', 'http://127.0.0.1:36161/', 'http://127.0.0.1:41009/', 'http://127.0.0.1:34171/', 'http://127.0.0.1:39981/', 'http://127.0.0.1:37559/', 'http://127.0.0.1:42535/', 'http://127.0.0.1:43989/', 'http://127.0.0.1:45539/', 'http://127.0.0.1:45757/', 'http://127.0.0.1:37609/', 'http://127.0.0.1:41529/', 'http://127.0.0.1:34139/']
[rosmaster.master][INFO] 2025-11-09 13:53:04,551: -SERVICE [/image_raw_to_rect_color_relay/set_logger_level] /image_raw_to_rect_color_relay rosrpc://127.0.0.1:40627
[rosmaster.master][INFO] 2025-11-09 13:53:04,551: +SUB [/joy_priority] /twist_mux http://127.0.0.1:45539/
[rosmaster.master][INFO] 2025-11-09 13:53:04,552: -PUB [/tf_static] /robot_state_publisher http://127.0.0.1:42501/
[rosmaster.master][INFO] 2025-11-09 13:53:04,553: +PUB [/mobile_base_controller/cmd_vel] /twist_mux http://127.0.0.1:45539/
[rosmaster.master][INFO] 2025-11-09 13:53:04,554: +PUB [/diagnostics] /twist_mux http://127.0.0.1:45539/
[rosmaster.master][INFO] 2025-11-09 13:53:04,555: publisherUpdate[/rosout] -> http://127.0.0.1:38111/ ['http://127.0.0.1:45501/', 'http://127.0.0.1:36459/', 'http://127.0.0.1:42031/', 'http://127.0.0.1:34295/', 'http://127.0.0.1:35215/', 'http://127.0.0.1:36161/', 'http://127.0.0.1:41009/', 'http://127.0.0.1:34171/', 'http://127.0.0.1:39981/', 'http://127.0.0.1:37559/', 'http://127.0.0.1:42535/', 'http://127.0.0.1:43989/', 'http://127.0.0.1:45539/', 'http://127.0.0.1:45757/', 'http://127.0.0.1:37609/', 'http://127.0.0.1:41529/', 'http://127.0.0.1:34139/']: sec=0.01, result=[1, '', 0]
[rosmaster.master][INFO] 2025-11-09 13:53:04,555: publisherUpdate[/mobile_base_controller/cmd_vel] -> http://127.0.0.1:36161/ ['http://127.0.0.1:45539/']
[rosmaster.master][INFO] 2025-11-09 13:53:04,556: -SUB [/execute_trajectory/status] /play_motion http://127.0.0.1:43311/
[rosmaster.master][INFO] 2025-11-09 13:53:04,556: -CACHEDPARAM [/rosout_disable_topics_generation] by /image_raw_to_rect_color_relay
[rosmaster.master][INFO] 2025-11-09 13:53:04,557: -SUB [/clock] /robot_state_publisher http://127.0.0.1:42501/
[rosmaster.master][INFO] 2025-11-09 13:53:04,558: -SUB [/joint_states] /robot_state_publisher http://127.0.0.1:42501/
[rosmaster.master][INFO] 2025-11-09 13:53:04,559: -SERVICE [/robot_state_publisher/get_loggers] /robot_state_publisher rosrpc://127.0.0.1:53859
[rosmaster.master][INFO] 2025-11-09 13:53:04,561: -SERVICE [/robot_state_publisher/set_logger_level] /robot_state_publisher rosrpc://127.0.0.1:53859
[rosmaster.master][INFO] 2025-11-09 13:53:04,561: +CACHEDPARAM [/twist_mux/diagnostic_period] by /twist_mux
[rosmaster.master][INFO] 2025-11-09 13:53:04,564: -CACHEDPARAM [/rosout_disable_topics_generation] by /robot_state_publisher
[rosmaster.master][INFO] 2025-11-09 13:53:04,564: -SUB [/execute_trajectory/feedback] /play_motion http://127.0.0.1:43311/
[rosmaster.master][INFO] 2025-11-09 13:53:04,565: -PUB [/hand_controller/follow_joint_trajectory/goal] /move_group http://127.0.0.1:44663/
[rosmaster.master][INFO] 2025-11-09 13:53:04,565: +SERVICE [/throttle_filtering_points/set_logger_level] /throttle_filtering_points http://127.0.0.1:34139/
[rosmaster.master][INFO] 2025-11-09 13:53:04,567: -SUB [/execute_trajectory/result] /play_motion http://127.0.0.1:43311/
[rosmaster.master][INFO] 2025-11-09 13:53:04,568: -PUB [/hand_controller/follow_joint_trajectory/cancel] /move_group http://127.0.0.1:44663/
[rosmaster.master][INFO] 2025-11-09 13:53:04,569: -PUB [/move_group/trajectory_execution/parameter_descriptions] /move_group http://127.0.0.1:44663/
[rosmaster.master][INFO] 2025-11-09 13:53:04,570: -PUB [/move_group/trajectory_execution/parameter_updates] /move_group http://127.0.0.1:44663/
[rosmaster.master][INFO] 2025-11-09 13:53:04,571: -SUB [/play_motion/goal] /play_motion http://127.0.0.1:43311/
[rosmaster.master][INFO] 2025-11-09 13:53:04,573: -SUB [/play_motion/cancel] /play_motion http://127.0.0.1:43311/
[rosmaster.master][INFO] 2025-11-09 13:53:04,573: -PUB [/move_group/plan_execution/parameter_descriptions] /move_group http://127.0.0.1:44663/
[rosmaster.master][INFO] 2025-11-09 13:53:04,580: -SUB [/arm_controller/follow_joint_trajectory/status] /play_motion http://127.0.0.1:43311/
[rosmaster.master][INFO] 2025-11-09 13:53:04,584: -PUB [/move_group/plan_execution/parameter_updates] /move_group http://127.0.0.1:44663/
[rosmaster.master][INFO] 2025-11-09 13:53:04,585: -PUB [/move_group/sense_for_plan/parameter_descriptions] /move_group http://127.0.0.1:44663/
[rosmaster.master][INFO] 2025-11-09 13:53:04,586: -SUB [/arm_controller/follow_joint_trajectory/feedback] /play_motion http://127.0.0.1:43311/
[rosmaster.master][INFO] 2025-11-09 13:53:04,587: +SUB [/clock] /throttle_filtering_points http://127.0.0.1:34139/
[rosmaster.master][INFO] 2025-11-09 13:53:04,587: -PUB [/move_group/sense_for_plan/parameter_updates] /move_group http://127.0.0.1:44663/
[rosmaster.master][INFO] 2025-11-09 13:53:04,588: publisherUpdate[/mobile_base_controller/cmd_vel] -> http://127.0.0.1:36161/ ['http://127.0.0.1:45539/']: sec=0.03, result=[1, '', 0]
[rosmaster.master][INFO] 2025-11-09 13:53:04,588: -SUB [/arm_controller/follow_joint_trajectory/result] /play_motion http://127.0.0.1:43311/
[rosmaster.master][INFO] 2025-11-09 13:53:04,589: -PUB [/execute_trajectory/result] /move_group http://127.0.0.1:44663/
[rosmaster.master][INFO] 2025-11-09 13:53:04,590: -SUB [/hand_controller/follow_joint_trajectory/status] /play_motion http://127.0.0.1:43311/
[rosmaster.master][INFO] 2025-11-09 13:53:04,590: -PUB [/execute_trajectory/feedback] /move_group http://127.0.0.1:44663/
[rosmaster.master][INFO] 2025-11-09 13:53:04,595: -SUB [/hand_controller/follow_joint_trajectory/feedback] /play_motion http://127.0.0.1:43311/
[rosmaster.master][INFO] 2025-11-09 13:53:04,595: -PUB [/execute_trajectory/status] /move_group http://127.0.0.1:44663/
[rosmaster.master][INFO] 2025-11-09 13:53:04,596: -SUB [/hand_controller/follow_joint_trajectory/result] /play_motion http://127.0.0.1:43311/
[rosmaster.master][INFO] 2025-11-09 13:53:04,597: -PUB [/move_group/result] /move_group http://127.0.0.1:44663/
[rosmaster.master][INFO] 2025-11-09 13:53:04,600: -PUB [/move_group/feedback] /move_group http://127.0.0.1:44663/
[rosmaster.master][INFO] 2025-11-09 13:53:04,601: -PUB [/move_group/status] /move_group http://127.0.0.1:44663/
[rosmaster.master][INFO] 2025-11-09 13:53:04,601: -SUB [/head_controller/follow_joint_trajectory/status] /play_motion http://127.0.0.1:43311/
[rosmaster.master][INFO] 2025-11-09 13:53:04,602: -SUB [/head_controller/follow_joint_trajectory/feedback] /play_motion http://127.0.0.1:43311/
[rosmaster.master][INFO] 2025-11-09 13:53:04,603: -PUB [/pickup/result] /move_group http://127.0.0.1:44663/
[rosmaster.master][INFO] 2025-11-09 13:53:04,603: -SUB [/head_controller/follow_joint_trajectory/result] /play_motion http://127.0.0.1:43311/
[rosmaster.master][INFO] 2025-11-09 13:53:04,633: -SUB [/torso_controller/follow_joint_trajectory/status] /play_motion http://127.0.0.1:43311/
[rosmaster.master][INFO] 2025-11-09 13:53:04,633: -PUB [/pickup/feedback] /move_group http://127.0.0.1:44663/
[rosmaster.master][INFO] 2025-11-09 13:53:04,638: -SUB [/torso_controller/follow_joint_trajectory/feedback] /play_motion http://127.0.0.1:43311/
[rosmaster.master][INFO] 2025-11-09 13:53:04,639: -SUB [/torso_controller/follow_joint_trajectory/result] /play_motion http://127.0.0.1:43311/
[rosmaster.master][INFO] 2025-11-09 13:53:04,640: -SERVICE [/play_motion/get_loggers] /play_motion rosrpc://127.0.0.1:42445
[rosmaster.master][INFO] 2025-11-09 13:53:04,641: -SERVICE [/play_motion/set_logger_level] /play_motion rosrpc://127.0.0.1:42445
[rosmaster.master][INFO] 2025-11-09 13:53:04,642: -PUB [/pickup/status] /move_group http://127.0.0.1:44663/
[rosmaster.master][INFO] 2025-11-09 13:53:04,644: -SERVICE [/play_motion/list_motions] /play_motion rosrpc://127.0.0.1:42445
[rosmaster.master][INFO] 2025-11-09 13:53:04,645: -PUB [/place/result] /move_group http://127.0.0.1:44663/
[rosmaster.master][INFO] 2025-11-09 13:53:04,646: -PUB [/place/feedback] /move_group http://127.0.0.1:44663/
[rosmaster.master][INFO] 2025-11-09 13:53:04,647: -CACHEDPARAM [/play_motion/motions/home] by /play_motion
[rosmaster.master][INFO] 2025-11-09 13:53:04,648: -PUB [/place/status] /move_group http://127.0.0.1:44663/
[rosmaster.master][INFO] 2025-11-09 13:53:04,649: -CACHEDPARAM [/rosout_disable_topics_generation] by /play_motion
[rosmaster.master][INFO] 2025-11-09 13:53:04,650: -SUB [/clock] /move_group http://127.0.0.1:44663/
[rosmaster.master][INFO] 2025-11-09 13:53:04,651: -SUB [/tf] /move_group http://127.0.0.1:44663/
[rosmaster.master][INFO] 2025-11-09 13:53:04,652: -SUB [/tf_static] /move_group http://127.0.0.1:44663/
[rosmaster.master][INFO] 2025-11-09 13:53:04,653: -SUB [/joint_states] /move_group http://127.0.0.1:44663/
[rosmaster.master][INFO] 2025-11-09 13:53:04,654: -SUB [/attached_collision_object] /move_group http://127.0.0.1:44663/
[rosmaster.master][INFO] 2025-11-09 13:53:04,654: -SUB [/planning_scene] /move_group http://127.0.0.1:44663/
[rosmaster.master][INFO] 2025-11-09 13:53:04,655: -SUB [/collision_object] /move_group http://127.0.0.1:44663/
[rosmaster.master][INFO] 2025-11-09 13:53:04,660: +PUB [/rosout] /xtion/rgb/image_proc http://127.0.0.1:36479/
[rosmaster.master][INFO] 2025-11-09 13:53:04,661: -SUB [/planning_scene_world] /move_group http://127.0.0.1:44663/
[rosmaster.master][INFO] 2025-11-09 13:53:04,661: -PUB [/rosout] /throttle_filtering_points http://127.0.0.1:43281/
[rosmaster.master][INFO] 2025-11-09 13:53:04,663: +SERVICE [/xtion/rgb/image_proc/get_loggers] /xtion/rgb/image_proc http://127.0.0.1:36479/
[rosmaster.master][INFO] 2025-11-09 13:53:04,664: +SERVICE [/xtion/rgb/image_proc/set_logger_level] /xtion/rgb/image_proc http://127.0.0.1:36479/
[rosmaster.master][INFO] 2025-11-09 13:53:04,665: -SUB [/arm_controller/follow_joint_trajectory/status] /move_group http://127.0.0.1:44663/
[rosmaster.master][INFO] 2025-11-09 13:53:04,667: -SUB [/arm_controller/follow_joint_trajectory/feedback] /move_group http://127.0.0.1:44663/
[rosmaster.master][INFO] 2025-11-09 13:53:04,670: -SUB [/arm_controller/follow_joint_trajectory/result] /move_group http://127.0.0.1:44663/
[rosmaster.master][INFO] 2025-11-09 13:53:04,672: -PUB [/throttle_filtering_points/parameter_descriptions] /throttle_filtering_points http://127.0.0.1:43281/
[rosmaster.master][INFO] 2025-11-09 13:53:04,675: -SUB [/torso_controller/follow_joint_trajectory/status] /move_group http://127.0.0.1:44663/
[rosmaster.master][INFO] 2025-11-09 13:53:04,678: -SUB [/torso_controller/follow_joint_trajectory/feedback] /move_group http://127.0.0.1:44663/
[rosmaster.master][INFO] 2025-11-09 13:53:04,678: -PUB [/throttle_filtering_points/parameter_updates] /throttle_filtering_points http://127.0.0.1:43281/
[rosmaster.master][INFO] 2025-11-09 13:53:04,679: -PUB [/throttle_filtering_points/filtered_points] /throttle_filtering_points http://127.0.0.1:43281/
[rosmaster.master][INFO] 2025-11-09 13:53:04,681: -SUB [/clock] /throttle_filtering_points http://127.0.0.1:43281/
[rosmaster.master][INFO] 2025-11-09 13:53:04,682: -SUB [/torso_controller/follow_joint_trajectory/result] /move_group http://127.0.0.1:44663/
[rosmaster.master][INFO] 2025-11-09 13:53:04,683: -SERVICE [/throttle_filtering_points/get_loggers] /throttle_filtering_points rosrpc://127.0.0.1:58949
[rosmaster.master][INFO] 2025-11-09 13:53:04,684: -SUB [/head_controller/follow_joint_trajectory/status] /move_group http://127.0.0.1:44663/
[rosmaster.master][INFO] 2025-11-09 13:53:04,685: -SERVICE [/throttle_filtering_points/set_logger_level] /throttle_filtering_points rosrpc://127.0.0.1:58949
[rosmaster.master][INFO] 2025-11-09 13:53:04,687: -SERVICE [/throttle_filtering_points/set_parameters] /throttle_filtering_points rosrpc://127.0.0.1:58949
[rosmaster.master][INFO] 2025-11-09 13:53:04,690: +SUB [/clock] /xtion/rgb/image_proc http://127.0.0.1:36479/
[rosmaster.master][INFO] 2025-11-09 13:53:04,693: publisherUpdate[/rosout] -> http://127.0.0.1:38111/ ['http://127.0.0.1:36459/', 'http://127.0.0.1:42031/', 'http://127.0.0.1:34295/', 'http://127.0.0.1:35215/', 'http://127.0.0.1:36161/', 'http://127.0.0.1:41009/', 'http://127.0.0.1:34171/', 'http://127.0.0.1:39981/', 'http://127.0.0.1:37559/', 'http://127.0.0.1:42535/', 'http://127.0.0.1:43989/', 'http://127.0.0.1:45539/', 'http://127.0.0.1:45757/', 'http://127.0.0.1:37609/', 'http://127.0.0.1:41529/', 'http://127.0.0.1:34139/', 'http://127.0.0.1:36479/']
[rosmaster.master][INFO] 2025-11-09 13:53:04,693: -SUB [/head_controller/follow_joint_trajectory/feedback] /move_group http://127.0.0.1:44663/
[rosmaster.master][INFO] 2025-11-09 13:53:04,695: -SUB [/head_controller/follow_joint_trajectory/result] /move_group http://127.0.0.1:44663/
[rosmaster.master][INFO] 2025-11-09 13:53:04,699: -CACHEDPARAM [/rosout_disable_topics_generation] by /throttle_filtering_points
[rosmaster.master][INFO] 2025-11-09 13:53:04,698: publisherUpdate[/rosout] -> http://127.0.0.1:38111/ ['http://127.0.0.1:36459/', 'http://127.0.0.1:42031/', 'http://127.0.0.1:34295/', 'http://127.0.0.1:35215/', 'http://127.0.0.1:36161/', 'http://127.0.0.1:41009/', 'http://127.0.0.1:34171/', 'http://127.0.0.1:39981/', 'http://127.0.0.1:37559/', 'http://127.0.0.1:42535/', 'http://127.0.0.1:43989/', 'http://127.0.0.1:45539/', 'http://127.0.0.1:45757/', 'http://127.0.0.1:37609/', 'http://127.0.0.1:41529/', 'http://127.0.0.1:34139/', 'http://127.0.0.1:36479/']: sec=0.00, result=[1, '', 0]
[rosmaster.master][INFO] 2025-11-09 13:53:04,701: -SUB [/hand_controller/follow_joint_trajectory/status] /move_group http://127.0.0.1:44663/
[rosmaster.master][INFO] 2025-11-09 13:53:04,730: -SUB [/hand_controller/follow_joint_trajectory/feedback] /move_group http://127.0.0.1:44663/
[rosmaster.master][INFO] 2025-11-09 13:53:04,732: -SUB [/hand_controller/follow_joint_trajectory/result] /move_group http://127.0.0.1:44663/
[rosmaster.master][INFO] 2025-11-09 13:53:04,732: -SUB [/trajectory_execution_event] /move_group http://127.0.0.1:44663/
[rosmaster.master][INFO] 2025-11-09 13:53:04,733: -SUB [/execute_trajectory/goal] /move_group http://127.0.0.1:44663/
[rosmaster.master][INFO] 2025-11-09 13:53:04,734: -SUB [/execute_trajectory/cancel] /move_group http://127.0.0.1:44663/
[rosmaster.master][INFO] 2025-11-09 13:53:04,735: -SUB [/move_group/goal] /move_group http://127.0.0.1:44663/
[rosmaster.master][INFO] 2025-11-09 13:53:04,735: -SUB [/move_group/cancel] /move_group http://127.0.0.1:44663/
[rosmaster.master][INFO] 2025-11-09 13:53:04,736: -SUB [/pickup/goal] /move_group http://127.0.0.1:44663/
[rosmaster.master][INFO] 2025-11-09 13:53:04,736: -SUB [/pickup/cancel] /move_group http://127.0.0.1:44663/
[rosmaster.master][INFO] 2025-11-09 13:53:04,737: -SUB [/place/goal] /move_group http://127.0.0.1:44663/
[rosmaster.master][INFO] 2025-11-09 13:53:04,738: -SUB [/place/cancel] /move_group http://127.0.0.1:44663/
[rosmaster.master][INFO] 2025-11-09 13:53:04,738: -SERVICE [/move_group/get_loggers] /move_group rosrpc://127.0.0.1:45211
[rosmaster.master][INFO] 2025-11-09 13:53:04,739: -SERVICE [/move_group/set_logger_level] /move_group rosrpc://127.0.0.1:45211
[rosmaster.master][INFO] 2025-11-09 13:53:04,739: -SERVICE [/move_group/planning_scene_monitor/set_parameters] /move_group rosrpc://127.0.0.1:45211
[rosmaster.master][INFO] 2025-11-09 13:53:04,740: -SERVICE [/move_group/save_map] /move_group rosrpc://127.0.0.1:45211
[rosmaster.master][INFO] 2025-11-09 13:53:04,740: -SERVICE [/move_group/load_map] /move_group rosrpc://127.0.0.1:45211
[rosmaster.master][INFO] 2025-11-09 13:53:04,741: -SERVICE [/move_group/ompl/set_parameters] /move_group rosrpc://127.0.0.1:45211
[rosmaster.master][INFO] 2025-11-09 13:53:04,741: -SERVICE [/move_group/trajectory_execution/set_parameters] /move_group rosrpc://127.0.0.1:45211
[rosmaster.master][INFO] 2025-11-09 13:53:04,742: -SERVICE [/move_group/plan_execution/set_parameters] /move_group rosrpc://127.0.0.1:45211
[rosmaster.master][INFO] 2025-11-09 13:53:04,743: -SERVICE [/move_group/sense_for_plan/set_parameters] /move_group rosrpc://127.0.0.1:45211
[rosmaster.master][INFO] 2025-11-09 13:53:04,743: -SERVICE [/apply_planning_scene] /move_group rosrpc://127.0.0.1:45211
[rosmaster.master][INFO] 2025-11-09 13:53:04,744: -SERVICE [/load_move_group_capabilities] /move_group rosrpc://127.0.0.1:45211
[rosmaster.master][INFO] 2025-11-09 13:53:04,744: -SERVICE [/clear_octomap] /move_group rosrpc://127.0.0.1:45211
[rosmaster.master][INFO] 2025-11-09 13:53:04,745: -SERVICE [/compute_cartesian_path] /move_group rosrpc://127.0.0.1:45211
[rosmaster.master][INFO] 2025-11-09 13:53:04,745: -SERVICE [/get_planning_scene] /move_group rosrpc://127.0.0.1:45211
[rosmaster.master][INFO] 2025-11-09 13:53:04,746: -SERVICE [/compute_fk] /move_group rosrpc://127.0.0.1:45211
[rosmaster.master][INFO] 2025-11-09 13:53:04,747: -SERVICE [/compute_ik] /move_group rosrpc://127.0.0.1:45211
[rosmaster.master][INFO] 2025-11-09 13:53:04,747: -SERVICE [/plan_kinematic_path] /move_group rosrpc://127.0.0.1:45211
[rosmaster.master][INFO] 2025-11-09 13:53:04,748: -SERVICE [/query_planner_interface] /move_group rosrpc://127.0.0.1:45211
[rosmaster.master][INFO] 2025-11-09 13:53:04,748: -SERVICE [/get_planner_params] /move_group rosrpc://127.0.0.1:45211
[rosmaster.master][INFO] 2025-11-09 13:53:04,749: -SERVICE [/set_planner_params] /move_group rosrpc://127.0.0.1:45211
[rosmaster.master][INFO] 2025-11-09 13:53:04,749: -SERVICE [/check_state_validity] /move_group rosrpc://127.0.0.1:45211
[rosmaster.master][INFO] 2025-11-09 13:53:04,750: -CACHEDPARAM [/rosout_disable_topics_generation] by /move_group
[rosmaster.master][INFO] 2025-11-09 13:53:04,773: +SERVICE [/throttle_filtering_points/set_parameters] /throttle_filtering_points http://127.0.0.1:34139/
[rosmaster.master][INFO] 2025-11-09 13:53:04,774: +PUB [/throttle_filtering_points/parameter_descriptions] /throttle_filtering_points http://127.0.0.1:34139/
[rosmaster.master][INFO] 2025-11-09 13:53:04,775: +PUB [/throttle_filtering_points/parameter_updates] /throttle_filtering_points http://127.0.0.1:34139/
[rosmaster.master][INFO] 2025-11-09 13:53:04,784: +PARAM [/throttle_filtering_points/throttle_node_rate] by /throttle_filtering_points
[rosmaster.master][INFO] 2025-11-09 13:53:04,786: +PARAM [/throttle_filtering_points/downsampling_size] by /throttle_filtering_points
[rosmaster.master][INFO] 2025-11-09 13:53:04,792: +CACHEDPARAM [/rosout_disable_topics_generation] by /throttle_filtering_points
[rosmaster.master][INFO] 2025-11-09 13:53:04,803: -PUB [/rosout] /xtion/rgb/image_proc http://127.0.0.1:45501/
[rosmaster.master][INFO] 2025-11-09 13:53:04,806: +PUB [/throttle_filtering_points/filtered_points] /throttle_filtering_points http://127.0.0.1:34139/
[rosmaster.master][INFO] 2025-11-09 13:53:04,807: -PUB [/xtion/rgb/image_proc_debayer/parameter_descriptions] /xtion/rgb/image_proc http://127.0.0.1:45501/
[rosmaster.master][INFO] 2025-11-09 13:53:04,808: +PARAM [/throttle_filtering_points/throttle_node_rate] by /throttle_filtering_points
[rosmaster.master][INFO] 2025-11-09 13:53:04,809: -PUB [/xtion/rgb/image_proc_debayer/parameter_updates] /xtion/rgb/image_proc http://127.0.0.1:45501/
[rosmaster.master][INFO] 2025-11-09 13:53:04,809: -PUB [/xtion/rgb/image_mono/compressedDepth] /xtion/rgb/image_proc http://127.0.0.1:45501/
[rosmaster.master][INFO] 2025-11-09 13:53:04,810: +PARAM [/throttle_filtering_points/downsampling_size] by /throttle_filtering_points
[rosmaster.master][INFO] 2025-11-09 13:53:04,811: -PUB [/xtion/rgb/image_mono/compressedDepth/parameter_descriptions] /xtion/rgb/image_proc http://127.0.0.1:45501/
[rosmaster.master][INFO] 2025-11-09 13:53:04,811: -PUB [/xtion/rgb/image_mono/compressedDepth/parameter_updates] /xtion/rgb/image_proc http://127.0.0.1:45501/
[rosmaster.master][INFO] 2025-11-09 13:53:04,812: -PUB [/xtion/rgb/image_mono/compressed] /xtion/rgb/image_proc http://127.0.0.1:45501/
[rosmaster.master][INFO] 2025-11-09 13:53:04,813: -PUB [/xtion/rgb/image_mono/compressed/parameter_descriptions] /xtion/rgb/image_proc http://127.0.0.1:45501/
[rosmaster.master][INFO] 2025-11-09 13:53:04,818: -PUB [/xtion/rgb/image_mono/compressed/parameter_updates] /xtion/rgb/image_proc http://127.0.0.1:45501/
[rosmaster.master][INFO] 2025-11-09 13:53:04,821: -PUB [/xtion/rgb/image_mono] /xtion/rgb/image_proc http://127.0.0.1:45501/
[rosmaster.master][INFO] 2025-11-09 13:53:04,828: -PUB [/xtion/rgb/image_mono/theora] /xtion/rgb/image_proc http://127.0.0.1:45501/
[rosmaster.master][INFO] 2025-11-09 13:53:04,834: -PUB [/xtion/rgb/image_mono/theora/parameter_descriptions] /xtion/rgb/image_proc http://127.0.0.1:45501/
[rosmaster.master][INFO] 2025-11-09 13:53:04,837: -PUB [/xtion/rgb/image_mono/theora/parameter_updates] /xtion/rgb/image_proc http://127.0.0.1:45501/
[rosmaster.master][INFO] 2025-11-09 13:53:04,844: -PUB [/xtion/rgb/image_color/compressedDepth] /xtion/rgb/image_proc http://127.0.0.1:45501/
[rosmaster.master][INFO] 2025-11-09 13:53:04,847: -PUB [/xtion/rgb/image_color/compressedDepth/parameter_descriptions] /xtion/rgb/image_proc http://127.0.0.1:45501/
[rosmaster.master][INFO] 2025-11-09 13:53:04,852: -PUB [/xtion/rgb/image_color/compressedDepth/parameter_updates] /xtion/rgb/image_proc http://127.0.0.1:45501/
[rosmaster.master][INFO] 2025-11-09 13:53:04,854: -PUB [/xtion/rgb/image_color/compressed] /xtion/rgb/image_proc http://127.0.0.1:45501/
[rosmaster.master][INFO] 2025-11-09 13:53:04,861: -PUB [/xtion/rgb/image_color/compressed/parameter_descriptions] /xtion/rgb/image_proc http://127.0.0.1:45501/
[rosmaster.master][INFO] 2025-11-09 13:53:04,863: -PUB [/xtion/rgb/image_color/compressed/parameter_updates] /xtion/rgb/image_proc http://127.0.0.1:45501/
[rosmaster.master][INFO] 2025-11-09 13:53:04,866: -PUB [/xtion/rgb/image_color] /xtion/rgb/image_proc http://127.0.0.1:45501/
[rosmaster.master][INFO] 2025-11-09 13:53:04,868: -PUB [/xtion/rgb/image_color/theora] /xtion/rgb/image_proc http://127.0.0.1:45501/
[rosmaster.master][INFO] 2025-11-09 13:53:04,870: -PUB [/xtion/rgb/image_color/theora/parameter_descriptions] /xtion/rgb/image_proc http://127.0.0.1:45501/
[rosmaster.master][INFO] 2025-11-09 13:53:04,877: -PUB [/xtion/rgb/image_color/theora/parameter_updates] /xtion/rgb/image_proc http://127.0.0.1:45501/
[rosmaster.master][INFO] 2025-11-09 13:53:04,877: -PUB [/xtion/rgb/image_proc_rectify_mono/parameter_descriptions] /xtion/rgb/image_proc http://127.0.0.1:45501/
[rosmaster.master][INFO] 2025-11-09 13:53:04,880: -PUB [/xtion/rgb/image_proc_rectify_mono/parameter_updates] /xtion/rgb/image_proc http://127.0.0.1:45501/
[rosmaster.master][INFO] 2025-11-09 13:53:04,883: -PUB [/xtion/rgb/image_rect/compressedDepth] /xtion/rgb/image_proc http://127.0.0.1:45501/
[rosmaster.master][INFO] 2025-11-09 13:53:04,888: -PUB [/xtion/rgb/image_rect/compressedDepth/parameter_descriptions] /xtion/rgb/image_proc http://127.0.0.1:45501/
[rosmaster.master][INFO] 2025-11-09 13:53:04,889: -PUB [/xtion/rgb/image_rect/compressedDepth/parameter_updates] /xtion/rgb/image_proc http://127.0.0.1:45501/
[rosmaster.master][INFO] 2025-11-09 13:53:04,891: -PUB [/xtion/rgb/image_rect/compressed] /xtion/rgb/image_proc http://127.0.0.1:45501/
[rosmaster.master][INFO] 2025-11-09 13:53:04,895: -PUB [/xtion/rgb/image_rect/compressed/parameter_descriptions] /xtion/rgb/image_proc http://127.0.0.1:45501/
[rosmaster.master][INFO] 2025-11-09 13:53:04,899: -PUB [/xtion/rgb/image_rect/compressed/parameter_updates] /xtion/rgb/image_proc http://127.0.0.1:45501/
[rosmaster.master][INFO] 2025-11-09 13:53:04,901: -PUB [/xtion/rgb/image_rect] /xtion/rgb/image_proc http://127.0.0.1:45501/
[rosmaster.master][INFO] 2025-11-09 13:53:04,904: -PUB [/xtion/rgb/image_rect/theora] /xtion/rgb/image_proc http://127.0.0.1:45501/
[rosmaster.master][INFO] 2025-11-09 13:53:04,908: -PUB [/xtion/rgb/image_rect/theora/parameter_descriptions] /xtion/rgb/image_proc http://127.0.0.1:45501/
[rosmaster.master][INFO] 2025-11-09 13:53:04,909: -PUB [/xtion/rgb/image_rect/theora/parameter_updates] /xtion/rgb/image_proc http://127.0.0.1:45501/
[rosmaster.master][INFO] 2025-11-09 13:53:04,913: -PUB [/xtion/rgb/image_proc_rectify_color/parameter_descriptions] /xtion/rgb/image_proc http://127.0.0.1:45501/
[rosmaster.master][INFO] 2025-11-09 13:53:04,916: -PUB [/xtion/rgb/image_proc_rectify_color/parameter_updates] /xtion/rgb/image_proc http://127.0.0.1:45501/
[rosmaster.master][INFO] 2025-11-09 13:53:04,917: -PUB [/xtion/rgb/image_rect_color/compressedDepth] /xtion/rgb/image_proc http://127.0.0.1:45501/
[rosmaster.master][INFO] 2025-11-09 13:53:04,920: -PUB [/xtion/rgb/image_rect_color/compressedDepth/parameter_descriptions] /xtion/rgb/image_proc http://127.0.0.1:45501/
[rosmaster.master][INFO] 2025-11-09 13:53:04,921: -PUB [/xtion/rgb/image_rect_color/compressedDepth/parameter_updates] /xtion/rgb/image_proc http://127.0.0.1:45501/
[rosmaster.master][INFO] 2025-11-09 13:53:04,922: -PUB [/xtion/rgb/image_rect_color/compressed] /xtion/rgb/image_proc http://127.0.0.1:45501/
[rosmaster.master][INFO] 2025-11-09 13:53:04,924: -PUB [/xtion/rgb/image_rect_color/compressed/parameter_descriptions] /xtion/rgb/image_proc http://127.0.0.1:45501/
[rosmaster.master][INFO] 2025-11-09 13:53:04,926: -PUB [/xtion/rgb/image_rect_color/compressed/parameter_updates] /xtion/rgb/image_proc http://127.0.0.1:45501/
[rosmaster.master][INFO] 2025-11-09 13:53:04,927: -PUB [/xtion/rgb/image_rect_color] /xtion/rgb/image_proc http://127.0.0.1:45501/
[rosmaster.master][INFO] 2025-11-09 13:53:04,928: -PUB [/xtion/rgb/image_rect_color/theora] /xtion/rgb/image_proc http://127.0.0.1:45501/
[rosmaster.master][INFO] 2025-11-09 13:53:04,930: -PUB [/xtion/rgb/image_rect_color/theora/parameter_descriptions] /xtion/rgb/image_proc http://127.0.0.1:45501/
[rosmaster.master][INFO] 2025-11-09 13:53:04,932: -PUB [/xtion/rgb/image_rect_color/theora/parameter_updates] /xtion/rgb/image_proc http://127.0.0.1:45501/
[rosmaster.master][INFO] 2025-11-09 13:53:04,934: -SUB [/clock] /xtion/rgb/image_proc http://127.0.0.1:45501/
[rosmaster.master][INFO] 2025-11-09 13:53:04,936: -SERVICE [/xtion/rgb/image_proc/get_loggers] /xtion/rgb/image_proc rosrpc://127.0.0.1:49477
[rosmaster.master][INFO] 2025-11-09 13:53:04,937: -SERVICE [/xtion/rgb/image_proc/set_logger_level] /xtion/rgb/image_proc rosrpc://127.0.0.1:49477
[rosmaster.master][INFO] 2025-11-09 13:53:04,939: -SERVICE [/xtion/rgb/image_proc_debayer/set_parameters] /xtion/rgb/image_proc rosrpc://127.0.0.1:49477
[rosmaster.master][INFO] 2025-11-09 13:53:04,941: -SERVICE [/xtion/rgb/image_mono/compressedDepth/set_parameters] /xtion/rgb/image_proc rosrpc://127.0.0.1:49477
[rosmaster.master][INFO] 2025-11-09 13:53:04,944: -SERVICE [/xtion/rgb/image_mono/compressed/set_parameters] /xtion/rgb/image_proc rosrpc://127.0.0.1:49477
[rosmaster.master][INFO] 2025-11-09 13:53:04,945: -SERVICE [/xtion/rgb/image_mono/theora/set_parameters] /xtion/rgb/image_proc rosrpc://127.0.0.1:49477
[rosmaster.master][INFO] 2025-11-09 13:53:04,948: -SERVICE [/xtion/rgb/image_color/compressedDepth/set_parameters] /xtion/rgb/image_proc rosrpc://127.0.0.1:49477
[rosmaster.master][INFO] 2025-11-09 13:53:04,952: -SERVICE [/xtion/rgb/image_color/compressed/set_parameters] /xtion/rgb/image_proc rosrpc://127.0.0.1:49477
[rosmaster.master][INFO] 2025-11-09 13:53:04,954: -SERVICE [/xtion/rgb/image_color/theora/set_parameters] /xtion/rgb/image_proc rosrpc://127.0.0.1:49477
[rosmaster.master][INFO] 2025-11-09 13:53:04,955: -SERVICE [/xtion/rgb/image_proc_rectify_mono/set_parameters] /xtion/rgb/image_proc rosrpc://127.0.0.1:49477
[rosmaster.master][INFO] 2025-11-09 13:53:04,959: -SERVICE [/xtion/rgb/image_rect/compressedDepth/set_parameters] /xtion/rgb/image_proc rosrpc://127.0.0.1:49477
[rosmaster.master][INFO] 2025-11-09 13:53:04,961: -SERVICE [/xtion/rgb/image_rect/compressed/set_parameters] /xtion/rgb/image_proc rosrpc://127.0.0.1:49477
[rosmaster.master][INFO] 2025-11-09 13:53:04,964: -SERVICE [/xtion/rgb/image_rect/theora/set_parameters] /xtion/rgb/image_proc rosrpc://127.0.0.1:49477
[rosmaster.master][INFO] 2025-11-09 13:53:04,983: -SERVICE [/xtion/rgb/image_proc_rectify_color/set_parameters] /xtion/rgb/image_proc rosrpc://127.0.0.1:49477
[rosmaster.master][INFO] 2025-11-09 13:53:04,985: +PUB [/rosout] /joystick_relay http://127.0.0.1:40323/
[rosmaster.master][INFO] 2025-11-09 13:53:04,990: -SERVICE [/xtion/rgb/image_rect_color/compressedDepth/set_parameters] /xtion/rgb/image_proc rosrpc://127.0.0.1:49477
[rosmaster.master][INFO] 2025-11-09 13:53:04,993: -SERVICE [/xtion/rgb/image_rect_color/compressed/set_parameters] /xtion/rgb/image_proc rosrpc://127.0.0.1:49477
[rosmaster.master][INFO] 2025-11-09 13:53:05,002: -SERVICE [/xtion/rgb/image_rect_color/theora/set_parameters] /xtion/rgb/image_proc rosrpc://127.0.0.1:49477
[rosmaster.master][INFO] 2025-11-09 13:53:05,004: -CACHEDPARAM [/rosout_disable_topics_generation] by /xtion/rgb/image_proc
[rosmaster.master][INFO] 2025-11-09 13:53:05,011: publisherUpdate[/rosout] -> http://127.0.0.1:38111/ ['http://127.0.0.1:36459/', 'http://127.0.0.1:42031/', 'http://127.0.0.1:35215/', 'http://127.0.0.1:36161/', 'http://127.0.0.1:41009/', 'http://127.0.0.1:34171/', 'http://127.0.0.1:39981/', 'http://127.0.0.1:37559/', 'http://127.0.0.1:42535/', 'http://127.0.0.1:43989/', 'http://127.0.0.1:45539/', 'http://127.0.0.1:45757/', 'http://127.0.0.1:37609/', 'http://127.0.0.1:41529/', 'http://127.0.0.1:34139/', 'http://127.0.0.1:36479/', 'http://127.0.0.1:40323/']
[rosmaster.master][INFO] 2025-11-09 13:53:05,013: +SUB [/clock] /joystick_relay http://127.0.0.1:40323/
[rosmaster.master][INFO] 2025-11-09 13:53:05,016: +SERVICE [/xtion/rgb/image_proc_debayer/set_parameters] /xtion/rgb/image_proc http://127.0.0.1:36479/
[rosmaster.master][INFO] 2025-11-09 13:53:05,014: publisherUpdate[/rosout] -> http://127.0.0.1:38111/ ['http://127.0.0.1:36459/', 'http://127.0.0.1:42031/', 'http://127.0.0.1:35215/', 'http://127.0.0.1:36161/', 'http://127.0.0.1:41009/', 'http://127.0.0.1:34171/', 'http://127.0.0.1:39981/', 'http://127.0.0.1:37559/', 'http://127.0.0.1:42535/', 'http://127.0.0.1:43989/', 'http://127.0.0.1:45539/', 'http://127.0.0.1:45757/', 'http://127.0.0.1:37609/', 'http://127.0.0.1:41529/', 'http://127.0.0.1:34139/', 'http://127.0.0.1:36479/', 'http://127.0.0.1:40323/']: sec=0.00, result=[1, '', 0]
[rosmaster.master][INFO] 2025-11-09 13:53:05,035: +SERVICE [/joystick_relay/get_loggers] /joystick_relay http://127.0.0.1:40323/
[rosmaster.master][INFO] 2025-11-09 13:53:05,036: +PUB [/xtion/rgb/image_proc_debayer/parameter_descriptions] /xtion/rgb/image_proc http://127.0.0.1:36479/
[rosmaster.master][INFO] 2025-11-09 13:53:05,037: +PUB [/xtion/rgb/image_proc_debayer/parameter_updates] /xtion/rgb/image_proc http://127.0.0.1:36479/
[rosmaster.master][INFO] 2025-11-09 13:53:05,038: +SERVICE [/joystick_relay/set_logger_level] /joystick_relay http://127.0.0.1:40323/
[rosmaster.master][INFO] 2025-11-09 13:53:05,053: +PARAM [/xtion/rgb/image_proc_debayer/debayer] by /xtion/rgb/image_proc
[rosmaster.master][INFO] 2025-11-09 13:53:05,055: -SUB [/clock] /joystick_relay http://127.0.0.1:34295/
[rosmaster.master][INFO] 2025-11-09 13:53:05,056: -SUB [/input_joy/cmd_vel] /joystick_relay http://127.0.0.1:34295/
[rosmaster.master][INFO] 2025-11-09 13:53:05,056: -SUB [/joy_priority_action/goal] /joystick_relay http://127.0.0.1:34295/
[rosmaster.master][INFO] 2025-11-09 13:53:05,056: -SUB [/joy_priority_action/cancel] /joystick_relay http://127.0.0.1:34295/
[rosmaster.master][INFO] 2025-11-09 13:53:05,063: +PARAM [/xtion/rgb/image_proc_debayer/debayer] by /xtion/rgb/image_proc
[rosmaster.master][INFO] 2025-11-09 13:53:05,066: -SUB [/joy_turbo_increase/goal] /joystick_relay http://127.0.0.1:34295/
[rosmaster.master][INFO] 2025-11-09 13:53:05,066: -SUB [/joy_turbo_increase/cancel] /joystick_relay http://127.0.0.1:34295/
[rosmaster.master][INFO] 2025-11-09 13:53:05,066: -SUB [/joy_turbo_decrease/goal] /joystick_relay http://127.0.0.1:34295/
[rosmaster.master][INFO] 2025-11-09 13:53:05,066: -SUB [/joy_turbo_decrease/cancel] /joystick_relay http://127.0.0.1:34295/
[rosmaster.master][INFO] 2025-11-09 13:53:05,066: -SUB [/joy_turbo_angular_increase/goal] /joystick_relay http://127.0.0.1:34295/
[rosmaster.master][INFO] 2025-11-09 13:53:05,066: -SUB [/joy_turbo_angular_increase/cancel] /joystick_relay http://127.0.0.1:34295/
[rosmaster.master][INFO] 2025-11-09 13:53:05,066: -SUB [/joy_turbo_angular_decrease/goal] /joystick_relay http://127.0.0.1:34295/
[rosmaster.master][INFO] 2025-11-09 13:53:05,067: -SUB [/joy_turbo_angular_decrease/cancel] /joystick_relay http://127.0.0.1:34295/
[rosmaster.master][INFO] 2025-11-09 13:53:05,067: -SUB [/joy_turbo_reset/goal] /joystick_relay http://127.0.0.1:34295/
[rosmaster.master][INFO] 2025-11-09 13:53:05,068: -SUB [/joy_turbo_reset/cancel] /joystick_relay http://127.0.0.1:34295/
[rosmaster.master][INFO] 2025-11-09 13:53:05,068: -PUB [/rosout] /joystick_relay http://127.0.0.1:34295/
[rosmaster.master][INFO] 2025-11-09 13:53:05,068: -PUB [/text_marker] /joystick_relay http://127.0.0.1:34295/
[rosmaster.master][INFO] 2025-11-09 13:53:05,070: -PUB [/joy_vel] /joystick_relay http://127.0.0.1:34295/
[rosmaster.master][INFO] 2025-11-09 13:53:05,073: -PUB [/joy_priority] /joystick_relay http://127.0.0.1:34295/
[rosmaster.master][INFO] 2025-11-09 13:53:05,074: -PUB [/joy_priority_action/status] /joystick_relay http://127.0.0.1:34295/
[rosmaster.master][INFO] 2025-11-09 13:53:05,083: -PUB [/joy_priority_action/result] /joystick_relay http://127.0.0.1:34295/
[rosmaster.master][INFO] 2025-11-09 13:53:05,085: -PUB [/joy_priority_action/feedback] /joystick_relay http://127.0.0.1:34295/
[rosmaster.master][INFO] 2025-11-09 13:53:05,085: -PUB [/joy_turbo_increase/status] /joystick_relay http://127.0.0.1:34295/
[rosmaster.master][INFO] 2025-11-09 13:53:05,085: -PUB [/joy_turbo_increase/result] /joystick_relay http://127.0.0.1:34295/
[rosmaster.master][INFO] 2025-11-09 13:53:05,086: -PUB [/joy_turbo_increase/feedback] /joystick_relay http://127.0.0.1:34295/
[rosmaster.master][INFO] 2025-11-09 13:53:05,086: -PUB [/joy_turbo_decrease/status] /joystick_relay http://127.0.0.1:34295/
[rosmaster.master][INFO] 2025-11-09 13:53:05,086: -PUB [/joy_turbo_decrease/result] /joystick_relay http://127.0.0.1:34295/
[rosmaster.master][INFO] 2025-11-09 13:53:05,086: -PUB [/joy_turbo_decrease/feedback] /joystick_relay http://127.0.0.1:34295/
[rosmaster.master][INFO] 2025-11-09 13:53:05,086: -PUB [/joy_turbo_angular_increase/status] /joystick_relay http://127.0.0.1:34295/
[rosmaster.master][INFO] 2025-11-09 13:53:05,090: -PUB [/joy_turbo_angular_increase/result] /joystick_relay http://127.0.0.1:34295/
[rosmaster.master][INFO] 2025-11-09 13:53:05,091: -PUB [/joy_turbo_angular_increase/feedback] /joystick_relay http://127.0.0.1:34295/
[rosmaster.master][INFO] 2025-11-09 13:53:05,091: -PUB [/joy_turbo_angular_decrease/status] /joystick_relay http://127.0.0.1:34295/
[rosmaster.master][INFO] 2025-11-09 13:53:05,091: -PUB [/joy_turbo_angular_decrease/result] /joystick_relay http://127.0.0.1:34295/
[rosmaster.master][INFO] 2025-11-09 13:53:05,091: -PUB [/joy_turbo_angular_decrease/feedback] /joystick_relay http://127.0.0.1:34295/
[rosmaster.master][INFO] 2025-11-09 13:53:05,091: -PUB [/joy_turbo_reset/status] /joystick_relay http://127.0.0.1:34295/
[rosmaster.master][INFO] 2025-11-09 13:53:05,091: -PUB [/joy_turbo_reset/result] /joystick_relay http://127.0.0.1:34295/
[rosmaster.master][INFO] 2025-11-09 13:53:05,091: -PUB [/joy_turbo_reset/feedback] /joystick_relay http://127.0.0.1:34295/
[rosmaster.master][INFO] 2025-11-09 13:53:05,107: +PUB [/xtion/rgb/image_mono/compressedDepth] /xtion/rgb/image_proc http://127.0.0.1:36479/
[rosmaster.master][INFO] 2025-11-09 13:53:05,109: -SERVICE [/joystick_relay/get_loggers] /joystick_relay rosrpc://127.0.0.1:43831
[rosmaster.master][INFO] 2025-11-09 13:53:05,109: -SERVICE [/joystick_relay/set_logger_level] /joystick_relay rosrpc://127.0.0.1:43831
[rosmaster.master][INFO] 2025-11-09 13:53:05,111: +SERVICE [/xtion/rgb/image_mono/compressedDepth/set_parameters] /xtion/rgb/image_proc http://127.0.0.1:36479/
[rosmaster.master][INFO] 2025-11-09 13:53:05,113: +PUB [/text_marker] /joystick_relay http://127.0.0.1:40323/
[rosmaster.master][INFO] 2025-11-09 13:53:05,115: +PUB [/xtion/rgb/image_mono/compressedDepth/parameter_descriptions] /xtion/rgb/image_proc http://127.0.0.1:36479/
[rosmaster.master][INFO] 2025-11-09 13:53:05,116: +PUB [/joy_vel] /joystick_relay http://127.0.0.1:40323/
[rosmaster.master][INFO] 2025-11-09 13:53:05,119: publisherUpdate[/joy_vel] -> http://127.0.0.1:45539/ ['http://127.0.0.1:40323/']
[rosmaster.master][INFO] 2025-11-09 13:53:05,148: +SUB [/input_joy/cmd_vel] /joystick_relay http://127.0.0.1:40323/
[rosmaster.master][INFO] 2025-11-09 13:53:05,149: +PUB [/xtion/rgb/image_mono/compressedDepth/parameter_updates] /xtion/rgb/image_proc http://127.0.0.1:36479/
[rosmaster.master][INFO] 2025-11-09 13:53:05,153: +PUB [/joy_priority] /joystick_relay http://127.0.0.1:40323/
[rosmaster.master][INFO] 2025-11-09 13:53:05,163: +PARAM [/xtion/rgb/image_mono/compressedDepth/format] by /xtion/rgb/image_proc
[rosmaster.master][INFO] 2025-11-09 13:53:05,164: +PARAM [/xtion/rgb/image_mono/compressedDepth/depth_max] by /xtion/rgb/image_proc
[rosmaster.master][INFO] 2025-11-09 13:53:05,164: +PARAM [/xtion/rgb/image_mono/compressedDepth/depth_quantization] by /xtion/rgb/image_proc
[rosmaster.master][INFO] 2025-11-09 13:53:05,166: publisherUpdate[/joy_vel] -> http://127.0.0.1:45539/ ['http://127.0.0.1:40323/']: sec=0.05, result=[1, '', 0]
[rosmaster.master][INFO] 2025-11-09 13:53:05,166: publisherUpdate[/joy_priority] -> http://127.0.0.1:45539/ ['http://127.0.0.1:40323/']
[rosmaster.master][INFO] 2025-11-09 13:53:05,167: +PARAM [/xtion/rgb/image_mono/compressedDepth/png_level] by /xtion/rgb/image_proc
[rosmaster.master][INFO] 2025-11-09 13:53:05,172: +PARAM [/xtion/rgb/image_mono/compressedDepth/format] by /xtion/rgb/image_proc
[rosmaster.master][INFO] 2025-11-09 13:53:05,174: publisherUpdate[/joy_priority] -> http://127.0.0.1:45539/ ['http://127.0.0.1:40323/']: sec=0.01, result=[1, '', 0]
[rosmaster.master][INFO] 2025-11-09 13:53:05,175: +PUB [/joy_priority_action/status] /joystick_relay http://127.0.0.1:40323/
[rosmaster.master][INFO] 2025-11-09 13:53:05,178: +PARAM [/xtion/rgb/image_mono/compressedDepth/depth_max] by /xtion/rgb/image_proc
[rosmaster.master][INFO] 2025-11-09 13:53:05,181: +PARAM [/xtion/rgb/image_mono/compressedDepth/depth_quantization] by /xtion/rgb/image_proc
[rosmaster.master][INFO] 2025-11-09 13:53:05,185: +PARAM [/xtion/rgb/image_mono/compressedDepth/png_level] by /xtion/rgb/image_proc
[rosmaster.master][INFO] 2025-11-09 13:53:05,189: +PUB [/joy_priority_action/result] /joystick_relay http://127.0.0.1:40323/
[rosmaster.master][INFO] 2025-11-09 13:53:05,190: +PUB [/xtion/rgb/image_mono/compressed] /xtion/rgb/image_proc http://127.0.0.1:36479/
[rosmaster.master][INFO] 2025-11-09 13:53:05,192: +PUB [/joy_priority_action/feedback] /joystick_relay http://127.0.0.1:40323/
[rosmaster.master][INFO] 2025-11-09 13:53:05,193: +PUB [/rosout] /dynamic_footprint_publisher http://127.0.0.1:37895/
[rosmaster.master][INFO] 2025-11-09 13:53:05,195: +SERVICE [/xtion/rgb/image_mono/compressed/set_parameters] /xtion/rgb/image_proc http://127.0.0.1:36479/
[rosmaster.master][INFO] 2025-11-09 13:53:05,196: +PUB [/xtion/rgb/image_mono/compressed/parameter_descriptions] /xtion/rgb/image_proc http://127.0.0.1:36479/
[rosmaster.master][INFO] 2025-11-09 13:53:05,204: +PUB [/xtion/rgb/image_mono/compressed/parameter_updates] /xtion/rgb/image_proc http://127.0.0.1:36479/
[rosmaster.master][INFO] 2025-11-09 13:53:05,207: +SUB [/clock] /dynamic_footprint_publisher http://127.0.0.1:37895/
[rosmaster.master][INFO] 2025-11-09 13:53:05,207: +SUB [/joy_priority_action/goal] /joystick_relay http://127.0.0.1:40323/
[rosmaster.master][INFO] 2025-11-09 13:53:05,215: +SERVICE [/dynamic_footprint_publisher/get_loggers] /dynamic_footprint_publisher http://127.0.0.1:37895/
[rosmaster.master][INFO] 2025-11-09 13:53:05,217: +SERVICE [/dynamic_footprint_publisher/set_logger_level] /dynamic_footprint_publisher http://127.0.0.1:37895/
[rosmaster.master][INFO] 2025-11-09 13:53:05,222: +SUB [/joy_priority_action/cancel] /joystick_relay http://127.0.0.1:40323/
[rosmaster.master][INFO] 2025-11-09 13:53:05,227: +PARAM [/xtion/rgb/image_mono/compressed/format] by /xtion/rgb/image_proc
[rosmaster.master][INFO] 2025-11-09 13:53:05,228: +PARAM [/xtion/rgb/image_mono/compressed/jpeg_quality] by /xtion/rgb/image_proc
[rosmaster.master][INFO] 2025-11-09 13:53:05,228: +PARAM [/xtion/rgb/image_mono/compressed/jpeg_progressive] by /xtion/rgb/image_proc
[rosmaster.master][INFO] 2025-11-09 13:53:05,232: +PARAM [/xtion/rgb/image_mono/compressed/jpeg_optimize] by /xtion/rgb/image_proc
[rosmaster.master][INFO] 2025-11-09 13:53:05,235: +PARAM [/xtion/rgb/image_mono/compressed/jpeg_restart_interval] by /xtion/rgb/image_proc
[rosmaster.master][INFO] 2025-11-09 13:53:05,238: -SUB [/clock] /dynamic_footprint_publisher http://127.0.0.1:35215/
[rosmaster.master][INFO] 2025-11-09 13:53:05,243: -SUB [/tf_stream/status] /dynamic_footprint_publisher http://127.0.0.1:35215/
[rosmaster.master][INFO] 2025-11-09 13:53:05,239: +PARAM [/xtion/rgb/image_mono/compressed/png_level] by /xtion/rgb/image_proc
[rosmaster.master][INFO] 2025-11-09 13:53:05,253: publisherUpdate[/rosout] -> http://127.0.0.1:38111/ ['http://127.0.0.1:36459/', 'http://127.0.0.1:42031/', 'http://127.0.0.1:36161/', 'http://127.0.0.1:41009/', 'http://127.0.0.1:34171/', 'http://127.0.0.1:39981/', 'http://127.0.0.1:37559/', 'http://127.0.0.1:42535/', 'http://127.0.0.1:43989/', 'http://127.0.0.1:45539/', 'http://127.0.0.1:45757/', 'http://127.0.0.1:37609/', 'http://127.0.0.1:41529/', 'http://127.0.0.1:34139/', 'http://127.0.0.1:36479/', 'http://127.0.0.1:40323/', 'http://127.0.0.1:37895/']
[rosmaster.master][INFO] 2025-11-09 13:53:05,247: +PUB [/tf_stream/goal] /dynamic_footprint_publisher http://127.0.0.1:37895/
[rosmaster.master][INFO] 2025-11-09 13:53:05,255: publisherUpdate[/rosout] -> http://127.0.0.1:38111/ ['http://127.0.0.1:36459/', 'http://127.0.0.1:42031/', 'http://127.0.0.1:36161/', 'http://127.0.0.1:41009/', 'http://127.0.0.1:34171/', 'http://127.0.0.1:39981/', 'http://127.0.0.1:37559/', 'http://127.0.0.1:42535/', 'http://127.0.0.1:43989/', 'http://127.0.0.1:45539/', 'http://127.0.0.1:45757/', 'http://127.0.0.1:37609/', 'http://127.0.0.1:41529/', 'http://127.0.0.1:34139/', 'http://127.0.0.1:36479/', 'http://127.0.0.1:40323/', 'http://127.0.0.1:37895/']: sec=0.00, result=[1, '', 0]
[rosmaster.master][INFO] 2025-11-09 13:53:05,256: publisherUpdate[/tf_stream/goal] -> http://127.0.0.1:43989/ ['http://127.0.0.1:37895/']
[rosmaster.master][INFO] 2025-11-09 13:53:05,256: +PARAM [/xtion/rgb/image_mono/compressed/format] by /xtion/rgb/image_proc
[rosmaster.master][INFO] 2025-11-09 13:53:05,261: +PARAM [/xtion/rgb/image_mono/compressed/jpeg_quality] by /xtion/rgb/image_proc
[rosmaster.master][INFO] 2025-11-09 13:53:05,259: -SUB [/tf_stream/result] /dynamic_footprint_publisher http://127.0.0.1:35215/
[rosmaster.master][INFO] 2025-11-09 13:53:05,258: publisherUpdate[/tf_stream/goal] -> http://127.0.0.1:43989/ ['http://127.0.0.1:37895/']: sec=0.00, result=[1, '', 0]
[rosmaster.master][INFO] 2025-11-09 13:53:05,264: -SUB [/tf_stream/feedback] /dynamic_footprint_publisher http://127.0.0.1:35215/
[rosmaster.master][INFO] 2025-11-09 13:53:05,264: -SUB [/tfs_1008000000] /dynamic_footprint_publisher http://127.0.0.1:35215/
[rosmaster.master][INFO] 2025-11-09 13:53:05,265: +PUB [/tf_stream/cancel] /dynamic_footprint_publisher http://127.0.0.1:37895/
[rosmaster.master][INFO] 2025-11-09 13:53:05,266: +PUB [/joy_turbo_increase/status] /joystick_relay http://127.0.0.1:40323/
[rosmaster.master][INFO] 2025-11-09 13:53:05,266: +PARAM [/xtion/rgb/image_mono/compressed/jpeg_progressive] by /xtion/rgb/image_proc
[rosmaster.master][INFO] 2025-11-09 13:53:05,271: -PUB [/rosout] /dynamic_footprint_publisher http://127.0.0.1:35215/
[rosmaster.master][INFO] 2025-11-09 13:53:05,271: -PUB [/tf_stream/goal] /dynamic_footprint_publisher http://127.0.0.1:35215/
[rosmaster.master][INFO] 2025-11-09 13:53:05,271: -PUB [/tf_stream/cancel] /dynamic_footprint_publisher http://127.0.0.1:35215/
[rosmaster.master][INFO] 2025-11-09 13:53:05,271: -PUB [/dynamic_footprint_publisher/footprint] /dynamic_footprint_publisher http://127.0.0.1:35215/
[rosmaster.master][INFO] 2025-11-09 13:53:05,271: -PUB [/dynamic_footprint_publisher/footprint_stamped] /dynamic_footprint_publisher http://127.0.0.1:35215/
[rosmaster.master][INFO] 2025-11-09 13:53:05,271: -SERVICE [/dynamic_footprint_publisher/get_loggers] /dynamic_footprint_publisher rosrpc://127.0.0.1:43691
[rosmaster.master][INFO] 2025-11-09 13:53:05,272: -SERVICE [/dynamic_footprint_publisher/set_logger_level] /dynamic_footprint_publisher rosrpc://127.0.0.1:43691
[rosmaster.master][INFO] 2025-11-09 13:53:05,272: +PUB [/joy_turbo_increase/result] /joystick_relay http://127.0.0.1:40323/
[rosmaster.master][INFO] 2025-11-09 13:53:05,272: +PARAM [/xtion/rgb/image_mono/compressed/jpeg_optimize] by /xtion/rgb/image_proc
[rosmaster.master][INFO] 2025-11-09 13:53:05,275: -SERVICE [/dynamic_footprint_publisher/change_params] /dynamic_footprint_publisher rosrpc://127.0.0.1:43691
[rosmaster.master][INFO] 2025-11-09 13:53:05,277: publisherUpdate[/tf_stream/cancel] -> http://127.0.0.1:43989/ ['http://127.0.0.1:37895/']
[rosmaster.master][INFO] 2025-11-09 13:53:05,278: +PUB [/joy_turbo_increase/feedback] /joystick_relay http://127.0.0.1:40323/
[rosmaster.master][INFO] 2025-11-09 13:53:05,313: +PARAM [/xtion/rgb/image_mono/compressed/jpeg_restart_interval] by /xtion/rgb/image_proc
[rosmaster.master][INFO] 2025-11-09 13:53:05,314: +SUB [/tf_stream/status] /dynamic_footprint_publisher http://127.0.0.1:37895/
[rosmaster.master][INFO] 2025-11-09 13:53:05,316: publisherUpdate[/tf_stream/cancel] -> http://127.0.0.1:43989/ ['http://127.0.0.1:37895/']: sec=0.04, result=[1, '', 0]
[rosmaster.master][INFO] 2025-11-09 13:53:05,319: +PUB [/rosout] /is_already_there http://127.0.0.1:46515/
[rosmaster.master][INFO] 2025-11-09 13:53:05,320: +PARAM [/xtion/rgb/image_mono/compressed/png_level] by /xtion/rgb/image_proc
[rosmaster.master][INFO] 2025-11-09 13:53:05,322: +SUB [/joy_turbo_increase/goal] /joystick_relay http://127.0.0.1:40323/
[rosmaster.master][INFO] 2025-11-09 13:53:05,325: +SUB [/joy_turbo_increase/cancel] /joystick_relay http://127.0.0.1:40323/
[rosmaster.master][INFO] 2025-11-09 13:53:05,329: +SUB [/clock] /is_already_there http://127.0.0.1:46515/
[rosmaster.master][INFO] 2025-11-09 13:53:05,331: +SUB [/tf_stream/result] /dynamic_footprint_publisher http://127.0.0.1:37895/
[rosmaster.master][INFO] 2025-11-09 13:53:05,337: +PUB [/xtion/rgb/image_mono] /xtion/rgb/image_proc http://127.0.0.1:36479/
[rosmaster.master][INFO] 2025-11-09 13:53:05,340: +SERVICE [/is_already_there/get_loggers] /is_already_there http://127.0.0.1:46515/
[rosmaster.master][INFO] 2025-11-09 13:53:05,343: +SUB [/tf_stream/feedback] /dynamic_footprint_publisher http://127.0.0.1:37895/
[rosmaster.master][INFO] 2025-11-09 13:53:05,350: +SERVICE [/is_already_there/set_logger_level] /is_already_there http://127.0.0.1:46515/
[rosmaster.master][INFO] 2025-11-09 13:53:05,350: +PUB [/dynamic_footprint_publisher/footprint] /dynamic_footprint_publisher http://127.0.0.1:37895/
[rosmaster.master][INFO] 2025-11-09 13:53:05,354: +PUB [/dynamic_footprint_publisher/footprint_stamped] /dynamic_footprint_publisher http://127.0.0.1:37895/
[rosmaster.master][INFO] 2025-11-09 13:53:05,355: +PUB [/joy_turbo_decrease/status] /joystick_relay http://127.0.0.1:40323/
[rosmaster.master][INFO] 2025-11-09 13:53:05,359: +SERVICE [/play_motion/is_already_there] /is_already_there http://127.0.0.1:46515/
[rosmaster.master][INFO] 2025-11-09 13:53:05,361: +SERVICE [/dynamic_footprint_publisher/change_params] /dynamic_footprint_publisher http://127.0.0.1:37895/
[rosmaster.master][INFO] 2025-11-09 13:53:05,361: +PUB [/joy_turbo_decrease/result] /joystick_relay http://127.0.0.1:40323/
[rosmaster.master][INFO] 2025-11-09 13:53:05,364: +SUB [/joint_states] /is_already_there http://127.0.0.1:46515/
[rosmaster.master][INFO] 2025-11-09 13:53:05,372: +PUB [/joy_turbo_decrease/feedback] /joystick_relay http://127.0.0.1:40323/
[rosmaster.master][INFO] 2025-11-09 13:53:05,373: +CACHEDPARAM [/rosout_disable_topics_generation] by /dynamic_footprint_publisher
[rosmaster.master][INFO] 2025-11-09 13:53:05,374: -SUB [/clock] /is_already_there http://127.0.0.1:42031/
[rosmaster.master][INFO] 2025-11-09 13:53:05,379: -SUB [/joint_states] /is_already_there http://127.0.0.1:42031/
[rosmaster.master][INFO] 2025-11-09 13:53:05,379: -PUB [/rosout] /is_already_there http://127.0.0.1:42031/
[rosmaster.master][INFO] 2025-11-09 13:53:05,379: -SERVICE [/is_already_there/get_loggers] /is_already_there rosrpc://127.0.0.1:39445
[rosmaster.master][INFO] 2025-11-09 13:53:05,379: -SERVICE [/is_already_there/set_logger_level] /is_already_there rosrpc://127.0.0.1:39445
[rosmaster.master][INFO] 2025-11-09 13:53:05,379: -SERVICE [/play_motion/is_already_there] /is_already_there rosrpc://127.0.0.1:39445
[rosmaster.master][INFO] 2025-11-09 13:53:05,389: +SUB [/joy_turbo_decrease/goal] /joystick_relay http://127.0.0.1:40323/
[rosmaster.master][INFO] 2025-11-09 13:53:05,396: +SUB [/joy_turbo_decrease/cancel] /joystick_relay http://127.0.0.1:40323/
[rosmaster.master][INFO] 2025-11-09 13:53:05,404: +PUB [/xtion/rgb/image_mono/theora] /xtion/rgb/image_proc http://127.0.0.1:36479/
[rosmaster.master][INFO] 2025-11-09 13:53:05,408: +SERVICE [/xtion/rgb/image_mono/theora/set_parameters] /xtion/rgb/image_proc http://127.0.0.1:36479/
[rosmaster.master][INFO] 2025-11-09 13:53:05,411: +PUB [/xtion/rgb/image_mono/theora/parameter_descriptions] /xtion/rgb/image_proc http://127.0.0.1:36479/
[rosmaster.master][INFO] 2025-11-09 13:53:05,414: +PUB [/xtion/rgb/image_mono/theora/parameter_updates] /xtion/rgb/image_proc http://127.0.0.1:36479/
[rosmaster.master][INFO] 2025-11-09 13:53:05,418: +PUB [/joy_turbo_angular_increase/status] /joystick_relay http://127.0.0.1:40323/
[rosmaster.master][INFO] 2025-11-09 13:53:05,419: +PUB [/joy_turbo_angular_increase/result] /joystick_relay http://127.0.0.1:40323/
[rosmaster.master][INFO] 2025-11-09 13:53:05,424: +PUB [/joy_turbo_angular_increase/feedback] /joystick_relay http://127.0.0.1:40323/
[rosmaster.master][INFO] 2025-11-09 13:53:05,425: +PARAM [/xtion/rgb/image_mono/theora/optimize_for] by /xtion/rgb/image_proc
[rosmaster.master][INFO] 2025-11-09 13:53:05,431: +PARAM [/xtion/rgb/image_mono/theora/target_bitrate] by /xtion/rgb/image_proc
[rosmaster.master][INFO] 2025-11-09 13:53:05,433: +PARAM [/xtion/rgb/image_mono/theora/quality] by /xtion/rgb/image_proc
[rosmaster.master][INFO] 2025-11-09 13:53:05,434: publisherUpdate[/rosout] -> http://127.0.0.1:38111/ ['http://127.0.0.1:36459/', 'http://127.0.0.1:36161/', 'http://127.0.0.1:41009/', 'http://127.0.0.1:34171/', 'http://127.0.0.1:39981/', 'http://127.0.0.1:37559/', 'http://127.0.0.1:42535/', 'http://127.0.0.1:43989/', 'http://127.0.0.1:45539/', 'http://127.0.0.1:45757/', 'http://127.0.0.1:37609/', 'http://127.0.0.1:41529/', 'http://127.0.0.1:34139/', 'http://127.0.0.1:36479/', 'http://127.0.0.1:40323/', 'http://127.0.0.1:37895/', 'http://127.0.0.1:46515/']
[rosmaster.master][INFO] 2025-11-09 13:53:05,435: +SUB [/joy_turbo_angular_increase/goal] /joystick_relay http://127.0.0.1:40323/
[rosmaster.master][INFO] 2025-11-09 13:53:05,438: publisherUpdate[/rosout] -> http://127.0.0.1:38111/ ['http://127.0.0.1:36459/', 'http://127.0.0.1:36161/', 'http://127.0.0.1:41009/', 'http://127.0.0.1:34171/', 'http://127.0.0.1:39981/', 'http://127.0.0.1:37559/', 'http://127.0.0.1:42535/', 'http://127.0.0.1:43989/', 'http://127.0.0.1:45539/', 'http://127.0.0.1:45757/', 'http://127.0.0.1:37609/', 'http://127.0.0.1:41529/', 'http://127.0.0.1:34139/', 'http://127.0.0.1:36479/', 'http://127.0.0.1:40323/', 'http://127.0.0.1:37895/', 'http://127.0.0.1:46515/']: sec=0.00, result=[1, '', 0]
[rosmaster.master][INFO] 2025-11-09 13:53:05,439: +PARAM [/xtion/rgb/image_mono/theora/keyframe_frequency] by /xtion/rgb/image_proc
[rosmaster.master][INFO] 2025-11-09 13:53:05,441: +SUB [/joy_turbo_angular_increase/cancel] /joystick_relay http://127.0.0.1:40323/
[rosmaster.master][INFO] 2025-11-09 13:53:05,442: +PARAM [/xtion/rgb/image_mono/theora/optimize_for] by /xtion/rgb/image_proc
[rosmaster.master][INFO] 2025-11-09 13:53:05,444: +PARAM [/xtion/rgb/image_mono/theora/target_bitrate] by /xtion/rgb/image_proc
[rosmaster.master][INFO] 2025-11-09 13:53:05,446: +PARAM [/xtion/rgb/image_mono/theora/quality] by /xtion/rgb/image_proc
[rosmaster.master][INFO] 2025-11-09 13:53:05,451: +PARAM [/xtion/rgb/image_mono/theora/keyframe_frequency] by /xtion/rgb/image_proc
[rosmaster.master][INFO] 2025-11-09 13:53:05,454: +PUB [/xtion/rgb/image_color/compressedDepth] /xtion/rgb/image_proc http://127.0.0.1:36479/
[rosmaster.master][INFO] 2025-11-09 13:53:05,455: +SERVICE [/xtion/rgb/image_color/compressedDepth/set_parameters] /xtion/rgb/image_proc http://127.0.0.1:36479/
[rosmaster.master][INFO] 2025-11-09 13:53:05,462: +PUB [/xtion/rgb/image_color/compressedDepth/parameter_descriptions] /xtion/rgb/image_proc http://127.0.0.1:36479/
[rosmaster.master][INFO] 2025-11-09 13:53:05,465: +PUB [/xtion/rgb/image_color/compressedDepth/parameter_updates] /xtion/rgb/image_proc http://127.0.0.1:36479/
[rosmaster.master][INFO] 2025-11-09 13:53:05,467: +PUB [/joy_turbo_angular_decrease/status] /joystick_relay http://127.0.0.1:40323/
[rosmaster.master][INFO] 2025-11-09 13:53:05,470: +PUB [/joy_turbo_angular_decrease/result] /joystick_relay http://127.0.0.1:40323/
[rosmaster.master][INFO] 2025-11-09 13:53:05,474: +PUB [/joy_turbo_angular_decrease/feedback] /joystick_relay http://127.0.0.1:40323/
[rosmaster.master][INFO] 2025-11-09 13:53:05,476: +PARAM [/xtion/rgb/image_color/compressedDepth/format] by /xtion/rgb/image_proc
[rosmaster.master][INFO] 2025-11-09 13:53:05,478: +PARAM [/xtion/rgb/image_color/compressedDepth/depth_max] by /xtion/rgb/image_proc
[rosmaster.master][INFO] 2025-11-09 13:53:05,486: +SUB [/joy_turbo_angular_decrease/goal] /joystick_relay http://127.0.0.1:40323/
[rosmaster.master][INFO] 2025-11-09 13:53:05,487: +PARAM [/xtion/rgb/image_color/compressedDepth/depth_quantization] by /xtion/rgb/image_proc
[rosmaster.master][INFO] 2025-11-09 13:53:05,489: +PARAM [/xtion/rgb/image_color/compressedDepth/png_level] by /xtion/rgb/image_proc
[rosmaster.master][INFO] 2025-11-09 13:53:05,492: +PARAM [/xtion/rgb/image_color/compressedDepth/format] by /xtion/rgb/image_proc
[rosmaster.master][INFO] 2025-11-09 13:53:05,493: +PARAM [/xtion/rgb/image_color/compressedDepth/depth_max] by /xtion/rgb/image_proc
[rosmaster.master][INFO] 2025-11-09 13:53:05,494: +PARAM [/xtion/rgb/image_color/compressedDepth/depth_quantization] by /xtion/rgb/image_proc
[rosmaster.master][INFO] 2025-11-09 13:53:05,501: +PARAM [/xtion/rgb/image_color/compressedDepth/png_level] by /xtion/rgb/image_proc
[rosmaster.master][INFO] 2025-11-09 13:53:05,497: +SUB [/joy_turbo_angular_decrease/cancel] /joystick_relay http://127.0.0.1:40323/
[rosmaster.master][INFO] 2025-11-09 13:53:05,505: +PUB [/xtion/rgb/image_color/compressed] /xtion/rgb/image_proc http://127.0.0.1:36479/
[rosmaster.master][INFO] 2025-11-09 13:53:05,510: +SERVICE [/xtion/rgb/image_color/compressed/set_parameters] /xtion/rgb/image_proc http://127.0.0.1:36479/
[rosmaster.master][INFO] 2025-11-09 13:53:05,511: +PUB [/xtion/rgb/image_color/compressed/parameter_descriptions] /xtion/rgb/image_proc http://127.0.0.1:36479/
[rosmaster.master][INFO] 2025-11-09 13:53:05,515: +PUB [/xtion/rgb/image_color/compressed/parameter_updates] /xtion/rgb/image_proc http://127.0.0.1:36479/
[rosmaster.master][INFO] 2025-11-09 13:53:05,531: +PARAM [/xtion/rgb/image_color/compressed/format] by /xtion/rgb/image_proc
[rosmaster.master][INFO] 2025-11-09 13:53:05,537: +PARAM [/xtion/rgb/image_color/compressed/jpeg_quality] by /xtion/rgb/image_proc
[rosmaster.master][INFO] 2025-11-09 13:53:05,538: +PARAM [/xtion/rgb/image_color/compressed/jpeg_progressive] by /xtion/rgb/image_proc
[rosmaster.master][INFO] 2025-11-09 13:53:05,540: +PARAM [/xtion/rgb/image_color/compressed/jpeg_optimize] by /xtion/rgb/image_proc
[rosmaster.master][INFO] 2025-11-09 13:53:05,544: +PUB [/joy_turbo_reset/status] /joystick_relay http://127.0.0.1:40323/
[rosmaster.master][INFO] 2025-11-09 13:53:05,545: +PARAM [/xtion/rgb/image_color/compressed/jpeg_restart_interval] by /xtion/rgb/image_proc
[rosmaster.master][INFO] 2025-11-09 13:53:05,546: +PUB [/joy_turbo_reset/result] /joystick_relay http://127.0.0.1:40323/
[rosmaster.master][INFO] 2025-11-09 13:53:05,547: +PARAM [/xtion/rgb/image_color/compressed/png_level] by /xtion/rgb/image_proc
[rosmaster.master][INFO] 2025-11-09 13:53:05,551: +PARAM [/xtion/rgb/image_color/compressed/format] by /xtion/rgb/image_proc
[rosmaster.master][INFO] 2025-11-09 13:53:05,552: +PUB [/joy_turbo_reset/feedback] /joystick_relay http://127.0.0.1:40323/
[rosmaster.master][INFO] 2025-11-09 13:53:05,567: +PARAM [/xtion/rgb/image_color/compressed/jpeg_quality] by /xtion/rgb/image_proc
[rosmaster.master][INFO] 2025-11-09 13:53:05,569: +PARAM [/xtion/rgb/image_color/compressed/jpeg_progressive] by /xtion/rgb/image_proc
[rosmaster.master][INFO] 2025-11-09 13:53:05,572: +PARAM [/xtion/rgb/image_color/compressed/jpeg_optimize] by /xtion/rgb/image_proc
[rosmaster.master][INFO] 2025-11-09 13:53:05,574: +PARAM [/xtion/rgb/image_color/compressed/jpeg_restart_interval] by /xtion/rgb/image_proc
[rosmaster.master][INFO] 2025-11-09 13:53:05,576: +PARAM [/xtion/rgb/image_color/compressed/png_level] by /xtion/rgb/image_proc
[rosmaster.master][INFO] 2025-11-09 13:53:05,576: +SUB [/joy_turbo_reset/goal] /joystick_relay http://127.0.0.1:40323/
[rosmaster.master][INFO] 2025-11-09 13:53:05,578: +PUB [/xtion/rgb/image_color] /xtion/rgb/image_proc http://127.0.0.1:36479/
[rosmaster.master][INFO] 2025-11-09 13:53:05,579: +PUB [/xtion/rgb/image_color/theora] /xtion/rgb/image_proc http://127.0.0.1:36479/
[rosmaster.master][INFO] 2025-11-09 13:53:05,582: +SERVICE [/xtion/rgb/image_color/theora/set_parameters] /xtion/rgb/image_proc http://127.0.0.1:36479/
[rosmaster.master][INFO] 2025-11-09 13:53:05,590: +PUB [/xtion/rgb/image_color/theora/parameter_descriptions] /xtion/rgb/image_proc http://127.0.0.1:36479/
[rosmaster.master][INFO] 2025-11-09 13:53:05,593: +SUB [/joy_turbo_reset/cancel] /joystick_relay http://127.0.0.1:40323/
[rosmaster.master][INFO] 2025-11-09 13:53:05,596: +PUB [/xtion/rgb/image_color/theora/parameter_updates] /xtion/rgb/image_proc http://127.0.0.1:36479/
[rosmaster.master][INFO] 2025-11-09 13:53:05,608: +PARAM [/xtion/rgb/image_color/theora/optimize_for] by /xtion/rgb/image_proc
[rosmaster.master][INFO] 2025-11-09 13:53:05,616: +PARAM [/xtion/rgb/image_color/theora/target_bitrate] by /xtion/rgb/image_proc
[rosmaster.master][INFO] 2025-11-09 13:53:05,621: +PARAM [/xtion/rgb/image_color/theora/quality] by /xtion/rgb/image_proc
[rosmaster.master][INFO] 2025-11-09 13:53:05,622: +PARAM [/xtion/rgb/image_color/theora/keyframe_frequency] by /xtion/rgb/image_proc
[rosmaster.master][INFO] 2025-11-09 13:53:05,627: +PARAM [/xtion/rgb/image_color/theora/optimize_for] by /xtion/rgb/image_proc
[rosmaster.master][INFO] 2025-11-09 13:53:05,628: +PARAM [/xtion/rgb/image_color/theora/target_bitrate] by /xtion/rgb/image_proc
[rosmaster.master][INFO] 2025-11-09 13:53:05,630: +PARAM [/xtion/rgb/image_color/theora/quality] by /xtion/rgb/image_proc
[rosmaster.master][INFO] 2025-11-09 13:53:05,633: +PARAM [/xtion/rgb/image_color/theora/keyframe_frequency] by /xtion/rgb/image_proc
[rosmaster.master][INFO] 2025-11-09 13:53:05,642: +SERVICE [/xtion/rgb/image_proc_rectify_mono/set_parameters] /xtion/rgb/image_proc http://127.0.0.1:36479/
[rosmaster.master][INFO] 2025-11-09 13:53:05,648: +PUB [/xtion/rgb/image_proc_rectify_mono/parameter_descriptions] /xtion/rgb/image_proc http://127.0.0.1:36479/
[rosmaster.master][INFO] 2025-11-09 13:53:05,652: +PUB [/xtion/rgb/image_proc_rectify_mono/parameter_updates] /xtion/rgb/image_proc http://127.0.0.1:36479/
[rosmaster.master][INFO] 2025-11-09 13:53:05,654: +PARAM [/xtion/rgb/image_proc_rectify_mono/interpolation] by /xtion/rgb/image_proc
[rosmaster.master][INFO] 2025-11-09 13:53:05,657: +PARAM [/xtion/rgb/image_proc_rectify_mono/interpolation] by /xtion/rgb/image_proc
[rosmaster.master][INFO] 2025-11-09 13:53:05,664: +PUB [/xtion/rgb/image_rect/compressedDepth] /xtion/rgb/image_proc http://127.0.0.1:36479/
[rosmaster.master][INFO] 2025-11-09 13:53:05,666: +SERVICE [/xtion/rgb/image_rect/compressedDepth/set_parameters] /xtion/rgb/image_proc http://127.0.0.1:36479/
[rosmaster.master][INFO] 2025-11-09 13:53:05,668: +PUB [/xtion/rgb/image_rect/compressedDepth/parameter_descriptions] /xtion/rgb/image_proc http://127.0.0.1:36479/
[rosmaster.master][INFO] 2025-11-09 13:53:05,670: +PUB [/xtion/rgb/image_rect/compressedDepth/parameter_updates] /xtion/rgb/image_proc http://127.0.0.1:36479/
[rosmaster.master][INFO] 2025-11-09 13:53:05,677: +PARAM [/xtion/rgb/image_rect/compressedDepth/format] by /xtion/rgb/image_proc
[rosmaster.master][INFO] 2025-11-09 13:53:05,679: +PARAM [/xtion/rgb/image_rect/compressedDepth/depth_max] by /xtion/rgb/image_proc
[rosmaster.master][INFO] 2025-11-09 13:53:05,681: +PARAM [/xtion/rgb/image_rect/compressedDepth/depth_quantization] by /xtion/rgb/image_proc
[rosmaster.master][INFO] 2025-11-09 13:53:05,683: +PARAM [/xtion/rgb/image_rect/compressedDepth/png_level] by /xtion/rgb/image_proc
[rosmaster.master][INFO] 2025-11-09 13:53:05,685: +PARAM [/xtion/rgb/image_rect/compressedDepth/format] by /xtion/rgb/image_proc
[rosmaster.master][INFO] 2025-11-09 13:53:05,687: +PARAM [/xtion/rgb/image_rect/compressedDepth/depth_max] by /xtion/rgb/image_proc
[rosmaster.master][INFO] 2025-11-09 13:53:05,689: +PARAM [/xtion/rgb/image_rect/compressedDepth/depth_quantization] by /xtion/rgb/image_proc
[rosmaster.master][INFO] 2025-11-09 13:53:05,691: +PARAM [/xtion/rgb/image_rect/compressedDepth/png_level] by /xtion/rgb/image_proc
[rosmaster.master][INFO] 2025-11-09 13:53:05,694: +PUB [/rosout] /hand_grasping_action http://127.0.0.1:35253/
[rosmaster.master][INFO] 2025-11-09 13:53:05,704: publisherUpdate[/rosout] -> http://127.0.0.1:38111/ ['http://127.0.0.1:36161/', 'http://127.0.0.1:41009/', 'http://127.0.0.1:34171/', 'http://127.0.0.1:39981/', 'http://127.0.0.1:37559/', 'http://127.0.0.1:42535/', 'http://127.0.0.1:43989/', 'http://127.0.0.1:45539/', 'http://127.0.0.1:45757/', 'http://127.0.0.1:37609/', 'http://127.0.0.1:41529/', 'http://127.0.0.1:34139/', 'http://127.0.0.1:36479/', 'http://127.0.0.1:40323/', 'http://127.0.0.1:37895/', 'http://127.0.0.1:46515/', 'http://127.0.0.1:35253/']
[rosmaster.master][INFO] 2025-11-09 13:53:05,706: +PUB [/rosout] /spawn_model http://127.0.0.1:43333/
[rosmaster.master][INFO] 2025-11-09 13:53:05,718: publisherUpdate[/rosout] -> http://127.0.0.1:38111/ ['http://127.0.0.1:36161/', 'http://127.0.0.1:41009/', 'http://127.0.0.1:34171/', 'http://127.0.0.1:39981/', 'http://127.0.0.1:37559/', 'http://127.0.0.1:42535/', 'http://127.0.0.1:43989/', 'http://127.0.0.1:45539/', 'http://127.0.0.1:45757/', 'http://127.0.0.1:37609/', 'http://127.0.0.1:41529/', 'http://127.0.0.1:34139/', 'http://127.0.0.1:36479/', 'http://127.0.0.1:40323/', 'http://127.0.0.1:37895/', 'http://127.0.0.1:46515/', 'http://127.0.0.1:35253/']: sec=0.01, result=[1, '', 0]
[rosmaster.master][INFO] 2025-11-09 13:53:05,718: -SUB [/clock] /hand_grasping_action http://127.0.0.1:36459/
[rosmaster.master][INFO] 2025-11-09 13:53:05,726: -SUB [/hand_controller/follow_joint_trajectory/status] /hand_grasping_action http://127.0.0.1:36459/
[rosmaster.master][INFO] 2025-11-09 13:53:05,726: -SUB [/hand_controller/follow_joint_trajectory/result] /hand_grasping_action http://127.0.0.1:36459/
[rosmaster.master][INFO] 2025-11-09 13:53:05,727: -SUB [/hand_controller/follow_joint_trajectory/feedback] /hand_grasping_action http://127.0.0.1:36459/
[rosmaster.master][INFO] 2025-11-09 13:53:05,727: -SUB [/hand_grasping_action/goal] /hand_grasping_action http://127.0.0.1:36459/
[rosmaster.master][INFO] 2025-11-09 13:53:05,727: -SUB [/hand_grasping_action/cancel] /hand_grasping_action http://127.0.0.1:36459/
[rosmaster.master][INFO] 2025-11-09 13:53:05,727: -SUB [/joint_states] /hand_grasping_action http://127.0.0.1:36459/
[rosmaster.master][INFO] 2025-11-09 13:53:05,727: -PUB [/rosout] /hand_grasping_action http://127.0.0.1:36459/
[rosmaster.master][INFO] 2025-11-09 13:53:05,733: -PUB [/hand_controller/follow_joint_trajectory/goal] /hand_grasping_action http://127.0.0.1:36459/
[rosmaster.master][INFO] 2025-11-09 13:53:05,728: publisherUpdate[/rosout] -> http://127.0.0.1:38111/ ['http://127.0.0.1:36161/', 'http://127.0.0.1:41009/', 'http://127.0.0.1:34171/', 'http://127.0.0.1:39981/', 'http://127.0.0.1:37559/', 'http://127.0.0.1:42535/', 'http://127.0.0.1:43989/', 'http://127.0.0.1:45539/', 'http://127.0.0.1:45757/', 'http://127.0.0.1:37609/', 'http://127.0.0.1:41529/', 'http://127.0.0.1:34139/', 'http://127.0.0.1:36479/', 'http://127.0.0.1:40323/', 'http://127.0.0.1:37895/', 'http://127.0.0.1:46515/', 'http://127.0.0.1:35253/', 'http://127.0.0.1:43333/']
[rosmaster.master][INFO] 2025-11-09 13:53:05,738: +PUB [/xtion/rgb/image_rect/compressed] /xtion/rgb/image_proc http://127.0.0.1:36479/
[rosmaster.master][INFO] 2025-11-09 13:53:05,742: +SUB [/clock] /spawn_model http://127.0.0.1:43333/
[rosmaster.master][INFO] 2025-11-09 13:53:05,742: publisherUpdate[/rosout] -> http://127.0.0.1:38111/ ['http://127.0.0.1:36161/', 'http://127.0.0.1:41009/', 'http://127.0.0.1:34171/', 'http://127.0.0.1:39981/', 'http://127.0.0.1:37559/', 'http://127.0.0.1:42535/', 'http://127.0.0.1:43989/', 'http://127.0.0.1:45539/', 'http://127.0.0.1:45757/', 'http://127.0.0.1:37609/', 'http://127.0.0.1:41529/', 'http://127.0.0.1:34139/', 'http://127.0.0.1:36479/', 'http://127.0.0.1:40323/', 'http://127.0.0.1:37895/', 'http://127.0.0.1:46515/', 'http://127.0.0.1:35253/', 'http://127.0.0.1:43333/']: sec=0.00, result=[1, '', 0]
[rosmaster.master][INFO] 2025-11-09 13:53:05,745: -PUB [/hand_controller/follow_joint_trajectory/cancel] /hand_grasping_action http://127.0.0.1:36459/
[rosmaster.master][INFO] 2025-11-09 13:53:05,750: +SUB [/clock] /hand_grasping_action http://127.0.0.1:35253/
[rosmaster.master][INFO] 2025-11-09 13:53:05,752: +SERVICE [/xtion/rgb/image_rect/compressed/set_parameters] /xtion/rgb/image_proc http://127.0.0.1:36479/
[rosmaster.master][INFO] 2025-11-09 13:53:05,783: -PUB [/hand_grasping_action/status] /hand_grasping_action http://127.0.0.1:36459/
[rosmaster.master][INFO] 2025-11-09 13:53:05,783: -PUB [/hand_grasping_action/result] /hand_grasping_action http://127.0.0.1:36459/
[rosmaster.master][INFO] 2025-11-09 13:53:05,784: -PUB [/hand_grasping_action/feedback] /hand_grasping_action http://127.0.0.1:36459/
[rosmaster.master][INFO] 2025-11-09 13:53:05,785: +SERVICE [/spawn_model/get_loggers] /spawn_model http://127.0.0.1:43333/
[rosmaster.master][INFO] 2025-11-09 13:53:05,786: +SERVICE [/hand_grasping_action/get_loggers] /hand_grasping_action http://127.0.0.1:35253/
[rosmaster.master][INFO] 2025-11-09 13:53:05,791: -SERVICE [/hand_grasping_action/get_loggers] /hand_grasping_action rosrpc://127.0.0.1:36695
[rosmaster.master][INFO] 2025-11-09 13:53:05,791: +SERVICE [/spawn_model/set_logger_level] /spawn_model http://127.0.0.1:43333/
[rosmaster.master][INFO] 2025-11-09 13:53:05,793: +SERVICE [/hand_grasping_action/set_logger_level] /hand_grasping_action http://127.0.0.1:35253/
[rosmaster.master][INFO] 2025-11-09 13:53:05,793: -SERVICE [/hand_grasping_action/set_logger_level] /hand_grasping_action rosrpc://127.0.0.1:36695
[rosmaster.master][INFO] 2025-11-09 13:53:05,794: +CACHEDPARAM [/rosout_disable_topics_generation] by /spawn_model
[rosmaster.master][INFO] 2025-11-09 13:53:05,799: +PUB [/xtion/rgb/image_rect/compressed/parameter_descriptions] /xtion/rgb/image_proc http://127.0.0.1:36479/
[rosmaster.master][INFO] 2025-11-09 13:53:05,799: +PUB [/xtion/rgb/image_rect/compressed/parameter_updates] /xtion/rgb/image_proc http://127.0.0.1:36479/
[rosmaster.master][INFO] 2025-11-09 13:53:05,806: +PARAM [/xtion/rgb/image_rect/compressed/format] by /xtion/rgb/image_proc
[rosmaster.master][INFO] 2025-11-09 13:53:05,806: +PARAM [/xtion/rgb/image_rect/compressed/jpeg_quality] by /xtion/rgb/image_proc
[rosmaster.master][INFO] 2025-11-09 13:53:05,807: +PARAM [/xtion/rgb/image_rect/compressed/jpeg_progressive] by /xtion/rgb/image_proc
[rosmaster.master][INFO] 2025-11-09 13:53:05,807: +PARAM [/xtion/rgb/image_rect/compressed/jpeg_optimize] by /xtion/rgb/image_proc
[rosmaster.master][INFO] 2025-11-09 13:53:05,808: +PARAM [/xtion/rgb/image_rect/compressed/jpeg_restart_interval] by /xtion/rgb/image_proc
[rosmaster.master][INFO] 2025-11-09 13:53:05,808: +PARAM [/xtion/rgb/image_rect/compressed/png_level] by /xtion/rgb/image_proc
[rosmaster.master][INFO] 2025-11-09 13:53:05,809: +PARAM [/xtion/rgb/image_rect/compressed/format] by /xtion/rgb/image_proc
[rosmaster.master][INFO] 2025-11-09 13:53:05,810: +PARAM [/xtion/rgb/image_rect/compressed/jpeg_quality] by /xtion/rgb/image_proc
[rosmaster.master][INFO] 2025-11-09 13:53:05,810: +PARAM [/xtion/rgb/image_rect/compressed/jpeg_progressive] by /xtion/rgb/image_proc
[rosmaster.master][INFO] 2025-11-09 13:53:05,813: +PARAM [/xtion/rgb/image_rect/compressed/jpeg_optimize] by /xtion/rgb/image_proc
[rosmaster.master][INFO] 2025-11-09 13:53:05,815: +PUB [/hand_controller/follow_joint_trajectory/goal] /hand_grasping_action http://127.0.0.1:35253/
[rosmaster.master][INFO] 2025-11-09 13:53:05,816: +PARAM [/xtion/rgb/image_rect/compressed/jpeg_restart_interval] by /xtion/rgb/image_proc
[rosmaster.master][INFO] 2025-11-09 13:53:05,820: +PARAM [/xtion/rgb/image_rect/compressed/png_level] by /xtion/rgb/image_proc
[rosmaster.master][INFO] 2025-11-09 13:53:05,821: +PUB [/hand_controller/follow_joint_trajectory/cancel] /hand_grasping_action http://127.0.0.1:35253/
[rosmaster.master][INFO] 2025-11-09 13:53:05,822: +CACHEDPARAM [/rosout_disable_topics_generation] by /spawn_model
[rosmaster.master][INFO] 2025-11-09 13:53:05,825: +PUB [/xtion/rgb/image_rect] /xtion/rgb/image_proc http://127.0.0.1:36479/
[rosmaster.master][INFO] 2025-11-09 13:53:05,828: +PUB [/xtion/rgb/image_rect/theora] /xtion/rgb/image_proc http://127.0.0.1:36479/
[rosmaster.master][INFO] 2025-11-09 13:53:05,830: +SERVICE [/xtion/rgb/image_rect/theora/set_parameters] /xtion/rgb/image_proc http://127.0.0.1:36479/
[rosmaster.master][INFO] 2025-11-09 13:53:05,836: +PUB [/xtion/rgb/image_rect/theora/parameter_descriptions] /xtion/rgb/image_proc http://127.0.0.1:36479/
[rosmaster.master][INFO] 2025-11-09 13:53:05,836: +PUB [/xtion/rgb/image_rect/theora/parameter_updates] /xtion/rgb/image_proc http://127.0.0.1:36479/
[rosmaster.master][INFO] 2025-11-09 13:53:05,837: +SUB [/hand_controller/follow_joint_trajectory/status] /hand_grasping_action http://127.0.0.1:35253/
[rosmaster.master][INFO] 2025-11-09 13:53:05,840: publisherUpdate[/hand_controller/follow_joint_trajectory/goal] -> http://127.0.0.1:36161/ ['http://127.0.0.1:35253/']
[rosmaster.master][INFO] 2025-11-09 13:53:05,845: +SUB [/hand_controller/follow_joint_trajectory/result] /hand_grasping_action http://127.0.0.1:35253/
[rosmaster.master][INFO] 2025-11-09 13:53:05,851: +PARAM [/xtion/rgb/image_rect/theora/optimize_for] by /xtion/rgb/image_proc
[rosmaster.master][INFO] 2025-11-09 13:53:05,863: +PARAM [/xtion/rgb/image_rect/theora/target_bitrate] by /xtion/rgb/image_proc
[rosmaster.master][INFO] 2025-11-09 13:53:05,864: +PARAM [/xtion/rgb/image_rect/theora/quality] by /xtion/rgb/image_proc
[rosmaster.master][INFO] 2025-11-09 13:53:05,866: +SUB [/hand_controller/follow_joint_trajectory/feedback] /hand_grasping_action http://127.0.0.1:35253/
[rosmaster.master][INFO] 2025-11-09 13:53:05,867: +PARAM [/xtion/rgb/image_rect/theora/keyframe_frequency] by /xtion/rgb/image_proc
[rosmaster.master][INFO] 2025-11-09 13:53:05,871: +PARAM [/xtion/rgb/image_rect/theora/optimize_for] by /xtion/rgb/image_proc
[rosmaster.master][INFO] 2025-11-09 13:53:05,873: +PARAM [/xtion/rgb/image_rect/theora/target_bitrate] by /xtion/rgb/image_proc
[rosmaster.master][INFO] 2025-11-09 13:53:05,884: +PARAM [/xtion/rgb/image_rect/theora/quality] by /xtion/rgb/image_proc
[rosmaster.master][INFO] 2025-11-09 13:53:05,886: +PUB [/hand_grasping_action/status] /hand_grasping_action http://127.0.0.1:35253/
[rosmaster.master][INFO] 2025-11-09 13:53:05,886: +PARAM [/xtion/rgb/image_rect/theora/keyframe_frequency] by /xtion/rgb/image_proc
[rosmaster.master][INFO] 2025-11-09 13:53:05,893: +PUB [/hand_grasping_action/result] /hand_grasping_action http://127.0.0.1:35253/
[rosmaster.master][INFO] 2025-11-09 13:53:05,903: +PUB [/hand_grasping_action/feedback] /hand_grasping_action http://127.0.0.1:35253/
[rosmaster.master][INFO] 2025-11-09 13:53:05,907: +SERVICE [/xtion/rgb/image_proc_rectify_color/set_parameters] /xtion/rgb/image_proc http://127.0.0.1:36479/
[rosmaster.master][INFO] 2025-11-09 13:53:05,910: +PUB [/xtion/rgb/image_proc_rectify_color/parameter_descriptions] /xtion/rgb/image_proc http://127.0.0.1:36479/
[rosmaster.master][INFO] 2025-11-09 13:53:05,915: +PUB [/xtion/rgb/image_proc_rectify_color/parameter_updates] /xtion/rgb/image_proc http://127.0.0.1:36479/
[rosmaster.master][INFO] 2025-11-09 13:53:05,919: +SUB [/hand_grasping_action/goal] /hand_grasping_action http://127.0.0.1:35253/
[rosmaster.master][INFO] 2025-11-09 13:53:05,923: +PARAM [/xtion/rgb/image_proc_rectify_color/interpolation] by /xtion/rgb/image_proc
[rosmaster.master][INFO] 2025-11-09 13:53:05,926: +CACHEDPARAM [/rosout_disable_topics_generation] by /spawn_model
[rosmaster.master][INFO] 2025-11-09 13:53:05,927: +PARAM [/xtion/rgb/image_proc_rectify_color/interpolation] by /xtion/rgb/image_proc
[rosmaster.master][INFO] 2025-11-09 13:53:05,928: +SUB [/hand_grasping_action/cancel] /hand_grasping_action http://127.0.0.1:35253/
[rosmaster.master][INFO] 2025-11-09 13:53:05,937: +PUB [/xtion/rgb/image_rect_color/compressedDepth] /xtion/rgb/image_proc http://127.0.0.1:36479/
[rosmaster.master][INFO] 2025-11-09 13:53:05,943: +SERVICE [/xtion/rgb/image_rect_color/compressedDepth/set_parameters] /xtion/rgb/image_proc http://127.0.0.1:36479/
[rosmaster.master][INFO] 2025-11-09 13:53:05,944: +PUB [/xtion/rgb/image_rect_color/compressedDepth/parameter_descriptions] /xtion/rgb/image_proc http://127.0.0.1:36479/
[rosmaster.master][INFO] 2025-11-09 13:53:05,946: +PUB [/xtion/rgb/image_rect_color/compressedDepth/parameter_updates] /xtion/rgb/image_proc http://127.0.0.1:36479/
[rosmaster.master][INFO] 2025-11-09 13:53:05,963: +PARAM [/xtion/rgb/image_rect_color/compressedDepth/format] by /xtion/rgb/image_proc
[rosmaster.master][INFO] 2025-11-09 13:53:05,965: +SUB [/joint_states] /hand_grasping_action http://127.0.0.1:35253/
[rosmaster.master][INFO] 2025-11-09 13:53:05,966: +PARAM [/xtion/rgb/image_rect_color/compressedDepth/depth_max] by /xtion/rgb/image_proc
[rosmaster.master][INFO] 2025-11-09 13:53:05,967: +PARAM [/xtion/rgb/image_rect_color/compressedDepth/depth_quantization] by /xtion/rgb/image_proc
[rosmaster.master][INFO] 2025-11-09 13:53:05,972: publisherUpdate[/hand_controller/follow_joint_trajectory/goal] -> http://127.0.0.1:36161/ ['http://127.0.0.1:35253/']: sec=0.13, result=[1, '', 0]
[rosmaster.master][INFO] 2025-11-09 13:53:05,972: publisherUpdate[/hand_controller/follow_joint_trajectory/cancel] -> http://127.0.0.1:36161/ ['http://127.0.0.1:35253/']
[rosmaster.master][INFO] 2025-11-09 13:53:05,974: +PARAM [/xtion/rgb/image_rect_color/compressedDepth/png_level] by /xtion/rgb/image_proc
[rosmaster.master][INFO] 2025-11-09 13:53:05,977: +PARAM [/xtion/rgb/image_rect_color/compressedDepth/format] by /xtion/rgb/image_proc
[rosmaster.master][INFO] 2025-11-09 13:53:05,979: +PARAM [/xtion/rgb/image_rect_color/compressedDepth/depth_max] by /xtion/rgb/image_proc
[rosmaster.master][INFO] 2025-11-09 13:53:05,988: +PARAM [/xtion/rgb/image_rect_color/compressedDepth/depth_quantization] by /xtion/rgb/image_proc
[rosmaster.master][INFO] 2025-11-09 13:53:05,989: +PARAM [/xtion/rgb/image_rect_color/compressedDepth/png_level] by /xtion/rgb/image_proc
[rosmaster.master][INFO] 2025-11-09 13:53:05,995: +PUB [/xtion/rgb/image_rect_color/compressed] /xtion/rgb/image_proc http://127.0.0.1:36479/
[rosmaster.master][INFO] 2025-11-09 13:53:05,998: +SERVICE [/xtion/rgb/image_rect_color/compressed/set_parameters] /xtion/rgb/image_proc http://127.0.0.1:36479/
[rosmaster.master][INFO] 2025-11-09 13:53:06,001: +PUB [/xtion/rgb/image_rect_color/compressed/parameter_descriptions] /xtion/rgb/image_proc http://127.0.0.1:36479/
[rosmaster.master][INFO] 2025-11-09 13:53:06,004: +PUB [/xtion/rgb/image_rect_color/compressed/parameter_updates] /xtion/rgb/image_proc http://127.0.0.1:36479/
[rosmaster.master][INFO] 2025-11-09 13:53:06,029: +PARAM [/xtion/rgb/image_rect_color/compressed/format] by /xtion/rgb/image_proc
[rosmaster.master][INFO] 2025-11-09 13:53:06,039: +PARAM [/xtion/rgb/image_rect_color/compressed/jpeg_quality] by /xtion/rgb/image_proc
[rosmaster.master][INFO] 2025-11-09 13:53:06,041: +PARAM [/xtion/rgb/image_rect_color/compressed/jpeg_progressive] by /xtion/rgb/image_proc
[rosmaster.master][INFO] 2025-11-09 13:53:06,042: +PARAM [/xtion/rgb/image_rect_color/compressed/jpeg_optimize] by /xtion/rgb/image_proc
[rosmaster.master][INFO] 2025-11-09 13:53:06,048: +PARAM [/xtion/rgb/image_rect_color/compressed/jpeg_restart_interval] by /xtion/rgb/image_proc
[rosmaster.master][INFO] 2025-11-09 13:53:06,060: +PARAM [/xtion/rgb/image_rect_color/compressed/png_level] by /xtion/rgb/image_proc
[rosmaster.master][INFO] 2025-11-09 13:53:06,061: +PARAM [/xtion/rgb/image_rect_color/compressed/format] by /xtion/rgb/image_proc
[rosmaster.master][INFO] 2025-11-09 13:53:06,069: +PARAM [/xtion/rgb/image_rect_color/compressed/jpeg_quality] by /xtion/rgb/image_proc
[rosmaster.master][INFO] 2025-11-09 13:53:06,070: +PARAM [/xtion/rgb/image_rect_color/compressed/jpeg_progressive] by /xtion/rgb/image_proc
[rosmaster.master][INFO] 2025-11-09 13:53:06,075: +PARAM [/xtion/rgb/image_rect_color/compressed/jpeg_optimize] by /xtion/rgb/image_proc
[rosmaster.master][INFO] 2025-11-09 13:53:06,076: +PARAM [/xtion/rgb/image_rect_color/compressed/jpeg_restart_interval] by /xtion/rgb/image_proc
[rosmaster.master][INFO] 2025-11-09 13:53:06,078: +PARAM [/xtion/rgb/image_rect_color/compressed/png_level] by /xtion/rgb/image_proc
[rosmaster.master][INFO] 2025-11-09 13:53:06,081: publisherUpdate[/hand_controller/follow_joint_trajectory/cancel] -> http://127.0.0.1:36161/ ['http://127.0.0.1:35253/']: sec=0.11, result=[1, '', 0]
[rosmaster.master][INFO] 2025-11-09 13:53:06,064: +PUB [/trajectory_execution_event] /play_motion http://127.0.0.1:45757/
[rosmaster.master][INFO] 2025-11-09 13:53:06,083: +CACHEDPARAM [/rosout_disable_topics_generation] by /spawn_model
[rosmaster.master][INFO] 2025-11-09 13:53:06,088: +PUB [/xtion/rgb/image_rect_color] /xtion/rgb/image_proc http://127.0.0.1:36479/
[rosmaster.master][INFO] 2025-11-09 13:53:06,090: +PUB [/attached_collision_object] /play_motion http://127.0.0.1:45757/
[rosmaster.master][INFO] 2025-11-09 13:53:06,091: +PUB [/xtion/rgb/image_rect_color/theora] /xtion/rgb/image_proc http://127.0.0.1:36479/
[rosmaster.master][INFO] 2025-11-09 13:53:06,092: +SERVICE [/xtion/rgb/image_rect_color/theora/set_parameters] /xtion/rgb/image_proc http://127.0.0.1:36479/
[rosmaster.master][INFO] 2025-11-09 13:53:06,093: +PUB [/xtion/rgb/image_rect_color/theora/parameter_descriptions] /xtion/rgb/image_proc http://127.0.0.1:36479/
[rosmaster.master][INFO] 2025-11-09 13:53:06,096: +PUB [/xtion/rgb/image_rect_color/theora/parameter_updates] /xtion/rgb/image_proc http://127.0.0.1:36479/
[rosmaster.master][INFO] 2025-11-09 13:53:06,097: -SUB [/clock] /spawn_model http://127.0.0.1:43333/
[rosmaster.master][INFO] 2025-11-09 13:53:06,098: -PUB [/rosout] /spawn_model http://127.0.0.1:43333/
[rosmaster.master][INFO] 2025-11-09 13:53:06,098: -SERVICE [/spawn_model/get_loggers] /spawn_model rosrpc://127.0.0.1:33699
[rosmaster.master][INFO] 2025-11-09 13:53:06,098: -SERVICE [/spawn_model/set_logger_level] /spawn_model rosrpc://127.0.0.1:33699
[rosmaster.master][INFO] 2025-11-09 13:53:06,112: +PARAM [/xtion/rgb/image_rect_color/theora/optimize_for] by /xtion/rgb/image_proc
[rosmaster.master][INFO] 2025-11-09 13:53:06,113: publisherUpdate[/rosout] -> http://127.0.0.1:38111/ ['http://127.0.0.1:36161/', 'http://127.0.0.1:41009/', 'http://127.0.0.1:34171/', 'http://127.0.0.1:39981/', 'http://127.0.0.1:37559/', 'http://127.0.0.1:42535/', 'http://127.0.0.1:43989/', 'http://127.0.0.1:45539/', 'http://127.0.0.1:45757/', 'http://127.0.0.1:37609/', 'http://127.0.0.1:41529/', 'http://127.0.0.1:34139/', 'http://127.0.0.1:36479/', 'http://127.0.0.1:40323/', 'http://127.0.0.1:37895/', 'http://127.0.0.1:46515/', 'http://127.0.0.1:35253/']
[rosmaster.master][INFO] 2025-11-09 13:53:06,115: publisherUpdate[/rosout] -> http://127.0.0.1:38111/ ['http://127.0.0.1:36161/', 'http://127.0.0.1:41009/', 'http://127.0.0.1:34171/', 'http://127.0.0.1:39981/', 'http://127.0.0.1:37559/', 'http://127.0.0.1:42535/', 'http://127.0.0.1:43989/', 'http://127.0.0.1:45539/', 'http://127.0.0.1:45757/', 'http://127.0.0.1:37609/', 'http://127.0.0.1:41529/', 'http://127.0.0.1:34139/', 'http://127.0.0.1:36479/', 'http://127.0.0.1:40323/', 'http://127.0.0.1:37895/', 'http://127.0.0.1:46515/', 'http://127.0.0.1:35253/']: sec=0.00, result=[1, '', 0]
[rosmaster.master][INFO] 2025-11-09 13:53:06,116: +SUB [/move_group/status] /play_motion http://127.0.0.1:45757/
[rosmaster.master][INFO] 2025-11-09 13:53:06,116: +PARAM [/xtion/rgb/image_rect_color/theora/target_bitrate] by /xtion/rgb/image_proc
[rosmaster.master][INFO] 2025-11-09 13:53:06,117: +PARAM [/xtion/rgb/image_rect_color/theora/quality] by /xtion/rgb/image_proc
[rosmaster.master][INFO] 2025-11-09 13:53:06,125: +PARAM [/xtion/rgb/image_rect_color/theora/keyframe_frequency] by /xtion/rgb/image_proc
[rosmaster.master][INFO] 2025-11-09 13:53:06,128: +PARAM [/xtion/rgb/image_rect_color/theora/optimize_for] by /xtion/rgb/image_proc
[rosmaster.master][INFO] 2025-11-09 13:53:06,130: +PARAM [/xtion/rgb/image_rect_color/theora/target_bitrate] by /xtion/rgb/image_proc
[rosmaster.master][INFO] 2025-11-09 13:53:06,131: +PARAM [/xtion/rgb/image_rect_color/theora/quality] by /xtion/rgb/image_proc
[rosmaster.master][INFO] 2025-11-09 13:53:06,136: +PARAM [/xtion/rgb/image_rect_color/theora/keyframe_frequency] by /xtion/rgb/image_proc
[rosmaster.master][INFO] 2025-11-09 13:53:06,137: +SUB [/move_group/feedback] /play_motion http://127.0.0.1:45757/
[rosmaster.master][INFO] 2025-11-09 13:53:06,180: +PUB [/rosout] /tuck_arm http://127.0.0.1:46715/
[rosmaster.master][INFO] 2025-11-09 13:53:06,183: publisherUpdate[/rosout] -> http://127.0.0.1:38111/ ['http://127.0.0.1:36161/', 'http://127.0.0.1:41009/', 'http://127.0.0.1:34171/', 'http://127.0.0.1:39981/', 'http://127.0.0.1:37559/', 'http://127.0.0.1:42535/', 'http://127.0.0.1:43989/', 'http://127.0.0.1:45539/', 'http://127.0.0.1:45757/', 'http://127.0.0.1:37609/', 'http://127.0.0.1:41529/', 'http://127.0.0.1:34139/', 'http://127.0.0.1:36479/', 'http://127.0.0.1:40323/', 'http://127.0.0.1:37895/', 'http://127.0.0.1:46515/', 'http://127.0.0.1:35253/', 'http://127.0.0.1:46715/']
[rosmaster.master][INFO] 2025-11-09 13:53:06,187: +SUB [/move_group/result] /play_motion http://127.0.0.1:45757/
[rosmaster.master][INFO] 2025-11-09 13:53:06,188: +PUB [/move_group/goal] /play_motion http://127.0.0.1:45757/
[rosmaster.master][INFO] 2025-11-09 13:53:06,188: publisherUpdate[/rosout] -> http://127.0.0.1:38111/ ['http://127.0.0.1:36161/', 'http://127.0.0.1:41009/', 'http://127.0.0.1:34171/', 'http://127.0.0.1:39981/', 'http://127.0.0.1:37559/', 'http://127.0.0.1:42535/', 'http://127.0.0.1:43989/', 'http://127.0.0.1:45539/', 'http://127.0.0.1:45757/', 'http://127.0.0.1:37609/', 'http://127.0.0.1:41529/', 'http://127.0.0.1:34139/', 'http://127.0.0.1:36479/', 'http://127.0.0.1:40323/', 'http://127.0.0.1:37895/', 'http://127.0.0.1:46515/', 'http://127.0.0.1:35253/', 'http://127.0.0.1:46715/']: sec=0.00, result=[1, '', 0]
[rosmaster.master][INFO] 2025-11-09 13:53:06,190: +PUB [/move_group/cancel] /play_motion http://127.0.0.1:45757/
[rosmaster.master][INFO] 2025-11-09 13:53:06,211: +SUB [/clock] /tuck_arm http://127.0.0.1:46715/
[rosmaster.master][INFO] 2025-11-09 13:53:06,220: +SERVICE [/tuck_arm/get_loggers] /tuck_arm http://127.0.0.1:46715/
[rosmaster.master][INFO] 2025-11-09 13:53:06,227: +SERVICE [/tuck_arm/set_logger_level] /tuck_arm http://127.0.0.1:46715/
[rosmaster.master][INFO] 2025-11-09 13:53:06,232: +CACHEDPARAM [/rosout_disable_topics_generation] by /tuck_arm
[rosmaster.master][INFO] 2025-11-09 13:53:06,240: +PUB [/play_motion/goal] /tuck_arm http://127.0.0.1:46715/
[rosmaster.master][INFO] 2025-11-09 13:53:06,251: +PUB [/play_motion/cancel] /tuck_arm http://127.0.0.1:46715/
[rosmaster.master][INFO] 2025-11-09 13:53:06,266: +SUB [/play_motion/status] /tuck_arm http://127.0.0.1:46715/
[rosmaster.master][INFO] 2025-11-09 13:53:06,273: +SUB [/play_motion/result] /tuck_arm http://127.0.0.1:46715/
[rosmaster.master][INFO] 2025-11-09 13:53:06,278: +SUB [/play_motion/feedback] /tuck_arm http://127.0.0.1:46715/
[rosmaster.master][INFO] 2025-11-09 13:53:06,408: +SERVICE [/move_group/planning_scene_monitor/set_parameters] /move_group http://127.0.0.1:37609/
[rosmaster.master][INFO] 2025-11-09 13:53:06,409: +PUB [/move_group/planning_scene_monitor/parameter_descriptions] /move_group http://127.0.0.1:37609/
[rosmaster.master][INFO] 2025-11-09 13:53:06,410: +PUB [/move_group/planning_scene_monitor/parameter_updates] /move_group http://127.0.0.1:37609/
[rosmaster.master][INFO] 2025-11-09 13:53:06,412: +PARAM [/move_group/planning_scene_monitor/publish_planning_scene] by /move_group
[rosmaster.master][INFO] 2025-11-09 13:53:06,413: +PARAM [/move_group/planning_scene_monitor/publish_planning_scene_hz] by /move_group
[rosmaster.master][INFO] 2025-11-09 13:53:06,414: +PARAM [/move_group/planning_scene_monitor/publish_geometry_updates] by /move_group
[rosmaster.master][INFO] 2025-11-09 13:53:06,414: +PARAM [/move_group/planning_scene_monitor/publish_state_updates] by /move_group
[rosmaster.master][INFO] 2025-11-09 13:53:06,426: +PARAM [/move_group/planning_scene_monitor/publish_transforms_updates] by /move_group
[rosmaster.master][INFO] 2025-11-09 13:53:06,427: +PUB [/move_group/monitored_planning_scene] /move_group http://127.0.0.1:37609/
[rosmaster.master][INFO] 2025-11-09 13:53:06,429: +PARAM [/move_group/planning_scene_monitor/publish_planning_scene] by /move_group
[rosmaster.master][INFO] 2025-11-09 13:53:06,431: +PARAM [/move_group/planning_scene_monitor/publish_planning_scene_hz] by /move_group
[rosmaster.master][INFO] 2025-11-09 13:53:06,432: +PARAM [/move_group/planning_scene_monitor/publish_geometry_updates] by /move_group
[rosmaster.master][INFO] 2025-11-09 13:53:06,433: +PARAM [/move_group/planning_scene_monitor/publish_state_updates] by /move_group
[rosmaster.master][INFO] 2025-11-09 13:53:06,435: +PARAM [/move_group/planning_scene_monitor/publish_transforms_updates] by /move_group
[rosmaster.master][INFO] 2025-11-09 13:53:06,438: +SUB [/joint_states] /move_group http://127.0.0.1:37609/
[rosmaster.master][INFO] 2025-11-09 13:53:06,441: +SUB [/attached_collision_object] /move_group http://127.0.0.1:37609/
[rosmaster.master][INFO] 2025-11-09 13:53:06,445: +SUB [/planning_scene] /move_group http://127.0.0.1:37609/
[rosmaster.master][INFO] 2025-11-09 13:53:06,448: +SUB [/collision_object] /move_group http://127.0.0.1:37609/
[rosmaster.master][INFO] 2025-11-09 13:53:06,451: +SUB [/planning_scene_world] /move_group http://127.0.0.1:37609/
[rosmaster.master][INFO] 2025-11-09 13:53:06,453: +SERVICE [/move_group/save_map] /move_group http://127.0.0.1:37609/
[rosmaster.master][INFO] 2025-11-09 13:53:06,454: +SERVICE [/move_group/load_map] /move_group http://127.0.0.1:37609/
[rosmaster.master][INFO] 2025-11-09 13:53:06,533: +SERVICE [/move_group/ompl/set_parameters] /move_group http://127.0.0.1:37609/
[rosmaster.master][INFO] 2025-11-09 13:53:06,533: +PUB [/move_group/ompl/parameter_descriptions] /move_group http://127.0.0.1:37609/
[rosmaster.master][INFO] 2025-11-09 13:53:06,534: +PUB [/move_group/ompl/parameter_updates] /move_group http://127.0.0.1:37609/
[rosmaster.master][INFO] 2025-11-09 13:53:06,536: +PARAM [/move_group/ompl/simplify_solutions] by /move_group
[rosmaster.master][INFO] 2025-11-09 13:53:06,537: +PARAM [/move_group/ompl/minimum_waypoint_count] by /move_group
[rosmaster.master][INFO] 2025-11-09 13:53:06,537: +PARAM [/move_group/ompl/maximum_waypoint_distance] by /move_group
[rosmaster.master][INFO] 2025-11-09 13:53:06,538: +PARAM [/move_group/ompl/link_for_exploration_tree] by /move_group
[rosmaster.master][INFO] 2025-11-09 13:53:06,538: +PARAM [/move_group/ompl/display_random_valid_states] by /move_group
[rosmaster.master][INFO] 2025-11-09 13:53:06,539: +PARAM [/move_group/ompl/simplify_solutions] by /move_group
[rosmaster.master][INFO] 2025-11-09 13:53:06,539: +PARAM [/move_group/ompl/minimum_waypoint_count] by /move_group
[rosmaster.master][INFO] 2025-11-09 13:53:06,540: +PARAM [/move_group/ompl/maximum_waypoint_distance] by /move_group
[rosmaster.master][INFO] 2025-11-09 13:53:06,540: +PARAM [/move_group/ompl/link_for_exploration_tree] by /move_group
[rosmaster.master][INFO] 2025-11-09 13:53:06,541: +PARAM [/move_group/ompl/display_random_valid_states] by /move_group
[rosmaster.master][INFO] 2025-11-09 13:53:06,551: +PUB [/move_group/display_planned_path] /move_group http://127.0.0.1:37609/
[rosmaster.master][INFO] 2025-11-09 13:53:06,551: +PUB [/move_group/display_contacts] /move_group http://127.0.0.1:37609/
[rosmaster.master][INFO] 2025-11-09 13:53:06,564: +SUB [/arm_controller/follow_joint_trajectory/status] /move_group http://127.0.0.1:37609/
[rosmaster.master][INFO] 2025-11-09 13:53:06,597: +SUB [/arm_controller/follow_joint_trajectory/feedback] /move_group http://127.0.0.1:37609/
[rosmaster.master][INFO] 2025-11-09 13:53:06,601: +SUB [/arm_controller/follow_joint_trajectory/result] /move_group http://127.0.0.1:37609/
[rosmaster.master][INFO] 2025-11-09 13:53:06,602: +PUB [/arm_controller/follow_joint_trajectory/goal] /move_group http://127.0.0.1:37609/
[rosmaster.master][INFO] 2025-11-09 13:53:06,603: +PUB [/arm_controller/follow_joint_trajectory/cancel] /move_group http://127.0.0.1:37609/
[rosmaster.master][INFO] 2025-11-09 13:53:06,630: +PUB [/rosout] /default_controllers_spawner http://127.0.0.1:32919/
[rosmaster.master][INFO] 2025-11-09 13:53:06,633: publisherUpdate[/arm_controller/follow_joint_trajectory/goal] -> http://127.0.0.1:36161/ ['http://127.0.0.1:37609/']
[rosmaster.master][INFO] 2025-11-09 13:53:06,634: publisherUpdate[/rosout] -> http://127.0.0.1:38111/ ['http://127.0.0.1:36161/', 'http://127.0.0.1:41009/', 'http://127.0.0.1:34171/', 'http://127.0.0.1:37559/', 'http://127.0.0.1:42535/', 'http://127.0.0.1:43989/', 'http://127.0.0.1:45539/', 'http://127.0.0.1:45757/', 'http://127.0.0.1:37609/', 'http://127.0.0.1:41529/', 'http://127.0.0.1:34139/', 'http://127.0.0.1:36479/', 'http://127.0.0.1:40323/', 'http://127.0.0.1:37895/', 'http://127.0.0.1:46515/', 'http://127.0.0.1:35253/', 'http://127.0.0.1:46715/', 'http://127.0.0.1:32919/']
[rosmaster.master][INFO] 2025-11-09 13:53:06,635: publisherUpdate[/rosout] -> http://127.0.0.1:38111/ ['http://127.0.0.1:36161/', 'http://127.0.0.1:41009/', 'http://127.0.0.1:34171/', 'http://127.0.0.1:37559/', 'http://127.0.0.1:42535/', 'http://127.0.0.1:43989/', 'http://127.0.0.1:45539/', 'http://127.0.0.1:45757/', 'http://127.0.0.1:37609/', 'http://127.0.0.1:41529/', 'http://127.0.0.1:34139/', 'http://127.0.0.1:36479/', 'http://127.0.0.1:40323/', 'http://127.0.0.1:37895/', 'http://127.0.0.1:46515/', 'http://127.0.0.1:35253/', 'http://127.0.0.1:46715/', 'http://127.0.0.1:32919/']: sec=0.00, result=[1, '', 0]
[rosmaster.master][INFO] 2025-11-09 13:53:06,638: +CACHEDPARAM [/rosout_disable_topics_generation] by /default_controllers_spawner
[rosmaster.master][INFO] 2025-11-09 13:53:06,643: +SUB [/clock] /default_controllers_spawner http://127.0.0.1:32919/
[rosmaster.master][INFO] 2025-11-09 13:53:06,647: +SERVICE [/default_controllers_spawner/get_loggers] /default_controllers_spawner http://127.0.0.1:32919/
[rosmaster.master][INFO] 2025-11-09 13:53:06,651: +SERVICE [/default_controllers_spawner/set_logger_level] /default_controllers_spawner http://127.0.0.1:32919/
[rosmaster.master][INFO] 2025-11-09 13:53:06,652: +CACHEDPARAM [/rosout_disable_topics_generation] by /default_controllers_spawner
[rosmaster.master][INFO] 2025-11-09 13:53:06,667: publisherUpdate[/arm_controller/follow_joint_trajectory/goal] -> http://127.0.0.1:36161/ ['http://127.0.0.1:37609/']: sec=0.03, result=[1, '', 0]
[rosmaster.master][INFO] 2025-11-09 13:53:06,667: publisherUpdate[/arm_controller/follow_joint_trajectory/cancel] -> http://127.0.0.1:36161/ ['http://127.0.0.1:37609/']
[rosmaster.master][INFO] 2025-11-09 13:53:06,669: +PUB [/rosout] /bringup_controllers_spawner_imu http://127.0.0.1:35699/
[rosmaster.master][INFO] 2025-11-09 13:53:06,670: publisherUpdate[/arm_controller/follow_joint_trajectory/cancel] -> http://127.0.0.1:36161/ ['http://127.0.0.1:37609/']: sec=0.00, result=[1, '', 0]
[rosmaster.master][INFO] 2025-11-09 13:53:06,671: +CACHEDPARAM [/rosout_disable_topics_generation] by /default_controllers_spawner
[rosmaster.master][INFO] 2025-11-09 13:53:06,684: -SUB [/clock] /default_controllers_spawner http://127.0.0.1:32919/
[rosmaster.master][INFO] 2025-11-09 13:53:06,684: -PUB [/rosout] /default_controllers_spawner http://127.0.0.1:32919/
[rosmaster.master][INFO] 2025-11-09 13:53:06,684: -SERVICE [/default_controllers_spawner/get_loggers] /default_controllers_spawner rosrpc://127.0.0.1:35211
[rosmaster.master][INFO] 2025-11-09 13:53:06,684: -SERVICE [/default_controllers_spawner/set_logger_level] /default_controllers_spawner rosrpc://127.0.0.1:35211
[rosmaster.master][INFO] 2025-11-09 13:53:06,686: +CACHEDPARAM [/rosout_disable_topics_generation] by /default_controllers_spawner
[rosmaster.master][INFO] 2025-11-09 13:53:06,686: +SUB [/clock] /bringup_controllers_spawner_imu http://127.0.0.1:35699/
[rosmaster.master][INFO] 2025-11-09 13:53:06,688: +CACHEDPARAM [/rosout_disable_topics_generation] by /default_controllers_spawner
[rosmaster.master][INFO] 2025-11-09 13:53:06,723: +SERVICE [/bringup_controllers_spawner_imu/get_loggers] /bringup_controllers_spawner_imu http://127.0.0.1:35699/
[rosmaster.master][INFO] 2025-11-09 13:53:06,732: +SERVICE [/bringup_controllers_spawner_imu/set_logger_level] /bringup_controllers_spawner_imu http://127.0.0.1:35699/
[rosmaster.master][INFO] 2025-11-09 13:53:06,737: +CACHEDPARAM [/rosout_disable_topics_generation] by /bringup_controllers_spawner_imu
[rosmaster.master][INFO] 2025-11-09 13:53:06,748: +CACHEDPARAM [/rosout_disable_topics_generation] by /bringup_controllers_spawner_imu
[rosmaster.master][INFO] 2025-11-09 13:53:06,752: +CACHEDPARAM [/rosout_disable_topics_generation] by /bringup_controllers_spawner_imu
[rosmaster.master][INFO] 2025-11-09 13:53:06,759: +CACHEDPARAM [/rosout_disable_topics_generation] by /bringup_controllers_spawner_imu
[rosmaster.master][INFO] 2025-11-09 13:53:06,768: +CACHEDPARAM [/rosout_disable_topics_generation] by /bringup_controllers_spawner_imu
[rosmaster.master][INFO] 2025-11-09 13:53:06,883: publisherUpdate[/rosout] -> http://127.0.0.1:38111/ ['http://127.0.0.1:36161/', 'http://127.0.0.1:41009/', 'http://127.0.0.1:34171/', 'http://127.0.0.1:42535/', 'http://127.0.0.1:43989/', 'http://127.0.0.1:45539/', 'http://127.0.0.1:45757/', 'http://127.0.0.1:37609/', 'http://127.0.0.1:41529/', 'http://127.0.0.1:34139/', 'http://127.0.0.1:36479/', 'http://127.0.0.1:40323/', 'http://127.0.0.1:37895/', 'http://127.0.0.1:46515/', 'http://127.0.0.1:35253/', 'http://127.0.0.1:46715/', 'http://127.0.0.1:35699/']
[rosmaster.master][INFO] 2025-11-09 13:53:06,885: publisherUpdate[/rosout] -> http://127.0.0.1:38111/ ['http://127.0.0.1:36161/', 'http://127.0.0.1:41009/', 'http://127.0.0.1:34171/', 'http://127.0.0.1:42535/', 'http://127.0.0.1:43989/', 'http://127.0.0.1:45539/', 'http://127.0.0.1:45757/', 'http://127.0.0.1:37609/', 'http://127.0.0.1:41529/', 'http://127.0.0.1:34139/', 'http://127.0.0.1:36479/', 'http://127.0.0.1:40323/', 'http://127.0.0.1:37895/', 'http://127.0.0.1:46515/', 'http://127.0.0.1:35253/', 'http://127.0.0.1:46715/', 'http://127.0.0.1:35699/']: sec=0.00, result=[1, '', 0]
[rosmaster.master][INFO] 2025-11-09 13:53:06,891: +CACHEDPARAM [/rosout_disable_topics_generation] by /bringup_controllers_spawner_imu
[rosmaster.master][INFO] 2025-11-09 13:53:06,935: +PUB [/rosout] /hand_controller_spawner http://127.0.0.1:40727/
[rosmaster.master][INFO] 2025-11-09 13:53:06,940: +SUB [/clock] /hand_controller_spawner http://127.0.0.1:40727/
[rosmaster.master][INFO] 2025-11-09 13:53:06,944: +SUB [/torso_controller/follow_joint_trajectory/status] /move_group http://127.0.0.1:37609/
[rosmaster.master][INFO] 2025-11-09 13:53:06,950: +SERVICE [/hand_controller_spawner/get_loggers] /hand_controller_spawner http://127.0.0.1:40727/
[rosmaster.master][INFO] 2025-11-09 13:53:06,962: +SERVICE [/hand_controller_spawner/set_logger_level] /hand_controller_spawner http://127.0.0.1:40727/
[rosmaster.master][INFO] 2025-11-09 13:53:06,967: +CACHEDPARAM [/rosout_disable_topics_generation] by /hand_controller_spawner
[rosmaster.master][INFO] 2025-11-09 13:53:06,982: +SUB [/torso_controller/follow_joint_trajectory/feedback] /move_group http://127.0.0.1:37609/
[rosmaster.master][INFO] 2025-11-09 13:53:06,987: +CACHEDPARAM [/rosout_disable_topics_generation] by /hand_controller_spawner
[rosmaster.master][INFO] 2025-11-09 13:53:06,990: +SUB [/torso_controller/follow_joint_trajectory/result] /move_group http://127.0.0.1:37609/
[rosmaster.master][INFO] 2025-11-09 13:53:06,991: +PUB [/torso_controller/follow_joint_trajectory/goal] /move_group http://127.0.0.1:37609/
[rosmaster.master][INFO] 2025-11-09 13:53:06,993: +PUB [/torso_controller/follow_joint_trajectory/cancel] /move_group http://127.0.0.1:37609/
[rosmaster.master][INFO] 2025-11-09 13:53:07,011: +CACHEDPARAM [/rosout_disable_topics_generation] by /hand_controller_spawner
[rosmaster.master][INFO] 2025-11-09 13:53:07,025: +CACHEDPARAM [/rosout_disable_topics_generation] by /hand_controller_spawner
[rosmaster.master][INFO] 2025-11-09 13:53:07,256: -SUB [/clock] /tuck_arm http://127.0.0.1:46715/
[rosmaster.master][INFO] 2025-11-09 13:53:07,257: -SUB [/play_motion/status] /tuck_arm http://127.0.0.1:46715/
[rosmaster.master][INFO] 2025-11-09 13:53:07,257: -SUB [/play_motion/result] /tuck_arm http://127.0.0.1:46715/
[rosmaster.master][INFO] 2025-11-09 13:53:07,257: -SUB [/play_motion/feedback] /tuck_arm http://127.0.0.1:46715/
[rosmaster.master][INFO] 2025-11-09 13:53:07,257: -PUB [/rosout] /tuck_arm http://127.0.0.1:46715/
[rosmaster.master][INFO] 2025-11-09 13:53:07,257: -PUB [/play_motion/goal] /tuck_arm http://127.0.0.1:46715/
[rosmaster.master][INFO] 2025-11-09 13:53:07,257: -PUB [/play_motion/cancel] /tuck_arm http://127.0.0.1:46715/
[rosmaster.master][INFO] 2025-11-09 13:53:07,258: -SERVICE [/tuck_arm/get_loggers] /tuck_arm rosrpc://127.0.0.1:40705
[rosmaster.master][INFO] 2025-11-09 13:53:07,258: -SERVICE [/tuck_arm/set_logger_level] /tuck_arm rosrpc://127.0.0.1:40705
[rosmaster.master][INFO] 2025-11-09 13:53:07,282: -SUB [/clock] /dynamic_footprint_publisher http://127.0.0.1:37895/
[rosmaster.master][INFO] 2025-11-09 13:53:07,283: -SUB [/tf_stream/status] /dynamic_footprint_publisher http://127.0.0.1:37895/
[rosmaster.master][INFO] 2025-11-09 13:53:07,293: -SUB [/tf_stream/result] /dynamic_footprint_publisher http://127.0.0.1:37895/
[rosmaster.master][INFO] 2025-11-09 13:53:07,293: -SUB [/tf_stream/feedback] /dynamic_footprint_publisher http://127.0.0.1:37895/
[rosmaster.master][INFO] 2025-11-09 13:53:07,294: -SUB [/clock] /joystick_relay http://127.0.0.1:40323/
[rosmaster.master][INFO] 2025-11-09 13:53:07,294: -SUB [/input_joy/cmd_vel] /joystick_relay http://127.0.0.1:40323/
[rosmaster.master][INFO] 2025-11-09 13:53:07,294: -SUB [/joy_priority_action/goal] /joystick_relay http://127.0.0.1:40323/
[rosmaster.master][INFO] 2025-11-09 13:53:07,294: -SUB [/joy_priority_action/cancel] /joystick_relay http://127.0.0.1:40323/
[rosmaster.master][INFO] 2025-11-09 13:53:07,295: -SUB [/joy_turbo_increase/goal] /joystick_relay http://127.0.0.1:40323/
[rosmaster.master][INFO] 2025-11-09 13:53:07,295: -SUB [/joy_turbo_increase/cancel] /joystick_relay http://127.0.0.1:40323/
[rosmaster.master][INFO] 2025-11-09 13:53:07,295: -SUB [/joy_turbo_decrease/goal] /joystick_relay http://127.0.0.1:40323/
[rosmaster.master][INFO] 2025-11-09 13:53:07,295: -SUB [/joy_turbo_decrease/cancel] /joystick_relay http://127.0.0.1:40323/
[rosmaster.master][INFO] 2025-11-09 13:53:07,295: -SUB [/joy_turbo_angular_increase/goal] /joystick_relay http://127.0.0.1:40323/
[rosmaster.master][INFO] 2025-11-09 13:53:07,295: -SUB [/joy_turbo_angular_increase/cancel] /joystick_relay http://127.0.0.1:40323/
[rosmaster.master][INFO] 2025-11-09 13:53:07,295: -SUB [/joy_turbo_angular_decrease/goal] /joystick_relay http://127.0.0.1:40323/
[rosmaster.master][INFO] 2025-11-09 13:53:07,296: -SUB [/joy_turbo_angular_decrease/cancel] /joystick_relay http://127.0.0.1:40323/
[rosmaster.master][INFO] 2025-11-09 13:53:07,296: -SUB [/joy_turbo_reset/goal] /joystick_relay http://127.0.0.1:40323/
[rosmaster.master][INFO] 2025-11-09 13:53:07,296: -SUB [/joy_turbo_reset/cancel] /joystick_relay http://127.0.0.1:40323/
[rosmaster.master][INFO] 2025-11-09 13:53:07,296: -PUB [/rosout] /joystick_relay http://127.0.0.1:40323/
[rosmaster.master][INFO] 2025-11-09 13:53:07,296: -PUB [/text_marker] /joystick_relay http://127.0.0.1:40323/
[rosmaster.master][INFO] 2025-11-09 13:53:07,296: -PUB [/joy_vel] /joystick_relay http://127.0.0.1:40323/
[rosmaster.master][INFO] 2025-11-09 13:53:07,296: -PUB [/joy_priority] /joystick_relay http://127.0.0.1:40323/
[rosmaster.master][INFO] 2025-11-09 13:53:07,296: -PUB [/joy_priority_action/status] /joystick_relay http://127.0.0.1:40323/
[rosmaster.master][INFO] 2025-11-09 13:53:07,297: -PUB [/joy_priority_action/result] /joystick_relay http://127.0.0.1:40323/
[rosmaster.master][INFO] 2025-11-09 13:53:07,297: -PUB [/joy_priority_action/feedback] /joystick_relay http://127.0.0.1:40323/
[rosmaster.master][INFO] 2025-11-09 13:53:07,297: -PUB [/joy_turbo_increase/status] /joystick_relay http://127.0.0.1:40323/
[rosmaster.master][INFO] 2025-11-09 13:53:07,297: -PUB [/joy_turbo_increase/result] /joystick_relay http://127.0.0.1:40323/
[rosmaster.master][INFO] 2025-11-09 13:53:07,297: -PUB [/joy_turbo_increase/feedback] /joystick_relay http://127.0.0.1:40323/
[rosmaster.master][INFO] 2025-11-09 13:53:07,298: -SUB [/clock] /is_already_there http://127.0.0.1:46515/
[rosmaster.master][INFO] 2025-11-09 13:53:07,298: -PUB [/rosout] /xtion/rgb/image_proc http://127.0.0.1:36479/
[rosmaster.master][INFO] 2025-11-09 13:53:07,298: -PUB [/rosout] /move_group http://127.0.0.1:37609/
[rosmaster.master][INFO] 2025-11-09 13:53:07,299: -PUB [/rosout] /dynamic_footprint_publisher http://127.0.0.1:37895/
[rosmaster.master][INFO] 2025-11-09 13:53:07,299: -PUB [/tf_stream/goal] /dynamic_footprint_publisher http://127.0.0.1:37895/
[rosmaster.master][INFO] 2025-11-09 13:53:07,299: -PUB [/tf_stream/cancel] /dynamic_footprint_publisher http://127.0.0.1:37895/
[rosmaster.master][INFO] 2025-11-09 13:53:07,299: -PUB [/dynamic_footprint_publisher/footprint] /dynamic_footprint_publisher http://127.0.0.1:37895/
[rosmaster.master][INFO] 2025-11-09 13:53:07,299: -PUB [/dynamic_footprint_publisher/footprint_stamped] /dynamic_footprint_publisher http://127.0.0.1:37895/
[rosmaster.master][INFO] 2025-11-09 13:53:07,299: -SERVICE [/dynamic_footprint_publisher/get_loggers] /dynamic_footprint_publisher rosrpc://127.0.0.1:42371
[rosmaster.master][INFO] 2025-11-09 13:53:07,299: -SERVICE [/dynamic_footprint_publisher/set_logger_level] /dynamic_footprint_publisher rosrpc://127.0.0.1:42371
[rosmaster.master][INFO] 2025-11-09 13:53:07,299: -SERVICE [/dynamic_footprint_publisher/change_params] /dynamic_footprint_publisher rosrpc://127.0.0.1:42371
[rosmaster.master][INFO] 2025-11-09 13:53:07,301: +PUB [/rosout] /bringup_controllers_spawner_ft http://127.0.0.1:42273/
[rosmaster.master][INFO] 2025-11-09 13:53:07,301: -PUB [/xtion/rgb/image_proc_debayer/parameter_descriptions] /xtion/rgb/image_proc http://127.0.0.1:36479/
[rosmaster.master][INFO] 2025-11-09 13:53:07,302: -PUB [/xtion/rgb/image_proc_debayer/parameter_updates] /xtion/rgb/image_proc http://127.0.0.1:36479/
[rosmaster.master][INFO] 2025-11-09 13:53:07,302: -PUB [/joy_turbo_decrease/status] /joystick_relay http://127.0.0.1:40323/
[rosmaster.master][INFO] 2025-11-09 13:53:07,302: -PUB [/joy_turbo_decrease/result] /joystick_relay http://127.0.0.1:40323/
[rosmaster.master][INFO] 2025-11-09 13:53:07,303: -PUB [/joy_turbo_decrease/feedback] /joystick_relay http://127.0.0.1:40323/
[rosmaster.master][INFO] 2025-11-09 13:53:07,303: -PUB [/joy_turbo_angular_increase/status] /joystick_relay http://127.0.0.1:40323/
[rosmaster.master][INFO] 2025-11-09 13:53:07,303: -PUB [/move_group/planning_scene_monitor/parameter_descriptions] /move_group http://127.0.0.1:37609/
[rosmaster.master][INFO] 2025-11-09 13:53:07,303: -SUB [/joint_states] /is_already_there http://127.0.0.1:46515/
[rosmaster.master][INFO] 2025-11-09 13:53:07,303: -PUB [/rosout] /is_already_there http://127.0.0.1:46515/
[rosmaster.master][INFO] 2025-11-09 13:53:07,303: -SERVICE [/is_already_there/get_loggers] /is_already_there rosrpc://127.0.0.1:44205
[rosmaster.master][INFO] 2025-11-09 13:53:07,304: -SERVICE [/is_already_there/set_logger_level] /is_already_there rosrpc://127.0.0.1:44205
[rosmaster.master][INFO] 2025-11-09 13:53:07,304: -SERVICE [/play_motion/is_already_there] /is_already_there rosrpc://127.0.0.1:44205
[rosmaster.master][INFO] 2025-11-09 13:53:07,304: -PUB [/joy_turbo_angular_increase/result] /joystick_relay http://127.0.0.1:40323/
[rosmaster.master][INFO] 2025-11-09 13:53:07,304: -PUB [/joy_turbo_angular_increase/feedback] /joystick_relay http://127.0.0.1:40323/
[rosmaster.master][INFO] 2025-11-09 13:53:07,304: -PUB [/joy_turbo_angular_decrease/status] /joystick_relay http://127.0.0.1:40323/
[rosmaster.master][INFO] 2025-11-09 13:53:07,305: -PUB [/joy_turbo_angular_decrease/result] /joystick_relay http://127.0.0.1:40323/
[rosmaster.master][INFO] 2025-11-09 13:53:07,306: -PUB [/joy_turbo_angular_decrease/feedback] /joystick_relay http://127.0.0.1:40323/
[rosmaster.master][INFO] 2025-11-09 13:53:07,307: -PUB [/joy_turbo_reset/status] /joystick_relay http://127.0.0.1:40323/
[rosmaster.master][INFO] 2025-11-09 13:53:07,308: -PUB [/joy_turbo_reset/result] /joystick_relay http://127.0.0.1:40323/
[rosmaster.master][INFO] 2025-11-09 13:53:07,308: -PUB [/move_group/planning_scene_monitor/parameter_updates] /move_group http://127.0.0.1:37609/
[rosmaster.master][INFO] 2025-11-09 13:53:07,309: -PUB [/xtion/rgb/image_mono/compressedDepth] /xtion/rgb/image_proc http://127.0.0.1:36479/
[rosmaster.master][INFO] 2025-11-09 13:53:07,309: -PUB [/xtion/rgb/image_mono/compressedDepth/parameter_descriptions] /xtion/rgb/image_proc http://127.0.0.1:36479/
[rosmaster.master][INFO] 2025-11-09 13:53:07,310: -PUB [/joy_turbo_reset/feedback] /joystick_relay http://127.0.0.1:40323/
[rosmaster.master][INFO] 2025-11-09 13:53:07,313: -PUB [/rosout] /throttle_filtering_points http://127.0.0.1:34139/
[rosmaster.master][INFO] 2025-11-09 13:53:07,313: -SERVICE [/joystick_relay/get_loggers] /joystick_relay rosrpc://127.0.0.1:43553
[rosmaster.master][INFO] 2025-11-09 13:53:07,314: -SERVICE [/joystick_relay/set_logger_level] /joystick_relay rosrpc://127.0.0.1:43553
[rosmaster.master][INFO] 2025-11-09 13:53:07,316: -PUB [/xtion/rgb/image_mono/compressedDepth/parameter_updates] /xtion/rgb/image_proc http://127.0.0.1:36479/
[rosmaster.master][INFO] 2025-11-09 13:53:07,316: -PUB [/throttle_filtering_points/parameter_descriptions] /throttle_filtering_points http://127.0.0.1:34139/
[rosmaster.master][INFO] 2025-11-09 13:53:07,317: -PUB [/rosout] /image_raw_to_rect_color_relay http://127.0.0.1:41529/
[rosmaster.master][INFO] 2025-11-09 13:53:07,317: -PUB [/move_group/monitored_planning_scene] /move_group http://127.0.0.1:37609/
[rosmaster.master][INFO] 2025-11-09 13:53:07,318: +SUB [/clock] /bringup_controllers_spawner_ft http://127.0.0.1:42273/
[rosmaster.master][INFO] 2025-11-09 13:53:07,319: -PUB [/move_group/ompl/parameter_descriptions] /move_group http://127.0.0.1:37609/
[rosmaster.master][INFO] 2025-11-09 13:53:07,319: -PUB [/throttle_filtering_points/parameter_updates] /throttle_filtering_points http://127.0.0.1:34139/
[rosmaster.master][INFO] 2025-11-09 13:53:07,320: -PUB [/xtion/rgb/image_mono/compressed] /xtion/rgb/image_proc http://127.0.0.1:36479/
[rosmaster.master][INFO] 2025-11-09 13:53:07,321: -PUB [/xtion/rgb/image_rect_color] /image_raw_to_rect_color_relay http://127.0.0.1:41529/
[rosmaster.master][INFO] 2025-11-09 13:53:07,321: -PUB [/move_group/ompl/parameter_updates] /move_group http://127.0.0.1:37609/
[rosmaster.master][INFO] 2025-11-09 13:53:07,321: -PUB [/xtion/rgb/image_mono/compressed/parameter_descriptions] /xtion/rgb/image_proc http://127.0.0.1:36479/
[rosmaster.master][INFO] 2025-11-09 13:53:07,322: -PUB [/throttle_filtering_points/filtered_points] /throttle_filtering_points http://127.0.0.1:34139/
[rosmaster.master][INFO] 2025-11-09 13:53:07,323: -PUB [/move_group/display_planned_path] /move_group http://127.0.0.1:37609/
[rosmaster.master][INFO] 2025-11-09 13:53:07,324: -SUB [/clock] /image_raw_to_rect_color_relay http://127.0.0.1:41529/
[rosmaster.master][INFO] 2025-11-09 13:53:07,324: -SUB [/xtion/rgb/image_raw] /image_raw_to_rect_color_relay http://127.0.0.1:41529/
[rosmaster.master][INFO] 2025-11-09 13:53:07,326: -SUB [/clock] /throttle_filtering_points http://127.0.0.1:34139/
[rosmaster.master][INFO] 2025-11-09 13:53:07,328: -PUB [/xtion/rgb/image_mono/compressed/parameter_updates] /xtion/rgb/image_proc http://127.0.0.1:36479/
[rosmaster.master][INFO] 2025-11-09 13:53:07,328: -SERVICE [/throttle_filtering_points/get_loggers] /throttle_filtering_points rosrpc://127.0.0.1:44095
[rosmaster.master][INFO] 2025-11-09 13:53:07,329: -SERVICE [/throttle_filtering_points/set_logger_level] /throttle_filtering_points rosrpc://127.0.0.1:44095
[rosmaster.master][INFO] 2025-11-09 13:53:07,329: -PUB [/xtion/rgb/image_mono] /xtion/rgb/image_proc http://127.0.0.1:36479/
[rosmaster.master][INFO] 2025-11-09 13:53:07,330: +SERVICE [/bringup_controllers_spawner_ft/get_loggers] /bringup_controllers_spawner_ft http://127.0.0.1:42273/
[rosmaster.master][INFO] 2025-11-09 13:53:07,330: -PUB [/move_group/display_contacts] /move_group http://127.0.0.1:37609/
[rosmaster.master][INFO] 2025-11-09 13:53:07,331: -PUB [/xtion/rgb/image_mono/theora] /xtion/rgb/image_proc http://127.0.0.1:36479/
[rosmaster.master][INFO] 2025-11-09 13:53:07,331: -SERVICE [/image_raw_to_rect_color_relay/get_loggers] /image_raw_to_rect_color_relay rosrpc://127.0.0.1:38759
[rosmaster.master][INFO] 2025-11-09 13:53:07,332: -SERVICE [/image_raw_to_rect_color_relay/set_logger_level] /image_raw_to_rect_color_relay rosrpc://127.0.0.1:38759
[rosmaster.master][INFO] 2025-11-09 13:53:07,334: -PUB [/arm_controller/follow_joint_trajectory/goal] /move_group http://127.0.0.1:37609/
[rosmaster.master][INFO] 2025-11-09 13:53:07,335: -PUB [/xtion/rgb/image_mono/theora/parameter_descriptions] /xtion/rgb/image_proc http://127.0.0.1:36479/
[rosmaster.master][INFO] 2025-11-09 13:53:07,335: +SERVICE [/bringup_controllers_spawner_ft/set_logger_level] /bringup_controllers_spawner_ft http://127.0.0.1:42273/
[rosmaster.master][INFO] 2025-11-09 13:53:07,336: -PUB [/xtion/rgb/image_mono/theora/parameter_updates] /xtion/rgb/image_proc http://127.0.0.1:36479/
[rosmaster.master][INFO] 2025-11-09 13:53:07,336: -SERVICE [/throttle_filtering_points/set_parameters] /throttle_filtering_points rosrpc://127.0.0.1:44095
[rosmaster.master][INFO] 2025-11-09 13:53:07,337: -CACHEDPARAM [/rosout_disable_topics_generation] by /throttle_filtering_points
[rosmaster.master][INFO] 2025-11-09 13:53:07,337: -CACHEDPARAM [/rosout_disable_topics_generation] by /image_raw_to_rect_color_relay
[rosmaster.master][INFO] 2025-11-09 13:53:07,338: -PUB [/arm_controller/follow_joint_trajectory/cancel] /move_group http://127.0.0.1:37609/
[rosmaster.master][INFO] 2025-11-09 13:53:07,338: +CACHEDPARAM [/rosout_disable_topics_generation] by /bringup_controllers_spawner_ft
[rosmaster.master][INFO] 2025-11-09 13:53:07,339: -PUB [/xtion/rgb/image_color/compressedDepth] /xtion/rgb/image_proc http://127.0.0.1:36479/
[rosmaster.master][INFO] 2025-11-09 13:53:07,339: -PUB [/xtion/rgb/image_color/compressedDepth/parameter_descriptions] /xtion/rgb/image_proc http://127.0.0.1:36479/
[rosmaster.master][INFO] 2025-11-09 13:53:07,340: -PUB [/torso_controller/follow_joint_trajectory/goal] /move_group http://127.0.0.1:37609/
[rosmaster.master][INFO] 2025-11-09 13:53:07,340: -PUB [/xtion/rgb/image_color/compressedDepth/parameter_updates] /xtion/rgb/image_proc http://127.0.0.1:36479/
[rosmaster.master][INFO] 2025-11-09 13:53:07,341: -PUB [/xtion/rgb/image_color/compressed] /xtion/rgb/image_proc http://127.0.0.1:36479/
[rosmaster.master][INFO] 2025-11-09 13:53:07,341: -PUB [/xtion/rgb/image_color/compressed/parameter_descriptions] /xtion/rgb/image_proc http://127.0.0.1:36479/
[rosmaster.master][INFO] 2025-11-09 13:53:07,342: -PUB [/torso_controller/follow_joint_trajectory/cancel] /move_group http://127.0.0.1:37609/
[rosmaster.master][INFO] 2025-11-09 13:53:07,343: -PUB [/xtion/rgb/image_color/compressed/parameter_updates] /xtion/rgb/image_proc http://127.0.0.1:36479/
[rosmaster.master][INFO] 2025-11-09 13:53:07,343: -SUB [/clock] /move_group http://127.0.0.1:37609/
[rosmaster.master][INFO] 2025-11-09 13:53:07,344: -PUB [/xtion/rgb/image_color] /xtion/rgb/image_proc http://127.0.0.1:36479/
[rosmaster.master][INFO] 2025-11-09 13:53:07,344: -SUB [/tf] /move_group http://127.0.0.1:37609/
[rosmaster.master][INFO] 2025-11-09 13:53:07,345: -PUB [/xtion/rgb/image_color/theora] /xtion/rgb/image_proc http://127.0.0.1:36479/
[rosmaster.master][INFO] 2025-11-09 13:53:07,345: -SUB [/tf_static] /move_group http://127.0.0.1:37609/
[rosmaster.master][INFO] 2025-11-09 13:53:07,346: -PUB [/xtion/rgb/image_color/theora/parameter_descriptions] /xtion/rgb/image_proc http://127.0.0.1:36479/
[rosmaster.master][INFO] 2025-11-09 13:53:07,347: -PUB [/xtion/rgb/image_color/theora/parameter_updates] /xtion/rgb/image_proc http://127.0.0.1:36479/
[rosmaster.master][INFO] 2025-11-09 13:53:07,347: -SUB [/joint_states] /move_group http://127.0.0.1:37609/
[rosmaster.master][INFO] 2025-11-09 13:53:07,349: -PUB [/xtion/rgb/image_proc_rectify_mono/parameter_descriptions] /xtion/rgb/image_proc http://127.0.0.1:36479/
[rosmaster.master][INFO] 2025-11-09 13:53:07,349: -SUB [/attached_collision_object] /move_group http://127.0.0.1:37609/
[rosmaster.master][INFO] 2025-11-09 13:53:07,350: -PUB [/xtion/rgb/image_proc_rectify_mono/parameter_updates] /xtion/rgb/image_proc http://127.0.0.1:36479/
[rosmaster.master][INFO] 2025-11-09 13:53:07,352: +CACHEDPARAM [/rosout_disable_topics_generation] by /bringup_controllers_spawner_ft
[rosmaster.master][INFO] 2025-11-09 13:53:07,352: -SUB [/planning_scene] /move_group http://127.0.0.1:37609/
[rosmaster.master][INFO] 2025-11-09 13:53:07,353: -PUB [/xtion/rgb/image_rect/compressedDepth] /xtion/rgb/image_proc http://127.0.0.1:36479/
[rosmaster.master][INFO] 2025-11-09 13:53:07,355: -SUB [/collision_object] /move_group http://127.0.0.1:37609/
[rosmaster.master][INFO] 2025-11-09 13:53:07,356: -PUB [/xtion/rgb/image_rect/compressedDepth/parameter_descriptions] /xtion/rgb/image_proc http://127.0.0.1:36479/
[rosmaster.master][INFO] 2025-11-09 13:53:07,357: -SUB [/planning_scene_world] /move_group http://127.0.0.1:37609/
[rosmaster.master][INFO] 2025-11-09 13:53:07,359: -SUB [/arm_controller/follow_joint_trajectory/status] /move_group http://127.0.0.1:37609/
[rosmaster.master][INFO] 2025-11-09 13:53:07,359: -PUB [/xtion/rgb/image_rect/compressedDepth/parameter_updates] /xtion/rgb/image_proc http://127.0.0.1:36479/
[rosmaster.master][INFO] 2025-11-09 13:53:07,361: -SUB [/arm_controller/follow_joint_trajectory/feedback] /move_group http://127.0.0.1:37609/
[rosmaster.master][INFO] 2025-11-09 13:53:07,362: -PUB [/xtion/rgb/image_rect/compressed] /xtion/rgb/image_proc http://127.0.0.1:36479/
[rosmaster.master][INFO] 2025-11-09 13:53:07,363: -SUB [/arm_controller/follow_joint_trajectory/result] /move_group http://127.0.0.1:37609/
[rosmaster.master][INFO] 2025-11-09 13:53:07,369: -SUB [/torso_controller/follow_joint_trajectory/status] /move_group http://127.0.0.1:37609/
[rosmaster.master][INFO] 2025-11-09 13:53:07,369: -PUB [/xtion/rgb/image_rect/compressed/parameter_descriptions] /xtion/rgb/image_proc http://127.0.0.1:36479/
[rosmaster.master][INFO] 2025-11-09 13:53:07,370: -PUB [/rosout] /tf_lookup http://127.0.0.1:43989/
[rosmaster.master][INFO] 2025-11-09 13:53:07,371: +CACHEDPARAM [/rosout_disable_topics_generation] by /bringup_controllers_spawner_ft
[rosmaster.master][INFO] 2025-11-09 13:53:07,371: -PUB [/xtion/rgb/image_rect/compressed/parameter_updates] /xtion/rgb/image_proc http://127.0.0.1:36479/
[rosmaster.master][INFO] 2025-11-09 13:53:07,373: -PUB [/tf_lookup/result] /tf_lookup http://127.0.0.1:43989/
[rosmaster.master][INFO] 2025-11-09 13:53:07,374: -SUB [/torso_controller/follow_joint_trajectory/feedback] /move_group http://127.0.0.1:37609/
[rosmaster.master][INFO] 2025-11-09 13:53:07,376: -PUB [/xtion/rgb/image_rect] /xtion/rgb/image_proc http://127.0.0.1:36479/
[rosmaster.master][INFO] 2025-11-09 13:53:07,376: -PUB [/tf_lookup/feedback] /tf_lookup http://127.0.0.1:43989/
[rosmaster.master][INFO] 2025-11-09 13:53:07,377: -SUB [/torso_controller/follow_joint_trajectory/result] /move_group http://127.0.0.1:37609/
[rosmaster.master][INFO] 2025-11-09 13:53:07,378: -PUB [/xtion/rgb/image_rect/theora] /xtion/rgb/image_proc http://127.0.0.1:36479/
[rosmaster.master][INFO] 2025-11-09 13:53:07,379: -PUB [/tf_lookup/status] /tf_lookup http://127.0.0.1:43989/
[rosmaster.master][INFO] 2025-11-09 13:53:07,379: -SERVICE [/move_group/get_loggers] /move_group rosrpc://127.0.0.1:59421
[rosmaster.master][INFO] 2025-11-09 13:53:07,381: -PUB [/tf_stream/result] /tf_lookup http://127.0.0.1:43989/
[rosmaster.master][INFO] 2025-11-09 13:53:07,381: -SERVICE [/move_group/set_logger_level] /move_group rosrpc://127.0.0.1:59421
[rosmaster.master][INFO] 2025-11-09 13:53:07,382: -PUB [/xtion/rgb/image_rect/theora/parameter_descriptions] /xtion/rgb/image_proc http://127.0.0.1:36479/
[rosmaster.master][INFO] 2025-11-09 13:53:07,382: -PUB [/tf_stream/feedback] /tf_lookup http://127.0.0.1:43989/
[rosmaster.master][INFO] 2025-11-09 13:53:07,384: -PUB [/rosout] /twist_mux http://127.0.0.1:45539/
[rosmaster.master][INFO] 2025-11-09 13:53:07,385: -PUB [/mobile_base_controller/cmd_vel] /twist_mux http://127.0.0.1:45539/
[rosmaster.master][INFO] 2025-11-09 13:53:07,385: -PUB [/diagnostics] /twist_mux http://127.0.0.1:45539/
[rosmaster.master][INFO] 2025-11-09 13:53:07,386: -SUB [/clock] /twist_mux http://127.0.0.1:45539/
[rosmaster.master][INFO] 2025-11-09 13:53:07,386: -SUB [/nav_vel] /twist_mux http://127.0.0.1:45539/
[rosmaster.master][INFO] 2025-11-09 13:53:07,387: -SERVICE [/move_group/planning_scene_monitor/set_parameters] /move_group rosrpc://127.0.0.1:59421
[rosmaster.master][INFO] 2025-11-09 13:53:07,387: -PUB [/xtion/rgb/image_rect/theora/parameter_updates] /xtion/rgb/image_proc http://127.0.0.1:36479/
[rosmaster.master][INFO] 2025-11-09 13:53:07,388: -SUB [/joy_vel] /twist_mux http://127.0.0.1:45539/
[rosmaster.master][INFO] 2025-11-09 13:53:07,389: -PUB [/xtion/rgb/image_proc_rectify_color/parameter_descriptions] /xtion/rgb/image_proc http://127.0.0.1:36479/
[rosmaster.master][INFO] 2025-11-09 13:53:07,390: -PUB [/tf_stream/status] /tf_lookup http://127.0.0.1:43989/
[rosmaster.master][INFO] 2025-11-09 13:53:07,392: +CACHEDPARAM [/rosout_disable_topics_generation] by /bringup_controllers_spawner_ft
[rosmaster.master][INFO] 2025-11-09 13:53:07,393: -SERVICE [/move_group/save_map] /move_group rosrpc://127.0.0.1:59421
[rosmaster.master][INFO] 2025-11-09 13:53:07,394: -SUB [/key_vel] /twist_mux http://127.0.0.1:45539/
[rosmaster.master][INFO] 2025-11-09 13:53:07,395: -SERVICE [/move_group/load_map] /move_group rosrpc://127.0.0.1:59421
[rosmaster.master][INFO] 2025-11-09 13:53:07,398: -SUB [/clock] /tf_lookup http://127.0.0.1:43989/
[rosmaster.master][INFO] 2025-11-09 13:53:07,398: -PUB [/xtion/rgb/image_proc_rectify_color/parameter_updates] /xtion/rgb/image_proc http://127.0.0.1:36479/
[rosmaster.master][INFO] 2025-11-09 13:53:07,399: -SUB [/tab_vel] /twist_mux http://127.0.0.1:45539/
[rosmaster.master][INFO] 2025-11-09 13:53:07,400: -SERVICE [/move_group/ompl/set_parameters] /move_group rosrpc://127.0.0.1:59421
[rosmaster.master][INFO] 2025-11-09 13:53:07,400: -SUB [/tf] /tf_lookup http://127.0.0.1:43989/
[rosmaster.master][INFO] 2025-11-09 13:53:07,401: -PUB [/xtion/rgb/image_rect_color/compressedDepth] /xtion/rgb/image_proc http://127.0.0.1:36479/
[rosmaster.master][INFO] 2025-11-09 13:53:07,401: -CACHEDPARAM [/rosout_disable_topics_generation] by /move_group
[rosmaster.master][INFO] 2025-11-09 13:53:07,404: -SUB [/marker_vel] /twist_mux http://127.0.0.1:45539/
[rosmaster.master][INFO] 2025-11-09 13:53:07,408: -SUB [/tf_static] /tf_lookup http://127.0.0.1:43989/
[rosmaster.master][INFO] 2025-11-09 13:53:07,408: -SUB [/phone_vel] /twist_mux http://127.0.0.1:45539/
[rosmaster.master][INFO] 2025-11-09 13:53:07,409: -PUB [/xtion/rgb/image_rect_color/compressedDepth/parameter_descriptions] /xtion/rgb/image_proc http://127.0.0.1:36479/
[rosmaster.master][INFO] 2025-11-09 13:53:07,410: -SUB [/rviz_joy_vel] /twist_mux http://127.0.0.1:45539/
[rosmaster.master][INFO] 2025-11-09 13:53:07,412: -SUB [/tf_lookup/goal] /tf_lookup http://127.0.0.1:43989/
[rosmaster.master][INFO] 2025-11-09 13:53:07,415: -PUB [/xtion/rgb/image_rect_color/compressedDepth/parameter_updates] /xtion/rgb/image_proc http://127.0.0.1:36479/
[rosmaster.master][INFO] 2025-11-09 13:53:07,415: -SUB [/servoing_cmd_vel] /twist_mux http://127.0.0.1:45539/
[rosmaster.master][INFO] 2025-11-09 13:53:07,416: -SUB [/tf_lookup/cancel] /tf_lookup http://127.0.0.1:43989/
[rosmaster.master][INFO] 2025-11-09 13:53:07,417: -PUB [/xtion/rgb/image_rect_color/compressed] /xtion/rgb/image_proc http://127.0.0.1:36479/
[rosmaster.master][INFO] 2025-11-09 13:53:07,418: -SUB [/pause_navigation] /twist_mux http://127.0.0.1:45539/
[rosmaster.master][INFO] 2025-11-09 13:53:07,419: -SUB [/stop_closing_loop] /twist_mux http://127.0.0.1:45539/
[rosmaster.master][INFO] 2025-11-09 13:53:07,422: -SUB [/joy_priority] /twist_mux http://127.0.0.1:45539/
[rosmaster.master][INFO] 2025-11-09 13:53:07,424: -SUB [/tf_stream/goal] /tf_lookup http://127.0.0.1:43989/
[rosmaster.master][INFO] 2025-11-09 13:53:07,425: -PUB [/xtion/rgb/image_rect_color/compressed/parameter_descriptions] /xtion/rgb/image_proc http://127.0.0.1:36479/
[rosmaster.master][INFO] 2025-11-09 13:53:07,426: -SERVICE [/twist_mux/get_loggers] /twist_mux rosrpc://127.0.0.1:45397
[rosmaster.master][INFO] 2025-11-09 13:53:07,427: -SERVICE [/twist_mux/set_logger_level] /twist_mux rosrpc://127.0.0.1:45397
[rosmaster.master][INFO] 2025-11-09 13:53:07,427: -PUB [/xtion/rgb/image_rect_color/compressed/parameter_updates] /xtion/rgb/image_proc http://127.0.0.1:36479/
[rosmaster.master][INFO] 2025-11-09 13:53:07,428: -SUB [/tf_stream/cancel] /tf_lookup http://127.0.0.1:43989/
[rosmaster.master][INFO] 2025-11-09 13:53:07,429: -CACHEDPARAM [/rosout_disable_topics_generation] by /twist_mux
[rosmaster.master][INFO] 2025-11-09 13:53:07,430: -PUB [/xtion/rgb/image_rect_color] /xtion/rgb/image_proc http://127.0.0.1:36479/
[rosmaster.master][INFO] 2025-11-09 13:53:07,430: -CACHEDPARAM [/twist_mux/diagnostic_period] by /twist_mux
[rosmaster.master][INFO] 2025-11-09 13:53:07,431: -SERVICE [/tf_lookup/get_loggers] /tf_lookup rosrpc://127.0.0.1:51627
[rosmaster.master][INFO] 2025-11-09 13:53:07,431: -CACHEDPARAM [/twist_mux/locks] by /twist_mux
[rosmaster.master][INFO] 2025-11-09 13:53:07,432: -PUB [/xtion/rgb/image_rect_color/theora] /xtion/rgb/image_proc http://127.0.0.1:36479/
[rosmaster.master][INFO] 2025-11-09 13:53:07,433: -SERVICE [/tf_lookup/set_logger_level] /tf_lookup rosrpc://127.0.0.1:51627
[rosmaster.master][INFO] 2025-11-09 13:53:07,433: -PUB [/xtion/rgb/image_rect_color/theora/parameter_descriptions] /xtion/rgb/image_proc http://127.0.0.1:36479/
[rosmaster.master][INFO] 2025-11-09 13:53:07,434: -CACHEDPARAM [/twist_mux/topics] by /twist_mux
[rosmaster.master][INFO] 2025-11-09 13:53:07,435: -PUB [/xtion/rgb/image_rect_color/theora/parameter_updates] /xtion/rgb/image_proc http://127.0.0.1:36479/
[rosmaster.master][INFO] 2025-11-09 13:53:07,435: -SERVICE [/lookupTransform] /tf_lookup rosrpc://127.0.0.1:51627
[rosmaster.master][INFO] 2025-11-09 13:53:07,436: -SUB [/clock] /xtion/rgb/image_proc http://127.0.0.1:36479/
[rosmaster.master][INFO] 2025-11-09 13:53:07,437: -CACHEDPARAM [/rosout_disable_topics_generation] by /tf_lookup
[rosmaster.master][INFO] 2025-11-09 13:53:07,438: -SERVICE [/xtion/rgb/image_proc/get_loggers] /xtion/rgb/image_proc rosrpc://127.0.0.1:42625
[rosmaster.master][INFO] 2025-11-09 13:53:07,439: -SERVICE [/xtion/rgb/image_proc/set_logger_level] /xtion/rgb/image_proc rosrpc://127.0.0.1:42625
[rosmaster.master][INFO] 2025-11-09 13:53:07,439: -SERVICE [/xtion/rgb/image_proc_debayer/set_parameters] /xtion/rgb/image_proc rosrpc://127.0.0.1:42625
[rosmaster.master][INFO] 2025-11-09 13:53:07,440: -SERVICE [/xtion/rgb/image_mono/compressedDepth/set_parameters] /xtion/rgb/image_proc rosrpc://127.0.0.1:42625
[rosmaster.master][INFO] 2025-11-09 13:53:07,441: -SERVICE [/xtion/rgb/image_mono/compressed/set_parameters] /xtion/rgb/image_proc rosrpc://127.0.0.1:42625
[rosmaster.master][INFO] 2025-11-09 13:53:07,441: -SERVICE [/xtion/rgb/image_mono/theora/set_parameters] /xtion/rgb/image_proc rosrpc://127.0.0.1:42625
[rosmaster.master][INFO] 2025-11-09 13:53:07,441: -SERVICE [/xtion/rgb/image_color/compressedDepth/set_parameters] /xtion/rgb/image_proc rosrpc://127.0.0.1:42625
[rosmaster.master][INFO] 2025-11-09 13:53:07,442: -SERVICE [/xtion/rgb/image_color/compressed/set_parameters] /xtion/rgb/image_proc rosrpc://127.0.0.1:42625
[rosmaster.master][INFO] 2025-11-09 13:53:07,443: -SERVICE [/xtion/rgb/image_color/theora/set_parameters] /xtion/rgb/image_proc rosrpc://127.0.0.1:42625
[rosmaster.master][INFO] 2025-11-09 13:53:07,443: -SERVICE [/xtion/rgb/image_proc_rectify_mono/set_parameters] /xtion/rgb/image_proc rosrpc://127.0.0.1:42625
[rosmaster.master][INFO] 2025-11-09 13:53:07,444: -SERVICE [/xtion/rgb/image_rect/compressedDepth/set_parameters] /xtion/rgb/image_proc rosrpc://127.0.0.1:42625
[rosmaster.master][INFO] 2025-11-09 13:53:07,444: -SERVICE [/xtion/rgb/image_rect/compressed/set_parameters] /xtion/rgb/image_proc rosrpc://127.0.0.1:42625
[rosmaster.master][INFO] 2025-11-09 13:53:07,445: -SERVICE [/xtion/rgb/image_rect/theora/set_parameters] /xtion/rgb/image_proc rosrpc://127.0.0.1:42625
[rosmaster.master][INFO] 2025-11-09 13:53:07,445: -SERVICE [/xtion/rgb/image_proc_rectify_color/set_parameters] /xtion/rgb/image_proc rosrpc://127.0.0.1:42625
[rosmaster.master][INFO] 2025-11-09 13:53:07,446: -SERVICE [/xtion/rgb/image_rect_color/compressedDepth/set_parameters] /xtion/rgb/image_proc rosrpc://127.0.0.1:42625
[rosmaster.master][INFO] 2025-11-09 13:53:07,446: -SERVICE [/xtion/rgb/image_rect_color/compressed/set_parameters] /xtion/rgb/image_proc rosrpc://127.0.0.1:42625
[rosmaster.master][INFO] 2025-11-09 13:53:07,447: -SERVICE [/xtion/rgb/image_rect_color/theora/set_parameters] /xtion/rgb/image_proc rosrpc://127.0.0.1:42625
[rosmaster.master][INFO] 2025-11-09 13:53:07,492: -SUB [/clock] /hand_grasping_action http://127.0.0.1:35253/
[rosmaster.master][INFO] 2025-11-09 13:53:07,492: -SUB [/hand_controller/follow_joint_trajectory/status] /hand_grasping_action http://127.0.0.1:35253/
[rosmaster.master][INFO] 2025-11-09 13:53:07,492: -SUB [/hand_controller/follow_joint_trajectory/result] /hand_grasping_action http://127.0.0.1:35253/
[rosmaster.master][INFO] 2025-11-09 13:53:07,492: -SUB [/hand_controller/follow_joint_trajectory/feedback] /hand_grasping_action http://127.0.0.1:35253/
[rosmaster.master][INFO] 2025-11-09 13:53:07,492: -SUB [/hand_grasping_action/goal] /hand_grasping_action http://127.0.0.1:35253/
[rosmaster.master][INFO] 2025-11-09 13:53:07,492: -SUB [/hand_grasping_action/cancel] /hand_grasping_action http://127.0.0.1:35253/
[rosmaster.master][INFO] 2025-11-09 13:53:07,492: -SUB [/joint_states] /hand_grasping_action http://127.0.0.1:35253/
[rosmaster.master][INFO] 2025-11-09 13:53:07,493: -PUB [/rosout] /hand_grasping_action http://127.0.0.1:35253/
[rosmaster.master][INFO] 2025-11-09 13:53:07,493: -PUB [/hand_controller/follow_joint_trajectory/goal] /hand_grasping_action http://127.0.0.1:35253/
[rosmaster.master][INFO] 2025-11-09 13:53:07,493: -PUB [/hand_controller/follow_joint_trajectory/cancel] /hand_grasping_action http://127.0.0.1:35253/
[rosmaster.master][INFO] 2025-11-09 13:53:07,494: -PUB [/hand_grasping_action/status] /hand_grasping_action http://127.0.0.1:35253/
[rosmaster.master][INFO] 2025-11-09 13:53:07,494: -PUB [/hand_grasping_action/result] /hand_grasping_action http://127.0.0.1:35253/
[rosmaster.master][INFO] 2025-11-09 13:53:07,494: -PUB [/hand_grasping_action/feedback] /hand_grasping_action http://127.0.0.1:35253/
[rosmaster.master][INFO] 2025-11-09 13:53:07,494: -SERVICE [/hand_grasping_action/get_loggers] /hand_grasping_action rosrpc://127.0.0.1:36233
[rosmaster.master][INFO] 2025-11-09 13:53:07,494: -SERVICE [/hand_grasping_action/set_logger_level] /hand_grasping_action rosrpc://127.0.0.1:36233
[rosmaster.master][INFO] 2025-11-09 13:53:07,558: +CACHEDPARAM [/rosout_disable_topics_generation] by /hand_controller_spawner
[rosmaster.master][INFO] 2025-11-09 13:53:07,586: +CACHEDPARAM [/rosout_disable_topics_generation] by /bringup_controllers_spawner_ft
[rosmaster.master][INFO] 2025-11-09 13:53:07,649: -PUB [/rosout] /play_motion http://127.0.0.1:45757/
[rosmaster.master][INFO] 2025-11-09 13:53:07,651: +CACHEDPARAM [/rosout_disable_topics_generation] by /default_controllers_spawner
[rosmaster.master][INFO] 2025-11-09 13:53:07,651: -PUB [/trajectory_execution_event] /play_motion http://127.0.0.1:45757/
[rosmaster.master][INFO] 2025-11-09 13:53:07,655: -PUB [/attached_collision_object] /play_motion http://127.0.0.1:45757/
[rosmaster.master][INFO] 2025-11-09 13:53:07,656: -PUB [/move_group/goal] /play_motion http://127.0.0.1:45757/
[rosmaster.master][INFO] 2025-11-09 13:53:07,657: -PUB [/move_group/cancel] /play_motion http://127.0.0.1:45757/
[rosmaster.master][INFO] 2025-11-09 13:53:07,659: -SUB [/clock] /play_motion http://127.0.0.1:45757/
[rosmaster.master][INFO] 2025-11-09 13:53:07,660: -SUB [/joint_states] /play_motion http://127.0.0.1:45757/
[rosmaster.master][INFO] 2025-11-09 13:53:07,661: -SUB [/tf] /play_motion http://127.0.0.1:45757/
[rosmaster.master][INFO] 2025-11-09 13:53:07,663: -SUB [/tf_static] /play_motion http://127.0.0.1:45757/
[rosmaster.master][INFO] 2025-11-09 13:53:07,664: +CACHEDPARAM [/rosout_disable_topics_generation] by /default_controllers_spawner
[rosmaster.master][INFO] 2025-11-09 13:53:07,665: -SUB [/move_group/status] /play_motion http://127.0.0.1:45757/
[rosmaster.master][INFO] 2025-11-09 13:53:07,666: -SUB [/move_group/feedback] /play_motion http://127.0.0.1:45757/
[rosmaster.master][INFO] 2025-11-09 13:53:07,667: -SUB [/move_group/result] /play_motion http://127.0.0.1:45757/
[rosmaster.master][INFO] 2025-11-09 13:53:07,668: -SERVICE [/play_motion/get_loggers] /play_motion rosrpc://127.0.0.1:50063
[rosmaster.master][INFO] 2025-11-09 13:53:07,668: +CACHEDPARAM [/rosout_disable_topics_generation] by /default_controllers_spawner
[rosmaster.master][INFO] 2025-11-09 13:53:07,669: -SERVICE [/play_motion/set_logger_level] /play_motion rosrpc://127.0.0.1:50063
[rosmaster.master][INFO] 2025-11-09 13:53:07,670: -CACHEDPARAM [/rosout_disable_topics_generation] by /play_motion
[rosmaster.master][INFO] 2025-11-09 13:53:07,682: -PUB [/mobile_base_controller/parameter_descriptions] /gazebo http://127.0.0.1:36161/
[rosmaster.master][INFO] 2025-11-09 13:53:07,685: -PUB [/mobile_base_controller/parameter_updates] /gazebo http://127.0.0.1:36161/
[rosmaster.master][INFO] 2025-11-09 13:53:07,686: -SERVICE [/mobile_base_controller/set_parameters] /gazebo rosrpc://127.0.0.1:47117
[rosmaster.master][INFO] 2025-11-09 13:53:07,690: -PUB [/tf] /gazebo http://127.0.0.1:36161/
[rosmaster.master][INFO] 2025-11-09 13:53:07,693: -PUB [/mobile_base_controller/odom] /gazebo http://127.0.0.1:36161/
[rosmaster.master][INFO] 2025-11-09 13:53:07,697: -SUB [/mobile_base_controller/cmd_vel] /gazebo http://127.0.0.1:36161/
[rosmaster.master][INFO] 2025-11-09 13:53:07,701: +CACHEDPARAM [/rosout_disable_topics_generation] by /default_controllers_spawner
[rosmaster.master][INFO] 2025-11-09 13:53:07,707: +CACHEDPARAM [/rosout_disable_topics_generation] by /default_controllers_spawner
[rosmaster.master][INFO] 2025-11-09 13:53:07,732: -PUB [/arm_controller/state] /gazebo http://127.0.0.1:36161/
[rosmaster.master][INFO] 2025-11-09 13:53:07,734: +PARAM [/move_group/trajectory_execution/execution_duration_monitoring] by /move_group
[rosmaster.master][INFO] 2025-11-09 13:53:07,734: -SERVICE [/arm_controller/query_state] /gazebo rosrpc://127.0.0.1:47117
[rosmaster.master][INFO] 2025-11-09 13:53:07,735: -PUB [/arm_controller/follow_joint_trajectory/feedback] /gazebo http://127.0.0.1:36161/
[rosmaster.master][INFO] 2025-11-09 13:53:07,736: -PUB [/arm_controller/follow_joint_trajectory/result] /gazebo http://127.0.0.1:36161/
[rosmaster.master][INFO] 2025-11-09 13:53:07,737: +PARAM [/move_group/trajectory_execution/allowed_execution_duration_scaling] by /move_group
[rosmaster.master][INFO] 2025-11-09 13:53:07,737: -PUB [/arm_controller/follow_joint_trajectory/status] /gazebo http://127.0.0.1:36161/
[rosmaster.master][INFO] 2025-11-09 13:53:07,738: +PARAM [/move_group/trajectory_execution/allowed_goal_duration_margin] by /move_group
[rosmaster.master][INFO] 2025-11-09 13:53:07,740: -SUB [/arm_controller/follow_joint_trajectory/cancel] /gazebo http://127.0.0.1:36161/
[rosmaster.master][INFO] 2025-11-09 13:53:07,741: -SUB [/arm_controller/follow_joint_trajectory/goal] /gazebo http://127.0.0.1:36161/
[rosmaster.master][INFO] 2025-11-09 13:53:07,747: -SUB [/arm_controller/command] /gazebo http://127.0.0.1:36161/
[rosmaster.master][INFO] 2025-11-09 13:53:07,744: +PARAM [/move_group/trajectory_execution/execution_velocity_scaling] by /move_group
[rosmaster.master][INFO] 2025-11-09 13:53:07,751: +PARAM [/move_group/trajectory_execution/allowed_start_tolerance] by /move_group
[rosmaster.master][INFO] 2025-11-09 13:53:07,768: +CACHEDPARAM [/rosout_disable_topics_generation] by /default_controllers_spawner
[rosmaster.master][INFO] 2025-11-09 13:53:07,773: +PARAM [/move_group/trajectory_execution/wait_for_trajectory_completion] by /move_group
[rosmaster.master][INFO] 2025-11-09 13:53:07,776: +PARAM [/move_group/trajectory_execution/execution_duration_monitoring] by /move_group
[rosmaster.master][INFO] 2025-11-09 13:53:07,785: +CACHEDPARAM [/rosout_disable_topics_generation] by /default_controllers_spawner
[rosmaster.master][INFO] 2025-11-09 13:53:07,786: +PARAM [/move_group/trajectory_execution/allowed_execution_duration_scaling] by /move_group
[rosmaster.master][INFO] 2025-11-09 13:53:07,794: +PARAM [/move_group/trajectory_execution/allowed_goal_duration_margin] by /move_group
[rosmaster.master][INFO] 2025-11-09 13:53:07,797: +CACHEDPARAM [/rosout_disable_topics_generation] by /bringup_controllers_spawner_imu
[rosmaster.master][INFO] 2025-11-09 13:53:07,801: +CACHEDPARAM [/rosout_disable_topics_generation] by /bringup_controllers_spawner_imu
[rosmaster.master][INFO] 2025-11-09 13:53:07,824: +PARAM [/move_group/trajectory_execution/execution_velocity_scaling] by /move_group
[rosmaster.master][INFO] 2025-11-09 13:53:07,824: +CACHEDPARAM [/rosout_disable_topics_generation] by /bringup_controllers_spawner_imu
[rosmaster.master][INFO] 2025-11-09 13:53:07,825: -PUB [/head_controller/state] /gazebo http://127.0.0.1:36161/
[rosmaster.master][INFO] 2025-11-09 13:53:07,829: -SERVICE [/head_controller/query_state] /gazebo rosrpc://127.0.0.1:47117
[rosmaster.master][INFO] 2025-11-09 13:53:07,837: +PARAM [/move_group/trajectory_execution/allowed_start_tolerance] by /move_group
[rosmaster.master][INFO] 2025-11-09 13:53:07,838: -PUB [/head_controller/follow_joint_trajectory/feedback] /gazebo http://127.0.0.1:36161/
[rosmaster.master][INFO] 2025-11-09 13:53:07,840: -PUB [/head_controller/follow_joint_trajectory/result] /gazebo http://127.0.0.1:36161/
[rosmaster.master][INFO] 2025-11-09 13:53:07,844: -PUB [/head_controller/follow_joint_trajectory/status] /gazebo http://127.0.0.1:36161/
[rosmaster.master][INFO] 2025-11-09 13:53:07,845: +PARAM [/move_group/trajectory_execution/wait_for_trajectory_completion] by /move_group
[rosmaster.master][INFO] 2025-11-09 13:53:07,853: -SUB [/head_controller/follow_joint_trajectory/cancel] /gazebo http://127.0.0.1:36161/
[rosmaster.master][INFO] 2025-11-09 13:53:07,888: -SUB [/head_controller/follow_joint_trajectory/goal] /gazebo http://127.0.0.1:36161/
[rosmaster.master][INFO] 2025-11-09 13:53:07,894: -SUB [/head_controller/command] /gazebo http://127.0.0.1:36161/
[rosmaster.master][INFO] 2025-11-09 13:53:07,897: +CACHEDPARAM [/rosout_disable_topics_generation] by /tuck_arm
[rosmaster.master][INFO] 2025-11-09 13:53:07,900: +CACHEDPARAM [/rosout_disable_topics_generation] by /default_controllers_spawner
[rosmaster.master][INFO] 2025-11-09 13:53:07,906: +CACHEDPARAM [/rosout_disable_topics_generation] by /default_controllers_spawner
[rosmaster.master][INFO] 2025-11-09 13:53:07,921: +CACHEDPARAM [/rosout_disable_topics_generation] by /bringup_controllers_spawner_imu
[rosmaster.master][INFO] 2025-11-09 13:53:07,924: +PARAM [/move_group/plan_execution/max_replan_attempts] by /move_group
[rosmaster.master][INFO] 2025-11-09 13:53:07,927: +CACHEDPARAM [/rosout_disable_topics_generation] by /bringup_controllers_spawner_imu
[rosmaster.master][INFO] 2025-11-09 13:53:07,932: +PARAM [/move_group/plan_execution/record_trajectory_state_frequency] by /move_group
[rosmaster.master][INFO] 2025-11-09 13:53:07,934: -PUB [/torso_controller/state] /gazebo http://127.0.0.1:36161/
[rosmaster.master][INFO] 2025-11-09 13:53:07,937: +CACHEDPARAM [/rosout_disable_topics_generation] by /bringup_controllers_spawner_imu
[rosmaster.master][INFO] 2025-11-09 13:53:07,942: +CACHEDPARAM [/rosout_disable_topics_generation] by /bringup_controllers_spawner_imu
[rosmaster.master][INFO] 2025-11-09 13:53:07,944: -SERVICE [/torso_controller/query_state] /gazebo rosrpc://127.0.0.1:47117
[rosmaster.master][INFO] 2025-11-09 13:53:07,950: +PARAM [/move_group/plan_execution/max_replan_attempts] by /move_group
[rosmaster.master][INFO] 2025-11-09 13:53:07,951: -PUB [/torso_controller/follow_joint_trajectory/feedback] /gazebo http://127.0.0.1:36161/
[rosmaster.master][INFO] 2025-11-09 13:53:07,956: -PUB [/torso_controller/follow_joint_trajectory/result] /gazebo http://127.0.0.1:36161/
[rosmaster.master][INFO] 2025-11-09 13:53:07,959: -PUB [/torso_controller/follow_joint_trajectory/status] /gazebo http://127.0.0.1:36161/
[rosmaster.master][INFO] 2025-11-09 13:53:07,960: -SUB [/torso_controller/follow_joint_trajectory/cancel] /gazebo http://127.0.0.1:36161/
[rosmaster.master][INFO] 2025-11-09 13:53:07,962: +PARAM [/move_group/plan_execution/record_trajectory_state_frequency] by /move_group
[rosmaster.master][INFO] 2025-11-09 13:53:07,964: -SUB [/torso_controller/follow_joint_trajectory/goal] /gazebo http://127.0.0.1:36161/
[rosmaster.master][INFO] 2025-11-09 13:53:07,967: -SUB [/torso_controller/command] /gazebo http://127.0.0.1:36161/
[rosmaster.master][INFO] 2025-11-09 13:53:07,972: +CACHEDPARAM [/rosout_disable_topics_generation] by /default_controllers_spawner
[rosmaster.master][INFO] 2025-11-09 13:53:07,977: +CACHEDPARAM [/rosout_disable_topics_generation] by /bringup_controllers_spawner_imu
[rosmaster.master][INFO] 2025-11-09 13:53:07,982: -PUB [/base_imu] /gazebo http://127.0.0.1:36161/
[rosmaster.master][INFO] 2025-11-09 13:53:07,998: +CACHEDPARAM [/rosout_disable_topics_generation] by /default_controllers_spawner
[rosmaster.master][INFO] 2025-11-09 13:53:08,007: -SUB [/clock] /bringup_controllers_spawner_imu http://127.0.0.1:35699/
[rosmaster.master][INFO] 2025-11-09 13:53:08,010: -PUB [/rosout] /bringup_controllers_spawner_imu http://127.0.0.1:35699/
[rosmaster.master][INFO] 2025-11-09 13:53:08,012: -SERVICE [/bringup_controllers_spawner_imu/get_loggers] /bringup_controllers_spawner_imu rosrpc://127.0.0.1:46823
[rosmaster.master][INFO] 2025-11-09 13:53:08,012: -SERVICE [/bringup_controllers_spawner_imu/set_logger_level] /bringup_controllers_spawner_imu rosrpc://127.0.0.1:46823
[rosmaster.master][INFO] 2025-11-09 13:53:08,013: +CACHEDPARAM [/rosout_disable_topics_generation] by /bringup_controllers_spawner_imu
[rosmaster.master][INFO] 2025-11-09 13:53:08,025: +PARAM [/move_group/sense_for_plan/max_safe_path_cost] by /move_group
[rosmaster.master][INFO] 2025-11-09 13:53:08,028: -SUB [/clock] /bringup_controllers_spawner_imu http://127.0.0.1:37559/
[rosmaster.master][INFO] 2025-11-09 13:53:08,030: -PUB [/rosout] /bringup_controllers_spawner_imu http://127.0.0.1:37559/
[rosmaster.master][INFO] 2025-11-09 13:53:08,031: -SERVICE [/bringup_controllers_spawner_imu/get_loggers] /bringup_controllers_spawner_imu rosrpc://127.0.0.1:45463
[rosmaster.master][INFO] 2025-11-09 13:53:08,031: -SERVICE [/bringup_controllers_spawner_imu/set_logger_level] /bringup_controllers_spawner_imu rosrpc://127.0.0.1:45463
[rosmaster.master][INFO] 2025-11-09 13:53:08,030: +PARAM [/move_group/sense_for_plan/max_look_attempts] by /move_group
[rosmaster.master][INFO] 2025-11-09 13:53:08,037: +PARAM [/move_group/sense_for_plan/max_cost_sources] by /move_group
[rosmaster.master][INFO] 2025-11-09 13:53:08,040: +PARAM [/move_group/sense_for_plan/discard_overlapping_cost_sources] by /move_group
[rosmaster.master][INFO] 2025-11-09 13:53:08,042: +PARAM [/move_group/sense_for_plan/max_safe_path_cost] by /move_group
[rosmaster.master][INFO] 2025-11-09 13:53:08,042: -PUB [/joint_states] /gazebo http://127.0.0.1:36161/
[rosmaster.master][INFO] 2025-11-09 13:53:08,046: +CACHEDPARAM [/rosout_disable_topics_generation] by /default_controllers_spawner
[rosmaster.master][INFO] 2025-11-09 13:53:08,048: -SUB [/clock] /default_controllers_spawner http://127.0.0.1:39981/
[rosmaster.master][INFO] 2025-11-09 13:53:08,050: -PUB [/rosout] /default_controllers_spawner http://127.0.0.1:39981/
[rosmaster.master][INFO] 2025-11-09 13:53:08,050: -SERVICE [/default_controllers_spawner/get_loggers] /default_controllers_spawner rosrpc://127.0.0.1:46249
[rosmaster.master][INFO] 2025-11-09 13:53:08,050: -SERVICE [/default_controllers_spawner/set_logger_level] /default_controllers_spawner rosrpc://127.0.0.1:46249
[rosmaster.master][INFO] 2025-11-09 13:53:08,052: +PARAM [/move_group/sense_for_plan/max_look_attempts] by /move_group
[rosmaster.master][INFO] 2025-11-09 13:53:08,055: +PARAM [/move_group/sense_for_plan/max_cost_sources] by /move_group
[rosmaster.master][INFO] 2025-11-09 13:53:08,057: +PARAM [/move_group/sense_for_plan/discard_overlapping_cost_sources] by /move_group
[rosmaster.master][INFO] 2025-11-09 13:53:08,143: publisherUpdate[/rosout] -> http://127.0.0.1:38111/ ['http://127.0.0.1:36161/', 'http://127.0.0.1:34171/', 'http://127.0.0.1:42535/', 'http://127.0.0.1:43989/', 'http://127.0.0.1:45539/', 'http://127.0.0.1:45757/', 'http://127.0.0.1:37609/', 'http://127.0.0.1:41529/', 'http://127.0.0.1:34139/', 'http://127.0.0.1:36479/', 'http://127.0.0.1:40323/', 'http://127.0.0.1:37895/', 'http://127.0.0.1:46515/', 'http://127.0.0.1:35253/', 'http://127.0.0.1:46715/', 'http://127.0.0.1:40727/']
[rosmaster.master][INFO] 2025-11-09 13:53:08,154: publisherUpdate[/rosout] -> http://127.0.0.1:38111/ ['http://127.0.0.1:36161/', 'http://127.0.0.1:34171/', 'http://127.0.0.1:42535/', 'http://127.0.0.1:43989/', 'http://127.0.0.1:45539/', 'http://127.0.0.1:45757/', 'http://127.0.0.1:37609/', 'http://127.0.0.1:41529/', 'http://127.0.0.1:34139/', 'http://127.0.0.1:36479/', 'http://127.0.0.1:40323/', 'http://127.0.0.1:37895/', 'http://127.0.0.1:46515/', 'http://127.0.0.1:35253/', 'http://127.0.0.1:46715/', 'http://127.0.0.1:40727/']: sec=0.01, result=[1, '', 0]
[rosmaster.master][INFO] 2025-11-09 13:53:08,158: publisherUpdate[/torso_controller/follow_joint_trajectory/goal] -> http://127.0.0.1:36161/ ['http://127.0.0.1:37609/']
[rosmaster.master][INFO] 2025-11-09 13:53:08,161: publisherUpdate[/rosout] -> http://127.0.0.1:38111/ ['http://127.0.0.1:36161/', 'http://127.0.0.1:34171/', 'http://127.0.0.1:42535/', 'http://127.0.0.1:43989/', 'http://127.0.0.1:45539/', 'http://127.0.0.1:45757/', 'http://127.0.0.1:37609/', 'http://127.0.0.1:41529/', 'http://127.0.0.1:34139/', 'http://127.0.0.1:36479/', 'http://127.0.0.1:40323/', 'http://127.0.0.1:37895/', 'http://127.0.0.1:46515/', 'http://127.0.0.1:35253/', 'http://127.0.0.1:40727/']
[rosmaster.master][INFO] 2025-11-09 13:53:08,163: publisherUpdate[/torso_controller/follow_joint_trajectory/goal] -> http://127.0.0.1:36161/ ['http://127.0.0.1:37609/']: sec=0.01, result=[0, "A controller named 'force_torque_sensor_controller' was already loaded inside the controller manager", 0]
[rosmaster.master][INFO] 2025-11-09 13:53:08,164: publisherUpdate[/torso_controller/follow_joint_trajectory/cancel] -> http://127.0.0.1:36161/ ['http://127.0.0.1:37609/']
[rosmaster.master][INFO] 2025-11-09 13:53:08,164: publisherUpdate[/rosout] -> http://127.0.0.1:38111/ ['http://127.0.0.1:36161/', 'http://127.0.0.1:34171/', 'http://127.0.0.1:42535/', 'http://127.0.0.1:43989/', 'http://127.0.0.1:45539/', 'http://127.0.0.1:45757/', 'http://127.0.0.1:37609/', 'http://127.0.0.1:41529/', 'http://127.0.0.1:34139/', 'http://127.0.0.1:36479/', 'http://127.0.0.1:40323/', 'http://127.0.0.1:37895/', 'http://127.0.0.1:46515/', 'http://127.0.0.1:35253/', 'http://127.0.0.1:40727/']: sec=0.00, result=[1, '', 0]
[rosmaster.master][INFO] 2025-11-09 13:53:08,165: publisherUpdate[/rosout] -> http://127.0.0.1:38111/ ['http://127.0.0.1:36161/', 'http://127.0.0.1:34171/', 'http://127.0.0.1:42535/', 'http://127.0.0.1:43989/', 'http://127.0.0.1:45539/', 'http://127.0.0.1:45757/', 'http://127.0.0.1:37609/', 'http://127.0.0.1:41529/', 'http://127.0.0.1:34139/', 'http://127.0.0.1:36479/', 'http://127.0.0.1:37895/', 'http://127.0.0.1:46515/', 'http://127.0.0.1:35253/', 'http://127.0.0.1:40727/']
[rosmaster.master][INFO] 2025-11-09 13:53:08,168: publisherUpdate[/torso_controller/follow_joint_trajectory/cancel] -> http://127.0.0.1:36161/ ['http://127.0.0.1:37609/']: sec=0.00, result=[0, "A controller named 'force_torque_sensor_controller' was already loaded inside the controller manager", 0]
[rosmaster.master][INFO] 2025-11-09 13:53:08,168: publisherUpdate[/joy_vel] -> http://127.0.0.1:45539/ []
[rosmaster.master][INFO] 2025-11-09 13:53:08,175: publisherUpdate[/joy_vel] -> http://127.0.0.1:45539/ []: sec=0.00, exception=[Errno 111] Connection refused
[rosmaster.master][INFO] 2025-11-09 13:53:08,176: publisherUpdate[/rosout] -> http://127.0.0.1:38111/ ['http://127.0.0.1:36161/', 'http://127.0.0.1:34171/', 'http://127.0.0.1:42535/', 'http://127.0.0.1:43989/', 'http://127.0.0.1:45539/', 'http://127.0.0.1:45757/', 'http://127.0.0.1:37609/', 'http://127.0.0.1:41529/', 'http://127.0.0.1:34139/', 'http://127.0.0.1:36479/', 'http://127.0.0.1:37895/', 'http://127.0.0.1:46515/', 'http://127.0.0.1:35253/', 'http://127.0.0.1:40727/']: sec=0.01, result=[1, '', 0]
[rosmaster.master][INFO] 2025-11-09 13:53:08,176: publisherUpdate[/joy_priority] -> http://127.0.0.1:45539/ []
[rosmaster.master][INFO] 2025-11-09 13:53:08,177: publisherUpdate[/joy_priority] -> http://127.0.0.1:45539/ []: sec=0.00, exception=[Errno 111] Connection refused
[rosmaster.master][INFO] 2025-11-09 13:53:08,178: +CACHEDPARAM [/rosout_disable_topics_generation] by /hand_controller_spawner
[rosmaster.threadpool][ERROR] 2025-11-09 13:53:08,192: Traceback (most recent call last):
  File "/opt/ros/noetic/lib/python3/dist-packages/rosmaster/threadpool.py", line 218, in run
    result = cmd(*args)
  File "/opt/ros/noetic/lib/python3/dist-packages/rosmaster/master_api.py", line 210, in publisher_update_task
    ret = xmlrpcapi(api).publisherUpdate('/master', topic, pub_uris)
  File "/usr/lib/python3.8/xmlrpc/client.py", line 1109, in __call__
    return self.__send(self.__name, args)
  File "/usr/lib/python3.8/xmlrpc/client.py", line 1450, in __request
    response = self.__transport.request(
  File "/usr/lib/python3.8/xmlrpc/client.py", line 1153, in request
    return self.single_request(host, handler, request_body, verbose)
  File "/usr/lib/python3.8/xmlrpc/client.py", line 1165, in single_request
    http_conn = self.send_request(host, handler, request_body, verbose)
  File "/usr/lib/python3.8/xmlrpc/client.py", line 1278, in send_request
    self.send_content(connection, request_body)
  File "/usr/lib/python3.8/xmlrpc/client.py", line 1308, in send_content
    connection.endheaders(request_body)
  File "/usr/lib/python3.8/http/client.py", line 1251, in endheaders
    self._send_output(message_body, encode_chunked=encode_chunked)
  File "/usr/lib/python3.8/http/client.py", line 1011, in _send_output
    self.send(msg)
  File "/usr/lib/python3.8/http/client.py", line 951, in send
    self.connect()
  File "/usr/lib/python3.8/http/client.py", line 922, in connect
    self.sock = self._create_connection(
  File "/usr/lib/python3.8/socket.py", line 808, in create_connection
    raise err
  File "/usr/lib/python3.8/socket.py", line 796, in create_connection
    sock.connect(sa)
ConnectionRefusedError: [Errno 111] Connection refused

[rosmaster.master][INFO] 2025-11-09 13:53:08,197: publisherUpdate[/rosout] -> http://127.0.0.1:38111/ ['http://127.0.0.1:36161/', 'http://127.0.0.1:34171/', 'http://127.0.0.1:42535/', 'http://127.0.0.1:43989/', 'http://127.0.0.1:45539/', 'http://127.0.0.1:45757/', 'http://127.0.0.1:37609/', 'http://127.0.0.1:41529/', 'http://127.0.0.1:34139/', 'http://127.0.0.1:37895/', 'http://127.0.0.1:46515/', 'http://127.0.0.1:35253/', 'http://127.0.0.1:40727/']
[rosmaster.threadpool][ERROR] 2025-11-09 13:53:08,199: Traceback (most recent call last):
  File "/opt/ros/noetic/lib/python3/dist-packages/rosmaster/threadpool.py", line 218, in run
    result = cmd(*args)
  File "/opt/ros/noetic/lib/python3/dist-packages/rosmaster/master_api.py", line 210, in publisher_update_task
    ret = xmlrpcapi(api).publisherUpdate('/master', topic, pub_uris)
  File "/usr/lib/python3.8/xmlrpc/client.py", line 1109, in __call__
    return self.__send(self.__name, args)
  File "/usr/lib/python3.8/xmlrpc/client.py", line 1450, in __request
    response = self.__transport.request(
  File "/usr/lib/python3.8/xmlrpc/client.py", line 1153, in request
    return self.single_request(host, handler, request_body, verbose)
  File "/usr/lib/python3.8/xmlrpc/client.py", line 1165, in single_request
    http_conn = self.send_request(host, handler, request_body, verbose)
  File "/usr/lib/python3.8/xmlrpc/client.py", line 1278, in send_request
    self.send_content(connection, request_body)
  File "/usr/lib/python3.8/xmlrpc/client.py", line 1308, in send_content
    connection.endheaders(request_body)
  File "/usr/lib/python3.8/http/client.py", line 1251, in endheaders
    self._send_output(message_body, encode_chunked=encode_chunked)
  File "/usr/lib/python3.8/http/client.py", line 1011, in _send_output
    self.send(msg)
  File "/usr/lib/python3.8/http/client.py", line 951, in send
    self.connect()
  File "/usr/lib/python3.8/http/client.py", line 922, in connect
    self.sock = self._create_connection(
  File "/usr/lib/python3.8/socket.py", line 808, in create_connection
    raise err
  File "/usr/lib/python3.8/socket.py", line 796, in create_connection
    sock.connect(sa)
ConnectionRefusedError: [Errno 111] Connection refused

[rosmaster.master][INFO] 2025-11-09 13:53:08,199: publisherUpdate[/tf_stream/goal] -> http://127.0.0.1:43989/ []
[rosmaster.master][INFO] 2025-11-09 13:53:08,201: publisherUpdate[/tf_stream/goal] -> http://127.0.0.1:43989/ []: sec=0.00, exception=[Errno 111] Connection refused
[rosmaster.master][INFO] 2025-11-09 13:53:08,202: publisherUpdate[/rosout] -> http://127.0.0.1:38111/ ['http://127.0.0.1:36161/', 'http://127.0.0.1:34171/', 'http://127.0.0.1:42535/', 'http://127.0.0.1:43989/', 'http://127.0.0.1:45539/', 'http://127.0.0.1:45757/', 'http://127.0.0.1:37609/', 'http://127.0.0.1:41529/', 'http://127.0.0.1:34139/', 'http://127.0.0.1:37895/', 'http://127.0.0.1:46515/', 'http://127.0.0.1:35253/', 'http://127.0.0.1:40727/']: sec=0.00, result=[1, '', 0]
[rosmaster.master][INFO] 2025-11-09 13:53:08,202: publisherUpdate[/rosout] -> http://127.0.0.1:38111/ ['http://127.0.0.1:36161/', 'http://127.0.0.1:34171/', 'http://127.0.0.1:42535/', 'http://127.0.0.1:43989/', 'http://127.0.0.1:45539/', 'http://127.0.0.1:45757/', 'http://127.0.0.1:41529/', 'http://127.0.0.1:34139/', 'http://127.0.0.1:37895/', 'http://127.0.0.1:46515/', 'http://127.0.0.1:35253/', 'http://127.0.0.1:40727/']
[rosmaster.master][INFO] 2025-11-09 13:53:08,205: -PUB [/rosout] /head_controller/point_head_action http://127.0.0.1:42535/
[rosmaster.master][INFO] 2025-11-09 13:53:08,213: publisherUpdate[/rosout] -> http://127.0.0.1:38111/ ['http://127.0.0.1:36161/', 'http://127.0.0.1:34171/', 'http://127.0.0.1:42535/', 'http://127.0.0.1:43989/', 'http://127.0.0.1:45539/', 'http://127.0.0.1:45757/', 'http://127.0.0.1:41529/', 'http://127.0.0.1:34139/', 'http://127.0.0.1:37895/', 'http://127.0.0.1:46515/', 'http://127.0.0.1:35253/', 'http://127.0.0.1:40727/']: sec=0.01, result=[1, '', 0]
[rosmaster.master][INFO] 2025-11-09 13:53:08,214: publisherUpdate[/rosout] -> http://127.0.0.1:38111/ ['http://127.0.0.1:36161/', 'http://127.0.0.1:34171/', 'http://127.0.0.1:42535/', 'http://127.0.0.1:43989/', 'http://127.0.0.1:45539/', 'http://127.0.0.1:45757/', 'http://127.0.0.1:41529/', 'http://127.0.0.1:34139/', 'http://127.0.0.1:46515/', 'http://127.0.0.1:35253/', 'http://127.0.0.1:40727/']
[rosmaster.threadpool][ERROR] 2025-11-09 13:53:08,214: Traceback (most recent call last):
  File "/opt/ros/noetic/lib/python3/dist-packages/rosmaster/threadpool.py", line 218, in run
    result = cmd(*args)
  File "/opt/ros/noetic/lib/python3/dist-packages/rosmaster/master_api.py", line 210, in publisher_update_task
    ret = xmlrpcapi(api).publisherUpdate('/master', topic, pub_uris)
  File "/usr/lib/python3.8/xmlrpc/client.py", line 1109, in __call__
    return self.__send(self.__name, args)
  File "/usr/lib/python3.8/xmlrpc/client.py", line 1450, in __request
    response = self.__transport.request(
  File "/usr/lib/python3.8/xmlrpc/client.py", line 1153, in request
    return self.single_request(host, handler, request_body, verbose)
  File "/usr/lib/python3.8/xmlrpc/client.py", line 1165, in single_request
    http_conn = self.send_request(host, handler, request_body, verbose)
  File "/usr/lib/python3.8/xmlrpc/client.py", line 1278, in send_request
    self.send_content(connection, request_body)
  File "/usr/lib/python3.8/xmlrpc/client.py", line 1308, in send_content
    connection.endheaders(request_body)
  File "/usr/lib/python3.8/http/client.py", line 1251, in endheaders
    self._send_output(message_body, encode_chunked=encode_chunked)
  File "/usr/lib/python3.8/http/client.py", line 1011, in _send_output
    self.send(msg)
  File "/usr/lib/python3.8/http/client.py", line 951, in send
    self.connect()
  File "/usr/lib/python3.8/http/client.py", line 922, in connect
    self.sock = self._create_connection(
  File "/usr/lib/python3.8/socket.py", line 808, in create_connection
    raise err
  File "/usr/lib/python3.8/socket.py", line 796, in create_connection
    sock.connect(sa)
ConnectionRefusedError: [Errno 111] Connection refused

[rosmaster.master][INFO] 2025-11-09 13:53:08,214: publisherUpdate[/tf_stream/cancel] -> http://127.0.0.1:43989/ []
[rosmaster.master][INFO] 2025-11-09 13:53:08,215: publisherUpdate[/tf_stream/cancel] -> http://127.0.0.1:43989/ []: sec=0.00, exception=[Errno 111] Connection refused
[rosmaster.threadpool][ERROR] 2025-11-09 13:53:08,216: Traceback (most recent call last):
  File "/opt/ros/noetic/lib/python3/dist-packages/rosmaster/threadpool.py", line 218, in run
    result = cmd(*args)
  File "/opt/ros/noetic/lib/python3/dist-packages/rosmaster/master_api.py", line 210, in publisher_update_task
    ret = xmlrpcapi(api).publisherUpdate('/master', topic, pub_uris)
  File "/usr/lib/python3.8/xmlrpc/client.py", line 1109, in __call__
    return self.__send(self.__name, args)
  File "/usr/lib/python3.8/xmlrpc/client.py", line 1450, in __request
    response = self.__transport.request(
  File "/usr/lib/python3.8/xmlrpc/client.py", line 1153, in request
    return self.single_request(host, handler, request_body, verbose)
  File "/usr/lib/python3.8/xmlrpc/client.py", line 1165, in single_request
    http_conn = self.send_request(host, handler, request_body, verbose)
  File "/usr/lib/python3.8/xmlrpc/client.py", line 1278, in send_request
    self.send_content(connection, request_body)
  File "/usr/lib/python3.8/xmlrpc/client.py", line 1308, in send_content
    connection.endheaders(request_body)
  File "/usr/lib/python3.8/http/client.py", line 1251, in endheaders
    self._send_output(message_body, encode_chunked=encode_chunked)
  File "/usr/lib/python3.8/http/client.py", line 1011, in _send_output
    self.send(msg)
  File "/usr/lib/python3.8/http/client.py", line 951, in send
    self.connect()
  File "/usr/lib/python3.8/http/client.py", line 922, in connect
    self.sock = self._create_connection(
  File "/usr/lib/python3.8/socket.py", line 808, in create_connection
    raise err
  File "/usr/lib/python3.8/socket.py", line 796, in create_connection
    sock.connect(sa)
ConnectionRefusedError: [Errno 111] Connection refused

[rosmaster.master][INFO] 2025-11-09 13:53:08,224: -PUB [/head_controller/command] /head_controller/point_head_action http://127.0.0.1:42535/
[rosmaster.master][INFO] 2025-11-09 13:53:08,227: publisherUpdate[/rosout] -> http://127.0.0.1:38111/ ['http://127.0.0.1:36161/', 'http://127.0.0.1:34171/', 'http://127.0.0.1:42535/', 'http://127.0.0.1:43989/', 'http://127.0.0.1:45539/', 'http://127.0.0.1:45757/', 'http://127.0.0.1:41529/', 'http://127.0.0.1:34139/', 'http://127.0.0.1:46515/', 'http://127.0.0.1:35253/', 'http://127.0.0.1:40727/']: sec=0.01, result=[1, '', 0]
[rosmaster.master][INFO] 2025-11-09 13:53:08,228: publisherUpdate[/rosout] -> http://127.0.0.1:38111/ ['http://127.0.0.1:36161/', 'http://127.0.0.1:42535/', 'http://127.0.0.1:43989/', 'http://127.0.0.1:45539/', 'http://127.0.0.1:45757/', 'http://127.0.0.1:41529/', 'http://127.0.0.1:34139/', 'http://127.0.0.1:46515/', 'http://127.0.0.1:35253/', 'http://127.0.0.1:40727/', 'http://127.0.0.1:42273/']
[rosmaster.master][INFO] 2025-11-09 13:53:08,234: publisherUpdate[/rosout] -> http://127.0.0.1:38111/ ['http://127.0.0.1:36161/', 'http://127.0.0.1:42535/', 'http://127.0.0.1:43989/', 'http://127.0.0.1:45539/', 'http://127.0.0.1:45757/', 'http://127.0.0.1:41529/', 'http://127.0.0.1:34139/', 'http://127.0.0.1:46515/', 'http://127.0.0.1:35253/', 'http://127.0.0.1:40727/', 'http://127.0.0.1:42273/']: sec=0.01, result=[1, '', 0]
[rosmaster.master][INFO] 2025-11-09 13:53:08,236: publisherUpdate[/rosout] -> http://127.0.0.1:38111/ ['http://127.0.0.1:36161/', 'http://127.0.0.1:42535/', 'http://127.0.0.1:43989/', 'http://127.0.0.1:45539/', 'http://127.0.0.1:45757/', 'http://127.0.0.1:41529/', 'http://127.0.0.1:34139/', 'http://127.0.0.1:35253/', 'http://127.0.0.1:40727/', 'http://127.0.0.1:42273/']
[rosmaster.master][INFO] 2025-11-09 13:53:08,236: -PUB [/head_controller/point_head_action/result] /head_controller/point_head_action http://127.0.0.1:42535/
[rosmaster.master][INFO] 2025-11-09 13:53:08,238: -PUB [/head_controller/point_head_action/feedback] /head_controller/point_head_action http://127.0.0.1:42535/
[rosmaster.master][INFO] 2025-11-09 13:53:08,240: -PUB [/head_controller/point_head_action/status] /head_controller/point_head_action http://127.0.0.1:42535/
[rosmaster.master][INFO] 2025-11-09 13:53:08,235: +CACHEDPARAM [/rosout_disable_topics_generation] by /bringup_controllers_spawner_ft
[rosmaster.master][INFO] 2025-11-09 13:53:08,243: -SUB [/clock] /head_controller/point_head_action http://127.0.0.1:42535/
[rosmaster.master][INFO] 2025-11-09 13:53:08,244: publisherUpdate[/rosout] -> http://127.0.0.1:38111/ ['http://127.0.0.1:36161/', 'http://127.0.0.1:42535/', 'http://127.0.0.1:43989/', 'http://127.0.0.1:45539/', 'http://127.0.0.1:45757/', 'http://127.0.0.1:41529/', 'http://127.0.0.1:34139/', 'http://127.0.0.1:35253/', 'http://127.0.0.1:40727/', 'http://127.0.0.1:42273/']: sec=0.01, result=[1, '', 0]
[rosmaster.master][INFO] 2025-11-09 13:53:08,245: publisherUpdate[/rosout] -> http://127.0.0.1:38111/ ['http://127.0.0.1:36161/', 'http://127.0.0.1:42535/', 'http://127.0.0.1:43989/', 'http://127.0.0.1:45539/', 'http://127.0.0.1:45757/', 'http://127.0.0.1:41529/', 'http://127.0.0.1:35253/', 'http://127.0.0.1:40727/', 'http://127.0.0.1:42273/']
[rosmaster.master][INFO] 2025-11-09 13:53:08,246: -SUB [/tf] /head_controller/point_head_action http://127.0.0.1:42535/
[rosmaster.master][INFO] 2025-11-09 13:53:08,247: publisherUpdate[/rosout] -> http://127.0.0.1:38111/ ['http://127.0.0.1:36161/', 'http://127.0.0.1:42535/', 'http://127.0.0.1:43989/', 'http://127.0.0.1:45539/', 'http://127.0.0.1:45757/', 'http://127.0.0.1:41529/', 'http://127.0.0.1:35253/', 'http://127.0.0.1:40727/', 'http://127.0.0.1:42273/']: sec=0.00, result=[1, '', 0]
[rosmaster.master][INFO] 2025-11-09 13:53:08,247: publisherUpdate[/rosout] -> http://127.0.0.1:38111/ ['http://127.0.0.1:36161/', 'http://127.0.0.1:42535/', 'http://127.0.0.1:43989/', 'http://127.0.0.1:45539/', 'http://127.0.0.1:45757/', 'http://127.0.0.1:35253/', 'http://127.0.0.1:40727/', 'http://127.0.0.1:42273/']
[rosmaster.master][INFO] 2025-11-09 13:53:08,248: -SUB [/tf_static] /head_controller/point_head_action http://127.0.0.1:42535/
[rosmaster.master][INFO] 2025-11-09 13:53:08,249: publisherUpdate[/rosout] -> http://127.0.0.1:38111/ ['http://127.0.0.1:36161/', 'http://127.0.0.1:42535/', 'http://127.0.0.1:43989/', 'http://127.0.0.1:45539/', 'http://127.0.0.1:45757/', 'http://127.0.0.1:35253/', 'http://127.0.0.1:40727/', 'http://127.0.0.1:42273/']: sec=0.00, result=[1, '', 0]
[rosmaster.master][INFO] 2025-11-09 13:53:08,250: publisherUpdate[/arm_controller/follow_joint_trajectory/goal] -> http://127.0.0.1:36161/ []
[rosmaster.master][INFO] 2025-11-09 13:53:08,250: -SUB [/head_controller/state] /head_controller/point_head_action http://127.0.0.1:42535/
[rosmaster.master][INFO] 2025-11-09 13:53:08,251: publisherUpdate[/arm_controller/follow_joint_trajectory/goal] -> http://127.0.0.1:36161/ []: sec=0.00, result=[0, "A controller named 'force_torque_sensor_controller' was already loaded inside the controller manager", 0]
[rosmaster.master][INFO] 2025-11-09 13:53:08,252: publisherUpdate[/arm_controller/follow_joint_trajectory/cancel] -> http://127.0.0.1:36161/ []
[rosmaster.master][INFO] 2025-11-09 13:53:08,253: -SUB [/head_controller/point_head_action/goal] /head_controller/point_head_action http://127.0.0.1:42535/
[rosmaster.master][INFO] 2025-11-09 13:53:08,253: publisherUpdate[/arm_controller/follow_joint_trajectory/cancel] -> http://127.0.0.1:36161/ []: sec=0.00, result=[0, "A controller named 'force_torque_sensor_controller' was already loaded inside the controller manager", 0]
[rosmaster.master][INFO] 2025-11-09 13:53:08,253: publisherUpdate[/torso_controller/follow_joint_trajectory/goal] -> http://127.0.0.1:36161/ []
[rosmaster.master][INFO] 2025-11-09 13:53:08,254: -SUB [/head_controller/point_head_action/cancel] /head_controller/point_head_action http://127.0.0.1:42535/
[rosmaster.master][INFO] 2025-11-09 13:53:08,255: publisherUpdate[/torso_controller/follow_joint_trajectory/goal] -> http://127.0.0.1:36161/ []: sec=0.00, result=[0, "A controller named 'force_torque_sensor_controller' was already loaded inside the controller manager", 0]
[rosmaster.master][INFO] 2025-11-09 13:53:08,255: publisherUpdate[/torso_controller/follow_joint_trajectory/cancel] -> http://127.0.0.1:36161/ []
[rosmaster.master][INFO] 2025-11-09 13:53:08,256: -SERVICE [/head_controller/point_head_action/get_loggers] /head_controller/point_head_action rosrpc://127.0.0.1:60347
[rosmaster.master][INFO] 2025-11-09 13:53:08,257: publisherUpdate[/torso_controller/follow_joint_trajectory/cancel] -> http://127.0.0.1:36161/ []: sec=0.00, result=[0, "A controller named 'force_torque_sensor_controller' was already loaded inside the controller manager", 0]
[rosmaster.master][INFO] 2025-11-09 13:53:08,259: publisherUpdate[/rosout] -> http://127.0.0.1:38111/ ['http://127.0.0.1:36161/', 'http://127.0.0.1:42535/', 'http://127.0.0.1:45539/', 'http://127.0.0.1:45757/', 'http://127.0.0.1:35253/', 'http://127.0.0.1:40727/', 'http://127.0.0.1:42273/']
[rosmaster.master][INFO] 2025-11-09 13:53:08,261: -SERVICE [/head_controller/point_head_action/set_logger_level] /head_controller/point_head_action rosrpc://127.0.0.1:60347
[rosmaster.master][INFO] 2025-11-09 13:53:08,265: -CACHEDPARAM [/rosout_disable_topics_generation] by /head_controller/point_head_action
[rosmaster.master][INFO] 2025-11-09 13:53:08,266: publisherUpdate[/rosout] -> http://127.0.0.1:38111/ ['http://127.0.0.1:36161/', 'http://127.0.0.1:42535/', 'http://127.0.0.1:45539/', 'http://127.0.0.1:45757/', 'http://127.0.0.1:35253/', 'http://127.0.0.1:40727/', 'http://127.0.0.1:42273/']: sec=0.01, result=[1, '', 0]
[rosmaster.master][INFO] 2025-11-09 13:53:08,268: publisherUpdate[/rosout] -> http://127.0.0.1:38111/ ['http://127.0.0.1:36161/', 'http://127.0.0.1:42535/', 'http://127.0.0.1:45757/', 'http://127.0.0.1:35253/', 'http://127.0.0.1:40727/', 'http://127.0.0.1:42273/']
[rosmaster.master][INFO] 2025-11-09 13:53:08,269: publisherUpdate[/rosout] -> http://127.0.0.1:38111/ ['http://127.0.0.1:36161/', 'http://127.0.0.1:42535/', 'http://127.0.0.1:45757/', 'http://127.0.0.1:35253/', 'http://127.0.0.1:40727/', 'http://127.0.0.1:42273/']: sec=0.00, result=[1, '', 0]
[rosmaster.master][INFO] 2025-11-09 13:53:08,270: publisherUpdate[/mobile_base_controller/cmd_vel] -> http://127.0.0.1:36161/ []
[rosmaster.master][INFO] 2025-11-09 13:53:08,274: publisherUpdate[/mobile_base_controller/cmd_vel] -> http://127.0.0.1:36161/ []: sec=0.00, result=[0, "A controller named 'force_torque_sensor_controller' was already loaded inside the controller manager", 0]
[rosmaster.master][INFO] 2025-11-09 13:53:08,274: publisherUpdate[/rosout] -> http://127.0.0.1:38111/ ['http://127.0.0.1:36161/', 'http://127.0.0.1:42535/', 'http://127.0.0.1:45757/', 'http://127.0.0.1:40727/', 'http://127.0.0.1:42273/']
[rosmaster.master][INFO] 2025-11-09 13:53:08,277: publisherUpdate[/rosout] -> http://127.0.0.1:38111/ ['http://127.0.0.1:36161/', 'http://127.0.0.1:42535/', 'http://127.0.0.1:45757/', 'http://127.0.0.1:40727/', 'http://127.0.0.1:42273/']: sec=0.00, result=[1, '', 0]
[rosmaster.master][INFO] 2025-11-09 13:53:08,279: publisherUpdate[/hand_controller/follow_joint_trajectory/goal] -> http://127.0.0.1:36161/ []
[rosmaster.master][INFO] 2025-11-09 13:53:08,281: publisherUpdate[/hand_controller/follow_joint_trajectory/goal] -> http://127.0.0.1:36161/ []: sec=0.00, result=[1, '', 0]
[rosmaster.master][INFO] 2025-11-09 13:53:08,282: publisherUpdate[/hand_controller/follow_joint_trajectory/cancel] -> http://127.0.0.1:36161/ []
[rosmaster.master][INFO] 2025-11-09 13:53:08,283: publisherUpdate[/hand_controller/follow_joint_trajectory/cancel] -> http://127.0.0.1:36161/ []: sec=0.00, result=[1, '', 0]
[rosmaster.master][INFO] 2025-11-09 13:53:08,283: publisherUpdate[/rosout] -> http://127.0.0.1:38111/ ['http://127.0.0.1:36161/', 'http://127.0.0.1:42535/', 'http://127.0.0.1:40727/', 'http://127.0.0.1:42273/']
[rosmaster.master][INFO] 2025-11-09 13:53:08,286: publisherUpdate[/rosout] -> http://127.0.0.1:38111/ ['http://127.0.0.1:36161/', 'http://127.0.0.1:42535/', 'http://127.0.0.1:40727/', 'http://127.0.0.1:42273/']: sec=0.00, result=[1, '', 0]
[rosmaster.master][INFO] 2025-11-09 13:53:08,312: publisherUpdate[/tf] -> http://127.0.0.1:42535/ []
[rosmaster.master][INFO] 2025-11-09 13:53:08,387: publisherUpdate[/tf] -> http://127.0.0.1:42535/ []: sec=0.07, exception=[Errno 111] Connection refused
[rosmaster.threadpool][ERROR] 2025-11-09 13:53:08,389: Traceback (most recent call last):
  File "/opt/ros/noetic/lib/python3/dist-packages/rosmaster/threadpool.py", line 218, in run
    result = cmd(*args)
  File "/opt/ros/noetic/lib/python3/dist-packages/rosmaster/master_api.py", line 210, in publisher_update_task
    ret = xmlrpcapi(api).publisherUpdate('/master', topic, pub_uris)
  File "/usr/lib/python3.8/xmlrpc/client.py", line 1109, in __call__
    return self.__send(self.__name, args)
  File "/usr/lib/python3.8/xmlrpc/client.py", line 1450, in __request
    response = self.__transport.request(
  File "/usr/lib/python3.8/xmlrpc/client.py", line 1153, in request
    return self.single_request(host, handler, request_body, verbose)
  File "/usr/lib/python3.8/xmlrpc/client.py", line 1165, in single_request
    http_conn = self.send_request(host, handler, request_body, verbose)
  File "/usr/lib/python3.8/xmlrpc/client.py", line 1278, in send_request
    self.send_content(connection, request_body)
  File "/usr/lib/python3.8/xmlrpc/client.py", line 1308, in send_content
    connection.endheaders(request_body)
  File "/usr/lib/python3.8/http/client.py", line 1251, in endheaders
    self._send_output(message_body, encode_chunked=encode_chunked)
  File "/usr/lib/python3.8/http/client.py", line 1011, in _send_output
    self.send(msg)
  File "/usr/lib/python3.8/http/client.py", line 951, in send
    self.connect()
  File "/usr/lib/python3.8/http/client.py", line 922, in connect
    self.sock = self._create_connection(
  File "/usr/lib/python3.8/socket.py", line 808, in create_connection
    raise err
  File "/usr/lib/python3.8/socket.py", line 796, in create_connection
    sock.connect(sa)
ConnectionRefusedError: [Errno 111] Connection refused

[rosmaster.master][INFO] 2025-11-09 13:53:08,394: publisherUpdate[/head_controller/state] -> http://127.0.0.1:42535/ []
[rosmaster.master][INFO] 2025-11-09 13:53:08,396: publisherUpdate[/head_controller/state] -> http://127.0.0.1:42535/ []: sec=0.00, exception=[Errno 111] Connection refused
[rosmaster.threadpool][ERROR] 2025-11-09 13:53:08,400: Traceback (most recent call last):
  File "/opt/ros/noetic/lib/python3/dist-packages/rosmaster/threadpool.py", line 218, in run
    result = cmd(*args)
  File "/opt/ros/noetic/lib/python3/dist-packages/rosmaster/master_api.py", line 210, in publisher_update_task
    ret = xmlrpcapi(api).publisherUpdate('/master', topic, pub_uris)
  File "/usr/lib/python3.8/xmlrpc/client.py", line 1109, in __call__
    return self.__send(self.__name, args)
  File "/usr/lib/python3.8/xmlrpc/client.py", line 1450, in __request
    response = self.__transport.request(
  File "/usr/lib/python3.8/xmlrpc/client.py", line 1153, in request
    return self.single_request(host, handler, request_body, verbose)
  File "/usr/lib/python3.8/xmlrpc/client.py", line 1165, in single_request
    http_conn = self.send_request(host, handler, request_body, verbose)
  File "/usr/lib/python3.8/xmlrpc/client.py", line 1278, in send_request
    self.send_content(connection, request_body)
  File "/usr/lib/python3.8/xmlrpc/client.py", line 1308, in send_content
    connection.endheaders(request_body)
  File "/usr/lib/python3.8/http/client.py", line 1251, in endheaders
    self._send_output(message_body, encode_chunked=encode_chunked)
  File "/usr/lib/python3.8/http/client.py", line 1011, in _send_output
    self.send(msg)
  File "/usr/lib/python3.8/http/client.py", line 951, in send
    self.connect()
  File "/usr/lib/python3.8/http/client.py", line 922, in connect
    self.sock = self._create_connection(
  File "/usr/lib/python3.8/socket.py", line 808, in create_connection
    raise err
  File "/usr/lib/python3.8/socket.py", line 796, in create_connection
    sock.connect(sa)
ConnectionRefusedError: [Errno 111] Connection refused

[rosmaster.master][INFO] 2025-11-09 13:53:08,413: publisherUpdate[/rosout] -> http://127.0.0.1:38111/ ['http://127.0.0.1:36161/', 'http://127.0.0.1:42273/']
[rosmaster.master][INFO] 2025-11-09 13:53:08,416: publisherUpdate[/rosout] -> http://127.0.0.1:38111/ ['http://127.0.0.1:36161/', 'http://127.0.0.1:42273/']: sec=0.00, result=[1, '', 0]
[rosmaster.master][INFO] 2025-11-09 13:53:08,576: +CACHEDPARAM [/rosout_disable_topics_generation] by /hand_controller_spawner
[rosmaster.master][INFO] 2025-11-09 13:53:08,621: +CACHEDPARAM [/rosout_disable_topics_generation] by /hand_controller_spawner
[rosmaster.master][INFO] 2025-11-09 13:53:08,625: +CACHEDPARAM [/rosout_disable_topics_generation] by /bringup_controllers_spawner_ft
[rosmaster.master][INFO] 2025-11-09 13:53:08,631: -SUB [/clock] /hand_controller_spawner http://127.0.0.1:40727/
[rosmaster.master][INFO] 2025-11-09 13:53:08,631: -PUB [/rosout] /hand_controller_spawner http://127.0.0.1:40727/
[rosmaster.master][INFO] 2025-11-09 13:53:08,632: -SERVICE [/hand_controller_spawner/get_loggers] /hand_controller_spawner rosrpc://127.0.0.1:41849
[rosmaster.master][INFO] 2025-11-09 13:53:08,632: -SERVICE [/hand_controller_spawner/set_logger_level] /hand_controller_spawner rosrpc://127.0.0.1:41849
[rosmaster.master][INFO] 2025-11-09 13:53:08,642: +CACHEDPARAM [/rosout_disable_topics_generation] by /bringup_controllers_spawner_ft
[rosmaster.master][INFO] 2025-11-09 13:53:08,650: -SUB [/clock] /bringup_controllers_spawner_ft http://127.0.0.1:42273/
[rosmaster.master][INFO] 2025-11-09 13:53:08,650: -PUB [/rosout] /bringup_controllers_spawner_ft http://127.0.0.1:42273/
[rosmaster.master][INFO] 2025-11-09 13:53:08,650: -SERVICE [/bringup_controllers_spawner_ft/get_loggers] /bringup_controllers_spawner_ft rosrpc://127.0.0.1:33021
[rosmaster.master][INFO] 2025-11-09 13:53:08,650: -SERVICE [/bringup_controllers_spawner_ft/set_logger_level] /bringup_controllers_spawner_ft rosrpc://127.0.0.1:33021
[rosmaster.master][INFO] 2025-11-09 13:53:08,741: +CACHEDPARAM [/rosout_disable_topics_generation] by /hand_controller_spawner
[rosmaster.master][INFO] 2025-11-09 13:53:08,743: +CACHEDPARAM [/rosout_disable_topics_generation] by /hand_controller_spawner
[rosmaster.master][INFO] 2025-11-09 13:53:08,758: +CACHEDPARAM [/rosout_disable_topics_generation] by /bringup_controllers_spawner_ft
[rosmaster.master][INFO] 2025-11-09 13:53:08,763: +CACHEDPARAM [/rosout_disable_topics_generation] by /bringup_controllers_spawner_ft
[rosmaster.master][INFO] 2025-11-09 13:53:09,189: +CACHEDPARAM [/rosout_disable_topics_generation] by /hand_controller_spawner
[rosmaster.master][INFO] 2025-11-09 13:53:09,195: +CACHEDPARAM [/rosout_disable_topics_generation] by /hand_controller_spawner
[rosmaster.master][INFO] 2025-11-09 13:53:09,197: +CACHEDPARAM [/rosout_disable_topics_generation] by /hand_controller_spawner
[rosmaster.master][INFO] 2025-11-09 13:53:09,206: -PUB [/hand_controller/state] /gazebo http://127.0.0.1:36161/
[rosmaster.master][INFO] 2025-11-09 13:53:09,207: -SERVICE [/hand_controller/query_state] /gazebo rosrpc://127.0.0.1:47117
[rosmaster.master][INFO] 2025-11-09 13:53:09,208: -PUB [/hand_controller/follow_joint_trajectory/feedback] /gazebo http://127.0.0.1:36161/
[rosmaster.master][INFO] 2025-11-09 13:53:09,209: -PUB [/hand_controller/follow_joint_trajectory/result] /gazebo http://127.0.0.1:36161/
[rosmaster.master][INFO] 2025-11-09 13:53:09,210: -PUB [/hand_controller/follow_joint_trajectory/status] /gazebo http://127.0.0.1:36161/
[rosmaster.master][INFO] 2025-11-09 13:53:09,210: -SUB [/hand_controller/follow_joint_trajectory/cancel] /gazebo http://127.0.0.1:36161/
[rosmaster.master][INFO] 2025-11-09 13:53:09,211: -SUB [/hand_controller/follow_joint_trajectory/goal] /gazebo http://127.0.0.1:36161/
[rosmaster.master][INFO] 2025-11-09 13:53:09,212: -SUB [/hand_controller/command] /gazebo http://127.0.0.1:36161/
[rosmaster.master][INFO] 2025-11-09 13:53:09,215: +CACHEDPARAM [/rosout_disable_topics_generation] by /hand_controller_spawner
[rosmaster.master][INFO] 2025-11-09 13:53:09,217: -SUB [/clock] /hand_controller_spawner http://127.0.0.1:41009/
[rosmaster.master][INFO] 2025-11-09 13:53:09,218: -PUB [/rosout] /hand_controller_spawner http://127.0.0.1:41009/
[rosmaster.master][INFO] 2025-11-09 13:53:09,218: -SERVICE [/hand_controller_spawner/get_loggers] /hand_controller_spawner rosrpc://127.0.0.1:39285
[rosmaster.master][INFO] 2025-11-09 13:53:09,218: -SERVICE [/hand_controller_spawner/set_logger_level] /hand_controller_spawner rosrpc://127.0.0.1:39285
[rosmaster.master][INFO] 2025-11-09 13:53:09,251: +CACHEDPARAM [/rosout_disable_topics_generation] by /bringup_controllers_spawner_ft
[rosmaster.master][INFO] 2025-11-09 13:53:09,257: +CACHEDPARAM [/rosout_disable_topics_generation] by /bringup_controllers_spawner_ft
[rosmaster.master][INFO] 2025-11-09 13:53:09,260: +CACHEDPARAM [/rosout_disable_topics_generation] by /bringup_controllers_spawner_ft
[rosmaster.master][INFO] 2025-11-09 13:53:09,270: -PUB [/wrist_ft_temperature] /gazebo http://127.0.0.1:36161/
[rosmaster.master][INFO] 2025-11-09 13:53:09,271: -PUB [/wrist_ft] /gazebo http://127.0.0.1:36161/
[rosmaster.master][INFO] 2025-11-09 13:53:09,274: +CACHEDPARAM [/rosout_disable_topics_generation] by /bringup_controllers_spawner_ft
[rosmaster.master][INFO] 2025-11-09 13:53:09,279: -SUB [/clock] /bringup_controllers_spawner_ft http://127.0.0.1:34171/
[rosmaster.master][INFO] 2025-11-09 13:53:09,279: -PUB [/rosout] /bringup_controllers_spawner_ft http://127.0.0.1:34171/
[rosmaster.master][INFO] 2025-11-09 13:53:09,279: -SERVICE [/bringup_controllers_spawner_ft/get_loggers] /bringup_controllers_spawner_ft rosrpc://127.0.0.1:46539
[rosmaster.master][INFO] 2025-11-09 13:53:09,280: -SERVICE [/bringup_controllers_spawner_ft/set_logger_level] /bringup_controllers_spawner_ft rosrpc://127.0.0.1:46539
[rosmaster.master][INFO] 2025-11-09 13:53:51,964: -SUB [/gazebo/set_link_state] /gazebo http://127.0.0.1:36161/
[rosmaster.master][INFO] 2025-11-09 13:53:51,965: -SUB [/gazebo/set_model_state] /gazebo http://127.0.0.1:36161/
[rosmaster.master][INFO] 2025-11-09 13:53:51,965: -PUB [/clock] /gazebo http://127.0.0.1:36161/
[rosmaster.master][INFO] 2025-11-09 13:53:51,966: -PUB [/gazebo/link_states] /gazebo http://127.0.0.1:36161/
[rosmaster.master][INFO] 2025-11-09 13:53:51,966: -PUB [/gazebo/model_states] /gazebo http://127.0.0.1:36161/
[rosmaster.master][INFO] 2025-11-09 13:53:51,966: -SERVICE [/gazebo/spawn_sdf_model] /gazebo rosrpc://127.0.0.1:47117
[rosmaster.master][INFO] 2025-11-09 13:53:51,967: -SERVICE [/gazebo/spawn_urdf_model] /gazebo rosrpc://127.0.0.1:47117
[rosmaster.master][INFO] 2025-11-09 13:53:51,967: -SERVICE [/gazebo/delete_model] /gazebo rosrpc://127.0.0.1:47117
[rosmaster.master][INFO] 2025-11-09 13:53:51,968: -SERVICE [/gazebo/delete_light] /gazebo rosrpc://127.0.0.1:47117
[rosmaster.master][INFO] 2025-11-09 13:53:51,968: -SERVICE [/gazebo/get_model_properties] /gazebo rosrpc://127.0.0.1:47117
[rosmaster.master][INFO] 2025-11-09 13:53:51,969: -SERVICE [/gazebo/get_model_state] /gazebo rosrpc://127.0.0.1:47117
[rosmaster.master][INFO] 2025-11-09 13:53:51,969: -SERVICE [/gazebo/get_world_properties] /gazebo rosrpc://127.0.0.1:47117
[rosmaster.master][INFO] 2025-11-09 13:53:51,969: -SERVICE [/gazebo/get_joint_properties] /gazebo rosrpc://127.0.0.1:47117
[rosmaster.master][INFO] 2025-11-09 13:53:51,970: -SERVICE [/gazebo/get_link_properties] /gazebo rosrpc://127.0.0.1:47117
[rosmaster.master][INFO] 2025-11-09 13:53:51,970: -SERVICE [/gazebo/get_link_state] /gazebo rosrpc://127.0.0.1:47117
[rosmaster.master][INFO] 2025-11-09 13:53:51,971: -SERVICE [/gazebo/get_light_properties] /gazebo rosrpc://127.0.0.1:47117
[rosmaster.master][INFO] 2025-11-09 13:53:51,971: -SERVICE [/gazebo/set_light_properties] /gazebo rosrpc://127.0.0.1:47117
[rosmaster.master][INFO] 2025-11-09 13:53:51,971: -SERVICE [/gazebo/get_physics_properties] /gazebo rosrpc://127.0.0.1:47117
[rosmaster.master][INFO] 2025-11-09 13:53:51,972: -SERVICE [/gazebo/set_link_properties] /gazebo rosrpc://127.0.0.1:47117
[rosmaster.master][INFO] 2025-11-09 13:53:51,972: -SERVICE [/gazebo/set_physics_properties] /gazebo rosrpc://127.0.0.1:47117
[rosmaster.master][INFO] 2025-11-09 13:53:51,972: -SERVICE [/gazebo/set_model_state] /gazebo rosrpc://127.0.0.1:47117
[rosmaster.master][INFO] 2025-11-09 13:53:51,973: -SERVICE [/gazebo/set_model_configuration] /gazebo rosrpc://127.0.0.1:47117
[rosmaster.master][INFO] 2025-11-09 13:53:51,973: -SERVICE [/gazebo/set_joint_properties] /gazebo rosrpc://127.0.0.1:47117
[rosmaster.master][INFO] 2025-11-09 13:53:51,973: -SERVICE [/gazebo/set_link_state] /gazebo rosrpc://127.0.0.1:47117
[rosmaster.master][INFO] 2025-11-09 13:53:51,974: -SERVICE [/gazebo/pause_physics] /gazebo rosrpc://127.0.0.1:47117
[rosmaster.master][INFO] 2025-11-09 13:53:51,974: -SERVICE [/gazebo/unpause_physics] /gazebo rosrpc://127.0.0.1:47117
[rosmaster.master][INFO] 2025-11-09 13:53:51,974: -SERVICE [/gazebo/apply_body_wrench] /gazebo rosrpc://127.0.0.1:47117
[rosmaster.master][INFO] 2025-11-09 13:53:51,975: -SERVICE [/gazebo/apply_joint_effort] /gazebo rosrpc://127.0.0.1:47117
[rosmaster.master][INFO] 2025-11-09 13:53:51,975: -SERVICE [/gazebo/clear_joint_forces] /gazebo rosrpc://127.0.0.1:47117
[rosmaster.master][INFO] 2025-11-09 13:53:51,975: -SERVICE [/gazebo/clear_body_wrenches] /gazebo rosrpc://127.0.0.1:47117
[rosmaster.master][INFO] 2025-11-09 13:53:51,975: -SERVICE [/gazebo/reset_simulation] /gazebo rosrpc://127.0.0.1:47117
[rosmaster.master][INFO] 2025-11-09 13:53:51,976: -SERVICE [/gazebo/reset_world] /gazebo rosrpc://127.0.0.1:47117
[rosmaster.master][INFO] 2025-11-09 13:53:51,977: -PUB [/gazebo/parameter_descriptions] /gazebo http://127.0.0.1:36161/
[rosmaster.master][INFO] 2025-11-09 13:53:51,977: -PUB [/gazebo/parameter_updates] /gazebo http://127.0.0.1:36161/
[rosmaster.master][INFO] 2025-11-09 13:53:51,978: -SERVICE [/gazebo/set_parameters] /gazebo rosrpc://127.0.0.1:47117
[rosmaster.master][INFO] 2025-11-09 13:53:51,982: -SERVICE [/controller_manager/reload_controller_libraries] /gazebo rosrpc://127.0.0.1:47117
[rosmaster.master][INFO] 2025-11-09 13:53:51,983: -SERVICE [/controller_manager/switch_controller] /gazebo rosrpc://127.0.0.1:47117
[rosmaster.master][INFO] 2025-11-09 13:53:51,983: -SERVICE [/controller_manager/unload_controller] /gazebo rosrpc://127.0.0.1:47117
[rosmaster.master][INFO] 2025-11-09 13:53:51,983: -SERVICE [/controller_manager/load_controller] /gazebo rosrpc://127.0.0.1:47117
[rosmaster.master][INFO] 2025-11-09 13:53:51,984: -SERVICE [/controller_manager/list_controller_types] /gazebo rosrpc://127.0.0.1:47117
[rosmaster.master][INFO] 2025-11-09 13:53:51,984: -SERVICE [/controller_manager/list_controllers] /gazebo rosrpc://127.0.0.1:47117
[rosmaster.master][INFO] 2025-11-09 13:53:51,984: publisherUpdate[/clock] -> http://127.0.0.1:38111/ []
[rosmaster.master][INFO] 2025-11-09 13:53:51,985: publisherUpdate[/clock] -> http://127.0.0.1:38111/ []: sec=0.00, result=[1, '', 0]
[rosmaster.master][INFO] 2025-11-09 13:53:51,985: -PUB [/velocity/pid_gains/wheel_right_joint/parameter_descriptions] /gazebo http://127.0.0.1:36161/
[rosmaster.master][INFO] 2025-11-09 13:53:51,985: publisherUpdate[/clock] -> http://127.0.0.1:36161/ []
[rosmaster.master][INFO] 2025-11-09 13:53:51,986: -PUB [/velocity/pid_gains/wheel_right_joint/parameter_updates] /gazebo http://127.0.0.1:36161/
[rosmaster.master][INFO] 2025-11-09 13:53:51,986: publisherUpdate[/clock] -> http://127.0.0.1:36161/ []: sec=0.00, result=[1, '', 0]
[rosmaster.master][INFO] 2025-11-09 13:53:51,986: -SERVICE [/velocity/pid_gains/wheel_right_joint/set_parameters] /gazebo rosrpc://127.0.0.1:47117
[rosmaster.master][INFO] 2025-11-09 13:53:51,987: -PUB [/velocity/pid_gains/wheel_left_joint/parameter_descriptions] /gazebo http://127.0.0.1:36161/
[rosmaster.master][INFO] 2025-11-09 13:53:51,987: -PUB [/velocity/pid_gains/wheel_left_joint/parameter_updates] /gazebo http://127.0.0.1:36161/
[rosmaster.master][INFO] 2025-11-09 13:53:51,987: -SERVICE [/velocity/pid_gains/wheel_left_joint/set_parameters] /gazebo rosrpc://127.0.0.1:47117
[rosmaster.master][INFO] 2025-11-09 13:53:51,988: -PUB [/gains/torso_lift_joint/parameter_descriptions] /gazebo http://127.0.0.1:36161/
[rosmaster.master][INFO] 2025-11-09 13:53:51,988: -PUB [/gains/torso_lift_joint/parameter_updates] /gazebo http://127.0.0.1:36161/
[rosmaster.master][INFO] 2025-11-09 13:53:51,988: -SERVICE [/gains/torso_lift_joint/set_parameters] /gazebo rosrpc://127.0.0.1:47117
[rosmaster.master][INFO] 2025-11-09 13:53:51,989: -PUB [/gains/head_1_joint/parameter_descriptions] /gazebo http://127.0.0.1:36161/
[rosmaster.master][INFO] 2025-11-09 13:53:51,989: -PUB [/gains/head_1_joint/parameter_updates] /gazebo http://127.0.0.1:36161/
[rosmaster.master][INFO] 2025-11-09 13:53:51,989: -SERVICE [/gains/head_1_joint/set_parameters] /gazebo rosrpc://127.0.0.1:47117
[rosmaster.master][INFO] 2025-11-09 13:53:51,990: -PUB [/gains/head_2_joint/parameter_descriptions] /gazebo http://127.0.0.1:36161/
[rosmaster.master][INFO] 2025-11-09 13:53:51,990: -PUB [/gains/head_2_joint/parameter_updates] /gazebo http://127.0.0.1:36161/
[rosmaster.master][INFO] 2025-11-09 13:53:51,990: -SERVICE [/gains/head_2_joint/set_parameters] /gazebo rosrpc://127.0.0.1:47117
[rosmaster.master][INFO] 2025-11-09 13:53:51,991: -PUB [/gains/arm_5_joint/parameter_descriptions] /gazebo http://127.0.0.1:36161/
[rosmaster.master][INFO] 2025-11-09 13:53:51,991: -PUB [/gains/arm_5_joint/parameter_updates] /gazebo http://127.0.0.1:36161/
[rosmaster.master][INFO] 2025-11-09 13:53:51,991: -SERVICE [/gains/arm_5_joint/set_parameters] /gazebo rosrpc://127.0.0.1:47117
[rosmaster.master][INFO] 2025-11-09 13:53:51,992: -PUB [/gains/arm_6_joint/parameter_descriptions] /gazebo http://127.0.0.1:36161/
[rosmaster.master][INFO] 2025-11-09 13:53:51,992: -PUB [/gains/arm_6_joint/parameter_updates] /gazebo http://127.0.0.1:36161/
[rosmaster.master][INFO] 2025-11-09 13:53:51,992: -SERVICE [/gains/arm_6_joint/set_parameters] /gazebo rosrpc://127.0.0.1:47117
[rosmaster.master][INFO] 2025-11-09 13:53:51,993: -PUB [/gains/arm_7_joint/parameter_descriptions] /gazebo http://127.0.0.1:36161/
[rosmaster.master][INFO] 2025-11-09 13:53:51,993: -PUB [/gains/arm_7_joint/parameter_updates] /gazebo http://127.0.0.1:36161/
[rosmaster.master][INFO] 2025-11-09 13:53:51,993: -SERVICE [/gains/arm_7_joint/set_parameters] /gazebo rosrpc://127.0.0.1:47117
[rosmaster.master][INFO] 2025-11-09 13:53:51,994: -PUB [/gains/arm_1_joint/parameter_descriptions] /gazebo http://127.0.0.1:36161/
[rosmaster.master][INFO] 2025-11-09 13:53:51,994: -PUB [/gains/arm_1_joint/parameter_updates] /gazebo http://127.0.0.1:36161/
[rosmaster.master][INFO] 2025-11-09 13:53:51,994: -SERVICE [/gains/arm_1_joint/set_parameters] /gazebo rosrpc://127.0.0.1:47117
[rosmaster.master][INFO] 2025-11-09 13:53:51,995: -PUB [/gains/arm_2_joint/parameter_descriptions] /gazebo http://127.0.0.1:36161/
[rosmaster.master][INFO] 2025-11-09 13:53:51,995: -PUB [/gains/arm_2_joint/parameter_updates] /gazebo http://127.0.0.1:36161/
[rosmaster.master][INFO] 2025-11-09 13:53:51,995: -SERVICE [/gains/arm_2_joint/set_parameters] /gazebo rosrpc://127.0.0.1:47117
[rosmaster.master][INFO] 2025-11-09 13:53:51,996: -PUB [/gains/arm_3_joint/parameter_descriptions] /gazebo http://127.0.0.1:36161/
[rosmaster.master][INFO] 2025-11-09 13:53:51,996: -PUB [/gains/arm_3_joint/parameter_updates] /gazebo http://127.0.0.1:36161/
[rosmaster.master][INFO] 2025-11-09 13:53:51,996: -SERVICE [/gains/arm_3_joint/set_parameters] /gazebo rosrpc://127.0.0.1:47117
[rosmaster.master][INFO] 2025-11-09 13:53:51,997: -PUB [/gains/arm_4_joint/parameter_descriptions] /gazebo http://127.0.0.1:36161/
[rosmaster.master][INFO] 2025-11-09 13:53:51,997: -PUB [/gains/arm_4_joint/parameter_updates] /gazebo http://127.0.0.1:36161/
[rosmaster.master][INFO] 2025-11-09 13:53:51,997: -SERVICE [/gains/arm_4_joint/set_parameters] /gazebo rosrpc://127.0.0.1:47117
[rosmaster.master][INFO] 2025-11-09 13:53:51,998: -PUB [/gains/hand_thumb_joint/parameter_descriptions] /gazebo http://127.0.0.1:36161/
[rosmaster.master][INFO] 2025-11-09 13:53:51,998: -PUB [/gains/hand_thumb_joint/parameter_updates] /gazebo http://127.0.0.1:36161/
[rosmaster.master][INFO] 2025-11-09 13:53:51,999: -SERVICE [/gains/hand_thumb_joint/set_parameters] /gazebo rosrpc://127.0.0.1:47117
[rosmaster.master][INFO] 2025-11-09 13:53:51,999: -PUB [/gains/hand_index_joint/parameter_descriptions] /gazebo http://127.0.0.1:36161/
[rosmaster.master][INFO] 2025-11-09 13:53:51,999: -PUB [/gains/hand_index_joint/parameter_updates] /gazebo http://127.0.0.1:36161/
[rosmaster.master][INFO] 2025-11-09 13:53:52,000: -SERVICE [/gains/hand_index_joint/set_parameters] /gazebo rosrpc://127.0.0.1:47117
[rosmaster.master][INFO] 2025-11-09 13:53:52,000: -PUB [/gains/hand_mrl_joint/parameter_descriptions] /gazebo http://127.0.0.1:36161/
[rosmaster.master][INFO] 2025-11-09 13:53:52,000: -PUB [/gains/hand_mrl_joint/parameter_updates] /gazebo http://127.0.0.1:36161/
[rosmaster.master][INFO] 2025-11-09 13:53:52,001: -SERVICE [/gains/hand_mrl_joint/set_parameters] /gazebo rosrpc://127.0.0.1:47117
[rosmaster.master][INFO] 2025-11-09 13:53:52,001: -PUB [/ground_truth_odom] /gazebo http://127.0.0.1:36161/
[rosmaster.master][INFO] 2025-11-09 13:53:52,002: -PUB [/floating_base_pose_simulated] /gazebo http://127.0.0.1:36161/
[rosmaster.master][INFO] 2025-11-09 13:53:52,002: -SERVICE [/gazebo/world_odometry/set_parameters] /gazebo rosrpc://127.0.0.1:47117
[rosmaster.master][INFO] 2025-11-09 13:53:52,002: -PUB [/gazebo/world_odometry/parameter_updates] /gazebo http://127.0.0.1:36161/
[rosmaster.master][INFO] 2025-11-09 13:53:52,003: -PUB [/gazebo/world_odometry/parameter_descriptions] /gazebo http://127.0.0.1:36161/
[rosmaster.master][INFO] 2025-11-09 13:53:52,003: -PUB [/gains/hand_thumb_abd_joint/parameter_descriptions] /gazebo http://127.0.0.1:36161/
[rosmaster.master][INFO] 2025-11-09 13:53:52,004: -PUB [/gains/hand_thumb_abd_joint/parameter_updates] /gazebo http://127.0.0.1:36161/
[rosmaster.master][INFO] 2025-11-09 13:53:52,004: -SERVICE [/gains/hand_thumb_abd_joint/set_parameters] /gazebo rosrpc://127.0.0.1:47117
[rosmaster.master][INFO] 2025-11-09 13:53:52,005: -PUB [/gains/hand_thumb_flex_1_joint/parameter_descriptions] /gazebo http://127.0.0.1:36161/
[rosmaster.master][INFO] 2025-11-09 13:53:52,006: -PUB [/gains/hand_thumb_flex_1_joint/parameter_updates] /gazebo http://127.0.0.1:36161/
[rosmaster.master][INFO] 2025-11-09 13:53:52,006: -SERVICE [/gains/hand_thumb_flex_1_joint/set_parameters] /gazebo rosrpc://127.0.0.1:47117
[rosmaster.master][INFO] 2025-11-09 13:53:52,006: -PUB [/gains/hand_thumb_virtual_1_joint/parameter_descriptions] /gazebo http://127.0.0.1:36161/
[rosmaster.master][INFO] 2025-11-09 13:53:52,006: -PUB [/gains/hand_thumb_virtual_1_joint/parameter_updates] /gazebo http://127.0.0.1:36161/
[rosmaster.master][INFO] 2025-11-09 13:53:52,007: -SERVICE [/gains/hand_thumb_virtual_1_joint/set_parameters] /gazebo rosrpc://127.0.0.1:47117
[rosmaster.master][INFO] 2025-11-09 13:53:52,007: -PUB [/gains/hand_thumb_flex_2_joint/parameter_descriptions] /gazebo http://127.0.0.1:36161/
[rosmaster.master][INFO] 2025-11-09 13:53:52,008: -PUB [/gains/hand_thumb_flex_2_joint/parameter_updates] /gazebo http://127.0.0.1:36161/
[rosmaster.master][INFO] 2025-11-09 13:53:52,008: -SERVICE [/gains/hand_thumb_flex_2_joint/set_parameters] /gazebo rosrpc://127.0.0.1:47117
[rosmaster.master][INFO] 2025-11-09 13:53:52,008: -PUB [/gains/hand_thumb_virtual_2_joint/parameter_descriptions] /gazebo http://127.0.0.1:36161/
[rosmaster.master][INFO] 2025-11-09 13:53:52,008: -PUB [/gains/hand_thumb_virtual_2_joint/parameter_updates] /gazebo http://127.0.0.1:36161/
[rosmaster.master][INFO] 2025-11-09 13:53:52,009: -SERVICE [/gains/hand_thumb_virtual_2_joint/set_parameters] /gazebo rosrpc://127.0.0.1:47117
[rosmaster.master][INFO] 2025-11-09 13:53:52,009: -PUB [/gains/hand_index_abd_joint/parameter_descriptions] /gazebo http://127.0.0.1:36161/
[rosmaster.master][INFO] 2025-11-09 13:53:52,009: -PUB [/gains/hand_index_abd_joint/parameter_updates] /gazebo http://127.0.0.1:36161/
[rosmaster.master][INFO] 2025-11-09 13:53:52,010: -SERVICE [/gains/hand_index_abd_joint/set_parameters] /gazebo rosrpc://127.0.0.1:47117
[rosmaster.master][INFO] 2025-11-09 13:53:52,010: -PUB [/gains/hand_index_flex_1_joint/parameter_descriptions] /gazebo http://127.0.0.1:36161/
[rosmaster.master][INFO] 2025-11-09 13:53:52,011: -PUB [/gains/hand_index_flex_1_joint/parameter_updates] /gazebo http://127.0.0.1:36161/
[rosmaster.master][INFO] 2025-11-09 13:53:52,011: -SERVICE [/gains/hand_index_flex_1_joint/set_parameters] /gazebo rosrpc://127.0.0.1:47117
[rosmaster.master][INFO] 2025-11-09 13:53:52,011: -PUB [/gains/hand_index_virtual_1_joint/parameter_descriptions] /gazebo http://127.0.0.1:36161/
[rosmaster.master][INFO] 2025-11-09 13:53:52,012: -PUB [/gains/hand_index_virtual_1_joint/parameter_updates] /gazebo http://127.0.0.1:36161/
[rosmaster.master][INFO] 2025-11-09 13:53:52,012: -SERVICE [/gains/hand_index_virtual_1_joint/set_parameters] /gazebo rosrpc://127.0.0.1:47117
[rosmaster.master][INFO] 2025-11-09 13:53:52,012: -PUB [/gains/hand_index_flex_2_joint/parameter_descriptions] /gazebo http://127.0.0.1:36161/
[rosmaster.master][INFO] 2025-11-09 13:53:52,013: -PUB [/gains/hand_index_flex_2_joint/parameter_updates] /gazebo http://127.0.0.1:36161/
[rosmaster.master][INFO] 2025-11-09 13:53:52,013: -SERVICE [/gains/hand_index_flex_2_joint/set_parameters] /gazebo rosrpc://127.0.0.1:47117
[rosmaster.master][INFO] 2025-11-09 13:53:52,013: -PUB [/gains/hand_index_virtual_2_joint/parameter_descriptions] /gazebo http://127.0.0.1:36161/
[rosmaster.master][INFO] 2025-11-09 13:53:52,014: -PUB [/gains/hand_index_virtual_2_joint/parameter_updates] /gazebo http://127.0.0.1:36161/
[rosmaster.master][INFO] 2025-11-09 13:53:52,014: -SERVICE [/gains/hand_index_virtual_2_joint/set_parameters] /gazebo rosrpc://127.0.0.1:47117
[rosmaster.master][INFO] 2025-11-09 13:53:52,014: -PUB [/gains/hand_index_flex_3_joint/parameter_descriptions] /gazebo http://127.0.0.1:36161/
[rosmaster.master][INFO] 2025-11-09 13:53:52,015: -PUB [/gains/hand_index_flex_3_joint/parameter_updates] /gazebo http://127.0.0.1:36161/
[rosmaster.master][INFO] 2025-11-09 13:53:52,015: -SERVICE [/gains/hand_index_flex_3_joint/set_parameters] /gazebo rosrpc://127.0.0.1:47117
[rosmaster.master][INFO] 2025-11-09 13:53:52,015: -PUB [/gains/hand_middle_flex_1_joint/parameter_descriptions] /gazebo http://127.0.0.1:36161/
[rosmaster.master][INFO] 2025-11-09 13:53:52,016: -PUB [/gains/hand_middle_flex_1_joint/parameter_updates] /gazebo http://127.0.0.1:36161/
[rosmaster.master][INFO] 2025-11-09 13:53:52,016: -SERVICE [/gains/hand_middle_flex_1_joint/set_parameters] /gazebo rosrpc://127.0.0.1:47117
[rosmaster.master][INFO] 2025-11-09 13:53:52,016: -PUB [/gains/hand_middle_virtual_1_joint/parameter_descriptions] /gazebo http://127.0.0.1:36161/
[rosmaster.master][INFO] 2025-11-09 13:53:52,017: -PUB [/gains/hand_middle_virtual_1_joint/parameter_updates] /gazebo http://127.0.0.1:36161/
[rosmaster.master][INFO] 2025-11-09 13:53:52,017: -SERVICE [/gains/hand_middle_virtual_1_joint/set_parameters] /gazebo rosrpc://127.0.0.1:47117
[rosmaster.master][INFO] 2025-11-09 13:53:52,018: -PUB [/gains/hand_middle_flex_2_joint/parameter_descriptions] /gazebo http://127.0.0.1:36161/
[rosmaster.master][INFO] 2025-11-09 13:53:52,018: -PUB [/gains/hand_middle_flex_2_joint/parameter_updates] /gazebo http://127.0.0.1:36161/
[rosmaster.master][INFO] 2025-11-09 13:53:52,018: -SERVICE [/gains/hand_middle_flex_2_joint/set_parameters] /gazebo rosrpc://127.0.0.1:47117
[rosmaster.master][INFO] 2025-11-09 13:53:52,019: -PUB [/gains/hand_middle_virtual_2_joint/parameter_descriptions] /gazebo http://127.0.0.1:36161/
[rosmaster.master][INFO] 2025-11-09 13:53:52,019: -PUB [/gains/hand_middle_virtual_2_joint/parameter_updates] /gazebo http://127.0.0.1:36161/
[rosmaster.master][INFO] 2025-11-09 13:53:52,020: -SERVICE [/gains/hand_middle_virtual_2_joint/set_parameters] /gazebo rosrpc://127.0.0.1:47117
[rosmaster.master][INFO] 2025-11-09 13:53:52,020: -PUB [/gains/hand_middle_flex_3_joint/parameter_descriptions] /gazebo http://127.0.0.1:36161/
[rosmaster.master][INFO] 2025-11-09 13:53:52,021: -PUB [/gains/hand_middle_flex_3_joint/parameter_updates] /gazebo http://127.0.0.1:36161/
[rosmaster.master][INFO] 2025-11-09 13:53:52,021: -SERVICE [/gains/hand_middle_flex_3_joint/set_parameters] /gazebo rosrpc://127.0.0.1:47117
[rosmaster.master][INFO] 2025-11-09 13:53:52,021: -PUB [/gains/hand_ring_flex_1_joint/parameter_descriptions] /gazebo http://127.0.0.1:36161/
[rosmaster.master][INFO] 2025-11-09 13:53:52,022: -PUB [/gains/hand_ring_flex_1_joint/parameter_updates] /gazebo http://127.0.0.1:36161/
[rosmaster.master][INFO] 2025-11-09 13:53:52,022: -SERVICE [/gains/hand_ring_flex_1_joint/set_parameters] /gazebo rosrpc://127.0.0.1:47117
[rosmaster.master][INFO] 2025-11-09 13:53:52,022: -PUB [/gains/hand_ring_virtual_1_joint/parameter_descriptions] /gazebo http://127.0.0.1:36161/
[rosmaster.master][INFO] 2025-11-09 13:53:52,023: -PUB [/gains/hand_ring_virtual_1_joint/parameter_updates] /gazebo http://127.0.0.1:36161/
[rosmaster.master][INFO] 2025-11-09 13:53:52,023: -SERVICE [/gains/hand_ring_virtual_1_joint/set_parameters] /gazebo rosrpc://127.0.0.1:47117
[rosmaster.master][INFO] 2025-11-09 13:53:52,023: -PUB [/gains/hand_ring_flex_2_joint/parameter_descriptions] /gazebo http://127.0.0.1:36161/
[rosmaster.master][INFO] 2025-11-09 13:53:52,024: -PUB [/gains/hand_ring_flex_2_joint/parameter_updates] /gazebo http://127.0.0.1:36161/
[rosmaster.master][INFO] 2025-11-09 13:53:52,024: -SERVICE [/gains/hand_ring_flex_2_joint/set_parameters] /gazebo rosrpc://127.0.0.1:47117
[rosmaster.master][INFO] 2025-11-09 13:53:52,024: -PUB [/gains/hand_ring_virtual_2_joint/parameter_descriptions] /gazebo http://127.0.0.1:36161/
[rosmaster.master][INFO] 2025-11-09 13:53:52,025: -PUB [/gains/hand_ring_virtual_2_joint/parameter_updates] /gazebo http://127.0.0.1:36161/
[rosmaster.master][INFO] 2025-11-09 13:53:52,025: -SERVICE [/gains/hand_ring_virtual_2_joint/set_parameters] /gazebo rosrpc://127.0.0.1:47117
[rosmaster.master][INFO] 2025-11-09 13:53:52,025: -PUB [/gains/hand_ring_flex_3_joint/parameter_descriptions] /gazebo http://127.0.0.1:36161/
[rosmaster.master][INFO] 2025-11-09 13:53:52,026: -PUB [/gains/hand_ring_flex_3_joint/parameter_updates] /gazebo http://127.0.0.1:36161/
[rosmaster.master][INFO] 2025-11-09 13:53:52,026: -SERVICE [/gains/hand_ring_flex_3_joint/set_parameters] /gazebo rosrpc://127.0.0.1:47117
[rosmaster.master][INFO] 2025-11-09 13:53:52,026: -PUB [/gains/hand_little_flex_1_joint/parameter_descriptions] /gazebo http://127.0.0.1:36161/
[rosmaster.master][INFO] 2025-11-09 13:53:52,027: -PUB [/gains/hand_little_flex_1_joint/parameter_updates] /gazebo http://127.0.0.1:36161/
[rosmaster.master][INFO] 2025-11-09 13:53:52,027: -SERVICE [/gains/hand_little_flex_1_joint/set_parameters] /gazebo rosrpc://127.0.0.1:47117
[rosmaster.master][INFO] 2025-11-09 13:53:52,027: -PUB [/gains/hand_little_virtual_1_joint/parameter_descriptions] /gazebo http://127.0.0.1:36161/
[rosmaster.master][INFO] 2025-11-09 13:53:52,028: -PUB [/gains/hand_little_virtual_1_joint/parameter_updates] /gazebo http://127.0.0.1:36161/
[rosmaster.master][INFO] 2025-11-09 13:53:52,028: -SERVICE [/gains/hand_little_virtual_1_joint/set_parameters] /gazebo rosrpc://127.0.0.1:47117
[rosmaster.master][INFO] 2025-11-09 13:53:52,028: -PUB [/gains/hand_little_flex_2_joint/parameter_descriptions] /gazebo http://127.0.0.1:36161/
[rosmaster.master][INFO] 2025-11-09 13:53:52,029: -PUB [/gains/hand_little_flex_2_joint/parameter_updates] /gazebo http://127.0.0.1:36161/
[rosmaster.master][INFO] 2025-11-09 13:53:52,029: -SERVICE [/gains/hand_little_flex_2_joint/set_parameters] /gazebo rosrpc://127.0.0.1:47117
[rosmaster.master][INFO] 2025-11-09 13:53:52,029: -PUB [/gains/hand_little_virtual_2_joint/parameter_descriptions] /gazebo http://127.0.0.1:36161/
[rosmaster.master][INFO] 2025-11-09 13:53:52,030: -PUB [/gains/hand_little_virtual_2_joint/parameter_updates] /gazebo http://127.0.0.1:36161/
[rosmaster.master][INFO] 2025-11-09 13:53:52,030: -SERVICE [/gains/hand_little_virtual_2_joint/set_parameters] /gazebo rosrpc://127.0.0.1:47117
[rosmaster.master][INFO] 2025-11-09 13:53:52,030: -PUB [/gains/hand_little_flex_3_joint/parameter_descriptions] /gazebo http://127.0.0.1:36161/
[rosmaster.master][INFO] 2025-11-09 13:53:52,031: -PUB [/gains/hand_little_flex_3_joint/parameter_updates] /gazebo http://127.0.0.1:36161/
[rosmaster.master][INFO] 2025-11-09 13:53:52,031: -SERVICE [/gains/hand_little_flex_3_joint/set_parameters] /gazebo rosrpc://127.0.0.1:47117
[rosmaster.master][INFO] 2025-11-09 13:53:52,032: -PUB [/scan_raw] /gazebo http://127.0.0.1:36161/
[rosmaster.master][INFO] 2025-11-09 13:53:52,386: -PUB [/rosout_agg] /rosout http://127.0.0.1:38111/
[rosmaster.master][INFO] 2025-11-09 13:53:52,386: -SUB [/clock] /rosout http://127.0.0.1:38111/
[rosmaster.master][INFO] 2025-11-09 13:53:52,386: -SUB [/rosout] /rosout http://127.0.0.1:38111/
[rosmaster.master][INFO] 2025-11-09 13:53:52,387: -SERVICE [/rosout/get_loggers] /rosout rosrpc://127.0.0.1:38145
[rosmaster.master][INFO] 2025-11-09 13:53:52,387: -SERVICE [/rosout/set_logger_level] /rosout rosrpc://127.0.0.1:38145
[rosmaster.master][INFO] 2025-11-09 13:53:52,388: -CACHEDPARAM [/rosout/omit_topics] by /rosout
[rosmaster.main][INFO] 2025-11-09 13:53:52,472: keyboard interrupt, will exit
[rosmaster.main][INFO] 2025-11-09 13:53:52,472: stopping master...
[rospy.core][INFO] 2025-11-09 13:53:52,472: signal_shutdown [atexit]
