[roslaunch][INFO] 2025-11-09 13:58:18,526: Checking log directory for disk usage. This may take a while.
Press Ctrl-C to interrupt
[roslaunch][INFO] 2025-11-09 13:58:18,533: Done checking log file disk usage. Usage is <1GB.
[roslaunch][INFO] 2025-11-09 13:58:18,534: roslaunch starting with args ['/opt/ros/noetic/bin/roslaunch', 'tiago_gazebo.launch']
[roslaunch][INFO] 2025-11-09 13:58:18,534: roslaunch env is environ({'ROS_VERSION': '1', 'DISABLE_ROS1_EOL_WARNINGS': '1', 'PKG_CONFIG_PATH': '/opt/pal/gallium/lib/pkgconfig:/opt/pal/gallium/lib/x86_64-linux-gnu/pkgconfig:/opt/ros/noetic/lib/pkgconfig:/opt/ros/noetic/lib/x86_64-linux-gnu/pkgconfig', 'ROS_PYTHON_VERSION': '3', 'HOSTNAME': 'epan-tiago-noetic-ssh', 'VISP_WS': '/home/pal/visp-ws', 'ROS_PACKAGE_PATH': '/home/pal/ros_ws/src:/opt/pal/gallium/share:/opt/ros/noetic/share', 'ROSLISP_PACKAGE_DIRECTORIES': '/home/pal/ros_ws/devel/share/common-lisp', 'PWD': '/home/pal/ros_ws/src', 'XAUTHORITY': '', 'TZ': 'Europe/Paris', 'ROS_IP': '127.0.0.1', 'HOME': '/home/pal', 'ROS_ETC_DIR': '/opt/ros/noetic/etc/ros', 'LS_COLORS': 'rs=0:di=01;34:ln=01;36:mh=00:pi=40;33:so=01;35:do=01;35:bd=40;33;01:cd=40;33;01:or=40;31;01:mi=00:su=37;41:sg=30;43:ca=30;41:tw=30;42:ow=34;42:st=37;44:ex=01;32:*.tar=01;31:*.tgz=01;31:*.arc=01;31:*.arj=01;31:*.taz=01;31:*.lha=01;31:*.lz4=01;31:*.lzh=01;31:*.lzma=01;31:*.tlz=01;31:*.txz=01;31:*.tzo=01;31:*.t7z=01;31:*.zip=01;31:*.z=01;31:*.dz=01;31:*.gz=01;31:*.lrz=01;31:*.lz=01;31:*.lzo=01;31:*.xz=01;31:*.zst=01;31:*.tzst=01;31:*.bz2=01;31:*.bz=01;31:*.tbz=01;31:*.tbz2=01;31:*.tz=01;31:*.deb=01;31:*.rpm=01;31:*.jar=01;31:*.war=01;31:*.ear=01;31:*.sar=01;31:*.rar=01;31:*.alz=01;31:*.ace=01;31:*.zoo=01;31:*.cpio=01;31:*.7z=01;31:*.rz=01;31:*.cab=01;31:*.wim=01;31:*.swm=01;31:*.dwm=01;31:*.esd=01;31:*.jpg=01;35:*.jpeg=01;35:*.mjpg=01;35:*.mjpeg=01;35:*.gif=01;35:*.bmp=01;35:*.pbm=01;35:*.pgm=01;35:*.ppm=01;35:*.tga=01;35:*.xbm=01;35:*.xpm=01;35:*.tif=01;35:*.tiff=01;35:*.png=01;35:*.svg=01;35:*.svgz=01;35:*.mng=01;35:*.pcx=01;35:*.mov=01;35:*.mpg=01;35:*.mpeg=01;35:*.m2v=01;35:*.mkv=01;35:*.webm=01;35:*.ogm=01;35:*.mp4=01;35:*.m4v=01;35:*.mp4v=01;35:*.vob=01;35:*.qt=01;35:*.nuv=01;35:*.wmv=01;35:*.asf=01;35:*.rm=01;35:*.rmvb=01;35:*.flc=01;35:*.avi=01;35:*.fli=01;35:*.flv=01;35:*.gl=01;35:*.dl=01;35:*.xcf=01;35:*.xwd=01;35:*.yuv=01;35:*.cgm=01;35:*.emf=01;35:*.ogv=01;35:*.ogx=01;35:*.aac=00;36:*.au=00;36:*.flac=00;36:*.m4a=00;36:*.mid=00;36:*.midi=00;36:*.mka=00;36:*.mp3=00;36:*.mpc=00;36:*.ogg=00;36:*.ra=00;36:*.wav=00;36:*.oga=00;36:*.opus=00;36:*.spx=00;36:*.xspf=00;36:', 'OROCOS_TARGET': 'gnulinux', 'CMAKE_PREFIX_PATH': '/home/pal/ros_ws/devel:/opt/pal/gallium:/opt/ros/noetic', 'GAZEBO_RESOURCE_PATH': '/home/pal/ros_ws/src/va50:', 'ROS_WORKSPACE': '/home/pal/ros_ws', 'LESSCLOSE': '/usr/bin/lesspipe %s %s', 'PYTHONPATH': '/opt/pal/gallium/lib/python3/dist-packages:/opt/ros/noetic/lib/python3/dist-packages', 'TERM': 'xterm', 'VISP_INPUT_IMAGE_PATH': '/home/pal/visp-ws/visp-images', 'LESSOPEN': '| /usr/bin/lesspipe %s', 'USER': 'pal', 'RTT_COMPONENT_PATH': '/opt/pal/gallium/lib/orocos', 'DISPLAY': ':1', 'SHLVL': '1', 'PAL_DISTRO': 'gallium', 'ROS_MASTER_URI': 'http://localhost:11311/', 'LD_LIBRARY_PATH': '/home/pal/ros_ws/devel/lib:/opt/pal/gallium/lib:/opt/pal/gallium/lib/x86_64-linux-gnu:/opt/ros/noetic/lib:/opt/ros/noetic/lib/x86_64-linux-gnu:/usr/local/lib', 'GAZEBO_MODEL_PATH': '/home/pal/ros_ws/src/va50/models:', 'PATH': '/opt/pal/gallium/bin:/opt/ros/noetic/bin:/opt/pal/gallium/lib/pal_debian_utils/:/usr/local/sbin:/usr/local/bin:/usr/sbin:/usr/bin:/sbin:/bin', 'LUA_PATH': ';;/opt/pal/gallium/share/lua/5.1/?.lua;/opt/pal/gallium/share/lua/5.1/?.lua;/opt/pal/gallium/share/lua/5.1/?.lua', 'DEBIAN_FRONTEND': 'noninteractive', 'ROS_ROOT': '/opt/ros/noetic/share/ros', 'ROS_DISTRO': 'noetic', 'QT_X11_NO_MITSHM': '1', '_': '/opt/ros/noetic/bin/roslaunch', 'OLDPWD': '/home/pal/ros_ws', 'LC_CTYPE': 'C.UTF-8', 'ROS_LOG_FILENAME': '/home/pal/.ros/log/c3515b42-bd6b-11f0-8b0c-0028f8234b19/roslaunch-epan-tiago-noetic-ssh-1958.log'})
[roslaunch][INFO] 2025-11-09 13:58:18,534: starting in server mode
[roslaunch.parent][INFO] 2025-11-09 13:58:18,535: starting roslaunch parent run
[roslaunch][INFO] 2025-11-09 13:58:18,535: loading roscore config file /opt/ros/noetic/etc/ros/roscore.xml
[roslaunch][INFO] 2025-11-09 13:58:18,786: Added core node of type [rosout/rosout] in namespace [/]
[roslaunch.config][INFO] 2025-11-09 13:58:18,786: loading config file tiago_gazebo.launch
[roslaunch][INFO] 2025-11-09 13:58:18,852: Added node of type [gazebo_ros/gzserver] in namespace [/]
[roslaunch][INFO] 2025-11-09 13:58:18,853: Added node of type [gazebo_ros/gzclient] in namespace [/]
[roslaunch][INFO] 2025-11-09 13:58:19,629: Added node of type [gazebo_ros/spawn_model] in namespace [/]
[roslaunch][INFO] 2025-11-09 13:58:19,647: Added node of type [controller_manager/spawner] in namespace [/]
[roslaunch][INFO] 2025-11-09 13:58:19,647: Added node of type [head_action/head_action] in namespace [/head_controller/]
[roslaunch][INFO] 2025-11-09 13:58:19,649: Added node of type [controller_manager/spawner] in namespace [/]
[roslaunch][INFO] 2025-11-09 13:58:19,650: Added node of type [controller_manager/spawner] in namespace [/]
[roslaunch][INFO] 2025-11-09 13:58:19,653: Added node of type [controller_manager/spawner] in namespace [/]
[roslaunch][INFO] 2025-11-09 13:58:19,653: Added node of type [pal_gripper_controller_configuration/home_gripper.py] in namespace [/]
[roslaunch][INFO] 2025-11-09 13:58:19,721: Added node of type [play_motion/play_motion] in namespace [/]
[roslaunch][INFO] 2025-11-09 13:58:19,721: Added node of type [play_motion/is_already_there.py] in namespace [/]
[roslaunch][INFO] 2025-11-09 13:58:19,745: Added node of type [moveit_ros_move_group/move_group] in namespace [/]
[roslaunch][INFO] 2025-11-09 13:58:19,745: Added node of type [robot_state_publisher/robot_state_publisher] in namespace [/]
[roslaunch][INFO] 2025-11-09 13:58:19,746: Added node of type [tf_lookup/tf_lookup] in namespace [/]
[roslaunch][INFO] 2025-11-09 13:58:19,754: Added node of type [twist_mux/twist_mux] in namespace [/]
[roslaunch][INFO] 2025-11-09 13:58:19,754: Added node of type [twist_mux/twist_marker] in namespace [/]
[roslaunch][INFO] 2025-11-09 13:58:19,755: Added node of type [twist_mux/joystick_relay.py] in namespace [/]
[roslaunch][INFO] 2025-11-09 13:58:19,768: Added node of type [dynamic_footprint/dynamic_footprint_publisher.py] in namespace [/]
[roslaunch][INFO] 2025-11-09 13:58:19,768: Added node of type [topic_tools/relay] in namespace [/]
[roslaunch][INFO] 2025-11-09 13:58:19,769: Added node of type [pal_pcl_points_throttle_and_filter/throttle_filtering_points] in namespace [/]
[roslaunch][INFO] 2025-11-09 13:58:19,770: Added node of type [tiago_gazebo/tuck_arm.py] in namespace [/]
[roslaunch][INFO] 2025-11-09 13:58:19,770: Added node of type [image_proc/image_proc] in namespace [/xtion/rgb/]
[roslaunch][INFO] 2025-11-09 13:58:19,805: ... selected machine [] for node of type [gazebo_ros/gzserver]
[roslaunch][INFO] 2025-11-09 13:58:19,806: ... selected machine [] for node of type [gazebo_ros/gzclient]
[roslaunch][INFO] 2025-11-09 13:58:19,806: ... selected machine [] for node of type [gazebo_ros/spawn_model]
[roslaunch][INFO] 2025-11-09 13:58:19,806: ... selected machine [] for node of type [controller_manager/spawner]
[roslaunch][INFO] 2025-11-09 13:58:19,806: ... selected machine [] for node of type [head_action/head_action]
[roslaunch][INFO] 2025-11-09 13:58:19,806: ... selected machine [] for node of type [controller_manager/spawner]
[roslaunch][INFO] 2025-11-09 13:58:19,806: ... selected machine [] for node of type [controller_manager/spawner]
[roslaunch][INFO] 2025-11-09 13:58:19,806: ... selected machine [] for node of type [controller_manager/spawner]
[roslaunch][INFO] 2025-11-09 13:58:19,806: ... selected machine [] for node of type [pal_gripper_controller_configuration/home_gripper.py]
[roslaunch][INFO] 2025-11-09 13:58:19,806: ... selected machine [] for node of type [play_motion/play_motion]
[roslaunch][INFO] 2025-11-09 13:58:19,806: ... selected machine [] for node of type [play_motion/is_already_there.py]
[roslaunch][INFO] 2025-11-09 13:58:19,806: ... selected machine [] for node of type [moveit_ros_move_group/move_group]
[roslaunch][INFO] 2025-11-09 13:58:19,806: ... selected machine [] for node of type [robot_state_publisher/robot_state_publisher]
[roslaunch][INFO] 2025-11-09 13:58:19,806: ... selected machine [] for node of type [tf_lookup/tf_lookup]
[roslaunch][INFO] 2025-11-09 13:58:19,806: ... selected machine [] for node of type [twist_mux/twist_mux]
[roslaunch][INFO] 2025-11-09 13:58:19,806: ... selected machine [] for node of type [twist_mux/twist_marker]
[roslaunch][INFO] 2025-11-09 13:58:19,806: ... selected machine [] for node of type [twist_mux/joystick_relay.py]
[roslaunch][INFO] 2025-11-09 13:58:19,806: ... selected machine [] for node of type [dynamic_footprint/dynamic_footprint_publisher.py]
[roslaunch][INFO] 2025-11-09 13:58:19,806: ... selected machine [] for node of type [topic_tools/relay]
[roslaunch][INFO] 2025-11-09 13:58:19,806: ... selected machine [] for node of type [pal_pcl_points_throttle_and_filter/throttle_filtering_points]
[roslaunch][INFO] 2025-11-09 13:58:19,806: ... selected machine [] for node of type [tiago_gazebo/tuck_arm.py]
[roslaunch][INFO] 2025-11-09 13:58:19,806: ... selected machine [] for node of type [image_proc/image_proc]
[roslaunch.pmon][INFO] 2025-11-09 13:58:19,808: start_process_monitor: creating ProcessMonitor
[roslaunch.pmon][INFO] 2025-11-09 13:58:19,809: created process monitor <ProcessMonitor(ProcessMonitor-1, initial daemon)>
[roslaunch.pmon][INFO] 2025-11-09 13:58:19,809: start_process_monitor: ProcessMonitor started
[roslaunch.parent][INFO] 2025-11-09 13:58:19,809: starting parent XML-RPC server
[roslaunch.server][INFO] 2025-11-09 13:58:19,809: starting roslaunch XML-RPC server
[roslaunch.server][INFO] 2025-11-09 13:58:19,809: waiting for roslaunch XML-RPC server to initialize
[xmlrpc][INFO] 2025-11-09 13:58:19,809: XML-RPC server binding to 127.0.0.1:0
[xmlrpc][INFO] 2025-11-09 13:58:19,810: Started XML-RPC server [http://127.0.0.1:38829/]
[xmlrpc][INFO] 2025-11-09 13:58:19,810: xml rpc node: starting XML-RPC server
[roslaunch][INFO] 2025-11-09 13:58:19,821: started roslaunch server http://127.0.0.1:38829/
[roslaunch.parent][INFO] 2025-11-09 13:58:19,821: ... parent XML-RPC server started
[roslaunch][INFO] 2025-11-09 13:58:19,825: master.is_running[http://localhost:11311/]
[roslaunch][INFO] 2025-11-09 13:58:19,826: auto-starting new master
[roslaunch][INFO] 2025-11-09 13:58:19,826: create_master_process: rosmaster, /opt/ros/noetic/share/ros, 11311, 3, None, False
[roslaunch][INFO] 2025-11-09 13:58:19,826: process[master]: launching with args [['rosmaster', '--core', '-p', '11311', '-w', '3']]
[roslaunch.pmon][INFO] 2025-11-09 13:58:19,826: ProcessMonitor.register[master]
[roslaunch.pmon][INFO] 2025-11-09 13:58:19,826: ProcessMonitor.register[master] complete
[roslaunch][INFO] 2025-11-09 13:58:19,826: process[master]: starting os process
[roslaunch][INFO] 2025-11-09 13:58:19,827: process[master]: start w/ args [['rosmaster', '--core', '-p', '11311', '-w', '3', '__log:=/home/pal/.ros/log/c3515b42-bd6b-11f0-8b0c-0028f8234b19/master.log']]
[roslaunch][INFO] 2025-11-09 13:58:19,827: process[master]: cwd will be [/home/pal/.ros]
[roslaunch][INFO] 2025-11-09 13:58:19,832: process[master]: started with pid [1978]
[roslaunch][INFO] 2025-11-09 13:58:19,833: master.is_running[http://localhost:11311/]
[roslaunch][INFO] 2025-11-09 13:58:19,934: master.is_running[http://localhost:11311/]
[roslaunch][INFO] 2025-11-09 13:58:20,035: master.is_running[http://localhost:11311/]
[roslaunch][INFO] 2025-11-09 13:58:20,135: master.is_running[http://localhost:11311/]
[roslaunch][INFO] 2025-11-09 13:58:20,137: master.is_running[http://localhost:11311/]
[roslaunch][INFO] 2025-11-09 13:58:20,138: ROS_MASTER_URI=http://localhost:11311/
[roslaunch][INFO] 2025-11-09 13:58:20,139: setting /run_id to c3515b42-bd6b-11f0-8b0c-0028f8234b19
[roslaunch][INFO] 2025-11-09 13:58:20,140: setting /roslaunch/uris/host_127_0_0_1__38829' to http://127.0.0.1:38829/
[roslaunch][INFO] 2025-11-09 13:58:20,142: ... preparing to launch node of type [rosout/rosout]
[roslaunch][INFO] 2025-11-09 13:58:20,143: create_node_process: package[rosout] type[rosout] machine[Machine(name[] env_loader[None] address[localhost] ssh_port[22] user[None] assignable[True] timeout[10.0])] master_uri[http://localhost:11311/]
[roslaunch][INFO] 2025-11-09 13:58:20,143: process[rosout-1]: env[{'ROS_VERSION': '1', 'DISABLE_ROS1_EOL_WARNINGS': '1', 'PKG_CONFIG_PATH': '/opt/pal/gallium/lib/pkgconfig:/opt/pal/gallium/lib/x86_64-linux-gnu/pkgconfig:/opt/ros/noetic/lib/pkgconfig:/opt/ros/noetic/lib/x86_64-linux-gnu/pkgconfig', 'ROS_PYTHON_VERSION': '3', 'HOSTNAME': 'epan-tiago-noetic-ssh', 'VISP_WS': '/home/pal/visp-ws', 'ROS_PACKAGE_PATH': '/home/pal/ros_ws/src:/opt/pal/gallium/share:/opt/ros/noetic/share', 'ROSLISP_PACKAGE_DIRECTORIES': '/home/pal/ros_ws/devel/share/common-lisp', 'PWD': '/home/pal/ros_ws/src', 'XAUTHORITY': '', 'TZ': 'Europe/Paris', 'ROS_IP': '127.0.0.1', 'HOME': '/home/pal', 'ROS_ETC_DIR': '/opt/ros/noetic/etc/ros', 'LS_COLORS': 'rs=0:di=01;34:ln=01;36:mh=00:pi=40;33:so=01;35:do=01;35:bd=40;33;01:cd=40;33;01:or=40;31;01:mi=00:su=37;41:sg=30;43:ca=30;41:tw=30;42:ow=34;42:st=37;44:ex=01;32:*.tar=01;31:*.tgz=01;31:*.arc=01;31:*.arj=01;31:*.taz=01;31:*.lha=01;31:*.lz4=01;31:*.lzh=01;31:*.lzma=01;31:*.tlz=01;31:*.txz=01;31:*.tzo=01;31:*.t7z=01;31:*.zip=01;31:*.z=01;31:*.dz=01;31:*.gz=01;31:*.lrz=01;31:*.lz=01;31:*.lzo=01;31:*.xz=01;31:*.zst=01;31:*.tzst=01;31:*.bz2=01;31:*.bz=01;31:*.tbz=01;31:*.tbz2=01;31:*.tz=01;31:*.deb=01;31:*.rpm=01;31:*.jar=01;31:*.war=01;31:*.ear=01;31:*.sar=01;31:*.rar=01;31:*.alz=01;31:*.ace=01;31:*.zoo=01;31:*.cpio=01;31:*.7z=01;31:*.rz=01;31:*.cab=01;31:*.wim=01;31:*.swm=01;31:*.dwm=01;31:*.esd=01;31:*.jpg=01;35:*.jpeg=01;35:*.mjpg=01;35:*.mjpeg=01;35:*.gif=01;35:*.bmp=01;35:*.pbm=01;35:*.pgm=01;35:*.ppm=01;35:*.tga=01;35:*.xbm=01;35:*.xpm=01;35:*.tif=01;35:*.tiff=01;35:*.png=01;35:*.svg=01;35:*.svgz=01;35:*.mng=01;35:*.pcx=01;35:*.mov=01;35:*.mpg=01;35:*.mpeg=01;35:*.m2v=01;35:*.mkv=01;35:*.webm=01;35:*.ogm=01;35:*.mp4=01;35:*.m4v=01;35:*.mp4v=01;35:*.vob=01;35:*.qt=01;35:*.nuv=01;35:*.wmv=01;35:*.asf=01;35:*.rm=01;35:*.rmvb=01;35:*.flc=01;35:*.avi=01;35:*.fli=01;35:*.flv=01;35:*.gl=01;35:*.dl=01;35:*.xcf=01;35:*.xwd=01;35:*.yuv=01;35:*.cgm=01;35:*.emf=01;35:*.ogv=01;35:*.ogx=01;35:*.aac=00;36:*.au=00;36:*.flac=00;36:*.m4a=00;36:*.mid=00;36:*.midi=00;36:*.mka=00;36:*.mp3=00;36:*.mpc=00;36:*.ogg=00;36:*.ra=00;36:*.wav=00;36:*.oga=00;36:*.opus=00;36:*.spx=00;36:*.xspf=00;36:', 'OROCOS_TARGET': 'gnulinux', 'CMAKE_PREFIX_PATH': '/home/pal/ros_ws/devel:/opt/pal/gallium:/opt/ros/noetic', 'GAZEBO_RESOURCE_PATH': '/home/pal/ros_ws/src/va50:', 'ROS_WORKSPACE': '/home/pal/ros_ws', 'LESSCLOSE': '/usr/bin/lesspipe %s %s', 'PYTHONPATH': '/opt/pal/gallium/lib/python3/dist-packages:/opt/ros/noetic/lib/python3/dist-packages', 'TERM': 'xterm', 'VISP_INPUT_IMAGE_PATH': '/home/pal/visp-ws/visp-images', 'LESSOPEN': '| /usr/bin/lesspipe %s', 'USER': 'pal', 'RTT_COMPONENT_PATH': '/opt/pal/gallium/lib/orocos', 'DISPLAY': ':1', 'SHLVL': '1', 'PAL_DISTRO': 'gallium', 'ROS_MASTER_URI': 'http://localhost:11311/', 'LD_LIBRARY_PATH': '/home/pal/ros_ws/devel/lib:/opt/pal/gallium/lib:/opt/pal/gallium/lib/x86_64-linux-gnu:/opt/ros/noetic/lib:/opt/ros/noetic/lib/x86_64-linux-gnu:/usr/local/lib', 'GAZEBO_MODEL_PATH': '/home/pal/ros_ws/src/va50/models:', 'PATH': '/opt/pal/gallium/bin:/opt/ros/noetic/bin:/opt/pal/gallium/lib/pal_debian_utils/:/usr/local/sbin:/usr/local/bin:/usr/sbin:/usr/bin:/sbin:/bin', 'LUA_PATH': ';;/opt/pal/gallium/share/lua/5.1/?.lua;/opt/pal/gallium/share/lua/5.1/?.lua;/opt/pal/gallium/share/lua/5.1/?.lua', 'DEBIAN_FRONTEND': 'noninteractive', 'ROS_ROOT': '/opt/ros/noetic/share/ros', 'ROS_DISTRO': 'noetic', 'QT_X11_NO_MITSHM': '1', '_': '/opt/ros/noetic/bin/roslaunch', 'OLDPWD': '/home/pal/ros_ws', 'LC_CTYPE': 'C.UTF-8', 'ROS_LOG_FILENAME': '/home/pal/.ros/log/c3515b42-bd6b-11f0-8b0c-0028f8234b19/roslaunch-epan-tiago-noetic-ssh-1958.log'}]
[roslaunch][INFO] 2025-11-09 13:58:20,230: process[rosout-1]: args[['/opt/ros/noetic/lib/rosout/rosout', '__name:=rosout']]
[roslaunch][INFO] 2025-11-09 13:58:20,230: ... created process [rosout-1]
[roslaunch.pmon][INFO] 2025-11-09 13:58:20,230: ProcessMonitor.register[rosout-1]
[roslaunch.pmon][INFO] 2025-11-09 13:58:20,231: ProcessMonitor.register[rosout-1] complete
[roslaunch][INFO] 2025-11-09 13:58:20,231: ... registered process [rosout-1]
[roslaunch][INFO] 2025-11-09 13:58:20,231: process[rosout-1]: starting os process
[roslaunch][INFO] 2025-11-09 13:58:20,231: process[rosout-1]: start w/ args [['/opt/ros/noetic/lib/rosout/rosout', '__name:=rosout', '__log:=/home/pal/.ros/log/c3515b42-bd6b-11f0-8b0c-0028f8234b19/rosout-1.log']]
[roslaunch][INFO] 2025-11-09 13:58:20,231: process[rosout-1]: cwd will be [/home/pal/.ros]
[roslaunch][INFO] 2025-11-09 13:58:20,235: process[rosout-1]: started with pid [1988]
[roslaunch][INFO] 2025-11-09 13:58:20,235: ... successfully launched [rosout-1]
[roslaunch][INFO] 2025-11-09 13:58:20,236: load_parameters starting ...
[roslaunch][INFO] 2025-11-09 13:58:20,364: ... load_parameters complete
[roslaunch][INFO] 2025-11-09 13:58:20,364: launch_nodes: launching local nodes ...
[roslaunch][INFO] 2025-11-09 13:58:20,366: ... preparing to launch node of type [gazebo_ros/gzserver]
[roslaunch][INFO] 2025-11-09 13:58:20,366: create_node_process: package[gazebo_ros] type[gzserver] machine[Machine(name[] env_loader[None] address[localhost] ssh_port[22] user[None] assignable[True] timeout[10.0])] master_uri[http://localhost:11311/]
[roslaunch][INFO] 2025-11-09 13:58:20,366: process[gazebo-2]: env[{'ROS_VERSION': '1', 'DISABLE_ROS1_EOL_WARNINGS': '1', 'PKG_CONFIG_PATH': '/opt/pal/gallium/lib/pkgconfig:/opt/pal/gallium/lib/x86_64-linux-gnu/pkgconfig:/opt/ros/noetic/lib/pkgconfig:/opt/ros/noetic/lib/x86_64-linux-gnu/pkgconfig', 'ROS_PYTHON_VERSION': '3', 'HOSTNAME': 'epan-tiago-noetic-ssh', 'VISP_WS': '/home/pal/visp-ws', 'ROS_PACKAGE_PATH': '/home/pal/ros_ws/src:/opt/pal/gallium/share:/opt/ros/noetic/share', 'ROSLISP_PACKAGE_DIRECTORIES': '/home/pal/ros_ws/devel/share/common-lisp', 'PWD': '/home/pal/ros_ws/src', 'XAUTHORITY': '', 'TZ': 'Europe/Paris', 'ROS_IP': '127.0.0.1', 'HOME': '/home/pal', 'ROS_ETC_DIR': '/opt/ros/noetic/etc/ros', 'LS_COLORS': 'rs=0:di=01;34:ln=01;36:mh=00:pi=40;33:so=01;35:do=01;35:bd=40;33;01:cd=40;33;01:or=40;31;01:mi=00:su=37;41:sg=30;43:ca=30;41:tw=30;42:ow=34;42:st=37;44:ex=01;32:*.tar=01;31:*.tgz=01;31:*.arc=01;31:*.arj=01;31:*.taz=01;31:*.lha=01;31:*.lz4=01;31:*.lzh=01;31:*.lzma=01;31:*.tlz=01;31:*.txz=01;31:*.tzo=01;31:*.t7z=01;31:*.zip=01;31:*.z=01;31:*.dz=01;31:*.gz=01;31:*.lrz=01;31:*.lz=01;31:*.lzo=01;31:*.xz=01;31:*.zst=01;31:*.tzst=01;31:*.bz2=01;31:*.bz=01;31:*.tbz=01;31:*.tbz2=01;31:*.tz=01;31:*.deb=01;31:*.rpm=01;31:*.jar=01;31:*.war=01;31:*.ear=01;31:*.sar=01;31:*.rar=01;31:*.alz=01;31:*.ace=01;31:*.zoo=01;31:*.cpio=01;31:*.7z=01;31:*.rz=01;31:*.cab=01;31:*.wim=01;31:*.swm=01;31:*.dwm=01;31:*.esd=01;31:*.jpg=01;35:*.jpeg=01;35:*.mjpg=01;35:*.mjpeg=01;35:*.gif=01;35:*.bmp=01;35:*.pbm=01;35:*.pgm=01;35:*.ppm=01;35:*.tga=01;35:*.xbm=01;35:*.xpm=01;35:*.tif=01;35:*.tiff=01;35:*.png=01;35:*.svg=01;35:*.svgz=01;35:*.mng=01;35:*.pcx=01;35:*.mov=01;35:*.mpg=01;35:*.mpeg=01;35:*.m2v=01;35:*.mkv=01;35:*.webm=01;35:*.ogm=01;35:*.mp4=01;35:*.m4v=01;35:*.mp4v=01;35:*.vob=01;35:*.qt=01;35:*.nuv=01;35:*.wmv=01;35:*.asf=01;35:*.rm=01;35:*.rmvb=01;35:*.flc=01;35:*.avi=01;35:*.fli=01;35:*.flv=01;35:*.gl=01;35:*.dl=01;35:*.xcf=01;35:*.xwd=01;35:*.yuv=01;35:*.cgm=01;35:*.emf=01;35:*.ogv=01;35:*.ogx=01;35:*.aac=00;36:*.au=00;36:*.flac=00;36:*.m4a=00;36:*.mid=00;36:*.midi=00;36:*.mka=00;36:*.mp3=00;36:*.mpc=00;36:*.ogg=00;36:*.ra=00;36:*.wav=00;36:*.oga=00;36:*.opus=00;36:*.spx=00;36:*.xspf=00;36:', 'OROCOS_TARGET': 'gnulinux', 'CMAKE_PREFIX_PATH': '/home/pal/ros_ws/devel:/opt/pal/gallium:/opt/ros/noetic', 'GAZEBO_RESOURCE_PATH': '/opt/pal/gallium/share/tiago_gazebo:/opt/pal/gallium/share/pal_gazebo_worlds/../pal_gazebo_worlds_private:/opt/pal/gallium/share/pal_gazebo_worlds/:/home/pal/ros_ws/src/va50:', 'ROS_WORKSPACE': '/home/pal/ros_ws', 'LESSCLOSE': '/usr/bin/lesspipe %s %s', 'PYTHONPATH': '/opt/pal/gallium/lib/python3/dist-packages:/opt/ros/noetic/lib/python3/dist-packages', 'TERM': 'xterm', 'VISP_INPUT_IMAGE_PATH': '/home/pal/visp-ws/visp-images', 'LESSOPEN': '| /usr/bin/lesspipe %s', 'USER': 'pal', 'RTT_COMPONENT_PATH': '/opt/pal/gallium/lib/orocos', 'DISPLAY': ':1', 'SHLVL': '1', 'PAL_DISTRO': 'gallium', 'ROS_MASTER_URI': 'http://localhost:11311/', 'LD_LIBRARY_PATH': '/home/pal/ros_ws/devel/lib:/opt/pal/gallium/lib:/opt/pal/gallium/lib/x86_64-linux-gnu:/opt/ros/noetic/lib:/opt/ros/noetic/lib/x86_64-linux-gnu:/usr/local/lib', 'GAZEBO_MODEL_PATH': '/opt/pal/gallium/share/tiago_gazebo/models:/opt/pal/gallium/share/pal_gazebo_worlds/../pal_gazebo_worlds_private/models:/opt/pal/gallium/share/pal_gazebo_worlds/models:/home/pal/ros_ws/src/va50/models:', 'PATH': '/opt/pal/gallium/bin:/opt/ros/noetic/bin:/opt/pal/gallium/lib/pal_debian_utils/:/usr/local/sbin:/usr/local/bin:/usr/sbin:/usr/bin:/sbin:/bin', 'LUA_PATH': ';;/opt/pal/gallium/share/lua/5.1/?.lua;/opt/pal/gallium/share/lua/5.1/?.lua;/opt/pal/gallium/share/lua/5.1/?.lua', 'DEBIAN_FRONTEND': 'noninteractive', 'ROS_ROOT': '/opt/ros/noetic/share/ros', 'ROS_DISTRO': 'noetic', 'QT_X11_NO_MITSHM': '1', '_': '/opt/ros/noetic/bin/roslaunch', 'OLDPWD': '/home/pal/ros_ws', 'LC_CTYPE': 'C.UTF-8', 'ROS_LOG_FILENAME': '/home/pal/.ros/log/c3515b42-bd6b-11f0-8b0c-0028f8234b19/roslaunch-epan-tiago-noetic-ssh-1958.log', 'LC_NUMERIC': 'C'}]
[roslaunch][INFO] 2025-11-09 13:58:20,367: process[gazebo-2]: args[['/opt/pal/gallium/lib/gazebo_ros/gzserver', '-e', 'ode', 'worlds/table_plate_fork_knife.world', '__name:=gazebo']]
[roslaunch][INFO] 2025-11-09 13:58:20,367: ... created process [gazebo-2]
[roslaunch.pmon][INFO] 2025-11-09 13:58:20,367: ProcessMonitor.register[gazebo-2]
[roslaunch.pmon][INFO] 2025-11-09 13:58:20,367: ProcessMonitor.register[gazebo-2] complete
[roslaunch][INFO] 2025-11-09 13:58:20,367: ... registered process [gazebo-2]
[roslaunch][INFO] 2025-11-09 13:58:20,367: process[gazebo-2]: starting os process
[roslaunch][INFO] 2025-11-09 13:58:20,367: process[gazebo-2]: start w/ args [['/opt/pal/gallium/lib/gazebo_ros/gzserver', '-e', 'ode', 'worlds/table_plate_fork_knife.world', '__name:=gazebo', '__log:=/home/pal/.ros/log/c3515b42-bd6b-11f0-8b0c-0028f8234b19/gazebo-2.log']]
[roslaunch][INFO] 2025-11-09 13:58:20,367: process[gazebo-2]: cwd will be [/home/pal/.ros]
[roslaunch][INFO] 2025-11-09 13:58:20,371: process[gazebo-2]: started with pid [1995]
[roslaunch][INFO] 2025-11-09 13:58:20,371: ... successfully launched [gazebo-2]
[roslaunch][INFO] 2025-11-09 13:58:20,371: ... preparing to launch node of type [gazebo_ros/gzclient]
[roslaunch][INFO] 2025-11-09 13:58:20,372: create_node_process: package[gazebo_ros] type[gzclient] machine[Machine(name[] env_loader[None] address[localhost] ssh_port[22] user[None] assignable[True] timeout[10.0])] master_uri[http://localhost:11311/]
[roslaunch][INFO] 2025-11-09 13:58:20,372: process[gazebo_gui-3]: env[{'ROS_VERSION': '1', 'DISABLE_ROS1_EOL_WARNINGS': '1', 'PKG_CONFIG_PATH': '/opt/pal/gallium/lib/pkgconfig:/opt/pal/gallium/lib/x86_64-linux-gnu/pkgconfig:/opt/ros/noetic/lib/pkgconfig:/opt/ros/noetic/lib/x86_64-linux-gnu/pkgconfig', 'ROS_PYTHON_VERSION': '3', 'HOSTNAME': 'epan-tiago-noetic-ssh', 'VISP_WS': '/home/pal/visp-ws', 'ROS_PACKAGE_PATH': '/home/pal/ros_ws/src:/opt/pal/gallium/share:/opt/ros/noetic/share', 'ROSLISP_PACKAGE_DIRECTORIES': '/home/pal/ros_ws/devel/share/common-lisp', 'PWD': '/home/pal/ros_ws/src', 'XAUTHORITY': '', 'TZ': 'Europe/Paris', 'ROS_IP': '127.0.0.1', 'HOME': '/home/pal', 'ROS_ETC_DIR': '/opt/ros/noetic/etc/ros', 'LS_COLORS': 'rs=0:di=01;34:ln=01;36:mh=00:pi=40;33:so=01;35:do=01;35:bd=40;33;01:cd=40;33;01:or=40;31;01:mi=00:su=37;41:sg=30;43:ca=30;41:tw=30;42:ow=34;42:st=37;44:ex=01;32:*.tar=01;31:*.tgz=01;31:*.arc=01;31:*.arj=01;31:*.taz=01;31:*.lha=01;31:*.lz4=01;31:*.lzh=01;31:*.lzma=01;31:*.tlz=01;31:*.txz=01;31:*.tzo=01;31:*.t7z=01;31:*.zip=01;31:*.z=01;31:*.dz=01;31:*.gz=01;31:*.lrz=01;31:*.lz=01;31:*.lzo=01;31:*.xz=01;31:*.zst=01;31:*.tzst=01;31:*.bz2=01;31:*.bz=01;31:*.tbz=01;31:*.tbz2=01;31:*.tz=01;31:*.deb=01;31:*.rpm=01;31:*.jar=01;31:*.war=01;31:*.ear=01;31:*.sar=01;31:*.rar=01;31:*.alz=01;31:*.ace=01;31:*.zoo=01;31:*.cpio=01;31:*.7z=01;31:*.rz=01;31:*.cab=01;31:*.wim=01;31:*.swm=01;31:*.dwm=01;31:*.esd=01;31:*.jpg=01;35:*.jpeg=01;35:*.mjpg=01;35:*.mjpeg=01;35:*.gif=01;35:*.bmp=01;35:*.pbm=01;35:*.pgm=01;35:*.ppm=01;35:*.tga=01;35:*.xbm=01;35:*.xpm=01;35:*.tif=01;35:*.tiff=01;35:*.png=01;35:*.svg=01;35:*.svgz=01;35:*.mng=01;35:*.pcx=01;35:*.mov=01;35:*.mpg=01;35:*.mpeg=01;35:*.m2v=01;35:*.mkv=01;35:*.webm=01;35:*.ogm=01;35:*.mp4=01;35:*.m4v=01;35:*.mp4v=01;35:*.vob=01;35:*.qt=01;35:*.nuv=01;35:*.wmv=01;35:*.asf=01;35:*.rm=01;35:*.rmvb=01;35:*.flc=01;35:*.avi=01;35:*.fli=01;35:*.flv=01;35:*.gl=01;35:*.dl=01;35:*.xcf=01;35:*.xwd=01;35:*.yuv=01;35:*.cgm=01;35:*.emf=01;35:*.ogv=01;35:*.ogx=01;35:*.aac=00;36:*.au=00;36:*.flac=00;36:*.m4a=00;36:*.mid=00;36:*.midi=00;36:*.mka=00;36:*.mp3=00;36:*.mpc=00;36:*.ogg=00;36:*.ra=00;36:*.wav=00;36:*.oga=00;36:*.opus=00;36:*.spx=00;36:*.xspf=00;36:', 'OROCOS_TARGET': 'gnulinux', 'CMAKE_PREFIX_PATH': '/home/pal/ros_ws/devel:/opt/pal/gallium:/opt/ros/noetic', 'GAZEBO_RESOURCE_PATH': '/opt/pal/gallium/share/tiago_gazebo:/opt/pal/gallium/share/pal_gazebo_worlds/../pal_gazebo_worlds_private:/opt/pal/gallium/share/pal_gazebo_worlds/:/home/pal/ros_ws/src/va50:', 'ROS_WORKSPACE': '/home/pal/ros_ws', 'LESSCLOSE': '/usr/bin/lesspipe %s %s', 'PYTHONPATH': '/opt/pal/gallium/lib/python3/dist-packages:/opt/ros/noetic/lib/python3/dist-packages', 'TERM': 'xterm', 'VISP_INPUT_IMAGE_PATH': '/home/pal/visp-ws/visp-images', 'LESSOPEN': '| /usr/bin/lesspipe %s', 'USER': 'pal', 'RTT_COMPONENT_PATH': '/opt/pal/gallium/lib/orocos', 'DISPLAY': ':1', 'SHLVL': '1', 'PAL_DISTRO': 'gallium', 'ROS_MASTER_URI': 'http://localhost:11311/', 'LD_LIBRARY_PATH': '/home/pal/ros_ws/devel/lib:/opt/pal/gallium/lib:/opt/pal/gallium/lib/x86_64-linux-gnu:/opt/ros/noetic/lib:/opt/ros/noetic/lib/x86_64-linux-gnu:/usr/local/lib', 'GAZEBO_MODEL_PATH': '/opt/pal/gallium/share/tiago_gazebo/models:/opt/pal/gallium/share/pal_gazebo_worlds/../pal_gazebo_worlds_private/models:/opt/pal/gallium/share/pal_gazebo_worlds/models:/home/pal/ros_ws/src/va50/models:', 'PATH': '/opt/pal/gallium/bin:/opt/ros/noetic/bin:/opt/pal/gallium/lib/pal_debian_utils/:/usr/local/sbin:/usr/local/bin:/usr/sbin:/usr/bin:/sbin:/bin', 'LUA_PATH': ';;/opt/pal/gallium/share/lua/5.1/?.lua;/opt/pal/gallium/share/lua/5.1/?.lua;/opt/pal/gallium/share/lua/5.1/?.lua', 'DEBIAN_FRONTEND': 'noninteractive', 'ROS_ROOT': '/opt/ros/noetic/share/ros', 'ROS_DISTRO': 'noetic', 'QT_X11_NO_MITSHM': '1', '_': '/opt/ros/noetic/bin/roslaunch', 'OLDPWD': '/home/pal/ros_ws', 'LC_CTYPE': 'C.UTF-8', 'ROS_LOG_FILENAME': '/home/pal/.ros/log/c3515b42-bd6b-11f0-8b0c-0028f8234b19/roslaunch-epan-tiago-noetic-ssh-1958.log', 'LC_NUMERIC': 'C'}]
[roslaunch][INFO] 2025-11-09 13:58:20,373: process[gazebo_gui-3]: args[['/opt/pal/gallium/lib/gazebo_ros/gzclient', '__name:=gazebo_gui']]
[roslaunch][INFO] 2025-11-09 13:58:20,373: ... created process [gazebo_gui-3]
[roslaunch.pmon][INFO] 2025-11-09 13:58:20,373: ProcessMonitor.register[gazebo_gui-3]
[roslaunch.pmon][INFO] 2025-11-09 13:58:20,373: ProcessMonitor.register[gazebo_gui-3] complete
[roslaunch][INFO] 2025-11-09 13:58:20,373: ... registered process [gazebo_gui-3]
[roslaunch][INFO] 2025-11-09 13:58:20,373: process[gazebo_gui-3]: starting os process
[roslaunch][INFO] 2025-11-09 13:58:20,373: process[gazebo_gui-3]: start w/ args [['/opt/pal/gallium/lib/gazebo_ros/gzclient', '__name:=gazebo_gui', '__log:=/home/pal/.ros/log/c3515b42-bd6b-11f0-8b0c-0028f8234b19/gazebo_gui-3.log']]
[roslaunch][INFO] 2025-11-09 13:58:20,373: process[gazebo_gui-3]: cwd will be [/home/pal/.ros]
[roslaunch][INFO] 2025-11-09 13:58:20,377: process[gazebo_gui-3]: started with pid [1999]
[roslaunch][INFO] 2025-11-09 13:58:20,377: ... successfully launched [gazebo_gui-3]
[roslaunch][INFO] 2025-11-09 13:58:20,377: ... preparing to launch node of type [gazebo_ros/spawn_model]
[roslaunch][INFO] 2025-11-09 13:58:20,377: create_node_process: package[gazebo_ros] type[spawn_model] machine[Machine(name[] env_loader[None] address[localhost] ssh_port[22] user[None] assignable[True] timeout[10.0])] master_uri[http://localhost:11311/]
[roslaunch][INFO] 2025-11-09 13:58:20,377: process[spawn_model-4]: env[{'ROS_VERSION': '1', 'DISABLE_ROS1_EOL_WARNINGS': '1', 'PKG_CONFIG_PATH': '/opt/pal/gallium/lib/pkgconfig:/opt/pal/gallium/lib/x86_64-linux-gnu/pkgconfig:/opt/ros/noetic/lib/pkgconfig:/opt/ros/noetic/lib/x86_64-linux-gnu/pkgconfig', 'ROS_PYTHON_VERSION': '3', 'HOSTNAME': 'epan-tiago-noetic-ssh', 'VISP_WS': '/home/pal/visp-ws', 'ROS_PACKAGE_PATH': '/home/pal/ros_ws/src:/opt/pal/gallium/share:/opt/ros/noetic/share', 'ROSLISP_PACKAGE_DIRECTORIES': '/home/pal/ros_ws/devel/share/common-lisp', 'PWD': '/home/pal/ros_ws/src', 'XAUTHORITY': '', 'TZ': 'Europe/Paris', 'ROS_IP': '127.0.0.1', 'HOME': '/home/pal', 'ROS_ETC_DIR': '/opt/ros/noetic/etc/ros', 'LS_COLORS': 'rs=0:di=01;34:ln=01;36:mh=00:pi=40;33:so=01;35:do=01;35:bd=40;33;01:cd=40;33;01:or=40;31;01:mi=00:su=37;41:sg=30;43:ca=30;41:tw=30;42:ow=34;42:st=37;44:ex=01;32:*.tar=01;31:*.tgz=01;31:*.arc=01;31:*.arj=01;31:*.taz=01;31:*.lha=01;31:*.lz4=01;31:*.lzh=01;31:*.lzma=01;31:*.tlz=01;31:*.txz=01;31:*.tzo=01;31:*.t7z=01;31:*.zip=01;31:*.z=01;31:*.dz=01;31:*.gz=01;31:*.lrz=01;31:*.lz=01;31:*.lzo=01;31:*.xz=01;31:*.zst=01;31:*.tzst=01;31:*.bz2=01;31:*.bz=01;31:*.tbz=01;31:*.tbz2=01;31:*.tz=01;31:*.deb=01;31:*.rpm=01;31:*.jar=01;31:*.war=01;31:*.ear=01;31:*.sar=01;31:*.rar=01;31:*.alz=01;31:*.ace=01;31:*.zoo=01;31:*.cpio=01;31:*.7z=01;31:*.rz=01;31:*.cab=01;31:*.wim=01;31:*.swm=01;31:*.dwm=01;31:*.esd=01;31:*.jpg=01;35:*.jpeg=01;35:*.mjpg=01;35:*.mjpeg=01;35:*.gif=01;35:*.bmp=01;35:*.pbm=01;35:*.pgm=01;35:*.ppm=01;35:*.tga=01;35:*.xbm=01;35:*.xpm=01;35:*.tif=01;35:*.tiff=01;35:*.png=01;35:*.svg=01;35:*.svgz=01;35:*.mng=01;35:*.pcx=01;35:*.mov=01;35:*.mpg=01;35:*.mpeg=01;35:*.m2v=01;35:*.mkv=01;35:*.webm=01;35:*.ogm=01;35:*.mp4=01;35:*.m4v=01;35:*.mp4v=01;35:*.vob=01;35:*.qt=01;35:*.nuv=01;35:*.wmv=01;35:*.asf=01;35:*.rm=01;35:*.rmvb=01;35:*.flc=01;35:*.avi=01;35:*.fli=01;35:*.flv=01;35:*.gl=01;35:*.dl=01;35:*.xcf=01;35:*.xwd=01;35:*.yuv=01;35:*.cgm=01;35:*.emf=01;35:*.ogv=01;35:*.ogx=01;35:*.aac=00;36:*.au=00;36:*.flac=00;36:*.m4a=00;36:*.mid=00;36:*.midi=00;36:*.mka=00;36:*.mp3=00;36:*.mpc=00;36:*.ogg=00;36:*.ra=00;36:*.wav=00;36:*.oga=00;36:*.opus=00;36:*.spx=00;36:*.xspf=00;36:', 'OROCOS_TARGET': 'gnulinux', 'CMAKE_PREFIX_PATH': '/home/pal/ros_ws/devel:/opt/pal/gallium:/opt/ros/noetic', 'GAZEBO_RESOURCE_PATH': '/home/pal/ros_ws/src/va50:', 'ROS_WORKSPACE': '/home/pal/ros_ws', 'LESSCLOSE': '/usr/bin/lesspipe %s %s', 'PYTHONPATH': '/opt/pal/gallium/lib/python3/dist-packages:/opt/ros/noetic/lib/python3/dist-packages', 'TERM': 'xterm', 'VISP_INPUT_IMAGE_PATH': '/home/pal/visp-ws/visp-images', 'LESSOPEN': '| /usr/bin/lesspipe %s', 'USER': 'pal', 'RTT_COMPONENT_PATH': '/opt/pal/gallium/lib/orocos', 'DISPLAY': ':1', 'SHLVL': '1', 'PAL_DISTRO': 'gallium', 'ROS_MASTER_URI': 'http://localhost:11311/', 'LD_LIBRARY_PATH': '/home/pal/ros_ws/devel/lib:/opt/pal/gallium/lib:/opt/pal/gallium/lib/x86_64-linux-gnu:/opt/ros/noetic/lib:/opt/ros/noetic/lib/x86_64-linux-gnu:/usr/local/lib', 'GAZEBO_MODEL_PATH': '/home/pal/ros_ws/src/va50/models:', 'PATH': '/opt/pal/gallium/bin:/opt/ros/noetic/bin:/opt/pal/gallium/lib/pal_debian_utils/:/usr/local/sbin:/usr/local/bin:/usr/sbin:/usr/bin:/sbin:/bin', 'LUA_PATH': ';;/opt/pal/gallium/share/lua/5.1/?.lua;/opt/pal/gallium/share/lua/5.1/?.lua;/opt/pal/gallium/share/lua/5.1/?.lua', 'DEBIAN_FRONTEND': 'noninteractive', 'ROS_ROOT': '/opt/ros/noetic/share/ros', 'ROS_DISTRO': 'noetic', 'QT_X11_NO_MITSHM': '1', '_': '/opt/ros/noetic/bin/roslaunch', 'OLDPWD': '/home/pal/ros_ws', 'LC_CTYPE': 'C.UTF-8', 'ROS_LOG_FILENAME': '/home/pal/.ros/log/c3515b42-bd6b-11f0-8b0c-0028f8234b19/roslaunch-epan-tiago-noetic-ssh-1958.log', 'LC_NUMERIC': 'C'}]
[roslaunch][INFO] 2025-11-09 13:58:20,378: process[spawn_model-4]: args[['/opt/pal/gallium/lib/gazebo_ros/spawn_model', '-urdf', '-param', 'robot_description', '-x', '0.0', '-y', '0.0', '-z', '0.0', '-R', '0.0', '-P', '0.0', '-Y', '0.0', '-model', 'tiago', '__name:=spawn_model']]
[roslaunch][INFO] 2025-11-09 13:58:20,379: ... created process [spawn_model-4]
[roslaunch.pmon][INFO] 2025-11-09 13:58:20,379: ProcessMonitor.register[spawn_model-4]
[roslaunch.pmon][INFO] 2025-11-09 13:58:20,379: ProcessMonitor.register[spawn_model-4] complete
[roslaunch][INFO] 2025-11-09 13:58:20,379: ... registered process [spawn_model-4]
[roslaunch][INFO] 2025-11-09 13:58:20,379: process[spawn_model-4]: starting os process
[roslaunch][INFO] 2025-11-09 13:58:20,379: process[spawn_model-4]: start w/ args [['/opt/pal/gallium/lib/gazebo_ros/spawn_model', '-urdf', '-param', 'robot_description', '-x', '0.0', '-y', '0.0', '-z', '0.0', '-R', '0.0', '-P', '0.0', '-Y', '0.0', '-model', 'tiago', '__name:=spawn_model', '__log:=/home/pal/.ros/log/c3515b42-bd6b-11f0-8b0c-0028f8234b19/spawn_model-4.log']]
[roslaunch][INFO] 2025-11-09 13:58:20,379: process[spawn_model-4]: cwd will be [/home/pal/.ros]
[roslaunch][INFO] 2025-11-09 13:58:20,384: process[spawn_model-4]: started with pid [2004]
[roslaunch][INFO] 2025-11-09 13:58:20,385: ... successfully launched [spawn_model-4]
[roslaunch][INFO] 2025-11-09 13:58:20,385: ... preparing to launch node of type [controller_manager/spawner]
[roslaunch][INFO] 2025-11-09 13:58:20,385: create_node_process: package[controller_manager] type[spawner] machine[Machine(name[] env_loader[None] address[localhost] ssh_port[22] user[None] assignable[True] timeout[10.0])] master_uri[http://localhost:11311/]
[roslaunch][INFO] 2025-11-09 13:58:20,385: process[default_controllers_spawner-5]: env[{'ROS_VERSION': '1', 'DISABLE_ROS1_EOL_WARNINGS': '1', 'PKG_CONFIG_PATH': '/opt/pal/gallium/lib/pkgconfig:/opt/pal/gallium/lib/x86_64-linux-gnu/pkgconfig:/opt/ros/noetic/lib/pkgconfig:/opt/ros/noetic/lib/x86_64-linux-gnu/pkgconfig', 'ROS_PYTHON_VERSION': '3', 'HOSTNAME': 'epan-tiago-noetic-ssh', 'VISP_WS': '/home/pal/visp-ws', 'ROS_PACKAGE_PATH': '/home/pal/ros_ws/src:/opt/pal/gallium/share:/opt/ros/noetic/share', 'ROSLISP_PACKAGE_DIRECTORIES': '/home/pal/ros_ws/devel/share/common-lisp', 'PWD': '/home/pal/ros_ws/src', 'XAUTHORITY': '', 'TZ': 'Europe/Paris', 'ROS_IP': '127.0.0.1', 'HOME': '/home/pal', 'ROS_ETC_DIR': '/opt/ros/noetic/etc/ros', 'LS_COLORS': 'rs=0:di=01;34:ln=01;36:mh=00:pi=40;33:so=01;35:do=01;35:bd=40;33;01:cd=40;33;01:or=40;31;01:mi=00:su=37;41:sg=30;43:ca=30;41:tw=30;42:ow=34;42:st=37;44:ex=01;32:*.tar=01;31:*.tgz=01;31:*.arc=01;31:*.arj=01;31:*.taz=01;31:*.lha=01;31:*.lz4=01;31:*.lzh=01;31:*.lzma=01;31:*.tlz=01;31:*.txz=01;31:*.tzo=01;31:*.t7z=01;31:*.zip=01;31:*.z=01;31:*.dz=01;31:*.gz=01;31:*.lrz=01;31:*.lz=01;31:*.lzo=01;31:*.xz=01;31:*.zst=01;31:*.tzst=01;31:*.bz2=01;31:*.bz=01;31:*.tbz=01;31:*.tbz2=01;31:*.tz=01;31:*.deb=01;31:*.rpm=01;31:*.jar=01;31:*.war=01;31:*.ear=01;31:*.sar=01;31:*.rar=01;31:*.alz=01;31:*.ace=01;31:*.zoo=01;31:*.cpio=01;31:*.7z=01;31:*.rz=01;31:*.cab=01;31:*.wim=01;31:*.swm=01;31:*.dwm=01;31:*.esd=01;31:*.jpg=01;35:*.jpeg=01;35:*.mjpg=01;35:*.mjpeg=01;35:*.gif=01;35:*.bmp=01;35:*.pbm=01;35:*.pgm=01;35:*.ppm=01;35:*.tga=01;35:*.xbm=01;35:*.xpm=01;35:*.tif=01;35:*.tiff=01;35:*.png=01;35:*.svg=01;35:*.svgz=01;35:*.mng=01;35:*.pcx=01;35:*.mov=01;35:*.mpg=01;35:*.mpeg=01;35:*.m2v=01;35:*.mkv=01;35:*.webm=01;35:*.ogm=01;35:*.mp4=01;35:*.m4v=01;35:*.mp4v=01;35:*.vob=01;35:*.qt=01;35:*.nuv=01;35:*.wmv=01;35:*.asf=01;35:*.rm=01;35:*.rmvb=01;35:*.flc=01;35:*.avi=01;35:*.fli=01;35:*.flv=01;35:*.gl=01;35:*.dl=01;35:*.xcf=01;35:*.xwd=01;35:*.yuv=01;35:*.cgm=01;35:*.emf=01;35:*.ogv=01;35:*.ogx=01;35:*.aac=00;36:*.au=00;36:*.flac=00;36:*.m4a=00;36:*.mid=00;36:*.midi=00;36:*.mka=00;36:*.mp3=00;36:*.mpc=00;36:*.ogg=00;36:*.ra=00;36:*.wav=00;36:*.oga=00;36:*.opus=00;36:*.spx=00;36:*.xspf=00;36:', 'OROCOS_TARGET': 'gnulinux', 'CMAKE_PREFIX_PATH': '/home/pal/ros_ws/devel:/opt/pal/gallium:/opt/ros/noetic', 'GAZEBO_RESOURCE_PATH': '/home/pal/ros_ws/src/va50:', 'ROS_WORKSPACE': '/home/pal/ros_ws', 'LESSCLOSE': '/usr/bin/lesspipe %s %s', 'PYTHONPATH': '/opt/pal/gallium/lib/python3/dist-packages:/opt/ros/noetic/lib/python3/dist-packages', 'TERM': 'xterm', 'VISP_INPUT_IMAGE_PATH': '/home/pal/visp-ws/visp-images', 'LESSOPEN': '| /usr/bin/lesspipe %s', 'USER': 'pal', 'RTT_COMPONENT_PATH': '/opt/pal/gallium/lib/orocos', 'DISPLAY': ':1', 'SHLVL': '1', 'PAL_DISTRO': 'gallium', 'ROS_MASTER_URI': 'http://localhost:11311/', 'LD_LIBRARY_PATH': '/home/pal/ros_ws/devel/lib:/opt/pal/gallium/lib:/opt/pal/gallium/lib/x86_64-linux-gnu:/opt/ros/noetic/lib:/opt/ros/noetic/lib/x86_64-linux-gnu:/usr/local/lib', 'GAZEBO_MODEL_PATH': '/home/pal/ros_ws/src/va50/models:', 'PATH': '/opt/pal/gallium/bin:/opt/ros/noetic/bin:/opt/pal/gallium/lib/pal_debian_utils/:/usr/local/sbin:/usr/local/bin:/usr/sbin:/usr/bin:/sbin:/bin', 'LUA_PATH': ';;/opt/pal/gallium/share/lua/5.1/?.lua;/opt/pal/gallium/share/lua/5.1/?.lua;/opt/pal/gallium/share/lua/5.1/?.lua', 'DEBIAN_FRONTEND': 'noninteractive', 'ROS_ROOT': '/opt/ros/noetic/share/ros', 'ROS_DISTRO': 'noetic', 'QT_X11_NO_MITSHM': '1', '_': '/opt/ros/noetic/bin/roslaunch', 'OLDPWD': '/home/pal/ros_ws', 'LC_CTYPE': 'C.UTF-8', 'ROS_LOG_FILENAME': '/home/pal/.ros/log/c3515b42-bd6b-11f0-8b0c-0028f8234b19/roslaunch-epan-tiago-noetic-ssh-1958.log', 'LC_NUMERIC': 'C'}]
[roslaunch][INFO] 2025-11-09 13:58:20,387: process[default_controllers_spawner-5]: args[['/opt/pal/gallium/lib/controller_manager/spawner', '--timeout', '120', 'joint_state_controller', 'torso_controller', 'head_controller', 'arm_controller', 'mobile_base_controller', '__name:=default_controllers_spawner']]
[roslaunch][INFO] 2025-11-09 13:58:20,387: ... created process [default_controllers_spawner-5]
[roslaunch.pmon][INFO] 2025-11-09 13:58:20,387: ProcessMonitor.register[default_controllers_spawner-5]
[roslaunch.pmon][INFO] 2025-11-09 13:58:20,387: ProcessMonitor.register[default_controllers_spawner-5] complete
[roslaunch][INFO] 2025-11-09 13:58:20,387: ... registered process [default_controllers_spawner-5]
[roslaunch][INFO] 2025-11-09 13:58:20,387: process[default_controllers_spawner-5]: starting os process
[roslaunch][INFO] 2025-11-09 13:58:20,388: process[default_controllers_spawner-5]: start w/ args [['/opt/pal/gallium/lib/controller_manager/spawner', '--timeout', '120', 'joint_state_controller', 'torso_controller', 'head_controller', 'arm_controller', 'mobile_base_controller', '__name:=default_controllers_spawner', '__log:=/home/pal/.ros/log/c3515b42-bd6b-11f0-8b0c-0028f8234b19/default_controllers_spawner-5.log']]
[roslaunch][INFO] 2025-11-09 13:58:20,388: process[default_controllers_spawner-5]: cwd will be [/home/pal/.ros]
[roslaunch][INFO] 2025-11-09 13:58:20,393: process[default_controllers_spawner-5]: started with pid [2006]
[roslaunch][INFO] 2025-11-09 13:58:20,394: ... successfully launched [default_controllers_spawner-5]
[roslaunch][INFO] 2025-11-09 13:58:20,394: ... preparing to launch node of type [head_action/head_action]
[roslaunch][INFO] 2025-11-09 13:58:20,394: create_node_process: package[head_action] type[head_action] machine[Machine(name[] env_loader[None] address[localhost] ssh_port[22] user[None] assignable[True] timeout[10.0])] master_uri[http://localhost:11311/]
[roslaunch][INFO] 2025-11-09 13:58:20,394: process[head_controller/point_head_action-6]: env[{'ROS_VERSION': '1', 'DISABLE_ROS1_EOL_WARNINGS': '1', 'PKG_CONFIG_PATH': '/opt/pal/gallium/lib/pkgconfig:/opt/pal/gallium/lib/x86_64-linux-gnu/pkgconfig:/opt/ros/noetic/lib/pkgconfig:/opt/ros/noetic/lib/x86_64-linux-gnu/pkgconfig', 'ROS_PYTHON_VERSION': '3', 'HOSTNAME': 'epan-tiago-noetic-ssh', 'VISP_WS': '/home/pal/visp-ws', 'ROS_PACKAGE_PATH': '/home/pal/ros_ws/src:/opt/pal/gallium/share:/opt/ros/noetic/share', 'ROSLISP_PACKAGE_DIRECTORIES': '/home/pal/ros_ws/devel/share/common-lisp', 'PWD': '/home/pal/ros_ws/src', 'XAUTHORITY': '', 'TZ': 'Europe/Paris', 'ROS_IP': '127.0.0.1', 'HOME': '/home/pal', 'ROS_ETC_DIR': '/opt/ros/noetic/etc/ros', 'LS_COLORS': 'rs=0:di=01;34:ln=01;36:mh=00:pi=40;33:so=01;35:do=01;35:bd=40;33;01:cd=40;33;01:or=40;31;01:mi=00:su=37;41:sg=30;43:ca=30;41:tw=30;42:ow=34;42:st=37;44:ex=01;32:*.tar=01;31:*.tgz=01;31:*.arc=01;31:*.arj=01;31:*.taz=01;31:*.lha=01;31:*.lz4=01;31:*.lzh=01;31:*.lzma=01;31:*.tlz=01;31:*.txz=01;31:*.tzo=01;31:*.t7z=01;31:*.zip=01;31:*.z=01;31:*.dz=01;31:*.gz=01;31:*.lrz=01;31:*.lz=01;31:*.lzo=01;31:*.xz=01;31:*.zst=01;31:*.tzst=01;31:*.bz2=01;31:*.bz=01;31:*.tbz=01;31:*.tbz2=01;31:*.tz=01;31:*.deb=01;31:*.rpm=01;31:*.jar=01;31:*.war=01;31:*.ear=01;31:*.sar=01;31:*.rar=01;31:*.alz=01;31:*.ace=01;31:*.zoo=01;31:*.cpio=01;31:*.7z=01;31:*.rz=01;31:*.cab=01;31:*.wim=01;31:*.swm=01;31:*.dwm=01;31:*.esd=01;31:*.jpg=01;35:*.jpeg=01;35:*.mjpg=01;35:*.mjpeg=01;35:*.gif=01;35:*.bmp=01;35:*.pbm=01;35:*.pgm=01;35:*.ppm=01;35:*.tga=01;35:*.xbm=01;35:*.xpm=01;35:*.tif=01;35:*.tiff=01;35:*.png=01;35:*.svg=01;35:*.svgz=01;35:*.mng=01;35:*.pcx=01;35:*.mov=01;35:*.mpg=01;35:*.mpeg=01;35:*.m2v=01;35:*.mkv=01;35:*.webm=01;35:*.ogm=01;35:*.mp4=01;35:*.m4v=01;35:*.mp4v=01;35:*.vob=01;35:*.qt=01;35:*.nuv=01;35:*.wmv=01;35:*.asf=01;35:*.rm=01;35:*.rmvb=01;35:*.flc=01;35:*.avi=01;35:*.fli=01;35:*.flv=01;35:*.gl=01;35:*.dl=01;35:*.xcf=01;35:*.xwd=01;35:*.yuv=01;35:*.cgm=01;35:*.emf=01;35:*.ogv=01;35:*.ogx=01;35:*.aac=00;36:*.au=00;36:*.flac=00;36:*.m4a=00;36:*.mid=00;36:*.midi=00;36:*.mka=00;36:*.mp3=00;36:*.mpc=00;36:*.ogg=00;36:*.ra=00;36:*.wav=00;36:*.oga=00;36:*.opus=00;36:*.spx=00;36:*.xspf=00;36:', 'OROCOS_TARGET': 'gnulinux', 'CMAKE_PREFIX_PATH': '/home/pal/ros_ws/devel:/opt/pal/gallium:/opt/ros/noetic', 'GAZEBO_RESOURCE_PATH': '/home/pal/ros_ws/src/va50:', 'ROS_WORKSPACE': '/home/pal/ros_ws', 'LESSCLOSE': '/usr/bin/lesspipe %s %s', 'PYTHONPATH': '/opt/pal/gallium/lib/python3/dist-packages:/opt/ros/noetic/lib/python3/dist-packages', 'TERM': 'xterm', 'VISP_INPUT_IMAGE_PATH': '/home/pal/visp-ws/visp-images', 'LESSOPEN': '| /usr/bin/lesspipe %s', 'USER': 'pal', 'RTT_COMPONENT_PATH': '/opt/pal/gallium/lib/orocos', 'DISPLAY': ':1', 'SHLVL': '1', 'PAL_DISTRO': 'gallium', 'ROS_MASTER_URI': 'http://localhost:11311/', 'LD_LIBRARY_PATH': '/home/pal/ros_ws/devel/lib:/opt/pal/gallium/lib:/opt/pal/gallium/lib/x86_64-linux-gnu:/opt/ros/noetic/lib:/opt/ros/noetic/lib/x86_64-linux-gnu:/usr/local/lib', 'GAZEBO_MODEL_PATH': '/home/pal/ros_ws/src/va50/models:', 'PATH': '/opt/pal/gallium/bin:/opt/ros/noetic/bin:/opt/pal/gallium/lib/pal_debian_utils/:/usr/local/sbin:/usr/local/bin:/usr/sbin:/usr/bin:/sbin:/bin', 'LUA_PATH': ';;/opt/pal/gallium/share/lua/5.1/?.lua;/opt/pal/gallium/share/lua/5.1/?.lua;/opt/pal/gallium/share/lua/5.1/?.lua', 'DEBIAN_FRONTEND': 'noninteractive', 'ROS_ROOT': '/opt/ros/noetic/share/ros', 'ROS_DISTRO': 'noetic', 'QT_X11_NO_MITSHM': '1', '_': '/opt/ros/noetic/bin/roslaunch', 'OLDPWD': '/home/pal/ros_ws', 'LC_CTYPE': 'C.UTF-8', 'ROS_LOG_FILENAME': '/home/pal/.ros/log/c3515b42-bd6b-11f0-8b0c-0028f8234b19/roslaunch-epan-tiago-noetic-ssh-1958.log', 'ROS_NAMESPACE': '/head_controller', 'LC_NUMERIC': 'C'}]
[roslaunch][INFO] 2025-11-09 13:58:20,396: process[head_controller/point_head_action-6]: args[['/opt/pal/gallium/lib/head_action/head_action', '__name:=point_head_action']]
[roslaunch][INFO] 2025-11-09 13:58:20,396: ... created process [head_controller/point_head_action-6]
[roslaunch.pmon][INFO] 2025-11-09 13:58:20,396: ProcessMonitor.register[head_controller/point_head_action-6]
[roslaunch.pmon][INFO] 2025-11-09 13:58:20,396: ProcessMonitor.register[head_controller/point_head_action-6] complete
[roslaunch][INFO] 2025-11-09 13:58:20,396: ... registered process [head_controller/point_head_action-6]
[roslaunch][INFO] 2025-11-09 13:58:20,396: process[head_controller/point_head_action-6]: starting os process
[roslaunch][INFO] 2025-11-09 13:58:20,397: process[head_controller/point_head_action-6]: start w/ args [['/opt/pal/gallium/lib/head_action/head_action', '__name:=point_head_action', '__log:=/home/pal/.ros/log/c3515b42-bd6b-11f0-8b0c-0028f8234b19/head_controller-point_head_action-6.log']]
[roslaunch][INFO] 2025-11-09 13:58:20,397: process[head_controller/point_head_action-6]: cwd will be [/home/pal/.ros]
[roslaunch][INFO] 2025-11-09 13:58:20,404: process[head_controller/point_head_action-6]: started with pid [2007]
[roslaunch][INFO] 2025-11-09 13:58:20,404: ... successfully launched [head_controller/point_head_action-6]
[roslaunch][INFO] 2025-11-09 13:58:20,404: ... preparing to launch node of type [controller_manager/spawner]
[roslaunch][INFO] 2025-11-09 13:58:20,405: create_node_process: package[controller_manager] type[spawner] machine[Machine(name[] env_loader[None] address[localhost] ssh_port[22] user[None] assignable[True] timeout[10.0])] master_uri[http://localhost:11311/]
[roslaunch][INFO] 2025-11-09 13:58:20,405: process[bringup_controllers_spawner_imu-7]: env[{'ROS_VERSION': '1', 'DISABLE_ROS1_EOL_WARNINGS': '1', 'PKG_CONFIG_PATH': '/opt/pal/gallium/lib/pkgconfig:/opt/pal/gallium/lib/x86_64-linux-gnu/pkgconfig:/opt/ros/noetic/lib/pkgconfig:/opt/ros/noetic/lib/x86_64-linux-gnu/pkgconfig', 'ROS_PYTHON_VERSION': '3', 'HOSTNAME': 'epan-tiago-noetic-ssh', 'VISP_WS': '/home/pal/visp-ws', 'ROS_PACKAGE_PATH': '/home/pal/ros_ws/src:/opt/pal/gallium/share:/opt/ros/noetic/share', 'ROSLISP_PACKAGE_DIRECTORIES': '/home/pal/ros_ws/devel/share/common-lisp', 'PWD': '/home/pal/ros_ws/src', 'XAUTHORITY': '', 'TZ': 'Europe/Paris', 'ROS_IP': '127.0.0.1', 'HOME': '/home/pal', 'ROS_ETC_DIR': '/opt/ros/noetic/etc/ros', 'LS_COLORS': 'rs=0:di=01;34:ln=01;36:mh=00:pi=40;33:so=01;35:do=01;35:bd=40;33;01:cd=40;33;01:or=40;31;01:mi=00:su=37;41:sg=30;43:ca=30;41:tw=30;42:ow=34;42:st=37;44:ex=01;32:*.tar=01;31:*.tgz=01;31:*.arc=01;31:*.arj=01;31:*.taz=01;31:*.lha=01;31:*.lz4=01;31:*.lzh=01;31:*.lzma=01;31:*.tlz=01;31:*.txz=01;31:*.tzo=01;31:*.t7z=01;31:*.zip=01;31:*.z=01;31:*.dz=01;31:*.gz=01;31:*.lrz=01;31:*.lz=01;31:*.lzo=01;31:*.xz=01;31:*.zst=01;31:*.tzst=01;31:*.bz2=01;31:*.bz=01;31:*.tbz=01;31:*.tbz2=01;31:*.tz=01;31:*.deb=01;31:*.rpm=01;31:*.jar=01;31:*.war=01;31:*.ear=01;31:*.sar=01;31:*.rar=01;31:*.alz=01;31:*.ace=01;31:*.zoo=01;31:*.cpio=01;31:*.7z=01;31:*.rz=01;31:*.cab=01;31:*.wim=01;31:*.swm=01;31:*.dwm=01;31:*.esd=01;31:*.jpg=01;35:*.jpeg=01;35:*.mjpg=01;35:*.mjpeg=01;35:*.gif=01;35:*.bmp=01;35:*.pbm=01;35:*.pgm=01;35:*.ppm=01;35:*.tga=01;35:*.xbm=01;35:*.xpm=01;35:*.tif=01;35:*.tiff=01;35:*.png=01;35:*.svg=01;35:*.svgz=01;35:*.mng=01;35:*.pcx=01;35:*.mov=01;35:*.mpg=01;35:*.mpeg=01;35:*.m2v=01;35:*.mkv=01;35:*.webm=01;35:*.ogm=01;35:*.mp4=01;35:*.m4v=01;35:*.mp4v=01;35:*.vob=01;35:*.qt=01;35:*.nuv=01;35:*.wmv=01;35:*.asf=01;35:*.rm=01;35:*.rmvb=01;35:*.flc=01;35:*.avi=01;35:*.fli=01;35:*.flv=01;35:*.gl=01;35:*.dl=01;35:*.xcf=01;35:*.xwd=01;35:*.yuv=01;35:*.cgm=01;35:*.emf=01;35:*.ogv=01;35:*.ogx=01;35:*.aac=00;36:*.au=00;36:*.flac=00;36:*.m4a=00;36:*.mid=00;36:*.midi=00;36:*.mka=00;36:*.mp3=00;36:*.mpc=00;36:*.ogg=00;36:*.ra=00;36:*.wav=00;36:*.oga=00;36:*.opus=00;36:*.spx=00;36:*.xspf=00;36:', 'OROCOS_TARGET': 'gnulinux', 'CMAKE_PREFIX_PATH': '/home/pal/ros_ws/devel:/opt/pal/gallium:/opt/ros/noetic', 'GAZEBO_RESOURCE_PATH': '/home/pal/ros_ws/src/va50:', 'ROS_WORKSPACE': '/home/pal/ros_ws', 'LESSCLOSE': '/usr/bin/lesspipe %s %s', 'PYTHONPATH': '/opt/pal/gallium/lib/python3/dist-packages:/opt/ros/noetic/lib/python3/dist-packages', 'TERM': 'xterm', 'VISP_INPUT_IMAGE_PATH': '/home/pal/visp-ws/visp-images', 'LESSOPEN': '| /usr/bin/lesspipe %s', 'USER': 'pal', 'RTT_COMPONENT_PATH': '/opt/pal/gallium/lib/orocos', 'DISPLAY': ':1', 'SHLVL': '1', 'PAL_DISTRO': 'gallium', 'ROS_MASTER_URI': 'http://localhost:11311/', 'LD_LIBRARY_PATH': '/home/pal/ros_ws/devel/lib:/opt/pal/gallium/lib:/opt/pal/gallium/lib/x86_64-linux-gnu:/opt/ros/noetic/lib:/opt/ros/noetic/lib/x86_64-linux-gnu:/usr/local/lib', 'GAZEBO_MODEL_PATH': '/home/pal/ros_ws/src/va50/models:', 'PATH': '/opt/pal/gallium/bin:/opt/ros/noetic/bin:/opt/pal/gallium/lib/pal_debian_utils/:/usr/local/sbin:/usr/local/bin:/usr/sbin:/usr/bin:/sbin:/bin', 'LUA_PATH': ';;/opt/pal/gallium/share/lua/5.1/?.lua;/opt/pal/gallium/share/lua/5.1/?.lua;/opt/pal/gallium/share/lua/5.1/?.lua', 'DEBIAN_FRONTEND': 'noninteractive', 'ROS_ROOT': '/opt/ros/noetic/share/ros', 'ROS_DISTRO': 'noetic', 'QT_X11_NO_MITSHM': '1', '_': '/opt/ros/noetic/bin/roslaunch', 'OLDPWD': '/home/pal/ros_ws', 'LC_CTYPE': 'C.UTF-8', 'ROS_LOG_FILENAME': '/home/pal/.ros/log/c3515b42-bd6b-11f0-8b0c-0028f8234b19/roslaunch-epan-tiago-noetic-ssh-1958.log', 'LC_NUMERIC': 'C'}]
[roslaunch][INFO] 2025-11-09 13:58:20,406: process[bringup_controllers_spawner_imu-7]: args[['/opt/pal/gallium/lib/controller_manager/spawner', 'imu_sensor_controller', '__name:=bringup_controllers_spawner_imu']]
[roslaunch][INFO] 2025-11-09 13:58:20,407: ... created process [bringup_controllers_spawner_imu-7]
[roslaunch.pmon][INFO] 2025-11-09 13:58:20,407: ProcessMonitor.register[bringup_controllers_spawner_imu-7]
[roslaunch.pmon][INFO] 2025-11-09 13:58:20,407: ProcessMonitor.register[bringup_controllers_spawner_imu-7] complete
[roslaunch][INFO] 2025-11-09 13:58:20,407: ... registered process [bringup_controllers_spawner_imu-7]
[roslaunch][INFO] 2025-11-09 13:58:20,407: process[bringup_controllers_spawner_imu-7]: starting os process
[roslaunch][INFO] 2025-11-09 13:58:20,408: process[bringup_controllers_spawner_imu-7]: start w/ args [['/opt/pal/gallium/lib/controller_manager/spawner', 'imu_sensor_controller', '__name:=bringup_controllers_spawner_imu', '__log:=/home/pal/.ros/log/c3515b42-bd6b-11f0-8b0c-0028f8234b19/bringup_controllers_spawner_imu-7.log']]
[roslaunch][INFO] 2025-11-09 13:58:20,408: process[bringup_controllers_spawner_imu-7]: cwd will be [/home/pal/.ros]
[roslaunch][INFO] 2025-11-09 13:58:20,415: process[bringup_controllers_spawner_imu-7]: started with pid [2008]
[roslaunch][INFO] 2025-11-09 13:58:20,415: ... successfully launched [bringup_controllers_spawner_imu-7]
[roslaunch][INFO] 2025-11-09 13:58:20,416: ... preparing to launch node of type [controller_manager/spawner]
[roslaunch][INFO] 2025-11-09 13:58:20,416: create_node_process: package[controller_manager] type[spawner] machine[Machine(name[] env_loader[None] address[localhost] ssh_port[22] user[None] assignable[True] timeout[10.0])] master_uri[http://localhost:11311/]
[roslaunch][INFO] 2025-11-09 13:58:20,416: process[bringup_controllers_spawner_ft-8]: env[{'ROS_VERSION': '1', 'DISABLE_ROS1_EOL_WARNINGS': '1', 'PKG_CONFIG_PATH': '/opt/pal/gallium/lib/pkgconfig:/opt/pal/gallium/lib/x86_64-linux-gnu/pkgconfig:/opt/ros/noetic/lib/pkgconfig:/opt/ros/noetic/lib/x86_64-linux-gnu/pkgconfig', 'ROS_PYTHON_VERSION': '3', 'HOSTNAME': 'epan-tiago-noetic-ssh', 'VISP_WS': '/home/pal/visp-ws', 'ROS_PACKAGE_PATH': '/home/pal/ros_ws/src:/opt/pal/gallium/share:/opt/ros/noetic/share', 'ROSLISP_PACKAGE_DIRECTORIES': '/home/pal/ros_ws/devel/share/common-lisp', 'PWD': '/home/pal/ros_ws/src', 'XAUTHORITY': '', 'TZ': 'Europe/Paris', 'ROS_IP': '127.0.0.1', 'HOME': '/home/pal', 'ROS_ETC_DIR': '/opt/ros/noetic/etc/ros', 'LS_COLORS': 'rs=0:di=01;34:ln=01;36:mh=00:pi=40;33:so=01;35:do=01;35:bd=40;33;01:cd=40;33;01:or=40;31;01:mi=00:su=37;41:sg=30;43:ca=30;41:tw=30;42:ow=34;42:st=37;44:ex=01;32:*.tar=01;31:*.tgz=01;31:*.arc=01;31:*.arj=01;31:*.taz=01;31:*.lha=01;31:*.lz4=01;31:*.lzh=01;31:*.lzma=01;31:*.tlz=01;31:*.txz=01;31:*.tzo=01;31:*.t7z=01;31:*.zip=01;31:*.z=01;31:*.dz=01;31:*.gz=01;31:*.lrz=01;31:*.lz=01;31:*.lzo=01;31:*.xz=01;31:*.zst=01;31:*.tzst=01;31:*.bz2=01;31:*.bz=01;31:*.tbz=01;31:*.tbz2=01;31:*.tz=01;31:*.deb=01;31:*.rpm=01;31:*.jar=01;31:*.war=01;31:*.ear=01;31:*.sar=01;31:*.rar=01;31:*.alz=01;31:*.ace=01;31:*.zoo=01;31:*.cpio=01;31:*.7z=01;31:*.rz=01;31:*.cab=01;31:*.wim=01;31:*.swm=01;31:*.dwm=01;31:*.esd=01;31:*.jpg=01;35:*.jpeg=01;35:*.mjpg=01;35:*.mjpeg=01;35:*.gif=01;35:*.bmp=01;35:*.pbm=01;35:*.pgm=01;35:*.ppm=01;35:*.tga=01;35:*.xbm=01;35:*.xpm=01;35:*.tif=01;35:*.tiff=01;35:*.png=01;35:*.svg=01;35:*.svgz=01;35:*.mng=01;35:*.pcx=01;35:*.mov=01;35:*.mpg=01;35:*.mpeg=01;35:*.m2v=01;35:*.mkv=01;35:*.webm=01;35:*.ogm=01;35:*.mp4=01;35:*.m4v=01;35:*.mp4v=01;35:*.vob=01;35:*.qt=01;35:*.nuv=01;35:*.wmv=01;35:*.asf=01;35:*.rm=01;35:*.rmvb=01;35:*.flc=01;35:*.avi=01;35:*.fli=01;35:*.flv=01;35:*.gl=01;35:*.dl=01;35:*.xcf=01;35:*.xwd=01;35:*.yuv=01;35:*.cgm=01;35:*.emf=01;35:*.ogv=01;35:*.ogx=01;35:*.aac=00;36:*.au=00;36:*.flac=00;36:*.m4a=00;36:*.mid=00;36:*.midi=00;36:*.mka=00;36:*.mp3=00;36:*.mpc=00;36:*.ogg=00;36:*.ra=00;36:*.wav=00;36:*.oga=00;36:*.opus=00;36:*.spx=00;36:*.xspf=00;36:', 'OROCOS_TARGET': 'gnulinux', 'CMAKE_PREFIX_PATH': '/home/pal/ros_ws/devel:/opt/pal/gallium:/opt/ros/noetic', 'GAZEBO_RESOURCE_PATH': '/home/pal/ros_ws/src/va50:', 'ROS_WORKSPACE': '/home/pal/ros_ws', 'LESSCLOSE': '/usr/bin/lesspipe %s %s', 'PYTHONPATH': '/opt/pal/gallium/lib/python3/dist-packages:/opt/ros/noetic/lib/python3/dist-packages', 'TERM': 'xterm', 'VISP_INPUT_IMAGE_PATH': '/home/pal/visp-ws/visp-images', 'LESSOPEN': '| /usr/bin/lesspipe %s', 'USER': 'pal', 'RTT_COMPONENT_PATH': '/opt/pal/gallium/lib/orocos', 'DISPLAY': ':1', 'SHLVL': '1', 'PAL_DISTRO': 'gallium', 'ROS_MASTER_URI': 'http://localhost:11311/', 'LD_LIBRARY_PATH': '/home/pal/ros_ws/devel/lib:/opt/pal/gallium/lib:/opt/pal/gallium/lib/x86_64-linux-gnu:/opt/ros/noetic/lib:/opt/ros/noetic/lib/x86_64-linux-gnu:/usr/local/lib', 'GAZEBO_MODEL_PATH': '/home/pal/ros_ws/src/va50/models:', 'PATH': '/opt/pal/gallium/bin:/opt/ros/noetic/bin:/opt/pal/gallium/lib/pal_debian_utils/:/usr/local/sbin:/usr/local/bin:/usr/sbin:/usr/bin:/sbin:/bin', 'LUA_PATH': ';;/opt/pal/gallium/share/lua/5.1/?.lua;/opt/pal/gallium/share/lua/5.1/?.lua;/opt/pal/gallium/share/lua/5.1/?.lua', 'DEBIAN_FRONTEND': 'noninteractive', 'ROS_ROOT': '/opt/ros/noetic/share/ros', 'ROS_DISTRO': 'noetic', 'QT_X11_NO_MITSHM': '1', '_': '/opt/ros/noetic/bin/roslaunch', 'OLDPWD': '/home/pal/ros_ws', 'LC_CTYPE': 'C.UTF-8', 'ROS_LOG_FILENAME': '/home/pal/.ros/log/c3515b42-bd6b-11f0-8b0c-0028f8234b19/roslaunch-epan-tiago-noetic-ssh-1958.log', 'LC_NUMERIC': 'C'}]
[roslaunch][INFO] 2025-11-09 13:58:20,418: process[bringup_controllers_spawner_ft-8]: args[['/opt/pal/gallium/lib/controller_manager/spawner', 'force_torque_sensor_controller', '__name:=bringup_controllers_spawner_ft']]
[roslaunch][INFO] 2025-11-09 13:58:20,418: ... created process [bringup_controllers_spawner_ft-8]
[roslaunch.pmon][INFO] 2025-11-09 13:58:20,418: ProcessMonitor.register[bringup_controllers_spawner_ft-8]
[roslaunch.pmon][INFO] 2025-11-09 13:58:20,418: ProcessMonitor.register[bringup_controllers_spawner_ft-8] complete
[roslaunch][INFO] 2025-11-09 13:58:20,419: ... registered process [bringup_controllers_spawner_ft-8]
[roslaunch][INFO] 2025-11-09 13:58:20,419: process[bringup_controllers_spawner_ft-8]: starting os process
[roslaunch][INFO] 2025-11-09 13:58:20,419: process[bringup_controllers_spawner_ft-8]: start w/ args [['/opt/pal/gallium/lib/controller_manager/spawner', 'force_torque_sensor_controller', '__name:=bringup_controllers_spawner_ft', '__log:=/home/pal/.ros/log/c3515b42-bd6b-11f0-8b0c-0028f8234b19/bringup_controllers_spawner_ft-8.log']]
[roslaunch][INFO] 2025-11-09 13:58:20,419: process[bringup_controllers_spawner_ft-8]: cwd will be [/home/pal/.ros]
[roslaunch][INFO] 2025-11-09 13:58:20,427: process[bringup_controllers_spawner_ft-8]: started with pid [2009]
[roslaunch][INFO] 2025-11-09 13:58:20,429: ... successfully launched [bringup_controllers_spawner_ft-8]
[roslaunch][INFO] 2025-11-09 13:58:20,429: ... preparing to launch node of type [controller_manager/spawner]
[roslaunch][INFO] 2025-11-09 13:58:20,430: create_node_process: package[controller_manager] type[spawner] machine[Machine(name[] env_loader[None] address[localhost] ssh_port[22] user[None] assignable[True] timeout[10.0])] master_uri[http://localhost:11311/]
[roslaunch][INFO] 2025-11-09 13:58:20,432: process[gripper_controllers_spawner-9]: env[{'ROS_VERSION': '1', 'DISABLE_ROS1_EOL_WARNINGS': '1', 'PKG_CONFIG_PATH': '/opt/pal/gallium/lib/pkgconfig:/opt/pal/gallium/lib/x86_64-linux-gnu/pkgconfig:/opt/ros/noetic/lib/pkgconfig:/opt/ros/noetic/lib/x86_64-linux-gnu/pkgconfig', 'ROS_PYTHON_VERSION': '3', 'HOSTNAME': 'epan-tiago-noetic-ssh', 'VISP_WS': '/home/pal/visp-ws', 'ROS_PACKAGE_PATH': '/home/pal/ros_ws/src:/opt/pal/gallium/share:/opt/ros/noetic/share', 'ROSLISP_PACKAGE_DIRECTORIES': '/home/pal/ros_ws/devel/share/common-lisp', 'PWD': '/home/pal/ros_ws/src', 'XAUTHORITY': '', 'TZ': 'Europe/Paris', 'ROS_IP': '127.0.0.1', 'HOME': '/home/pal', 'ROS_ETC_DIR': '/opt/ros/noetic/etc/ros', 'LS_COLORS': 'rs=0:di=01;34:ln=01;36:mh=00:pi=40;33:so=01;35:do=01;35:bd=40;33;01:cd=40;33;01:or=40;31;01:mi=00:su=37;41:sg=30;43:ca=30;41:tw=30;42:ow=34;42:st=37;44:ex=01;32:*.tar=01;31:*.tgz=01;31:*.arc=01;31:*.arj=01;31:*.taz=01;31:*.lha=01;31:*.lz4=01;31:*.lzh=01;31:*.lzma=01;31:*.tlz=01;31:*.txz=01;31:*.tzo=01;31:*.t7z=01;31:*.zip=01;31:*.z=01;31:*.dz=01;31:*.gz=01;31:*.lrz=01;31:*.lz=01;31:*.lzo=01;31:*.xz=01;31:*.zst=01;31:*.tzst=01;31:*.bz2=01;31:*.bz=01;31:*.tbz=01;31:*.tbz2=01;31:*.tz=01;31:*.deb=01;31:*.rpm=01;31:*.jar=01;31:*.war=01;31:*.ear=01;31:*.sar=01;31:*.rar=01;31:*.alz=01;31:*.ace=01;31:*.zoo=01;31:*.cpio=01;31:*.7z=01;31:*.rz=01;31:*.cab=01;31:*.wim=01;31:*.swm=01;31:*.dwm=01;31:*.esd=01;31:*.jpg=01;35:*.jpeg=01;35:*.mjpg=01;35:*.mjpeg=01;35:*.gif=01;35:*.bmp=01;35:*.pbm=01;35:*.pgm=01;35:*.ppm=01;35:*.tga=01;35:*.xbm=01;35:*.xpm=01;35:*.tif=01;35:*.tiff=01;35:*.png=01;35:*.svg=01;35:*.svgz=01;35:*.mng=01;35:*.pcx=01;35:*.mov=01;35:*.mpg=01;35:*.mpeg=01;35:*.m2v=01;35:*.mkv=01;35:*.webm=01;35:*.ogm=01;35:*.mp4=01;35:*.m4v=01;35:*.mp4v=01;35:*.vob=01;35:*.qt=01;35:*.nuv=01;35:*.wmv=01;35:*.asf=01;35:*.rm=01;35:*.rmvb=01;35:*.flc=01;35:*.avi=01;35:*.fli=01;35:*.flv=01;35:*.gl=01;35:*.dl=01;35:*.xcf=01;35:*.xwd=01;35:*.yuv=01;35:*.cgm=01;35:*.emf=01;35:*.ogv=01;35:*.ogx=01;35:*.aac=00;36:*.au=00;36:*.flac=00;36:*.m4a=00;36:*.mid=00;36:*.midi=00;36:*.mka=00;36:*.mp3=00;36:*.mpc=00;36:*.ogg=00;36:*.ra=00;36:*.wav=00;36:*.oga=00;36:*.opus=00;36:*.spx=00;36:*.xspf=00;36:', 'OROCOS_TARGET': 'gnulinux', 'CMAKE_PREFIX_PATH': '/home/pal/ros_ws/devel:/opt/pal/gallium:/opt/ros/noetic', 'GAZEBO_RESOURCE_PATH': '/home/pal/ros_ws/src/va50:', 'ROS_WORKSPACE': '/home/pal/ros_ws', 'LESSCLOSE': '/usr/bin/lesspipe %s %s', 'PYTHONPATH': '/opt/pal/gallium/lib/python3/dist-packages:/opt/ros/noetic/lib/python3/dist-packages', 'TERM': 'xterm', 'VISP_INPUT_IMAGE_PATH': '/home/pal/visp-ws/visp-images', 'LESSOPEN': '| /usr/bin/lesspipe %s', 'USER': 'pal', 'RTT_COMPONENT_PATH': '/opt/pal/gallium/lib/orocos', 'DISPLAY': ':1', 'SHLVL': '1', 'PAL_DISTRO': 'gallium', 'ROS_MASTER_URI': 'http://localhost:11311/', 'LD_LIBRARY_PATH': '/home/pal/ros_ws/devel/lib:/opt/pal/gallium/lib:/opt/pal/gallium/lib/x86_64-linux-gnu:/opt/ros/noetic/lib:/opt/ros/noetic/lib/x86_64-linux-gnu:/usr/local/lib', 'GAZEBO_MODEL_PATH': '/home/pal/ros_ws/src/va50/models:', 'PATH': '/opt/pal/gallium/bin:/opt/ros/noetic/bin:/opt/pal/gallium/lib/pal_debian_utils/:/usr/local/sbin:/usr/local/bin:/usr/sbin:/usr/bin:/sbin:/bin', 'LUA_PATH': ';;/opt/pal/gallium/share/lua/5.1/?.lua;/opt/pal/gallium/share/lua/5.1/?.lua;/opt/pal/gallium/share/lua/5.1/?.lua', 'DEBIAN_FRONTEND': 'noninteractive', 'ROS_ROOT': '/opt/ros/noetic/share/ros', 'ROS_DISTRO': 'noetic', 'QT_X11_NO_MITSHM': '1', '_': '/opt/ros/noetic/bin/roslaunch', 'OLDPWD': '/home/pal/ros_ws', 'LC_CTYPE': 'C.UTF-8', 'ROS_LOG_FILENAME': '/home/pal/.ros/log/c3515b42-bd6b-11f0-8b0c-0028f8234b19/roslaunch-epan-tiago-noetic-ssh-1958.log', 'LC_NUMERIC': 'C'}]
[roslaunch][INFO] 2025-11-09 13:58:20,434: process[gripper_controllers_spawner-9]: args[['/opt/pal/gallium/lib/controller_manager/spawner', '--timeout', '120', 'gripper_controller', '__name:=gripper_controllers_spawner']]
[roslaunch][INFO] 2025-11-09 13:58:20,434: ... created process [gripper_controllers_spawner-9]
[roslaunch.pmon][INFO] 2025-11-09 13:58:20,434: ProcessMonitor.register[gripper_controllers_spawner-9]
[roslaunch.pmon][INFO] 2025-11-09 13:58:20,434: ProcessMonitor.register[gripper_controllers_spawner-9] complete
[roslaunch][INFO] 2025-11-09 13:58:20,434: ... registered process [gripper_controllers_spawner-9]
[roslaunch][INFO] 2025-11-09 13:58:20,435: process[gripper_controllers_spawner-9]: starting os process
[roslaunch][INFO] 2025-11-09 13:58:20,435: process[gripper_controllers_spawner-9]: start w/ args [['/opt/pal/gallium/lib/controller_manager/spawner', '--timeout', '120', 'gripper_controller', '__name:=gripper_controllers_spawner', '__log:=/home/pal/.ros/log/c3515b42-bd6b-11f0-8b0c-0028f8234b19/gripper_controllers_spawner-9.log']]
[roslaunch][INFO] 2025-11-09 13:58:20,435: process[gripper_controllers_spawner-9]: cwd will be [/home/pal/.ros]
[roslaunch][INFO] 2025-11-09 13:58:20,448: process[gripper_controllers_spawner-9]: started with pid [2010]
[roslaunch][INFO] 2025-11-09 13:58:20,449: ... successfully launched [gripper_controllers_spawner-9]
[roslaunch][INFO] 2025-11-09 13:58:20,449: ... preparing to launch node of type [pal_gripper_controller_configuration/home_gripper.py]
[roslaunch][INFO] 2025-11-09 13:58:20,450: create_node_process: package[pal_gripper_controller_configuration] type[home_gripper.py] machine[Machine(name[] env_loader[None] address[localhost] ssh_port[22] user[None] assignable[True] timeout[10.0])] master_uri[http://localhost:11311/]
[roslaunch][INFO] 2025-11-09 13:58:20,451: process[home_gripper-10]: env[{'ROS_VERSION': '1', 'DISABLE_ROS1_EOL_WARNINGS': '1', 'PKG_CONFIG_PATH': '/opt/pal/gallium/lib/pkgconfig:/opt/pal/gallium/lib/x86_64-linux-gnu/pkgconfig:/opt/ros/noetic/lib/pkgconfig:/opt/ros/noetic/lib/x86_64-linux-gnu/pkgconfig', 'ROS_PYTHON_VERSION': '3', 'HOSTNAME': 'epan-tiago-noetic-ssh', 'VISP_WS': '/home/pal/visp-ws', 'ROS_PACKAGE_PATH': '/home/pal/ros_ws/src:/opt/pal/gallium/share:/opt/ros/noetic/share', 'ROSLISP_PACKAGE_DIRECTORIES': '/home/pal/ros_ws/devel/share/common-lisp', 'PWD': '/home/pal/ros_ws/src', 'XAUTHORITY': '', 'TZ': 'Europe/Paris', 'ROS_IP': '127.0.0.1', 'HOME': '/home/pal', 'ROS_ETC_DIR': '/opt/ros/noetic/etc/ros', 'LS_COLORS': 'rs=0:di=01;34:ln=01;36:mh=00:pi=40;33:so=01;35:do=01;35:bd=40;33;01:cd=40;33;01:or=40;31;01:mi=00:su=37;41:sg=30;43:ca=30;41:tw=30;42:ow=34;42:st=37;44:ex=01;32:*.tar=01;31:*.tgz=01;31:*.arc=01;31:*.arj=01;31:*.taz=01;31:*.lha=01;31:*.lz4=01;31:*.lzh=01;31:*.lzma=01;31:*.tlz=01;31:*.txz=01;31:*.tzo=01;31:*.t7z=01;31:*.zip=01;31:*.z=01;31:*.dz=01;31:*.gz=01;31:*.lrz=01;31:*.lz=01;31:*.lzo=01;31:*.xz=01;31:*.zst=01;31:*.tzst=01;31:*.bz2=01;31:*.bz=01;31:*.tbz=01;31:*.tbz2=01;31:*.tz=01;31:*.deb=01;31:*.rpm=01;31:*.jar=01;31:*.war=01;31:*.ear=01;31:*.sar=01;31:*.rar=01;31:*.alz=01;31:*.ace=01;31:*.zoo=01;31:*.cpio=01;31:*.7z=01;31:*.rz=01;31:*.cab=01;31:*.wim=01;31:*.swm=01;31:*.dwm=01;31:*.esd=01;31:*.jpg=01;35:*.jpeg=01;35:*.mjpg=01;35:*.mjpeg=01;35:*.gif=01;35:*.bmp=01;35:*.pbm=01;35:*.pgm=01;35:*.ppm=01;35:*.tga=01;35:*.xbm=01;35:*.xpm=01;35:*.tif=01;35:*.tiff=01;35:*.png=01;35:*.svg=01;35:*.svgz=01;35:*.mng=01;35:*.pcx=01;35:*.mov=01;35:*.mpg=01;35:*.mpeg=01;35:*.m2v=01;35:*.mkv=01;35:*.webm=01;35:*.ogm=01;35:*.mp4=01;35:*.m4v=01;35:*.mp4v=01;35:*.vob=01;35:*.qt=01;35:*.nuv=01;35:*.wmv=01;35:*.asf=01;35:*.rm=01;35:*.rmvb=01;35:*.flc=01;35:*.avi=01;35:*.fli=01;35:*.flv=01;35:*.gl=01;35:*.dl=01;35:*.xcf=01;35:*.xwd=01;35:*.yuv=01;35:*.cgm=01;35:*.emf=01;35:*.ogv=01;35:*.ogx=01;35:*.aac=00;36:*.au=00;36:*.flac=00;36:*.m4a=00;36:*.mid=00;36:*.midi=00;36:*.mka=00;36:*.mp3=00;36:*.mpc=00;36:*.ogg=00;36:*.ra=00;36:*.wav=00;36:*.oga=00;36:*.opus=00;36:*.spx=00;36:*.xspf=00;36:', 'OROCOS_TARGET': 'gnulinux', 'CMAKE_PREFIX_PATH': '/home/pal/ros_ws/devel:/opt/pal/gallium:/opt/ros/noetic', 'GAZEBO_RESOURCE_PATH': '/home/pal/ros_ws/src/va50:', 'ROS_WORKSPACE': '/home/pal/ros_ws', 'LESSCLOSE': '/usr/bin/lesspipe %s %s', 'PYTHONPATH': '/opt/pal/gallium/lib/python3/dist-packages:/opt/ros/noetic/lib/python3/dist-packages', 'TERM': 'xterm', 'VISP_INPUT_IMAGE_PATH': '/home/pal/visp-ws/visp-images', 'LESSOPEN': '| /usr/bin/lesspipe %s', 'USER': 'pal', 'RTT_COMPONENT_PATH': '/opt/pal/gallium/lib/orocos', 'DISPLAY': ':1', 'SHLVL': '1', 'PAL_DISTRO': 'gallium', 'ROS_MASTER_URI': 'http://localhost:11311/', 'LD_LIBRARY_PATH': '/home/pal/ros_ws/devel/lib:/opt/pal/gallium/lib:/opt/pal/gallium/lib/x86_64-linux-gnu:/opt/ros/noetic/lib:/opt/ros/noetic/lib/x86_64-linux-gnu:/usr/local/lib', 'GAZEBO_MODEL_PATH': '/home/pal/ros_ws/src/va50/models:', 'PATH': '/opt/pal/gallium/bin:/opt/ros/noetic/bin:/opt/pal/gallium/lib/pal_debian_utils/:/usr/local/sbin:/usr/local/bin:/usr/sbin:/usr/bin:/sbin:/bin', 'LUA_PATH': ';;/opt/pal/gallium/share/lua/5.1/?.lua;/opt/pal/gallium/share/lua/5.1/?.lua;/opt/pal/gallium/share/lua/5.1/?.lua', 'DEBIAN_FRONTEND': 'noninteractive', 'ROS_ROOT': '/opt/ros/noetic/share/ros', 'ROS_DISTRO': 'noetic', 'QT_X11_NO_MITSHM': '1', '_': '/opt/ros/noetic/bin/roslaunch', 'OLDPWD': '/home/pal/ros_ws', 'LC_CTYPE': 'C.UTF-8', 'ROS_LOG_FILENAME': '/home/pal/.ros/log/c3515b42-bd6b-11f0-8b0c-0028f8234b19/roslaunch-epan-tiago-noetic-ssh-1958.log', 'LC_NUMERIC': 'C'}]
[roslaunch][INFO] 2025-11-09 13:58:20,461: process[home_gripper-10]: args[['/opt/pal/gallium/lib/pal_gripper_controller_configuration/home_gripper.py', '__name:=home_gripper']]
[roslaunch][INFO] 2025-11-09 13:58:20,461: ... created process [home_gripper-10]
[roslaunch.pmon][INFO] 2025-11-09 13:58:20,461: ProcessMonitor.register[home_gripper-10]
[roslaunch.pmon][INFO] 2025-11-09 13:58:20,461: ProcessMonitor.register[home_gripper-10] complete
[roslaunch][INFO] 2025-11-09 13:58:20,462: ... registered process [home_gripper-10]
[roslaunch][INFO] 2025-11-09 13:58:20,462: process[home_gripper-10]: starting os process
[roslaunch][INFO] 2025-11-09 13:58:20,462: process[home_gripper-10]: start w/ args [['/opt/pal/gallium/lib/pal_gripper_controller_configuration/home_gripper.py', '__name:=home_gripper', '__log:=/home/pal/.ros/log/c3515b42-bd6b-11f0-8b0c-0028f8234b19/home_gripper-10.log']]
[roslaunch][INFO] 2025-11-09 13:58:20,462: process[home_gripper-10]: cwd will be [/home/pal/.ros]
[roslaunch][INFO] 2025-11-09 13:58:20,479: process[home_gripper-10]: started with pid [2017]
[roslaunch][INFO] 2025-11-09 13:58:20,479: ... successfully launched [home_gripper-10]
[roslaunch][INFO] 2025-11-09 13:58:20,479: ... preparing to launch node of type [play_motion/play_motion]
[roslaunch][INFO] 2025-11-09 13:58:20,480: create_node_process: package[play_motion] type[play_motion] machine[Machine(name[] env_loader[None] address[localhost] ssh_port[22] user[None] assignable[True] timeout[10.0])] master_uri[http://localhost:11311/]
[roslaunch][INFO] 2025-11-09 13:58:20,480: process[play_motion-11]: env[{'ROS_VERSION': '1', 'DISABLE_ROS1_EOL_WARNINGS': '1', 'PKG_CONFIG_PATH': '/opt/pal/gallium/lib/pkgconfig:/opt/pal/gallium/lib/x86_64-linux-gnu/pkgconfig:/opt/ros/noetic/lib/pkgconfig:/opt/ros/noetic/lib/x86_64-linux-gnu/pkgconfig', 'ROS_PYTHON_VERSION': '3', 'HOSTNAME': 'epan-tiago-noetic-ssh', 'VISP_WS': '/home/pal/visp-ws', 'ROS_PACKAGE_PATH': '/home/pal/ros_ws/src:/opt/pal/gallium/share:/opt/ros/noetic/share', 'ROSLISP_PACKAGE_DIRECTORIES': '/home/pal/ros_ws/devel/share/common-lisp', 'PWD': '/home/pal/ros_ws/src', 'XAUTHORITY': '', 'TZ': 'Europe/Paris', 'ROS_IP': '127.0.0.1', 'HOME': '/home/pal', 'ROS_ETC_DIR': '/opt/ros/noetic/etc/ros', 'LS_COLORS': 'rs=0:di=01;34:ln=01;36:mh=00:pi=40;33:so=01;35:do=01;35:bd=40;33;01:cd=40;33;01:or=40;31;01:mi=00:su=37;41:sg=30;43:ca=30;41:tw=30;42:ow=34;42:st=37;44:ex=01;32:*.tar=01;31:*.tgz=01;31:*.arc=01;31:*.arj=01;31:*.taz=01;31:*.lha=01;31:*.lz4=01;31:*.lzh=01;31:*.lzma=01;31:*.tlz=01;31:*.txz=01;31:*.tzo=01;31:*.t7z=01;31:*.zip=01;31:*.z=01;31:*.dz=01;31:*.gz=01;31:*.lrz=01;31:*.lz=01;31:*.lzo=01;31:*.xz=01;31:*.zst=01;31:*.tzst=01;31:*.bz2=01;31:*.bz=01;31:*.tbz=01;31:*.tbz2=01;31:*.tz=01;31:*.deb=01;31:*.rpm=01;31:*.jar=01;31:*.war=01;31:*.ear=01;31:*.sar=01;31:*.rar=01;31:*.alz=01;31:*.ace=01;31:*.zoo=01;31:*.cpio=01;31:*.7z=01;31:*.rz=01;31:*.cab=01;31:*.wim=01;31:*.swm=01;31:*.dwm=01;31:*.esd=01;31:*.jpg=01;35:*.jpeg=01;35:*.mjpg=01;35:*.mjpeg=01;35:*.gif=01;35:*.bmp=01;35:*.pbm=01;35:*.pgm=01;35:*.ppm=01;35:*.tga=01;35:*.xbm=01;35:*.xpm=01;35:*.tif=01;35:*.tiff=01;35:*.png=01;35:*.svg=01;35:*.svgz=01;35:*.mng=01;35:*.pcx=01;35:*.mov=01;35:*.mpg=01;35:*.mpeg=01;35:*.m2v=01;35:*.mkv=01;35:*.webm=01;35:*.ogm=01;35:*.mp4=01;35:*.m4v=01;35:*.mp4v=01;35:*.vob=01;35:*.qt=01;35:*.nuv=01;35:*.wmv=01;35:*.asf=01;35:*.rm=01;35:*.rmvb=01;35:*.flc=01;35:*.avi=01;35:*.fli=01;35:*.flv=01;35:*.gl=01;35:*.dl=01;35:*.xcf=01;35:*.xwd=01;35:*.yuv=01;35:*.cgm=01;35:*.emf=01;35:*.ogv=01;35:*.ogx=01;35:*.aac=00;36:*.au=00;36:*.flac=00;36:*.m4a=00;36:*.mid=00;36:*.midi=00;36:*.mka=00;36:*.mp3=00;36:*.mpc=00;36:*.ogg=00;36:*.ra=00;36:*.wav=00;36:*.oga=00;36:*.opus=00;36:*.spx=00;36:*.xspf=00;36:', 'OROCOS_TARGET': 'gnulinux', 'CMAKE_PREFIX_PATH': '/home/pal/ros_ws/devel:/opt/pal/gallium:/opt/ros/noetic', 'GAZEBO_RESOURCE_PATH': '/home/pal/ros_ws/src/va50:', 'ROS_WORKSPACE': '/home/pal/ros_ws', 'LESSCLOSE': '/usr/bin/lesspipe %s %s', 'PYTHONPATH': '/opt/pal/gallium/lib/python3/dist-packages:/opt/ros/noetic/lib/python3/dist-packages', 'TERM': 'xterm', 'VISP_INPUT_IMAGE_PATH': '/home/pal/visp-ws/visp-images', 'LESSOPEN': '| /usr/bin/lesspipe %s', 'USER': 'pal', 'RTT_COMPONENT_PATH': '/opt/pal/gallium/lib/orocos', 'DISPLAY': ':1', 'SHLVL': '1', 'PAL_DISTRO': 'gallium', 'ROS_MASTER_URI': 'http://localhost:11311/', 'LD_LIBRARY_PATH': '/home/pal/ros_ws/devel/lib:/opt/pal/gallium/lib:/opt/pal/gallium/lib/x86_64-linux-gnu:/opt/ros/noetic/lib:/opt/ros/noetic/lib/x86_64-linux-gnu:/usr/local/lib', 'GAZEBO_MODEL_PATH': '/home/pal/ros_ws/src/va50/models:', 'PATH': '/opt/pal/gallium/bin:/opt/ros/noetic/bin:/opt/pal/gallium/lib/pal_debian_utils/:/usr/local/sbin:/usr/local/bin:/usr/sbin:/usr/bin:/sbin:/bin', 'LUA_PATH': ';;/opt/pal/gallium/share/lua/5.1/?.lua;/opt/pal/gallium/share/lua/5.1/?.lua;/opt/pal/gallium/share/lua/5.1/?.lua', 'DEBIAN_FRONTEND': 'noninteractive', 'ROS_ROOT': '/opt/ros/noetic/share/ros', 'ROS_DISTRO': 'noetic', 'QT_X11_NO_MITSHM': '1', '_': '/opt/ros/noetic/bin/roslaunch', 'OLDPWD': '/home/pal/ros_ws', 'LC_CTYPE': 'C.UTF-8', 'ROS_LOG_FILENAME': '/home/pal/.ros/log/c3515b42-bd6b-11f0-8b0c-0028f8234b19/roslaunch-epan-tiago-noetic-ssh-1958.log', 'LC_NUMERIC': 'C'}]
[roslaunch][INFO] 2025-11-09 13:58:20,481: process[play_motion-11]: args[['/opt/pal/gallium/lib/play_motion/play_motion', '__name:=play_motion']]
[roslaunch][INFO] 2025-11-09 13:58:20,481: ... created process [play_motion-11]
[roslaunch.pmon][INFO] 2025-11-09 13:58:20,482: ProcessMonitor.register[play_motion-11]
[roslaunch.pmon][INFO] 2025-11-09 13:58:20,482: ProcessMonitor.register[play_motion-11] complete
[roslaunch][INFO] 2025-11-09 13:58:20,482: ... registered process [play_motion-11]
[roslaunch][INFO] 2025-11-09 13:58:20,482: process[play_motion-11]: starting os process
[roslaunch][INFO] 2025-11-09 13:58:20,485: process[play_motion-11]: start w/ args [['/opt/pal/gallium/lib/play_motion/play_motion', '__name:=play_motion', '__log:=/home/pal/.ros/log/c3515b42-bd6b-11f0-8b0c-0028f8234b19/play_motion-11.log']]
[roslaunch][INFO] 2025-11-09 13:58:20,486: process[play_motion-11]: cwd will be [/home/pal/.ros]
[roslaunch][INFO] 2025-11-09 13:58:20,504: process[play_motion-11]: started with pid [2018]
[roslaunch][INFO] 2025-11-09 13:58:20,511: ... successfully launched [play_motion-11]
[roslaunch][INFO] 2025-11-09 13:58:20,511: ... preparing to launch node of type [play_motion/is_already_there.py]
[roslaunch][INFO] 2025-11-09 13:58:20,511: create_node_process: package[play_motion] type[is_already_there.py] machine[Machine(name[] env_loader[None] address[localhost] ssh_port[22] user[None] assignable[True] timeout[10.0])] master_uri[http://localhost:11311/]
[roslaunch][INFO] 2025-11-09 13:58:20,511: process[is_already_there-12]: env[{'ROS_VERSION': '1', 'DISABLE_ROS1_EOL_WARNINGS': '1', 'PKG_CONFIG_PATH': '/opt/pal/gallium/lib/pkgconfig:/opt/pal/gallium/lib/x86_64-linux-gnu/pkgconfig:/opt/ros/noetic/lib/pkgconfig:/opt/ros/noetic/lib/x86_64-linux-gnu/pkgconfig', 'ROS_PYTHON_VERSION': '3', 'HOSTNAME': 'epan-tiago-noetic-ssh', 'VISP_WS': '/home/pal/visp-ws', 'ROS_PACKAGE_PATH': '/home/pal/ros_ws/src:/opt/pal/gallium/share:/opt/ros/noetic/share', 'ROSLISP_PACKAGE_DIRECTORIES': '/home/pal/ros_ws/devel/share/common-lisp', 'PWD': '/home/pal/ros_ws/src', 'XAUTHORITY': '', 'TZ': 'Europe/Paris', 'ROS_IP': '127.0.0.1', 'HOME': '/home/pal', 'ROS_ETC_DIR': '/opt/ros/noetic/etc/ros', 'LS_COLORS': 'rs=0:di=01;34:ln=01;36:mh=00:pi=40;33:so=01;35:do=01;35:bd=40;33;01:cd=40;33;01:or=40;31;01:mi=00:su=37;41:sg=30;43:ca=30;41:tw=30;42:ow=34;42:st=37;44:ex=01;32:*.tar=01;31:*.tgz=01;31:*.arc=01;31:*.arj=01;31:*.taz=01;31:*.lha=01;31:*.lz4=01;31:*.lzh=01;31:*.lzma=01;31:*.tlz=01;31:*.txz=01;31:*.tzo=01;31:*.t7z=01;31:*.zip=01;31:*.z=01;31:*.dz=01;31:*.gz=01;31:*.lrz=01;31:*.lz=01;31:*.lzo=01;31:*.xz=01;31:*.zst=01;31:*.tzst=01;31:*.bz2=01;31:*.bz=01;31:*.tbz=01;31:*.tbz2=01;31:*.tz=01;31:*.deb=01;31:*.rpm=01;31:*.jar=01;31:*.war=01;31:*.ear=01;31:*.sar=01;31:*.rar=01;31:*.alz=01;31:*.ace=01;31:*.zoo=01;31:*.cpio=01;31:*.7z=01;31:*.rz=01;31:*.cab=01;31:*.wim=01;31:*.swm=01;31:*.dwm=01;31:*.esd=01;31:*.jpg=01;35:*.jpeg=01;35:*.mjpg=01;35:*.mjpeg=01;35:*.gif=01;35:*.bmp=01;35:*.pbm=01;35:*.pgm=01;35:*.ppm=01;35:*.tga=01;35:*.xbm=01;35:*.xpm=01;35:*.tif=01;35:*.tiff=01;35:*.png=01;35:*.svg=01;35:*.svgz=01;35:*.mng=01;35:*.pcx=01;35:*.mov=01;35:*.mpg=01;35:*.mpeg=01;35:*.m2v=01;35:*.mkv=01;35:*.webm=01;35:*.ogm=01;35:*.mp4=01;35:*.m4v=01;35:*.mp4v=01;35:*.vob=01;35:*.qt=01;35:*.nuv=01;35:*.wmv=01;35:*.asf=01;35:*.rm=01;35:*.rmvb=01;35:*.flc=01;35:*.avi=01;35:*.fli=01;35:*.flv=01;35:*.gl=01;35:*.dl=01;35:*.xcf=01;35:*.xwd=01;35:*.yuv=01;35:*.cgm=01;35:*.emf=01;35:*.ogv=01;35:*.ogx=01;35:*.aac=00;36:*.au=00;36:*.flac=00;36:*.m4a=00;36:*.mid=00;36:*.midi=00;36:*.mka=00;36:*.mp3=00;36:*.mpc=00;36:*.ogg=00;36:*.ra=00;36:*.wav=00;36:*.oga=00;36:*.opus=00;36:*.spx=00;36:*.xspf=00;36:', 'OROCOS_TARGET': 'gnulinux', 'CMAKE_PREFIX_PATH': '/home/pal/ros_ws/devel:/opt/pal/gallium:/opt/ros/noetic', 'GAZEBO_RESOURCE_PATH': '/home/pal/ros_ws/src/va50:', 'ROS_WORKSPACE': '/home/pal/ros_ws', 'LESSCLOSE': '/usr/bin/lesspipe %s %s', 'PYTHONPATH': '/opt/pal/gallium/lib/python3/dist-packages:/opt/ros/noetic/lib/python3/dist-packages', 'TERM': 'xterm', 'VISP_INPUT_IMAGE_PATH': '/home/pal/visp-ws/visp-images', 'LESSOPEN': '| /usr/bin/lesspipe %s', 'USER': 'pal', 'RTT_COMPONENT_PATH': '/opt/pal/gallium/lib/orocos', 'DISPLAY': ':1', 'SHLVL': '1', 'PAL_DISTRO': 'gallium', 'ROS_MASTER_URI': 'http://localhost:11311/', 'LD_LIBRARY_PATH': '/home/pal/ros_ws/devel/lib:/opt/pal/gallium/lib:/opt/pal/gallium/lib/x86_64-linux-gnu:/opt/ros/noetic/lib:/opt/ros/noetic/lib/x86_64-linux-gnu:/usr/local/lib', 'GAZEBO_MODEL_PATH': '/home/pal/ros_ws/src/va50/models:', 'PATH': '/opt/pal/gallium/bin:/opt/ros/noetic/bin:/opt/pal/gallium/lib/pal_debian_utils/:/usr/local/sbin:/usr/local/bin:/usr/sbin:/usr/bin:/sbin:/bin', 'LUA_PATH': ';;/opt/pal/gallium/share/lua/5.1/?.lua;/opt/pal/gallium/share/lua/5.1/?.lua;/opt/pal/gallium/share/lua/5.1/?.lua', 'DEBIAN_FRONTEND': 'noninteractive', 'ROS_ROOT': '/opt/ros/noetic/share/ros', 'ROS_DISTRO': 'noetic', 'QT_X11_NO_MITSHM': '1', '_': '/opt/ros/noetic/bin/roslaunch', 'OLDPWD': '/home/pal/ros_ws', 'LC_CTYPE': 'C.UTF-8', 'ROS_LOG_FILENAME': '/home/pal/.ros/log/c3515b42-bd6b-11f0-8b0c-0028f8234b19/roslaunch-epan-tiago-noetic-ssh-1958.log', 'LC_NUMERIC': 'C'}]
[roslaunch][INFO] 2025-11-09 13:58:20,513: process[is_already_there-12]: args[['/opt/pal/gallium/lib/play_motion/is_already_there.py', '__name:=is_already_there']]
[roslaunch][INFO] 2025-11-09 13:58:20,513: ... created process [is_already_there-12]
[roslaunch.pmon][INFO] 2025-11-09 13:58:20,513: ProcessMonitor.register[is_already_there-12]
[roslaunch.pmon][INFO] 2025-11-09 13:58:20,518: ProcessMonitor.register[is_already_there-12] complete
[roslaunch][INFO] 2025-11-09 13:58:20,518: ... registered process [is_already_there-12]
[roslaunch][INFO] 2025-11-09 13:58:20,519: process[is_already_there-12]: starting os process
[roslaunch][INFO] 2025-11-09 13:58:20,519: process[is_already_there-12]: start w/ args [['/opt/pal/gallium/lib/play_motion/is_already_there.py', '__name:=is_already_there', '__log:=/home/pal/.ros/log/c3515b42-bd6b-11f0-8b0c-0028f8234b19/is_already_there-12.log']]
[roslaunch][INFO] 2025-11-09 13:58:20,519: process[is_already_there-12]: cwd will be [/home/pal/.ros]
[roslaunch][INFO] 2025-11-09 13:58:20,536: process[is_already_there-12]: started with pid [2023]
[roslaunch][INFO] 2025-11-09 13:58:20,538: ... successfully launched [is_already_there-12]
[roslaunch][INFO] 2025-11-09 13:58:20,539: ... preparing to launch node of type [moveit_ros_move_group/move_group]
[roslaunch][INFO] 2025-11-09 13:58:20,539: create_node_process: package[moveit_ros_move_group] type[move_group] machine[Machine(name[] env_loader[None] address[localhost] ssh_port[22] user[None] assignable[True] timeout[10.0])] master_uri[http://localhost:11311/]
[roslaunch][INFO] 2025-11-09 13:58:20,539: process[move_group-13]: env[{'ROS_VERSION': '1', 'DISABLE_ROS1_EOL_WARNINGS': '1', 'PKG_CONFIG_PATH': '/opt/pal/gallium/lib/pkgconfig:/opt/pal/gallium/lib/x86_64-linux-gnu/pkgconfig:/opt/ros/noetic/lib/pkgconfig:/opt/ros/noetic/lib/x86_64-linux-gnu/pkgconfig', 'ROS_PYTHON_VERSION': '3', 'HOSTNAME': 'epan-tiago-noetic-ssh', 'VISP_WS': '/home/pal/visp-ws', 'ROS_PACKAGE_PATH': '/home/pal/ros_ws/src:/opt/pal/gallium/share:/opt/ros/noetic/share', 'ROSLISP_PACKAGE_DIRECTORIES': '/home/pal/ros_ws/devel/share/common-lisp', 'PWD': '/home/pal/ros_ws/src', 'XAUTHORITY': '', 'TZ': 'Europe/Paris', 'ROS_IP': '127.0.0.1', 'HOME': '/home/pal', 'ROS_ETC_DIR': '/opt/ros/noetic/etc/ros', 'LS_COLORS': 'rs=0:di=01;34:ln=01;36:mh=00:pi=40;33:so=01;35:do=01;35:bd=40;33;01:cd=40;33;01:or=40;31;01:mi=00:su=37;41:sg=30;43:ca=30;41:tw=30;42:ow=34;42:st=37;44:ex=01;32:*.tar=01;31:*.tgz=01;31:*.arc=01;31:*.arj=01;31:*.taz=01;31:*.lha=01;31:*.lz4=01;31:*.lzh=01;31:*.lzma=01;31:*.tlz=01;31:*.txz=01;31:*.tzo=01;31:*.t7z=01;31:*.zip=01;31:*.z=01;31:*.dz=01;31:*.gz=01;31:*.lrz=01;31:*.lz=01;31:*.lzo=01;31:*.xz=01;31:*.zst=01;31:*.tzst=01;31:*.bz2=01;31:*.bz=01;31:*.tbz=01;31:*.tbz2=01;31:*.tz=01;31:*.deb=01;31:*.rpm=01;31:*.jar=01;31:*.war=01;31:*.ear=01;31:*.sar=01;31:*.rar=01;31:*.alz=01;31:*.ace=01;31:*.zoo=01;31:*.cpio=01;31:*.7z=01;31:*.rz=01;31:*.cab=01;31:*.wim=01;31:*.swm=01;31:*.dwm=01;31:*.esd=01;31:*.jpg=01;35:*.jpeg=01;35:*.mjpg=01;35:*.mjpeg=01;35:*.gif=01;35:*.bmp=01;35:*.pbm=01;35:*.pgm=01;35:*.ppm=01;35:*.tga=01;35:*.xbm=01;35:*.xpm=01;35:*.tif=01;35:*.tiff=01;35:*.png=01;35:*.svg=01;35:*.svgz=01;35:*.mng=01;35:*.pcx=01;35:*.mov=01;35:*.mpg=01;35:*.mpeg=01;35:*.m2v=01;35:*.mkv=01;35:*.webm=01;35:*.ogm=01;35:*.mp4=01;35:*.m4v=01;35:*.mp4v=01;35:*.vob=01;35:*.qt=01;35:*.nuv=01;35:*.wmv=01;35:*.asf=01;35:*.rm=01;35:*.rmvb=01;35:*.flc=01;35:*.avi=01;35:*.fli=01;35:*.flv=01;35:*.gl=01;35:*.dl=01;35:*.xcf=01;35:*.xwd=01;35:*.yuv=01;35:*.cgm=01;35:*.emf=01;35:*.ogv=01;35:*.ogx=01;35:*.aac=00;36:*.au=00;36:*.flac=00;36:*.m4a=00;36:*.mid=00;36:*.midi=00;36:*.mka=00;36:*.mp3=00;36:*.mpc=00;36:*.ogg=00;36:*.ra=00;36:*.wav=00;36:*.oga=00;36:*.opus=00;36:*.spx=00;36:*.xspf=00;36:', 'OROCOS_TARGET': 'gnulinux', 'CMAKE_PREFIX_PATH': '/home/pal/ros_ws/devel:/opt/pal/gallium:/opt/ros/noetic', 'GAZEBO_RESOURCE_PATH': '/home/pal/ros_ws/src/va50:', 'ROS_WORKSPACE': '/home/pal/ros_ws', 'LESSCLOSE': '/usr/bin/lesspipe %s %s', 'PYTHONPATH': '/opt/pal/gallium/lib/python3/dist-packages:/opt/ros/noetic/lib/python3/dist-packages', 'TERM': 'xterm', 'VISP_INPUT_IMAGE_PATH': '/home/pal/visp-ws/visp-images', 'LESSOPEN': '| /usr/bin/lesspipe %s', 'USER': 'pal', 'RTT_COMPONENT_PATH': '/opt/pal/gallium/lib/orocos', 'DISPLAY': ':1', 'SHLVL': '1', 'PAL_DISTRO': 'gallium', 'ROS_MASTER_URI': 'http://localhost:11311/', 'LD_LIBRARY_PATH': '/home/pal/ros_ws/devel/lib:/opt/pal/gallium/lib:/opt/pal/gallium/lib/x86_64-linux-gnu:/opt/ros/noetic/lib:/opt/ros/noetic/lib/x86_64-linux-gnu:/usr/local/lib', 'GAZEBO_MODEL_PATH': '/home/pal/ros_ws/src/va50/models:', 'PATH': '/opt/pal/gallium/bin:/opt/ros/noetic/bin:/opt/pal/gallium/lib/pal_debian_utils/:/usr/local/sbin:/usr/local/bin:/usr/sbin:/usr/bin:/sbin:/bin', 'LUA_PATH': ';;/opt/pal/gallium/share/lua/5.1/?.lua;/opt/pal/gallium/share/lua/5.1/?.lua;/opt/pal/gallium/share/lua/5.1/?.lua', 'DEBIAN_FRONTEND': 'noninteractive', 'ROS_ROOT': '/opt/ros/noetic/share/ros', 'ROS_DISTRO': 'noetic', 'QT_X11_NO_MITSHM': '1', '_': '/opt/ros/noetic/bin/roslaunch', 'OLDPWD': '/home/pal/ros_ws', 'LC_CTYPE': 'C.UTF-8', 'ROS_LOG_FILENAME': '/home/pal/.ros/log/c3515b42-bd6b-11f0-8b0c-0028f8234b19/roslaunch-epan-tiago-noetic-ssh-1958.log', 'LC_NUMERIC': 'C'}]
[roslaunch][INFO] 2025-11-09 13:58:20,540: process[move_group-13]: args[['/opt/ros/noetic/lib/moveit_ros_move_group/move_group', '__name:=move_group']]
[roslaunch][INFO] 2025-11-09 13:58:20,541: ... created process [move_group-13]
[roslaunch.pmon][INFO] 2025-11-09 13:58:20,541: ProcessMonitor.register[move_group-13]
[roslaunch.pmon][INFO] 2025-11-09 13:58:20,543: ProcessMonitor.register[move_group-13] complete
[roslaunch][INFO] 2025-11-09 13:58:20,543: ... registered process [move_group-13]
[roslaunch][INFO] 2025-11-09 13:58:20,543: process[move_group-13]: starting os process
[roslaunch][INFO] 2025-11-09 13:58:20,544: process[move_group-13]: start w/ args [['/opt/ros/noetic/lib/moveit_ros_move_group/move_group', '__name:=move_group', '__log:=/home/pal/.ros/log/c3515b42-bd6b-11f0-8b0c-0028f8234b19/move_group-13.log']]
[roslaunch][INFO] 2025-11-09 13:58:20,544: process[move_group-13]: cwd will be [/home/pal/.ros]
[roslaunch][INFO] 2025-11-09 13:58:20,570: process[move_group-13]: started with pid [2034]
[roslaunch][INFO] 2025-11-09 13:58:20,570: ... successfully launched [move_group-13]
[roslaunch][INFO] 2025-11-09 13:58:20,571: ... preparing to launch node of type [robot_state_publisher/robot_state_publisher]
[roslaunch][INFO] 2025-11-09 13:58:20,571: create_node_process: package[robot_state_publisher] type[robot_state_publisher] machine[Machine(name[] env_loader[None] address[localhost] ssh_port[22] user[None] assignable[True] timeout[10.0])] master_uri[http://localhost:11311/]
[roslaunch][INFO] 2025-11-09 13:58:20,571: process[robot_state_publisher-14]: env[{'ROS_VERSION': '1', 'DISABLE_ROS1_EOL_WARNINGS': '1', 'PKG_CONFIG_PATH': '/opt/pal/gallium/lib/pkgconfig:/opt/pal/gallium/lib/x86_64-linux-gnu/pkgconfig:/opt/ros/noetic/lib/pkgconfig:/opt/ros/noetic/lib/x86_64-linux-gnu/pkgconfig', 'ROS_PYTHON_VERSION': '3', 'HOSTNAME': 'epan-tiago-noetic-ssh', 'VISP_WS': '/home/pal/visp-ws', 'ROS_PACKAGE_PATH': '/home/pal/ros_ws/src:/opt/pal/gallium/share:/opt/ros/noetic/share', 'ROSLISP_PACKAGE_DIRECTORIES': '/home/pal/ros_ws/devel/share/common-lisp', 'PWD': '/home/pal/ros_ws/src', 'XAUTHORITY': '', 'TZ': 'Europe/Paris', 'ROS_IP': '127.0.0.1', 'HOME': '/home/pal', 'ROS_ETC_DIR': '/opt/ros/noetic/etc/ros', 'LS_COLORS': 'rs=0:di=01;34:ln=01;36:mh=00:pi=40;33:so=01;35:do=01;35:bd=40;33;01:cd=40;33;01:or=40;31;01:mi=00:su=37;41:sg=30;43:ca=30;41:tw=30;42:ow=34;42:st=37;44:ex=01;32:*.tar=01;31:*.tgz=01;31:*.arc=01;31:*.arj=01;31:*.taz=01;31:*.lha=01;31:*.lz4=01;31:*.lzh=01;31:*.lzma=01;31:*.tlz=01;31:*.txz=01;31:*.tzo=01;31:*.t7z=01;31:*.zip=01;31:*.z=01;31:*.dz=01;31:*.gz=01;31:*.lrz=01;31:*.lz=01;31:*.lzo=01;31:*.xz=01;31:*.zst=01;31:*.tzst=01;31:*.bz2=01;31:*.bz=01;31:*.tbz=01;31:*.tbz2=01;31:*.tz=01;31:*.deb=01;31:*.rpm=01;31:*.jar=01;31:*.war=01;31:*.ear=01;31:*.sar=01;31:*.rar=01;31:*.alz=01;31:*.ace=01;31:*.zoo=01;31:*.cpio=01;31:*.7z=01;31:*.rz=01;31:*.cab=01;31:*.wim=01;31:*.swm=01;31:*.dwm=01;31:*.esd=01;31:*.jpg=01;35:*.jpeg=01;35:*.mjpg=01;35:*.mjpeg=01;35:*.gif=01;35:*.bmp=01;35:*.pbm=01;35:*.pgm=01;35:*.ppm=01;35:*.tga=01;35:*.xbm=01;35:*.xpm=01;35:*.tif=01;35:*.tiff=01;35:*.png=01;35:*.svg=01;35:*.svgz=01;35:*.mng=01;35:*.pcx=01;35:*.mov=01;35:*.mpg=01;35:*.mpeg=01;35:*.m2v=01;35:*.mkv=01;35:*.webm=01;35:*.ogm=01;35:*.mp4=01;35:*.m4v=01;35:*.mp4v=01;35:*.vob=01;35:*.qt=01;35:*.nuv=01;35:*.wmv=01;35:*.asf=01;35:*.rm=01;35:*.rmvb=01;35:*.flc=01;35:*.avi=01;35:*.fli=01;35:*.flv=01;35:*.gl=01;35:*.dl=01;35:*.xcf=01;35:*.xwd=01;35:*.yuv=01;35:*.cgm=01;35:*.emf=01;35:*.ogv=01;35:*.ogx=01;35:*.aac=00;36:*.au=00;36:*.flac=00;36:*.m4a=00;36:*.mid=00;36:*.midi=00;36:*.mka=00;36:*.mp3=00;36:*.mpc=00;36:*.ogg=00;36:*.ra=00;36:*.wav=00;36:*.oga=00;36:*.opus=00;36:*.spx=00;36:*.xspf=00;36:', 'OROCOS_TARGET': 'gnulinux', 'CMAKE_PREFIX_PATH': '/home/pal/ros_ws/devel:/opt/pal/gallium:/opt/ros/noetic', 'GAZEBO_RESOURCE_PATH': '/home/pal/ros_ws/src/va50:', 'ROS_WORKSPACE': '/home/pal/ros_ws', 'LESSCLOSE': '/usr/bin/lesspipe %s %s', 'PYTHONPATH': '/opt/pal/gallium/lib/python3/dist-packages:/opt/ros/noetic/lib/python3/dist-packages', 'TERM': 'xterm', 'VISP_INPUT_IMAGE_PATH': '/home/pal/visp-ws/visp-images', 'LESSOPEN': '| /usr/bin/lesspipe %s', 'USER': 'pal', 'RTT_COMPONENT_PATH': '/opt/pal/gallium/lib/orocos', 'DISPLAY': ':1', 'SHLVL': '1', 'PAL_DISTRO': 'gallium', 'ROS_MASTER_URI': 'http://localhost:11311/', 'LD_LIBRARY_PATH': '/home/pal/ros_ws/devel/lib:/opt/pal/gallium/lib:/opt/pal/gallium/lib/x86_64-linux-gnu:/opt/ros/noetic/lib:/opt/ros/noetic/lib/x86_64-linux-gnu:/usr/local/lib', 'GAZEBO_MODEL_PATH': '/home/pal/ros_ws/src/va50/models:', 'PATH': '/opt/pal/gallium/bin:/opt/ros/noetic/bin:/opt/pal/gallium/lib/pal_debian_utils/:/usr/local/sbin:/usr/local/bin:/usr/sbin:/usr/bin:/sbin:/bin', 'LUA_PATH': ';;/opt/pal/gallium/share/lua/5.1/?.lua;/opt/pal/gallium/share/lua/5.1/?.lua;/opt/pal/gallium/share/lua/5.1/?.lua', 'DEBIAN_FRONTEND': 'noninteractive', 'ROS_ROOT': '/opt/ros/noetic/share/ros', 'ROS_DISTRO': 'noetic', 'QT_X11_NO_MITSHM': '1', '_': '/opt/ros/noetic/bin/roslaunch', 'OLDPWD': '/home/pal/ros_ws', 'LC_CTYPE': 'C.UTF-8', 'ROS_LOG_FILENAME': '/home/pal/.ros/log/c3515b42-bd6b-11f0-8b0c-0028f8234b19/roslaunch-epan-tiago-noetic-ssh-1958.log', 'LC_NUMERIC': 'C'}]
[roslaunch][INFO] 2025-11-09 13:58:20,573: process[robot_state_publisher-14]: args[['/opt/ros/noetic/lib/robot_state_publisher/robot_state_publisher', '__name:=robot_state_publisher']]
[roslaunch][INFO] 2025-11-09 13:58:20,573: ... created process [robot_state_publisher-14]
[roslaunch.pmon][INFO] 2025-11-09 13:58:20,573: ProcessMonitor.register[robot_state_publisher-14]
[roslaunch.pmon][INFO] 2025-11-09 13:58:20,573: ProcessMonitor.register[robot_state_publisher-14] complete
[roslaunch][INFO] 2025-11-09 13:58:20,573: ... registered process [robot_state_publisher-14]
[roslaunch][INFO] 2025-11-09 13:58:20,573: process[robot_state_publisher-14]: starting os process
[roslaunch][INFO] 2025-11-09 13:58:20,580: process[robot_state_publisher-14]: start w/ args [['/opt/ros/noetic/lib/robot_state_publisher/robot_state_publisher', '__name:=robot_state_publisher', '__log:=/home/pal/.ros/log/c3515b42-bd6b-11f0-8b0c-0028f8234b19/robot_state_publisher-14.log']]
[roslaunch][INFO] 2025-11-09 13:58:20,581: process[robot_state_publisher-14]: cwd will be [/home/pal/.ros]
[roslaunch][INFO] 2025-11-09 13:58:20,599: process[robot_state_publisher-14]: started with pid [2041]
[roslaunch][INFO] 2025-11-09 13:58:20,600: ... successfully launched [robot_state_publisher-14]
[roslaunch][INFO] 2025-11-09 13:58:20,604: ... preparing to launch node of type [tf_lookup/tf_lookup]
[roslaunch][INFO] 2025-11-09 13:58:20,604: create_node_process: package[tf_lookup] type[tf_lookup] machine[Machine(name[] env_loader[None] address[localhost] ssh_port[22] user[None] assignable[True] timeout[10.0])] master_uri[http://localhost:11311/]
[roslaunch][INFO] 2025-11-09 13:58:20,606: process[tf_lookup-15]: env[{'ROS_VERSION': '1', 'DISABLE_ROS1_EOL_WARNINGS': '1', 'PKG_CONFIG_PATH': '/opt/pal/gallium/lib/pkgconfig:/opt/pal/gallium/lib/x86_64-linux-gnu/pkgconfig:/opt/ros/noetic/lib/pkgconfig:/opt/ros/noetic/lib/x86_64-linux-gnu/pkgconfig', 'ROS_PYTHON_VERSION': '3', 'HOSTNAME': 'epan-tiago-noetic-ssh', 'VISP_WS': '/home/pal/visp-ws', 'ROS_PACKAGE_PATH': '/home/pal/ros_ws/src:/opt/pal/gallium/share:/opt/ros/noetic/share', 'ROSLISP_PACKAGE_DIRECTORIES': '/home/pal/ros_ws/devel/share/common-lisp', 'PWD': '/home/pal/ros_ws/src', 'XAUTHORITY': '', 'TZ': 'Europe/Paris', 'ROS_IP': '127.0.0.1', 'HOME': '/home/pal', 'ROS_ETC_DIR': '/opt/ros/noetic/etc/ros', 'LS_COLORS': 'rs=0:di=01;34:ln=01;36:mh=00:pi=40;33:so=01;35:do=01;35:bd=40;33;01:cd=40;33;01:or=40;31;01:mi=00:su=37;41:sg=30;43:ca=30;41:tw=30;42:ow=34;42:st=37;44:ex=01;32:*.tar=01;31:*.tgz=01;31:*.arc=01;31:*.arj=01;31:*.taz=01;31:*.lha=01;31:*.lz4=01;31:*.lzh=01;31:*.lzma=01;31:*.tlz=01;31:*.txz=01;31:*.tzo=01;31:*.t7z=01;31:*.zip=01;31:*.z=01;31:*.dz=01;31:*.gz=01;31:*.lrz=01;31:*.lz=01;31:*.lzo=01;31:*.xz=01;31:*.zst=01;31:*.tzst=01;31:*.bz2=01;31:*.bz=01;31:*.tbz=01;31:*.tbz2=01;31:*.tz=01;31:*.deb=01;31:*.rpm=01;31:*.jar=01;31:*.war=01;31:*.ear=01;31:*.sar=01;31:*.rar=01;31:*.alz=01;31:*.ace=01;31:*.zoo=01;31:*.cpio=01;31:*.7z=01;31:*.rz=01;31:*.cab=01;31:*.wim=01;31:*.swm=01;31:*.dwm=01;31:*.esd=01;31:*.jpg=01;35:*.jpeg=01;35:*.mjpg=01;35:*.mjpeg=01;35:*.gif=01;35:*.bmp=01;35:*.pbm=01;35:*.pgm=01;35:*.ppm=01;35:*.tga=01;35:*.xbm=01;35:*.xpm=01;35:*.tif=01;35:*.tiff=01;35:*.png=01;35:*.svg=01;35:*.svgz=01;35:*.mng=01;35:*.pcx=01;35:*.mov=01;35:*.mpg=01;35:*.mpeg=01;35:*.m2v=01;35:*.mkv=01;35:*.webm=01;35:*.ogm=01;35:*.mp4=01;35:*.m4v=01;35:*.mp4v=01;35:*.vob=01;35:*.qt=01;35:*.nuv=01;35:*.wmv=01;35:*.asf=01;35:*.rm=01;35:*.rmvb=01;35:*.flc=01;35:*.avi=01;35:*.fli=01;35:*.flv=01;35:*.gl=01;35:*.dl=01;35:*.xcf=01;35:*.xwd=01;35:*.yuv=01;35:*.cgm=01;35:*.emf=01;35:*.ogv=01;35:*.ogx=01;35:*.aac=00;36:*.au=00;36:*.flac=00;36:*.m4a=00;36:*.mid=00;36:*.midi=00;36:*.mka=00;36:*.mp3=00;36:*.mpc=00;36:*.ogg=00;36:*.ra=00;36:*.wav=00;36:*.oga=00;36:*.opus=00;36:*.spx=00;36:*.xspf=00;36:', 'OROCOS_TARGET': 'gnulinux', 'CMAKE_PREFIX_PATH': '/home/pal/ros_ws/devel:/opt/pal/gallium:/opt/ros/noetic', 'GAZEBO_RESOURCE_PATH': '/home/pal/ros_ws/src/va50:', 'ROS_WORKSPACE': '/home/pal/ros_ws', 'LESSCLOSE': '/usr/bin/lesspipe %s %s', 'PYTHONPATH': '/opt/pal/gallium/lib/python3/dist-packages:/opt/ros/noetic/lib/python3/dist-packages', 'TERM': 'xterm', 'VISP_INPUT_IMAGE_PATH': '/home/pal/visp-ws/visp-images', 'LESSOPEN': '| /usr/bin/lesspipe %s', 'USER': 'pal', 'RTT_COMPONENT_PATH': '/opt/pal/gallium/lib/orocos', 'DISPLAY': ':1', 'SHLVL': '1', 'PAL_DISTRO': 'gallium', 'ROS_MASTER_URI': 'http://localhost:11311/', 'LD_LIBRARY_PATH': '/home/pal/ros_ws/devel/lib:/opt/pal/gallium/lib:/opt/pal/gallium/lib/x86_64-linux-gnu:/opt/ros/noetic/lib:/opt/ros/noetic/lib/x86_64-linux-gnu:/usr/local/lib', 'GAZEBO_MODEL_PATH': '/home/pal/ros_ws/src/va50/models:', 'PATH': '/opt/pal/gallium/bin:/opt/ros/noetic/bin:/opt/pal/gallium/lib/pal_debian_utils/:/usr/local/sbin:/usr/local/bin:/usr/sbin:/usr/bin:/sbin:/bin', 'LUA_PATH': ';;/opt/pal/gallium/share/lua/5.1/?.lua;/opt/pal/gallium/share/lua/5.1/?.lua;/opt/pal/gallium/share/lua/5.1/?.lua', 'DEBIAN_FRONTEND': 'noninteractive', 'ROS_ROOT': '/opt/ros/noetic/share/ros', 'ROS_DISTRO': 'noetic', 'QT_X11_NO_MITSHM': '1', '_': '/opt/ros/noetic/bin/roslaunch', 'OLDPWD': '/home/pal/ros_ws', 'LC_CTYPE': 'C.UTF-8', 'ROS_LOG_FILENAME': '/home/pal/.ros/log/c3515b42-bd6b-11f0-8b0c-0028f8234b19/roslaunch-epan-tiago-noetic-ssh-1958.log', 'LC_NUMERIC': 'C'}]
[roslaunch][INFO] 2025-11-09 13:58:20,607: process[tf_lookup-15]: args[['/opt/pal/gallium/lib/tf_lookup/tf_lookup', '__name:=tf_lookup']]
[roslaunch][INFO] 2025-11-09 13:58:20,608: ... created process [tf_lookup-15]
[roslaunch.pmon][INFO] 2025-11-09 13:58:20,608: ProcessMonitor.register[tf_lookup-15]
[roslaunch.pmon][INFO] 2025-11-09 13:58:20,608: ProcessMonitor.register[tf_lookup-15] complete
[roslaunch][INFO] 2025-11-09 13:58:20,608: ... registered process [tf_lookup-15]
[roslaunch][INFO] 2025-11-09 13:58:20,608: process[tf_lookup-15]: starting os process
[roslaunch][INFO] 2025-11-09 13:58:20,610: process[tf_lookup-15]: start w/ args [['/opt/pal/gallium/lib/tf_lookup/tf_lookup', '__name:=tf_lookup', '__log:=/home/pal/.ros/log/c3515b42-bd6b-11f0-8b0c-0028f8234b19/tf_lookup-15.log']]
[roslaunch][INFO] 2025-11-09 13:58:20,610: process[tf_lookup-15]: cwd will be [/home/pal/.ros]
[roslaunch][INFO] 2025-11-09 13:58:20,634: process[tf_lookup-15]: started with pid [2042]
[roslaunch][INFO] 2025-11-09 13:58:20,635: ... successfully launched [tf_lookup-15]
[roslaunch][INFO] 2025-11-09 13:58:20,635: ... preparing to launch node of type [twist_mux/twist_mux]
[roslaunch][INFO] 2025-11-09 13:58:20,635: create_node_process: package[twist_mux] type[twist_mux] machine[Machine(name[] env_loader[None] address[localhost] ssh_port[22] user[None] assignable[True] timeout[10.0])] master_uri[http://localhost:11311/]
[roslaunch][INFO] 2025-11-09 13:58:20,635: process[twist_mux-16]: env[{'ROS_VERSION': '1', 'DISABLE_ROS1_EOL_WARNINGS': '1', 'PKG_CONFIG_PATH': '/opt/pal/gallium/lib/pkgconfig:/opt/pal/gallium/lib/x86_64-linux-gnu/pkgconfig:/opt/ros/noetic/lib/pkgconfig:/opt/ros/noetic/lib/x86_64-linux-gnu/pkgconfig', 'ROS_PYTHON_VERSION': '3', 'HOSTNAME': 'epan-tiago-noetic-ssh', 'VISP_WS': '/home/pal/visp-ws', 'ROS_PACKAGE_PATH': '/home/pal/ros_ws/src:/opt/pal/gallium/share:/opt/ros/noetic/share', 'ROSLISP_PACKAGE_DIRECTORIES': '/home/pal/ros_ws/devel/share/common-lisp', 'PWD': '/home/pal/ros_ws/src', 'XAUTHORITY': '', 'TZ': 'Europe/Paris', 'ROS_IP': '127.0.0.1', 'HOME': '/home/pal', 'ROS_ETC_DIR': '/opt/ros/noetic/etc/ros', 'LS_COLORS': 'rs=0:di=01;34:ln=01;36:mh=00:pi=40;33:so=01;35:do=01;35:bd=40;33;01:cd=40;33;01:or=40;31;01:mi=00:su=37;41:sg=30;43:ca=30;41:tw=30;42:ow=34;42:st=37;44:ex=01;32:*.tar=01;31:*.tgz=01;31:*.arc=01;31:*.arj=01;31:*.taz=01;31:*.lha=01;31:*.lz4=01;31:*.lzh=01;31:*.lzma=01;31:*.tlz=01;31:*.txz=01;31:*.tzo=01;31:*.t7z=01;31:*.zip=01;31:*.z=01;31:*.dz=01;31:*.gz=01;31:*.lrz=01;31:*.lz=01;31:*.lzo=01;31:*.xz=01;31:*.zst=01;31:*.tzst=01;31:*.bz2=01;31:*.bz=01;31:*.tbz=01;31:*.tbz2=01;31:*.tz=01;31:*.deb=01;31:*.rpm=01;31:*.jar=01;31:*.war=01;31:*.ear=01;31:*.sar=01;31:*.rar=01;31:*.alz=01;31:*.ace=01;31:*.zoo=01;31:*.cpio=01;31:*.7z=01;31:*.rz=01;31:*.cab=01;31:*.wim=01;31:*.swm=01;31:*.dwm=01;31:*.esd=01;31:*.jpg=01;35:*.jpeg=01;35:*.mjpg=01;35:*.mjpeg=01;35:*.gif=01;35:*.bmp=01;35:*.pbm=01;35:*.pgm=01;35:*.ppm=01;35:*.tga=01;35:*.xbm=01;35:*.xpm=01;35:*.tif=01;35:*.tiff=01;35:*.png=01;35:*.svg=01;35:*.svgz=01;35:*.mng=01;35:*.pcx=01;35:*.mov=01;35:*.mpg=01;35:*.mpeg=01;35:*.m2v=01;35:*.mkv=01;35:*.webm=01;35:*.ogm=01;35:*.mp4=01;35:*.m4v=01;35:*.mp4v=01;35:*.vob=01;35:*.qt=01;35:*.nuv=01;35:*.wmv=01;35:*.asf=01;35:*.rm=01;35:*.rmvb=01;35:*.flc=01;35:*.avi=01;35:*.fli=01;35:*.flv=01;35:*.gl=01;35:*.dl=01;35:*.xcf=01;35:*.xwd=01;35:*.yuv=01;35:*.cgm=01;35:*.emf=01;35:*.ogv=01;35:*.ogx=01;35:*.aac=00;36:*.au=00;36:*.flac=00;36:*.m4a=00;36:*.mid=00;36:*.midi=00;36:*.mka=00;36:*.mp3=00;36:*.mpc=00;36:*.ogg=00;36:*.ra=00;36:*.wav=00;36:*.oga=00;36:*.opus=00;36:*.spx=00;36:*.xspf=00;36:', 'OROCOS_TARGET': 'gnulinux', 'CMAKE_PREFIX_PATH': '/home/pal/ros_ws/devel:/opt/pal/gallium:/opt/ros/noetic', 'GAZEBO_RESOURCE_PATH': '/home/pal/ros_ws/src/va50:', 'ROS_WORKSPACE': '/home/pal/ros_ws', 'LESSCLOSE': '/usr/bin/lesspipe %s %s', 'PYTHONPATH': '/opt/pal/gallium/lib/python3/dist-packages:/opt/ros/noetic/lib/python3/dist-packages', 'TERM': 'xterm', 'VISP_INPUT_IMAGE_PATH': '/home/pal/visp-ws/visp-images', 'LESSOPEN': '| /usr/bin/lesspipe %s', 'USER': 'pal', 'RTT_COMPONENT_PATH': '/opt/pal/gallium/lib/orocos', 'DISPLAY': ':1', 'SHLVL': '1', 'PAL_DISTRO': 'gallium', 'ROS_MASTER_URI': 'http://localhost:11311/', 'LD_LIBRARY_PATH': '/home/pal/ros_ws/devel/lib:/opt/pal/gallium/lib:/opt/pal/gallium/lib/x86_64-linux-gnu:/opt/ros/noetic/lib:/opt/ros/noetic/lib/x86_64-linux-gnu:/usr/local/lib', 'GAZEBO_MODEL_PATH': '/home/pal/ros_ws/src/va50/models:', 'PATH': '/opt/pal/gallium/bin:/opt/ros/noetic/bin:/opt/pal/gallium/lib/pal_debian_utils/:/usr/local/sbin:/usr/local/bin:/usr/sbin:/usr/bin:/sbin:/bin', 'LUA_PATH': ';;/opt/pal/gallium/share/lua/5.1/?.lua;/opt/pal/gallium/share/lua/5.1/?.lua;/opt/pal/gallium/share/lua/5.1/?.lua', 'DEBIAN_FRONTEND': 'noninteractive', 'ROS_ROOT': '/opt/ros/noetic/share/ros', 'ROS_DISTRO': 'noetic', 'QT_X11_NO_MITSHM': '1', '_': '/opt/ros/noetic/bin/roslaunch', 'OLDPWD': '/home/pal/ros_ws', 'LC_CTYPE': 'C.UTF-8', 'ROS_LOG_FILENAME': '/home/pal/.ros/log/c3515b42-bd6b-11f0-8b0c-0028f8234b19/roslaunch-epan-tiago-noetic-ssh-1958.log', 'LC_NUMERIC': 'C'}]
[roslaunch][INFO] 2025-11-09 13:58:20,638: process[twist_mux-16]: args[['/opt/ros/noetic/lib/twist_mux/twist_mux', 'cmd_vel_out:=mobile_base_controller/cmd_vel', '__name:=twist_mux']]
[roslaunch][INFO] 2025-11-09 13:58:20,638: ... created process [twist_mux-16]
[roslaunch.pmon][INFO] 2025-11-09 13:58:20,638: ProcessMonitor.register[twist_mux-16]
[roslaunch.pmon][INFO] 2025-11-09 13:58:20,645: ProcessMonitor.register[twist_mux-16] complete
[roslaunch][INFO] 2025-11-09 13:58:20,646: ... registered process [twist_mux-16]
[roslaunch][INFO] 2025-11-09 13:58:20,646: process[twist_mux-16]: starting os process
[roslaunch][INFO] 2025-11-09 13:58:20,646: process[twist_mux-16]: start w/ args [['/opt/ros/noetic/lib/twist_mux/twist_mux', 'cmd_vel_out:=mobile_base_controller/cmd_vel', '__name:=twist_mux', '__log:=/home/pal/.ros/log/c3515b42-bd6b-11f0-8b0c-0028f8234b19/twist_mux-16.log']]
[roslaunch][INFO] 2025-11-09 13:58:20,646: process[twist_mux-16]: cwd will be [/home/pal/.ros]
[roslaunch][INFO] 2025-11-09 13:58:20,660: process[twist_mux-16]: started with pid [2044]
[roslaunch][INFO] 2025-11-09 13:58:20,660: ... successfully launched [twist_mux-16]
[roslaunch][INFO] 2025-11-09 13:58:20,661: ... preparing to launch node of type [twist_mux/twist_marker]
[roslaunch][INFO] 2025-11-09 13:58:20,661: create_node_process: package[twist_mux] type[twist_marker] machine[Machine(name[] env_loader[None] address[localhost] ssh_port[22] user[None] assignable[True] timeout[10.0])] master_uri[http://localhost:11311/]
[roslaunch][INFO] 2025-11-09 13:58:20,661: process[twist_marker-17]: env[{'ROS_VERSION': '1', 'DISABLE_ROS1_EOL_WARNINGS': '1', 'PKG_CONFIG_PATH': '/opt/pal/gallium/lib/pkgconfig:/opt/pal/gallium/lib/x86_64-linux-gnu/pkgconfig:/opt/ros/noetic/lib/pkgconfig:/opt/ros/noetic/lib/x86_64-linux-gnu/pkgconfig', 'ROS_PYTHON_VERSION': '3', 'HOSTNAME': 'epan-tiago-noetic-ssh', 'VISP_WS': '/home/pal/visp-ws', 'ROS_PACKAGE_PATH': '/home/pal/ros_ws/src:/opt/pal/gallium/share:/opt/ros/noetic/share', 'ROSLISP_PACKAGE_DIRECTORIES': '/home/pal/ros_ws/devel/share/common-lisp', 'PWD': '/home/pal/ros_ws/src', 'XAUTHORITY': '', 'TZ': 'Europe/Paris', 'ROS_IP': '127.0.0.1', 'HOME': '/home/pal', 'ROS_ETC_DIR': '/opt/ros/noetic/etc/ros', 'LS_COLORS': 'rs=0:di=01;34:ln=01;36:mh=00:pi=40;33:so=01;35:do=01;35:bd=40;33;01:cd=40;33;01:or=40;31;01:mi=00:su=37;41:sg=30;43:ca=30;41:tw=30;42:ow=34;42:st=37;44:ex=01;32:*.tar=01;31:*.tgz=01;31:*.arc=01;31:*.arj=01;31:*.taz=01;31:*.lha=01;31:*.lz4=01;31:*.lzh=01;31:*.lzma=01;31:*.tlz=01;31:*.txz=01;31:*.tzo=01;31:*.t7z=01;31:*.zip=01;31:*.z=01;31:*.dz=01;31:*.gz=01;31:*.lrz=01;31:*.lz=01;31:*.lzo=01;31:*.xz=01;31:*.zst=01;31:*.tzst=01;31:*.bz2=01;31:*.bz=01;31:*.tbz=01;31:*.tbz2=01;31:*.tz=01;31:*.deb=01;31:*.rpm=01;31:*.jar=01;31:*.war=01;31:*.ear=01;31:*.sar=01;31:*.rar=01;31:*.alz=01;31:*.ace=01;31:*.zoo=01;31:*.cpio=01;31:*.7z=01;31:*.rz=01;31:*.cab=01;31:*.wim=01;31:*.swm=01;31:*.dwm=01;31:*.esd=01;31:*.jpg=01;35:*.jpeg=01;35:*.mjpg=01;35:*.mjpeg=01;35:*.gif=01;35:*.bmp=01;35:*.pbm=01;35:*.pgm=01;35:*.ppm=01;35:*.tga=01;35:*.xbm=01;35:*.xpm=01;35:*.tif=01;35:*.tiff=01;35:*.png=01;35:*.svg=01;35:*.svgz=01;35:*.mng=01;35:*.pcx=01;35:*.mov=01;35:*.mpg=01;35:*.mpeg=01;35:*.m2v=01;35:*.mkv=01;35:*.webm=01;35:*.ogm=01;35:*.mp4=01;35:*.m4v=01;35:*.mp4v=01;35:*.vob=01;35:*.qt=01;35:*.nuv=01;35:*.wmv=01;35:*.asf=01;35:*.rm=01;35:*.rmvb=01;35:*.flc=01;35:*.avi=01;35:*.fli=01;35:*.flv=01;35:*.gl=01;35:*.dl=01;35:*.xcf=01;35:*.xwd=01;35:*.yuv=01;35:*.cgm=01;35:*.emf=01;35:*.ogv=01;35:*.ogx=01;35:*.aac=00;36:*.au=00;36:*.flac=00;36:*.m4a=00;36:*.mid=00;36:*.midi=00;36:*.mka=00;36:*.mp3=00;36:*.mpc=00;36:*.ogg=00;36:*.ra=00;36:*.wav=00;36:*.oga=00;36:*.opus=00;36:*.spx=00;36:*.xspf=00;36:', 'OROCOS_TARGET': 'gnulinux', 'CMAKE_PREFIX_PATH': '/home/pal/ros_ws/devel:/opt/pal/gallium:/opt/ros/noetic', 'GAZEBO_RESOURCE_PATH': '/home/pal/ros_ws/src/va50:', 'ROS_WORKSPACE': '/home/pal/ros_ws', 'LESSCLOSE': '/usr/bin/lesspipe %s %s', 'PYTHONPATH': '/opt/pal/gallium/lib/python3/dist-packages:/opt/ros/noetic/lib/python3/dist-packages', 'TERM': 'xterm', 'VISP_INPUT_IMAGE_PATH': '/home/pal/visp-ws/visp-images', 'LESSOPEN': '| /usr/bin/lesspipe %s', 'USER': 'pal', 'RTT_COMPONENT_PATH': '/opt/pal/gallium/lib/orocos', 'DISPLAY': ':1', 'SHLVL': '1', 'PAL_DISTRO': 'gallium', 'ROS_MASTER_URI': 'http://localhost:11311/', 'LD_LIBRARY_PATH': '/home/pal/ros_ws/devel/lib:/opt/pal/gallium/lib:/opt/pal/gallium/lib/x86_64-linux-gnu:/opt/ros/noetic/lib:/opt/ros/noetic/lib/x86_64-linux-gnu:/usr/local/lib', 'GAZEBO_MODEL_PATH': '/home/pal/ros_ws/src/va50/models:', 'PATH': '/opt/pal/gallium/bin:/opt/ros/noetic/bin:/opt/pal/gallium/lib/pal_debian_utils/:/usr/local/sbin:/usr/local/bin:/usr/sbin:/usr/bin:/sbin:/bin', 'LUA_PATH': ';;/opt/pal/gallium/share/lua/5.1/?.lua;/opt/pal/gallium/share/lua/5.1/?.lua;/opt/pal/gallium/share/lua/5.1/?.lua', 'DEBIAN_FRONTEND': 'noninteractive', 'ROS_ROOT': '/opt/ros/noetic/share/ros', 'ROS_DISTRO': 'noetic', 'QT_X11_NO_MITSHM': '1', '_': '/opt/ros/noetic/bin/roslaunch', 'OLDPWD': '/home/pal/ros_ws', 'LC_CTYPE': 'C.UTF-8', 'ROS_LOG_FILENAME': '/home/pal/.ros/log/c3515b42-bd6b-11f0-8b0c-0028f8234b19/roslaunch-epan-tiago-noetic-ssh-1958.log', 'LC_NUMERIC': 'C'}]
[roslaunch][INFO] 2025-11-09 13:58:20,672: process[twist_marker-17]: args[['/opt/ros/noetic/lib/twist_mux/twist_marker', 'twist:=mobile_base_controller/cmd_vel', 'marker:=twist_marker', '__name:=twist_marker']]
[roslaunch][INFO] 2025-11-09 13:58:20,672: ... created process [twist_marker-17]
[roslaunch.pmon][INFO] 2025-11-09 13:58:20,672: ProcessMonitor.register[twist_marker-17]
[roslaunch.pmon][INFO] 2025-11-09 13:58:20,673: ProcessMonitor.register[twist_marker-17] complete
[roslaunch][INFO] 2025-11-09 13:58:20,673: ... registered process [twist_marker-17]
[roslaunch][INFO] 2025-11-09 13:58:20,673: process[twist_marker-17]: starting os process
[roslaunch][INFO] 2025-11-09 13:58:20,673: process[twist_marker-17]: start w/ args [['/opt/ros/noetic/lib/twist_mux/twist_marker', 'twist:=mobile_base_controller/cmd_vel', 'marker:=twist_marker', '__name:=twist_marker', '__log:=/home/pal/.ros/log/c3515b42-bd6b-11f0-8b0c-0028f8234b19/twist_marker-17.log']]
[roslaunch][INFO] 2025-11-09 13:58:20,673: process[twist_marker-17]: cwd will be [/home/pal/.ros]
[roslaunch][INFO] 2025-11-09 13:58:20,696: process[twist_marker-17]: started with pid [2053]
[roslaunch][INFO] 2025-11-09 13:58:20,699: ... successfully launched [twist_marker-17]
[roslaunch][INFO] 2025-11-09 13:58:20,699: ... preparing to launch node of type [twist_mux/joystick_relay.py]
[roslaunch][INFO] 2025-11-09 13:58:20,700: create_node_process: package[twist_mux] type[joystick_relay.py] machine[Machine(name[] env_loader[None] address[localhost] ssh_port[22] user[None] assignable[True] timeout[10.0])] master_uri[http://localhost:11311/]
[roslaunch][INFO] 2025-11-09 13:58:20,705: process[joystick_relay-18]: env[{'ROS_VERSION': '1', 'DISABLE_ROS1_EOL_WARNINGS': '1', 'PKG_CONFIG_PATH': '/opt/pal/gallium/lib/pkgconfig:/opt/pal/gallium/lib/x86_64-linux-gnu/pkgconfig:/opt/ros/noetic/lib/pkgconfig:/opt/ros/noetic/lib/x86_64-linux-gnu/pkgconfig', 'ROS_PYTHON_VERSION': '3', 'HOSTNAME': 'epan-tiago-noetic-ssh', 'VISP_WS': '/home/pal/visp-ws', 'ROS_PACKAGE_PATH': '/home/pal/ros_ws/src:/opt/pal/gallium/share:/opt/ros/noetic/share', 'ROSLISP_PACKAGE_DIRECTORIES': '/home/pal/ros_ws/devel/share/common-lisp', 'PWD': '/home/pal/ros_ws/src', 'XAUTHORITY': '', 'TZ': 'Europe/Paris', 'ROS_IP': '127.0.0.1', 'HOME': '/home/pal', 'ROS_ETC_DIR': '/opt/ros/noetic/etc/ros', 'LS_COLORS': 'rs=0:di=01;34:ln=01;36:mh=00:pi=40;33:so=01;35:do=01;35:bd=40;33;01:cd=40;33;01:or=40;31;01:mi=00:su=37;41:sg=30;43:ca=30;41:tw=30;42:ow=34;42:st=37;44:ex=01;32:*.tar=01;31:*.tgz=01;31:*.arc=01;31:*.arj=01;31:*.taz=01;31:*.lha=01;31:*.lz4=01;31:*.lzh=01;31:*.lzma=01;31:*.tlz=01;31:*.txz=01;31:*.tzo=01;31:*.t7z=01;31:*.zip=01;31:*.z=01;31:*.dz=01;31:*.gz=01;31:*.lrz=01;31:*.lz=01;31:*.lzo=01;31:*.xz=01;31:*.zst=01;31:*.tzst=01;31:*.bz2=01;31:*.bz=01;31:*.tbz=01;31:*.tbz2=01;31:*.tz=01;31:*.deb=01;31:*.rpm=01;31:*.jar=01;31:*.war=01;31:*.ear=01;31:*.sar=01;31:*.rar=01;31:*.alz=01;31:*.ace=01;31:*.zoo=01;31:*.cpio=01;31:*.7z=01;31:*.rz=01;31:*.cab=01;31:*.wim=01;31:*.swm=01;31:*.dwm=01;31:*.esd=01;31:*.jpg=01;35:*.jpeg=01;35:*.mjpg=01;35:*.mjpeg=01;35:*.gif=01;35:*.bmp=01;35:*.pbm=01;35:*.pgm=01;35:*.ppm=01;35:*.tga=01;35:*.xbm=01;35:*.xpm=01;35:*.tif=01;35:*.tiff=01;35:*.png=01;35:*.svg=01;35:*.svgz=01;35:*.mng=01;35:*.pcx=01;35:*.mov=01;35:*.mpg=01;35:*.mpeg=01;35:*.m2v=01;35:*.mkv=01;35:*.webm=01;35:*.ogm=01;35:*.mp4=01;35:*.m4v=01;35:*.mp4v=01;35:*.vob=01;35:*.qt=01;35:*.nuv=01;35:*.wmv=01;35:*.asf=01;35:*.rm=01;35:*.rmvb=01;35:*.flc=01;35:*.avi=01;35:*.fli=01;35:*.flv=01;35:*.gl=01;35:*.dl=01;35:*.xcf=01;35:*.xwd=01;35:*.yuv=01;35:*.cgm=01;35:*.emf=01;35:*.ogv=01;35:*.ogx=01;35:*.aac=00;36:*.au=00;36:*.flac=00;36:*.m4a=00;36:*.mid=00;36:*.midi=00;36:*.mka=00;36:*.mp3=00;36:*.mpc=00;36:*.ogg=00;36:*.ra=00;36:*.wav=00;36:*.oga=00;36:*.opus=00;36:*.spx=00;36:*.xspf=00;36:', 'OROCOS_TARGET': 'gnulinux', 'CMAKE_PREFIX_PATH': '/home/pal/ros_ws/devel:/opt/pal/gallium:/opt/ros/noetic', 'GAZEBO_RESOURCE_PATH': '/home/pal/ros_ws/src/va50:', 'ROS_WORKSPACE': '/home/pal/ros_ws', 'LESSCLOSE': '/usr/bin/lesspipe %s %s', 'PYTHONPATH': '/opt/pal/gallium/lib/python3/dist-packages:/opt/ros/noetic/lib/python3/dist-packages', 'TERM': 'xterm', 'VISP_INPUT_IMAGE_PATH': '/home/pal/visp-ws/visp-images', 'LESSOPEN': '| /usr/bin/lesspipe %s', 'USER': 'pal', 'RTT_COMPONENT_PATH': '/opt/pal/gallium/lib/orocos', 'DISPLAY': ':1', 'SHLVL': '1', 'PAL_DISTRO': 'gallium', 'ROS_MASTER_URI': 'http://localhost:11311/', 'LD_LIBRARY_PATH': '/home/pal/ros_ws/devel/lib:/opt/pal/gallium/lib:/opt/pal/gallium/lib/x86_64-linux-gnu:/opt/ros/noetic/lib:/opt/ros/noetic/lib/x86_64-linux-gnu:/usr/local/lib', 'GAZEBO_MODEL_PATH': '/home/pal/ros_ws/src/va50/models:', 'PATH': '/opt/pal/gallium/bin:/opt/ros/noetic/bin:/opt/pal/gallium/lib/pal_debian_utils/:/usr/local/sbin:/usr/local/bin:/usr/sbin:/usr/bin:/sbin:/bin', 'LUA_PATH': ';;/opt/pal/gallium/share/lua/5.1/?.lua;/opt/pal/gallium/share/lua/5.1/?.lua;/opt/pal/gallium/share/lua/5.1/?.lua', 'DEBIAN_FRONTEND': 'noninteractive', 'ROS_ROOT': '/opt/ros/noetic/share/ros', 'ROS_DISTRO': 'noetic', 'QT_X11_NO_MITSHM': '1', '_': '/opt/ros/noetic/bin/roslaunch', 'OLDPWD': '/home/pal/ros_ws', 'LC_CTYPE': 'C.UTF-8', 'ROS_LOG_FILENAME': '/home/pal/.ros/log/c3515b42-bd6b-11f0-8b0c-0028f8234b19/roslaunch-epan-tiago-noetic-ssh-1958.log', 'LC_NUMERIC': 'C'}]
[roslaunch][INFO] 2025-11-09 13:58:20,707: process[joystick_relay-18]: args[['/opt/ros/noetic/lib/twist_mux/joystick_relay.py', 'joy_vel_in:=input_joy/cmd_vel', 'joy_vel_out:=joy_vel', '__name:=joystick_relay']]
[roslaunch][INFO] 2025-11-09 13:58:20,745: ... created process [joystick_relay-18]
[roslaunch.pmon][INFO] 2025-11-09 13:58:20,745: ProcessMonitor.register[joystick_relay-18]
[roslaunch.pmon][INFO] 2025-11-09 13:58:20,748: ProcessMonitor.register[joystick_relay-18] complete
[roslaunch][INFO] 2025-11-09 13:58:20,748: ... registered process [joystick_relay-18]
[roslaunch][INFO] 2025-11-09 13:58:20,748: process[joystick_relay-18]: starting os process
[roslaunch][INFO] 2025-11-09 13:58:20,748: process[joystick_relay-18]: start w/ args [['/opt/ros/noetic/lib/twist_mux/joystick_relay.py', 'joy_vel_in:=input_joy/cmd_vel', 'joy_vel_out:=joy_vel', '__name:=joystick_relay', '__log:=/home/pal/.ros/log/c3515b42-bd6b-11f0-8b0c-0028f8234b19/joystick_relay-18.log']]
[roslaunch][INFO] 2025-11-09 13:58:20,748: process[joystick_relay-18]: cwd will be [/home/pal/.ros]
[roslaunch][INFO] 2025-11-09 13:58:20,762: process[joystick_relay-18]: started with pid [2064]
[roslaunch][INFO] 2025-11-09 13:58:20,763: ... successfully launched [joystick_relay-18]
[roslaunch][INFO] 2025-11-09 13:58:20,763: ... preparing to launch node of type [dynamic_footprint/dynamic_footprint_publisher.py]
[roslaunch][INFO] 2025-11-09 13:58:20,763: create_node_process: package[dynamic_footprint] type[dynamic_footprint_publisher.py] machine[Machine(name[] env_loader[None] address[localhost] ssh_port[22] user[None] assignable[True] timeout[10.0])] master_uri[http://localhost:11311/]
[roslaunch][INFO] 2025-11-09 13:58:20,764: process[dynamic_footprint_publisher-19]: env[{'ROS_VERSION': '1', 'DISABLE_ROS1_EOL_WARNINGS': '1', 'PKG_CONFIG_PATH': '/opt/pal/gallium/lib/pkgconfig:/opt/pal/gallium/lib/x86_64-linux-gnu/pkgconfig:/opt/ros/noetic/lib/pkgconfig:/opt/ros/noetic/lib/x86_64-linux-gnu/pkgconfig', 'ROS_PYTHON_VERSION': '3', 'HOSTNAME': 'epan-tiago-noetic-ssh', 'VISP_WS': '/home/pal/visp-ws', 'ROS_PACKAGE_PATH': '/home/pal/ros_ws/src:/opt/pal/gallium/share:/opt/ros/noetic/share', 'ROSLISP_PACKAGE_DIRECTORIES': '/home/pal/ros_ws/devel/share/common-lisp', 'PWD': '/home/pal/ros_ws/src', 'XAUTHORITY': '', 'TZ': 'Europe/Paris', 'ROS_IP': '127.0.0.1', 'HOME': '/home/pal', 'ROS_ETC_DIR': '/opt/ros/noetic/etc/ros', 'LS_COLORS': 'rs=0:di=01;34:ln=01;36:mh=00:pi=40;33:so=01;35:do=01;35:bd=40;33;01:cd=40;33;01:or=40;31;01:mi=00:su=37;41:sg=30;43:ca=30;41:tw=30;42:ow=34;42:st=37;44:ex=01;32:*.tar=01;31:*.tgz=01;31:*.arc=01;31:*.arj=01;31:*.taz=01;31:*.lha=01;31:*.lz4=01;31:*.lzh=01;31:*.lzma=01;31:*.tlz=01;31:*.txz=01;31:*.tzo=01;31:*.t7z=01;31:*.zip=01;31:*.z=01;31:*.dz=01;31:*.gz=01;31:*.lrz=01;31:*.lz=01;31:*.lzo=01;31:*.xz=01;31:*.zst=01;31:*.tzst=01;31:*.bz2=01;31:*.bz=01;31:*.tbz=01;31:*.tbz2=01;31:*.tz=01;31:*.deb=01;31:*.rpm=01;31:*.jar=01;31:*.war=01;31:*.ear=01;31:*.sar=01;31:*.rar=01;31:*.alz=01;31:*.ace=01;31:*.zoo=01;31:*.cpio=01;31:*.7z=01;31:*.rz=01;31:*.cab=01;31:*.wim=01;31:*.swm=01;31:*.dwm=01;31:*.esd=01;31:*.jpg=01;35:*.jpeg=01;35:*.mjpg=01;35:*.mjpeg=01;35:*.gif=01;35:*.bmp=01;35:*.pbm=01;35:*.pgm=01;35:*.ppm=01;35:*.tga=01;35:*.xbm=01;35:*.xpm=01;35:*.tif=01;35:*.tiff=01;35:*.png=01;35:*.svg=01;35:*.svgz=01;35:*.mng=01;35:*.pcx=01;35:*.mov=01;35:*.mpg=01;35:*.mpeg=01;35:*.m2v=01;35:*.mkv=01;35:*.webm=01;35:*.ogm=01;35:*.mp4=01;35:*.m4v=01;35:*.mp4v=01;35:*.vob=01;35:*.qt=01;35:*.nuv=01;35:*.wmv=01;35:*.asf=01;35:*.rm=01;35:*.rmvb=01;35:*.flc=01;35:*.avi=01;35:*.fli=01;35:*.flv=01;35:*.gl=01;35:*.dl=01;35:*.xcf=01;35:*.xwd=01;35:*.yuv=01;35:*.cgm=01;35:*.emf=01;35:*.ogv=01;35:*.ogx=01;35:*.aac=00;36:*.au=00;36:*.flac=00;36:*.m4a=00;36:*.mid=00;36:*.midi=00;36:*.mka=00;36:*.mp3=00;36:*.mpc=00;36:*.ogg=00;36:*.ra=00;36:*.wav=00;36:*.oga=00;36:*.opus=00;36:*.spx=00;36:*.xspf=00;36:', 'OROCOS_TARGET': 'gnulinux', 'CMAKE_PREFIX_PATH': '/home/pal/ros_ws/devel:/opt/pal/gallium:/opt/ros/noetic', 'GAZEBO_RESOURCE_PATH': '/home/pal/ros_ws/src/va50:', 'ROS_WORKSPACE': '/home/pal/ros_ws', 'LESSCLOSE': '/usr/bin/lesspipe %s %s', 'PYTHONPATH': '/opt/pal/gallium/lib/python3/dist-packages:/opt/ros/noetic/lib/python3/dist-packages', 'TERM': 'xterm', 'VISP_INPUT_IMAGE_PATH': '/home/pal/visp-ws/visp-images', 'LESSOPEN': '| /usr/bin/lesspipe %s', 'USER': 'pal', 'RTT_COMPONENT_PATH': '/opt/pal/gallium/lib/orocos', 'DISPLAY': ':1', 'SHLVL': '1', 'PAL_DISTRO': 'gallium', 'ROS_MASTER_URI': 'http://localhost:11311/', 'LD_LIBRARY_PATH': '/home/pal/ros_ws/devel/lib:/opt/pal/gallium/lib:/opt/pal/gallium/lib/x86_64-linux-gnu:/opt/ros/noetic/lib:/opt/ros/noetic/lib/x86_64-linux-gnu:/usr/local/lib', 'GAZEBO_MODEL_PATH': '/home/pal/ros_ws/src/va50/models:', 'PATH': '/opt/pal/gallium/bin:/opt/ros/noetic/bin:/opt/pal/gallium/lib/pal_debian_utils/:/usr/local/sbin:/usr/local/bin:/usr/sbin:/usr/bin:/sbin:/bin', 'LUA_PATH': ';;/opt/pal/gallium/share/lua/5.1/?.lua;/opt/pal/gallium/share/lua/5.1/?.lua;/opt/pal/gallium/share/lua/5.1/?.lua', 'DEBIAN_FRONTEND': 'noninteractive', 'ROS_ROOT': '/opt/ros/noetic/share/ros', 'ROS_DISTRO': 'noetic', 'QT_X11_NO_MITSHM': '1', '_': '/opt/ros/noetic/bin/roslaunch', 'OLDPWD': '/home/pal/ros_ws', 'LC_CTYPE': 'C.UTF-8', 'ROS_LOG_FILENAME': '/home/pal/.ros/log/c3515b42-bd6b-11f0-8b0c-0028f8234b19/roslaunch-epan-tiago-noetic-ssh-1958.log', 'LC_NUMERIC': 'C'}]
[roslaunch][INFO] 2025-11-09 13:58:20,765: process[dynamic_footprint_publisher-19]: args[['/opt/pal/gallium/lib/dynamic_footprint/dynamic_footprint_publisher.py', '__name:=dynamic_footprint_publisher']]
[roslaunch][INFO] 2025-11-09 13:58:20,772: ... created process [dynamic_footprint_publisher-19]
[roslaunch.pmon][INFO] 2025-11-09 13:58:20,772: ProcessMonitor.register[dynamic_footprint_publisher-19]
[roslaunch.pmon][INFO] 2025-11-09 13:58:20,773: ProcessMonitor.register[dynamic_footprint_publisher-19] complete
[roslaunch][INFO] 2025-11-09 13:58:20,773: ... registered process [dynamic_footprint_publisher-19]
[roslaunch][INFO] 2025-11-09 13:58:20,773: process[dynamic_footprint_publisher-19]: starting os process
[roslaunch][INFO] 2025-11-09 13:58:20,773: process[dynamic_footprint_publisher-19]: start w/ args [['/opt/pal/gallium/lib/dynamic_footprint/dynamic_footprint_publisher.py', '__name:=dynamic_footprint_publisher', '__log:=/home/pal/.ros/log/c3515b42-bd6b-11f0-8b0c-0028f8234b19/dynamic_footprint_publisher-19.log']]
[roslaunch][INFO] 2025-11-09 13:58:20,773: process[dynamic_footprint_publisher-19]: cwd will be [/home/pal/.ros]
[roslaunch][INFO] 2025-11-09 13:58:20,788: process[dynamic_footprint_publisher-19]: started with pid [2076]
[roslaunch][INFO] 2025-11-09 13:58:20,789: ... successfully launched [dynamic_footprint_publisher-19]
[roslaunch][INFO] 2025-11-09 13:58:20,789: ... preparing to launch node of type [topic_tools/relay]
[roslaunch][INFO] 2025-11-09 13:58:20,790: create_node_process: package[topic_tools] type[relay] machine[Machine(name[] env_loader[None] address[localhost] ssh_port[22] user[None] assignable[True] timeout[10.0])] master_uri[http://localhost:11311/]
[roslaunch][INFO] 2025-11-09 13:58:20,790: process[image_raw_to_rect_color_relay-20]: env[{'ROS_VERSION': '1', 'DISABLE_ROS1_EOL_WARNINGS': '1', 'PKG_CONFIG_PATH': '/opt/pal/gallium/lib/pkgconfig:/opt/pal/gallium/lib/x86_64-linux-gnu/pkgconfig:/opt/ros/noetic/lib/pkgconfig:/opt/ros/noetic/lib/x86_64-linux-gnu/pkgconfig', 'ROS_PYTHON_VERSION': '3', 'HOSTNAME': 'epan-tiago-noetic-ssh', 'VISP_WS': '/home/pal/visp-ws', 'ROS_PACKAGE_PATH': '/home/pal/ros_ws/src:/opt/pal/gallium/share:/opt/ros/noetic/share', 'ROSLISP_PACKAGE_DIRECTORIES': '/home/pal/ros_ws/devel/share/common-lisp', 'PWD': '/home/pal/ros_ws/src', 'XAUTHORITY': '', 'TZ': 'Europe/Paris', 'ROS_IP': '127.0.0.1', 'HOME': '/home/pal', 'ROS_ETC_DIR': '/opt/ros/noetic/etc/ros', 'LS_COLORS': 'rs=0:di=01;34:ln=01;36:mh=00:pi=40;33:so=01;35:do=01;35:bd=40;33;01:cd=40;33;01:or=40;31;01:mi=00:su=37;41:sg=30;43:ca=30;41:tw=30;42:ow=34;42:st=37;44:ex=01;32:*.tar=01;31:*.tgz=01;31:*.arc=01;31:*.arj=01;31:*.taz=01;31:*.lha=01;31:*.lz4=01;31:*.lzh=01;31:*.lzma=01;31:*.tlz=01;31:*.txz=01;31:*.tzo=01;31:*.t7z=01;31:*.zip=01;31:*.z=01;31:*.dz=01;31:*.gz=01;31:*.lrz=01;31:*.lz=01;31:*.lzo=01;31:*.xz=01;31:*.zst=01;31:*.tzst=01;31:*.bz2=01;31:*.bz=01;31:*.tbz=01;31:*.tbz2=01;31:*.tz=01;31:*.deb=01;31:*.rpm=01;31:*.jar=01;31:*.war=01;31:*.ear=01;31:*.sar=01;31:*.rar=01;31:*.alz=01;31:*.ace=01;31:*.zoo=01;31:*.cpio=01;31:*.7z=01;31:*.rz=01;31:*.cab=01;31:*.wim=01;31:*.swm=01;31:*.dwm=01;31:*.esd=01;31:*.jpg=01;35:*.jpeg=01;35:*.mjpg=01;35:*.mjpeg=01;35:*.gif=01;35:*.bmp=01;35:*.pbm=01;35:*.pgm=01;35:*.ppm=01;35:*.tga=01;35:*.xbm=01;35:*.xpm=01;35:*.tif=01;35:*.tiff=01;35:*.png=01;35:*.svg=01;35:*.svgz=01;35:*.mng=01;35:*.pcx=01;35:*.mov=01;35:*.mpg=01;35:*.mpeg=01;35:*.m2v=01;35:*.mkv=01;35:*.webm=01;35:*.ogm=01;35:*.mp4=01;35:*.m4v=01;35:*.mp4v=01;35:*.vob=01;35:*.qt=01;35:*.nuv=01;35:*.wmv=01;35:*.asf=01;35:*.rm=01;35:*.rmvb=01;35:*.flc=01;35:*.avi=01;35:*.fli=01;35:*.flv=01;35:*.gl=01;35:*.dl=01;35:*.xcf=01;35:*.xwd=01;35:*.yuv=01;35:*.cgm=01;35:*.emf=01;35:*.ogv=01;35:*.ogx=01;35:*.aac=00;36:*.au=00;36:*.flac=00;36:*.m4a=00;36:*.mid=00;36:*.midi=00;36:*.mka=00;36:*.mp3=00;36:*.mpc=00;36:*.ogg=00;36:*.ra=00;36:*.wav=00;36:*.oga=00;36:*.opus=00;36:*.spx=00;36:*.xspf=00;36:', 'OROCOS_TARGET': 'gnulinux', 'CMAKE_PREFIX_PATH': '/home/pal/ros_ws/devel:/opt/pal/gallium:/opt/ros/noetic', 'GAZEBO_RESOURCE_PATH': '/home/pal/ros_ws/src/va50:', 'ROS_WORKSPACE': '/home/pal/ros_ws', 'LESSCLOSE': '/usr/bin/lesspipe %s %s', 'PYTHONPATH': '/opt/pal/gallium/lib/python3/dist-packages:/opt/ros/noetic/lib/python3/dist-packages', 'TERM': 'xterm', 'VISP_INPUT_IMAGE_PATH': '/home/pal/visp-ws/visp-images', 'LESSOPEN': '| /usr/bin/lesspipe %s', 'USER': 'pal', 'RTT_COMPONENT_PATH': '/opt/pal/gallium/lib/orocos', 'DISPLAY': ':1', 'SHLVL': '1', 'PAL_DISTRO': 'gallium', 'ROS_MASTER_URI': 'http://localhost:11311/', 'LD_LIBRARY_PATH': '/home/pal/ros_ws/devel/lib:/opt/pal/gallium/lib:/opt/pal/gallium/lib/x86_64-linux-gnu:/opt/ros/noetic/lib:/opt/ros/noetic/lib/x86_64-linux-gnu:/usr/local/lib', 'GAZEBO_MODEL_PATH': '/home/pal/ros_ws/src/va50/models:', 'PATH': '/opt/pal/gallium/bin:/opt/ros/noetic/bin:/opt/pal/gallium/lib/pal_debian_utils/:/usr/local/sbin:/usr/local/bin:/usr/sbin:/usr/bin:/sbin:/bin', 'LUA_PATH': ';;/opt/pal/gallium/share/lua/5.1/?.lua;/opt/pal/gallium/share/lua/5.1/?.lua;/opt/pal/gallium/share/lua/5.1/?.lua', 'DEBIAN_FRONTEND': 'noninteractive', 'ROS_ROOT': '/opt/ros/noetic/share/ros', 'ROS_DISTRO': 'noetic', 'QT_X11_NO_MITSHM': '1', '_': '/opt/ros/noetic/bin/roslaunch', 'OLDPWD': '/home/pal/ros_ws', 'LC_CTYPE': 'C.UTF-8', 'ROS_LOG_FILENAME': '/home/pal/.ros/log/c3515b42-bd6b-11f0-8b0c-0028f8234b19/roslaunch-epan-tiago-noetic-ssh-1958.log', 'LC_NUMERIC': 'C'}]
[roslaunch][INFO] 2025-11-09 13:58:20,792: process[image_raw_to_rect_color_relay-20]: args[['/opt/ros/noetic/lib/topic_tools/relay', 'xtion/rgb/image_raw', 'xtion/rgb/image_rect_color', '__name:=image_raw_to_rect_color_relay']]
[roslaunch][INFO] 2025-11-09 13:58:20,792: ... created process [image_raw_to_rect_color_relay-20]
[roslaunch.pmon][INFO] 2025-11-09 13:58:20,792: ProcessMonitor.register[image_raw_to_rect_color_relay-20]
[roslaunch.pmon][INFO] 2025-11-09 13:58:20,792: ProcessMonitor.register[image_raw_to_rect_color_relay-20] complete
[roslaunch][INFO] 2025-11-09 13:58:20,792: ... registered process [image_raw_to_rect_color_relay-20]
[roslaunch][INFO] 2025-11-09 13:58:20,792: process[image_raw_to_rect_color_relay-20]: starting os process
[roslaunch][INFO] 2025-11-09 13:58:20,793: process[image_raw_to_rect_color_relay-20]: start w/ args [['/opt/ros/noetic/lib/topic_tools/relay', 'xtion/rgb/image_raw', 'xtion/rgb/image_rect_color', '__name:=image_raw_to_rect_color_relay', '__log:=/home/pal/.ros/log/c3515b42-bd6b-11f0-8b0c-0028f8234b19/image_raw_to_rect_color_relay-20.log']]
[roslaunch][INFO] 2025-11-09 13:58:20,793: process[image_raw_to_rect_color_relay-20]: cwd will be [/home/pal/.ros]
[roslaunch][INFO] 2025-11-09 13:58:20,801: process[image_raw_to_rect_color_relay-20]: started with pid [2087]
[roslaunch][INFO] 2025-11-09 13:58:20,802: ... successfully launched [image_raw_to_rect_color_relay-20]
[roslaunch][INFO] 2025-11-09 13:58:20,802: ... preparing to launch node of type [pal_pcl_points_throttle_and_filter/throttle_filtering_points]
[roslaunch][INFO] 2025-11-09 13:58:20,802: create_node_process: package[pal_pcl_points_throttle_and_filter] type[throttle_filtering_points] machine[Machine(name[] env_loader[None] address[localhost] ssh_port[22] user[None] assignable[True] timeout[10.0])] master_uri[http://localhost:11311/]
[roslaunch][INFO] 2025-11-09 13:58:20,803: process[throttle_filtering_points-21]: env[{'ROS_VERSION': '1', 'DISABLE_ROS1_EOL_WARNINGS': '1', 'PKG_CONFIG_PATH': '/opt/pal/gallium/lib/pkgconfig:/opt/pal/gallium/lib/x86_64-linux-gnu/pkgconfig:/opt/ros/noetic/lib/pkgconfig:/opt/ros/noetic/lib/x86_64-linux-gnu/pkgconfig', 'ROS_PYTHON_VERSION': '3', 'HOSTNAME': 'epan-tiago-noetic-ssh', 'VISP_WS': '/home/pal/visp-ws', 'ROS_PACKAGE_PATH': '/home/pal/ros_ws/src:/opt/pal/gallium/share:/opt/ros/noetic/share', 'ROSLISP_PACKAGE_DIRECTORIES': '/home/pal/ros_ws/devel/share/common-lisp', 'PWD': '/home/pal/ros_ws/src', 'XAUTHORITY': '', 'TZ': 'Europe/Paris', 'ROS_IP': '127.0.0.1', 'HOME': '/home/pal', 'ROS_ETC_DIR': '/opt/ros/noetic/etc/ros', 'LS_COLORS': 'rs=0:di=01;34:ln=01;36:mh=00:pi=40;33:so=01;35:do=01;35:bd=40;33;01:cd=40;33;01:or=40;31;01:mi=00:su=37;41:sg=30;43:ca=30;41:tw=30;42:ow=34;42:st=37;44:ex=01;32:*.tar=01;31:*.tgz=01;31:*.arc=01;31:*.arj=01;31:*.taz=01;31:*.lha=01;31:*.lz4=01;31:*.lzh=01;31:*.lzma=01;31:*.tlz=01;31:*.txz=01;31:*.tzo=01;31:*.t7z=01;31:*.zip=01;31:*.z=01;31:*.dz=01;31:*.gz=01;31:*.lrz=01;31:*.lz=01;31:*.lzo=01;31:*.xz=01;31:*.zst=01;31:*.tzst=01;31:*.bz2=01;31:*.bz=01;31:*.tbz=01;31:*.tbz2=01;31:*.tz=01;31:*.deb=01;31:*.rpm=01;31:*.jar=01;31:*.war=01;31:*.ear=01;31:*.sar=01;31:*.rar=01;31:*.alz=01;31:*.ace=01;31:*.zoo=01;31:*.cpio=01;31:*.7z=01;31:*.rz=01;31:*.cab=01;31:*.wim=01;31:*.swm=01;31:*.dwm=01;31:*.esd=01;31:*.jpg=01;35:*.jpeg=01;35:*.mjpg=01;35:*.mjpeg=01;35:*.gif=01;35:*.bmp=01;35:*.pbm=01;35:*.pgm=01;35:*.ppm=01;35:*.tga=01;35:*.xbm=01;35:*.xpm=01;35:*.tif=01;35:*.tiff=01;35:*.png=01;35:*.svg=01;35:*.svgz=01;35:*.mng=01;35:*.pcx=01;35:*.mov=01;35:*.mpg=01;35:*.mpeg=01;35:*.m2v=01;35:*.mkv=01;35:*.webm=01;35:*.ogm=01;35:*.mp4=01;35:*.m4v=01;35:*.mp4v=01;35:*.vob=01;35:*.qt=01;35:*.nuv=01;35:*.wmv=01;35:*.asf=01;35:*.rm=01;35:*.rmvb=01;35:*.flc=01;35:*.avi=01;35:*.fli=01;35:*.flv=01;35:*.gl=01;35:*.dl=01;35:*.xcf=01;35:*.xwd=01;35:*.yuv=01;35:*.cgm=01;35:*.emf=01;35:*.ogv=01;35:*.ogx=01;35:*.aac=00;36:*.au=00;36:*.flac=00;36:*.m4a=00;36:*.mid=00;36:*.midi=00;36:*.mka=00;36:*.mp3=00;36:*.mpc=00;36:*.ogg=00;36:*.ra=00;36:*.wav=00;36:*.oga=00;36:*.opus=00;36:*.spx=00;36:*.xspf=00;36:', 'OROCOS_TARGET': 'gnulinux', 'CMAKE_PREFIX_PATH': '/home/pal/ros_ws/devel:/opt/pal/gallium:/opt/ros/noetic', 'GAZEBO_RESOURCE_PATH': '/home/pal/ros_ws/src/va50:', 'ROS_WORKSPACE': '/home/pal/ros_ws', 'LESSCLOSE': '/usr/bin/lesspipe %s %s', 'PYTHONPATH': '/opt/pal/gallium/lib/python3/dist-packages:/opt/ros/noetic/lib/python3/dist-packages', 'TERM': 'xterm', 'VISP_INPUT_IMAGE_PATH': '/home/pal/visp-ws/visp-images', 'LESSOPEN': '| /usr/bin/lesspipe %s', 'USER': 'pal', 'RTT_COMPONENT_PATH': '/opt/pal/gallium/lib/orocos', 'DISPLAY': ':1', 'SHLVL': '1', 'PAL_DISTRO': 'gallium', 'ROS_MASTER_URI': 'http://localhost:11311/', 'LD_LIBRARY_PATH': '/home/pal/ros_ws/devel/lib:/opt/pal/gallium/lib:/opt/pal/gallium/lib/x86_64-linux-gnu:/opt/ros/noetic/lib:/opt/ros/noetic/lib/x86_64-linux-gnu:/usr/local/lib', 'GAZEBO_MODEL_PATH': '/home/pal/ros_ws/src/va50/models:', 'PATH': '/opt/pal/gallium/bin:/opt/ros/noetic/bin:/opt/pal/gallium/lib/pal_debian_utils/:/usr/local/sbin:/usr/local/bin:/usr/sbin:/usr/bin:/sbin:/bin', 'LUA_PATH': ';;/opt/pal/gallium/share/lua/5.1/?.lua;/opt/pal/gallium/share/lua/5.1/?.lua;/opt/pal/gallium/share/lua/5.1/?.lua', 'DEBIAN_FRONTEND': 'noninteractive', 'ROS_ROOT': '/opt/ros/noetic/share/ros', 'ROS_DISTRO': 'noetic', 'QT_X11_NO_MITSHM': '1', '_': '/opt/ros/noetic/bin/roslaunch', 'OLDPWD': '/home/pal/ros_ws', 'LC_CTYPE': 'C.UTF-8', 'ROS_LOG_FILENAME': '/home/pal/.ros/log/c3515b42-bd6b-11f0-8b0c-0028f8234b19/roslaunch-epan-tiago-noetic-ssh-1958.log', 'LC_NUMERIC': 'C'}]
[roslaunch][INFO] 2025-11-09 13:58:20,807: process[throttle_filtering_points-21]: args[['/opt/pal/gallium/lib/pal_pcl_points_throttle_and_filter/throttle_filtering_points', 'cloud:=/xtion/depth_registered/points', '__name:=throttle_filtering_points']]
[roslaunch][INFO] 2025-11-09 13:58:20,808: ... created process [throttle_filtering_points-21]
[roslaunch.pmon][INFO] 2025-11-09 13:58:20,808: ProcessMonitor.register[throttle_filtering_points-21]
[roslaunch.pmon][INFO] 2025-11-09 13:58:20,808: ProcessMonitor.register[throttle_filtering_points-21] complete
[roslaunch][INFO] 2025-11-09 13:58:20,808: ... registered process [throttle_filtering_points-21]
[roslaunch][INFO] 2025-11-09 13:58:20,808: process[throttle_filtering_points-21]: starting os process
[roslaunch][INFO] 2025-11-09 13:58:20,808: process[throttle_filtering_points-21]: start w/ args [['/opt/pal/gallium/lib/pal_pcl_points_throttle_and_filter/throttle_filtering_points', 'cloud:=/xtion/depth_registered/points', '__name:=throttle_filtering_points', '__log:=/home/pal/.ros/log/c3515b42-bd6b-11f0-8b0c-0028f8234b19/throttle_filtering_points-21.log']]
[roslaunch][INFO] 2025-11-09 13:58:20,808: process[throttle_filtering_points-21]: cwd will be [/home/pal/.ros]
[roslaunch][INFO] 2025-11-09 13:58:20,832: process[throttle_filtering_points-21]: started with pid [2094]
[roslaunch][INFO] 2025-11-09 13:58:20,832: ... successfully launched [throttle_filtering_points-21]
[roslaunch][INFO] 2025-11-09 13:58:20,833: ... preparing to launch node of type [tiago_gazebo/tuck_arm.py]
[roslaunch][INFO] 2025-11-09 13:58:20,833: create_node_process: package[tiago_gazebo] type[tuck_arm.py] machine[Machine(name[] env_loader[None] address[localhost] ssh_port[22] user[None] assignable[True] timeout[10.0])] master_uri[http://localhost:11311/]
[roslaunch][INFO] 2025-11-09 13:58:20,834: process[tuck_arm-22]: env[{'ROS_VERSION': '1', 'DISABLE_ROS1_EOL_WARNINGS': '1', 'PKG_CONFIG_PATH': '/opt/pal/gallium/lib/pkgconfig:/opt/pal/gallium/lib/x86_64-linux-gnu/pkgconfig:/opt/ros/noetic/lib/pkgconfig:/opt/ros/noetic/lib/x86_64-linux-gnu/pkgconfig', 'ROS_PYTHON_VERSION': '3', 'HOSTNAME': 'epan-tiago-noetic-ssh', 'VISP_WS': '/home/pal/visp-ws', 'ROS_PACKAGE_PATH': '/home/pal/ros_ws/src:/opt/pal/gallium/share:/opt/ros/noetic/share', 'ROSLISP_PACKAGE_DIRECTORIES': '/home/pal/ros_ws/devel/share/common-lisp', 'PWD': '/home/pal/ros_ws/src', 'XAUTHORITY': '', 'TZ': 'Europe/Paris', 'ROS_IP': '127.0.0.1', 'HOME': '/home/pal', 'ROS_ETC_DIR': '/opt/ros/noetic/etc/ros', 'LS_COLORS': 'rs=0:di=01;34:ln=01;36:mh=00:pi=40;33:so=01;35:do=01;35:bd=40;33;01:cd=40;33;01:or=40;31;01:mi=00:su=37;41:sg=30;43:ca=30;41:tw=30;42:ow=34;42:st=37;44:ex=01;32:*.tar=01;31:*.tgz=01;31:*.arc=01;31:*.arj=01;31:*.taz=01;31:*.lha=01;31:*.lz4=01;31:*.lzh=01;31:*.lzma=01;31:*.tlz=01;31:*.txz=01;31:*.tzo=01;31:*.t7z=01;31:*.zip=01;31:*.z=01;31:*.dz=01;31:*.gz=01;31:*.lrz=01;31:*.lz=01;31:*.lzo=01;31:*.xz=01;31:*.zst=01;31:*.tzst=01;31:*.bz2=01;31:*.bz=01;31:*.tbz=01;31:*.tbz2=01;31:*.tz=01;31:*.deb=01;31:*.rpm=01;31:*.jar=01;31:*.war=01;31:*.ear=01;31:*.sar=01;31:*.rar=01;31:*.alz=01;31:*.ace=01;31:*.zoo=01;31:*.cpio=01;31:*.7z=01;31:*.rz=01;31:*.cab=01;31:*.wim=01;31:*.swm=01;31:*.dwm=01;31:*.esd=01;31:*.jpg=01;35:*.jpeg=01;35:*.mjpg=01;35:*.mjpeg=01;35:*.gif=01;35:*.bmp=01;35:*.pbm=01;35:*.pgm=01;35:*.ppm=01;35:*.tga=01;35:*.xbm=01;35:*.xpm=01;35:*.tif=01;35:*.tiff=01;35:*.png=01;35:*.svg=01;35:*.svgz=01;35:*.mng=01;35:*.pcx=01;35:*.mov=01;35:*.mpg=01;35:*.mpeg=01;35:*.m2v=01;35:*.mkv=01;35:*.webm=01;35:*.ogm=01;35:*.mp4=01;35:*.m4v=01;35:*.mp4v=01;35:*.vob=01;35:*.qt=01;35:*.nuv=01;35:*.wmv=01;35:*.asf=01;35:*.rm=01;35:*.rmvb=01;35:*.flc=01;35:*.avi=01;35:*.fli=01;35:*.flv=01;35:*.gl=01;35:*.dl=01;35:*.xcf=01;35:*.xwd=01;35:*.yuv=01;35:*.cgm=01;35:*.emf=01;35:*.ogv=01;35:*.ogx=01;35:*.aac=00;36:*.au=00;36:*.flac=00;36:*.m4a=00;36:*.mid=00;36:*.midi=00;36:*.mka=00;36:*.mp3=00;36:*.mpc=00;36:*.ogg=00;36:*.ra=00;36:*.wav=00;36:*.oga=00;36:*.opus=00;36:*.spx=00;36:*.xspf=00;36:', 'OROCOS_TARGET': 'gnulinux', 'CMAKE_PREFIX_PATH': '/home/pal/ros_ws/devel:/opt/pal/gallium:/opt/ros/noetic', 'GAZEBO_RESOURCE_PATH': '/home/pal/ros_ws/src/va50:', 'ROS_WORKSPACE': '/home/pal/ros_ws', 'LESSCLOSE': '/usr/bin/lesspipe %s %s', 'PYTHONPATH': '/opt/pal/gallium/lib/python3/dist-packages:/opt/ros/noetic/lib/python3/dist-packages', 'TERM': 'xterm', 'VISP_INPUT_IMAGE_PATH': '/home/pal/visp-ws/visp-images', 'LESSOPEN': '| /usr/bin/lesspipe %s', 'USER': 'pal', 'RTT_COMPONENT_PATH': '/opt/pal/gallium/lib/orocos', 'DISPLAY': ':1', 'SHLVL': '1', 'PAL_DISTRO': 'gallium', 'ROS_MASTER_URI': 'http://localhost:11311/', 'LD_LIBRARY_PATH': '/home/pal/ros_ws/devel/lib:/opt/pal/gallium/lib:/opt/pal/gallium/lib/x86_64-linux-gnu:/opt/ros/noetic/lib:/opt/ros/noetic/lib/x86_64-linux-gnu:/usr/local/lib', 'GAZEBO_MODEL_PATH': '/home/pal/ros_ws/src/va50/models:', 'PATH': '/opt/pal/gallium/bin:/opt/ros/noetic/bin:/opt/pal/gallium/lib/pal_debian_utils/:/usr/local/sbin:/usr/local/bin:/usr/sbin:/usr/bin:/sbin:/bin', 'LUA_PATH': ';;/opt/pal/gallium/share/lua/5.1/?.lua;/opt/pal/gallium/share/lua/5.1/?.lua;/opt/pal/gallium/share/lua/5.1/?.lua', 'DEBIAN_FRONTEND': 'noninteractive', 'ROS_ROOT': '/opt/ros/noetic/share/ros', 'ROS_DISTRO': 'noetic', 'QT_X11_NO_MITSHM': '1', '_': '/opt/ros/noetic/bin/roslaunch', 'OLDPWD': '/home/pal/ros_ws', 'LC_CTYPE': 'C.UTF-8', 'ROS_LOG_FILENAME': '/home/pal/.ros/log/c3515b42-bd6b-11f0-8b0c-0028f8234b19/roslaunch-epan-tiago-noetic-ssh-1958.log', 'LC_NUMERIC': 'C'}]
[roslaunch][INFO] 2025-11-09 13:58:20,851: process[tuck_arm-22]: args[['/opt/pal/gallium/lib/tiago_gazebo/tuck_arm.py', '__name:=tuck_arm']]
[roslaunch][INFO] 2025-11-09 13:58:20,852: ... created process [tuck_arm-22]
[roslaunch.pmon][INFO] 2025-11-09 13:58:20,852: ProcessMonitor.register[tuck_arm-22]
[roslaunch.pmon][INFO] 2025-11-09 13:58:20,852: ProcessMonitor.register[tuck_arm-22] complete
[roslaunch][INFO] 2025-11-09 13:58:20,852: ... registered process [tuck_arm-22]
[roslaunch][INFO] 2025-11-09 13:58:20,852: process[tuck_arm-22]: starting os process
[roslaunch][INFO] 2025-11-09 13:58:20,853: process[tuck_arm-22]: start w/ args [['/opt/pal/gallium/lib/tiago_gazebo/tuck_arm.py', '__name:=tuck_arm', '__log:=/home/pal/.ros/log/c3515b42-bd6b-11f0-8b0c-0028f8234b19/tuck_arm-22.log']]
[roslaunch][INFO] 2025-11-09 13:58:20,853: process[tuck_arm-22]: cwd will be [/home/pal/.ros]
[roslaunch][INFO] 2025-11-09 13:58:20,869: process[tuck_arm-22]: started with pid [2105]
[roslaunch][INFO] 2025-11-09 13:58:20,871: ... successfully launched [tuck_arm-22]
[roslaunch][INFO] 2025-11-09 13:58:20,872: ... preparing to launch node of type [image_proc/image_proc]
[roslaunch][INFO] 2025-11-09 13:58:20,872: create_node_process: package[image_proc] type[image_proc] machine[Machine(name[] env_loader[None] address[localhost] ssh_port[22] user[None] assignable[True] timeout[10.0])] master_uri[http://localhost:11311/]
[roslaunch][INFO] 2025-11-09 13:58:20,873: process[xtion/rgb/image_proc-23]: env[{'ROS_VERSION': '1', 'DISABLE_ROS1_EOL_WARNINGS': '1', 'PKG_CONFIG_PATH': '/opt/pal/gallium/lib/pkgconfig:/opt/pal/gallium/lib/x86_64-linux-gnu/pkgconfig:/opt/ros/noetic/lib/pkgconfig:/opt/ros/noetic/lib/x86_64-linux-gnu/pkgconfig', 'ROS_PYTHON_VERSION': '3', 'HOSTNAME': 'epan-tiago-noetic-ssh', 'VISP_WS': '/home/pal/visp-ws', 'ROS_PACKAGE_PATH': '/home/pal/ros_ws/src:/opt/pal/gallium/share:/opt/ros/noetic/share', 'ROSLISP_PACKAGE_DIRECTORIES': '/home/pal/ros_ws/devel/share/common-lisp', 'PWD': '/home/pal/ros_ws/src', 'XAUTHORITY': '', 'TZ': 'Europe/Paris', 'ROS_IP': '127.0.0.1', 'HOME': '/home/pal', 'ROS_ETC_DIR': '/opt/ros/noetic/etc/ros', 'LS_COLORS': 'rs=0:di=01;34:ln=01;36:mh=00:pi=40;33:so=01;35:do=01;35:bd=40;33;01:cd=40;33;01:or=40;31;01:mi=00:su=37;41:sg=30;43:ca=30;41:tw=30;42:ow=34;42:st=37;44:ex=01;32:*.tar=01;31:*.tgz=01;31:*.arc=01;31:*.arj=01;31:*.taz=01;31:*.lha=01;31:*.lz4=01;31:*.lzh=01;31:*.lzma=01;31:*.tlz=01;31:*.txz=01;31:*.tzo=01;31:*.t7z=01;31:*.zip=01;31:*.z=01;31:*.dz=01;31:*.gz=01;31:*.lrz=01;31:*.lz=01;31:*.lzo=01;31:*.xz=01;31:*.zst=01;31:*.tzst=01;31:*.bz2=01;31:*.bz=01;31:*.tbz=01;31:*.tbz2=01;31:*.tz=01;31:*.deb=01;31:*.rpm=01;31:*.jar=01;31:*.war=01;31:*.ear=01;31:*.sar=01;31:*.rar=01;31:*.alz=01;31:*.ace=01;31:*.zoo=01;31:*.cpio=01;31:*.7z=01;31:*.rz=01;31:*.cab=01;31:*.wim=01;31:*.swm=01;31:*.dwm=01;31:*.esd=01;31:*.jpg=01;35:*.jpeg=01;35:*.mjpg=01;35:*.mjpeg=01;35:*.gif=01;35:*.bmp=01;35:*.pbm=01;35:*.pgm=01;35:*.ppm=01;35:*.tga=01;35:*.xbm=01;35:*.xpm=01;35:*.tif=01;35:*.tiff=01;35:*.png=01;35:*.svg=01;35:*.svgz=01;35:*.mng=01;35:*.pcx=01;35:*.mov=01;35:*.mpg=01;35:*.mpeg=01;35:*.m2v=01;35:*.mkv=01;35:*.webm=01;35:*.ogm=01;35:*.mp4=01;35:*.m4v=01;35:*.mp4v=01;35:*.vob=01;35:*.qt=01;35:*.nuv=01;35:*.wmv=01;35:*.asf=01;35:*.rm=01;35:*.rmvb=01;35:*.flc=01;35:*.avi=01;35:*.fli=01;35:*.flv=01;35:*.gl=01;35:*.dl=01;35:*.xcf=01;35:*.xwd=01;35:*.yuv=01;35:*.cgm=01;35:*.emf=01;35:*.ogv=01;35:*.ogx=01;35:*.aac=00;36:*.au=00;36:*.flac=00;36:*.m4a=00;36:*.mid=00;36:*.midi=00;36:*.mka=00;36:*.mp3=00;36:*.mpc=00;36:*.ogg=00;36:*.ra=00;36:*.wav=00;36:*.oga=00;36:*.opus=00;36:*.spx=00;36:*.xspf=00;36:', 'OROCOS_TARGET': 'gnulinux', 'CMAKE_PREFIX_PATH': '/home/pal/ros_ws/devel:/opt/pal/gallium:/opt/ros/noetic', 'GAZEBO_RESOURCE_PATH': '/home/pal/ros_ws/src/va50:', 'ROS_WORKSPACE': '/home/pal/ros_ws', 'LESSCLOSE': '/usr/bin/lesspipe %s %s', 'PYTHONPATH': '/opt/pal/gallium/lib/python3/dist-packages:/opt/ros/noetic/lib/python3/dist-packages', 'TERM': 'xterm', 'VISP_INPUT_IMAGE_PATH': '/home/pal/visp-ws/visp-images', 'LESSOPEN': '| /usr/bin/lesspipe %s', 'USER': 'pal', 'RTT_COMPONENT_PATH': '/opt/pal/gallium/lib/orocos', 'DISPLAY': ':1', 'SHLVL': '1', 'PAL_DISTRO': 'gallium', 'ROS_MASTER_URI': 'http://localhost:11311/', 'LD_LIBRARY_PATH': '/home/pal/ros_ws/devel/lib:/opt/pal/gallium/lib:/opt/pal/gallium/lib/x86_64-linux-gnu:/opt/ros/noetic/lib:/opt/ros/noetic/lib/x86_64-linux-gnu:/usr/local/lib', 'GAZEBO_MODEL_PATH': '/home/pal/ros_ws/src/va50/models:', 'PATH': '/opt/pal/gallium/bin:/opt/ros/noetic/bin:/opt/pal/gallium/lib/pal_debian_utils/:/usr/local/sbin:/usr/local/bin:/usr/sbin:/usr/bin:/sbin:/bin', 'LUA_PATH': ';;/opt/pal/gallium/share/lua/5.1/?.lua;/opt/pal/gallium/share/lua/5.1/?.lua;/opt/pal/gallium/share/lua/5.1/?.lua', 'DEBIAN_FRONTEND': 'noninteractive', 'ROS_ROOT': '/opt/ros/noetic/share/ros', 'ROS_DISTRO': 'noetic', 'QT_X11_NO_MITSHM': '1', '_': '/opt/ros/noetic/bin/roslaunch', 'OLDPWD': '/home/pal/ros_ws', 'LC_CTYPE': 'C.UTF-8', 'ROS_LOG_FILENAME': '/home/pal/.ros/log/c3515b42-bd6b-11f0-8b0c-0028f8234b19/roslaunch-epan-tiago-noetic-ssh-1958.log', 'ROS_NAMESPACE': '/xtion/rgb', 'LC_NUMERIC': 'C'}]
[roslaunch][INFO] 2025-11-09 13:58:20,874: process[xtion/rgb/image_proc-23]: args[['/opt/ros/noetic/lib/image_proc/image_proc', '__name:=image_proc']]
[roslaunch][INFO] 2025-11-09 13:58:20,876: ... created process [xtion/rgb/image_proc-23]
[roslaunch.pmon][INFO] 2025-11-09 13:58:20,876: ProcessMonitor.register[xtion/rgb/image_proc-23]
[roslaunch.pmon][INFO] 2025-11-09 13:58:20,877: ProcessMonitor.register[xtion/rgb/image_proc-23] complete
[roslaunch][INFO] 2025-11-09 13:58:20,877: ... registered process [xtion/rgb/image_proc-23]
[roslaunch][INFO] 2025-11-09 13:58:20,877: process[xtion/rgb/image_proc-23]: starting os process
[roslaunch][INFO] 2025-11-09 13:58:20,877: process[xtion/rgb/image_proc-23]: start w/ args [['/opt/ros/noetic/lib/image_proc/image_proc', '__name:=image_proc', '__log:=/home/pal/.ros/log/c3515b42-bd6b-11f0-8b0c-0028f8234b19/xtion-rgb-image_proc-23.log']]
[roslaunch][INFO] 2025-11-09 13:58:20,877: process[xtion/rgb/image_proc-23]: cwd will be [/home/pal/.ros]
[roslaunch][INFO] 2025-11-09 13:58:20,888: process[xtion/rgb/image_proc-23]: started with pid [2107]
[roslaunch][INFO] 2025-11-09 13:58:20,888: ... successfully launched [xtion/rgb/image_proc-23]
[roslaunch][INFO] 2025-11-09 13:58:20,890: ... launch_nodes complete
[roslaunch.pmon][INFO] 2025-11-09 13:58:20,890: registrations completed <ProcessMonitor(ProcessMonitor-1, started daemon 132965165278976)>
[roslaunch.parent][INFO] 2025-11-09 13:58:20,891: ... roslaunch parent running, waiting for process exit
[roslaunch][INFO] 2025-11-09 13:58:20,891: spin
[roslaunch][INFO] 2025-11-09 13:58:24,197: [spawn_model-4] process has finished cleanly
log file: /home/pal/.ros/log/c3515b42-bd6b-11f0-8b0c-0028f8234b19/spawn_model-4*.log
[roslaunch.pmon][INFO] 2025-11-09 13:58:24,197: ProcessMonitor.unregister[spawn_model-4] starting
[roslaunch.pmon][INFO] 2025-11-09 13:58:24,197: ProcessMonitor.unregister[spawn_model-4] complete
[roslaunch][INFO] 2025-11-09 13:58:26,437: [home_gripper-10] process has finished cleanly
log file: /home/pal/.ros/log/c3515b42-bd6b-11f0-8b0c-0028f8234b19/home_gripper-10*.log
[roslaunch.pmon][INFO] 2025-11-09 13:58:26,437: ProcessMonitor.unregister[home_gripper-10] starting
[roslaunch.pmon][INFO] 2025-11-09 13:58:26,438: ProcessMonitor.unregister[home_gripper-10] complete
[roslaunch][INFO] 2025-11-09 13:59:12,228: [tuck_arm-22] process has finished cleanly
log file: /home/pal/.ros/log/c3515b42-bd6b-11f0-8b0c-0028f8234b19/tuck_arm-22*.log
[roslaunch.pmon][INFO] 2025-11-09 13:59:12,231: ProcessMonitor.unregister[tuck_arm-22] starting
[roslaunch.pmon][INFO] 2025-11-09 13:59:12,232: ProcessMonitor.unregister[tuck_arm-22] complete
[roslaunch][INFO] 2025-11-09 14:38:26,716: [gazebo_gui-3] process has finished cleanly
log file: /home/pal/.ros/log/c3515b42-bd6b-11f0-8b0c-0028f8234b19/gazebo_gui-3*.log
[roslaunch][INFO] 2025-11-09 14:38:26,716: [default_controllers_spawner-5] process has finished cleanly
log file: /home/pal/.ros/log/c3515b42-bd6b-11f0-8b0c-0028f8234b19/default_controllers_spawner-5*.log
[roslaunch][INFO] 2025-11-09 14:38:26,717: [head_controller/point_head_action-6] process has finished cleanly
log file: /home/pal/.ros/log/c3515b42-bd6b-11f0-8b0c-0028f8234b19/head_controller-point_head_action-6*.log
[roslaunch][INFO] 2025-11-09 14:38:26,717: [bringup_controllers_spawner_imu-7] process has finished cleanly
log file: /home/pal/.ros/log/c3515b42-bd6b-11f0-8b0c-0028f8234b19/bringup_controllers_spawner_imu-7*.log
[roslaunch][INFO] 2025-11-09 14:38:26,717: [bringup_controllers_spawner_ft-8] process has finished cleanly
log file: /home/pal/.ros/log/c3515b42-bd6b-11f0-8b0c-0028f8234b19/bringup_controllers_spawner_ft-8*.log
[roslaunch][INFO] 2025-11-09 14:38:26,717: [gripper_controllers_spawner-9] process has finished cleanly
log file: /home/pal/.ros/log/c3515b42-bd6b-11f0-8b0c-0028f8234b19/gripper_controllers_spawner-9*.log
[roslaunch][INFO] 2025-11-09 14:38:26,717: [play_motion-11] process has finished cleanly
log file: /home/pal/.ros/log/c3515b42-bd6b-11f0-8b0c-0028f8234b19/play_motion-11*.log
[roslaunch][INFO] 2025-11-09 14:38:26,717: [is_already_there-12] process has finished cleanly
log file: /home/pal/.ros/log/c3515b42-bd6b-11f0-8b0c-0028f8234b19/is_already_there-12*.log
[roslaunch][INFO] 2025-11-09 14:38:26,718: [move_group-13] process has finished cleanly
log file: /home/pal/.ros/log/c3515b42-bd6b-11f0-8b0c-0028f8234b19/move_group-13*.log
[roslaunch][INFO] 2025-11-09 14:38:26,718: [robot_state_publisher-14] process has finished cleanly
log file: /home/pal/.ros/log/c3515b42-bd6b-11f0-8b0c-0028f8234b19/robot_state_publisher-14*.log
[roslaunch][INFO] 2025-11-09 14:38:26,718: [tf_lookup-15] process has finished cleanly
log file: /home/pal/.ros/log/c3515b42-bd6b-11f0-8b0c-0028f8234b19/tf_lookup-15*.log
[roslaunch][INFO] 2025-11-09 14:38:26,718: [twist_mux-16] process has finished cleanly
log file: /home/pal/.ros/log/c3515b42-bd6b-11f0-8b0c-0028f8234b19/twist_mux-16*.log
[roslaunch][INFO] 2025-11-09 14:38:26,718: [twist_marker-17] process has finished cleanly
log file: /home/pal/.ros/log/c3515b42-bd6b-11f0-8b0c-0028f8234b19/twist_marker-17*.log
[roslaunch][INFO] 2025-11-09 14:38:26,719: [joystick_relay-18] process has finished cleanly
log file: /home/pal/.ros/log/c3515b42-bd6b-11f0-8b0c-0028f8234b19/joystick_relay-18*.log
[roslaunch][ERROR] 2025-11-09 14:38:26,719: [dynamic_footprint_publisher-19] process has died [pid 2076, exit code 1, cmd /opt/pal/gallium/lib/dynamic_footprint/dynamic_footprint_publisher.py __name:=dynamic_footprint_publisher __log:=/home/pal/.ros/log/c3515b42-bd6b-11f0-8b0c-0028f8234b19/dynamic_footprint_publisher-19.log].
log file: /home/pal/.ros/log/c3515b42-bd6b-11f0-8b0c-0028f8234b19/dynamic_footprint_publisher-19*.log
[roslaunch][INFO] 2025-11-09 14:38:26,719: [image_raw_to_rect_color_relay-20] process has finished cleanly
log file: /home/pal/.ros/log/c3515b42-bd6b-11f0-8b0c-0028f8234b19/image_raw_to_rect_color_relay-20*.log
[roslaunch][INFO] 2025-11-09 14:38:26,719: [throttle_filtering_points-21] process has finished cleanly
log file: /home/pal/.ros/log/c3515b42-bd6b-11f0-8b0c-0028f8234b19/throttle_filtering_points-21*.log
[roslaunch][INFO] 2025-11-09 14:38:26,719: [xtion/rgb/image_proc-23] process has finished cleanly
log file: /home/pal/.ros/log/c3515b42-bd6b-11f0-8b0c-0028f8234b19/xtion-rgb-image_proc-23*.log
[roslaunch.pmon][INFO] 2025-11-09 14:38:26,719: ProcessMonitor.unregister[gazebo_gui-3] starting
[roslaunch.pmon][INFO] 2025-11-09 14:38:26,720: ProcessMonitor.unregister[gazebo_gui-3] complete
[roslaunch.pmon][INFO] 2025-11-09 14:38:26,720: ProcessMonitor.unregister[default_controllers_spawner-5] starting
[roslaunch.pmon][INFO] 2025-11-09 14:38:26,720: ProcessMonitor.unregister[default_controllers_spawner-5] complete
[roslaunch.pmon][INFO] 2025-11-09 14:38:26,720: ProcessMonitor.unregister[head_controller/point_head_action-6] starting
[roslaunch.pmon][INFO] 2025-11-09 14:38:26,720: ProcessMonitor.unregister[head_controller/point_head_action-6] complete
[roslaunch.pmon][INFO] 2025-11-09 14:38:26,720: ProcessMonitor.unregister[bringup_controllers_spawner_imu-7] starting
[roslaunch.pmon][INFO] 2025-11-09 14:38:26,720: ProcessMonitor.unregister[bringup_controllers_spawner_imu-7] complete
[roslaunch.pmon][INFO] 2025-11-09 14:38:26,720: ProcessMonitor.unregister[bringup_controllers_spawner_ft-8] starting
[roslaunch.pmon][INFO] 2025-11-09 14:38:26,720: ProcessMonitor.unregister[bringup_controllers_spawner_ft-8] complete
[roslaunch.pmon][INFO] 2025-11-09 14:38:26,720: ProcessMonitor.unregister[gripper_controllers_spawner-9] starting
[roslaunch.pmon][INFO] 2025-11-09 14:38:26,721: ProcessMonitor.unregister[gripper_controllers_spawner-9] complete
[roslaunch.pmon][INFO] 2025-11-09 14:38:26,721: ProcessMonitor.unregister[play_motion-11] starting
[roslaunch.pmon][INFO] 2025-11-09 14:38:26,721: ProcessMonitor.unregister[play_motion-11] complete
[roslaunch.pmon][INFO] 2025-11-09 14:38:26,721: ProcessMonitor.unregister[is_already_there-12] starting
[roslaunch.pmon][INFO] 2025-11-09 14:38:26,721: ProcessMonitor.unregister[is_already_there-12] complete
[roslaunch.pmon][INFO] 2025-11-09 14:38:26,721: ProcessMonitor.unregister[move_group-13] starting
[roslaunch.pmon][INFO] 2025-11-09 14:38:26,721: ProcessMonitor.unregister[move_group-13] complete
[roslaunch.pmon][INFO] 2025-11-09 14:38:26,721: ProcessMonitor.unregister[robot_state_publisher-14] starting
[roslaunch.pmon][INFO] 2025-11-09 14:38:26,721: ProcessMonitor.unregister[robot_state_publisher-14] complete
[roslaunch.pmon][INFO] 2025-11-09 14:38:26,721: ProcessMonitor.unregister[tf_lookup-15] starting
[roslaunch.pmon][INFO] 2025-11-09 14:38:26,722: ProcessMonitor.unregister[tf_lookup-15] complete
[roslaunch.pmon][INFO] 2025-11-09 14:38:26,722: ProcessMonitor.unregister[twist_mux-16] starting
[roslaunch.pmon][INFO] 2025-11-09 14:38:26,722: ProcessMonitor.unregister[twist_mux-16] complete
[roslaunch.pmon][INFO] 2025-11-09 14:38:26,722: ProcessMonitor.unregister[twist_marker-17] starting
[roslaunch.pmon][INFO] 2025-11-09 14:38:26,722: ProcessMonitor.unregister[twist_marker-17] complete
[roslaunch.pmon][INFO] 2025-11-09 14:38:26,722: ProcessMonitor.unregister[joystick_relay-18] starting
[roslaunch.pmon][INFO] 2025-11-09 14:38:26,722: ProcessMonitor.unregister[joystick_relay-18] complete
[roslaunch.pmon][INFO] 2025-11-09 14:38:26,722: ProcessMonitor.unregister[dynamic_footprint_publisher-19] starting
[roslaunch.pmon][INFO] 2025-11-09 14:38:26,722: ProcessMonitor.unregister[dynamic_footprint_publisher-19] complete
[roslaunch.pmon][INFO] 2025-11-09 14:38:26,723: ProcessMonitor.unregister[image_raw_to_rect_color_relay-20] starting
[roslaunch.pmon][INFO] 2025-11-09 14:38:26,723: ProcessMonitor.unregister[image_raw_to_rect_color_relay-20] complete
[roslaunch.pmon][INFO] 2025-11-09 14:38:26,723: ProcessMonitor.unregister[throttle_filtering_points-21] starting
[roslaunch.pmon][INFO] 2025-11-09 14:38:26,723: ProcessMonitor.unregister[throttle_filtering_points-21] complete
[roslaunch.pmon][INFO] 2025-11-09 14:38:26,723: ProcessMonitor.unregister[xtion/rgb/image_proc-23] starting
[roslaunch.pmon][INFO] 2025-11-09 14:38:26,723: ProcessMonitor.unregister[xtion/rgb/image_proc-23] complete
[roslaunch.pmon][INFO] 2025-11-09 14:38:26,785: ProcessMonitor.shutdown <ProcessMonitor(ProcessMonitor-1, started daemon 132965165278976)>
[roslaunch.pmon][INFO] 2025-11-09 14:38:26,823: ProcessMonitor._post_run <ProcessMonitor(ProcessMonitor-1, started daemon 132965165278976)>
[roslaunch.pmon][INFO] 2025-11-09 14:38:26,823: ProcessMonitor._post_run <ProcessMonitor(ProcessMonitor-1, started daemon 132965165278976)>: remaining procs are [<roslaunch.nodeprocess.LocalProcess object at 0x78ee5d7e07f0>, <roslaunch.nodeprocess.LocalProcess object at 0x78ee5d7e09d0>, <roslaunch.nodeprocess.LocalProcess object at 0x78ee5d7e0a60>]
[roslaunch.pmon][INFO] 2025-11-09 14:38:26,824: ProcessMonitor exit: killing gazebo-2
[roslaunch][INFO] 2025-11-09 14:38:26,824: [gazebo-2] killing on exit
[roslaunch][INFO] 2025-11-09 14:38:26,824: process[gazebo-2]: killing os process with pid[1995] pgid[1995]
[roslaunch][INFO] 2025-11-09 14:38:26,825: [gazebo-2] sending SIGINT to pgid [1995]
[roslaunch][INFO] 2025-11-09 14:38:26,825: [gazebo-2] sent SIGINT to pgid [1995]
[roslaunch][INFO] 2025-11-09 14:38:27,226: process[gazebo-2]: SIGINT killed with return value -2
[roslaunch.pmon][INFO] 2025-11-09 14:38:27,226: ProcessMonitor exit: killing rosout-1
[roslaunch][INFO] 2025-11-09 14:38:27,226: [rosout-1] killing on exit
[roslaunch][INFO] 2025-11-09 14:38:27,226: process[rosout-1]: killing os process with pid[1988] pgid[1988]
[roslaunch][INFO] 2025-11-09 14:38:27,226: [rosout-1] sending SIGINT to pgid [1988]
[roslaunch][INFO] 2025-11-09 14:38:27,226: [rosout-1] sent SIGINT to pgid [1988]
[roslaunch][INFO] 2025-11-09 14:38:27,427: process[rosout-1]: SIGINT killed with return value 0
[roslaunch.pmon][INFO] 2025-11-09 14:38:27,427: ProcessMonitor exit: killing master
[roslaunch][INFO] 2025-11-09 14:38:27,427: [master] killing on exit
[roslaunch][INFO] 2025-11-09 14:38:27,427: process[master]: killing os process with pid[1978] pgid[1978]
[roslaunch][INFO] 2025-11-09 14:38:27,427: [master] sending SIGINT to pgid [1978]
[roslaunch][INFO] 2025-11-09 14:38:27,427: [master] sent SIGINT to pgid [1978]
[roslaunch][INFO] 2025-11-09 14:38:27,628: process[master]: SIGINT killed with return value 0
[roslaunch.pmon][INFO] 2025-11-09 14:38:27,628: ProcessMonitor exit: cleaning up data structures and signals
[roslaunch.pmon][INFO] 2025-11-09 14:38:27,628: ProcessMonitor exit: pmon has shutdown
[roslaunch][INFO] 2025-11-09 14:38:27,628: process monitor is done spinning, initiating full shutdown
[roslaunch][INFO] 2025-11-09 14:38:27,628: runner.stop()
[roslaunch][INFO] 2025-11-09 14:38:27,628: shutting down processing monitor...
[roslaunch][INFO] 2025-11-09 14:38:27,629: shutting down processing monitor <ProcessMonitor(ProcessMonitor-1, stopped daemon 132965165278976)>
[roslaunch.pmon][INFO] 2025-11-09 14:38:27,629: ProcessMonitor.shutdown <ProcessMonitor(ProcessMonitor-1, stopped daemon 132965165278976)>
[roslaunch][INFO] 2025-11-09 14:38:27,629: ... shutting down processing monitor complete
[roslaunch][INFO] 2025-11-09 14:38:27,629: done
[roslaunch.pmon][INFO] 2025-11-09 14:38:27,629: ProcessMonitor.shutdown <ProcessMonitor(ProcessMonitor-1, stopped daemon 132965165278976)>
[rospy.core][INFO] 2025-11-09 14:38:27,629: signal_shutdown [atexit]
