[rosmaster.main][INFO] 2025-11-18 22:07:36,150: initialization complete, waiting for shutdown
[rosmaster.main][INFO] 2025-11-18 22:07:36,151: Starting ROS Master Node
[xmlrpc][INFO] 2025-11-18 22:07:36,151: XML-RPC server binding to 127.0.0.1:11311
[xmlrpc][INFO] 2025-11-18 22:07:36,152: Started XML-RPC server [http://127.0.0.1:11311/]
[rosmaster.master][INFO] 2025-11-18 22:07:36,152: Master initialized: port[11311], uri[http://127.0.0.1:11311/]
[xmlrpc][INFO] 2025-11-18 22:07:36,152: xml rpc node: starting XML-RPC server
[rosmaster.master][INFO] 2025-11-18 22:07:36,157: +PARAM [/run_id] by /roslaunch
[rosmaster.master][INFO] 2025-11-18 22:07:36,158: +PARAM [/roslaunch/uris/host_127_0_0_1__39277] by /roslaunch
[rosmaster.master][INFO] 2025-11-18 22:07:36,283: +PARAM [/rosversion] by /roslaunch
[rosmaster.master][INFO] 2025-11-18 22:07:36,283: +PARAM [/rosdistro] by /roslaunch
[rosmaster.master][INFO] 2025-11-18 22:07:36,283: +PARAM [/use_sim_time] by /roslaunch
[rosmaster.master][INFO] 2025-11-18 22:07:36,283: +PARAM [/pal_robot_info/type] by /roslaunch
[rosmaster.master][INFO] 2025-11-18 22:07:36,283: +PARAM [/pal_robot_info/end_effector] by /roslaunch
[rosmaster.master][INFO] 2025-11-18 22:07:36,283: +PARAM [/pal_robot_info/ft_sensor] by /roslaunch
[rosmaster.master][INFO] 2025-11-18 22:07:36,283: +PARAM [/pal_robot_info/laser_model] by /roslaunch
[rosmaster.master][INFO] 2025-11-18 22:07:36,283: +PARAM [/pal_robot_info/camera_model] by /roslaunch
[rosmaster.master][INFO] 2025-11-18 22:07:36,284: +SERVICE [/rosout/get_loggers] /rosout http://127.0.0.1:33309/
[rosmaster.master][INFO] 2025-11-18 22:07:36,284: +PARAM [/pal_robot_info/base_type] by /roslaunch
[rosmaster.master][INFO] 2025-11-18 22:07:36,284: +PARAM [/pal_robot_info/arm] by /roslaunch
[rosmaster.master][INFO] 2025-11-18 22:07:36,284: +SERVICE [/rosout/set_logger_level] /rosout http://127.0.0.1:33309/
[rosmaster.master][INFO] 2025-11-18 22:07:36,284: +PARAM [/gains/suspension_left_joint/p] by /roslaunch
[rosmaster.master][INFO] 2025-11-18 22:07:36,284: +PARAM [/gains/suspension_left_joint/d] by /roslaunch
[rosmaster.master][INFO] 2025-11-18 22:07:36,285: +PARAM [/gains/suspension_left_joint/i] by /roslaunch
[rosmaster.master][INFO] 2025-11-18 22:07:36,285: +PARAM [/gains/suspension_left_joint/i_clamp] by /roslaunch
[rosmaster.master][INFO] 2025-11-18 22:07:36,285: +PARAM [/gains/suspension_right_joint/p] by /roslaunch
[rosmaster.master][INFO] 2025-11-18 22:07:36,286: +PARAM [/gains/suspension_right_joint/d] by /roslaunch
[rosmaster.master][INFO] 2025-11-18 22:07:36,286: +PARAM [/gains/suspension_right_joint/i] by /roslaunch
[rosmaster.master][INFO] 2025-11-18 22:07:36,286: +PARAM [/gains/suspension_right_joint/i_clamp] by /roslaunch
[rosmaster.master][INFO] 2025-11-18 22:07:36,286: +PARAM [/gains/torso_lift_joint/p] by /roslaunch
[rosmaster.master][INFO] 2025-11-18 22:07:36,287: +SUB [/clock] /rosout http://127.0.0.1:33309/
[rosmaster.master][INFO] 2025-11-18 22:07:36,287: +PARAM [/gains/torso_lift_joint/d] by /roslaunch
[rosmaster.master][INFO] 2025-11-18 22:07:36,287: +PARAM [/gains/torso_lift_joint/i] by /roslaunch
[rosmaster.master][INFO] 2025-11-18 22:07:36,287: +PARAM [/gains/torso_lift_joint/i_clamp] by /roslaunch
[rosmaster.master][INFO] 2025-11-18 22:07:36,287: +PARAM [/gains/head_1_joint/p] by /roslaunch
[rosmaster.master][INFO] 2025-11-18 22:07:36,287: +PUB [/rosout_agg] /rosout http://127.0.0.1:33309/
[rosmaster.master][INFO] 2025-11-18 22:07:36,287: +PARAM [/gains/head_1_joint/d] by /roslaunch
[rosmaster.master][INFO] 2025-11-18 22:07:36,288: +PARAM [/gains/head_1_joint/i] by /roslaunch
[rosmaster.master][INFO] 2025-11-18 22:07:36,288: +PARAM [/gains/head_1_joint/i_clamp] by /roslaunch
[rosmaster.master][INFO] 2025-11-18 22:07:36,288: +PARAM [/gains/head_2_joint/p] by /roslaunch
[rosmaster.master][INFO] 2025-11-18 22:07:36,288: +PARAM [/gains/head_2_joint/d] by /roslaunch
[rosmaster.master][INFO] 2025-11-18 22:07:36,289: +PARAM [/gains/head_2_joint/i] by /roslaunch
[rosmaster.master][INFO] 2025-11-18 22:07:36,289: +PARAM [/gains/head_2_joint/i_clamp] by /roslaunch
[rosmaster.master][INFO] 2025-11-18 22:07:36,289: +SUB [/rosout] /rosout http://127.0.0.1:33309/
[rosmaster.master][INFO] 2025-11-18 22:07:36,289: +PARAM [/gains/xtion_frame_joint/p] by /roslaunch
[rosmaster.master][INFO] 2025-11-18 22:07:36,289: +PARAM [/gains/xtion_frame_joint/d] by /roslaunch
[rosmaster.master][INFO] 2025-11-18 22:07:36,289: +PARAM [/gains/xtion_frame_joint/i] by /roslaunch
[rosmaster.master][INFO] 2025-11-18 22:07:36,290: +PARAM [/gains/xtion_frame_joint/i_clamp] by /roslaunch
[rosmaster.master][INFO] 2025-11-18 22:07:36,290: +PARAM [/gains/arm_1_joint/p] by /roslaunch
[rosmaster.master][INFO] 2025-11-18 22:07:36,290: +PARAM [/gains/arm_1_joint/d] by /roslaunch
[rosmaster.master][INFO] 2025-11-18 22:07:36,290: +PARAM [/gains/arm_1_joint/i] by /roslaunch
[rosmaster.master][INFO] 2025-11-18 22:07:36,290: +PARAM [/gains/arm_1_joint/i_clamp] by /roslaunch
[rosmaster.master][INFO] 2025-11-18 22:07:36,290: +PARAM [/gains/arm_1_joint/torque_clamp] by /roslaunch
[rosmaster.master][INFO] 2025-11-18 22:07:36,290: +PARAM [/gains/arm_2_joint/p] by /roslaunch
[rosmaster.master][INFO] 2025-11-18 22:07:36,290: +PARAM [/gains/arm_2_joint/d] by /roslaunch
[rosmaster.master][INFO] 2025-11-18 22:07:36,290: +PARAM [/gains/arm_2_joint/i] by /roslaunch
[rosmaster.master][INFO] 2025-11-18 22:07:36,290: +PARAM [/gains/arm_2_joint/i_clamp] by /roslaunch
[rosmaster.master][INFO] 2025-11-18 22:07:36,290: +PARAM [/gains/arm_2_joint/torque_clamp] by /roslaunch
[rosmaster.master][INFO] 2025-11-18 22:07:36,290: +PARAM [/gains/arm_3_joint/p] by /roslaunch
[rosmaster.master][INFO] 2025-11-18 22:07:36,290: +PARAM [/gains/arm_3_joint/d] by /roslaunch
[rosmaster.master][INFO] 2025-11-18 22:07:36,290: +PARAM [/gains/arm_3_joint/i] by /roslaunch
[rosmaster.master][INFO] 2025-11-18 22:07:36,291: +PARAM [/gains/arm_3_joint/i_clamp] by /roslaunch
[rosmaster.master][INFO] 2025-11-18 22:07:36,291: +PARAM [/gains/arm_3_joint/torque_clamp] by /roslaunch
[rosmaster.master][INFO] 2025-11-18 22:07:36,291: +PARAM [/gains/arm_4_joint/p] by /roslaunch
[rosmaster.master][INFO] 2025-11-18 22:07:36,291: +PARAM [/gains/arm_4_joint/d] by /roslaunch
[rosmaster.master][INFO] 2025-11-18 22:07:36,291: +PARAM [/gains/arm_4_joint/i] by /roslaunch
[rosmaster.master][INFO] 2025-11-18 22:07:36,291: +PARAM [/gains/arm_4_joint/i_clamp] by /roslaunch
[rosmaster.master][INFO] 2025-11-18 22:07:36,291: +PARAM [/gains/arm_4_joint/torque_clamp] by /roslaunch
[rosmaster.master][INFO] 2025-11-18 22:07:36,291: +PARAM [/gains/arm_5_joint/p] by /roslaunch
[rosmaster.master][INFO] 2025-11-18 22:07:36,291: +PARAM [/gains/arm_5_joint/d] by /roslaunch
[rosmaster.master][INFO] 2025-11-18 22:07:36,291: +PARAM [/gains/arm_5_joint/i] by /roslaunch
[rosmaster.master][INFO] 2025-11-18 22:07:36,291: +PARAM [/gains/arm_5_joint/i_clamp] by /roslaunch
[rosmaster.master][INFO] 2025-11-18 22:07:36,291: +PARAM [/gains/arm_5_joint/torque_clamp] by /roslaunch
[rosmaster.master][INFO] 2025-11-18 22:07:36,291: +PARAM [/gains/arm_6_joint/p] by /roslaunch
[rosmaster.master][INFO] 2025-11-18 22:07:36,291: +PARAM [/gains/arm_6_joint/d] by /roslaunch
[rosmaster.master][INFO] 2025-11-18 22:07:36,291: +PARAM [/gains/arm_6_joint/i] by /roslaunch
[rosmaster.master][INFO] 2025-11-18 22:07:36,292: +PARAM [/gains/arm_6_joint/i_clamp] by /roslaunch
[rosmaster.master][INFO] 2025-11-18 22:07:36,292: +PARAM [/gains/arm_6_joint/torque_clamp] by /roslaunch
[rosmaster.master][INFO] 2025-11-18 22:07:36,292: +PARAM [/gains/arm_7_joint/p] by /roslaunch
[rosmaster.master][INFO] 2025-11-18 22:07:36,292: +PARAM [/gains/arm_7_joint/d] by /roslaunch
[rosmaster.master][INFO] 2025-11-18 22:07:36,292: +PARAM [/gains/arm_7_joint/i] by /roslaunch
[rosmaster.master][INFO] 2025-11-18 22:07:36,292: +PARAM [/gains/arm_7_joint/i_clamp] by /roslaunch
[rosmaster.master][INFO] 2025-11-18 22:07:36,292: +PARAM [/gains/arm_7_joint/torque_clamp] by /roslaunch
[rosmaster.master][INFO] 2025-11-18 22:07:36,292: +PARAM [/gains/hand_index_joint/p] by /roslaunch
[rosmaster.master][INFO] 2025-11-18 22:07:36,292: +PARAM [/gains/hand_index_joint/d] by /roslaunch
[rosmaster.master][INFO] 2025-11-18 22:07:36,292: +PARAM [/gains/hand_index_joint/i] by /roslaunch
[rosmaster.master][INFO] 2025-11-18 22:07:36,292: +PARAM [/gains/hand_index_joint/i_clamp] by /roslaunch
[rosmaster.master][INFO] 2025-11-18 22:07:36,292: +PARAM [/gains/hand_thumb_joint/p] by /roslaunch
[rosmaster.master][INFO] 2025-11-18 22:07:36,292: +PARAM [/gains/hand_thumb_joint/d] by /roslaunch
[rosmaster.master][INFO] 2025-11-18 22:07:36,292: +PARAM [/gains/hand_thumb_joint/i] by /roslaunch
[rosmaster.master][INFO] 2025-11-18 22:07:36,292: +PARAM [/gains/hand_thumb_joint/i_clamp] by /roslaunch
[rosmaster.master][INFO] 2025-11-18 22:07:36,292: +PARAM [/gains/hand_mrl_joint/p] by /roslaunch
[rosmaster.master][INFO] 2025-11-18 22:07:36,292: +PARAM [/gains/hand_mrl_joint/d] by /roslaunch
[rosmaster.master][INFO] 2025-11-18 22:07:36,292: +PARAM [/gains/hand_mrl_joint/i] by /roslaunch
[rosmaster.master][INFO] 2025-11-18 22:07:36,293: +PARAM [/gains/hand_mrl_joint/i_clamp] by /roslaunch
[rosmaster.master][INFO] 2025-11-18 22:07:36,293: +PARAM [/gains/hand_index_abd_joint/p] by /roslaunch
[rosmaster.master][INFO] 2025-11-18 22:07:36,293: +PARAM [/gains/hand_index_abd_joint/d] by /roslaunch
[rosmaster.master][INFO] 2025-11-18 22:07:36,293: +PARAM [/gains/hand_index_abd_joint/i] by /roslaunch
[rosmaster.master][INFO] 2025-11-18 22:07:36,293: +PARAM [/gains/hand_index_abd_joint/i_clamp] by /roslaunch
[rosmaster.master][INFO] 2025-11-18 22:07:36,293: +PARAM [/gains/hand_index_virtual_1_joint/p] by /roslaunch
[rosmaster.master][INFO] 2025-11-18 22:07:36,293: +PARAM [/gains/hand_index_virtual_1_joint/d] by /roslaunch
[rosmaster.master][INFO] 2025-11-18 22:07:36,293: +PARAM [/gains/hand_index_virtual_1_joint/i] by /roslaunch
[rosmaster.master][INFO] 2025-11-18 22:07:36,293: +PARAM [/gains/hand_index_virtual_1_joint/i_clamp] by /roslaunch
[rosmaster.master][INFO] 2025-11-18 22:07:36,293: +PARAM [/gains/hand_index_virtual_2_joint/p] by /roslaunch
[rosmaster.master][INFO] 2025-11-18 22:07:36,293: +PARAM [/gains/hand_index_virtual_2_joint/d] by /roslaunch
[rosmaster.master][INFO] 2025-11-18 22:07:36,293: +PARAM [/gains/hand_index_virtual_2_joint/i] by /roslaunch
[rosmaster.master][INFO] 2025-11-18 22:07:36,293: +PARAM [/gains/hand_index_virtual_2_joint/i_clamp] by /roslaunch
[rosmaster.master][INFO] 2025-11-18 22:07:36,293: +PARAM [/gains/hand_index_virtual_3_joint/p] by /roslaunch
[rosmaster.master][INFO] 2025-11-18 22:07:36,293: +PARAM [/gains/hand_index_virtual_3_joint/d] by /roslaunch
[rosmaster.master][INFO] 2025-11-18 22:07:36,293: +PARAM [/gains/hand_index_virtual_3_joint/i] by /roslaunch
[rosmaster.master][INFO] 2025-11-18 22:07:36,293: +PARAM [/gains/hand_index_virtual_3_joint/i_clamp] by /roslaunch
[rosmaster.master][INFO] 2025-11-18 22:07:36,293: +PARAM [/gains/hand_index_flex_1_joint/p] by /roslaunch
[rosmaster.master][INFO] 2025-11-18 22:07:36,293: +PARAM [/gains/hand_index_flex_1_joint/d] by /roslaunch
[rosmaster.master][INFO] 2025-11-18 22:07:36,294: +PARAM [/gains/hand_index_flex_1_joint/i] by /roslaunch
[rosmaster.master][INFO] 2025-11-18 22:07:36,294: +PARAM [/gains/hand_index_flex_1_joint/i_clamp] by /roslaunch
[rosmaster.master][INFO] 2025-11-18 22:07:36,294: +PARAM [/gains/hand_index_flex_2_joint/p] by /roslaunch
[rosmaster.master][INFO] 2025-11-18 22:07:36,294: +PARAM [/gains/hand_index_flex_2_joint/d] by /roslaunch
[rosmaster.master][INFO] 2025-11-18 22:07:36,294: +PARAM [/gains/hand_index_flex_2_joint/i] by /roslaunch
[rosmaster.master][INFO] 2025-11-18 22:07:36,294: +PARAM [/gains/hand_index_flex_2_joint/i_clamp] by /roslaunch
[rosmaster.master][INFO] 2025-11-18 22:07:36,294: +PARAM [/gains/hand_index_flex_3_joint/p] by /roslaunch
[rosmaster.master][INFO] 2025-11-18 22:07:36,294: +PARAM [/gains/hand_index_flex_3_joint/d] by /roslaunch
[rosmaster.master][INFO] 2025-11-18 22:07:36,294: +PARAM [/gains/hand_index_flex_3_joint/i] by /roslaunch
[rosmaster.master][INFO] 2025-11-18 22:07:36,294: +PARAM [/gains/hand_index_flex_3_joint/i_clamp] by /roslaunch
[rosmaster.master][INFO] 2025-11-18 22:07:36,294: +PARAM [/gains/hand_little_abd_joint/p] by /roslaunch
[rosmaster.master][INFO] 2025-11-18 22:07:36,294: +PARAM [/gains/hand_little_abd_joint/d] by /roslaunch
[rosmaster.master][INFO] 2025-11-18 22:07:36,294: +PARAM [/gains/hand_little_abd_joint/i] by /roslaunch
[rosmaster.master][INFO] 2025-11-18 22:07:36,294: +PARAM [/gains/hand_little_abd_joint/i_clamp] by /roslaunch
[rosmaster.master][INFO] 2025-11-18 22:07:36,294: +PARAM [/gains/hand_little_virtual_1_joint/p] by /roslaunch
[rosmaster.master][INFO] 2025-11-18 22:07:36,294: +PARAM [/gains/hand_little_virtual_1_joint/d] by /roslaunch
[rosmaster.master][INFO] 2025-11-18 22:07:36,294: +PARAM [/gains/hand_little_virtual_1_joint/i] by /roslaunch
[rosmaster.master][INFO] 2025-11-18 22:07:36,294: +PARAM [/gains/hand_little_virtual_1_joint/i_clamp] by /roslaunch
[rosmaster.master][INFO] 2025-11-18 22:07:36,294: +PARAM [/gains/hand_little_virtual_2_joint/p] by /roslaunch
[rosmaster.master][INFO] 2025-11-18 22:07:36,295: +PARAM [/gains/hand_little_virtual_2_joint/d] by /roslaunch
[rosmaster.master][INFO] 2025-11-18 22:07:36,295: +PARAM [/gains/hand_little_virtual_2_joint/i] by /roslaunch
[rosmaster.master][INFO] 2025-11-18 22:07:36,295: +PARAM [/gains/hand_little_virtual_2_joint/i_clamp] by /roslaunch
[rosmaster.master][INFO] 2025-11-18 22:07:36,295: +PARAM [/gains/hand_little_virtual_3_joint/p] by /roslaunch
[rosmaster.master][INFO] 2025-11-18 22:07:36,295: +PARAM [/gains/hand_little_virtual_3_joint/d] by /roslaunch
[rosmaster.master][INFO] 2025-11-18 22:07:36,295: +PARAM [/gains/hand_little_virtual_3_joint/i] by /roslaunch
[rosmaster.master][INFO] 2025-11-18 22:07:36,295: +PARAM [/gains/hand_little_virtual_3_joint/i_clamp] by /roslaunch
[rosmaster.master][INFO] 2025-11-18 22:07:36,295: +PARAM [/gains/hand_little_flex_1_joint/p] by /roslaunch
[rosmaster.master][INFO] 2025-11-18 22:07:36,295: +PARAM [/gains/hand_little_flex_1_joint/d] by /roslaunch
[rosmaster.master][INFO] 2025-11-18 22:07:36,295: +PARAM [/gains/hand_little_flex_1_joint/i] by /roslaunch
[rosmaster.master][INFO] 2025-11-18 22:07:36,295: +PARAM [/gains/hand_little_flex_1_joint/i_clamp] by /roslaunch
[rosmaster.master][INFO] 2025-11-18 22:07:36,295: +PARAM [/gains/hand_little_flex_2_joint/p] by /roslaunch
[rosmaster.master][INFO] 2025-11-18 22:07:36,295: +PARAM [/gains/hand_little_flex_2_joint/d] by /roslaunch
[rosmaster.master][INFO] 2025-11-18 22:07:36,295: +PARAM [/gains/hand_little_flex_2_joint/i] by /roslaunch
[rosmaster.master][INFO] 2025-11-18 22:07:36,295: +PARAM [/gains/hand_little_flex_2_joint/i_clamp] by /roslaunch
[rosmaster.master][INFO] 2025-11-18 22:07:36,295: +PARAM [/gains/hand_little_flex_3_joint/p] by /roslaunch
[rosmaster.master][INFO] 2025-11-18 22:07:36,295: +PARAM [/gains/hand_little_flex_3_joint/d] by /roslaunch
[rosmaster.master][INFO] 2025-11-18 22:07:36,295: +PARAM [/gains/hand_little_flex_3_joint/i] by /roslaunch
[rosmaster.master][INFO] 2025-11-18 22:07:36,295: +PARAM [/gains/hand_little_flex_3_joint/i_clamp] by /roslaunch
[rosmaster.master][INFO] 2025-11-18 22:07:36,295: +PARAM [/gains/hand_middle_abd_joint/p] by /roslaunch
[rosmaster.master][INFO] 2025-11-18 22:07:36,295: +PARAM [/gains/hand_middle_abd_joint/d] by /roslaunch
[rosmaster.master][INFO] 2025-11-18 22:07:36,296: +PARAM [/gains/hand_middle_abd_joint/i] by /roslaunch
[rosmaster.master][INFO] 2025-11-18 22:07:36,296: +PARAM [/gains/hand_middle_abd_joint/i_clamp] by /roslaunch
[rosmaster.master][INFO] 2025-11-18 22:07:36,296: +PARAM [/gains/hand_middle_virtual_1_joint/p] by /roslaunch
[rosmaster.master][INFO] 2025-11-18 22:07:36,296: +PARAM [/gains/hand_middle_virtual_1_joint/d] by /roslaunch
[rosmaster.master][INFO] 2025-11-18 22:07:36,296: +PARAM [/gains/hand_middle_virtual_1_joint/i] by /roslaunch
[rosmaster.master][INFO] 2025-11-18 22:07:36,296: +PARAM [/gains/hand_middle_virtual_1_joint/i_clamp] by /roslaunch
[rosmaster.master][INFO] 2025-11-18 22:07:36,296: +PARAM [/gains/hand_middle_virtual_2_joint/p] by /roslaunch
[rosmaster.master][INFO] 2025-11-18 22:07:36,296: +PARAM [/gains/hand_middle_virtual_2_joint/d] by /roslaunch
[rosmaster.master][INFO] 2025-11-18 22:07:36,296: +PARAM [/gains/hand_middle_virtual_2_joint/i] by /roslaunch
[rosmaster.master][INFO] 2025-11-18 22:07:36,296: +PARAM [/gains/hand_middle_virtual_2_joint/i_clamp] by /roslaunch
[rosmaster.master][INFO] 2025-11-18 22:07:36,296: +PARAM [/gains/hand_middle_virtual_3_joint/p] by /roslaunch
[rosmaster.master][INFO] 2025-11-18 22:07:36,296: +PARAM [/gains/hand_middle_virtual_3_joint/d] by /roslaunch
[rosmaster.master][INFO] 2025-11-18 22:07:36,296: +PARAM [/gains/hand_middle_virtual_3_joint/i] by /roslaunch
[rosmaster.master][INFO] 2025-11-18 22:07:36,296: +PARAM [/gains/hand_middle_virtual_3_joint/i_clamp] by /roslaunch
[rosmaster.master][INFO] 2025-11-18 22:07:36,296: +PARAM [/gains/hand_middle_flex_1_joint/p] by /roslaunch
[rosmaster.master][INFO] 2025-11-18 22:07:36,296: +PARAM [/gains/hand_middle_flex_1_joint/d] by /roslaunch
[rosmaster.master][INFO] 2025-11-18 22:07:36,296: +PARAM [/gains/hand_middle_flex_1_joint/i] by /roslaunch
[rosmaster.master][INFO] 2025-11-18 22:07:36,296: +PARAM [/gains/hand_middle_flex_1_joint/i_clamp] by /roslaunch
[rosmaster.master][INFO] 2025-11-18 22:07:36,296: +PARAM [/gains/hand_middle_flex_2_joint/p] by /roslaunch
[rosmaster.master][INFO] 2025-11-18 22:07:36,296: +PARAM [/gains/hand_middle_flex_2_joint/d] by /roslaunch
[rosmaster.master][INFO] 2025-11-18 22:07:36,297: +PARAM [/gains/hand_middle_flex_2_joint/i] by /roslaunch
[rosmaster.master][INFO] 2025-11-18 22:07:36,297: +PARAM [/gains/hand_middle_flex_2_joint/i_clamp] by /roslaunch
[rosmaster.master][INFO] 2025-11-18 22:07:36,297: +PARAM [/gains/hand_middle_flex_3_joint/p] by /roslaunch
[rosmaster.master][INFO] 2025-11-18 22:07:36,297: +PARAM [/gains/hand_middle_flex_3_joint/d] by /roslaunch
[rosmaster.master][INFO] 2025-11-18 22:07:36,297: +PARAM [/gains/hand_middle_flex_3_joint/i] by /roslaunch
[rosmaster.master][INFO] 2025-11-18 22:07:36,297: +PARAM [/gains/hand_middle_flex_3_joint/i_clamp] by /roslaunch
[rosmaster.master][INFO] 2025-11-18 22:07:36,297: +PARAM [/gains/hand_ring_abd_joint/p] by /roslaunch
[rosmaster.master][INFO] 2025-11-18 22:07:36,297: +PARAM [/gains/hand_ring_abd_joint/d] by /roslaunch
[rosmaster.master][INFO] 2025-11-18 22:07:36,297: +PARAM [/gains/hand_ring_abd_joint/i] by /roslaunch
[rosmaster.master][INFO] 2025-11-18 22:07:36,297: +PARAM [/gains/hand_ring_abd_joint/i_clamp] by /roslaunch
[rosmaster.master][INFO] 2025-11-18 22:07:36,297: +PARAM [/gains/hand_ring_virtual_1_joint/p] by /roslaunch
[rosmaster.master][INFO] 2025-11-18 22:07:36,297: +PARAM [/gains/hand_ring_virtual_1_joint/d] by /roslaunch
[rosmaster.master][INFO] 2025-11-18 22:07:36,297: +PARAM [/gains/hand_ring_virtual_1_joint/i] by /roslaunch
[rosmaster.master][INFO] 2025-11-18 22:07:36,297: +PARAM [/gains/hand_ring_virtual_1_joint/i_clamp] by /roslaunch
[rosmaster.master][INFO] 2025-11-18 22:07:36,297: +PARAM [/gains/hand_ring_virtual_2_joint/p] by /roslaunch
[rosmaster.master][INFO] 2025-11-18 22:07:36,297: +PARAM [/gains/hand_ring_virtual_2_joint/d] by /roslaunch
[rosmaster.master][INFO] 2025-11-18 22:07:36,297: +PARAM [/gains/hand_ring_virtual_2_joint/i] by /roslaunch
[rosmaster.master][INFO] 2025-11-18 22:07:36,297: +PARAM [/gains/hand_ring_virtual_2_joint/i_clamp] by /roslaunch
[rosmaster.master][INFO] 2025-11-18 22:07:36,297: +PARAM [/gains/hand_ring_virtual_3_joint/p] by /roslaunch
[rosmaster.master][INFO] 2025-11-18 22:07:36,297: +PARAM [/gains/hand_ring_virtual_3_joint/d] by /roslaunch
[rosmaster.master][INFO] 2025-11-18 22:07:36,297: +PARAM [/gains/hand_ring_virtual_3_joint/i] by /roslaunch
[rosmaster.master][INFO] 2025-11-18 22:07:36,298: +PARAM [/gains/hand_ring_virtual_3_joint/i_clamp] by /roslaunch
[rosmaster.master][INFO] 2025-11-18 22:07:36,298: +PARAM [/gains/hand_ring_flex_1_joint/p] by /roslaunch
[rosmaster.master][INFO] 2025-11-18 22:07:36,298: +PARAM [/gains/hand_ring_flex_1_joint/d] by /roslaunch
[rosmaster.master][INFO] 2025-11-18 22:07:36,298: +PARAM [/gains/hand_ring_flex_1_joint/i] by /roslaunch
[rosmaster.master][INFO] 2025-11-18 22:07:36,298: +PARAM [/gains/hand_ring_flex_1_joint/i_clamp] by /roslaunch
[rosmaster.master][INFO] 2025-11-18 22:07:36,298: +PARAM [/gains/hand_ring_flex_2_joint/p] by /roslaunch
[rosmaster.master][INFO] 2025-11-18 22:07:36,298: +PARAM [/gains/hand_ring_flex_2_joint/d] by /roslaunch
[rosmaster.master][INFO] 2025-11-18 22:07:36,298: +PARAM [/gains/hand_ring_flex_2_joint/i] by /roslaunch
[rosmaster.master][INFO] 2025-11-18 22:07:36,298: +PARAM [/gains/hand_ring_flex_2_joint/i_clamp] by /roslaunch
[rosmaster.master][INFO] 2025-11-18 22:07:36,298: +PARAM [/gains/hand_ring_flex_3_joint/p] by /roslaunch
[rosmaster.master][INFO] 2025-11-18 22:07:36,298: +PARAM [/gains/hand_ring_flex_3_joint/d] by /roslaunch
[rosmaster.master][INFO] 2025-11-18 22:07:36,298: +PARAM [/gains/hand_ring_flex_3_joint/i] by /roslaunch
[rosmaster.master][INFO] 2025-11-18 22:07:36,298: +PARAM [/gains/hand_ring_flex_3_joint/i_clamp] by /roslaunch
[rosmaster.master][INFO] 2025-11-18 22:07:36,298: +PARAM [/gains/hand_thumb_abd_joint/p] by /roslaunch
[rosmaster.master][INFO] 2025-11-18 22:07:36,298: +PARAM [/gains/hand_thumb_abd_joint/d] by /roslaunch
[rosmaster.master][INFO] 2025-11-18 22:07:36,298: +PARAM [/gains/hand_thumb_abd_joint/i] by /roslaunch
[rosmaster.master][INFO] 2025-11-18 22:07:36,298: +PARAM [/gains/hand_thumb_abd_joint/i_clamp] by /roslaunch
[rosmaster.master][INFO] 2025-11-18 22:07:36,298: +PARAM [/gains/hand_thumb_virtual_1_joint/p] by /roslaunch
[rosmaster.master][INFO] 2025-11-18 22:07:36,298: +PARAM [/gains/hand_thumb_virtual_1_joint/d] by /roslaunch
[rosmaster.master][INFO] 2025-11-18 22:07:36,298: +PARAM [/gains/hand_thumb_virtual_1_joint/i] by /roslaunch
[rosmaster.master][INFO] 2025-11-18 22:07:36,298: +PARAM [/gains/hand_thumb_virtual_1_joint/i_clamp] by /roslaunch
[rosmaster.master][INFO] 2025-11-18 22:07:36,299: +PARAM [/gains/hand_thumb_virtual_2_joint/p] by /roslaunch
[rosmaster.master][INFO] 2025-11-18 22:07:36,299: +PARAM [/gains/hand_thumb_virtual_2_joint/d] by /roslaunch
[rosmaster.master][INFO] 2025-11-18 22:07:36,299: +PARAM [/gains/hand_thumb_virtual_2_joint/i] by /roslaunch
[rosmaster.master][INFO] 2025-11-18 22:07:36,299: +PARAM [/gains/hand_thumb_virtual_2_joint/i_clamp] by /roslaunch
[rosmaster.master][INFO] 2025-11-18 22:07:36,299: +PARAM [/gains/hand_thumb_virtual_3_joint/p] by /roslaunch
[rosmaster.master][INFO] 2025-11-18 22:07:36,299: +PARAM [/gains/hand_thumb_virtual_3_joint/d] by /roslaunch
[rosmaster.master][INFO] 2025-11-18 22:07:36,299: +PARAM [/gains/hand_thumb_virtual_3_joint/i] by /roslaunch
[rosmaster.master][INFO] 2025-11-18 22:07:36,299: +PARAM [/gains/hand_thumb_virtual_3_joint/i_clamp] by /roslaunch
[rosmaster.master][INFO] 2025-11-18 22:07:36,299: +PARAM [/gains/hand_thumb_flex_1_joint/p] by /roslaunch
[rosmaster.master][INFO] 2025-11-18 22:07:36,299: +PARAM [/gains/hand_thumb_flex_1_joint/d] by /roslaunch
[rosmaster.master][INFO] 2025-11-18 22:07:36,299: +PARAM [/gains/hand_thumb_flex_1_joint/i] by /roslaunch
[rosmaster.master][INFO] 2025-11-18 22:07:36,299: +PARAM [/gains/hand_thumb_flex_1_joint/i_clamp] by /roslaunch
[rosmaster.master][INFO] 2025-11-18 22:07:36,299: +PARAM [/gains/hand_thumb_flex_2_joint/p] by /roslaunch
[rosmaster.master][INFO] 2025-11-18 22:07:36,299: +PARAM [/gains/hand_thumb_flex_2_joint/d] by /roslaunch
[rosmaster.master][INFO] 2025-11-18 22:07:36,299: +PARAM [/gains/hand_thumb_flex_2_joint/i] by /roslaunch
[rosmaster.master][INFO] 2025-11-18 22:07:36,299: +PARAM [/gains/hand_thumb_flex_2_joint/i_clamp] by /roslaunch
[rosmaster.master][INFO] 2025-11-18 22:07:36,299: +PARAM [/gains/hand_thumb_flex_3_joint/p] by /roslaunch
[rosmaster.master][INFO] 2025-11-18 22:07:36,299: +PARAM [/gains/hand_thumb_flex_3_joint/d] by /roslaunch
[rosmaster.master][INFO] 2025-11-18 22:07:36,299: +PARAM [/gains/hand_thumb_flex_3_joint/i] by /roslaunch
[rosmaster.master][INFO] 2025-11-18 22:07:36,299: +PARAM [/gains/hand_thumb_flex_3_joint/i_clamp] by /roslaunch
[rosmaster.master][INFO] 2025-11-18 22:07:36,299: +PARAM [/gains/gripper_left_finger_joint/p] by /roslaunch
[rosmaster.master][INFO] 2025-11-18 22:07:36,300: +PARAM [/gains/gripper_left_finger_joint/d] by /roslaunch
[rosmaster.master][INFO] 2025-11-18 22:07:36,300: +PARAM [/gains/gripper_left_finger_joint/i] by /roslaunch
[rosmaster.master][INFO] 2025-11-18 22:07:36,300: +PARAM [/gains/gripper_left_finger_joint/p_gain] by /roslaunch
[rosmaster.master][INFO] 2025-11-18 22:07:36,300: +PARAM [/gains/gripper_right_finger_joint/p] by /roslaunch
[rosmaster.master][INFO] 2025-11-18 22:07:36,300: +PARAM [/gains/gripper_right_finger_joint/d] by /roslaunch
[rosmaster.master][INFO] 2025-11-18 22:07:36,300: +PARAM [/gains/gripper_right_finger_joint/i] by /roslaunch
[rosmaster.master][INFO] 2025-11-18 22:07:36,300: +PARAM [/gains/gripper_right_finger_joint/p_gain] by /roslaunch
[rosmaster.master][INFO] 2025-11-18 22:07:36,300: +PARAM [/gains/gripper_finger_joint/p] by /roslaunch
[rosmaster.master][INFO] 2025-11-18 22:07:36,300: +PARAM [/gains/gripper_finger_joint/d] by /roslaunch
[rosmaster.master][INFO] 2025-11-18 22:07:36,300: +PARAM [/gains/gripper_finger_joint/i] by /roslaunch
[rosmaster.master][INFO] 2025-11-18 22:07:36,300: +PARAM [/gains/gripper_finger_joint/p_gain] by /roslaunch
[rosmaster.master][INFO] 2025-11-18 22:07:36,300: +PARAM [/gains/FFJ4/p] by /roslaunch
[rosmaster.master][INFO] 2025-11-18 22:07:36,300: +PARAM [/gains/FFJ4/d] by /roslaunch
[rosmaster.master][INFO] 2025-11-18 22:07:36,300: +PARAM [/gains/FFJ4/i] by /roslaunch
[rosmaster.master][INFO] 2025-11-18 22:07:36,300: +PARAM [/gains/FFJ3/p] by /roslaunch
[rosmaster.master][INFO] 2025-11-18 22:07:36,300: +PARAM [/gains/FFJ3/d] by /roslaunch
[rosmaster.master][INFO] 2025-11-18 22:07:36,300: +PARAM [/gains/FFJ3/i] by /roslaunch
[rosmaster.master][INFO] 2025-11-18 22:07:36,300: +PARAM [/gains/FFJ2/p] by /roslaunch
[rosmaster.master][INFO] 2025-11-18 22:07:36,300: +PARAM [/gains/FFJ2/d] by /roslaunch
[rosmaster.master][INFO] 2025-11-18 22:07:36,300: +PARAM [/gains/FFJ2/i] by /roslaunch
[rosmaster.master][INFO] 2025-11-18 22:07:36,300: +PARAM [/gains/FFJ1/p] by /roslaunch
[rosmaster.master][INFO] 2025-11-18 22:07:36,301: +PARAM [/gains/FFJ1/d] by /roslaunch
[rosmaster.master][INFO] 2025-11-18 22:07:36,301: +PARAM [/gains/FFJ1/i] by /roslaunch
[rosmaster.master][INFO] 2025-11-18 22:07:36,301: +PARAM [/gains/MFJ4/p] by /roslaunch
[rosmaster.master][INFO] 2025-11-18 22:07:36,301: +PARAM [/gains/MFJ4/d] by /roslaunch
[rosmaster.master][INFO] 2025-11-18 22:07:36,301: +PARAM [/gains/MFJ4/i] by /roslaunch
[rosmaster.master][INFO] 2025-11-18 22:07:36,301: +PARAM [/gains/MFJ3/p] by /roslaunch
[rosmaster.master][INFO] 2025-11-18 22:07:36,301: +PARAM [/gains/MFJ3/d] by /roslaunch
[rosmaster.master][INFO] 2025-11-18 22:07:36,301: +PARAM [/gains/MFJ3/i] by /roslaunch
[rosmaster.master][INFO] 2025-11-18 22:07:36,301: +PARAM [/gains/MFJ2/p] by /roslaunch
[rosmaster.master][INFO] 2025-11-18 22:07:36,301: +PARAM [/gains/MFJ2/d] by /roslaunch
[rosmaster.master][INFO] 2025-11-18 22:07:36,301: +PARAM [/gains/MFJ2/i] by /roslaunch
[rosmaster.master][INFO] 2025-11-18 22:07:36,301: +PARAM [/gains/MFJ1/p] by /roslaunch
[rosmaster.master][INFO] 2025-11-18 22:07:36,301: +PARAM [/gains/MFJ1/d] by /roslaunch
[rosmaster.master][INFO] 2025-11-18 22:07:36,301: +PARAM [/gains/MFJ1/i] by /roslaunch
[rosmaster.master][INFO] 2025-11-18 22:07:36,301: +PARAM [/gains/RFJ4/p] by /roslaunch
[rosmaster.master][INFO] 2025-11-18 22:07:36,301: +PARAM [/gains/RFJ4/d] by /roslaunch
[rosmaster.master][INFO] 2025-11-18 22:07:36,301: +PARAM [/gains/RFJ4/i] by /roslaunch
[rosmaster.master][INFO] 2025-11-18 22:07:36,301: +PARAM [/gains/RFJ3/p] by /roslaunch
[rosmaster.master][INFO] 2025-11-18 22:07:36,301: +PARAM [/gains/RFJ3/d] by /roslaunch
[rosmaster.master][INFO] 2025-11-18 22:07:36,302: +PARAM [/gains/RFJ3/i] by /roslaunch
[rosmaster.master][INFO] 2025-11-18 22:07:36,302: +PARAM [/gains/RFJ2/p] by /roslaunch
[rosmaster.master][INFO] 2025-11-18 22:07:36,302: +PARAM [/gains/RFJ2/d] by /roslaunch
[rosmaster.master][INFO] 2025-11-18 22:07:36,302: +PARAM [/gains/RFJ2/i] by /roslaunch
[rosmaster.master][INFO] 2025-11-18 22:07:36,302: +PARAM [/gains/RFJ1/p] by /roslaunch
[rosmaster.master][INFO] 2025-11-18 22:07:36,302: +PARAM [/gains/RFJ1/d] by /roslaunch
[rosmaster.master][INFO] 2025-11-18 22:07:36,302: +PARAM [/gains/RFJ1/i] by /roslaunch
[rosmaster.master][INFO] 2025-11-18 22:07:36,302: +PARAM [/gains/THJ5/p] by /roslaunch
[rosmaster.master][INFO] 2025-11-18 22:07:36,302: +PARAM [/gains/THJ5/d] by /roslaunch
[rosmaster.master][INFO] 2025-11-18 22:07:36,302: +PARAM [/gains/THJ5/i] by /roslaunch
[rosmaster.master][INFO] 2025-11-18 22:07:36,302: +PARAM [/gains/THJ4/p] by /roslaunch
[rosmaster.master][INFO] 2025-11-18 22:07:36,302: +PARAM [/gains/THJ4/d] by /roslaunch
[rosmaster.master][INFO] 2025-11-18 22:07:36,302: +PARAM [/gains/THJ4/i] by /roslaunch
[rosmaster.master][INFO] 2025-11-18 22:07:36,302: +PARAM [/gains/THJ2/p] by /roslaunch
[rosmaster.master][INFO] 2025-11-18 22:07:36,302: +PARAM [/gains/THJ2/d] by /roslaunch
[rosmaster.master][INFO] 2025-11-18 22:07:36,302: +PARAM [/gains/THJ2/i] by /roslaunch
[rosmaster.master][INFO] 2025-11-18 22:07:36,302: +PARAM [/gains/THJ1/p] by /roslaunch
[rosmaster.master][INFO] 2025-11-18 22:07:36,302: +PARAM [/gains/THJ1/d] by /roslaunch
[rosmaster.master][INFO] 2025-11-18 22:07:36,303: +PARAM [/gains/THJ1/i] by /roslaunch
[rosmaster.master][INFO] 2025-11-18 22:07:36,303: +PARAM [/velocity/pid_gains/wheel_right_joint/p] by /roslaunch
[rosmaster.master][INFO] 2025-11-18 22:07:36,303: +PARAM [/velocity/pid_gains/wheel_right_joint/d] by /roslaunch
[rosmaster.master][INFO] 2025-11-18 22:07:36,303: +PARAM [/velocity/pid_gains/wheel_right_joint/i] by /roslaunch
[rosmaster.master][INFO] 2025-11-18 22:07:36,303: +PARAM [/velocity/pid_gains/wheel_right_joint/i_clamp] by /roslaunch
[rosmaster.master][INFO] 2025-11-18 22:07:36,303: +PARAM [/velocity/pid_gains/wheel_left_joint/p] by /roslaunch
[rosmaster.master][INFO] 2025-11-18 22:07:36,303: +PARAM [/velocity/pid_gains/wheel_left_joint/d] by /roslaunch
[rosmaster.master][INFO] 2025-11-18 22:07:36,303: +PARAM [/velocity/pid_gains/wheel_left_joint/i] by /roslaunch
[rosmaster.master][INFO] 2025-11-18 22:07:36,303: +PARAM [/velocity/pid_gains/wheel_left_joint/i_clamp] by /roslaunch
[rosmaster.master][INFO] 2025-11-18 22:07:36,303: +PARAM [/velocity/pid_gains/caster_front_right_1_joint/p] by /roslaunch
[rosmaster.master][INFO] 2025-11-18 22:07:36,303: +PARAM [/velocity/pid_gains/caster_front_right_1_joint/d] by /roslaunch
[rosmaster.master][INFO] 2025-11-18 22:07:36,303: +PARAM [/velocity/pid_gains/caster_front_right_1_joint/i] by /roslaunch
[rosmaster.master][INFO] 2025-11-18 22:07:36,303: +PARAM [/velocity/pid_gains/caster_front_right_1_joint/i_clamp] by /roslaunch
[rosmaster.master][INFO] 2025-11-18 22:07:36,303: +PARAM [/velocity/pid_gains/caster_front_right_2_joint/p] by /roslaunch
[rosmaster.master][INFO] 2025-11-18 22:07:36,303: +PARAM [/velocity/pid_gains/caster_front_right_2_joint/d] by /roslaunch
[rosmaster.master][INFO] 2025-11-18 22:07:36,303: +PARAM [/velocity/pid_gains/caster_front_right_2_joint/i] by /roslaunch
[rosmaster.master][INFO] 2025-11-18 22:07:36,303: +PARAM [/velocity/pid_gains/caster_front_right_2_joint/i_clamp] by /roslaunch
[rosmaster.master][INFO] 2025-11-18 22:07:36,303: +PARAM [/velocity/pid_gains/caster_front_left_1_joint/p] by /roslaunch
[rosmaster.master][INFO] 2025-11-18 22:07:36,303: +PARAM [/velocity/pid_gains/caster_front_left_1_joint/d] by /roslaunch
[rosmaster.master][INFO] 2025-11-18 22:07:36,303: +PARAM [/velocity/pid_gains/caster_front_left_1_joint/i] by /roslaunch
[rosmaster.master][INFO] 2025-11-18 22:07:36,303: +PARAM [/velocity/pid_gains/caster_front_left_1_joint/i_clamp] by /roslaunch
[rosmaster.master][INFO] 2025-11-18 22:07:36,304: +PARAM [/velocity/pid_gains/caster_front_left_2_joint/p] by /roslaunch
[rosmaster.master][INFO] 2025-11-18 22:07:36,304: +PARAM [/velocity/pid_gains/caster_front_left_2_joint/d] by /roslaunch
[rosmaster.master][INFO] 2025-11-18 22:07:36,304: +PARAM [/velocity/pid_gains/caster_front_left_2_joint/i] by /roslaunch
[rosmaster.master][INFO] 2025-11-18 22:07:36,304: +PARAM [/velocity/pid_gains/caster_front_left_2_joint/i_clamp] by /roslaunch
[rosmaster.master][INFO] 2025-11-18 22:07:36,304: +PARAM [/velocity/pid_gains/caster_back_right_1_joint/p] by /roslaunch
[rosmaster.master][INFO] 2025-11-18 22:07:36,304: +PARAM [/velocity/pid_gains/caster_back_right_1_joint/d] by /roslaunch
[rosmaster.master][INFO] 2025-11-18 22:07:36,304: +PARAM [/velocity/pid_gains/caster_back_right_1_joint/i] by /roslaunch
[rosmaster.master][INFO] 2025-11-18 22:07:36,304: +PARAM [/velocity/pid_gains/caster_back_right_1_joint/i_clamp] by /roslaunch
[rosmaster.master][INFO] 2025-11-18 22:07:36,304: +PARAM [/velocity/pid_gains/caster_back_right_2_joint/p] by /roslaunch
[rosmaster.master][INFO] 2025-11-18 22:07:36,304: +PARAM [/velocity/pid_gains/caster_back_right_2_joint/d] by /roslaunch
[rosmaster.master][INFO] 2025-11-18 22:07:36,304: +PARAM [/velocity/pid_gains/caster_back_right_2_joint/i] by /roslaunch
[rosmaster.master][INFO] 2025-11-18 22:07:36,304: +PARAM [/velocity/pid_gains/caster_back_right_2_joint/i_clamp] by /roslaunch
[rosmaster.master][INFO] 2025-11-18 22:07:36,304: +PARAM [/velocity/pid_gains/caster_back_left_1_joint/p] by /roslaunch
[rosmaster.master][INFO] 2025-11-18 22:07:36,304: +PARAM [/velocity/pid_gains/caster_back_left_1_joint/d] by /roslaunch
[rosmaster.master][INFO] 2025-11-18 22:07:36,304: +PARAM [/velocity/pid_gains/caster_back_left_1_joint/i] by /roslaunch
[rosmaster.master][INFO] 2025-11-18 22:07:36,304: +PARAM [/velocity/pid_gains/caster_back_left_1_joint/i_clamp] by /roslaunch
[rosmaster.master][INFO] 2025-11-18 22:07:36,304: +PARAM [/velocity/pid_gains/caster_back_left_2_joint/p] by /roslaunch
[rosmaster.master][INFO] 2025-11-18 22:07:36,304: +PARAM [/velocity/pid_gains/caster_back_left_2_joint/d] by /roslaunch
[rosmaster.master][INFO] 2025-11-18 22:07:36,304: +PARAM [/velocity/pid_gains/caster_back_left_2_joint/i] by /roslaunch
[rosmaster.master][INFO] 2025-11-18 22:07:36,304: +PARAM [/velocity/pid_gains/caster_back_left_2_joint/i_clamp] by /roslaunch
[rosmaster.master][INFO] 2025-11-18 22:07:36,305: +PARAM [/force_torque/wrist_ft/sensor_joint] by /roslaunch
[rosmaster.master][INFO] 2025-11-18 22:07:36,305: +PARAM [/force_torque/wrist_ft/frame] by /roslaunch
[rosmaster.master][INFO] 2025-11-18 22:07:36,305: +PARAM [/imu/base_imu/frame] by /roslaunch
[rosmaster.master][INFO] 2025-11-18 22:07:36,305: +PARAM [/imu/base_imu/gazebo_sensor_name] by /roslaunch
[rosmaster.master][INFO] 2025-11-18 22:07:36,305: +PARAM [/robot_description] by /roslaunch
[rosmaster.master][INFO] 2025-11-18 22:07:36,305: +PARAM [/collision_model_parameters/padding] by /roslaunch
[rosmaster.master][INFO] 2025-11-18 22:07:36,305: +PARAM [/collision_model_parameters/links_with_padding] by /roslaunch
[rosmaster.master][INFO] 2025-11-18 22:07:36,305: +PARAM [/collision_model_parameters/blacklist/default] by /roslaunch
[rosmaster.master][INFO] 2025-11-18 22:07:36,305: +PARAM [/mobile_base_controller/type] by /roslaunch
[rosmaster.master][INFO] 2025-11-18 22:07:36,305: +PARAM [/mobile_base_controller/left_front_wheel] by /roslaunch
[rosmaster.master][INFO] 2025-11-18 22:07:36,305: +PARAM [/mobile_base_controller/left_back_wheel] by /roslaunch
[rosmaster.master][INFO] 2025-11-18 22:07:36,305: +PARAM [/mobile_base_controller/right_front_wheel] by /roslaunch
[rosmaster.master][INFO] 2025-11-18 22:07:36,305: +PARAM [/mobile_base_controller/right_back_wheel] by /roslaunch
[rosmaster.master][INFO] 2025-11-18 22:07:36,305: +PARAM [/mobile_base_controller/publish_rate] by /roslaunch
[rosmaster.master][INFO] 2025-11-18 22:07:36,305: +PARAM [/mobile_base_controller/pose_covariance_diagonal] by /roslaunch
[rosmaster.master][INFO] 2025-11-18 22:07:36,305: +PARAM [/mobile_base_controller/twist_covariance_diagonal] by /roslaunch
[rosmaster.master][INFO] 2025-11-18 22:07:36,305: +PARAM [/mobile_base_controller/enable_pose_covariance_update] by /roslaunch
[rosmaster.master][INFO] 2025-11-18 22:07:36,305: +PARAM [/mobile_base_controller/error_constant_left] by /roslaunch
[rosmaster.master][INFO] 2025-11-18 22:07:36,305: +PARAM [/mobile_base_controller/error_constant_right] by /roslaunch
[rosmaster.master][INFO] 2025-11-18 22:07:36,305: +PARAM [/mobile_base_controller/cmd_vel_timeout] by /roslaunch
[rosmaster.master][INFO] 2025-11-18 22:07:36,306: +PARAM [/mobile_base_controller/base_frame_id] by /roslaunch
[rosmaster.master][INFO] 2025-11-18 22:07:36,306: +PARAM [/mobile_base_controller/odom_frame_id] by /roslaunch
[rosmaster.master][INFO] 2025-11-18 22:07:36,306: +PARAM [/mobile_base_controller/preserve_turning_radius] by /roslaunch
[rosmaster.master][INFO] 2025-11-18 22:07:36,306: +PARAM [/mobile_base_controller/publish_cmd] by /roslaunch
[rosmaster.master][INFO] 2025-11-18 22:07:36,306: +PARAM [/mobile_base_controller/publish_wheel_data] by /roslaunch
[rosmaster.master][INFO] 2025-11-18 22:07:36,306: +PARAM [/mobile_base_controller/linear/x/has_velocity_limits] by /roslaunch
[rosmaster.master][INFO] 2025-11-18 22:07:36,306: +PARAM [/mobile_base_controller/linear/x/max_velocity] by /roslaunch
[rosmaster.master][INFO] 2025-11-18 22:07:36,306: +PARAM [/mobile_base_controller/linear/x/min_velocity] by /roslaunch
[rosmaster.master][INFO] 2025-11-18 22:07:36,306: +PARAM [/mobile_base_controller/linear/x/has_acceleration_limits] by /roslaunch
[rosmaster.master][INFO] 2025-11-18 22:07:36,306: +PARAM [/mobile_base_controller/linear/x/max_acceleration] by /roslaunch
[rosmaster.master][INFO] 2025-11-18 22:07:36,306: +PARAM [/mobile_base_controller/linear/x/has_jerk_limits] by /roslaunch
[rosmaster.master][INFO] 2025-11-18 22:07:36,306: +PARAM [/mobile_base_controller/linear/x/max_jerk] by /roslaunch
[rosmaster.master][INFO] 2025-11-18 22:07:36,306: +PARAM [/mobile_base_controller/linear/y/has_velocity_limits] by /roslaunch
[rosmaster.master][INFO] 2025-11-18 22:07:36,306: +PARAM [/mobile_base_controller/linear/y/max_velocity] by /roslaunch
[rosmaster.master][INFO] 2025-11-18 22:07:36,306: +PARAM [/mobile_base_controller/linear/y/min_velocity] by /roslaunch
[rosmaster.master][INFO] 2025-11-18 22:07:36,306: +PARAM [/mobile_base_controller/linear/y/has_acceleration_limits] by /roslaunch
[rosmaster.master][INFO] 2025-11-18 22:07:36,306: +PARAM [/mobile_base_controller/linear/y/max_acceleration] by /roslaunch
[rosmaster.master][INFO] 2025-11-18 22:07:36,306: +PARAM [/mobile_base_controller/linear/y/has_jerk_limits] by /roslaunch
[rosmaster.master][INFO] 2025-11-18 22:07:36,306: +PARAM [/mobile_base_controller/linear/y/max_jerk] by /roslaunch
[rosmaster.master][INFO] 2025-11-18 22:07:36,306: +PARAM [/mobile_base_controller/angular/z/has_velocity_limits] by /roslaunch
[rosmaster.master][INFO] 2025-11-18 22:07:36,306: +PARAM [/mobile_base_controller/angular/z/max_velocity] by /roslaunch
[rosmaster.master][INFO] 2025-11-18 22:07:36,307: +PARAM [/mobile_base_controller/angular/z/has_acceleration_limits] by /roslaunch
[rosmaster.master][INFO] 2025-11-18 22:07:36,307: +PARAM [/mobile_base_controller/angular/z/max_acceleration] by /roslaunch
[rosmaster.master][INFO] 2025-11-18 22:07:36,307: +PARAM [/mobile_base_controller/angular/z/has_jerk_limits] by /roslaunch
[rosmaster.master][INFO] 2025-11-18 22:07:36,307: +PARAM [/mobile_base_controller/angular/z/max_jerk] by /roslaunch
[rosmaster.master][INFO] 2025-11-18 22:07:36,307: +PARAM [/mobile_base_controller/space/xy/max_velocity] by /roslaunch
[rosmaster.master][INFO] 2025-11-18 22:07:36,307: +PARAM [/mobile_base_controller/space/xz/max_velocity] by /roslaunch
[rosmaster.master][INFO] 2025-11-18 22:07:36,307: +PARAM [/mobile_base_controller/space/xyz/max_velocity] by /roslaunch
[rosmaster.master][INFO] 2025-11-18 22:07:36,307: +PARAM [/torso_controller/type] by /roslaunch
[rosmaster.master][INFO] 2025-11-18 22:07:36,307: +PARAM [/torso_controller/joints] by /roslaunch
[rosmaster.master][INFO] 2025-11-18 22:07:36,307: +PARAM [/torso_controller/constraints/goal_time] by /roslaunch
[rosmaster.master][INFO] 2025-11-18 22:07:36,307: +PARAM [/torso_controller/constraints/stopped_velocity_tolerance] by /roslaunch
[rosmaster.master][INFO] 2025-11-18 22:07:36,307: +PARAM [/torso_controller/constraints/torso_lift_joint/goal] by /roslaunch
[rosmaster.master][INFO] 2025-11-18 22:07:36,307: +PARAM [/head_controller/type] by /roslaunch
[rosmaster.master][INFO] 2025-11-18 22:07:36,307: +PARAM [/head_controller/joints] by /roslaunch
[rosmaster.master][INFO] 2025-11-18 22:07:36,307: +PARAM [/head_controller/constraints/goal_time] by /roslaunch
[rosmaster.master][INFO] 2025-11-18 22:07:36,307: +PARAM [/head_controller/constraints/stopped_velocity_tolerance] by /roslaunch
[rosmaster.master][INFO] 2025-11-18 22:07:36,307: +PARAM [/head_controller/constraints/head_1_joint/goal] by /roslaunch
[rosmaster.master][INFO] 2025-11-18 22:07:36,307: +PARAM [/head_controller/constraints/head_2_joint/goal] by /roslaunch
[rosmaster.master][INFO] 2025-11-18 22:07:36,307: +PARAM [/arm_controller/type] by /roslaunch
[rosmaster.master][INFO] 2025-11-18 22:07:36,307: +PARAM [/arm_controller/joints] by /roslaunch
[rosmaster.master][INFO] 2025-11-18 22:07:36,307: +PARAM [/arm_controller/constraints/goal_time] by /roslaunch
[rosmaster.master][INFO] 2025-11-18 22:07:36,308: +PARAM [/arm_controller/constraints/stopped_velocity_tolerance] by /roslaunch
[rosmaster.master][INFO] 2025-11-18 22:07:36,308: +PARAM [/arm_controller/constraints/arm_1_joint/goal] by /roslaunch
[rosmaster.master][INFO] 2025-11-18 22:07:36,308: +PARAM [/arm_controller/constraints/arm_2_joint/goal] by /roslaunch
[rosmaster.master][INFO] 2025-11-18 22:07:36,308: +PARAM [/arm_controller/constraints/arm_3_joint/goal] by /roslaunch
[rosmaster.master][INFO] 2025-11-18 22:07:36,308: +PARAM [/arm_controller/constraints/arm_4_joint/goal] by /roslaunch
[rosmaster.master][INFO] 2025-11-18 22:07:36,308: +PARAM [/arm_controller/constraints/arm_5_joint/goal] by /roslaunch
[rosmaster.master][INFO] 2025-11-18 22:07:36,308: +PARAM [/arm_controller/constraints/arm_6_joint/goal] by /roslaunch
[rosmaster.master][INFO] 2025-11-18 22:07:36,308: +PARAM [/arm_controller/constraints/arm_7_joint/goal] by /roslaunch
[rosmaster.master][INFO] 2025-11-18 22:07:36,308: +PARAM [/joint_state_controller/type] by /roslaunch
[rosmaster.master][INFO] 2025-11-18 22:07:36,308: +PARAM [/joint_state_controller/publish_rate] by /roslaunch
[rosmaster.master][INFO] 2025-11-18 22:07:36,308: +PARAM [/head_controller/point_head_action/pan_link] by /roslaunch
[rosmaster.master][INFO] 2025-11-18 22:07:36,308: +PARAM [/head_controller/point_head_action/tilt_link] by /roslaunch
[rosmaster.master][INFO] 2025-11-18 22:07:36,308: +PARAM [/head_controller/point_head_action/success_angle_threshold] by /roslaunch
[rosmaster.master][INFO] 2025-11-18 22:07:36,308: +PARAM [/imu_sensor_controller/type] by /roslaunch
[rosmaster.master][INFO] 2025-11-18 22:07:36,308: +PARAM [/imu_sensor_controller/publish_rate] by /roslaunch
[rosmaster.master][INFO] 2025-11-18 22:07:36,308: +PARAM [/force_torque_sensor_controller/type] by /roslaunch
[rosmaster.master][INFO] 2025-11-18 22:07:36,308: +PARAM [/force_torque_sensor_controller/publish_rate] by /roslaunch
[rosmaster.master][INFO] 2025-11-18 22:07:36,308: +PARAM [/gripper_controller/type] by /roslaunch
[rosmaster.master][INFO] 2025-11-18 22:07:36,308: +PARAM [/gripper_controller/joints] by /roslaunch
[rosmaster.master][INFO] 2025-11-18 22:07:36,308: +PARAM [/gripper_controller/constraints/goal_time] by /roslaunch
[rosmaster.master][INFO] 2025-11-18 22:07:36,309: +PARAM [/gripper_controller/constraints/stopped_velocity_tolerance] by /roslaunch
[rosmaster.master][INFO] 2025-11-18 22:07:36,309: +PARAM [/gripper_controller/constraints/gripper_right_finger_joint/goal] by /roslaunch
[rosmaster.master][INFO] 2025-11-18 22:07:36,309: +PARAM [/gripper_controller/constraints/gripper_left_finger_joint/goal] by /roslaunch
[rosmaster.master][INFO] 2025-11-18 22:07:36,309: +PARAM [/home_gripper/suffix] by /roslaunch
[rosmaster.master][INFO] 2025-11-18 22:07:36,309: +PARAM [/play_motion/controllers] by /roslaunch
[rosmaster.master][INFO] 2025-11-18 22:07:36,309: +PARAM [/play_motion/motions/home/joints] by /roslaunch
[rosmaster.master][INFO] 2025-11-18 22:07:36,309: +PARAM [/play_motion/motions/home/points] by /roslaunch
[rosmaster.master][INFO] 2025-11-18 22:07:36,309: +PARAM [/play_motion/motions/home/meta/name] by /roslaunch
[rosmaster.master][INFO] 2025-11-18 22:07:36,309: +PARAM [/play_motion/motions/home/meta/usage] by /roslaunch
[rosmaster.master][INFO] 2025-11-18 22:07:36,309: +PARAM [/play_motion/motions/home/meta/description] by /roslaunch
[rosmaster.master][INFO] 2025-11-18 22:07:36,309: +PARAM [/play_motion/motions/unfold_arm/joints] by /roslaunch
[rosmaster.master][INFO] 2025-11-18 22:07:36,309: +PARAM [/play_motion/motions/unfold_arm/points] by /roslaunch
[rosmaster.master][INFO] 2025-11-18 22:07:36,309: +PARAM [/play_motion/motions/unfold_arm/meta/name] by /roslaunch
[rosmaster.master][INFO] 2025-11-18 22:07:36,309: +PARAM [/play_motion/motions/unfold_arm/meta/usage] by /roslaunch
[rosmaster.master][INFO] 2025-11-18 22:07:36,309: +PARAM [/play_motion/motions/unfold_arm/meta/description] by /roslaunch
[rosmaster.master][INFO] 2025-11-18 22:07:36,309: +PARAM [/play_motion/motions/reach_floor/joints] by /roslaunch
[rosmaster.master][INFO] 2025-11-18 22:07:36,309: +PARAM [/play_motion/motions/reach_floor/points] by /roslaunch
[rosmaster.master][INFO] 2025-11-18 22:07:36,309: +PARAM [/play_motion/motions/reach_floor/meta/name] by /roslaunch
[rosmaster.master][INFO] 2025-11-18 22:07:36,309: +PARAM [/play_motion/motions/reach_floor/meta/usage] by /roslaunch
[rosmaster.master][INFO] 2025-11-18 22:07:36,309: +PARAM [/play_motion/motions/reach_floor/meta/description] by /roslaunch
[rosmaster.master][INFO] 2025-11-18 22:07:36,310: +PARAM [/play_motion/motions/reach_max/joints] by /roslaunch
[rosmaster.master][INFO] 2025-11-18 22:07:36,310: +PARAM [/play_motion/motions/reach_max/points] by /roslaunch
[rosmaster.master][INFO] 2025-11-18 22:07:36,310: +PARAM [/play_motion/motions/reach_max/meta/name] by /roslaunch
[rosmaster.master][INFO] 2025-11-18 22:07:36,310: +PARAM [/play_motion/motions/reach_max/meta/usage] by /roslaunch
[rosmaster.master][INFO] 2025-11-18 22:07:36,310: +PARAM [/play_motion/motions/reach_max/meta/description] by /roslaunch
[rosmaster.master][INFO] 2025-11-18 22:07:36,310: +PARAM [/play_motion/motions/prepare_grasp/joints] by /roslaunch
[rosmaster.master][INFO] 2025-11-18 22:07:36,310: +PARAM [/play_motion/motions/prepare_grasp/points] by /roslaunch
[rosmaster.master][INFO] 2025-11-18 22:07:36,310: +PARAM [/play_motion/motions/prepare_grasp/meta/name] by /roslaunch
[rosmaster.master][INFO] 2025-11-18 22:07:36,310: +PARAM [/play_motion/motions/prepare_grasp/meta/usage] by /roslaunch
[rosmaster.master][INFO] 2025-11-18 22:07:36,310: +PARAM [/play_motion/motions/prepare_grasp/meta/description] by /roslaunch
[rosmaster.master][INFO] 2025-11-18 22:07:36,310: +PARAM [/play_motion/motions/inspect_surroundings/joints] by /roslaunch
[rosmaster.master][INFO] 2025-11-18 22:07:36,310: +PARAM [/play_motion/motions/inspect_surroundings/points] by /roslaunch
[rosmaster.master][INFO] 2025-11-18 22:07:36,310: +PARAM [/play_motion/motions/inspect_surroundings/meta/name] by /roslaunch
[rosmaster.master][INFO] 2025-11-18 22:07:36,310: +PARAM [/play_motion/motions/inspect_surroundings/meta/usage] by /roslaunch
[rosmaster.master][INFO] 2025-11-18 22:07:36,310: +PARAM [/play_motion/motions/inspect_surroundings/meta/description] by /roslaunch
[rosmaster.master][INFO] 2025-11-18 22:07:36,310: +PARAM [/play_motion/motions/close_gripper/joints] by /roslaunch
[rosmaster.master][INFO] 2025-11-18 22:07:36,310: +PARAM [/play_motion/motions/close_gripper/points] by /roslaunch
[rosmaster.master][INFO] 2025-11-18 22:07:36,310: +PARAM [/play_motion/motions/close/joints] by /roslaunch
[rosmaster.master][INFO] 2025-11-18 22:07:36,310: +PARAM [/play_motion/motions/close/points] by /roslaunch
[rosmaster.master][INFO] 2025-11-18 22:07:36,310: +PARAM [/play_motion/motions/close/meta/name] by /roslaunch
[rosmaster.master][INFO] 2025-11-18 22:07:36,311: +PARAM [/play_motion/motions/close/meta/usage] by /roslaunch
[rosmaster.master][INFO] 2025-11-18 22:07:36,311: +PARAM [/play_motion/motions/close/meta/description] by /roslaunch
[rosmaster.master][INFO] 2025-11-18 22:07:36,311: +PARAM [/play_motion/motions/close_gripper_half/joints] by /roslaunch
[rosmaster.master][INFO] 2025-11-18 22:07:36,311: +PARAM [/play_motion/motions/close_gripper_half/points] by /roslaunch
[rosmaster.master][INFO] 2025-11-18 22:07:36,311: +PARAM [/play_motion/motions/close_half/joints] by /roslaunch
[rosmaster.master][INFO] 2025-11-18 22:07:36,311: +PARAM [/play_motion/motions/close_half/points] by /roslaunch
[rosmaster.master][INFO] 2025-11-18 22:07:36,311: +PARAM [/play_motion/motions/close_half/meta/name] by /roslaunch
[rosmaster.master][INFO] 2025-11-18 22:07:36,311: +PARAM [/play_motion/motions/close_half/meta/usage] by /roslaunch
[rosmaster.master][INFO] 2025-11-18 22:07:36,311: +PARAM [/play_motion/motions/close_half/meta/description] by /roslaunch
[rosmaster.master][INFO] 2025-11-18 22:07:36,311: +PARAM [/play_motion/motions/open_gripper/joints] by /roslaunch
[rosmaster.master][INFO] 2025-11-18 22:07:36,311: +PARAM [/play_motion/motions/open_gripper/points] by /roslaunch
[rosmaster.master][INFO] 2025-11-18 22:07:36,311: +PARAM [/play_motion/motions/open/joints] by /roslaunch
[rosmaster.master][INFO] 2025-11-18 22:07:36,311: +PARAM [/play_motion/motions/open/points] by /roslaunch
[rosmaster.master][INFO] 2025-11-18 22:07:36,311: +PARAM [/play_motion/motions/open/meta/name] by /roslaunch
[rosmaster.master][INFO] 2025-11-18 22:07:36,311: +PARAM [/play_motion/motions/open/meta/usage] by /roslaunch
[rosmaster.master][INFO] 2025-11-18 22:07:36,311: +PARAM [/play_motion/motions/open/meta/description] by /roslaunch
[rosmaster.master][INFO] 2025-11-18 22:07:36,311: +PARAM [/play_motion/motions/point/joints] by /roslaunch
[rosmaster.master][INFO] 2025-11-18 22:07:36,311: +PARAM [/play_motion/motions/point/points] by /roslaunch
[rosmaster.master][INFO] 2025-11-18 22:07:36,311: +PARAM [/play_motion/motions/point/meta/name] by /roslaunch
[rosmaster.master][INFO] 2025-11-18 22:07:36,311: +PARAM [/play_motion/motions/point/meta/usage] by /roslaunch
[rosmaster.master][INFO] 2025-11-18 22:07:36,312: +PARAM [/play_motion/motions/point/meta/description] by /roslaunch
[rosmaster.master][INFO] 2025-11-18 22:07:36,312: +PARAM [/play_motion/motions/wave/joints] by /roslaunch
[rosmaster.master][INFO] 2025-11-18 22:07:36,312: +PARAM [/play_motion/motions/wave/points] by /roslaunch
[rosmaster.master][INFO] 2025-11-18 22:07:36,312: +PARAM [/play_motion/motions/wave/meta/name] by /roslaunch
[rosmaster.master][INFO] 2025-11-18 22:07:36,312: +PARAM [/play_motion/motions/wave/meta/usage] by /roslaunch
[rosmaster.master][INFO] 2025-11-18 22:07:36,312: +PARAM [/play_motion/motions/wave/meta/description] by /roslaunch
[rosmaster.master][INFO] 2025-11-18 22:07:36,312: +PARAM [/play_motion/motions/pregrasp_weight/joints] by /roslaunch
[rosmaster.master][INFO] 2025-11-18 22:07:36,312: +PARAM [/play_motion/motions/pregrasp_weight/points] by /roslaunch
[rosmaster.master][INFO] 2025-11-18 22:07:36,312: +PARAM [/play_motion/motions/pregrasp_weight/meta/name] by /roslaunch
[rosmaster.master][INFO] 2025-11-18 22:07:36,312: +PARAM [/play_motion/motions/pregrasp_weight/meta/usage] by /roslaunch
[rosmaster.master][INFO] 2025-11-18 22:07:36,312: +PARAM [/play_motion/motions/pregrasp_weight/meta/description] by /roslaunch
[rosmaster.master][INFO] 2025-11-18 22:07:36,312: +PARAM [/play_motion/motions/do_weights/joints] by /roslaunch
[rosmaster.master][INFO] 2025-11-18 22:07:36,312: +PARAM [/play_motion/motions/do_weights/points] by /roslaunch
[rosmaster.master][INFO] 2025-11-18 22:07:36,312: +PARAM [/play_motion/motions/do_weights/meta/name] by /roslaunch
[rosmaster.master][INFO] 2025-11-18 22:07:36,312: +PARAM [/play_motion/motions/do_weights/meta/usage] by /roslaunch
[rosmaster.master][INFO] 2025-11-18 22:07:36,312: +PARAM [/play_motion/motions/do_weights/meta/description] by /roslaunch
[rosmaster.master][INFO] 2025-11-18 22:07:36,312: +PARAM [/play_motion/motions/offer_gripper/joints] by /roslaunch
[rosmaster.master][INFO] 2025-11-18 22:07:36,312: +PARAM [/play_motion/motions/offer_gripper/points] by /roslaunch
[rosmaster.master][INFO] 2025-11-18 22:07:36,312: +PARAM [/play_motion/motions/offer/joints] by /roslaunch
[rosmaster.master][INFO] 2025-11-18 22:07:36,313: +PARAM [/play_motion/motions/offer/points] by /roslaunch
[rosmaster.master][INFO] 2025-11-18 22:07:36,313: +PARAM [/play_motion/motions/offer/meta/name] by /roslaunch
[rosmaster.master][INFO] 2025-11-18 22:07:36,313: +PARAM [/play_motion/motions/offer/meta/usage] by /roslaunch
[rosmaster.master][INFO] 2025-11-18 22:07:36,313: +PARAM [/play_motion/motions/offer/meta/description] by /roslaunch
[rosmaster.master][INFO] 2025-11-18 22:07:36,313: +PARAM [/play_motion/motions/shake_hands/joints] by /roslaunch
[rosmaster.master][INFO] 2025-11-18 22:07:36,313: +PARAM [/play_motion/motions/shake_hands/points] by /roslaunch
[rosmaster.master][INFO] 2025-11-18 22:07:36,313: +PARAM [/play_motion/motions/shake_hands/meta/name] by /roslaunch
[rosmaster.master][INFO] 2025-11-18 22:07:36,313: +PARAM [/play_motion/motions/shake_hands/meta/usage] by /roslaunch
[rosmaster.master][INFO] 2025-11-18 22:07:36,313: +PARAM [/play_motion/motions/shake_hands/meta/description] by /roslaunch
[rosmaster.master][INFO] 2025-11-18 22:07:36,313: +PARAM [/play_motion/motions/pick_from_floor/joints] by /roslaunch
[rosmaster.master][INFO] 2025-11-18 22:07:36,313: +PARAM [/play_motion/motions/pick_from_floor/points] by /roslaunch
[rosmaster.master][INFO] 2025-11-18 22:07:36,313: +PARAM [/play_motion/motions/pick_from_floor/meta/name] by /roslaunch
[rosmaster.master][INFO] 2025-11-18 22:07:36,313: +PARAM [/play_motion/motions/pick_from_floor/meta/usage] by /roslaunch
[rosmaster.master][INFO] 2025-11-18 22:07:36,313: +PARAM [/play_motion/motions/pick_from_floor/meta/description] by /roslaunch
[rosmaster.master][INFO] 2025-11-18 22:07:36,313: +PARAM [/play_motion/motions/head_tour/joints] by /roslaunch
[rosmaster.master][INFO] 2025-11-18 22:07:36,313: +PARAM [/play_motion/motions/head_tour/points] by /roslaunch
[rosmaster.master][INFO] 2025-11-18 22:07:36,313: +PARAM [/play_motion/motions/head_tour/meta/name] by /roslaunch
[rosmaster.master][INFO] 2025-11-18 22:07:36,313: +PARAM [/play_motion/motions/head_tour/meta/usage] by /roslaunch
[rosmaster.master][INFO] 2025-11-18 22:07:36,313: +PARAM [/play_motion/motions/head_tour/meta/description] by /roslaunch
[rosmaster.master][INFO] 2025-11-18 22:07:36,313: +PARAM [/play_motion/disable_motion_planning] by /roslaunch
[rosmaster.master][INFO] 2025-11-18 22:07:36,313: +PARAM [/play_motion/approach_planner/planning_groups] by /roslaunch
[rosmaster.master][INFO] 2025-11-18 22:07:36,314: +PARAM [/play_motion/approach_planner/exclude_from_planning_joints] by /roslaunch
[rosmaster.master][INFO] 2025-11-18 22:07:36,314: +PARAM [/play_motion/approach_planner/joint_tolerance] by /roslaunch
[rosmaster.master][INFO] 2025-11-18 22:07:36,314: +PARAM [/play_motion/approach_planner/skip_planning_approach_vel] by /roslaunch
[rosmaster.master][INFO] 2025-11-18 22:07:36,314: +PARAM [/play_motion/approach_planner/skip_planning_approach_min_dur] by /roslaunch
[rosmaster.master][INFO] 2025-11-18 22:07:36,314: +PARAM [/robot_description_semantic] by /roslaunch
[rosmaster.master][INFO] 2025-11-18 22:07:36,314: +PARAM [/move_group/robot_description_planning/default_robot_link_padding/arm_5_link] by /roslaunch
[rosmaster.master][INFO] 2025-11-18 22:07:36,314: +PARAM [/robot_description_planning/default_velocity_scaling_factor] by /roslaunch
[rosmaster.master][INFO] 2025-11-18 22:07:36,314: +PARAM [/robot_description_planning/joint_limits/arm_2_joint/has_velocity_limits] by /roslaunch
[rosmaster.master][INFO] 2025-11-18 22:07:36,314: +PARAM [/robot_description_planning/joint_limits/arm_2_joint/max_velocity] by /roslaunch
[rosmaster.master][INFO] 2025-11-18 22:07:36,314: +PARAM [/robot_description_planning/joint_limits/arm_2_joint/has_acceleration_limits] by /roslaunch
[rosmaster.master][INFO] 2025-11-18 22:07:36,314: +PARAM [/robot_description_planning/joint_limits/arm_2_joint/max_acceleration] by /roslaunch
[rosmaster.master][INFO] 2025-11-18 22:07:36,314: +PARAM [/robot_description_planning/joint_limits/arm_1_joint/has_velocity_limits] by /roslaunch
[rosmaster.master][INFO] 2025-11-18 22:07:36,314: +PARAM [/robot_description_planning/joint_limits/arm_1_joint/max_velocity] by /roslaunch
[rosmaster.master][INFO] 2025-11-18 22:07:36,314: +PARAM [/robot_description_planning/joint_limits/arm_1_joint/has_acceleration_limits] by /roslaunch
[rosmaster.master][INFO] 2025-11-18 22:07:36,314: +PARAM [/robot_description_planning/joint_limits/arm_1_joint/max_acceleration] by /roslaunch
[rosmaster.master][INFO] 2025-11-18 22:07:36,314: +PARAM [/robot_description_planning/joint_limits/arm_6_joint/has_velocity_limits] by /roslaunch
[rosmaster.master][INFO] 2025-11-18 22:07:36,314: +PARAM [/robot_description_planning/joint_limits/arm_6_joint/max_velocity] by /roslaunch
[rosmaster.master][INFO] 2025-11-18 22:07:36,314: +PARAM [/robot_description_planning/joint_limits/arm_6_joint/has_acceleration_limits] by /roslaunch
[rosmaster.master][INFO] 2025-11-18 22:07:36,314: +PARAM [/robot_description_planning/joint_limits/arm_6_joint/max_acceleration] by /roslaunch
[rosmaster.master][INFO] 2025-11-18 22:07:36,314: +PARAM [/robot_description_planning/joint_limits/arm_7_joint/has_velocity_limits] by /roslaunch
[rosmaster.master][INFO] 2025-11-18 22:07:36,314: +PARAM [/robot_description_planning/joint_limits/arm_7_joint/max_velocity] by /roslaunch
[rosmaster.master][INFO] 2025-11-18 22:07:36,314: +PARAM [/robot_description_planning/joint_limits/arm_7_joint/has_acceleration_limits] by /roslaunch
[rosmaster.master][INFO] 2025-11-18 22:07:36,315: +PARAM [/robot_description_planning/joint_limits/arm_7_joint/max_acceleration] by /roslaunch
[rosmaster.master][INFO] 2025-11-18 22:07:36,315: +PARAM [/robot_description_planning/joint_limits/arm_4_joint/has_velocity_limits] by /roslaunch
[rosmaster.master][INFO] 2025-11-18 22:07:36,315: +PARAM [/robot_description_planning/joint_limits/arm_4_joint/max_velocity] by /roslaunch
[rosmaster.master][INFO] 2025-11-18 22:07:36,315: +PARAM [/robot_description_planning/joint_limits/arm_4_joint/has_acceleration_limits] by /roslaunch
[rosmaster.master][INFO] 2025-11-18 22:07:36,315: +PARAM [/robot_description_planning/joint_limits/arm_4_joint/max_acceleration] by /roslaunch
[rosmaster.master][INFO] 2025-11-18 22:07:36,315: +PARAM [/robot_description_planning/joint_limits/arm_5_joint/has_velocity_limits] by /roslaunch
[rosmaster.master][INFO] 2025-11-18 22:07:36,315: +PARAM [/robot_description_planning/joint_limits/arm_5_joint/max_velocity] by /roslaunch
[rosmaster.master][INFO] 2025-11-18 22:07:36,315: +PARAM [/robot_description_planning/joint_limits/arm_5_joint/has_acceleration_limits] by /roslaunch
[rosmaster.master][INFO] 2025-11-18 22:07:36,315: +PARAM [/robot_description_planning/joint_limits/arm_5_joint/max_acceleration] by /roslaunch
[rosmaster.master][INFO] 2025-11-18 22:07:36,315: +PARAM [/robot_description_planning/joint_limits/arm_3_joint/has_velocity_limits] by /roslaunch
[rosmaster.master][INFO] 2025-11-18 22:07:36,315: +PARAM [/robot_description_planning/joint_limits/arm_3_joint/max_velocity] by /roslaunch
[rosmaster.master][INFO] 2025-11-18 22:07:36,315: +PARAM [/robot_description_planning/joint_limits/arm_3_joint/has_acceleration_limits] by /roslaunch
[rosmaster.master][INFO] 2025-11-18 22:07:36,315: +PARAM [/robot_description_planning/joint_limits/arm_3_joint/max_acceleration] by /roslaunch
[rosmaster.master][INFO] 2025-11-18 22:07:36,315: +PARAM [/robot_description_planning/joint_limits/torso_lift_joint/has_velocity_limits] by /roslaunch
[rosmaster.master][INFO] 2025-11-18 22:07:36,315: +PARAM [/robot_description_planning/joint_limits/torso_lift_joint/max_velocity] by /roslaunch
[rosmaster.master][INFO] 2025-11-18 22:07:36,315: +PARAM [/robot_description_planning/joint_limits/torso_lift_joint/has_acceleration_limits] by /roslaunch
[rosmaster.master][INFO] 2025-11-18 22:07:36,315: +PARAM [/robot_description_planning/joint_limits/torso_lift_joint/max_acceleration] by /roslaunch
[rosmaster.master][INFO] 2025-11-18 22:07:36,315: +PARAM [/robot_description_planning/joint_limits/gripper_left_finger_joint/has_velocity_limits] by /roslaunch
[rosmaster.master][INFO] 2025-11-18 22:07:36,315: +PARAM [/robot_description_planning/joint_limits/gripper_left_finger_joint/max_velocity] by /roslaunch
[rosmaster.master][INFO] 2025-11-18 22:07:36,315: +PARAM [/robot_description_planning/joint_limits/gripper_left_finger_joint/has_acceleration_limits] by /roslaunch
[rosmaster.master][INFO] 2025-11-18 22:07:36,315: +PARAM [/robot_description_planning/joint_limits/gripper_left_finger_joint/max_acceleration] by /roslaunch
[rosmaster.master][INFO] 2025-11-18 22:07:36,316: +PARAM [/robot_description_planning/joint_limits/gripper_right_finger_joint/has_velocity_limits] by /roslaunch
[rosmaster.master][INFO] 2025-11-18 22:07:36,316: +PARAM [/robot_description_planning/joint_limits/gripper_right_finger_joint/max_velocity] by /roslaunch
[rosmaster.master][INFO] 2025-11-18 22:07:36,316: +PARAM [/robot_description_planning/joint_limits/gripper_right_finger_joint/has_acceleration_limits] by /roslaunch
[rosmaster.master][INFO] 2025-11-18 22:07:36,316: +PARAM [/robot_description_planning/joint_limits/gripper_right_finger_joint/max_acceleration] by /roslaunch
[rosmaster.master][INFO] 2025-11-18 22:07:36,316: +PARAM [/robot_description_planning/joint_limits/gripper_finger_joint/has_velocity_limits] by /roslaunch
[rosmaster.master][INFO] 2025-11-18 22:07:36,316: +PARAM [/robot_description_planning/joint_limits/gripper_finger_joint/max_velocity] by /roslaunch
[rosmaster.master][INFO] 2025-11-18 22:07:36,316: +PARAM [/robot_description_planning/joint_limits/gripper_finger_joint/has_acceleration_limits] by /roslaunch
[rosmaster.master][INFO] 2025-11-18 22:07:36,316: +PARAM [/robot_description_planning/joint_limits/gripper_finger_joint/max_acceleration] by /roslaunch
[rosmaster.master][INFO] 2025-11-18 22:07:36,316: +PARAM [/robot_description_kinematics/arm_torso/kinematics_solver] by /roslaunch
[rosmaster.master][INFO] 2025-11-18 22:07:36,316: +PARAM [/robot_description_kinematics/arm_torso/kinematics_solver_search_resolution] by /roslaunch
[rosmaster.master][INFO] 2025-11-18 22:07:36,316: +PARAM [/robot_description_kinematics/arm_torso/kinematics_solver_timeout] by /roslaunch
[rosmaster.master][INFO] 2025-11-18 22:07:36,316: +PARAM [/robot_description_kinematics/arm_torso/kinematics_solver_attempts] by /roslaunch
[rosmaster.master][INFO] 2025-11-18 22:07:36,316: +PARAM [/robot_description_kinematics/arm/kinematics_solver] by /roslaunch
[rosmaster.master][INFO] 2025-11-18 22:07:36,316: +PARAM [/robot_description_kinematics/arm/kinematics_solver_search_resolution] by /roslaunch
[rosmaster.master][INFO] 2025-11-18 22:07:36,316: +PARAM [/robot_description_kinematics/arm/kinematics_solver_timeout] by /roslaunch
[rosmaster.master][INFO] 2025-11-18 22:07:36,316: +PARAM [/robot_description_kinematics/arm/kinematics_solver_attempts] by /roslaunch
[rosmaster.master][INFO] 2025-11-18 22:07:36,316: +PARAM [/move_group/planning_plugin] by /roslaunch
[rosmaster.master][INFO] 2025-11-18 22:07:36,316: +PARAM [/move_group/request_adapters] by /roslaunch
[rosmaster.master][INFO] 2025-11-18 22:07:36,316: +PARAM [/move_group/start_state_max_bounds_error] by /roslaunch
[rosmaster.master][INFO] 2025-11-18 22:07:36,317: +PARAM [/move_group/planner_configs/SBLkConfigDefault/type] by /roslaunch
[rosmaster.master][INFO] 2025-11-18 22:07:36,317: +PARAM [/move_group/planner_configs/ESTkConfigDefault/type] by /roslaunch
[rosmaster.master][INFO] 2025-11-18 22:07:36,317: +PARAM [/move_group/planner_configs/LBKPIECEkConfigDefault/type] by /roslaunch
[rosmaster.master][INFO] 2025-11-18 22:07:36,317: +PARAM [/move_group/planner_configs/BKPIECEkConfigDefault/type] by /roslaunch
[rosmaster.master][INFO] 2025-11-18 22:07:36,317: +PARAM [/move_group/planner_configs/KPIECEkConfigDefault/type] by /roslaunch
[rosmaster.master][INFO] 2025-11-18 22:07:36,317: +PARAM [/move_group/planner_configs/RRTkConfigDefault/type] by /roslaunch
[rosmaster.master][INFO] 2025-11-18 22:07:36,317: +PARAM [/move_group/planner_configs/RRTConnectkConfigDefault/type] by /roslaunch
[rosmaster.master][INFO] 2025-11-18 22:07:36,317: +PARAM [/move_group/planner_configs/RRTstarkConfigDefault/type] by /roslaunch
[rosmaster.master][INFO] 2025-11-18 22:07:36,317: +PARAM [/move_group/planner_configs/TRRTkConfigDefault/type] by /roslaunch
[rosmaster.master][INFO] 2025-11-18 22:07:36,317: +PARAM [/move_group/planner_configs/PRMkConfigDefault/type] by /roslaunch
[rosmaster.master][INFO] 2025-11-18 22:07:36,317: +PARAM [/move_group/planner_configs/PRMstarkConfigDefault/type] by /roslaunch
[rosmaster.master][INFO] 2025-11-18 22:07:36,317: +PARAM [/move_group/arm_torso/planner_configs] by /roslaunch
[rosmaster.master][INFO] 2025-11-18 22:07:36,317: +PARAM [/move_group/arm_torso/projection_evaluator] by /roslaunch
[rosmaster.master][INFO] 2025-11-18 22:07:36,317: +PARAM [/move_group/arm_torso/longest_valid_segment_fraction] by /roslaunch
[rosmaster.master][INFO] 2025-11-18 22:07:36,317: +PARAM [/move_group/arm/planner_configs] by /roslaunch
[rosmaster.master][INFO] 2025-11-18 22:07:36,317: +PARAM [/move_group/arm/projection_evaluator] by /roslaunch
[rosmaster.master][INFO] 2025-11-18 22:07:36,317: +PARAM [/move_group/arm/longest_valid_segment_fraction] by /roslaunch
[rosmaster.master][INFO] 2025-11-18 22:07:36,317: +PARAM [/move_group/moveit_manage_controllers] by /roslaunch
[rosmaster.master][INFO] 2025-11-18 22:07:36,317: +PARAM [/move_group/trajectory_execution/allowed_execution_duration_scaling] by /roslaunch
[rosmaster.master][INFO] 2025-11-18 22:07:36,317: +PARAM [/move_group/trajectory_execution/allowed_goal_duration_margin] by /roslaunch
[rosmaster.master][INFO] 2025-11-18 22:07:36,317: +PARAM [/move_group/moveit_controller_manager] by /roslaunch
[rosmaster.master][INFO] 2025-11-18 22:07:36,318: +PARAM [/move_group/controller_manager_name] by /roslaunch
[rosmaster.master][INFO] 2025-11-18 22:07:36,318: +PARAM [/move_group/use_controller_manager] by /roslaunch
[rosmaster.master][INFO] 2025-11-18 22:07:36,318: +PARAM [/move_group/controller_manager_ns] by /roslaunch
[rosmaster.master][INFO] 2025-11-18 22:07:36,318: +PARAM [/move_group/controller_list] by /roslaunch
[rosmaster.master][INFO] 2025-11-18 22:07:36,318: +PARAM [/move_group/allow_trajectory_execution] by /roslaunch
[rosmaster.master][INFO] 2025-11-18 22:07:36,318: +PARAM [/move_group/max_safe_path_cost] by /roslaunch
[rosmaster.master][INFO] 2025-11-18 22:07:36,318: +PARAM [/move_group/jiggle_fraction] by /roslaunch
[rosmaster.master][INFO] 2025-11-18 22:07:36,318: +PARAM [/move_group/capabilities] by /roslaunch
[rosmaster.master][INFO] 2025-11-18 22:07:36,318: +PARAM [/move_group/disable_capabilities] by /roslaunch
[rosmaster.master][INFO] 2025-11-18 22:07:36,318: +PARAM [/move_group/planning_scene_monitor/publish_planning_scene] by /roslaunch
[rosmaster.master][INFO] 2025-11-18 22:07:36,318: +PARAM [/move_group/planning_scene_monitor/publish_geometry_updates] by /roslaunch
[rosmaster.master][INFO] 2025-11-18 22:07:36,318: +PARAM [/move_group/planning_scene_monitor/publish_state_updates] by /roslaunch
[rosmaster.master][INFO] 2025-11-18 22:07:36,318: +PARAM [/move_group/planning_scene_monitor/publish_transforms_updates] by /roslaunch
[rosmaster.master][INFO] 2025-11-18 22:07:36,318: +PARAM [/robot_state_publisher/publish_frequency] by /roslaunch
[rosmaster.master][INFO] 2025-11-18 22:07:36,318: +PARAM [/robot_state_publisher/tf_prefix] by /roslaunch
[rosmaster.master][INFO] 2025-11-18 22:07:36,318: +PARAM [/twist_mux/locks] by /roslaunch
[rosmaster.master][INFO] 2025-11-18 22:07:36,318: +PARAM [/twist_mux/topics] by /roslaunch
[rosmaster.master][INFO] 2025-11-18 22:07:36,318: +PARAM [/joystick_relay/priority] by /roslaunch
[rosmaster.master][INFO] 2025-11-18 22:07:36,318: +PARAM [/joystick_relay/turbo/linear_forward_min] by /roslaunch
[rosmaster.master][INFO] 2025-11-18 22:07:36,318: +PARAM [/joystick_relay/turbo/linear_forward_max] by /roslaunch
[rosmaster.master][INFO] 2025-11-18 22:07:36,318: +PARAM [/joystick_relay/turbo/linear_backward_min] by /roslaunch
[rosmaster.master][INFO] 2025-11-18 22:07:36,318: +PARAM [/joystick_relay/turbo/linear_backward_max] by /roslaunch
[rosmaster.master][INFO] 2025-11-18 22:07:36,319: +PARAM [/joystick_relay/turbo/angular_min] by /roslaunch
[rosmaster.master][INFO] 2025-11-18 22:07:36,319: +PARAM [/joystick_relay/turbo/angular_max] by /roslaunch
[rosmaster.master][INFO] 2025-11-18 22:07:36,319: +PARAM [/joystick_relay/turbo/steps] by /roslaunch
[rosmaster.master][INFO] 2025-11-18 22:07:36,319: +PARAM [/dynamic_footprint_publisher/footprint] by /roslaunch
[rosmaster.master][INFO] 2025-11-18 22:07:36,319: +PARAM [/dynamic_footprint_publisher/link_list] by /roslaunch
[rosmaster.master][INFO] 2025-11-18 22:07:36,319: +PARAM [/dynamic_footprint_publisher/padding] by /roslaunch
[rosmaster.master][INFO] 2025-11-18 22:07:36,319: +PARAM [/collision_decomposition_description] by /roslaunch
[rosmaster.master][INFO] 2025-11-18 22:07:36,319: +PARAM [/extra_capsule_descriptions/arm_7_link/position] by /roslaunch
[rosmaster.master][INFO] 2025-11-18 22:07:36,319: +PARAM [/extra_capsule_descriptions/arm_7_link/orientation] by /roslaunch
[rosmaster.master][INFO] 2025-11-18 22:07:36,319: +PARAM [/extra_capsule_descriptions/arm_7_link/l] by /roslaunch
[rosmaster.master][INFO] 2025-11-18 22:07:36,319: +PARAM [/extra_capsule_descriptions/arm_7_link/r] by /roslaunch
[rosmaster.master][INFO] 2025-11-18 22:07:36,319: +PARAM [/capsule_collision_operations] by /roslaunch
[rosmaster.master][INFO] 2025-11-18 22:07:36,319: +PARAM [/whole_body_kinematic_controller/type] by /roslaunch
[rosmaster.master][INFO] 2025-11-18 22:07:36,319: +PARAM [/whole_body_kinematic_controller/useHead] by /roslaunch
[rosmaster.master][INFO] 2025-11-18 22:07:36,319: +PARAM [/whole_body_kinematic_controller/force_torque/wrist_ft/frame] by /roslaunch
[rosmaster.master][INFO] 2025-11-18 22:07:36,319: +PARAM [/whole_body_kinematic_controller/dt] by /roslaunch
[rosmaster.master][INFO] 2025-11-18 22:07:36,319: +PARAM [/whole_body_kinematic_controller/floating_base] by /roslaunch
[rosmaster.master][INFO] 2025-11-18 22:07:36,319: +PARAM [/whole_body_kinematic_controller/formulation] by /roslaunch
[rosmaster.master][INFO] 2025-11-18 22:07:36,319: +PARAM [/whole_body_kinematic_controller/stack_configuration] by /roslaunch
[rosmaster.master][INFO] 2025-11-18 22:07:36,319: +PARAM [/whole_body_kinematic_controller/solver_type] by /roslaunch
[rosmaster.master][INFO] 2025-11-18 22:07:36,319: +PARAM [/whole_body_kinematic_controller/initialize_bfp_tf] by /roslaunch
[rosmaster.master][INFO] 2025-11-18 22:07:36,319: +PARAM [/whole_body_kinematic_controller/use_home_posture] by /roslaunch
[rosmaster.master][INFO] 2025-11-18 22:07:36,320: +PARAM [/whole_body_kinematic_controller/use_odom] by /roslaunch
[rosmaster.master][INFO] 2025-11-18 22:07:36,320: +PARAM [/whole_body_kinematic_controller/robot_model_chains] by /roslaunch
[rosmaster.master][INFO] 2025-11-18 22:07:36,320: +PARAM [/whole_body_kinematic_controller/default_configuration/arm_1_joint] by /roslaunch
[rosmaster.master][INFO] 2025-11-18 22:07:36,320: +PARAM [/whole_body_kinematic_controller/default_configuration/arm_2_joint] by /roslaunch
[rosmaster.master][INFO] 2025-11-18 22:07:36,320: +PARAM [/whole_body_kinematic_controller/default_configuration/arm_3_joint] by /roslaunch
[rosmaster.master][INFO] 2025-11-18 22:07:36,320: +PARAM [/whole_body_kinematic_controller/default_configuration/arm_4_joint] by /roslaunch
[rosmaster.master][INFO] 2025-11-18 22:07:36,320: +PARAM [/whole_body_kinematic_controller/default_configuration/arm_5_joint] by /roslaunch
[rosmaster.master][INFO] 2025-11-18 22:07:36,320: +PARAM [/whole_body_kinematic_controller/default_configuration/arm_6_joint] by /roslaunch
[rosmaster.master][INFO] 2025-11-18 22:07:36,320: +PARAM [/whole_body_kinematic_controller/default_configuration/arm_7_joint] by /roslaunch
[rosmaster.master][INFO] 2025-11-18 22:07:36,320: +PARAM [/whole_body_kinematic_controller/default_configuration/head_1_joint] by /roslaunch
[rosmaster.master][INFO] 2025-11-18 22:07:36,320: +PARAM [/whole_body_kinematic_controller/default_configuration/head_2_joint] by /roslaunch
[rosmaster.master][INFO] 2025-11-18 22:07:36,320: +PARAM [/whole_body_kinematic_controller/default_configuration/torso_lift_joint] by /roslaunch
[rosmaster.master][INFO] 2025-11-18 22:07:36,320: +PARAM [/whole_body_kinematic_controller/joints/arm_1_joint/actuator_params/ball_screw_efficiency] by /roslaunch
[rosmaster.master][INFO] 2025-11-18 22:07:36,320: +PARAM [/whole_body_kinematic_controller/joints/arm_1_joint/actuator_params/ball_screw_lead] by /roslaunch
[rosmaster.master][INFO] 2025-11-18 22:07:36,320: +PARAM [/whole_body_kinematic_controller/joints/arm_1_joint/actuator_params/motor_torque_constant] by /roslaunch
[rosmaster.master][INFO] 2025-11-18 22:07:36,320: +PARAM [/whole_body_kinematic_controller/joints/arm_1_joint/actuator_params/torque_sensor_offset] by /roslaunch
[rosmaster.master][INFO] 2025-11-18 22:07:36,320: +PARAM [/whole_body_kinematic_controller/joints/arm_1_joint/actuator_params/reduction_ratio] by /roslaunch
[rosmaster.master][INFO] 2025-11-18 22:07:36,320: +PARAM [/whole_body_kinematic_controller/joints/arm_1_joint/actuator_params/actuator_names] by /roslaunch
[rosmaster.master][INFO] 2025-11-18 22:07:36,320: +PARAM [/whole_body_kinematic_controller/joints/arm_1_joint/actuator_params/check_mode] by /roslaunch
[rosmaster.master][INFO] 2025-11-18 22:07:36,320: +PARAM [/whole_body_kinematic_controller/joints/arm_1_joint/actuator_params/motor_inertia] by /roslaunch
[rosmaster.master][INFO] 2025-11-18 22:07:36,320: +PARAM [/whole_body_kinematic_controller/joints/arm_1_joint/actuator_params/static_friction] by /roslaunch
[rosmaster.master][INFO] 2025-11-18 22:07:36,320: +PARAM [/whole_body_kinematic_controller/joints/arm_1_joint/actuator_params/viscous_friction] by /roslaunch
[rosmaster.master][INFO] 2025-11-18 22:07:36,321: +PARAM [/whole_body_kinematic_controller/joints/arm_1_joint/actuator_params/joint_elasticity] by /roslaunch
[rosmaster.master][INFO] 2025-11-18 22:07:36,321: +PARAM [/whole_body_kinematic_controller/joints/arm_1_joint/actuator_params/joint_elasticity_damping] by /roslaunch
[rosmaster.master][INFO] 2025-11-18 22:07:36,321: +PARAM [/whole_body_kinematic_controller/joints/arm_1_joint/type] by /roslaunch
[rosmaster.master][INFO] 2025-11-18 22:07:36,321: +PARAM [/whole_body_kinematic_controller/joints/arm_1_joint/check_mode] by /roslaunch
[rosmaster.master][INFO] 2025-11-18 22:07:36,321: +PARAM [/whole_body_kinematic_controller/joints/arm_1_joint/open_loop] by /roslaunch
[rosmaster.master][INFO] 2025-11-18 22:07:36,321: +PARAM [/whole_body_kinematic_controller/joints/arm_2_joint/actuator_params/ball_screw_efficiency] by /roslaunch
[rosmaster.master][INFO] 2025-11-18 22:07:36,321: +PARAM [/whole_body_kinematic_controller/joints/arm_2_joint/actuator_params/ball_screw_lead] by /roslaunch
[rosmaster.master][INFO] 2025-11-18 22:07:36,321: +PARAM [/whole_body_kinematic_controller/joints/arm_2_joint/actuator_params/motor_torque_constant] by /roslaunch
[rosmaster.master][INFO] 2025-11-18 22:07:36,321: +PARAM [/whole_body_kinematic_controller/joints/arm_2_joint/actuator_params/torque_sensor_offset] by /roslaunch
[rosmaster.master][INFO] 2025-11-18 22:07:36,321: +PARAM [/whole_body_kinematic_controller/joints/arm_2_joint/actuator_params/reduction_ratio] by /roslaunch
[rosmaster.master][INFO] 2025-11-18 22:07:36,321: +PARAM [/whole_body_kinematic_controller/joints/arm_2_joint/actuator_params/actuator_names] by /roslaunch
[rosmaster.master][INFO] 2025-11-18 22:07:36,321: +PARAM [/whole_body_kinematic_controller/joints/arm_2_joint/actuator_params/check_mode] by /roslaunch
[rosmaster.master][INFO] 2025-11-18 22:07:36,321: +PARAM [/whole_body_kinematic_controller/joints/arm_2_joint/actuator_params/motor_inertia] by /roslaunch
[rosmaster.master][INFO] 2025-11-18 22:07:36,321: +PARAM [/whole_body_kinematic_controller/joints/arm_2_joint/actuator_params/static_friction] by /roslaunch
[rosmaster.master][INFO] 2025-11-18 22:07:36,321: +PARAM [/whole_body_kinematic_controller/joints/arm_2_joint/actuator_params/viscous_friction] by /roslaunch
[rosmaster.master][INFO] 2025-11-18 22:07:36,321: +PARAM [/whole_body_kinematic_controller/joints/arm_2_joint/actuator_params/joint_elasticity] by /roslaunch
[rosmaster.master][INFO] 2025-11-18 22:07:36,321: +PARAM [/whole_body_kinematic_controller/joints/arm_2_joint/actuator_params/joint_elasticity_damping] by /roslaunch
[rosmaster.master][INFO] 2025-11-18 22:07:36,321: +PARAM [/whole_body_kinematic_controller/joints/arm_2_joint/type] by /roslaunch
[rosmaster.master][INFO] 2025-11-18 22:07:36,322: +PARAM [/whole_body_kinematic_controller/joints/arm_2_joint/check_mode] by /roslaunch
[rosmaster.master][INFO] 2025-11-18 22:07:36,322: +PARAM [/whole_body_kinematic_controller/joints/arm_2_joint/open_loop] by /roslaunch
[rosmaster.master][INFO] 2025-11-18 22:07:36,322: +PARAM [/whole_body_kinematic_controller/joints/arm_3_joint/actuator_params/ball_screw_efficiency] by /roslaunch
[rosmaster.master][INFO] 2025-11-18 22:07:36,322: +PARAM [/whole_body_kinematic_controller/joints/arm_3_joint/actuator_params/ball_screw_lead] by /roslaunch
[rosmaster.master][INFO] 2025-11-18 22:07:36,322: +PARAM [/whole_body_kinematic_controller/joints/arm_3_joint/actuator_params/motor_torque_constant] by /roslaunch
[rosmaster.master][INFO] 2025-11-18 22:07:36,322: +PARAM [/whole_body_kinematic_controller/joints/arm_3_joint/actuator_params/torque_sensor_offset] by /roslaunch
[rosmaster.master][INFO] 2025-11-18 22:07:36,322: +PARAM [/whole_body_kinematic_controller/joints/arm_3_joint/actuator_params/reduction_ratio] by /roslaunch
[rosmaster.master][INFO] 2025-11-18 22:07:36,322: +PARAM [/whole_body_kinematic_controller/joints/arm_3_joint/actuator_params/actuator_names] by /roslaunch
[rosmaster.master][INFO] 2025-11-18 22:07:36,322: +PARAM [/whole_body_kinematic_controller/joints/arm_3_joint/actuator_params/check_mode] by /roslaunch
[rosmaster.master][INFO] 2025-11-18 22:07:36,322: +PARAM [/whole_body_kinematic_controller/joints/arm_3_joint/actuator_params/motor_inertia] by /roslaunch
[rosmaster.master][INFO] 2025-11-18 22:07:36,322: +PARAM [/whole_body_kinematic_controller/joints/arm_3_joint/actuator_params/static_friction] by /roslaunch
[rosmaster.master][INFO] 2025-11-18 22:07:36,322: +PARAM [/whole_body_kinematic_controller/joints/arm_3_joint/actuator_params/viscous_friction] by /roslaunch
[rosmaster.master][INFO] 2025-11-18 22:07:36,322: +PARAM [/whole_body_kinematic_controller/joints/arm_3_joint/actuator_params/joint_elasticity] by /roslaunch
[rosmaster.master][INFO] 2025-11-18 22:07:36,322: +PARAM [/whole_body_kinematic_controller/joints/arm_3_joint/actuator_params/joint_elasticity_damping] by /roslaunch
[rosmaster.master][INFO] 2025-11-18 22:07:36,322: +PARAM [/whole_body_kinematic_controller/joints/arm_3_joint/type] by /roslaunch
[rosmaster.master][INFO] 2025-11-18 22:07:36,322: +PARAM [/whole_body_kinematic_controller/joints/arm_3_joint/check_mode] by /roslaunch
[rosmaster.master][INFO] 2025-11-18 22:07:36,322: +PARAM [/whole_body_kinematic_controller/joints/arm_3_joint/open_loop] by /roslaunch
[rosmaster.master][INFO] 2025-11-18 22:07:36,322: +PARAM [/whole_body_kinematic_controller/joints/arm_4_joint/actuator_params/ball_screw_efficiency] by /roslaunch
[rosmaster.master][INFO] 2025-11-18 22:07:36,322: +PARAM [/whole_body_kinematic_controller/joints/arm_4_joint/actuator_params/ball_screw_lead] by /roslaunch
[rosmaster.master][INFO] 2025-11-18 22:07:36,322: +PARAM [/whole_body_kinematic_controller/joints/arm_4_joint/actuator_params/motor_torque_constant] by /roslaunch
[rosmaster.master][INFO] 2025-11-18 22:07:36,323: +PARAM [/whole_body_kinematic_controller/joints/arm_4_joint/actuator_params/torque_sensor_offset] by /roslaunch
[rosmaster.master][INFO] 2025-11-18 22:07:36,323: +PARAM [/whole_body_kinematic_controller/joints/arm_4_joint/actuator_params/reduction_ratio] by /roslaunch
[rosmaster.master][INFO] 2025-11-18 22:07:36,323: +PARAM [/whole_body_kinematic_controller/joints/arm_4_joint/actuator_params/actuator_names] by /roslaunch
[rosmaster.master][INFO] 2025-11-18 22:07:36,323: +PARAM [/whole_body_kinematic_controller/joints/arm_4_joint/actuator_params/check_mode] by /roslaunch
[rosmaster.master][INFO] 2025-11-18 22:07:36,323: +PARAM [/whole_body_kinematic_controller/joints/arm_4_joint/actuator_params/motor_inertia] by /roslaunch
[rosmaster.master][INFO] 2025-11-18 22:07:36,323: +PARAM [/whole_body_kinematic_controller/joints/arm_4_joint/actuator_params/static_friction] by /roslaunch
[rosmaster.master][INFO] 2025-11-18 22:07:36,323: +PARAM [/whole_body_kinematic_controller/joints/arm_4_joint/actuator_params/viscous_friction] by /roslaunch
[rosmaster.master][INFO] 2025-11-18 22:07:36,323: +PARAM [/whole_body_kinematic_controller/joints/arm_4_joint/actuator_params/joint_elasticity] by /roslaunch
[rosmaster.master][INFO] 2025-11-18 22:07:36,323: +PARAM [/whole_body_kinematic_controller/joints/arm_4_joint/actuator_params/joint_elasticity_damping] by /roslaunch
[rosmaster.master][INFO] 2025-11-18 22:07:36,323: +PARAM [/whole_body_kinematic_controller/joints/arm_4_joint/type] by /roslaunch
[rosmaster.master][INFO] 2025-11-18 22:07:36,323: +PARAM [/whole_body_kinematic_controller/joints/arm_4_joint/check_mode] by /roslaunch
[rosmaster.master][INFO] 2025-11-18 22:07:36,323: +PARAM [/whole_body_kinematic_controller/joints/arm_4_joint/open_loop] by /roslaunch
[rosmaster.master][INFO] 2025-11-18 22:07:36,323: +PARAM [/whole_body_kinematic_controller/joints/arm_5_joint/actuator_params/ball_screw_efficiency] by /roslaunch
[rosmaster.master][INFO] 2025-11-18 22:07:36,323: +PARAM [/whole_body_kinematic_controller/joints/arm_5_joint/actuator_params/ball_screw_lead] by /roslaunch
[rosmaster.master][INFO] 2025-11-18 22:07:36,323: +PARAM [/whole_body_kinematic_controller/joints/arm_5_joint/actuator_params/motor_torque_constant] by /roslaunch
[rosmaster.master][INFO] 2025-11-18 22:07:36,323: +PARAM [/whole_body_kinematic_controller/joints/arm_5_joint/actuator_params/torque_sensor_offset] by /roslaunch
[rosmaster.master][INFO] 2025-11-18 22:07:36,323: +PARAM [/whole_body_kinematic_controller/joints/arm_5_joint/actuator_params/reduction_ratio] by /roslaunch
[rosmaster.master][INFO] 2025-11-18 22:07:36,323: +PARAM [/whole_body_kinematic_controller/joints/arm_5_joint/actuator_params/actuator_names] by /roslaunch
[rosmaster.master][INFO] 2025-11-18 22:07:36,323: +PARAM [/whole_body_kinematic_controller/joints/arm_5_joint/actuator_params/check_mode] by /roslaunch
[rosmaster.master][INFO] 2025-11-18 22:07:36,323: +PARAM [/whole_body_kinematic_controller/joints/arm_5_joint/actuator_params/motor_inertia] by /roslaunch
[rosmaster.master][INFO] 2025-11-18 22:07:36,324: +PARAM [/whole_body_kinematic_controller/joints/arm_5_joint/actuator_params/static_friction] by /roslaunch
[rosmaster.master][INFO] 2025-11-18 22:07:36,324: +PARAM [/whole_body_kinematic_controller/joints/arm_5_joint/actuator_params/viscous_friction] by /roslaunch
[rosmaster.master][INFO] 2025-11-18 22:07:36,324: +PARAM [/whole_body_kinematic_controller/joints/arm_5_joint/actuator_params/joint_elasticity] by /roslaunch
[rosmaster.master][INFO] 2025-11-18 22:07:36,324: +PARAM [/whole_body_kinematic_controller/joints/arm_5_joint/actuator_params/joint_elasticity_damping] by /roslaunch
[rosmaster.master][INFO] 2025-11-18 22:07:36,324: +PARAM [/whole_body_kinematic_controller/joints/arm_5_joint/type] by /roslaunch
[rosmaster.master][INFO] 2025-11-18 22:07:36,324: +PARAM [/whole_body_kinematic_controller/joints/arm_5_joint/check_mode] by /roslaunch
[rosmaster.master][INFO] 2025-11-18 22:07:36,324: +PARAM [/whole_body_kinematic_controller/joints/arm_5_joint/open_loop] by /roslaunch
[rosmaster.master][INFO] 2025-11-18 22:07:36,324: +PARAM [/whole_body_kinematic_controller/joints/arm_6_joint/actuator_params/ball_screw_efficiency] by /roslaunch
[rosmaster.master][INFO] 2025-11-18 22:07:36,324: +PARAM [/whole_body_kinematic_controller/joints/arm_6_joint/actuator_params/ball_screw_lead] by /roslaunch
[rosmaster.master][INFO] 2025-11-18 22:07:36,324: +PARAM [/whole_body_kinematic_controller/joints/arm_6_joint/actuator_params/motor_torque_constant] by /roslaunch
[rosmaster.master][INFO] 2025-11-18 22:07:36,324: +PARAM [/whole_body_kinematic_controller/joints/arm_6_joint/actuator_params/torque_sensor_offset] by /roslaunch
[rosmaster.master][INFO] 2025-11-18 22:07:36,324: +PARAM [/whole_body_kinematic_controller/joints/arm_6_joint/actuator_params/reduction_ratio] by /roslaunch
[rosmaster.master][INFO] 2025-11-18 22:07:36,324: +PARAM [/whole_body_kinematic_controller/joints/arm_6_joint/actuator_params/actuator_names] by /roslaunch
[rosmaster.master][INFO] 2025-11-18 22:07:36,324: +PARAM [/whole_body_kinematic_controller/joints/arm_6_joint/actuator_params/check_mode] by /roslaunch
[rosmaster.master][INFO] 2025-11-18 22:07:36,324: +PARAM [/whole_body_kinematic_controller/joints/arm_6_joint/actuator_params/motor_inertia] by /roslaunch
[rosmaster.master][INFO] 2025-11-18 22:07:36,324: +PARAM [/whole_body_kinematic_controller/joints/arm_6_joint/actuator_params/static_friction] by /roslaunch
[rosmaster.master][INFO] 2025-11-18 22:07:36,324: +PARAM [/whole_body_kinematic_controller/joints/arm_6_joint/actuator_params/viscous_friction] by /roslaunch
[rosmaster.master][INFO] 2025-11-18 22:07:36,324: +PARAM [/whole_body_kinematic_controller/joints/arm_6_joint/actuator_params/joint_elasticity] by /roslaunch
[rosmaster.master][INFO] 2025-11-18 22:07:36,324: +PARAM [/whole_body_kinematic_controller/joints/arm_6_joint/actuator_params/joint_elasticity_damping] by /roslaunch
[rosmaster.master][INFO] 2025-11-18 22:07:36,324: +PARAM [/whole_body_kinematic_controller/joints/arm_6_joint/type] by /roslaunch
[rosmaster.master][INFO] 2025-11-18 22:07:36,325: +PARAM [/whole_body_kinematic_controller/joints/arm_6_joint/check_mode] by /roslaunch
[rosmaster.master][INFO] 2025-11-18 22:07:36,325: +PARAM [/whole_body_kinematic_controller/joints/arm_6_joint/open_loop] by /roslaunch
[rosmaster.master][INFO] 2025-11-18 22:07:36,325: +PARAM [/whole_body_kinematic_controller/joints/arm_7_joint/actuator_params/ball_screw_efficiency] by /roslaunch
[rosmaster.master][INFO] 2025-11-18 22:07:36,325: +PARAM [/whole_body_kinematic_controller/joints/arm_7_joint/actuator_params/ball_screw_lead] by /roslaunch
[rosmaster.master][INFO] 2025-11-18 22:07:36,325: +PARAM [/whole_body_kinematic_controller/joints/arm_7_joint/actuator_params/motor_torque_constant] by /roslaunch
[rosmaster.master][INFO] 2025-11-18 22:07:36,325: +PARAM [/whole_body_kinematic_controller/joints/arm_7_joint/actuator_params/torque_sensor_offset] by /roslaunch
[rosmaster.master][INFO] 2025-11-18 22:07:36,325: +PARAM [/whole_body_kinematic_controller/joints/arm_7_joint/actuator_params/reduction_ratio] by /roslaunch
[rosmaster.master][INFO] 2025-11-18 22:07:36,325: +PARAM [/whole_body_kinematic_controller/joints/arm_7_joint/actuator_params/actuator_names] by /roslaunch
[rosmaster.master][INFO] 2025-11-18 22:07:36,325: +PARAM [/whole_body_kinematic_controller/joints/arm_7_joint/actuator_params/check_mode] by /roslaunch
[rosmaster.master][INFO] 2025-11-18 22:07:36,325: +PARAM [/whole_body_kinematic_controller/joints/arm_7_joint/actuator_params/motor_inertia] by /roslaunch
[rosmaster.master][INFO] 2025-11-18 22:07:36,325: +PARAM [/whole_body_kinematic_controller/joints/arm_7_joint/actuator_params/static_friction] by /roslaunch
[rosmaster.master][INFO] 2025-11-18 22:07:36,325: +PARAM [/whole_body_kinematic_controller/joints/arm_7_joint/actuator_params/viscous_friction] by /roslaunch
[rosmaster.master][INFO] 2025-11-18 22:07:36,325: +PARAM [/whole_body_kinematic_controller/joints/arm_7_joint/actuator_params/joint_elasticity] by /roslaunch
[rosmaster.master][INFO] 2025-11-18 22:07:36,325: +PARAM [/whole_body_kinematic_controller/joints/arm_7_joint/actuator_params/joint_elasticity_damping] by /roslaunch
[rosmaster.master][INFO] 2025-11-18 22:07:36,325: +PARAM [/whole_body_kinematic_controller/joints/arm_7_joint/type] by /roslaunch
[rosmaster.master][INFO] 2025-11-18 22:07:36,325: +PARAM [/whole_body_kinematic_controller/joints/arm_7_joint/check_mode] by /roslaunch
[rosmaster.master][INFO] 2025-11-18 22:07:36,325: +PARAM [/whole_body_kinematic_controller/joints/arm_7_joint/open_loop] by /roslaunch
[rosmaster.master][INFO] 2025-11-18 22:07:36,325: +PARAM [/whole_body_kinematic_controller/joints/head_1_joint/actuator_params/ball_screw_efficiency] by /roslaunch
[rosmaster.master][INFO] 2025-11-18 22:07:36,325: +PARAM [/whole_body_kinematic_controller/joints/head_1_joint/actuator_params/ball_screw_lead] by /roslaunch
[rosmaster.master][INFO] 2025-11-18 22:07:36,325: +PARAM [/whole_body_kinematic_controller/joints/head_1_joint/actuator_params/motor_torque_constant] by /roslaunch
[rosmaster.master][INFO] 2025-11-18 22:07:36,325: +PARAM [/whole_body_kinematic_controller/joints/head_1_joint/actuator_params/torque_sensor_offset] by /roslaunch
[rosmaster.master][INFO] 2025-11-18 22:07:36,325: +PARAM [/whole_body_kinematic_controller/joints/head_1_joint/actuator_params/reduction_ratio] by /roslaunch
[rosmaster.master][INFO] 2025-11-18 22:07:36,326: +PARAM [/whole_body_kinematic_controller/joints/head_1_joint/actuator_params/actuator_names] by /roslaunch
[rosmaster.master][INFO] 2025-11-18 22:07:36,326: +PARAM [/whole_body_kinematic_controller/joints/head_1_joint/actuator_params/check_mode] by /roslaunch
[rosmaster.master][INFO] 2025-11-18 22:07:36,326: +PARAM [/whole_body_kinematic_controller/joints/head_1_joint/actuator_params/motor_inertia] by /roslaunch
[rosmaster.master][INFO] 2025-11-18 22:07:36,326: +PARAM [/whole_body_kinematic_controller/joints/head_1_joint/actuator_params/static_friction] by /roslaunch
[rosmaster.master][INFO] 2025-11-18 22:07:36,326: +PARAM [/whole_body_kinematic_controller/joints/head_1_joint/actuator_params/viscous_friction] by /roslaunch
[rosmaster.master][INFO] 2025-11-18 22:07:36,326: +PARAM [/whole_body_kinematic_controller/joints/head_1_joint/actuator_params/joint_elasticity] by /roslaunch
[rosmaster.master][INFO] 2025-11-18 22:07:36,326: +PARAM [/whole_body_kinematic_controller/joints/head_1_joint/actuator_params/joint_elasticity_damping] by /roslaunch
[rosmaster.master][INFO] 2025-11-18 22:07:36,326: +PARAM [/whole_body_kinematic_controller/joints/head_1_joint/type] by /roslaunch
[rosmaster.master][INFO] 2025-11-18 22:07:36,326: +PARAM [/whole_body_kinematic_controller/joints/head_1_joint/check_mode] by /roslaunch
[rosmaster.master][INFO] 2025-11-18 22:07:36,326: +PARAM [/whole_body_kinematic_controller/joints/head_1_joint/open_loop] by /roslaunch
[rosmaster.master][INFO] 2025-11-18 22:07:36,326: +PARAM [/whole_body_kinematic_controller/joints/head_2_joint/actuator_params/ball_screw_efficiency] by /roslaunch
[rosmaster.master][INFO] 2025-11-18 22:07:36,326: +PARAM [/whole_body_kinematic_controller/joints/head_2_joint/actuator_params/ball_screw_lead] by /roslaunch
[rosmaster.master][INFO] 2025-11-18 22:07:36,326: +PARAM [/whole_body_kinematic_controller/joints/head_2_joint/actuator_params/motor_torque_constant] by /roslaunch
[rosmaster.master][INFO] 2025-11-18 22:07:36,326: +PARAM [/whole_body_kinematic_controller/joints/head_2_joint/actuator_params/torque_sensor_offset] by /roslaunch
[rosmaster.master][INFO] 2025-11-18 22:07:36,326: +PARAM [/whole_body_kinematic_controller/joints/head_2_joint/actuator_params/reduction_ratio] by /roslaunch
[rosmaster.master][INFO] 2025-11-18 22:07:36,326: +PARAM [/whole_body_kinematic_controller/joints/head_2_joint/actuator_params/actuator_names] by /roslaunch
[rosmaster.master][INFO] 2025-11-18 22:07:36,326: +PARAM [/whole_body_kinematic_controller/joints/head_2_joint/actuator_params/check_mode] by /roslaunch
[rosmaster.master][INFO] 2025-11-18 22:07:36,326: +PARAM [/whole_body_kinematic_controller/joints/head_2_joint/actuator_params/motor_inertia] by /roslaunch
[rosmaster.master][INFO] 2025-11-18 22:07:36,326: +PARAM [/whole_body_kinematic_controller/joints/head_2_joint/actuator_params/static_friction] by /roslaunch
[rosmaster.master][INFO] 2025-11-18 22:07:36,326: +PARAM [/whole_body_kinematic_controller/joints/head_2_joint/actuator_params/viscous_friction] by /roslaunch
[rosmaster.master][INFO] 2025-11-18 22:07:36,327: +PARAM [/whole_body_kinematic_controller/joints/head_2_joint/actuator_params/joint_elasticity] by /roslaunch
[rosmaster.master][INFO] 2025-11-18 22:07:36,327: +PARAM [/whole_body_kinematic_controller/joints/head_2_joint/actuator_params/joint_elasticity_damping] by /roslaunch
[rosmaster.master][INFO] 2025-11-18 22:07:36,327: +PARAM [/whole_body_kinematic_controller/joints/head_2_joint/type] by /roslaunch
[rosmaster.master][INFO] 2025-11-18 22:07:36,327: +PARAM [/whole_body_kinematic_controller/joints/head_2_joint/check_mode] by /roslaunch
[rosmaster.master][INFO] 2025-11-18 22:07:36,327: +PARAM [/whole_body_kinematic_controller/joints/head_2_joint/open_loop] by /roslaunch
[rosmaster.master][INFO] 2025-11-18 22:07:36,327: +PARAM [/whole_body_kinematic_controller/joints/torso_lift_joint/actuator_params/ball_screw_efficiency] by /roslaunch
[rosmaster.master][INFO] 2025-11-18 22:07:36,327: +PARAM [/whole_body_kinematic_controller/joints/torso_lift_joint/actuator_params/ball_screw_lead] by /roslaunch
[rosmaster.master][INFO] 2025-11-18 22:07:36,327: +PARAM [/whole_body_kinematic_controller/joints/torso_lift_joint/actuator_params/motor_torque_constant] by /roslaunch
[rosmaster.master][INFO] 2025-11-18 22:07:36,327: +PARAM [/whole_body_kinematic_controller/joints/torso_lift_joint/actuator_params/torque_sensor_offset] by /roslaunch
[rosmaster.master][INFO] 2025-11-18 22:07:36,327: +PARAM [/whole_body_kinematic_controller/joints/torso_lift_joint/actuator_params/reduction_ratio] by /roslaunch
[rosmaster.master][INFO] 2025-11-18 22:07:36,327: +PARAM [/whole_body_kinematic_controller/joints/torso_lift_joint/actuator_params/actuator_names] by /roslaunch
[rosmaster.master][INFO] 2025-11-18 22:07:36,327: +PARAM [/whole_body_kinematic_controller/joints/torso_lift_joint/actuator_params/check_mode] by /roslaunch
[rosmaster.master][INFO] 2025-11-18 22:07:36,327: +PARAM [/whole_body_kinematic_controller/joints/torso_lift_joint/actuator_params/motor_inertia] by /roslaunch
[rosmaster.master][INFO] 2025-11-18 22:07:36,327: +PARAM [/whole_body_kinematic_controller/joints/torso_lift_joint/actuator_params/static_friction] by /roslaunch
[rosmaster.master][INFO] 2025-11-18 22:07:36,327: +PARAM [/whole_body_kinematic_controller/joints/torso_lift_joint/actuator_params/viscous_friction] by /roslaunch
[rosmaster.master][INFO] 2025-11-18 22:07:36,327: +PARAM [/whole_body_kinematic_controller/joints/torso_lift_joint/actuator_params/joint_elasticity] by /roslaunch
[rosmaster.master][INFO] 2025-11-18 22:07:36,327: +PARAM [/whole_body_kinematic_controller/joints/torso_lift_joint/actuator_params/joint_elasticity_damping] by /roslaunch
[rosmaster.master][INFO] 2025-11-18 22:07:36,327: +PARAM [/whole_body_kinematic_controller/joints/torso_lift_joint/type] by /roslaunch
[rosmaster.master][INFO] 2025-11-18 22:07:36,327: +PARAM [/whole_body_kinematic_controller/joints/torso_lift_joint/check_mode] by /roslaunch
[rosmaster.master][INFO] 2025-11-18 22:07:36,328: +PARAM [/whole_body_kinematic_controller/joints/torso_lift_joint/open_loop] by /roslaunch
[rosmaster.master][INFO] 2025-11-18 22:07:36,470: +PUB [/rosout] /head_controller/point_head_action http://127.0.0.1:39457/
[rosmaster.master][INFO] 2025-11-18 22:07:36,472: +SERVICE [/head_controller/point_head_action/get_loggers] /head_controller/point_head_action http://127.0.0.1:39457/
[rosmaster.master][INFO] 2025-11-18 22:07:36,473: +SERVICE [/head_controller/point_head_action/set_logger_level] /head_controller/point_head_action http://127.0.0.1:39457/
[rosmaster.master][INFO] 2025-11-18 22:07:36,482: +SUB [/clock] /head_controller/point_head_action http://127.0.0.1:39457/
[rosmaster.master][INFO] 2025-11-18 22:07:36,486: +SUB [/tf] /head_controller/point_head_action http://127.0.0.1:39457/
[rosmaster.master][INFO] 2025-11-18 22:07:36,488: +SUB [/tf_static] /head_controller/point_head_action http://127.0.0.1:39457/
[rosmaster.master][INFO] 2025-11-18 22:07:36,491: +PUB [/head_controller/command] /head_controller/point_head_action http://127.0.0.1:39457/
[rosmaster.master][INFO] 2025-11-18 22:07:36,494: +SUB [/head_controller/state] /head_controller/point_head_action http://127.0.0.1:39457/
[rosmaster.master][INFO] 2025-11-18 22:07:36,495: +CACHEDPARAM [/rosout_disable_topics_generation] by /head_controller/point_head_action
[rosmaster.master][INFO] 2025-11-18 22:07:36,513: +PUB [/head_controller/point_head_action/result] /head_controller/point_head_action http://127.0.0.1:39457/
[rosmaster.master][INFO] 2025-11-18 22:07:36,515: +PUB [/head_controller/point_head_action/feedback] /head_controller/point_head_action http://127.0.0.1:39457/
[rosmaster.master][INFO] 2025-11-18 22:07:36,516: +PUB [/head_controller/point_head_action/status] /head_controller/point_head_action http://127.0.0.1:39457/
[rosmaster.master][INFO] 2025-11-18 22:07:36,521: +SUB [/head_controller/point_head_action/goal] /head_controller/point_head_action http://127.0.0.1:39457/
[rosmaster.master][INFO] 2025-11-18 22:07:36,524: +SUB [/head_controller/point_head_action/cancel] /head_controller/point_head_action http://127.0.0.1:39457/
[rosmaster.master][INFO] 2025-11-18 22:07:36,552: publisherUpdate[/rosout] -> http://127.0.0.1:33309/ ['http://127.0.0.1:39457/']
[rosmaster.master][INFO] 2025-11-18 22:07:36,605: publisherUpdate[/rosout] -> http://127.0.0.1:33309/ ['http://127.0.0.1:39457/']: sec=0.05, result=[1, '', 0]
[rosmaster.master][INFO] 2025-11-18 22:07:36,682: +PUB [/rosout] /robot_state_publisher http://127.0.0.1:34069/
[rosmaster.master][INFO] 2025-11-18 22:07:36,685: +SERVICE [/robot_state_publisher/get_loggers] /robot_state_publisher http://127.0.0.1:34069/
[rosmaster.master][INFO] 2025-11-18 22:07:36,686: publisherUpdate[/rosout] -> http://127.0.0.1:33309/ ['http://127.0.0.1:39457/', 'http://127.0.0.1:34069/']
[rosmaster.master][INFO] 2025-11-18 22:07:36,687: +SERVICE [/robot_state_publisher/set_logger_level] /robot_state_publisher http://127.0.0.1:34069/
[rosmaster.master][INFO] 2025-11-18 22:07:36,710: +PUB [/rosout] /play_motion http://127.0.0.1:33749/
[rosmaster.master][INFO] 2025-11-18 22:07:36,722: +SERVICE [/play_motion/get_loggers] /play_motion http://127.0.0.1:33749/
[rosmaster.master][INFO] 2025-11-18 22:07:36,722: +SERVICE [/play_motion/set_logger_level] /play_motion http://127.0.0.1:33749/
[rosmaster.master][INFO] 2025-11-18 22:07:36,732: +PUB [/rosout] /tf_lookup http://127.0.0.1:46537/
[rosmaster.master][INFO] 2025-11-18 22:07:36,737: +SERVICE [/tf_lookup/get_loggers] /tf_lookup http://127.0.0.1:46537/
[rosmaster.master][INFO] 2025-11-18 22:07:36,739: +SERVICE [/tf_lookup/set_logger_level] /tf_lookup http://127.0.0.1:46537/
[rosmaster.master][INFO] 2025-11-18 22:07:36,740: +SUB [/clock] /play_motion http://127.0.0.1:33749/
[rosmaster.master][INFO] 2025-11-18 22:07:36,740: +SUB [/clock] /robot_state_publisher http://127.0.0.1:34069/
[rosmaster.master][INFO] 2025-11-18 22:07:36,752: publisherUpdate[/rosout] -> http://127.0.0.1:33309/ ['http://127.0.0.1:39457/', 'http://127.0.0.1:34069/']: sec=0.07, result=[1, '', 0]
[rosmaster.master][INFO] 2025-11-18 22:07:36,758: publisherUpdate[/rosout] -> http://127.0.0.1:33309/ ['http://127.0.0.1:39457/', 'http://127.0.0.1:34069/', 'http://127.0.0.1:33749/']
[rosmaster.master][INFO] 2025-11-18 22:07:36,761: +SUB [/joint_states] /play_motion http://127.0.0.1:33749/
[rosmaster.master][INFO] 2025-11-18 22:07:36,764: +PUB [/tf] /robot_state_publisher http://127.0.0.1:34069/
[rosmaster.master][INFO] 2025-11-18 22:07:36,768: +PUB [/rosout] /twist_mux http://127.0.0.1:32949/
[rosmaster.master][INFO] 2025-11-18 22:07:36,770: +SUB [/clock] /tf_lookup http://127.0.0.1:46537/
[rosmaster.master][INFO] 2025-11-18 22:07:36,766: publisherUpdate[/rosout] -> http://127.0.0.1:33309/ ['http://127.0.0.1:39457/', 'http://127.0.0.1:34069/', 'http://127.0.0.1:33749/']: sec=0.00, result=[1, '', 0]
[rosmaster.master][INFO] 2025-11-18 22:07:36,791: +SERVICE [/twist_mux/get_loggers] /twist_mux http://127.0.0.1:32949/
[rosmaster.master][INFO] 2025-11-18 22:07:36,825: +PUB [/tf_static] /robot_state_publisher http://127.0.0.1:34069/
[rosmaster.master][INFO] 2025-11-18 22:07:36,820: publisherUpdate[/tf] -> http://127.0.0.1:39457/ ['http://127.0.0.1:34069/']
[rosmaster.master][INFO] 2025-11-18 22:07:36,815: publisherUpdate[/rosout] -> http://127.0.0.1:33309/ ['http://127.0.0.1:39457/', 'http://127.0.0.1:34069/', 'http://127.0.0.1:33749/', 'http://127.0.0.1:46537/']
[rosmaster.master][INFO] 2025-11-18 22:07:36,827: +SUB [/tf] /play_motion http://127.0.0.1:33749/
[rosmaster.master][INFO] 2025-11-18 22:07:36,832: +SUB [/tf] /tf_lookup http://127.0.0.1:46537/
[rosmaster.master][INFO] 2025-11-18 22:07:36,838: +SERVICE [/twist_mux/set_logger_level] /twist_mux http://127.0.0.1:32949/
[rosmaster.master][INFO] 2025-11-18 22:07:36,871: +PUB [/rosout] /twist_marker http://127.0.0.1:45191/
[rosmaster.master][INFO] 2025-11-18 22:07:36,873: +SERVICE [/twist_marker/get_loggers] /twist_marker http://127.0.0.1:45191/
[rosmaster.master][INFO] 2025-11-18 22:07:36,875: publisherUpdate[/tf] -> http://127.0.0.1:39457/ ['http://127.0.0.1:34069/']: sec=0.05, result=[1, '', 0]
[rosmaster.master][INFO] 2025-11-18 22:07:36,875: publisherUpdate[/tf_static] -> http://127.0.0.1:39457/ ['http://127.0.0.1:34069/']
[rosmaster.master][INFO] 2025-11-18 22:07:36,876: publisherUpdate[/rosout] -> http://127.0.0.1:33309/ ['http://127.0.0.1:39457/', 'http://127.0.0.1:34069/', 'http://127.0.0.1:33749/', 'http://127.0.0.1:46537/']: sec=0.05, result=[1, '', 0]
[rosmaster.master][INFO] 2025-11-18 22:07:36,880: publisherUpdate[/rosout] -> http://127.0.0.1:33309/ ['http://127.0.0.1:39457/', 'http://127.0.0.1:34069/', 'http://127.0.0.1:33749/', 'http://127.0.0.1:46537/', 'http://127.0.0.1:32949/']
[rosmaster.master][INFO] 2025-11-18 22:07:36,877: +PUB [/rosout] /move_group http://127.0.0.1:34371/
[rosmaster.master][INFO] 2025-11-18 22:07:36,881: +SUB [/tf_static] /tf_lookup http://127.0.0.1:46537/
[rosmaster.master][INFO] 2025-11-18 22:07:36,882: +SERVICE [/twist_marker/set_logger_level] /twist_marker http://127.0.0.1:45191/
[rosmaster.master][INFO] 2025-11-18 22:07:36,883: +SUB [/joint_states] /robot_state_publisher http://127.0.0.1:34069/
[rosmaster.master][INFO] 2025-11-18 22:07:36,883: publisherUpdate[/tf_static] -> http://127.0.0.1:39457/ ['http://127.0.0.1:34069/']: sec=0.00, result=[1, '', 0]
[rosmaster.master][INFO] 2025-11-18 22:07:36,885: publisherUpdate[/rosout] -> http://127.0.0.1:33309/ ['http://127.0.0.1:39457/', 'http://127.0.0.1:34069/', 'http://127.0.0.1:33749/', 'http://127.0.0.1:46537/', 'http://127.0.0.1:32949/']: sec=0.00, result=[1, '', 0]
[rosmaster.master][INFO] 2025-11-18 22:07:36,886: publisherUpdate[/rosout] -> http://127.0.0.1:33309/ ['http://127.0.0.1:39457/', 'http://127.0.0.1:34069/', 'http://127.0.0.1:33749/', 'http://127.0.0.1:46537/', 'http://127.0.0.1:32949/', 'http://127.0.0.1:45191/']
[rosmaster.master][INFO] 2025-11-18 22:07:36,887: publisherUpdate[/rosout] -> http://127.0.0.1:33309/ ['http://127.0.0.1:39457/', 'http://127.0.0.1:34069/', 'http://127.0.0.1:33749/', 'http://127.0.0.1:46537/', 'http://127.0.0.1:32949/', 'http://127.0.0.1:45191/']: sec=0.00, result=[1, '', 0]
[rosmaster.master][INFO] 2025-11-18 22:07:36,887: publisherUpdate[/rosout] -> http://127.0.0.1:33309/ ['http://127.0.0.1:39457/', 'http://127.0.0.1:34069/', 'http://127.0.0.1:33749/', 'http://127.0.0.1:46537/', 'http://127.0.0.1:32949/', 'http://127.0.0.1:45191/', 'http://127.0.0.1:34371/']
[rosmaster.master][INFO] 2025-11-18 22:07:36,888: publisherUpdate[/rosout] -> http://127.0.0.1:33309/ ['http://127.0.0.1:39457/', 'http://127.0.0.1:34069/', 'http://127.0.0.1:33749/', 'http://127.0.0.1:46537/', 'http://127.0.0.1:32949/', 'http://127.0.0.1:45191/', 'http://127.0.0.1:34371/']: sec=0.00, result=[1, '', 0]
[rosmaster.master][INFO] 2025-11-18 22:07:36,885: +SERVICE [/move_group/get_loggers] /move_group http://127.0.0.1:34371/
[rosmaster.master][INFO] 2025-11-18 22:07:36,890: +CACHEDPARAM [/rosout_disable_topics_generation] by /tf_lookup
[rosmaster.master][INFO] 2025-11-18 22:07:36,891: +SERVICE [/move_group/set_logger_level] /move_group http://127.0.0.1:34371/
[rosmaster.master][INFO] 2025-11-18 22:07:36,920: +SUB [/tf_static] /play_motion http://127.0.0.1:33749/
[rosmaster.master][INFO] 2025-11-18 22:07:36,921: +SERVICE [/lookupTransform] /tf_lookup http://127.0.0.1:46537/
[rosmaster.master][INFO] 2025-11-18 22:07:36,936: +SUB [/clock] /twist_marker http://127.0.0.1:45191/
[rosmaster.master][INFO] 2025-11-18 22:07:36,936: +SUB [/clock] /twist_mux http://127.0.0.1:32949/
[rosmaster.master][INFO] 2025-11-18 22:07:36,936: +SUB [/clock] /move_group http://127.0.0.1:34371/
[rosmaster.master][INFO] 2025-11-18 22:07:36,939: +CACHEDPARAM [/twist_mux/topics] by /twist_mux
[rosmaster.master][INFO] 2025-11-18 22:07:36,942: +CACHEDPARAM [/rosout_disable_topics_generation] by /twist_mux
[rosmaster.master][INFO] 2025-11-18 22:07:36,946: +CACHEDPARAM [/rosout_disable_topics_generation] by /move_group
[rosmaster.master][INFO] 2025-11-18 22:07:36,948: +PARAM [/move_group/default_planning_pipeline] by /move_group
[rosmaster.master][INFO] 2025-11-18 22:07:36,949: +SUB [/nav_vel] /twist_mux http://127.0.0.1:32949/
[rosmaster.master][INFO] 2025-11-18 22:07:36,951: +PUB [/twist_marker] /twist_marker http://127.0.0.1:45191/
[rosmaster.master][INFO] 2025-11-18 22:07:36,963: +PUB [/tf_lookup/result] /tf_lookup http://127.0.0.1:46537/
[rosmaster.master][INFO] 2025-11-18 22:07:36,964: +SUB [/tf] /move_group http://127.0.0.1:34371/
[rosmaster.master][INFO] 2025-11-18 22:07:36,970: +SUB [/joy_vel] /twist_mux http://127.0.0.1:32949/
[rosmaster.master][INFO] 2025-11-18 22:07:36,971: +SUB [/mobile_base_controller/cmd_vel] /twist_marker http://127.0.0.1:45191/
[rosmaster.master][INFO] 2025-11-18 22:07:36,972: +PUB [/tf_lookup/feedback] /tf_lookup http://127.0.0.1:46537/
[rosmaster.master][INFO] 2025-11-18 22:07:36,973: +PUB [/tf_lookup/status] /tf_lookup http://127.0.0.1:46537/
[rosmaster.master][INFO] 2025-11-18 22:07:36,974: +CACHEDPARAM [/rosout_disable_topics_generation] by /play_motion
[rosmaster.master][INFO] 2025-11-18 22:07:36,985: +SUB [/tf_static] /move_group http://127.0.0.1:34371/
[rosmaster.master][INFO] 2025-11-18 22:07:36,991: +SUB [/key_vel] /twist_mux http://127.0.0.1:32949/
[rosmaster.master][INFO] 2025-11-18 22:07:37,009: +SUB [/tf_lookup/goal] /tf_lookup http://127.0.0.1:46537/
[rosmaster.master][INFO] 2025-11-18 22:07:37,013: +SUB [/tab_vel] /twist_mux http://127.0.0.1:32949/
[rosmaster.master][INFO] 2025-11-18 22:07:37,031: +SUB [/tf_lookup/cancel] /tf_lookup http://127.0.0.1:46537/
[rosmaster.master][INFO] 2025-11-18 22:07:37,043: +SUB [/marker_vel] /twist_mux http://127.0.0.1:32949/
[rosmaster.master][INFO] 2025-11-18 22:07:37,044: +PUB [/tf_stream/result] /tf_lookup http://127.0.0.1:46537/
[rosmaster.master][INFO] 2025-11-18 22:07:37,048: +CACHEDPARAM [/rosout/omit_topics] by /rosout
[rosmaster.master][INFO] 2025-11-18 22:07:37,062: +PUB [/tf_stream/feedback] /tf_lookup http://127.0.0.1:46537/
[rosmaster.master][INFO] 2025-11-18 22:07:37,065: +PUB [/tf_stream/status] /tf_lookup http://127.0.0.1:46537/
[rosmaster.master][INFO] 2025-11-18 22:07:37,085: +SUB [/phone_vel] /twist_mux http://127.0.0.1:32949/
[rosmaster.master][INFO] 2025-11-18 22:07:37,093: +SUB [/tf_stream/goal] /tf_lookup http://127.0.0.1:46537/
[rosmaster.master][INFO] 2025-11-18 22:07:37,096: +PUB [/rosout] /image_raw_to_rect_color_relay http://127.0.0.1:36733/
[rosmaster.master][INFO] 2025-11-18 22:07:37,102: +SUB [/rviz_joy_vel] /twist_mux http://127.0.0.1:32949/
[rosmaster.master][INFO] 2025-11-18 22:07:37,105: +SERVICE [/image_raw_to_rect_color_relay/get_loggers] /image_raw_to_rect_color_relay http://127.0.0.1:36733/
[rosmaster.master][INFO] 2025-11-18 22:07:37,105: +SERVICE [/image_raw_to_rect_color_relay/set_logger_level] /image_raw_to_rect_color_relay http://127.0.0.1:36733/
[rosmaster.master][INFO] 2025-11-18 22:07:37,108: publisherUpdate[/rosout] -> http://127.0.0.1:33309/ ['http://127.0.0.1:39457/', 'http://127.0.0.1:34069/', 'http://127.0.0.1:33749/', 'http://127.0.0.1:46537/', 'http://127.0.0.1:32949/', 'http://127.0.0.1:45191/', 'http://127.0.0.1:34371/', 'http://127.0.0.1:36733/']
[rosmaster.master][INFO] 2025-11-18 22:07:37,121: publisherUpdate[/rosout] -> http://127.0.0.1:33309/ ['http://127.0.0.1:39457/', 'http://127.0.0.1:34069/', 'http://127.0.0.1:33749/', 'http://127.0.0.1:46537/', 'http://127.0.0.1:32949/', 'http://127.0.0.1:45191/', 'http://127.0.0.1:34371/', 'http://127.0.0.1:36733/']: sec=0.01, result=[1, '', 0]
[rosmaster.master][INFO] 2025-11-18 22:07:37,124: +SUB [/tf_stream/cancel] /tf_lookup http://127.0.0.1:46537/
[rosmaster.master][INFO] 2025-11-18 22:07:37,135: +SUB [/servoing_cmd_vel] /twist_mux http://127.0.0.1:32949/
[rosmaster.master][INFO] 2025-11-18 22:07:37,139: +CACHEDPARAM [/twist_mux/locks] by /twist_mux
[rosmaster.master][INFO] 2025-11-18 22:07:37,140: +SUB [/clock] /image_raw_to_rect_color_relay http://127.0.0.1:36733/
[rosmaster.master][INFO] 2025-11-18 22:07:37,167: +SUB [/pause_navigation] /twist_mux http://127.0.0.1:32949/
[rosmaster.master][INFO] 2025-11-18 22:07:37,180: +SUB [/stop_closing_loop] /twist_mux http://127.0.0.1:32949/
[rosmaster.master][INFO] 2025-11-18 22:07:37,189: +SUB [/xtion/rgb/image_raw] /image_raw_to_rect_color_relay http://127.0.0.1:36733/
[rosmaster.master][INFO] 2025-11-18 22:07:37,201: +SUB [/joy_priority] /twist_mux http://127.0.0.1:32949/
[rosmaster.master][INFO] 2025-11-18 22:07:37,205: +PUB [/mobile_base_controller/cmd_vel] /twist_mux http://127.0.0.1:32949/
[rosmaster.master][INFO] 2025-11-18 22:07:37,208: +PUB [/diagnostics] /twist_mux http://127.0.0.1:32949/
[rosmaster.master][INFO] 2025-11-18 22:07:37,211: publisherUpdate[/mobile_base_controller/cmd_vel] -> http://127.0.0.1:45191/ ['http://127.0.0.1:32949/']
[rosmaster.master][INFO] 2025-11-18 22:07:37,213: +CACHEDPARAM [/twist_mux/diagnostic_period] by /twist_mux
[rosmaster.master][INFO] 2025-11-18 22:07:37,279: publisherUpdate[/mobile_base_controller/cmd_vel] -> http://127.0.0.1:45191/ ['http://127.0.0.1:32949/']: sec=0.07, result=[1, '', 0]
[rosmaster.master][INFO] 2025-11-18 22:07:37,581: +PUB [/rosout] /throttle_filtering_points http://127.0.0.1:46789/
[rosmaster.master][INFO] 2025-11-18 22:07:37,583: +SERVICE [/throttle_filtering_points/get_loggers] /throttle_filtering_points http://127.0.0.1:46789/
[rosmaster.master][INFO] 2025-11-18 22:07:37,583: publisherUpdate[/rosout] -> http://127.0.0.1:33309/ ['http://127.0.0.1:39457/', 'http://127.0.0.1:34069/', 'http://127.0.0.1:33749/', 'http://127.0.0.1:46537/', 'http://127.0.0.1:32949/', 'http://127.0.0.1:45191/', 'http://127.0.0.1:34371/', 'http://127.0.0.1:36733/', 'http://127.0.0.1:46789/']
[rosmaster.master][INFO] 2025-11-18 22:07:37,588: +SERVICE [/throttle_filtering_points/set_logger_level] /throttle_filtering_points http://127.0.0.1:46789/
[rosmaster.master][INFO] 2025-11-18 22:07:37,617: +PUB [/rosout] /xtion/rgb/image_proc http://127.0.0.1:44653/
[rosmaster.master][INFO] 2025-11-18 22:07:37,620: publisherUpdate[/rosout] -> http://127.0.0.1:33309/ ['http://127.0.0.1:39457/', 'http://127.0.0.1:34069/', 'http://127.0.0.1:33749/', 'http://127.0.0.1:46537/', 'http://127.0.0.1:32949/', 'http://127.0.0.1:45191/', 'http://127.0.0.1:34371/', 'http://127.0.0.1:36733/', 'http://127.0.0.1:46789/']: sec=0.03, result=[1, '', 0]
[rosmaster.master][INFO] 2025-11-18 22:07:37,620: publisherUpdate[/rosout] -> http://127.0.0.1:33309/ ['http://127.0.0.1:39457/', 'http://127.0.0.1:34069/', 'http://127.0.0.1:33749/', 'http://127.0.0.1:46537/', 'http://127.0.0.1:32949/', 'http://127.0.0.1:45191/', 'http://127.0.0.1:34371/', 'http://127.0.0.1:36733/', 'http://127.0.0.1:46789/', 'http://127.0.0.1:44653/']
[rosmaster.master][INFO] 2025-11-18 22:07:37,624: publisherUpdate[/rosout] -> http://127.0.0.1:33309/ ['http://127.0.0.1:39457/', 'http://127.0.0.1:34069/', 'http://127.0.0.1:33749/', 'http://127.0.0.1:46537/', 'http://127.0.0.1:32949/', 'http://127.0.0.1:45191/', 'http://127.0.0.1:34371/', 'http://127.0.0.1:36733/', 'http://127.0.0.1:46789/', 'http://127.0.0.1:44653/']: sec=0.00, result=[1, '', 0]
[rosmaster.master][INFO] 2025-11-18 22:07:37,625: +SERVICE [/xtion/rgb/image_proc/get_loggers] /xtion/rgb/image_proc http://127.0.0.1:44653/
[rosmaster.master][INFO] 2025-11-18 22:07:37,627: +SUB [/clock] /throttle_filtering_points http://127.0.0.1:46789/
[rosmaster.master][INFO] 2025-11-18 22:07:37,653: +SERVICE [/xtion/rgb/image_proc/set_logger_level] /xtion/rgb/image_proc http://127.0.0.1:44653/
[rosmaster.master][INFO] 2025-11-18 22:07:37,656: +SUB [/clock] /xtion/rgb/image_proc http://127.0.0.1:44653/
[rosmaster.master][INFO] 2025-11-18 22:07:37,673: +PUB [/rosout] /spawn_model http://127.0.0.1:41419/
[rosmaster.master][INFO] 2025-11-18 22:07:37,676: +PUB [/trajectory_execution_event] /play_motion http://127.0.0.1:33749/
[rosmaster.master][INFO] 2025-11-18 22:07:37,677: +PUB [/attached_collision_object] /play_motion http://127.0.0.1:33749/
[rosmaster.master][INFO] 2025-11-18 22:07:37,679: +SUB [/clock] /spawn_model http://127.0.0.1:41419/
[rosmaster.master][INFO] 2025-11-18 22:07:37,681: +SERVICE [/spawn_model/get_loggers] /spawn_model http://127.0.0.1:41419/
[rosmaster.master][INFO] 2025-11-18 22:07:37,682: +SERVICE [/spawn_model/set_logger_level] /spawn_model http://127.0.0.1:41419/
[rosmaster.master][INFO] 2025-11-18 22:07:37,684: +CACHEDPARAM [/rosout_disable_topics_generation] by /spawn_model
[rosmaster.master][INFO] 2025-11-18 22:07:37,694: +CACHEDPARAM [/rosout_disable_topics_generation] by /spawn_model
[rosmaster.master][INFO] 2025-11-18 22:07:37,715: publisherUpdate[/rosout] -> http://127.0.0.1:33309/ ['http://127.0.0.1:39457/', 'http://127.0.0.1:34069/', 'http://127.0.0.1:33749/', 'http://127.0.0.1:46537/', 'http://127.0.0.1:32949/', 'http://127.0.0.1:45191/', 'http://127.0.0.1:34371/', 'http://127.0.0.1:36733/', 'http://127.0.0.1:46789/', 'http://127.0.0.1:44653/', 'http://127.0.0.1:41419/']
[rosmaster.master][INFO] 2025-11-18 22:07:37,716: publisherUpdate[/rosout] -> http://127.0.0.1:33309/ ['http://127.0.0.1:39457/', 'http://127.0.0.1:34069/', 'http://127.0.0.1:33749/', 'http://127.0.0.1:46537/', 'http://127.0.0.1:32949/', 'http://127.0.0.1:45191/', 'http://127.0.0.1:34371/', 'http://127.0.0.1:36733/', 'http://127.0.0.1:46789/', 'http://127.0.0.1:44653/', 'http://127.0.0.1:41419/']: sec=0.00, result=[1, '', 0]
[rosmaster.master][INFO] 2025-11-18 22:07:37,764: +SERVICE [/move_group/planning_scene_monitor/set_parameters] /move_group http://127.0.0.1:34371/
[rosmaster.master][INFO] 2025-11-18 22:07:37,765: +PUB [/move_group/planning_scene_monitor/parameter_descriptions] /move_group http://127.0.0.1:34371/
[rosmaster.master][INFO] 2025-11-18 22:07:37,765: +PUB [/move_group/planning_scene_monitor/parameter_updates] /move_group http://127.0.0.1:34371/
[rosmaster.master][INFO] 2025-11-18 22:07:37,768: +PARAM [/move_group/planning_scene_monitor/publish_planning_scene] by /move_group
[rosmaster.master][INFO] 2025-11-18 22:07:37,768: +PARAM [/move_group/planning_scene_monitor/publish_planning_scene_hz] by /move_group
[rosmaster.master][INFO] 2025-11-18 22:07:37,769: +PARAM [/move_group/planning_scene_monitor/publish_geometry_updates] by /move_group
[rosmaster.master][INFO] 2025-11-18 22:07:37,769: +PARAM [/move_group/planning_scene_monitor/publish_state_updates] by /move_group
[rosmaster.master][INFO] 2025-11-18 22:07:37,770: +PARAM [/move_group/planning_scene_monitor/publish_transforms_updates] by /move_group
[rosmaster.master][INFO] 2025-11-18 22:07:37,771: +PUB [/move_group/monitored_planning_scene] /move_group http://127.0.0.1:34371/
[rosmaster.master][INFO] 2025-11-18 22:07:37,773: +PARAM [/move_group/planning_scene_monitor/publish_planning_scene] by /move_group
[rosmaster.master][INFO] 2025-11-18 22:07:37,774: +PARAM [/move_group/planning_scene_monitor/publish_planning_scene_hz] by /move_group
[rosmaster.master][INFO] 2025-11-18 22:07:37,777: +PARAM [/move_group/planning_scene_monitor/publish_geometry_updates] by /move_group
[rosmaster.master][INFO] 2025-11-18 22:07:37,777: +PARAM [/move_group/planning_scene_monitor/publish_state_updates] by /move_group
[rosmaster.master][INFO] 2025-11-18 22:07:37,778: +PARAM [/move_group/planning_scene_monitor/publish_transforms_updates] by /move_group
[rosmaster.master][INFO] 2025-11-18 22:07:37,784: +SUB [/joint_states] /move_group http://127.0.0.1:34371/
[rosmaster.master][INFO] 2025-11-18 22:07:37,792: +SUB [/attached_collision_object] /move_group http://127.0.0.1:34371/
[rosmaster.master][INFO] 2025-11-18 22:07:37,800: +SUB [/planning_scene] /move_group http://127.0.0.1:34371/
[rosmaster.master][INFO] 2025-11-18 22:07:37,809: +SUB [/collision_object] /move_group http://127.0.0.1:34371/
[rosmaster.master][INFO] 2025-11-18 22:07:37,813: +SUB [/planning_scene_world] /move_group http://127.0.0.1:34371/
[rosmaster.master][INFO] 2025-11-18 22:07:37,818: +SERVICE [/move_group/save_map] /move_group http://127.0.0.1:34371/
[rosmaster.master][INFO] 2025-11-18 22:07:37,819: +SERVICE [/move_group/load_map] /move_group http://127.0.0.1:34371/
[rosmaster.master][INFO] 2025-11-18 22:07:37,857: +SERVICE [/xtion/rgb/image_proc_debayer/set_parameters] /xtion/rgb/image_proc http://127.0.0.1:44653/
[rosmaster.master][INFO] 2025-11-18 22:07:37,858: +PUB [/xtion/rgb/image_proc_debayer/parameter_descriptions] /xtion/rgb/image_proc http://127.0.0.1:44653/
[rosmaster.master][INFO] 2025-11-18 22:07:37,860: +PUB [/xtion/rgb/image_proc_debayer/parameter_updates] /xtion/rgb/image_proc http://127.0.0.1:44653/
[rosmaster.master][INFO] 2025-11-18 22:07:37,862: +PARAM [/xtion/rgb/image_proc_debayer/debayer] by /xtion/rgb/image_proc
[rosmaster.master][INFO] 2025-11-18 22:07:37,863: +PARAM [/xtion/rgb/image_proc_debayer/debayer] by /xtion/rgb/image_proc
[rosmaster.master][INFO] 2025-11-18 22:07:37,868: +PUB [/xtion/rgb/image_mono/compressedDepth] /xtion/rgb/image_proc http://127.0.0.1:44653/
[rosmaster.master][INFO] 2025-11-18 22:07:37,869: +SERVICE [/xtion/rgb/image_mono/compressedDepth/set_parameters] /xtion/rgb/image_proc http://127.0.0.1:44653/
[rosmaster.master][INFO] 2025-11-18 22:07:37,870: +PUB [/xtion/rgb/image_mono/compressedDepth/parameter_descriptions] /xtion/rgb/image_proc http://127.0.0.1:44653/
[rosmaster.master][INFO] 2025-11-18 22:07:37,871: +PUB [/xtion/rgb/image_mono/compressedDepth/parameter_updates] /xtion/rgb/image_proc http://127.0.0.1:44653/
[rosmaster.master][INFO] 2025-11-18 22:07:37,875: +PARAM [/xtion/rgb/image_mono/compressedDepth/format] by /xtion/rgb/image_proc
[rosmaster.master][INFO] 2025-11-18 22:07:37,876: +PARAM [/xtion/rgb/image_mono/compressedDepth/depth_max] by /xtion/rgb/image_proc
[rosmaster.master][INFO] 2025-11-18 22:07:37,877: +PARAM [/xtion/rgb/image_mono/compressedDepth/depth_quantization] by /xtion/rgb/image_proc
[rosmaster.master][INFO] 2025-11-18 22:07:37,879: +PARAM [/xtion/rgb/image_mono/compressedDepth/png_level] by /xtion/rgb/image_proc
[rosmaster.master][INFO] 2025-11-18 22:07:37,880: +PARAM [/xtion/rgb/image_mono/compressedDepth/format] by /xtion/rgb/image_proc
[rosmaster.master][INFO] 2025-11-18 22:07:37,881: +PARAM [/xtion/rgb/image_mono/compressedDepth/depth_max] by /xtion/rgb/image_proc
[rosmaster.master][INFO] 2025-11-18 22:07:37,882: +PARAM [/xtion/rgb/image_mono/compressedDepth/depth_quantization] by /xtion/rgb/image_proc
[rosmaster.master][INFO] 2025-11-18 22:07:37,882: +PARAM [/xtion/rgb/image_mono/compressedDepth/png_level] by /xtion/rgb/image_proc
[rosmaster.master][INFO] 2025-11-18 22:07:37,887: +PUB [/rosout] /is_already_there http://127.0.0.1:38227/
[rosmaster.master][INFO] 2025-11-18 22:07:37,888: +PUB [/xtion/rgb/image_mono/compressed] /xtion/rgb/image_proc http://127.0.0.1:44653/
[rosmaster.master][INFO] 2025-11-18 22:07:37,889: +SERVICE [/xtion/rgb/image_mono/compressed/set_parameters] /xtion/rgb/image_proc http://127.0.0.1:44653/
[rosmaster.master][INFO] 2025-11-18 22:07:37,889: +PUB [/xtion/rgb/image_mono/compressed/parameter_descriptions] /xtion/rgb/image_proc http://127.0.0.1:44653/
[rosmaster.master][INFO] 2025-11-18 22:07:37,890: +PUB [/xtion/rgb/image_mono/compressed/parameter_updates] /xtion/rgb/image_proc http://127.0.0.1:44653/
[rosmaster.master][INFO] 2025-11-18 22:07:37,894: +SUB [/clock] /is_already_there http://127.0.0.1:38227/
[rosmaster.master][INFO] 2025-11-18 22:07:37,896: +PARAM [/xtion/rgb/image_mono/compressed/format] by /xtion/rgb/image_proc
[rosmaster.master][INFO] 2025-11-18 22:07:37,897: +PARAM [/xtion/rgb/image_mono/compressed/jpeg_quality] by /xtion/rgb/image_proc
[rosmaster.master][INFO] 2025-11-18 22:07:37,897: +PARAM [/xtion/rgb/image_mono/compressed/jpeg_progressive] by /xtion/rgb/image_proc
[rosmaster.master][INFO] 2025-11-18 22:07:37,898: +SERVICE [/is_already_there/get_loggers] /is_already_there http://127.0.0.1:38227/
[rosmaster.master][INFO] 2025-11-18 22:07:37,899: +PARAM [/xtion/rgb/image_mono/compressed/jpeg_optimize] by /xtion/rgb/image_proc
[rosmaster.master][INFO] 2025-11-18 22:07:37,900: +PARAM [/xtion/rgb/image_mono/compressed/jpeg_restart_interval] by /xtion/rgb/image_proc
[rosmaster.master][INFO] 2025-11-18 22:07:37,900: +SERVICE [/is_already_there/set_logger_level] /is_already_there http://127.0.0.1:38227/
[rosmaster.master][INFO] 2025-11-18 22:07:37,901: +PARAM [/xtion/rgb/image_mono/compressed/png_level] by /xtion/rgb/image_proc
[rosmaster.master][INFO] 2025-11-18 22:07:37,902: +PARAM [/xtion/rgb/image_mono/compressed/format] by /xtion/rgb/image_proc
[rosmaster.master][INFO] 2025-11-18 22:07:37,903: +SERVICE [/play_motion/is_already_there] /is_already_there http://127.0.0.1:38227/
[rosmaster.master][INFO] 2025-11-18 22:07:37,903: +PARAM [/xtion/rgb/image_mono/compressed/jpeg_quality] by /xtion/rgb/image_proc
[rosmaster.master][INFO] 2025-11-18 22:07:37,905: +PARAM [/xtion/rgb/image_mono/compressed/jpeg_progressive] by /xtion/rgb/image_proc
[rosmaster.master][INFO] 2025-11-18 22:07:37,906: +PARAM [/xtion/rgb/image_mono/compressed/jpeg_optimize] by /xtion/rgb/image_proc
[rosmaster.master][INFO] 2025-11-18 22:07:37,907: +SUB [/joint_states] /is_already_there http://127.0.0.1:38227/
[rosmaster.master][INFO] 2025-11-18 22:07:37,907: +PARAM [/xtion/rgb/image_mono/compressed/jpeg_restart_interval] by /xtion/rgb/image_proc
[rosmaster.master][INFO] 2025-11-18 22:07:37,908: +PARAM [/xtion/rgb/image_mono/compressed/png_level] by /xtion/rgb/image_proc
[rosmaster.master][INFO] 2025-11-18 22:07:37,914: +PUB [/xtion/rgb/image_mono] /xtion/rgb/image_proc http://127.0.0.1:44653/
[rosmaster.master][INFO] 2025-11-18 22:07:37,920: publisherUpdate[/rosout] -> http://127.0.0.1:33309/ ['http://127.0.0.1:39457/', 'http://127.0.0.1:34069/', 'http://127.0.0.1:33749/', 'http://127.0.0.1:46537/', 'http://127.0.0.1:32949/', 'http://127.0.0.1:45191/', 'http://127.0.0.1:34371/', 'http://127.0.0.1:36733/', 'http://127.0.0.1:46789/', 'http://127.0.0.1:44653/', 'http://127.0.0.1:41419/', 'http://127.0.0.1:38227/']
[rosmaster.master][INFO] 2025-11-18 22:07:37,923: publisherUpdate[/rosout] -> http://127.0.0.1:33309/ ['http://127.0.0.1:39457/', 'http://127.0.0.1:34069/', 'http://127.0.0.1:33749/', 'http://127.0.0.1:46537/', 'http://127.0.0.1:32949/', 'http://127.0.0.1:45191/', 'http://127.0.0.1:34371/', 'http://127.0.0.1:36733/', 'http://127.0.0.1:46789/', 'http://127.0.0.1:44653/', 'http://127.0.0.1:41419/', 'http://127.0.0.1:38227/']: sec=0.00, result=[1, '', 0]
[rosmaster.master][INFO] 2025-11-18 22:07:37,932: +PUB [/xtion/rgb/image_mono/theora] /xtion/rgb/image_proc http://127.0.0.1:44653/
[rosmaster.master][INFO] 2025-11-18 22:07:37,934: +SERVICE [/xtion/rgb/image_mono/theora/set_parameters] /xtion/rgb/image_proc http://127.0.0.1:44653/
[rosmaster.master][INFO] 2025-11-18 22:07:37,936: +PUB [/xtion/rgb/image_mono/theora/parameter_descriptions] /xtion/rgb/image_proc http://127.0.0.1:44653/
[rosmaster.master][INFO] 2025-11-18 22:07:37,938: +PUB [/xtion/rgb/image_mono/theora/parameter_updates] /xtion/rgb/image_proc http://127.0.0.1:44653/
[rosmaster.master][INFO] 2025-11-18 22:07:37,946: +PARAM [/xtion/rgb/image_mono/theora/optimize_for] by /xtion/rgb/image_proc
[rosmaster.master][INFO] 2025-11-18 22:07:37,947: +PARAM [/xtion/rgb/image_mono/theora/target_bitrate] by /xtion/rgb/image_proc
[rosmaster.master][INFO] 2025-11-18 22:07:37,950: +PARAM [/xtion/rgb/image_mono/theora/quality] by /xtion/rgb/image_proc
[rosmaster.master][INFO] 2025-11-18 22:07:37,951: +PARAM [/xtion/rgb/image_mono/theora/keyframe_frequency] by /xtion/rgb/image_proc
[rosmaster.master][INFO] 2025-11-18 22:07:37,953: +PARAM [/xtion/rgb/image_mono/theora/optimize_for] by /xtion/rgb/image_proc
[rosmaster.master][INFO] 2025-11-18 22:07:37,955: +PARAM [/xtion/rgb/image_mono/theora/target_bitrate] by /xtion/rgb/image_proc
[rosmaster.master][INFO] 2025-11-18 22:07:37,958: +PARAM [/xtion/rgb/image_mono/theora/quality] by /xtion/rgb/image_proc
[rosmaster.master][INFO] 2025-11-18 22:07:37,959: +PARAM [/xtion/rgb/image_mono/theora/keyframe_frequency] by /xtion/rgb/image_proc
[rosmaster.master][INFO] 2025-11-18 22:07:37,961: +SERVICE [/move_group/ompl/set_parameters] /move_group http://127.0.0.1:34371/
[rosmaster.master][INFO] 2025-11-18 22:07:37,961: +PUB [/xtion/rgb/image_color/compressedDepth] /xtion/rgb/image_proc http://127.0.0.1:44653/
[rosmaster.master][INFO] 2025-11-18 22:07:37,962: +PUB [/move_group/ompl/parameter_descriptions] /move_group http://127.0.0.1:34371/
[rosmaster.master][INFO] 2025-11-18 22:07:37,963: +SERVICE [/xtion/rgb/image_color/compressedDepth/set_parameters] /xtion/rgb/image_proc http://127.0.0.1:44653/
[rosmaster.master][INFO] 2025-11-18 22:07:37,964: +PUB [/move_group/ompl/parameter_updates] /move_group http://127.0.0.1:34371/
[rosmaster.master][INFO] 2025-11-18 22:07:37,965: +PUB [/xtion/rgb/image_color/compressedDepth/parameter_descriptions] /xtion/rgb/image_proc http://127.0.0.1:44653/
[rosmaster.master][INFO] 2025-11-18 22:07:37,965: +PUB [/xtion/rgb/image_color/compressedDepth/parameter_updates] /xtion/rgb/image_proc http://127.0.0.1:44653/
[rosmaster.master][INFO] 2025-11-18 22:07:37,968: +PARAM [/move_group/ompl/simplify_solutions] by /move_group
[rosmaster.master][INFO] 2025-11-18 22:07:37,969: +PARAM [/move_group/ompl/minimum_waypoint_count] by /move_group
[rosmaster.master][INFO] 2025-11-18 22:07:37,970: +PARAM [/xtion/rgb/image_color/compressedDepth/format] by /xtion/rgb/image_proc
[rosmaster.master][INFO] 2025-11-18 22:07:37,971: +PARAM [/xtion/rgb/image_color/compressedDepth/depth_max] by /xtion/rgb/image_proc
[rosmaster.master][INFO] 2025-11-18 22:07:37,972: +PARAM [/move_group/ompl/maximum_waypoint_distance] by /move_group
[rosmaster.master][INFO] 2025-11-18 22:07:37,973: +PARAM [/move_group/ompl/link_for_exploration_tree] by /move_group
[rosmaster.master][INFO] 2025-11-18 22:07:37,974: +PARAM [/move_group/ompl/display_random_valid_states] by /move_group
[rosmaster.master][INFO] 2025-11-18 22:07:37,973: +PARAM [/xtion/rgb/image_color/compressedDepth/depth_quantization] by /xtion/rgb/image_proc
[rosmaster.master][INFO] 2025-11-18 22:07:37,975: +PARAM [/xtion/rgb/image_color/compressedDepth/png_level] by /xtion/rgb/image_proc
[rosmaster.master][INFO] 2025-11-18 22:07:37,977: +PARAM [/move_group/ompl/simplify_solutions] by /move_group
[rosmaster.master][INFO] 2025-11-18 22:07:37,977: +PARAM [/xtion/rgb/image_color/compressedDepth/format] by /xtion/rgb/image_proc
[rosmaster.master][INFO] 2025-11-18 22:07:37,978: +PARAM [/move_group/ompl/minimum_waypoint_count] by /move_group
[rosmaster.master][INFO] 2025-11-18 22:07:37,978: +PARAM [/xtion/rgb/image_color/compressedDepth/depth_max] by /xtion/rgb/image_proc
[rosmaster.master][INFO] 2025-11-18 22:07:37,979: +PARAM [/xtion/rgb/image_color/compressedDepth/depth_quantization] by /xtion/rgb/image_proc
[rosmaster.master][INFO] 2025-11-18 22:07:37,980: +PARAM [/move_group/ompl/maximum_waypoint_distance] by /move_group
[rosmaster.master][INFO] 2025-11-18 22:07:37,982: +PARAM [/move_group/ompl/link_for_exploration_tree] by /move_group
[rosmaster.master][INFO] 2025-11-18 22:07:37,982: +PARAM [/xtion/rgb/image_color/compressedDepth/png_level] by /xtion/rgb/image_proc
[rosmaster.master][INFO] 2025-11-18 22:07:37,983: +PUB [/xtion/rgb/image_color/compressed] /xtion/rgb/image_proc http://127.0.0.1:44653/
[rosmaster.master][INFO] 2025-11-18 22:07:37,984: +PARAM [/move_group/ompl/display_random_valid_states] by /move_group
[rosmaster.master][INFO] 2025-11-18 22:07:37,985: +SERVICE [/xtion/rgb/image_color/compressed/set_parameters] /xtion/rgb/image_proc http://127.0.0.1:44653/
[rosmaster.master][INFO] 2025-11-18 22:07:37,992: +PUB [/xtion/rgb/image_color/compressed/parameter_descriptions] /xtion/rgb/image_proc http://127.0.0.1:44653/
[rosmaster.master][INFO] 2025-11-18 22:07:37,997: +PUB [/xtion/rgb/image_color/compressed/parameter_updates] /xtion/rgb/image_proc http://127.0.0.1:44653/
[rosmaster.master][INFO] 2025-11-18 22:07:37,998: +PUB [/rosout] /home_gripper http://127.0.0.1:39071/
[rosmaster.master][INFO] 2025-11-18 22:07:38,024: +SUB [/clock] /home_gripper http://127.0.0.1:39071/
[rosmaster.master][INFO] 2025-11-18 22:07:38,026: publisherUpdate[/rosout] -> http://127.0.0.1:33309/ ['http://127.0.0.1:39457/', 'http://127.0.0.1:34069/', 'http://127.0.0.1:33749/', 'http://127.0.0.1:46537/', 'http://127.0.0.1:32949/', 'http://127.0.0.1:45191/', 'http://127.0.0.1:34371/', 'http://127.0.0.1:36733/', 'http://127.0.0.1:46789/', 'http://127.0.0.1:44653/', 'http://127.0.0.1:41419/', 'http://127.0.0.1:38227/', 'http://127.0.0.1:39071/']
[rosmaster.master][INFO] 2025-11-18 22:07:38,027: +PARAM [/xtion/rgb/image_color/compressed/format] by /xtion/rgb/image_proc
[rosmaster.master][INFO] 2025-11-18 22:07:38,028: publisherUpdate[/rosout] -> http://127.0.0.1:33309/ ['http://127.0.0.1:39457/', 'http://127.0.0.1:34069/', 'http://127.0.0.1:33749/', 'http://127.0.0.1:46537/', 'http://127.0.0.1:32949/', 'http://127.0.0.1:45191/', 'http://127.0.0.1:34371/', 'http://127.0.0.1:36733/', 'http://127.0.0.1:46789/', 'http://127.0.0.1:44653/', 'http://127.0.0.1:41419/', 'http://127.0.0.1:38227/', 'http://127.0.0.1:39071/']: sec=0.00, result=[1, '', 0]
[rosmaster.master][INFO] 2025-11-18 22:07:38,031: +SERVICE [/home_gripper/get_loggers] /home_gripper http://127.0.0.1:39071/
[rosmaster.master][INFO] 2025-11-18 22:07:38,036: +PARAM [/xtion/rgb/image_color/compressed/jpeg_quality] by /xtion/rgb/image_proc
[rosmaster.master][INFO] 2025-11-18 22:07:38,037: +SERVICE [/home_gripper/set_logger_level] /home_gripper http://127.0.0.1:39071/
[rosmaster.master][INFO] 2025-11-18 22:07:38,038: +PARAM [/xtion/rgb/image_color/compressed/jpeg_progressive] by /xtion/rgb/image_proc
[rosmaster.master][INFO] 2025-11-18 22:07:38,041: +PARAM [/xtion/rgb/image_color/compressed/jpeg_optimize] by /xtion/rgb/image_proc
[rosmaster.master][INFO] 2025-11-18 22:07:38,042: +PUB [/move_group/display_planned_path] /move_group http://127.0.0.1:34371/
[rosmaster.master][INFO] 2025-11-18 22:07:38,044: +PARAM [/xtion/rgb/image_color/compressed/jpeg_restart_interval] by /xtion/rgb/image_proc
[rosmaster.master][INFO] 2025-11-18 22:07:38,046: +PUB [/move_group/display_contacts] /move_group http://127.0.0.1:34371/
[rosmaster.master][INFO] 2025-11-18 22:07:38,047: +CACHEDPARAM [/rosout_disable_topics_generation] by /home_gripper
[rosmaster.master][INFO] 2025-11-18 22:07:38,047: +PARAM [/xtion/rgb/image_color/compressed/png_level] by /xtion/rgb/image_proc
[rosmaster.master][INFO] 2025-11-18 22:07:38,054: +PARAM [/xtion/rgb/image_color/compressed/format] by /xtion/rgb/image_proc
[rosmaster.master][INFO] 2025-11-18 22:07:38,055: +PARAM [/xtion/rgb/image_color/compressed/jpeg_quality] by /xtion/rgb/image_proc
[rosmaster.master][INFO] 2025-11-18 22:07:38,058: +PARAM [/xtion/rgb/image_color/compressed/jpeg_progressive] by /xtion/rgb/image_proc
[rosmaster.master][INFO] 2025-11-18 22:07:38,063: +PARAM [/xtion/rgb/image_color/compressed/jpeg_optimize] by /xtion/rgb/image_proc
[rosmaster.master][INFO] 2025-11-18 22:07:38,064: +PARAM [/xtion/rgb/image_color/compressed/jpeg_restart_interval] by /xtion/rgb/image_proc
[rosmaster.master][INFO] 2025-11-18 22:07:38,064: +PUB [/gripper_controller/follow_joint_trajectory/goal] /home_gripper http://127.0.0.1:39071/
[rosmaster.master][INFO] 2025-11-18 22:07:38,070: +PARAM [/xtion/rgb/image_color/compressed/png_level] by /xtion/rgb/image_proc
[rosmaster.master][INFO] 2025-11-18 22:07:38,071: +PUB [/xtion/rgb/image_color] /xtion/rgb/image_proc http://127.0.0.1:44653/
[rosmaster.master][INFO] 2025-11-18 22:07:38,071: +PUB [/gripper_controller/follow_joint_trajectory/cancel] /home_gripper http://127.0.0.1:39071/
[rosmaster.master][INFO] 2025-11-18 22:07:38,077: +PUB [/xtion/rgb/image_color/theora] /xtion/rgb/image_proc http://127.0.0.1:44653/
[rosmaster.master][INFO] 2025-11-18 22:07:38,084: +SUB [/gripper_controller/follow_joint_trajectory/status] /home_gripper http://127.0.0.1:39071/
[rosmaster.master][INFO] 2025-11-18 22:07:38,085: +SERVICE [/xtion/rgb/image_color/theora/set_parameters] /xtion/rgb/image_proc http://127.0.0.1:44653/
[rosmaster.master][INFO] 2025-11-18 22:07:38,086: +PUB [/xtion/rgb/image_color/theora/parameter_descriptions] /xtion/rgb/image_proc http://127.0.0.1:44653/
[rosmaster.master][INFO] 2025-11-18 22:07:38,088: +SUB [/gripper_controller/follow_joint_trajectory/result] /home_gripper http://127.0.0.1:39071/
[rosmaster.master][INFO] 2025-11-18 22:07:38,092: +PUB [/xtion/rgb/image_color/theora/parameter_updates] /xtion/rgb/image_proc http://127.0.0.1:44653/
[rosmaster.master][INFO] 2025-11-18 22:07:38,096: +PARAM [/xtion/rgb/image_color/theora/optimize_for] by /xtion/rgb/image_proc
[rosmaster.master][INFO] 2025-11-18 22:07:38,096: +PARAM [/xtion/rgb/image_color/theora/target_bitrate] by /xtion/rgb/image_proc
[rosmaster.master][INFO] 2025-11-18 22:07:38,100: +PARAM [/xtion/rgb/image_color/theora/quality] by /xtion/rgb/image_proc
[rosmaster.master][INFO] 2025-11-18 22:07:38,102: +SUB [/gripper_controller/follow_joint_trajectory/feedback] /home_gripper http://127.0.0.1:39071/
[rosmaster.master][INFO] 2025-11-18 22:07:38,102: +PARAM [/xtion/rgb/image_color/theora/keyframe_frequency] by /xtion/rgb/image_proc
[rosmaster.master][INFO] 2025-11-18 22:07:38,103: +PARAM [/xtion/rgb/image_color/theora/optimize_for] by /xtion/rgb/image_proc
[rosmaster.master][INFO] 2025-11-18 22:07:38,104: +PARAM [/xtion/rgb/image_color/theora/target_bitrate] by /xtion/rgb/image_proc
[rosmaster.master][INFO] 2025-11-18 22:07:38,105: +PARAM [/xtion/rgb/image_color/theora/quality] by /xtion/rgb/image_proc
[rosmaster.master][INFO] 2025-11-18 22:07:38,105: +PARAM [/xtion/rgb/image_color/theora/keyframe_frequency] by /xtion/rgb/image_proc
[rosmaster.master][INFO] 2025-11-18 22:07:38,112: +SERVICE [/xtion/rgb/image_proc_rectify_mono/set_parameters] /xtion/rgb/image_proc http://127.0.0.1:44653/
[rosmaster.master][INFO] 2025-11-18 22:07:38,112: +PUB [/xtion/rgb/image_proc_rectify_mono/parameter_descriptions] /xtion/rgb/image_proc http://127.0.0.1:44653/
[rosmaster.master][INFO] 2025-11-18 22:07:38,115: +PUB [/xtion/rgb/image_proc_rectify_mono/parameter_updates] /xtion/rgb/image_proc http://127.0.0.1:44653/
[rosmaster.master][INFO] 2025-11-18 22:07:38,116: +PARAM [/xtion/rgb/image_proc_rectify_mono/interpolation] by /xtion/rgb/image_proc
[rosmaster.master][INFO] 2025-11-18 22:07:38,117: +PARAM [/xtion/rgb/image_proc_rectify_mono/interpolation] by /xtion/rgb/image_proc
[rosmaster.master][INFO] 2025-11-18 22:07:38,121: +PUB [/xtion/rgb/image_rect/compressedDepth] /xtion/rgb/image_proc http://127.0.0.1:44653/
[rosmaster.master][INFO] 2025-11-18 22:07:38,122: +SERVICE [/xtion/rgb/image_rect/compressedDepth/set_parameters] /xtion/rgb/image_proc http://127.0.0.1:44653/
[rosmaster.master][INFO] 2025-11-18 22:07:38,123: +PUB [/xtion/rgb/image_rect/compressedDepth/parameter_descriptions] /xtion/rgb/image_proc http://127.0.0.1:44653/
[rosmaster.master][INFO] 2025-11-18 22:07:38,123: +PUB [/xtion/rgb/image_rect/compressedDepth/parameter_updates] /xtion/rgb/image_proc http://127.0.0.1:44653/
[rosmaster.master][INFO] 2025-11-18 22:07:38,127: +PUB [/rosout] /joystick_relay http://127.0.0.1:36797/
[rosmaster.master][INFO] 2025-11-18 22:07:38,128: publisherUpdate[/rosout] -> http://127.0.0.1:33309/ ['http://127.0.0.1:39457/', 'http://127.0.0.1:34069/', 'http://127.0.0.1:33749/', 'http://127.0.0.1:46537/', 'http://127.0.0.1:32949/', 'http://127.0.0.1:45191/', 'http://127.0.0.1:34371/', 'http://127.0.0.1:36733/', 'http://127.0.0.1:46789/', 'http://127.0.0.1:44653/', 'http://127.0.0.1:41419/', 'http://127.0.0.1:38227/', 'http://127.0.0.1:39071/', 'http://127.0.0.1:36797/']
[rosmaster.master][INFO] 2025-11-18 22:07:38,130: publisherUpdate[/rosout] -> http://127.0.0.1:33309/ ['http://127.0.0.1:39457/', 'http://127.0.0.1:34069/', 'http://127.0.0.1:33749/', 'http://127.0.0.1:46537/', 'http://127.0.0.1:32949/', 'http://127.0.0.1:45191/', 'http://127.0.0.1:34371/', 'http://127.0.0.1:36733/', 'http://127.0.0.1:46789/', 'http://127.0.0.1:44653/', 'http://127.0.0.1:41419/', 'http://127.0.0.1:38227/', 'http://127.0.0.1:39071/', 'http://127.0.0.1:36797/']: sec=0.00, result=[1, '', 0]
[rosmaster.master][INFO] 2025-11-18 22:07:38,132: +PARAM [/xtion/rgb/image_rect/compressedDepth/format] by /xtion/rgb/image_proc
[rosmaster.master][INFO] 2025-11-18 22:07:38,133: +PARAM [/xtion/rgb/image_rect/compressedDepth/depth_max] by /xtion/rgb/image_proc
[rosmaster.master][INFO] 2025-11-18 22:07:38,134: +PUB [/rosout] /dynamic_footprint_publisher http://127.0.0.1:35081/
[rosmaster.master][INFO] 2025-11-18 22:07:38,135: +PARAM [/xtion/rgb/image_rect/compressedDepth/depth_quantization] by /xtion/rgb/image_proc
[rosmaster.master][INFO] 2025-11-18 22:07:38,135: +SUB [/clock] /joystick_relay http://127.0.0.1:36797/
[rosmaster.master][INFO] 2025-11-18 22:07:38,136: +PARAM [/xtion/rgb/image_rect/compressedDepth/png_level] by /xtion/rgb/image_proc
[rosmaster.master][INFO] 2025-11-18 22:07:38,137: +PARAM [/xtion/rgb/image_rect/compressedDepth/format] by /xtion/rgb/image_proc
[rosmaster.master][INFO] 2025-11-18 22:07:38,138: +SERVICE [/joystick_relay/get_loggers] /joystick_relay http://127.0.0.1:36797/
[rosmaster.master][INFO] 2025-11-18 22:07:38,139: +PARAM [/xtion/rgb/image_rect/compressedDepth/depth_max] by /xtion/rgb/image_proc
[rosmaster.master][INFO] 2025-11-18 22:07:38,140: +SERVICE [/joystick_relay/set_logger_level] /joystick_relay http://127.0.0.1:36797/
[rosmaster.master][INFO] 2025-11-18 22:07:38,140: +SUB [/clock] /dynamic_footprint_publisher http://127.0.0.1:35081/
[rosmaster.master][INFO] 2025-11-18 22:07:38,142: +PARAM [/xtion/rgb/image_rect/compressedDepth/depth_quantization] by /xtion/rgb/image_proc
[rosmaster.master][INFO] 2025-11-18 22:07:38,143: +PARAM [/xtion/rgb/image_rect/compressedDepth/png_level] by /xtion/rgb/image_proc
[rosmaster.master][INFO] 2025-11-18 22:07:38,144: +SERVICE [/dynamic_footprint_publisher/get_loggers] /dynamic_footprint_publisher http://127.0.0.1:35081/
[rosmaster.master][INFO] 2025-11-18 22:07:38,145: +PUB [/xtion/rgb/image_rect/compressed] /xtion/rgb/image_proc http://127.0.0.1:44653/
[rosmaster.master][INFO] 2025-11-18 22:07:38,146: +SERVICE [/dynamic_footprint_publisher/set_logger_level] /dynamic_footprint_publisher http://127.0.0.1:35081/
[rosmaster.master][INFO] 2025-11-18 22:07:38,148: +SERVICE [/xtion/rgb/image_rect/compressed/set_parameters] /xtion/rgb/image_proc http://127.0.0.1:44653/
[rosmaster.master][INFO] 2025-11-18 22:07:38,150: +PUB [/xtion/rgb/image_rect/compressed/parameter_descriptions] /xtion/rgb/image_proc http://127.0.0.1:44653/
[rosmaster.master][INFO] 2025-11-18 22:07:38,152: +PUB [/xtion/rgb/image_rect/compressed/parameter_updates] /xtion/rgb/image_proc http://127.0.0.1:44653/
[rosmaster.master][INFO] 2025-11-18 22:07:38,159: +PARAM [/xtion/rgb/image_rect/compressed/format] by /xtion/rgb/image_proc
[rosmaster.master][INFO] 2025-11-18 22:07:38,160: +PUB [/tf_stream/goal] /dynamic_footprint_publisher http://127.0.0.1:35081/
[rosmaster.master][INFO] 2025-11-18 22:07:38,162: +PARAM [/xtion/rgb/image_rect/compressed/jpeg_quality] by /xtion/rgb/image_proc
[rosmaster.master][INFO] 2025-11-18 22:07:38,163: +PUB [/tf_stream/cancel] /dynamic_footprint_publisher http://127.0.0.1:35081/
[rosmaster.master][INFO] 2025-11-18 22:07:38,164: +PARAM [/xtion/rgb/image_rect/compressed/jpeg_progressive] by /xtion/rgb/image_proc
[rosmaster.master][INFO] 2025-11-18 22:07:38,166: +PARAM [/xtion/rgb/image_rect/compressed/jpeg_optimize] by /xtion/rgb/image_proc
[rosmaster.master][INFO] 2025-11-18 22:07:38,168: +PARAM [/xtion/rgb/image_rect/compressed/jpeg_restart_interval] by /xtion/rgb/image_proc
[rosmaster.master][INFO] 2025-11-18 22:07:38,168: +PUB [/text_marker] /joystick_relay http://127.0.0.1:36797/
[rosmaster.master][INFO] 2025-11-18 22:07:38,170: +SUB [/tf_stream/status] /dynamic_footprint_publisher http://127.0.0.1:35081/
[rosmaster.master][INFO] 2025-11-18 22:07:38,171: +PARAM [/xtion/rgb/image_rect/compressed/png_level] by /xtion/rgb/image_proc
[rosmaster.master][INFO] 2025-11-18 22:07:38,172: +PARAM [/xtion/rgb/image_rect/compressed/format] by /xtion/rgb/image_proc
[rosmaster.master][INFO] 2025-11-18 22:07:38,172: +PUB [/joy_vel] /joystick_relay http://127.0.0.1:36797/
[rosmaster.master][INFO] 2025-11-18 22:07:38,175: +SUB [/tf_stream/result] /dynamic_footprint_publisher http://127.0.0.1:35081/
[rosmaster.master][INFO] 2025-11-18 22:07:38,176: +PARAM [/xtion/rgb/image_rect/compressed/jpeg_quality] by /xtion/rgb/image_proc
[rosmaster.master][INFO] 2025-11-18 22:07:38,177: +SUB [/input_joy/cmd_vel] /joystick_relay http://127.0.0.1:36797/
[rosmaster.master][INFO] 2025-11-18 22:07:38,178: +PARAM [/xtion/rgb/image_rect/compressed/jpeg_progressive] by /xtion/rgb/image_proc
[rosmaster.master][INFO] 2025-11-18 22:07:38,180: +SUB [/tf_stream/feedback] /dynamic_footprint_publisher http://127.0.0.1:35081/
[rosmaster.master][INFO] 2025-11-18 22:07:38,182: +PARAM [/xtion/rgb/image_rect/compressed/jpeg_optimize] by /xtion/rgb/image_proc
[rosmaster.master][INFO] 2025-11-18 22:07:38,183: +PARAM [/xtion/rgb/image_rect/compressed/jpeg_restart_interval] by /xtion/rgb/image_proc
[rosmaster.master][INFO] 2025-11-18 22:07:38,184: +PUB [/joy_priority] /joystick_relay http://127.0.0.1:36797/
[rosmaster.master][INFO] 2025-11-18 22:07:38,184: +PARAM [/xtion/rgb/image_rect/compressed/png_level] by /xtion/rgb/image_proc
[rosmaster.master][INFO] 2025-11-18 22:07:38,186: +PUB [/dynamic_footprint_publisher/footprint] /dynamic_footprint_publisher http://127.0.0.1:35081/
[rosmaster.master][INFO] 2025-11-18 22:07:38,186: +PUB [/xtion/rgb/image_rect] /xtion/rgb/image_proc http://127.0.0.1:44653/
[rosmaster.master][INFO] 2025-11-18 22:07:38,188: +PUB [/dynamic_footprint_publisher/footprint_stamped] /dynamic_footprint_publisher http://127.0.0.1:35081/
[rosmaster.master][INFO] 2025-11-18 22:07:38,188: +PUB [/xtion/rgb/image_rect/theora] /xtion/rgb/image_proc http://127.0.0.1:44653/
[rosmaster.master][INFO] 2025-11-18 22:07:38,190: +SERVICE [/dynamic_footprint_publisher/change_params] /dynamic_footprint_publisher http://127.0.0.1:35081/
[rosmaster.master][INFO] 2025-11-18 22:07:38,190: +SERVICE [/xtion/rgb/image_rect/theora/set_parameters] /xtion/rgb/image_proc http://127.0.0.1:44653/
[rosmaster.master][INFO] 2025-11-18 22:07:38,192: +PUB [/xtion/rgb/image_rect/theora/parameter_descriptions] /xtion/rgb/image_proc http://127.0.0.1:44653/
[rosmaster.master][INFO] 2025-11-18 22:07:38,193: +PUB [/xtion/rgb/image_rect/theora/parameter_updates] /xtion/rgb/image_proc http://127.0.0.1:44653/
[rosmaster.master][INFO] 2025-11-18 22:07:38,193: +CACHEDPARAM [/rosout_disable_topics_generation] by /dynamic_footprint_publisher
[rosmaster.master][INFO] 2025-11-18 22:07:38,197: +PARAM [/xtion/rgb/image_rect/theora/optimize_for] by /xtion/rgb/image_proc
[rosmaster.master][INFO] 2025-11-18 22:07:38,198: +PARAM [/xtion/rgb/image_rect/theora/target_bitrate] by /xtion/rgb/image_proc
[rosmaster.master][INFO] 2025-11-18 22:07:38,199: +PARAM [/xtion/rgb/image_rect/theora/quality] by /xtion/rgb/image_proc
[rosmaster.master][INFO] 2025-11-18 22:07:38,200: +PARAM [/xtion/rgb/image_rect/theora/keyframe_frequency] by /xtion/rgb/image_proc
[rosmaster.master][INFO] 2025-11-18 22:07:38,202: +PARAM [/xtion/rgb/image_rect/theora/optimize_for] by /xtion/rgb/image_proc
[rosmaster.master][INFO] 2025-11-18 22:07:38,203: +PARAM [/xtion/rgb/image_rect/theora/target_bitrate] by /xtion/rgb/image_proc
[rosmaster.master][INFO] 2025-11-18 22:07:38,205: +PARAM [/xtion/rgb/image_rect/theora/quality] by /xtion/rgb/image_proc
[rosmaster.master][INFO] 2025-11-18 22:07:38,205: +PARAM [/xtion/rgb/image_rect/theora/keyframe_frequency] by /xtion/rgb/image_proc
[rosmaster.master][INFO] 2025-11-18 22:07:38,206: +PUB [/joy_priority_action/status] /joystick_relay http://127.0.0.1:36797/
[rosmaster.master][INFO] 2025-11-18 22:07:38,209: +PUB [/joy_priority_action/result] /joystick_relay http://127.0.0.1:36797/
[rosmaster.master][INFO] 2025-11-18 22:07:38,210: +PUB [/joy_priority_action/feedback] /joystick_relay http://127.0.0.1:36797/
[rosmaster.master][INFO] 2025-11-18 22:07:38,211: +SERVICE [/xtion/rgb/image_proc_rectify_color/set_parameters] /xtion/rgb/image_proc http://127.0.0.1:44653/
[rosmaster.master][INFO] 2025-11-18 22:07:38,212: +PUB [/xtion/rgb/image_proc_rectify_color/parameter_descriptions] /xtion/rgb/image_proc http://127.0.0.1:44653/
[rosmaster.master][INFO] 2025-11-18 22:07:38,213: +PUB [/xtion/rgb/image_proc_rectify_color/parameter_updates] /xtion/rgb/image_proc http://127.0.0.1:44653/
[rosmaster.master][INFO] 2025-11-18 22:07:38,216: +SUB [/joy_priority_action/goal] /joystick_relay http://127.0.0.1:36797/
[rosmaster.master][INFO] 2025-11-18 22:07:38,216: +PARAM [/xtion/rgb/image_proc_rectify_color/interpolation] by /xtion/rgb/image_proc
[rosmaster.master][INFO] 2025-11-18 22:07:38,217: +PARAM [/xtion/rgb/image_proc_rectify_color/interpolation] by /xtion/rgb/image_proc
[rosmaster.master][INFO] 2025-11-18 22:07:38,219: +PUB [/xtion/rgb/image_rect_color/compressedDepth] /xtion/rgb/image_proc http://127.0.0.1:44653/
[rosmaster.master][INFO] 2025-11-18 22:07:38,221: +SUB [/joy_priority_action/cancel] /joystick_relay http://127.0.0.1:36797/
[rosmaster.master][INFO] 2025-11-18 22:07:38,222: +SERVICE [/xtion/rgb/image_rect_color/compressedDepth/set_parameters] /xtion/rgb/image_proc http://127.0.0.1:44653/
[rosmaster.master][INFO] 2025-11-18 22:07:38,222: +PUB [/xtion/rgb/image_rect_color/compressedDepth/parameter_descriptions] /xtion/rgb/image_proc http://127.0.0.1:44653/
[rosmaster.master][INFO] 2025-11-18 22:07:38,225: +PUB [/xtion/rgb/image_rect_color/compressedDepth/parameter_updates] /xtion/rgb/image_proc http://127.0.0.1:44653/
[rosmaster.master][INFO] 2025-11-18 22:07:38,229: +PARAM [/xtion/rgb/image_rect_color/compressedDepth/format] by /xtion/rgb/image_proc
[rosmaster.master][INFO] 2025-11-18 22:07:38,230: +PARAM [/xtion/rgb/image_rect_color/compressedDepth/depth_max] by /xtion/rgb/image_proc
[rosmaster.master][INFO] 2025-11-18 22:07:38,231: publisherUpdate[/rosout] -> http://127.0.0.1:33309/ ['http://127.0.0.1:39457/', 'http://127.0.0.1:34069/', 'http://127.0.0.1:33749/', 'http://127.0.0.1:46537/', 'http://127.0.0.1:32949/', 'http://127.0.0.1:45191/', 'http://127.0.0.1:34371/', 'http://127.0.0.1:36733/', 'http://127.0.0.1:46789/', 'http://127.0.0.1:44653/', 'http://127.0.0.1:41419/', 'http://127.0.0.1:38227/', 'http://127.0.0.1:39071/', 'http://127.0.0.1:36797/', 'http://127.0.0.1:35081/']
[rosmaster.master][INFO] 2025-11-18 22:07:38,232: +PARAM [/xtion/rgb/image_rect_color/compressedDepth/depth_quantization] by /xtion/rgb/image_proc
[rosmaster.master][INFO] 2025-11-18 22:07:38,232: publisherUpdate[/tf_stream/goal] -> http://127.0.0.1:46537/ ['http://127.0.0.1:35081/']
[rosmaster.master][INFO] 2025-11-18 22:07:38,232: publisherUpdate[/joy_vel] -> http://127.0.0.1:32949/ ['http://127.0.0.1:36797/']
[rosmaster.master][INFO] 2025-11-18 22:07:38,234: +PARAM [/xtion/rgb/image_rect_color/compressedDepth/png_level] by /xtion/rgb/image_proc
[rosmaster.master][INFO] 2025-11-18 22:07:38,265: publisherUpdate[/rosout] -> http://127.0.0.1:33309/ ['http://127.0.0.1:39457/', 'http://127.0.0.1:34069/', 'http://127.0.0.1:33749/', 'http://127.0.0.1:46537/', 'http://127.0.0.1:32949/', 'http://127.0.0.1:45191/', 'http://127.0.0.1:34371/', 'http://127.0.0.1:36733/', 'http://127.0.0.1:46789/', 'http://127.0.0.1:44653/', 'http://127.0.0.1:41419/', 'http://127.0.0.1:38227/', 'http://127.0.0.1:39071/', 'http://127.0.0.1:36797/', 'http://127.0.0.1:35081/']: sec=0.03, result=[1, '', 0]
[rosmaster.master][INFO] 2025-11-18 22:07:38,271: +PUB [/joy_turbo_increase/status] /joystick_relay http://127.0.0.1:36797/
[rosmaster.master][INFO] 2025-11-18 22:07:38,280: +PARAM [/xtion/rgb/image_rect_color/compressedDepth/format] by /xtion/rgb/image_proc
[rosmaster.master][INFO] 2025-11-18 22:07:38,281: +PARAM [/xtion/rgb/image_rect_color/compressedDepth/depth_max] by /xtion/rgb/image_proc
[rosmaster.master][INFO] 2025-11-18 22:07:38,282: +PUB [/joy_turbo_increase/result] /joystick_relay http://127.0.0.1:36797/
[rosmaster.master][INFO] 2025-11-18 22:07:38,283: +PUB [/joy_turbo_increase/feedback] /joystick_relay http://127.0.0.1:36797/
[rosmaster.master][INFO] 2025-11-18 22:07:38,285: +PARAM [/xtion/rgb/image_rect_color/compressedDepth/depth_quantization] by /xtion/rgb/image_proc
[rosmaster.master][INFO] 2025-11-18 22:07:38,286: publisherUpdate[/tf_stream/goal] -> http://127.0.0.1:46537/ ['http://127.0.0.1:35081/']: sec=0.05, result=[1, '', 0]
[rosmaster.master][INFO] 2025-11-18 22:07:38,286: publisherUpdate[/tf_stream/cancel] -> http://127.0.0.1:46537/ ['http://127.0.0.1:35081/']
[rosmaster.master][INFO] 2025-11-18 22:07:38,287: publisherUpdate[/tf_stream/cancel] -> http://127.0.0.1:46537/ ['http://127.0.0.1:35081/']: sec=0.00, result=[1, '', 0]
[rosmaster.master][INFO] 2025-11-18 22:07:38,289: +PARAM [/xtion/rgb/image_rect_color/compressedDepth/png_level] by /xtion/rgb/image_proc
[rosmaster.master][INFO] 2025-11-18 22:07:38,289: +PUB [/xtion/rgb/image_rect_color/compressed] /xtion/rgb/image_proc http://127.0.0.1:44653/
[rosmaster.master][INFO] 2025-11-18 22:07:38,290: +SERVICE [/xtion/rgb/image_rect_color/compressed/set_parameters] /xtion/rgb/image_proc http://127.0.0.1:44653/
[rosmaster.master][INFO] 2025-11-18 22:07:38,290: publisherUpdate[/joy_vel] -> http://127.0.0.1:32949/ ['http://127.0.0.1:36797/']: sec=0.06, result=[1, '', 0]
[rosmaster.master][INFO] 2025-11-18 22:07:38,291: +PUB [/xtion/rgb/image_rect_color/compressed/parameter_descriptions] /xtion/rgb/image_proc http://127.0.0.1:44653/
[rosmaster.master][INFO] 2025-11-18 22:07:38,291: publisherUpdate[/joy_priority] -> http://127.0.0.1:32949/ ['http://127.0.0.1:36797/']
[rosmaster.master][INFO] 2025-11-18 22:07:38,292: +SUB [/joy_turbo_increase/goal] /joystick_relay http://127.0.0.1:36797/
[rosmaster.master][INFO] 2025-11-18 22:07:38,293: +PUB [/xtion/rgb/image_rect_color/compressed/parameter_updates] /xtion/rgb/image_proc http://127.0.0.1:44653/
[rosmaster.master][INFO] 2025-11-18 22:07:38,294: +SUB [/joy_turbo_increase/cancel] /joystick_relay http://127.0.0.1:36797/
[rosmaster.master][INFO] 2025-11-18 22:07:38,295: publisherUpdate[/joy_priority] -> http://127.0.0.1:32949/ ['http://127.0.0.1:36797/']: sec=0.00, result=[1, '', 0]
[rosmaster.master][INFO] 2025-11-18 22:07:38,300: +PARAM [/xtion/rgb/image_rect_color/compressed/format] by /xtion/rgb/image_proc
[rosmaster.master][INFO] 2025-11-18 22:07:38,301: +PARAM [/xtion/rgb/image_rect_color/compressed/jpeg_quality] by /xtion/rgb/image_proc
[rosmaster.master][INFO] 2025-11-18 22:07:38,303: +PARAM [/xtion/rgb/image_rect_color/compressed/jpeg_progressive] by /xtion/rgb/image_proc
[rosmaster.master][INFO] 2025-11-18 22:07:38,304: +PARAM [/xtion/rgb/image_rect_color/compressed/jpeg_optimize] by /xtion/rgb/image_proc
[rosmaster.master][INFO] 2025-11-18 22:07:38,305: +PARAM [/xtion/rgb/image_rect_color/compressed/jpeg_restart_interval] by /xtion/rgb/image_proc
[rosmaster.master][INFO] 2025-11-18 22:07:38,307: +PUB [/joy_turbo_decrease/status] /joystick_relay http://127.0.0.1:36797/
[rosmaster.master][INFO] 2025-11-18 22:07:38,307: +PARAM [/xtion/rgb/image_rect_color/compressed/png_level] by /xtion/rgb/image_proc
[rosmaster.master][INFO] 2025-11-18 22:07:38,308: +PARAM [/xtion/rgb/image_rect_color/compressed/format] by /xtion/rgb/image_proc
[rosmaster.master][INFO] 2025-11-18 22:07:38,309: +PUB [/joy_turbo_decrease/result] /joystick_relay http://127.0.0.1:36797/
[rosmaster.master][INFO] 2025-11-18 22:07:38,309: +PARAM [/xtion/rgb/image_rect_color/compressed/jpeg_quality] by /xtion/rgb/image_proc
[rosmaster.master][INFO] 2025-11-18 22:07:38,310: +PUB [/joy_turbo_decrease/feedback] /joystick_relay http://127.0.0.1:36797/
[rosmaster.master][INFO] 2025-11-18 22:07:38,311: +PARAM [/xtion/rgb/image_rect_color/compressed/jpeg_progressive] by /xtion/rgb/image_proc
[rosmaster.master][INFO] 2025-11-18 22:07:38,312: +PARAM [/xtion/rgb/image_rect_color/compressed/jpeg_optimize] by /xtion/rgb/image_proc
[rosmaster.master][INFO] 2025-11-18 22:07:38,313: +PARAM [/xtion/rgb/image_rect_color/compressed/jpeg_restart_interval] by /xtion/rgb/image_proc
[rosmaster.master][INFO] 2025-11-18 22:07:38,314: +PARAM [/xtion/rgb/image_rect_color/compressed/png_level] by /xtion/rgb/image_proc
[rosmaster.master][INFO] 2025-11-18 22:07:38,314: +SUB [/joy_turbo_decrease/goal] /joystick_relay http://127.0.0.1:36797/
[rosmaster.master][INFO] 2025-11-18 22:07:38,316: +PUB [/xtion/rgb/image_rect_color] /xtion/rgb/image_proc http://127.0.0.1:44653/
[rosmaster.master][INFO] 2025-11-18 22:07:38,316: +SUB [/joy_turbo_decrease/cancel] /joystick_relay http://127.0.0.1:36797/
[rosmaster.master][INFO] 2025-11-18 22:07:38,317: +PUB [/xtion/rgb/image_rect_color/theora] /xtion/rgb/image_proc http://127.0.0.1:44653/
[rosmaster.master][INFO] 2025-11-18 22:07:38,318: +SERVICE [/xtion/rgb/image_rect_color/theora/set_parameters] /xtion/rgb/image_proc http://127.0.0.1:44653/
[rosmaster.master][INFO] 2025-11-18 22:07:38,319: +PUB [/xtion/rgb/image_rect_color/theora/parameter_descriptions] /xtion/rgb/image_proc http://127.0.0.1:44653/
[rosmaster.master][INFO] 2025-11-18 22:07:38,321: +PUB [/xtion/rgb/image_rect_color/theora/parameter_updates] /xtion/rgb/image_proc http://127.0.0.1:44653/
[rosmaster.master][INFO] 2025-11-18 22:07:38,324: +PARAM [/xtion/rgb/image_rect_color/theora/optimize_for] by /xtion/rgb/image_proc
[rosmaster.master][INFO] 2025-11-18 22:07:38,325: +PUB [/joy_turbo_angular_increase/status] /joystick_relay http://127.0.0.1:36797/
[rosmaster.master][INFO] 2025-11-18 22:07:38,326: +PARAM [/xtion/rgb/image_rect_color/theora/target_bitrate] by /xtion/rgb/image_proc
[rosmaster.master][INFO] 2025-11-18 22:07:38,327: +PARAM [/xtion/rgb/image_rect_color/theora/quality] by /xtion/rgb/image_proc
[rosmaster.master][INFO] 2025-11-18 22:07:38,327: +PUB [/joy_turbo_angular_increase/result] /joystick_relay http://127.0.0.1:36797/
[rosmaster.master][INFO] 2025-11-18 22:07:38,328: +PARAM [/xtion/rgb/image_rect_color/theora/keyframe_frequency] by /xtion/rgb/image_proc
[rosmaster.master][INFO] 2025-11-18 22:07:38,329: +PARAM [/xtion/rgb/image_rect_color/theora/optimize_for] by /xtion/rgb/image_proc
[rosmaster.master][INFO] 2025-11-18 22:07:38,329: +PUB [/joy_turbo_angular_increase/feedback] /joystick_relay http://127.0.0.1:36797/
[rosmaster.master][INFO] 2025-11-18 22:07:38,331: +PARAM [/xtion/rgb/image_rect_color/theora/target_bitrate] by /xtion/rgb/image_proc
[rosmaster.master][INFO] 2025-11-18 22:07:38,331: +PARAM [/xtion/rgb/image_rect_color/theora/quality] by /xtion/rgb/image_proc
[rosmaster.master][INFO] 2025-11-18 22:07:38,333: +PARAM [/xtion/rgb/image_rect_color/theora/keyframe_frequency] by /xtion/rgb/image_proc
[rosmaster.master][INFO] 2025-11-18 22:07:38,334: +SUB [/joy_turbo_angular_increase/goal] /joystick_relay http://127.0.0.1:36797/
[rosmaster.master][INFO] 2025-11-18 22:07:38,337: +SUB [/joy_turbo_angular_increase/cancel] /joystick_relay http://127.0.0.1:36797/
[rosmaster.master][INFO] 2025-11-18 22:07:38,338: +CACHEDPARAM [/rosout_disable_topics_generation] by /xtion/rgb/image_proc
[rosmaster.master][INFO] 2025-11-18 22:07:38,354: +PUB [/joy_turbo_angular_decrease/status] /joystick_relay http://127.0.0.1:36797/
[rosmaster.master][INFO] 2025-11-18 22:07:38,355: +PUB [/joy_turbo_angular_decrease/result] /joystick_relay http://127.0.0.1:36797/
[rosmaster.master][INFO] 2025-11-18 22:07:38,356: +PUB [/joy_turbo_angular_decrease/feedback] /joystick_relay http://127.0.0.1:36797/
[rosmaster.master][INFO] 2025-11-18 22:07:38,358: +SUB [/joy_turbo_angular_decrease/goal] /joystick_relay http://127.0.0.1:36797/
[rosmaster.master][INFO] 2025-11-18 22:07:38,360: +SUB [/joy_turbo_angular_decrease/cancel] /joystick_relay http://127.0.0.1:36797/
[rosmaster.master][INFO] 2025-11-18 22:07:38,366: +PUB [/joy_turbo_reset/status] /joystick_relay http://127.0.0.1:36797/
[rosmaster.master][INFO] 2025-11-18 22:07:38,367: +PUB [/joy_turbo_reset/result] /joystick_relay http://127.0.0.1:36797/
[rosmaster.master][INFO] 2025-11-18 22:07:38,368: +PUB [/joy_turbo_reset/feedback] /joystick_relay http://127.0.0.1:36797/
[rosmaster.master][INFO] 2025-11-18 22:07:38,372: +SUB [/joy_turbo_reset/goal] /joystick_relay http://127.0.0.1:36797/
[rosmaster.master][INFO] 2025-11-18 22:07:38,375: +SUB [/joy_turbo_reset/cancel] /joystick_relay http://127.0.0.1:36797/
[rosmaster.master][INFO] 2025-11-18 22:07:38,443: +PUB [/rosout] /tuck_arm http://127.0.0.1:40805/
[rosmaster.master][INFO] 2025-11-18 22:07:38,449: +SUB [/clock] /tuck_arm http://127.0.0.1:40805/
[rosmaster.master][INFO] 2025-11-18 22:07:38,454: +SERVICE [/tuck_arm/get_loggers] /tuck_arm http://127.0.0.1:40805/
[rosmaster.master][INFO] 2025-11-18 22:07:38,456: +SERVICE [/tuck_arm/set_logger_level] /tuck_arm http://127.0.0.1:40805/
[rosmaster.master][INFO] 2025-11-18 22:07:38,459: +CACHEDPARAM [/rosout_disable_topics_generation] by /tuck_arm
[rosmaster.master][INFO] 2025-11-18 22:07:38,464: +PUB [/play_motion/goal] /tuck_arm http://127.0.0.1:40805/
[rosmaster.master][INFO] 2025-11-18 22:07:38,466: +PUB [/play_motion/cancel] /tuck_arm http://127.0.0.1:40805/
[rosmaster.master][INFO] 2025-11-18 22:07:38,472: +SUB [/play_motion/status] /tuck_arm http://127.0.0.1:40805/
[rosmaster.master][INFO] 2025-11-18 22:07:38,477: publisherUpdate[/rosout] -> http://127.0.0.1:33309/ ['http://127.0.0.1:39457/', 'http://127.0.0.1:34069/', 'http://127.0.0.1:33749/', 'http://127.0.0.1:46537/', 'http://127.0.0.1:32949/', 'http://127.0.0.1:45191/', 'http://127.0.0.1:34371/', 'http://127.0.0.1:36733/', 'http://127.0.0.1:46789/', 'http://127.0.0.1:44653/', 'http://127.0.0.1:41419/', 'http://127.0.0.1:38227/', 'http://127.0.0.1:39071/', 'http://127.0.0.1:36797/', 'http://127.0.0.1:35081/', 'http://127.0.0.1:40805/']
[rosmaster.master][INFO] 2025-11-18 22:07:38,478: +SUB [/play_motion/result] /tuck_arm http://127.0.0.1:40805/
[rosmaster.master][INFO] 2025-11-18 22:07:38,479: publisherUpdate[/rosout] -> http://127.0.0.1:33309/ ['http://127.0.0.1:39457/', 'http://127.0.0.1:34069/', 'http://127.0.0.1:33749/', 'http://127.0.0.1:46537/', 'http://127.0.0.1:32949/', 'http://127.0.0.1:45191/', 'http://127.0.0.1:34371/', 'http://127.0.0.1:36733/', 'http://127.0.0.1:46789/', 'http://127.0.0.1:44653/', 'http://127.0.0.1:41419/', 'http://127.0.0.1:38227/', 'http://127.0.0.1:39071/', 'http://127.0.0.1:36797/', 'http://127.0.0.1:35081/', 'http://127.0.0.1:40805/']: sec=0.00, result=[1, '', 0]
[rosmaster.master][INFO] 2025-11-18 22:07:38,483: +SUB [/play_motion/feedback] /tuck_arm http://127.0.0.1:40805/
[rosmaster.master][INFO] 2025-11-18 22:07:38,731: +PUB [/rosout] /gazebo http://127.0.0.1:43375/
[rosmaster.master][INFO] 2025-11-18 22:07:38,732: +SERVICE [/gazebo/get_loggers] /gazebo http://127.0.0.1:43375/
[rosmaster.master][INFO] 2025-11-18 22:07:38,732: +SERVICE [/gazebo/set_logger_level] /gazebo http://127.0.0.1:43375/
[rosmaster.master][INFO] 2025-11-18 22:07:38,735: +SUB [/clock] /gazebo http://127.0.0.1:43375/
[rosmaster.master][INFO] 2025-11-18 22:07:38,737: +CACHEDPARAM [/rosout_disable_topics_generation] by /gazebo
[rosmaster.master][INFO] 2025-11-18 22:07:38,780: publisherUpdate[/rosout] -> http://127.0.0.1:33309/ ['http://127.0.0.1:39457/', 'http://127.0.0.1:34069/', 'http://127.0.0.1:33749/', 'http://127.0.0.1:46537/', 'http://127.0.0.1:32949/', 'http://127.0.0.1:45191/', 'http://127.0.0.1:34371/', 'http://127.0.0.1:36733/', 'http://127.0.0.1:46789/', 'http://127.0.0.1:44653/', 'http://127.0.0.1:41419/', 'http://127.0.0.1:38227/', 'http://127.0.0.1:39071/', 'http://127.0.0.1:36797/', 'http://127.0.0.1:35081/', 'http://127.0.0.1:40805/', 'http://127.0.0.1:43375/']
[rosmaster.master][INFO] 2025-11-18 22:07:38,781: publisherUpdate[/rosout] -> http://127.0.0.1:33309/ ['http://127.0.0.1:39457/', 'http://127.0.0.1:34069/', 'http://127.0.0.1:33749/', 'http://127.0.0.1:46537/', 'http://127.0.0.1:32949/', 'http://127.0.0.1:45191/', 'http://127.0.0.1:34371/', 'http://127.0.0.1:36733/', 'http://127.0.0.1:46789/', 'http://127.0.0.1:44653/', 'http://127.0.0.1:41419/', 'http://127.0.0.1:38227/', 'http://127.0.0.1:39071/', 'http://127.0.0.1:36797/', 'http://127.0.0.1:35081/', 'http://127.0.0.1:40805/', 'http://127.0.0.1:43375/']: sec=0.00, result=[1, '', 0]
[rosmaster.master][INFO] 2025-11-18 22:07:38,800: +PUB [/rosout] /gripper_controllers_spawner http://127.0.0.1:42463/
[rosmaster.master][INFO] 2025-11-18 22:07:38,804: +SUB [/clock] /gripper_controllers_spawner http://127.0.0.1:42463/
[rosmaster.master][INFO] 2025-11-18 22:07:38,806: +SERVICE [/gripper_controllers_spawner/get_loggers] /gripper_controllers_spawner http://127.0.0.1:42463/
[rosmaster.master][INFO] 2025-11-18 22:07:38,807: +SERVICE [/gripper_controllers_spawner/set_logger_level] /gripper_controllers_spawner http://127.0.0.1:42463/
[rosmaster.master][INFO] 2025-11-18 22:07:38,808: +CACHEDPARAM [/rosout_disable_topics_generation] by /gripper_controllers_spawner
[rosmaster.master][INFO] 2025-11-18 22:07:38,881: publisherUpdate[/rosout] -> http://127.0.0.1:33309/ ['http://127.0.0.1:39457/', 'http://127.0.0.1:34069/', 'http://127.0.0.1:33749/', 'http://127.0.0.1:46537/', 'http://127.0.0.1:32949/', 'http://127.0.0.1:45191/', 'http://127.0.0.1:34371/', 'http://127.0.0.1:36733/', 'http://127.0.0.1:46789/', 'http://127.0.0.1:44653/', 'http://127.0.0.1:41419/', 'http://127.0.0.1:38227/', 'http://127.0.0.1:39071/', 'http://127.0.0.1:36797/', 'http://127.0.0.1:35081/', 'http://127.0.0.1:40805/', 'http://127.0.0.1:43375/', 'http://127.0.0.1:42463/']
[rosmaster.master][INFO] 2025-11-18 22:07:38,883: publisherUpdate[/rosout] -> http://127.0.0.1:33309/ ['http://127.0.0.1:39457/', 'http://127.0.0.1:34069/', 'http://127.0.0.1:33749/', 'http://127.0.0.1:46537/', 'http://127.0.0.1:32949/', 'http://127.0.0.1:45191/', 'http://127.0.0.1:34371/', 'http://127.0.0.1:36733/', 'http://127.0.0.1:46789/', 'http://127.0.0.1:44653/', 'http://127.0.0.1:41419/', 'http://127.0.0.1:38227/', 'http://127.0.0.1:39071/', 'http://127.0.0.1:36797/', 'http://127.0.0.1:35081/', 'http://127.0.0.1:40805/', 'http://127.0.0.1:43375/', 'http://127.0.0.1:42463/']: sec=0.00, result=[1, '', 0]
[rosmaster.master][INFO] 2025-11-18 22:07:38,904: +PUB [/rosout] /default_controllers_spawner http://127.0.0.1:44233/
[rosmaster.master][INFO] 2025-11-18 22:07:38,905: +PUB [/rosout] /bringup_controllers_spawner_imu http://127.0.0.1:42117/
[rosmaster.master][INFO] 2025-11-18 22:07:38,906: +PUB [/rosout] /bringup_controllers_spawner_ft http://127.0.0.1:34721/
[rosmaster.master][INFO] 2025-11-18 22:07:38,908: +SUB [/clock] /default_controllers_spawner http://127.0.0.1:44233/
[rosmaster.master][INFO] 2025-11-18 22:07:38,909: +SUB [/clock] /bringup_controllers_spawner_imu http://127.0.0.1:42117/
[rosmaster.master][INFO] 2025-11-18 22:07:38,909: +SUB [/clock] /bringup_controllers_spawner_ft http://127.0.0.1:34721/
[rosmaster.master][INFO] 2025-11-18 22:07:38,910: +SERVICE [/default_controllers_spawner/get_loggers] /default_controllers_spawner http://127.0.0.1:44233/
[rosmaster.master][INFO] 2025-11-18 22:07:38,911: +SERVICE [/default_controllers_spawner/set_logger_level] /default_controllers_spawner http://127.0.0.1:44233/
[rosmaster.master][INFO] 2025-11-18 22:07:38,911: +SERVICE [/bringup_controllers_spawner_imu/get_loggers] /bringup_controllers_spawner_imu http://127.0.0.1:42117/
[rosmaster.master][INFO] 2025-11-18 22:07:38,911: +SERVICE [/bringup_controllers_spawner_ft/get_loggers] /bringup_controllers_spawner_ft http://127.0.0.1:34721/
[rosmaster.master][INFO] 2025-11-18 22:07:38,912: +CACHEDPARAM [/rosout_disable_topics_generation] by /default_controllers_spawner
[rosmaster.master][INFO] 2025-11-18 22:07:38,912: +SERVICE [/bringup_controllers_spawner_imu/set_logger_level] /bringup_controllers_spawner_imu http://127.0.0.1:42117/
[rosmaster.master][INFO] 2025-11-18 22:07:38,913: +SERVICE [/bringup_controllers_spawner_ft/set_logger_level] /bringup_controllers_spawner_ft http://127.0.0.1:34721/
[rosmaster.master][INFO] 2025-11-18 22:07:38,914: +CACHEDPARAM [/rosout_disable_topics_generation] by /bringup_controllers_spawner_ft
[rosmaster.master][INFO] 2025-11-18 22:07:38,915: +CACHEDPARAM [/rosout_disable_topics_generation] by /bringup_controllers_spawner_imu
[rosmaster.master][INFO] 2025-11-18 22:07:38,983: publisherUpdate[/rosout] -> http://127.0.0.1:33309/ ['http://127.0.0.1:39457/', 'http://127.0.0.1:34069/', 'http://127.0.0.1:33749/', 'http://127.0.0.1:46537/', 'http://127.0.0.1:32949/', 'http://127.0.0.1:45191/', 'http://127.0.0.1:34371/', 'http://127.0.0.1:36733/', 'http://127.0.0.1:46789/', 'http://127.0.0.1:44653/', 'http://127.0.0.1:41419/', 'http://127.0.0.1:38227/', 'http://127.0.0.1:39071/', 'http://127.0.0.1:36797/', 'http://127.0.0.1:35081/', 'http://127.0.0.1:40805/', 'http://127.0.0.1:43375/', 'http://127.0.0.1:42463/', 'http://127.0.0.1:44233/']
[rosmaster.master][INFO] 2025-11-18 22:07:38,985: publisherUpdate[/rosout] -> http://127.0.0.1:33309/ ['http://127.0.0.1:39457/', 'http://127.0.0.1:34069/', 'http://127.0.0.1:33749/', 'http://127.0.0.1:46537/', 'http://127.0.0.1:32949/', 'http://127.0.0.1:45191/', 'http://127.0.0.1:34371/', 'http://127.0.0.1:36733/', 'http://127.0.0.1:46789/', 'http://127.0.0.1:44653/', 'http://127.0.0.1:41419/', 'http://127.0.0.1:38227/', 'http://127.0.0.1:39071/', 'http://127.0.0.1:36797/', 'http://127.0.0.1:35081/', 'http://127.0.0.1:40805/', 'http://127.0.0.1:43375/', 'http://127.0.0.1:42463/', 'http://127.0.0.1:44233/']: sec=0.00, result=[1, '', 0]
[rosmaster.master][INFO] 2025-11-18 22:07:38,985: publisherUpdate[/rosout] -> http://127.0.0.1:33309/ ['http://127.0.0.1:39457/', 'http://127.0.0.1:34069/', 'http://127.0.0.1:33749/', 'http://127.0.0.1:46537/', 'http://127.0.0.1:32949/', 'http://127.0.0.1:45191/', 'http://127.0.0.1:34371/', 'http://127.0.0.1:36733/', 'http://127.0.0.1:46789/', 'http://127.0.0.1:44653/', 'http://127.0.0.1:41419/', 'http://127.0.0.1:38227/', 'http://127.0.0.1:39071/', 'http://127.0.0.1:36797/', 'http://127.0.0.1:35081/', 'http://127.0.0.1:40805/', 'http://127.0.0.1:43375/', 'http://127.0.0.1:42463/', 'http://127.0.0.1:44233/', 'http://127.0.0.1:42117/']
[rosmaster.master][INFO] 2025-11-18 22:07:38,986: publisherUpdate[/rosout] -> http://127.0.0.1:33309/ ['http://127.0.0.1:39457/', 'http://127.0.0.1:34069/', 'http://127.0.0.1:33749/', 'http://127.0.0.1:46537/', 'http://127.0.0.1:32949/', 'http://127.0.0.1:45191/', 'http://127.0.0.1:34371/', 'http://127.0.0.1:36733/', 'http://127.0.0.1:46789/', 'http://127.0.0.1:44653/', 'http://127.0.0.1:41419/', 'http://127.0.0.1:38227/', 'http://127.0.0.1:39071/', 'http://127.0.0.1:36797/', 'http://127.0.0.1:35081/', 'http://127.0.0.1:40805/', 'http://127.0.0.1:43375/', 'http://127.0.0.1:42463/', 'http://127.0.0.1:44233/', 'http://127.0.0.1:42117/']: sec=0.00, result=[1, '', 0]
[rosmaster.master][INFO] 2025-11-18 22:07:38,986: publisherUpdate[/rosout] -> http://127.0.0.1:33309/ ['http://127.0.0.1:39457/', 'http://127.0.0.1:34069/', 'http://127.0.0.1:33749/', 'http://127.0.0.1:46537/', 'http://127.0.0.1:32949/', 'http://127.0.0.1:45191/', 'http://127.0.0.1:34371/', 'http://127.0.0.1:36733/', 'http://127.0.0.1:46789/', 'http://127.0.0.1:44653/', 'http://127.0.0.1:41419/', 'http://127.0.0.1:38227/', 'http://127.0.0.1:39071/', 'http://127.0.0.1:36797/', 'http://127.0.0.1:35081/', 'http://127.0.0.1:40805/', 'http://127.0.0.1:43375/', 'http://127.0.0.1:42463/', 'http://127.0.0.1:44233/', 'http://127.0.0.1:42117/', 'http://127.0.0.1:34721/']
[rosmaster.master][INFO] 2025-11-18 22:07:38,987: publisherUpdate[/rosout] -> http://127.0.0.1:33309/ ['http://127.0.0.1:39457/', 'http://127.0.0.1:34069/', 'http://127.0.0.1:33749/', 'http://127.0.0.1:46537/', 'http://127.0.0.1:32949/', 'http://127.0.0.1:45191/', 'http://127.0.0.1:34371/', 'http://127.0.0.1:36733/', 'http://127.0.0.1:46789/', 'http://127.0.0.1:44653/', 'http://127.0.0.1:41419/', 'http://127.0.0.1:38227/', 'http://127.0.0.1:39071/', 'http://127.0.0.1:36797/', 'http://127.0.0.1:35081/', 'http://127.0.0.1:40805/', 'http://127.0.0.1:43375/', 'http://127.0.0.1:42463/', 'http://127.0.0.1:44233/', 'http://127.0.0.1:42117/', 'http://127.0.0.1:34721/']: sec=0.00, result=[1, '', 0]
[rosmaster.master][INFO] 2025-11-18 22:07:39,566: +PUB [/clock] /gazebo http://127.0.0.1:43375/
[rosmaster.master][INFO] 2025-11-18 22:07:39,567: +SERVICE [/gazebo/spawn_sdf_model] /gazebo http://127.0.0.1:43375/
[rosmaster.master][INFO] 2025-11-18 22:07:39,567: +SERVICE [/gazebo/spawn_urdf_model] /gazebo http://127.0.0.1:43375/
[rosmaster.master][INFO] 2025-11-18 22:07:39,568: +SERVICE [/gazebo/delete_model] /gazebo http://127.0.0.1:43375/
[rosmaster.master][INFO] 2025-11-18 22:07:39,568: +SERVICE [/gazebo/delete_light] /gazebo http://127.0.0.1:43375/
[rosmaster.master][INFO] 2025-11-18 22:07:39,569: +SERVICE [/gazebo/get_model_properties] /gazebo http://127.0.0.1:43375/
[rosmaster.master][INFO] 2025-11-18 22:07:39,569: +SERVICE [/gazebo/get_model_state] /gazebo http://127.0.0.1:43375/
[rosmaster.master][INFO] 2025-11-18 22:07:39,570: +SERVICE [/gazebo/get_world_properties] /gazebo http://127.0.0.1:43375/
[rosmaster.master][INFO] 2025-11-18 22:07:39,570: +SERVICE [/gazebo/get_joint_properties] /gazebo http://127.0.0.1:43375/
[rosmaster.master][INFO] 2025-11-18 22:07:39,571: +SERVICE [/gazebo/get_link_properties] /gazebo http://127.0.0.1:43375/
[rosmaster.master][INFO] 2025-11-18 22:07:39,571: +SERVICE [/gazebo/get_link_state] /gazebo http://127.0.0.1:43375/
[rosmaster.master][INFO] 2025-11-18 22:07:39,572: +SERVICE [/gazebo/get_light_properties] /gazebo http://127.0.0.1:43375/
[rosmaster.master][INFO] 2025-11-18 22:07:39,572: +SERVICE [/gazebo/set_light_properties] /gazebo http://127.0.0.1:43375/
[rosmaster.master][INFO] 2025-11-18 22:07:39,573: +SERVICE [/gazebo/get_physics_properties] /gazebo http://127.0.0.1:43375/
[rosmaster.master][INFO] 2025-11-18 22:07:39,573: +PUB [/gazebo/link_states] /gazebo http://127.0.0.1:43375/
[rosmaster.master][INFO] 2025-11-18 22:07:39,574: +PUB [/gazebo/model_states] /gazebo http://127.0.0.1:43375/
[rosmaster.master][INFO] 2025-11-18 22:07:39,574: +SERVICE [/gazebo/set_link_properties] /gazebo http://127.0.0.1:43375/
[rosmaster.master][INFO] 2025-11-18 22:07:39,575: +SERVICE [/gazebo/set_physics_properties] /gazebo http://127.0.0.1:43375/
[rosmaster.master][INFO] 2025-11-18 22:07:39,575: +SERVICE [/gazebo/set_model_state] /gazebo http://127.0.0.1:43375/
[rosmaster.master][INFO] 2025-11-18 22:07:39,576: +SERVICE [/gazebo/set_model_configuration] /gazebo http://127.0.0.1:43375/
[rosmaster.master][INFO] 2025-11-18 22:07:39,576: +SERVICE [/gazebo/set_joint_properties] /gazebo http://127.0.0.1:43375/
[rosmaster.master][INFO] 2025-11-18 22:07:39,577: +SERVICE [/gazebo/set_link_state] /gazebo http://127.0.0.1:43375/
[rosmaster.master][INFO] 2025-11-18 22:07:39,578: +SERVICE [/gazebo/set_parameters] /gazebo http://127.0.0.1:43375/
[rosmaster.master][INFO] 2025-11-18 22:07:39,580: +SUB [/gazebo/set_link_state] /gazebo http://127.0.0.1:43375/
[rosmaster.master][INFO] 2025-11-18 22:07:39,580: +PUB [/gazebo/parameter_descriptions] /gazebo http://127.0.0.1:43375/
[rosmaster.master][INFO] 2025-11-18 22:07:39,582: +SUB [/gazebo/set_model_state] /gazebo http://127.0.0.1:43375/
[rosmaster.master][INFO] 2025-11-18 22:07:39,582: +PUB [/gazebo/parameter_updates] /gazebo http://127.0.0.1:43375/
[rosmaster.master][INFO] 2025-11-18 22:07:39,583: +SERVICE [/gazebo/pause_physics] /gazebo http://127.0.0.1:43375/
[rosmaster.master][INFO] 2025-11-18 22:07:39,583: +SERVICE [/gazebo/unpause_physics] /gazebo http://127.0.0.1:43375/
[rosmaster.master][INFO] 2025-11-18 22:07:39,584: +SERVICE [/gazebo/apply_body_wrench] /gazebo http://127.0.0.1:43375/
[rosmaster.master][INFO] 2025-11-18 22:07:39,585: +SERVICE [/gazebo/apply_joint_effort] /gazebo http://127.0.0.1:43375/
[rosmaster.master][INFO] 2025-11-18 22:07:39,586: +SERVICE [/gazebo/clear_joint_forces] /gazebo http://127.0.0.1:43375/
[rosmaster.master][INFO] 2025-11-18 22:07:39,587: +SERVICE [/gazebo/clear_body_wrenches] /gazebo http://127.0.0.1:43375/
[rosmaster.master][INFO] 2025-11-18 22:07:39,587: +SERVICE [/gazebo/reset_simulation] /gazebo http://127.0.0.1:43375/
[rosmaster.master][INFO] 2025-11-18 22:07:39,589: publisherUpdate[/clock] -> http://127.0.0.1:33309/ ['http://127.0.0.1:43375/']
[rosmaster.master][INFO] 2025-11-18 22:07:39,589: +SERVICE [/gazebo/reset_world] /gazebo http://127.0.0.1:43375/
[rosmaster.master][INFO] 2025-11-18 22:07:39,590: publisherUpdate[/clock] -> http://127.0.0.1:39457/ ['http://127.0.0.1:43375/']
[rosmaster.master][INFO] 2025-11-18 22:07:39,591: publisherUpdate[/clock] -> http://127.0.0.1:33309/ ['http://127.0.0.1:43375/']: sec=0.00, result=[1, '', 0]
[rosmaster.master][INFO] 2025-11-18 22:07:39,593: publisherUpdate[/clock] -> http://127.0.0.1:33749/ ['http://127.0.0.1:43375/']
[rosmaster.master][INFO] 2025-11-18 22:07:39,592: +PARAM [/gazebo/time_step] by /gazebo
[rosmaster.master][INFO] 2025-11-18 22:07:39,594: +PARAM [/gazebo/max_update_rate] by /gazebo
[rosmaster.master][INFO] 2025-11-18 22:07:39,596: +PARAM [/gazebo/gravity_x] by /gazebo
[rosmaster.master][INFO] 2025-11-18 22:07:39,597: +PARAM [/gazebo/gravity_y] by /gazebo
[rosmaster.master][INFO] 2025-11-18 22:07:39,597: +PARAM [/gazebo/gravity_z] by /gazebo
[rosmaster.master][INFO] 2025-11-18 22:07:39,598: +PARAM [/gazebo/auto_disable_bodies] by /gazebo
[rosmaster.master][INFO] 2025-11-18 22:07:39,598: publisherUpdate[/clock] -> http://127.0.0.1:34069/ ['http://127.0.0.1:43375/']
[rosmaster.master][INFO] 2025-11-18 22:07:39,599: +PARAM [/gazebo/sor_pgs_precon_iters] by /gazebo
[rosmaster.master][INFO] 2025-11-18 22:07:39,600: +PARAM [/gazebo/sor_pgs_iters] by /gazebo
[rosmaster.master][INFO] 2025-11-18 22:07:39,600: +PARAM [/gazebo/sor_pgs_w] by /gazebo
[rosmaster.master][INFO] 2025-11-18 22:07:39,601: +PARAM [/gazebo/sor_pgs_rms_error_tol] by /gazebo
[rosmaster.master][INFO] 2025-11-18 22:07:39,601: +PARAM [/gazebo/cfm] by /gazebo
[rosmaster.master][INFO] 2025-11-18 22:07:39,602: +PARAM [/gazebo/erp] by /gazebo
[rosmaster.master][INFO] 2025-11-18 22:07:39,603: +PARAM [/gazebo/contact_surface_layer] by /gazebo
[rosmaster.master][INFO] 2025-11-18 22:07:39,603: +PARAM [/gazebo/contact_max_correcting_vel] by /gazebo
[rosmaster.master][INFO] 2025-11-18 22:07:39,604: +PARAM [/gazebo/max_contacts] by /gazebo
[rosmaster.master][INFO] 2025-11-18 22:07:39,607: +PARAM [/gazebo/time_step] by /gazebo
[rosmaster.master][INFO] 2025-11-18 22:07:39,607: +PARAM [/gazebo/max_update_rate] by /gazebo
[rosmaster.master][INFO] 2025-11-18 22:07:39,608: +PARAM [/gazebo/gravity_x] by /gazebo
[rosmaster.master][INFO] 2025-11-18 22:07:39,609: +PARAM [/gazebo/gravity_y] by /gazebo
[rosmaster.master][INFO] 2025-11-18 22:07:39,609: +PARAM [/gazebo/gravity_z] by /gazebo
[rosmaster.master][INFO] 2025-11-18 22:07:39,610: +PARAM [/gazebo/auto_disable_bodies] by /gazebo
[rosmaster.master][INFO] 2025-11-18 22:07:39,610: +PARAM [/gazebo/sor_pgs_precon_iters] by /gazebo
[rosmaster.master][INFO] 2025-11-18 22:07:39,611: +PARAM [/gazebo/sor_pgs_iters] by /gazebo
[rosmaster.master][INFO] 2025-11-18 22:07:39,611: +PARAM [/gazebo/sor_pgs_w] by /gazebo
[rosmaster.master][INFO] 2025-11-18 22:07:39,612: +PARAM [/gazebo/sor_pgs_rms_error_tol] by /gazebo
[rosmaster.master][INFO] 2025-11-18 22:07:39,612: +PARAM [/gazebo/cfm] by /gazebo
[rosmaster.master][INFO] 2025-11-18 22:07:39,613: +PARAM [/gazebo/erp] by /gazebo
[rosmaster.master][INFO] 2025-11-18 22:07:39,613: +PARAM [/gazebo/contact_surface_layer] by /gazebo
[rosmaster.master][INFO] 2025-11-18 22:07:39,614: +PARAM [/gazebo/contact_max_correcting_vel] by /gazebo
[rosmaster.master][INFO] 2025-11-18 22:07:39,614: +PARAM [/gazebo/max_contacts] by /gazebo
[rosmaster.master][INFO] 2025-11-18 22:07:39,623: publisherUpdate[/clock] -> http://127.0.0.1:39457/ ['http://127.0.0.1:43375/']: sec=0.03, result=[1, '', 0]
[rosmaster.master][INFO] 2025-11-18 22:07:39,624: publisherUpdate[/clock] -> http://127.0.0.1:33749/ ['http://127.0.0.1:43375/']: sec=0.03, result=[1, '', 0]
[rosmaster.master][INFO] 2025-11-18 22:07:39,624: publisherUpdate[/clock] -> http://127.0.0.1:46537/ ['http://127.0.0.1:43375/']
[rosmaster.master][INFO] 2025-11-18 22:07:39,624: publisherUpdate[/clock] -> http://127.0.0.1:45191/ ['http://127.0.0.1:43375/']
[rosmaster.master][INFO] 2025-11-18 22:07:39,629: publisherUpdate[/clock] -> http://127.0.0.1:34069/ ['http://127.0.0.1:43375/']: sec=0.03, result=[1, '', 0]
[rosmaster.master][INFO] 2025-11-18 22:07:39,630: publisherUpdate[/clock] -> http://127.0.0.1:32949/ ['http://127.0.0.1:43375/']
[rosmaster.master][INFO] 2025-11-18 22:07:39,631: publisherUpdate[/clock] -> http://127.0.0.1:32949/ ['http://127.0.0.1:43375/']: sec=0.00, result=[1, '', 0]
[rosmaster.master][INFO] 2025-11-18 22:07:39,631: publisherUpdate[/clock] -> http://127.0.0.1:34371/ ['http://127.0.0.1:43375/']
[rosmaster.master][INFO] 2025-11-18 22:07:39,653: publisherUpdate[/clock] -> http://127.0.0.1:45191/ ['http://127.0.0.1:43375/']: sec=0.03, result=[1, '', 0]
[rosmaster.master][INFO] 2025-11-18 22:07:39,654: publisherUpdate[/clock] -> http://127.0.0.1:36733/ ['http://127.0.0.1:43375/']
[rosmaster.master][INFO] 2025-11-18 22:07:39,656: publisherUpdate[/clock] -> http://127.0.0.1:46537/ ['http://127.0.0.1:43375/']: sec=0.03, result=[1, '', 0]
[rosmaster.master][INFO] 2025-11-18 22:07:39,657: publisherUpdate[/clock] -> http://127.0.0.1:46789/ ['http://127.0.0.1:43375/']
[rosmaster.master][INFO] 2025-11-18 22:07:39,660: publisherUpdate[/clock] -> http://127.0.0.1:34371/ ['http://127.0.0.1:43375/']: sec=0.03, result=[1, '', 0]
[rosmaster.master][INFO] 2025-11-18 22:07:39,660: publisherUpdate[/clock] -> http://127.0.0.1:44653/ ['http://127.0.0.1:43375/']
[rosmaster.master][INFO] 2025-11-18 22:07:39,686: publisherUpdate[/clock] -> http://127.0.0.1:36733/ ['http://127.0.0.1:43375/']: sec=0.03, result=[1, '', 0]
[rosmaster.master][INFO] 2025-11-18 22:07:39,687: publisherUpdate[/clock] -> http://127.0.0.1:41419/ ['http://127.0.0.1:43375/']
[rosmaster.master][INFO] 2025-11-18 22:07:39,690: publisherUpdate[/clock] -> http://127.0.0.1:41419/ ['http://127.0.0.1:43375/']: sec=0.00, result=[1, '', 0]
[rosmaster.master][INFO] 2025-11-18 22:07:39,690: publisherUpdate[/clock] -> http://127.0.0.1:38227/ ['http://127.0.0.1:43375/']
[rosmaster.master][INFO] 2025-11-18 22:07:39,690: publisherUpdate[/clock] -> http://127.0.0.1:44653/ ['http://127.0.0.1:43375/']: sec=0.03, result=[1, '', 0]
[rosmaster.master][INFO] 2025-11-18 22:07:39,691: publisherUpdate[/clock] -> http://127.0.0.1:46789/ ['http://127.0.0.1:43375/']: sec=0.03, result=[1, '', 0]
[rosmaster.master][INFO] 2025-11-18 22:07:39,691: publisherUpdate[/clock] -> http://127.0.0.1:39071/ ['http://127.0.0.1:43375/']
[rosmaster.master][INFO] 2025-11-18 22:07:39,691: publisherUpdate[/clock] -> http://127.0.0.1:36797/ ['http://127.0.0.1:43375/']
[rosmaster.master][INFO] 2025-11-18 22:07:39,692: publisherUpdate[/clock] -> http://127.0.0.1:38227/ ['http://127.0.0.1:43375/']: sec=0.00, result=[1, '', 0]
[rosmaster.master][INFO] 2025-11-18 22:07:39,692: publisherUpdate[/clock] -> http://127.0.0.1:35081/ ['http://127.0.0.1:43375/']
[rosmaster.master][INFO] 2025-11-18 22:07:39,693: publisherUpdate[/clock] -> http://127.0.0.1:39071/ ['http://127.0.0.1:43375/']: sec=0.00, result=[1, '', 0]
[rosmaster.master][INFO] 2025-11-18 22:07:39,693: publisherUpdate[/clock] -> http://127.0.0.1:40805/ ['http://127.0.0.1:43375/']
[rosmaster.master][INFO] 2025-11-18 22:07:39,693: publisherUpdate[/clock] -> http://127.0.0.1:36797/ ['http://127.0.0.1:43375/']: sec=0.00, result=[1, '', 0]
[rosmaster.master][INFO] 2025-11-18 22:07:39,694: publisherUpdate[/clock] -> http://127.0.0.1:43375/ ['http://127.0.0.1:43375/']
[rosmaster.master][INFO] 2025-11-18 22:07:39,695: publisherUpdate[/clock] -> http://127.0.0.1:40805/ ['http://127.0.0.1:43375/']: sec=0.00, result=[1, '', 0]
[rosmaster.master][INFO] 2025-11-18 22:07:39,695: publisherUpdate[/clock] -> http://127.0.0.1:42463/ ['http://127.0.0.1:43375/']
[rosmaster.master][INFO] 2025-11-18 22:07:39,696: publisherUpdate[/clock] -> http://127.0.0.1:42463/ ['http://127.0.0.1:43375/']: sec=0.00, result=[1, '', 0]
[rosmaster.master][INFO] 2025-11-18 22:07:39,696: publisherUpdate[/clock] -> http://127.0.0.1:44233/ ['http://127.0.0.1:43375/']
[rosmaster.master][INFO] 2025-11-18 22:07:39,698: publisherUpdate[/clock] -> http://127.0.0.1:44233/ ['http://127.0.0.1:43375/']: sec=0.00, result=[1, '', 0]
[rosmaster.master][INFO] 2025-11-18 22:07:39,698: publisherUpdate[/clock] -> http://127.0.0.1:42117/ ['http://127.0.0.1:43375/']
[rosmaster.master][INFO] 2025-11-18 22:07:39,701: publisherUpdate[/clock] -> http://127.0.0.1:42117/ ['http://127.0.0.1:43375/']: sec=0.00, result=[1, '', 0]
[rosmaster.master][INFO] 2025-11-18 22:07:39,701: publisherUpdate[/clock] -> http://127.0.0.1:34721/ ['http://127.0.0.1:43375/']
[rosmaster.master][INFO] 2025-11-18 22:07:39,703: publisherUpdate[/clock] -> http://127.0.0.1:34721/ ['http://127.0.0.1:43375/']: sec=0.00, result=[1, '', 0]
[rosmaster.master][INFO] 2025-11-18 22:07:39,719: publisherUpdate[/clock] -> http://127.0.0.1:35081/ ['http://127.0.0.1:43375/']: sec=0.03, result=[1, '', 0]
[rosmaster.master][INFO] 2025-11-18 22:07:39,839: +CACHEDPARAM [/rosout_disable_topics_generation] by /spawn_model
[rosmaster.master][INFO] 2025-11-18 22:07:39,859: +CACHEDPARAM [/rosout_disable_topics_generation] by /spawn_model
[rosmaster.master][INFO] 2025-11-18 22:07:39,861: -SUB [/clock] /spawn_model http://127.0.0.1:41419/
[rosmaster.master][INFO] 2025-11-18 22:07:39,861: -PUB [/rosout] /spawn_model http://127.0.0.1:41419/
[rosmaster.master][INFO] 2025-11-18 22:07:39,861: -SERVICE [/spawn_model/get_loggers] /spawn_model rosrpc://127.0.0.1:39961
[rosmaster.master][INFO] 2025-11-18 22:07:39,861: -SERVICE [/spawn_model/set_logger_level] /spawn_model rosrpc://127.0.0.1:39961
[rosmaster.master][INFO] 2025-11-18 22:07:39,903: publisherUpdate[/rosout] -> http://127.0.0.1:33309/ ['http://127.0.0.1:39457/', 'http://127.0.0.1:34069/', 'http://127.0.0.1:33749/', 'http://127.0.0.1:46537/', 'http://127.0.0.1:32949/', 'http://127.0.0.1:45191/', 'http://127.0.0.1:34371/', 'http://127.0.0.1:36733/', 'http://127.0.0.1:46789/', 'http://127.0.0.1:44653/', 'http://127.0.0.1:38227/', 'http://127.0.0.1:39071/', 'http://127.0.0.1:36797/', 'http://127.0.0.1:35081/', 'http://127.0.0.1:40805/', 'http://127.0.0.1:43375/', 'http://127.0.0.1:42463/', 'http://127.0.0.1:44233/', 'http://127.0.0.1:42117/', 'http://127.0.0.1:34721/']
[rosmaster.master][INFO] 2025-11-18 22:07:39,905: publisherUpdate[/rosout] -> http://127.0.0.1:33309/ ['http://127.0.0.1:39457/', 'http://127.0.0.1:34069/', 'http://127.0.0.1:33749/', 'http://127.0.0.1:46537/', 'http://127.0.0.1:32949/', 'http://127.0.0.1:45191/', 'http://127.0.0.1:34371/', 'http://127.0.0.1:36733/', 'http://127.0.0.1:46789/', 'http://127.0.0.1:44653/', 'http://127.0.0.1:38227/', 'http://127.0.0.1:39071/', 'http://127.0.0.1:36797/', 'http://127.0.0.1:35081/', 'http://127.0.0.1:40805/', 'http://127.0.0.1:43375/', 'http://127.0.0.1:42463/', 'http://127.0.0.1:44233/', 'http://127.0.0.1:42117/', 'http://127.0.0.1:34721/']: sec=0.00, result=[1, '', 0]
[rosmaster.master][ERROR] 2025-11-18 22:07:40,449: Traceback (most recent call last):
  File "/opt/ros/noetic/lib/python3/dist-packages/rosmaster/master_api.py", line 177, in validated_f
    code, msg, val = f(*newArgs, **kwds)
  File "/opt/ros/noetic/lib/python3/dist-packages/rosmaster/master_api.py", line 435, in searchParam
    search_key = self.param_server.search_param(caller_id, key)
  File "/opt/ros/noetic/lib/python3/dist-packages/rosmaster/paramserver.py", line 116, in search_param
    raise ValueError("namespace must be global")
ValueError: namespace must be global

[rosmaster.master][INFO] 2025-11-18 22:07:40,450: +PUB [/scan_front_raw] /gazebo http://127.0.0.1:43375/
[rosmaster.master][ERROR] 2025-11-18 22:07:40,454: Traceback (most recent call last):
  File "/opt/ros/noetic/lib/python3/dist-packages/rosmaster/master_api.py", line 177, in validated_f
    code, msg, val = f(*newArgs, **kwds)
  File "/opt/ros/noetic/lib/python3/dist-packages/rosmaster/master_api.py", line 435, in searchParam
    search_key = self.param_server.search_param(caller_id, key)
  File "/opt/ros/noetic/lib/python3/dist-packages/rosmaster/paramserver.py", line 116, in search_param
    raise ValueError("namespace must be global")
ValueError: namespace must be global

[rosmaster.master][INFO] 2025-11-18 22:07:40,455: +PUB [/scan_rear_raw] /gazebo http://127.0.0.1:43375/
[rosmaster.master][INFO] 2025-11-18 22:07:40,512: +SERVICE [/xtion/set_camera_info] /gazebo http://127.0.0.1:43375/
[rosmaster.master][INFO] 2025-11-18 22:07:40,515: +SERVICE [/xtion/set_parameters] /gazebo http://127.0.0.1:43375/
[rosmaster.master][INFO] 2025-11-18 22:07:40,516: +PUB [/xtion/parameter_descriptions] /gazebo http://127.0.0.1:43375/
[rosmaster.master][INFO] 2025-11-18 22:07:40,518: +PUB [/xtion/parameter_updates] /gazebo http://127.0.0.1:43375/
[rosmaster.master][INFO] 2025-11-18 22:07:40,522: +PARAM [/xtion/imager_rate] by /gazebo
[rosmaster.master][INFO] 2025-11-18 22:07:40,523: +PARAM [/xtion/imager_rate] by /gazebo
[rosmaster.master][INFO] 2025-11-18 22:07:40,592: +PUB [/xtion/rgb/image_raw/compressedDepth] /gazebo http://127.0.0.1:43375/
[rosmaster.master][INFO] 2025-11-18 22:07:40,592: +SERVICE [/xtion/rgb/image_raw/compressedDepth/set_parameters] /gazebo http://127.0.0.1:43375/
[rosmaster.master][INFO] 2025-11-18 22:07:40,593: +PUB [/xtion/rgb/image_raw/compressedDepth/parameter_descriptions] /gazebo http://127.0.0.1:43375/
[rosmaster.master][INFO] 2025-11-18 22:07:40,594: +PUB [/xtion/rgb/image_raw/compressedDepth/parameter_updates] /gazebo http://127.0.0.1:43375/
[rosmaster.master][INFO] 2025-11-18 22:07:40,596: +PARAM [/xtion/rgb/image_raw/compressedDepth/format] by /gazebo
[rosmaster.master][INFO] 2025-11-18 22:07:40,596: +PARAM [/xtion/rgb/image_raw/compressedDepth/depth_max] by /gazebo
[rosmaster.master][INFO] 2025-11-18 22:07:40,597: +PARAM [/xtion/rgb/image_raw/compressedDepth/depth_quantization] by /gazebo
[rosmaster.master][INFO] 2025-11-18 22:07:40,597: +PARAM [/xtion/rgb/image_raw/compressedDepth/png_level] by /gazebo
[rosmaster.master][INFO] 2025-11-18 22:07:40,598: +PARAM [/xtion/rgb/image_raw/compressedDepth/format] by /gazebo
[rosmaster.master][INFO] 2025-11-18 22:07:40,598: +PARAM [/xtion/rgb/image_raw/compressedDepth/depth_max] by /gazebo
[rosmaster.master][INFO] 2025-11-18 22:07:40,599: +PARAM [/xtion/rgb/image_raw/compressedDepth/depth_quantization] by /gazebo
[rosmaster.master][INFO] 2025-11-18 22:07:40,599: +PARAM [/xtion/rgb/image_raw/compressedDepth/png_level] by /gazebo
[rosmaster.master][INFO] 2025-11-18 22:07:40,605: +PUB [/xtion/rgb/image_raw/compressed] /gazebo http://127.0.0.1:43375/
[rosmaster.master][INFO] 2025-11-18 22:07:40,606: +SERVICE [/xtion/rgb/image_raw/compressed/set_parameters] /gazebo http://127.0.0.1:43375/
[rosmaster.master][INFO] 2025-11-18 22:07:40,607: +PUB [/xtion/rgb/image_raw/compressed/parameter_descriptions] /gazebo http://127.0.0.1:43375/
[rosmaster.master][INFO] 2025-11-18 22:07:40,607: +PUB [/xtion/rgb/image_raw/compressed/parameter_updates] /gazebo http://127.0.0.1:43375/
[rosmaster.master][INFO] 2025-11-18 22:07:40,610: +PARAM [/xtion/rgb/image_raw/compressed/format] by /gazebo
[rosmaster.master][INFO] 2025-11-18 22:07:40,610: +PARAM [/xtion/rgb/image_raw/compressed/jpeg_quality] by /gazebo
[rosmaster.master][INFO] 2025-11-18 22:07:40,611: +PARAM [/xtion/rgb/image_raw/compressed/jpeg_progressive] by /gazebo
[rosmaster.master][INFO] 2025-11-18 22:07:40,611: +PARAM [/xtion/rgb/image_raw/compressed/jpeg_optimize] by /gazebo
[rosmaster.master][INFO] 2025-11-18 22:07:40,612: +PARAM [/xtion/rgb/image_raw/compressed/jpeg_restart_interval] by /gazebo
[rosmaster.master][INFO] 2025-11-18 22:07:40,612: +PARAM [/xtion/rgb/image_raw/compressed/png_level] by /gazebo
[rosmaster.master][INFO] 2025-11-18 22:07:40,612: +PARAM [/xtion/rgb/image_raw/compressed/format] by /gazebo
[rosmaster.master][INFO] 2025-11-18 22:07:40,613: +PARAM [/xtion/rgb/image_raw/compressed/jpeg_quality] by /gazebo
[rosmaster.master][INFO] 2025-11-18 22:07:40,613: +PARAM [/xtion/rgb/image_raw/compressed/jpeg_progressive] by /gazebo
[rosmaster.master][INFO] 2025-11-18 22:07:40,614: +PARAM [/xtion/rgb/image_raw/compressed/jpeg_optimize] by /gazebo
[rosmaster.master][INFO] 2025-11-18 22:07:40,614: +PARAM [/xtion/rgb/image_raw/compressed/jpeg_restart_interval] by /gazebo
[rosmaster.master][INFO] 2025-11-18 22:07:40,615: +PARAM [/xtion/rgb/image_raw/compressed/png_level] by /gazebo
[rosmaster.master][INFO] 2025-11-18 22:07:40,619: +PUB [/xtion/rgb/image_raw] /gazebo http://127.0.0.1:43375/
[rosmaster.master][INFO] 2025-11-18 22:07:40,620: publisherUpdate[/xtion/rgb/image_raw] -> http://127.0.0.1:36733/ ['http://127.0.0.1:43375/']
[rosmaster.master][INFO] 2025-11-18 22:07:40,621: publisherUpdate[/xtion/rgb/image_raw] -> http://127.0.0.1:36733/ ['http://127.0.0.1:43375/']: sec=0.00, result=[1, '', 0]
[rosmaster.master][INFO] 2025-11-18 22:07:40,624: +PUB [/xtion/rgb/image_raw/theora] /gazebo http://127.0.0.1:43375/
[rosmaster.master][INFO] 2025-11-18 22:07:40,625: +SERVICE [/xtion/rgb/image_raw/theora/set_parameters] /gazebo http://127.0.0.1:43375/
[rosmaster.master][INFO] 2025-11-18 22:07:40,625: +PUB [/xtion/rgb/image_raw/theora/parameter_descriptions] /gazebo http://127.0.0.1:43375/
[rosmaster.master][INFO] 2025-11-18 22:07:40,626: +PUB [/xtion/rgb/image_raw/theora/parameter_updates] /gazebo http://127.0.0.1:43375/
[rosmaster.master][INFO] 2025-11-18 22:07:40,628: +PARAM [/xtion/rgb/image_raw/theora/optimize_for] by /gazebo
[rosmaster.master][INFO] 2025-11-18 22:07:40,628: +PARAM [/xtion/rgb/image_raw/theora/target_bitrate] by /gazebo
[rosmaster.master][INFO] 2025-11-18 22:07:40,628: +PARAM [/xtion/rgb/image_raw/theora/quality] by /gazebo
[rosmaster.master][INFO] 2025-11-18 22:07:40,629: +PARAM [/xtion/rgb/image_raw/theora/keyframe_frequency] by /gazebo
[rosmaster.master][INFO] 2025-11-18 22:07:40,629: +PARAM [/xtion/rgb/image_raw/theora/optimize_for] by /gazebo
[rosmaster.master][INFO] 2025-11-18 22:07:40,630: +PARAM [/xtion/rgb/image_raw/theora/target_bitrate] by /gazebo
[rosmaster.master][INFO] 2025-11-18 22:07:40,630: +PARAM [/xtion/rgb/image_raw/theora/quality] by /gazebo
[rosmaster.master][INFO] 2025-11-18 22:07:40,631: +PARAM [/xtion/rgb/image_raw/theora/keyframe_frequency] by /gazebo
[rosmaster.master][INFO] 2025-11-18 22:07:40,631: +PUB [/xtion/rgb/camera_info] /gazebo http://127.0.0.1:43375/
[rosmaster.master][INFO] 2025-11-18 22:07:40,632: +PUB [/xtion/depth_registered/points] /gazebo http://127.0.0.1:43375/
[rosmaster.master][INFO] 2025-11-18 22:07:40,632: +PUB [/xtion/depth_registered/image_raw] /gazebo http://127.0.0.1:43375/
[rosmaster.master][INFO] 2025-11-18 22:07:40,633: +PUB [/xtion/depth_registered/camera_info] /gazebo http://127.0.0.1:43375/
[rosmaster.master][INFO] 2025-11-18 22:07:40,704: +SERVICE [/gains/torso_lift_joint/set_parameters] /gazebo http://127.0.0.1:43375/
[rosmaster.master][INFO] 2025-11-18 22:07:40,704: +PUB [/gains/torso_lift_joint/parameter_descriptions] /gazebo http://127.0.0.1:43375/
[rosmaster.master][INFO] 2025-11-18 22:07:40,705: +PUB [/gains/torso_lift_joint/parameter_updates] /gazebo http://127.0.0.1:43375/
[rosmaster.master][INFO] 2025-11-18 22:07:40,709: +PARAM [/gains/torso_lift_joint/p] by /gazebo
[rosmaster.master][INFO] 2025-11-18 22:07:40,710: +PARAM [/gains/torso_lift_joint/i] by /gazebo
[rosmaster.master][INFO] 2025-11-18 22:07:40,711: +PARAM [/gains/torso_lift_joint/d] by /gazebo
[rosmaster.master][INFO] 2025-11-18 22:07:40,711: +PARAM [/gains/torso_lift_joint/i_clamp_min] by /gazebo
[rosmaster.master][INFO] 2025-11-18 22:07:40,712: +PARAM [/gains/torso_lift_joint/i_clamp_max] by /gazebo
[rosmaster.master][INFO] 2025-11-18 22:07:40,712: +PARAM [/gains/torso_lift_joint/antiwindup] by /gazebo
[rosmaster.master][INFO] 2025-11-18 22:07:40,713: +PARAM [/gains/torso_lift_joint/p] by /gazebo
[rosmaster.master][INFO] 2025-11-18 22:07:40,713: +PARAM [/gains/torso_lift_joint/i] by /gazebo
[rosmaster.master][INFO] 2025-11-18 22:07:40,714: +PARAM [/gains/torso_lift_joint/d] by /gazebo
[rosmaster.master][INFO] 2025-11-18 22:07:40,714: +PARAM [/gains/torso_lift_joint/i_clamp_min] by /gazebo
[rosmaster.master][INFO] 2025-11-18 22:07:40,714: +PARAM [/gains/torso_lift_joint/i_clamp_max] by /gazebo
[rosmaster.master][INFO] 2025-11-18 22:07:40,715: +PARAM [/gains/torso_lift_joint/antiwindup] by /gazebo
[rosmaster.master][INFO] 2025-11-18 22:07:40,716: +PARAM [/gains/torso_lift_joint/p] by /gazebo
[rosmaster.master][INFO] 2025-11-18 22:07:40,716: +PARAM [/gains/torso_lift_joint/i] by /gazebo
[rosmaster.master][INFO] 2025-11-18 22:07:40,717: +PARAM [/gains/torso_lift_joint/d] by /gazebo
[rosmaster.master][INFO] 2025-11-18 22:07:40,717: +PARAM [/gains/torso_lift_joint/i_clamp_min] by /gazebo
[rosmaster.master][INFO] 2025-11-18 22:07:40,718: +PARAM [/gains/torso_lift_joint/i_clamp_max] by /gazebo
[rosmaster.master][INFO] 2025-11-18 22:07:40,718: +PARAM [/gains/torso_lift_joint/antiwindup] by /gazebo
[rosmaster.master][INFO] 2025-11-18 22:07:40,719: +PARAM [/gains/torso_lift_joint/p] by /gazebo
[rosmaster.master][INFO] 2025-11-18 22:07:40,720: +PARAM [/gains/torso_lift_joint/i] by /gazebo
[rosmaster.master][INFO] 2025-11-18 22:07:40,721: +PARAM [/gains/torso_lift_joint/d] by /gazebo
[rosmaster.master][INFO] 2025-11-18 22:07:40,722: +PARAM [/gains/torso_lift_joint/i_clamp_min] by /gazebo
[rosmaster.master][INFO] 2025-11-18 22:07:40,725: +PARAM [/gains/torso_lift_joint/i_clamp_max] by /gazebo
[rosmaster.master][INFO] 2025-11-18 22:07:40,725: +PARAM [/gains/torso_lift_joint/antiwindup] by /gazebo
[rosmaster.master][INFO] 2025-11-18 22:07:40,730: +SERVICE [/gains/head_1_joint/set_parameters] /gazebo http://127.0.0.1:43375/
[rosmaster.master][INFO] 2025-11-18 22:07:40,730: +PUB [/gains/head_1_joint/parameter_descriptions] /gazebo http://127.0.0.1:43375/
[rosmaster.master][INFO] 2025-11-18 22:07:40,731: +PUB [/gains/head_1_joint/parameter_updates] /gazebo http://127.0.0.1:43375/
[rosmaster.master][INFO] 2025-11-18 22:07:40,733: +PARAM [/gains/head_1_joint/p] by /gazebo
[rosmaster.master][INFO] 2025-11-18 22:07:40,734: +PARAM [/gains/head_1_joint/i] by /gazebo
[rosmaster.master][INFO] 2025-11-18 22:07:40,734: +PARAM [/gains/head_1_joint/d] by /gazebo
[rosmaster.master][INFO] 2025-11-18 22:07:40,735: +PARAM [/gains/head_1_joint/i_clamp_min] by /gazebo
[rosmaster.master][INFO] 2025-11-18 22:07:40,735: +PARAM [/gains/head_1_joint/i_clamp_max] by /gazebo
[rosmaster.master][INFO] 2025-11-18 22:07:40,736: +PARAM [/gains/head_1_joint/antiwindup] by /gazebo
[rosmaster.master][INFO] 2025-11-18 22:07:40,736: +PARAM [/gains/head_1_joint/p] by /gazebo
[rosmaster.master][INFO] 2025-11-18 22:07:40,737: +PARAM [/gains/head_1_joint/i] by /gazebo
[rosmaster.master][INFO] 2025-11-18 22:07:40,737: +PARAM [/gains/head_1_joint/d] by /gazebo
[rosmaster.master][INFO] 2025-11-18 22:07:40,738: +PARAM [/gains/head_1_joint/i_clamp_min] by /gazebo
[rosmaster.master][INFO] 2025-11-18 22:07:40,738: +PARAM [/gains/head_1_joint/i_clamp_max] by /gazebo
[rosmaster.master][INFO] 2025-11-18 22:07:40,739: +PARAM [/gains/head_1_joint/antiwindup] by /gazebo
[rosmaster.master][INFO] 2025-11-18 22:07:40,739: +PARAM [/gains/head_1_joint/p] by /gazebo
[rosmaster.master][INFO] 2025-11-18 22:07:40,739: +PARAM [/gains/head_1_joint/i] by /gazebo
[rosmaster.master][INFO] 2025-11-18 22:07:40,740: +PARAM [/gains/head_1_joint/d] by /gazebo
[rosmaster.master][INFO] 2025-11-18 22:07:40,740: +PARAM [/gains/head_1_joint/i_clamp_min] by /gazebo
[rosmaster.master][INFO] 2025-11-18 22:07:40,741: +PARAM [/gains/head_1_joint/i_clamp_max] by /gazebo
[rosmaster.master][INFO] 2025-11-18 22:07:40,741: +PARAM [/gains/head_1_joint/antiwindup] by /gazebo
[rosmaster.master][INFO] 2025-11-18 22:07:40,742: +PARAM [/gains/head_1_joint/p] by /gazebo
[rosmaster.master][INFO] 2025-11-18 22:07:40,742: +PARAM [/gains/head_1_joint/i] by /gazebo
[rosmaster.master][INFO] 2025-11-18 22:07:40,743: +PARAM [/gains/head_1_joint/d] by /gazebo
[rosmaster.master][INFO] 2025-11-18 22:07:40,743: +PARAM [/gains/head_1_joint/i_clamp_min] by /gazebo
[rosmaster.master][INFO] 2025-11-18 22:07:40,744: +PARAM [/gains/head_1_joint/i_clamp_max] by /gazebo
[rosmaster.master][INFO] 2025-11-18 22:07:40,744: +PARAM [/gains/head_1_joint/antiwindup] by /gazebo
[rosmaster.master][INFO] 2025-11-18 22:07:40,748: +SERVICE [/gains/head_2_joint/set_parameters] /gazebo http://127.0.0.1:43375/
[rosmaster.master][INFO] 2025-11-18 22:07:40,749: +PUB [/gains/head_2_joint/parameter_descriptions] /gazebo http://127.0.0.1:43375/
[rosmaster.master][INFO] 2025-11-18 22:07:40,750: +PUB [/gains/head_2_joint/parameter_updates] /gazebo http://127.0.0.1:43375/
[rosmaster.master][INFO] 2025-11-18 22:07:40,752: +PARAM [/gains/head_2_joint/p] by /gazebo
[rosmaster.master][INFO] 2025-11-18 22:07:40,752: +PARAM [/gains/head_2_joint/i] by /gazebo
[rosmaster.master][INFO] 2025-11-18 22:07:40,753: +PARAM [/gains/head_2_joint/d] by /gazebo
[rosmaster.master][INFO] 2025-11-18 22:07:40,753: +PARAM [/gains/head_2_joint/i_clamp_min] by /gazebo
[rosmaster.master][INFO] 2025-11-18 22:07:40,754: +PARAM [/gains/head_2_joint/i_clamp_max] by /gazebo
[rosmaster.master][INFO] 2025-11-18 22:07:40,754: +PARAM [/gains/head_2_joint/antiwindup] by /gazebo
[rosmaster.master][INFO] 2025-11-18 22:07:40,755: +PARAM [/gains/head_2_joint/p] by /gazebo
[rosmaster.master][INFO] 2025-11-18 22:07:40,755: +PARAM [/gains/head_2_joint/i] by /gazebo
[rosmaster.master][INFO] 2025-11-18 22:07:40,756: +PARAM [/gains/head_2_joint/d] by /gazebo
[rosmaster.master][INFO] 2025-11-18 22:07:40,756: +PARAM [/gains/head_2_joint/i_clamp_min] by /gazebo
[rosmaster.master][INFO] 2025-11-18 22:07:40,756: +PARAM [/gains/head_2_joint/i_clamp_max] by /gazebo
[rosmaster.master][INFO] 2025-11-18 22:07:40,757: +PARAM [/gains/head_2_joint/antiwindup] by /gazebo
[rosmaster.master][INFO] 2025-11-18 22:07:40,757: +PARAM [/gains/head_2_joint/p] by /gazebo
[rosmaster.master][INFO] 2025-11-18 22:07:40,758: +PARAM [/gains/head_2_joint/i] by /gazebo
[rosmaster.master][INFO] 2025-11-18 22:07:40,758: +PARAM [/gains/head_2_joint/d] by /gazebo
[rosmaster.master][INFO] 2025-11-18 22:07:40,759: +PARAM [/gains/head_2_joint/i_clamp_min] by /gazebo
[rosmaster.master][INFO] 2025-11-18 22:07:40,759: +PARAM [/gains/head_2_joint/i_clamp_max] by /gazebo
[rosmaster.master][INFO] 2025-11-18 22:07:40,759: +PARAM [/gains/head_2_joint/antiwindup] by /gazebo
[rosmaster.master][INFO] 2025-11-18 22:07:40,760: +PARAM [/gains/head_2_joint/p] by /gazebo
[rosmaster.master][INFO] 2025-11-18 22:07:40,760: +PARAM [/gains/head_2_joint/i] by /gazebo
[rosmaster.master][INFO] 2025-11-18 22:07:40,761: +PARAM [/gains/head_2_joint/d] by /gazebo
[rosmaster.master][INFO] 2025-11-18 22:07:40,761: +PARAM [/gains/head_2_joint/i_clamp_min] by /gazebo
[rosmaster.master][INFO] 2025-11-18 22:07:40,762: +PARAM [/gains/head_2_joint/i_clamp_max] by /gazebo
[rosmaster.master][INFO] 2025-11-18 22:07:40,762: +PARAM [/gains/head_2_joint/antiwindup] by /gazebo
[rosmaster.master][INFO] 2025-11-18 22:07:40,766: +SERVICE [/gains/arm_5_joint/set_parameters] /gazebo http://127.0.0.1:43375/
[rosmaster.master][INFO] 2025-11-18 22:07:40,767: +PUB [/gains/arm_5_joint/parameter_descriptions] /gazebo http://127.0.0.1:43375/
[rosmaster.master][INFO] 2025-11-18 22:07:40,767: +PUB [/gains/arm_5_joint/parameter_updates] /gazebo http://127.0.0.1:43375/
[rosmaster.master][INFO] 2025-11-18 22:07:40,770: +PARAM [/gains/arm_5_joint/p] by /gazebo
[rosmaster.master][INFO] 2025-11-18 22:07:40,770: +PARAM [/gains/arm_5_joint/i] by /gazebo
[rosmaster.master][INFO] 2025-11-18 22:07:40,771: +PARAM [/gains/arm_5_joint/d] by /gazebo
[rosmaster.master][INFO] 2025-11-18 22:07:40,771: +PARAM [/gains/arm_5_joint/i_clamp_min] by /gazebo
[rosmaster.master][INFO] 2025-11-18 22:07:40,772: +PARAM [/gains/arm_5_joint/i_clamp_max] by /gazebo
[rosmaster.master][INFO] 2025-11-18 22:07:40,772: +PARAM [/gains/arm_5_joint/antiwindup] by /gazebo
[rosmaster.master][INFO] 2025-11-18 22:07:40,773: +PARAM [/gains/arm_5_joint/p] by /gazebo
[rosmaster.master][INFO] 2025-11-18 22:07:40,773: +PARAM [/gains/arm_5_joint/i] by /gazebo
[rosmaster.master][INFO] 2025-11-18 22:07:40,774: +PARAM [/gains/arm_5_joint/d] by /gazebo
[rosmaster.master][INFO] 2025-11-18 22:07:40,774: +PARAM [/gains/arm_5_joint/i_clamp_min] by /gazebo
[rosmaster.master][INFO] 2025-11-18 22:07:40,774: +PARAM [/gains/arm_5_joint/i_clamp_max] by /gazebo
[rosmaster.master][INFO] 2025-11-18 22:07:40,775: +PARAM [/gains/arm_5_joint/antiwindup] by /gazebo
[rosmaster.master][INFO] 2025-11-18 22:07:40,775: +PARAM [/gains/arm_5_joint/p] by /gazebo
[rosmaster.master][INFO] 2025-11-18 22:07:40,776: +PARAM [/gains/arm_5_joint/i] by /gazebo
[rosmaster.master][INFO] 2025-11-18 22:07:40,776: +PARAM [/gains/arm_5_joint/d] by /gazebo
[rosmaster.master][INFO] 2025-11-18 22:07:40,777: +PARAM [/gains/arm_5_joint/i_clamp_min] by /gazebo
[rosmaster.master][INFO] 2025-11-18 22:07:40,777: +PARAM [/gains/arm_5_joint/i_clamp_max] by /gazebo
[rosmaster.master][INFO] 2025-11-18 22:07:40,778: +PARAM [/gains/arm_5_joint/antiwindup] by /gazebo
[rosmaster.master][INFO] 2025-11-18 22:07:40,778: +PARAM [/gains/arm_5_joint/p] by /gazebo
[rosmaster.master][INFO] 2025-11-18 22:07:40,778: +PARAM [/gains/arm_5_joint/i] by /gazebo
[rosmaster.master][INFO] 2025-11-18 22:07:40,779: +PARAM [/gains/arm_5_joint/d] by /gazebo
[rosmaster.master][INFO] 2025-11-18 22:07:40,779: +PARAM [/gains/arm_5_joint/i_clamp_min] by /gazebo
[rosmaster.master][INFO] 2025-11-18 22:07:40,780: +PARAM [/gains/arm_5_joint/i_clamp_max] by /gazebo
[rosmaster.master][INFO] 2025-11-18 22:07:40,780: +PARAM [/gains/arm_5_joint/antiwindup] by /gazebo
[rosmaster.master][INFO] 2025-11-18 22:07:40,784: +SERVICE [/gains/arm_6_joint/set_parameters] /gazebo http://127.0.0.1:43375/
[rosmaster.master][INFO] 2025-11-18 22:07:40,785: +PUB [/gains/arm_6_joint/parameter_descriptions] /gazebo http://127.0.0.1:43375/
[rosmaster.master][INFO] 2025-11-18 22:07:40,785: +PUB [/gains/arm_6_joint/parameter_updates] /gazebo http://127.0.0.1:43375/
[rosmaster.master][INFO] 2025-11-18 22:07:40,788: +PARAM [/gains/arm_6_joint/p] by /gazebo
[rosmaster.master][INFO] 2025-11-18 22:07:40,788: +PARAM [/gains/arm_6_joint/i] by /gazebo
[rosmaster.master][INFO] 2025-11-18 22:07:40,789: +PARAM [/gains/arm_6_joint/d] by /gazebo
[rosmaster.master][INFO] 2025-11-18 22:07:40,789: +PARAM [/gains/arm_6_joint/i_clamp_min] by /gazebo
[rosmaster.master][INFO] 2025-11-18 22:07:40,790: +PARAM [/gains/arm_6_joint/i_clamp_max] by /gazebo
[rosmaster.master][INFO] 2025-11-18 22:07:40,790: +PARAM [/gains/arm_6_joint/antiwindup] by /gazebo
[rosmaster.master][INFO] 2025-11-18 22:07:40,791: +PARAM [/gains/arm_6_joint/p] by /gazebo
[rosmaster.master][INFO] 2025-11-18 22:07:40,791: +PARAM [/gains/arm_6_joint/i] by /gazebo
[rosmaster.master][INFO] 2025-11-18 22:07:40,792: +PARAM [/gains/arm_6_joint/d] by /gazebo
[rosmaster.master][INFO] 2025-11-18 22:07:40,793: +PARAM [/gains/arm_6_joint/i_clamp_min] by /gazebo
[rosmaster.master][INFO] 2025-11-18 22:07:40,793: +PARAM [/gains/arm_6_joint/i_clamp_max] by /gazebo
[rosmaster.master][INFO] 2025-11-18 22:07:40,794: +PARAM [/gains/arm_6_joint/antiwindup] by /gazebo
[rosmaster.master][INFO] 2025-11-18 22:07:40,794: +PARAM [/gains/arm_6_joint/p] by /gazebo
[rosmaster.master][INFO] 2025-11-18 22:07:40,794: +PARAM [/gains/arm_6_joint/i] by /gazebo
[rosmaster.master][INFO] 2025-11-18 22:07:40,795: +PARAM [/gains/arm_6_joint/d] by /gazebo
[rosmaster.master][INFO] 2025-11-18 22:07:40,795: +PARAM [/gains/arm_6_joint/i_clamp_min] by /gazebo
[rosmaster.master][INFO] 2025-11-18 22:07:40,796: +PARAM [/gains/arm_6_joint/i_clamp_max] by /gazebo
[rosmaster.master][INFO] 2025-11-18 22:07:40,796: +PARAM [/gains/arm_6_joint/antiwindup] by /gazebo
[rosmaster.master][INFO] 2025-11-18 22:07:40,797: +PARAM [/gains/arm_6_joint/p] by /gazebo
[rosmaster.master][INFO] 2025-11-18 22:07:40,797: +PARAM [/gains/arm_6_joint/i] by /gazebo
[rosmaster.master][INFO] 2025-11-18 22:07:40,797: +PARAM [/gains/arm_6_joint/d] by /gazebo
[rosmaster.master][INFO] 2025-11-18 22:07:40,798: +PARAM [/gains/arm_6_joint/i_clamp_min] by /gazebo
[rosmaster.master][INFO] 2025-11-18 22:07:40,798: +PARAM [/gains/arm_6_joint/i_clamp_max] by /gazebo
[rosmaster.master][INFO] 2025-11-18 22:07:40,799: +PARAM [/gains/arm_6_joint/antiwindup] by /gazebo
[rosmaster.master][INFO] 2025-11-18 22:07:40,803: +SERVICE [/gains/arm_7_joint/set_parameters] /gazebo http://127.0.0.1:43375/
[rosmaster.master][INFO] 2025-11-18 22:07:40,804: +PUB [/gains/arm_7_joint/parameter_descriptions] /gazebo http://127.0.0.1:43375/
[rosmaster.master][INFO] 2025-11-18 22:07:40,804: +PUB [/gains/arm_7_joint/parameter_updates] /gazebo http://127.0.0.1:43375/
[rosmaster.master][INFO] 2025-11-18 22:07:40,807: +PARAM [/gains/arm_7_joint/p] by /gazebo
[rosmaster.master][INFO] 2025-11-18 22:07:40,807: +PARAM [/gains/arm_7_joint/i] by /gazebo
[rosmaster.master][INFO] 2025-11-18 22:07:40,809: +PARAM [/gains/arm_7_joint/d] by /gazebo
[rosmaster.master][INFO] 2025-11-18 22:07:40,809: +PARAM [/gains/arm_7_joint/i_clamp_min] by /gazebo
[rosmaster.master][INFO] 2025-11-18 22:07:40,810: +PARAM [/gains/arm_7_joint/i_clamp_max] by /gazebo
[rosmaster.master][INFO] 2025-11-18 22:07:40,810: +PARAM [/gains/arm_7_joint/antiwindup] by /gazebo
[rosmaster.master][INFO] 2025-11-18 22:07:40,811: +PARAM [/gains/arm_7_joint/p] by /gazebo
[rosmaster.master][INFO] 2025-11-18 22:07:40,811: +PARAM [/gains/arm_7_joint/i] by /gazebo
[rosmaster.master][INFO] 2025-11-18 22:07:40,812: +PARAM [/gains/arm_7_joint/d] by /gazebo
[rosmaster.master][INFO] 2025-11-18 22:07:40,812: +PARAM [/gains/arm_7_joint/i_clamp_min] by /gazebo
[rosmaster.master][INFO] 2025-11-18 22:07:40,813: +PARAM [/gains/arm_7_joint/i_clamp_max] by /gazebo
[rosmaster.master][INFO] 2025-11-18 22:07:40,813: +PARAM [/gains/arm_7_joint/antiwindup] by /gazebo
[rosmaster.master][INFO] 2025-11-18 22:07:40,814: +PARAM [/gains/arm_7_joint/p] by /gazebo
[rosmaster.master][INFO] 2025-11-18 22:07:40,815: +PARAM [/gains/arm_7_joint/i] by /gazebo
[rosmaster.master][INFO] 2025-11-18 22:07:40,816: +PARAM [/gains/arm_7_joint/d] by /gazebo
[rosmaster.master][INFO] 2025-11-18 22:07:40,816: +PARAM [/gains/arm_7_joint/i_clamp_min] by /gazebo
[rosmaster.master][INFO] 2025-11-18 22:07:40,816: +PARAM [/gains/arm_7_joint/i_clamp_max] by /gazebo
[rosmaster.master][INFO] 2025-11-18 22:07:40,817: +PARAM [/gains/arm_7_joint/antiwindup] by /gazebo
[rosmaster.master][INFO] 2025-11-18 22:07:40,817: +PARAM [/gains/arm_7_joint/p] by /gazebo
[rosmaster.master][INFO] 2025-11-18 22:07:40,818: +PARAM [/gains/arm_7_joint/i] by /gazebo
[rosmaster.master][INFO] 2025-11-18 22:07:40,818: +PARAM [/gains/arm_7_joint/d] by /gazebo
[rosmaster.master][INFO] 2025-11-18 22:07:40,819: +PARAM [/gains/arm_7_joint/i_clamp_min] by /gazebo
[rosmaster.master][INFO] 2025-11-18 22:07:40,819: +PARAM [/gains/arm_7_joint/i_clamp_max] by /gazebo
[rosmaster.master][INFO] 2025-11-18 22:07:40,820: +PARAM [/gains/arm_7_joint/antiwindup] by /gazebo
[rosmaster.master][INFO] 2025-11-18 22:07:40,824: +SERVICE [/gains/arm_1_joint/set_parameters] /gazebo http://127.0.0.1:43375/
[rosmaster.master][INFO] 2025-11-18 22:07:40,825: +PUB [/gains/arm_1_joint/parameter_descriptions] /gazebo http://127.0.0.1:43375/
[rosmaster.master][INFO] 2025-11-18 22:07:40,825: +PUB [/gains/arm_1_joint/parameter_updates] /gazebo http://127.0.0.1:43375/
[rosmaster.master][INFO] 2025-11-18 22:07:40,828: +PARAM [/gains/arm_1_joint/p] by /gazebo
[rosmaster.master][INFO] 2025-11-18 22:07:40,828: +PARAM [/gains/arm_1_joint/i] by /gazebo
[rosmaster.master][INFO] 2025-11-18 22:07:40,829: +PARAM [/gains/arm_1_joint/d] by /gazebo
[rosmaster.master][INFO] 2025-11-18 22:07:40,829: +PARAM [/gains/arm_1_joint/i_clamp_min] by /gazebo
[rosmaster.master][INFO] 2025-11-18 22:07:40,830: +PARAM [/gains/arm_1_joint/i_clamp_max] by /gazebo
[rosmaster.master][INFO] 2025-11-18 22:07:40,830: +PARAM [/gains/arm_1_joint/antiwindup] by /gazebo
[rosmaster.master][INFO] 2025-11-18 22:07:40,831: +PARAM [/gains/arm_1_joint/p] by /gazebo
[rosmaster.master][INFO] 2025-11-18 22:07:40,831: +PARAM [/gains/arm_1_joint/i] by /gazebo
[rosmaster.master][INFO] 2025-11-18 22:07:40,832: +PARAM [/gains/arm_1_joint/d] by /gazebo
[rosmaster.master][INFO] 2025-11-18 22:07:40,832: +PARAM [/gains/arm_1_joint/i_clamp_min] by /gazebo
[rosmaster.master][INFO] 2025-11-18 22:07:40,832: +PARAM [/gains/arm_1_joint/i_clamp_max] by /gazebo
[rosmaster.master][INFO] 2025-11-18 22:07:40,833: +PARAM [/gains/arm_1_joint/antiwindup] by /gazebo
[rosmaster.master][INFO] 2025-11-18 22:07:40,833: +PARAM [/gains/arm_1_joint/p] by /gazebo
[rosmaster.master][INFO] 2025-11-18 22:07:40,834: +PARAM [/gains/arm_1_joint/i] by /gazebo
[rosmaster.master][INFO] 2025-11-18 22:07:40,834: +PARAM [/gains/arm_1_joint/d] by /gazebo
[rosmaster.master][INFO] 2025-11-18 22:07:40,835: +PARAM [/gains/arm_1_joint/i_clamp_min] by /gazebo
[rosmaster.master][INFO] 2025-11-18 22:07:40,836: +PARAM [/gains/arm_1_joint/i_clamp_max] by /gazebo
[rosmaster.master][INFO] 2025-11-18 22:07:40,836: +PARAM [/gains/arm_1_joint/antiwindup] by /gazebo
[rosmaster.master][INFO] 2025-11-18 22:07:40,837: +PARAM [/gains/arm_1_joint/p] by /gazebo
[rosmaster.master][INFO] 2025-11-18 22:07:40,837: +PARAM [/gains/arm_1_joint/i] by /gazebo
[rosmaster.master][INFO] 2025-11-18 22:07:40,838: +PARAM [/gains/arm_1_joint/d] by /gazebo
[rosmaster.master][INFO] 2025-11-18 22:07:40,838: +PARAM [/gains/arm_1_joint/i_clamp_min] by /gazebo
[rosmaster.master][INFO] 2025-11-18 22:07:40,839: +PARAM [/gains/arm_1_joint/i_clamp_max] by /gazebo
[rosmaster.master][INFO] 2025-11-18 22:07:40,839: +PARAM [/gains/arm_1_joint/antiwindup] by /gazebo
[rosmaster.master][INFO] 2025-11-18 22:07:40,844: +SERVICE [/gains/arm_2_joint/set_parameters] /gazebo http://127.0.0.1:43375/
[rosmaster.master][INFO] 2025-11-18 22:07:40,844: +PUB [/gains/arm_2_joint/parameter_descriptions] /gazebo http://127.0.0.1:43375/
[rosmaster.master][INFO] 2025-11-18 22:07:40,845: +PUB [/gains/arm_2_joint/parameter_updates] /gazebo http://127.0.0.1:43375/
[rosmaster.master][INFO] 2025-11-18 22:07:40,848: +PARAM [/gains/arm_2_joint/p] by /gazebo
[rosmaster.master][INFO] 2025-11-18 22:07:40,848: +PARAM [/gains/arm_2_joint/i] by /gazebo
[rosmaster.master][INFO] 2025-11-18 22:07:40,849: +PARAM [/gains/arm_2_joint/d] by /gazebo
[rosmaster.master][INFO] 2025-11-18 22:07:40,849: +PARAM [/gains/arm_2_joint/i_clamp_min] by /gazebo
[rosmaster.master][INFO] 2025-11-18 22:07:40,849: +PARAM [/gains/arm_2_joint/i_clamp_max] by /gazebo
[rosmaster.master][INFO] 2025-11-18 22:07:40,850: +PARAM [/gains/arm_2_joint/antiwindup] by /gazebo
[rosmaster.master][INFO] 2025-11-18 22:07:40,850: +PARAM [/gains/arm_2_joint/p] by /gazebo
[rosmaster.master][INFO] 2025-11-18 22:07:40,851: +PARAM [/gains/arm_2_joint/i] by /gazebo
[rosmaster.master][INFO] 2025-11-18 22:07:40,851: +PARAM [/gains/arm_2_joint/d] by /gazebo
[rosmaster.master][INFO] 2025-11-18 22:07:40,852: +PARAM [/gains/arm_2_joint/i_clamp_min] by /gazebo
[rosmaster.master][INFO] 2025-11-18 22:07:40,852: +PARAM [/gains/arm_2_joint/i_clamp_max] by /gazebo
[rosmaster.master][INFO] 2025-11-18 22:07:40,853: +PARAM [/gains/arm_2_joint/antiwindup] by /gazebo
[rosmaster.master][INFO] 2025-11-18 22:07:40,853: +PARAM [/gains/arm_2_joint/p] by /gazebo
[rosmaster.master][INFO] 2025-11-18 22:07:40,854: +PARAM [/gains/arm_2_joint/i] by /gazebo
[rosmaster.master][INFO] 2025-11-18 22:07:40,854: +PARAM [/gains/arm_2_joint/d] by /gazebo
[rosmaster.master][INFO] 2025-11-18 22:07:40,855: +PARAM [/gains/arm_2_joint/i_clamp_min] by /gazebo
[rosmaster.master][INFO] 2025-11-18 22:07:40,855: +PARAM [/gains/arm_2_joint/i_clamp_max] by /gazebo
[rosmaster.master][INFO] 2025-11-18 22:07:40,856: publisherUpdate[/clock] -> http://127.0.0.1:43375/ ['http://127.0.0.1:43375/']: sec=1.16, result=[1, '', 0]
[rosmaster.master][INFO] 2025-11-18 22:07:40,856: +PARAM [/gains/arm_2_joint/antiwindup] by /gazebo
[rosmaster.master][INFO] 2025-11-18 22:07:40,857: +PARAM [/gains/arm_2_joint/p] by /gazebo
[rosmaster.master][INFO] 2025-11-18 22:07:40,857: +PARAM [/gains/arm_2_joint/i] by /gazebo
[rosmaster.master][INFO] 2025-11-18 22:07:40,858: +PARAM [/gains/arm_2_joint/d] by /gazebo
[rosmaster.master][INFO] 2025-11-18 22:07:40,858: +PARAM [/gains/arm_2_joint/i_clamp_min] by /gazebo
[rosmaster.master][INFO] 2025-11-18 22:07:40,859: +PARAM [/gains/arm_2_joint/i_clamp_max] by /gazebo
[rosmaster.master][INFO] 2025-11-18 22:07:40,859: +PARAM [/gains/arm_2_joint/antiwindup] by /gazebo
[rosmaster.master][INFO] 2025-11-18 22:07:40,864: +SERVICE [/gains/arm_3_joint/set_parameters] /gazebo http://127.0.0.1:43375/
[rosmaster.master][INFO] 2025-11-18 22:07:40,864: +PUB [/gains/arm_3_joint/parameter_descriptions] /gazebo http://127.0.0.1:43375/
[rosmaster.master][INFO] 2025-11-18 22:07:40,865: +PUB [/gains/arm_3_joint/parameter_updates] /gazebo http://127.0.0.1:43375/
[rosmaster.master][INFO] 2025-11-18 22:07:40,867: +PARAM [/gains/arm_3_joint/p] by /gazebo
[rosmaster.master][INFO] 2025-11-18 22:07:40,868: +PARAM [/gains/arm_3_joint/i] by /gazebo
[rosmaster.master][INFO] 2025-11-18 22:07:40,868: +PARAM [/gains/arm_3_joint/d] by /gazebo
[rosmaster.master][INFO] 2025-11-18 22:07:40,869: +PARAM [/gains/arm_3_joint/i_clamp_min] by /gazebo
[rosmaster.master][INFO] 2025-11-18 22:07:40,869: +PARAM [/gains/arm_3_joint/i_clamp_max] by /gazebo
[rosmaster.master][INFO] 2025-11-18 22:07:40,870: +PARAM [/gains/arm_3_joint/antiwindup] by /gazebo
[rosmaster.master][INFO] 2025-11-18 22:07:40,870: +PARAM [/gains/arm_3_joint/p] by /gazebo
[rosmaster.master][INFO] 2025-11-18 22:07:40,870: +PARAM [/gains/arm_3_joint/i] by /gazebo
[rosmaster.master][INFO] 2025-11-18 22:07:40,871: +PARAM [/gains/arm_3_joint/d] by /gazebo
[rosmaster.master][INFO] 2025-11-18 22:07:40,871: +PARAM [/gains/arm_3_joint/i_clamp_min] by /gazebo
[rosmaster.master][INFO] 2025-11-18 22:07:40,872: +PARAM [/gains/arm_3_joint/i_clamp_max] by /gazebo
[rosmaster.master][INFO] 2025-11-18 22:07:40,872: +PARAM [/gains/arm_3_joint/antiwindup] by /gazebo
[rosmaster.master][INFO] 2025-11-18 22:07:40,873: +PARAM [/gains/arm_3_joint/p] by /gazebo
[rosmaster.master][INFO] 2025-11-18 22:07:40,873: +PARAM [/gains/arm_3_joint/i] by /gazebo
[rosmaster.master][INFO] 2025-11-18 22:07:40,874: +PARAM [/gains/arm_3_joint/d] by /gazebo
[rosmaster.master][INFO] 2025-11-18 22:07:40,874: +PARAM [/gains/arm_3_joint/i_clamp_min] by /gazebo
[rosmaster.master][INFO] 2025-11-18 22:07:40,875: +PARAM [/gains/arm_3_joint/i_clamp_max] by /gazebo
[rosmaster.master][INFO] 2025-11-18 22:07:40,875: +PARAM [/gains/arm_3_joint/antiwindup] by /gazebo
[rosmaster.master][INFO] 2025-11-18 22:07:40,876: +PARAM [/gains/arm_3_joint/p] by /gazebo
[rosmaster.master][INFO] 2025-11-18 22:07:40,876: +PARAM [/gains/arm_3_joint/i] by /gazebo
[rosmaster.master][INFO] 2025-11-18 22:07:40,876: +PARAM [/gains/arm_3_joint/d] by /gazebo
[rosmaster.master][INFO] 2025-11-18 22:07:40,877: +PARAM [/gains/arm_3_joint/i_clamp_min] by /gazebo
[rosmaster.master][INFO] 2025-11-18 22:07:40,877: +PARAM [/gains/arm_3_joint/i_clamp_max] by /gazebo
[rosmaster.master][INFO] 2025-11-18 22:07:40,878: +PARAM [/gains/arm_3_joint/antiwindup] by /gazebo
[rosmaster.master][INFO] 2025-11-18 22:07:40,883: +SERVICE [/gains/arm_4_joint/set_parameters] /gazebo http://127.0.0.1:43375/
[rosmaster.master][INFO] 2025-11-18 22:07:40,884: +PUB [/gains/arm_4_joint/parameter_descriptions] /gazebo http://127.0.0.1:43375/
[rosmaster.master][INFO] 2025-11-18 22:07:40,884: +PUB [/gains/arm_4_joint/parameter_updates] /gazebo http://127.0.0.1:43375/
[rosmaster.master][INFO] 2025-11-18 22:07:40,887: +PARAM [/gains/arm_4_joint/p] by /gazebo
[rosmaster.master][INFO] 2025-11-18 22:07:40,887: +PARAM [/gains/arm_4_joint/i] by /gazebo
[rosmaster.master][INFO] 2025-11-18 22:07:40,888: +PARAM [/gains/arm_4_joint/d] by /gazebo
[rosmaster.master][INFO] 2025-11-18 22:07:40,888: +PARAM [/gains/arm_4_joint/i_clamp_min] by /gazebo
[rosmaster.master][INFO] 2025-11-18 22:07:40,889: +PARAM [/gains/arm_4_joint/i_clamp_max] by /gazebo
[rosmaster.master][INFO] 2025-11-18 22:07:40,889: +PARAM [/gains/arm_4_joint/antiwindup] by /gazebo
[rosmaster.master][INFO] 2025-11-18 22:07:40,890: +PARAM [/gains/arm_4_joint/p] by /gazebo
[rosmaster.master][INFO] 2025-11-18 22:07:40,890: +PARAM [/gains/arm_4_joint/i] by /gazebo
[rosmaster.master][INFO] 2025-11-18 22:07:40,891: +PARAM [/gains/arm_4_joint/d] by /gazebo
[rosmaster.master][INFO] 2025-11-18 22:07:40,891: +PARAM [/gains/arm_4_joint/i_clamp_min] by /gazebo
[rosmaster.master][INFO] 2025-11-18 22:07:40,892: +PARAM [/gains/arm_4_joint/i_clamp_max] by /gazebo
[rosmaster.master][INFO] 2025-11-18 22:07:40,892: +PARAM [/gains/arm_4_joint/antiwindup] by /gazebo
[rosmaster.master][INFO] 2025-11-18 22:07:40,892: +PARAM [/gains/arm_4_joint/p] by /gazebo
[rosmaster.master][INFO] 2025-11-18 22:07:40,893: +PARAM [/gains/arm_4_joint/i] by /gazebo
[rosmaster.master][INFO] 2025-11-18 22:07:40,893: +PARAM [/gains/arm_4_joint/d] by /gazebo
[rosmaster.master][INFO] 2025-11-18 22:07:40,894: +PARAM [/gains/arm_4_joint/i_clamp_min] by /gazebo
[rosmaster.master][INFO] 2025-11-18 22:07:40,894: +PARAM [/gains/arm_4_joint/i_clamp_max] by /gazebo
[rosmaster.master][INFO] 2025-11-18 22:07:40,895: +PARAM [/gains/arm_4_joint/antiwindup] by /gazebo
[rosmaster.master][INFO] 2025-11-18 22:07:40,895: +PARAM [/gains/arm_4_joint/p] by /gazebo
[rosmaster.master][INFO] 2025-11-18 22:07:40,896: +PARAM [/gains/arm_4_joint/i] by /gazebo
[rosmaster.master][INFO] 2025-11-18 22:07:40,896: +PARAM [/gains/arm_4_joint/d] by /gazebo
[rosmaster.master][INFO] 2025-11-18 22:07:40,897: +PARAM [/gains/arm_4_joint/i_clamp_min] by /gazebo
[rosmaster.master][INFO] 2025-11-18 22:07:40,897: +PARAM [/gains/arm_4_joint/i_clamp_max] by /gazebo
[rosmaster.master][INFO] 2025-11-18 22:07:40,898: +PARAM [/gains/arm_4_joint/antiwindup] by /gazebo
[rosmaster.master][INFO] 2025-11-18 22:07:40,902: +SERVICE [/gains/gripper_left_finger_joint/set_parameters] /gazebo http://127.0.0.1:43375/
[rosmaster.master][INFO] 2025-11-18 22:07:40,903: +PUB [/gains/gripper_left_finger_joint/parameter_descriptions] /gazebo http://127.0.0.1:43375/
[rosmaster.master][INFO] 2025-11-18 22:07:40,903: +PUB [/gains/gripper_left_finger_joint/parameter_updates] /gazebo http://127.0.0.1:43375/
[rosmaster.master][INFO] 2025-11-18 22:07:40,906: +PARAM [/gains/gripper_left_finger_joint/p] by /gazebo
[rosmaster.master][INFO] 2025-11-18 22:07:40,906: +PARAM [/gains/gripper_left_finger_joint/i] by /gazebo
[rosmaster.master][INFO] 2025-11-18 22:07:40,907: +PARAM [/gains/gripper_left_finger_joint/d] by /gazebo
[rosmaster.master][INFO] 2025-11-18 22:07:40,907: +PARAM [/gains/gripper_left_finger_joint/i_clamp_min] by /gazebo
[rosmaster.master][INFO] 2025-11-18 22:07:40,908: +PARAM [/gains/gripper_left_finger_joint/i_clamp_max] by /gazebo
[rosmaster.master][INFO] 2025-11-18 22:07:40,908: +PARAM [/gains/gripper_left_finger_joint/antiwindup] by /gazebo
[rosmaster.master][INFO] 2025-11-18 22:07:40,909: +PARAM [/gains/gripper_left_finger_joint/p] by /gazebo
[rosmaster.master][INFO] 2025-11-18 22:07:40,909: +PARAM [/gains/gripper_left_finger_joint/i] by /gazebo
[rosmaster.master][INFO] 2025-11-18 22:07:40,909: +PARAM [/gains/gripper_left_finger_joint/d] by /gazebo
[rosmaster.master][INFO] 2025-11-18 22:07:40,910: +PARAM [/gains/gripper_left_finger_joint/i_clamp_min] by /gazebo
[rosmaster.master][INFO] 2025-11-18 22:07:40,910: +PARAM [/gains/gripper_left_finger_joint/i_clamp_max] by /gazebo
[rosmaster.master][INFO] 2025-11-18 22:07:40,911: +PARAM [/gains/gripper_left_finger_joint/antiwindup] by /gazebo
[rosmaster.master][INFO] 2025-11-18 22:07:40,911: +PARAM [/gains/gripper_left_finger_joint/p] by /gazebo
[rosmaster.master][INFO] 2025-11-18 22:07:40,912: +PARAM [/gains/gripper_left_finger_joint/i] by /gazebo
[rosmaster.master][INFO] 2025-11-18 22:07:40,912: +PARAM [/gains/gripper_left_finger_joint/d] by /gazebo
[rosmaster.master][INFO] 2025-11-18 22:07:40,913: +PARAM [/gains/gripper_left_finger_joint/i_clamp_min] by /gazebo
[rosmaster.master][INFO] 2025-11-18 22:07:40,913: +PARAM [/gains/gripper_left_finger_joint/i_clamp_max] by /gazebo
[rosmaster.master][INFO] 2025-11-18 22:07:40,914: +PARAM [/gains/gripper_left_finger_joint/antiwindup] by /gazebo
[rosmaster.master][INFO] 2025-11-18 22:07:40,914: +PARAM [/gains/gripper_left_finger_joint/p] by /gazebo
[rosmaster.master][INFO] 2025-11-18 22:07:40,914: +PARAM [/gains/gripper_left_finger_joint/i] by /gazebo
[rosmaster.master][INFO] 2025-11-18 22:07:40,915: +PARAM [/gains/gripper_left_finger_joint/d] by /gazebo
[rosmaster.master][INFO] 2025-11-18 22:07:40,915: +PARAM [/gains/gripper_left_finger_joint/i_clamp_min] by /gazebo
[rosmaster.master][INFO] 2025-11-18 22:07:40,916: +PARAM [/gains/gripper_left_finger_joint/i_clamp_max] by /gazebo
[rosmaster.master][INFO] 2025-11-18 22:07:40,916: +PARAM [/gains/gripper_left_finger_joint/antiwindup] by /gazebo
[rosmaster.master][INFO] 2025-11-18 22:07:40,920: +SERVICE [/gains/gripper_right_finger_joint/set_parameters] /gazebo http://127.0.0.1:43375/
[rosmaster.master][INFO] 2025-11-18 22:07:40,921: +PUB [/gains/gripper_right_finger_joint/parameter_descriptions] /gazebo http://127.0.0.1:43375/
[rosmaster.master][INFO] 2025-11-18 22:07:40,921: +PUB [/gains/gripper_right_finger_joint/parameter_updates] /gazebo http://127.0.0.1:43375/
[rosmaster.master][INFO] 2025-11-18 22:07:40,923: +PARAM [/gains/gripper_right_finger_joint/p] by /gazebo
[rosmaster.master][INFO] 2025-11-18 22:07:40,924: +PARAM [/gains/gripper_right_finger_joint/i] by /gazebo
[rosmaster.master][INFO] 2025-11-18 22:07:40,924: +PARAM [/gains/gripper_right_finger_joint/d] by /gazebo
[rosmaster.master][INFO] 2025-11-18 22:07:40,925: +PARAM [/gains/gripper_right_finger_joint/i_clamp_min] by /gazebo
[rosmaster.master][INFO] 2025-11-18 22:07:40,925: +PARAM [/gains/gripper_right_finger_joint/i_clamp_max] by /gazebo
[rosmaster.master][INFO] 2025-11-18 22:07:40,926: +PARAM [/gains/gripper_right_finger_joint/antiwindup] by /gazebo
[rosmaster.master][INFO] 2025-11-18 22:07:40,926: +PARAM [/gains/gripper_right_finger_joint/p] by /gazebo
[rosmaster.master][INFO] 2025-11-18 22:07:40,927: +PARAM [/gains/gripper_right_finger_joint/i] by /gazebo
[rosmaster.master][INFO] 2025-11-18 22:07:40,927: +PARAM [/gains/gripper_right_finger_joint/d] by /gazebo
[rosmaster.master][INFO] 2025-11-18 22:07:40,927: +PARAM [/gains/gripper_right_finger_joint/i_clamp_min] by /gazebo
[rosmaster.master][INFO] 2025-11-18 22:07:40,928: +PARAM [/gains/gripper_right_finger_joint/i_clamp_max] by /gazebo
[rosmaster.master][INFO] 2025-11-18 22:07:40,928: +PARAM [/gains/gripper_right_finger_joint/antiwindup] by /gazebo
[rosmaster.master][INFO] 2025-11-18 22:07:40,929: +PARAM [/gains/gripper_right_finger_joint/p] by /gazebo
[rosmaster.master][INFO] 2025-11-18 22:07:40,929: +PARAM [/gains/gripper_right_finger_joint/i] by /gazebo
[rosmaster.master][INFO] 2025-11-18 22:07:40,930: +PARAM [/gains/gripper_right_finger_joint/d] by /gazebo
[rosmaster.master][INFO] 2025-11-18 22:07:40,930: +PARAM [/gains/gripper_right_finger_joint/i_clamp_min] by /gazebo
[rosmaster.master][INFO] 2025-11-18 22:07:40,930: +PARAM [/gains/gripper_right_finger_joint/i_clamp_max] by /gazebo
[rosmaster.master][INFO] 2025-11-18 22:07:40,931: +PARAM [/gains/gripper_right_finger_joint/antiwindup] by /gazebo
[rosmaster.master][INFO] 2025-11-18 22:07:40,931: +PARAM [/gains/gripper_right_finger_joint/p] by /gazebo
[rosmaster.master][INFO] 2025-11-18 22:07:40,932: +PARAM [/gains/gripper_right_finger_joint/i] by /gazebo
[rosmaster.master][INFO] 2025-11-18 22:07:40,932: +PARAM [/gains/gripper_right_finger_joint/d] by /gazebo
[rosmaster.master][INFO] 2025-11-18 22:07:40,932: +PARAM [/gains/gripper_right_finger_joint/i_clamp_min] by /gazebo
[rosmaster.master][INFO] 2025-11-18 22:07:40,933: +PARAM [/gains/gripper_right_finger_joint/i_clamp_max] by /gazebo
[rosmaster.master][INFO] 2025-11-18 22:07:40,933: +PARAM [/gains/gripper_right_finger_joint/antiwindup] by /gazebo
[rosmaster.master][INFO] 2025-11-18 22:07:40,950: +SERVICE [/controller_manager/list_controllers] /gazebo http://127.0.0.1:43375/
[rosmaster.master][INFO] 2025-11-18 22:07:40,951: +SERVICE [/controller_manager/list_controller_types] /gazebo http://127.0.0.1:43375/
[rosmaster.master][INFO] 2025-11-18 22:07:40,952: +SERVICE [/controller_manager/load_controller] /gazebo http://127.0.0.1:43375/
[rosmaster.master][INFO] 2025-11-18 22:07:40,953: +SERVICE [/controller_manager/unload_controller] /gazebo http://127.0.0.1:43375/
[rosmaster.master][INFO] 2025-11-18 22:07:40,954: +SERVICE [/controller_manager/switch_controller] /gazebo http://127.0.0.1:43375/
[rosmaster.master][INFO] 2025-11-18 22:07:40,955: +SERVICE [/controller_manager/reload_controller_libraries] /gazebo http://127.0.0.1:43375/
[rosmaster.master][ERROR] 2025-11-18 22:07:40,969: Traceback (most recent call last):
  File "/opt/ros/noetic/lib/python3/dist-packages/rosmaster/master_api.py", line 177, in validated_f
    code, msg, val = f(*newArgs, **kwds)
  File "/opt/ros/noetic/lib/python3/dist-packages/rosmaster/master_api.py", line 435, in searchParam
    search_key = self.param_server.search_param(caller_id, key)
  File "/opt/ros/noetic/lib/python3/dist-packages/rosmaster/paramserver.py", line 116, in search_param
    raise ValueError("namespace must be global")
ValueError: namespace must be global

[rosmaster.master][INFO] 2025-11-18 22:07:40,971: +PUB [/tf] /gazebo http://127.0.0.1:43375/
[rosmaster.master][INFO] 2025-11-18 22:07:40,973: +SUB [/mobile_base_controller/cmd_vel] /gazebo http://127.0.0.1:43375/
[rosmaster.master][INFO] 2025-11-18 22:07:40,975: +PUB [/mobile_base_controller/odom] /gazebo http://127.0.0.1:43375/
[rosmaster.master][INFO] 2025-11-18 22:07:40,991: +PUB [/ground_truth_odom] /gazebo http://127.0.0.1:43375/
[rosmaster.master][INFO] 2025-11-18 22:07:41,007: publisherUpdate[/tf] -> http://127.0.0.1:39457/ ['http://127.0.0.1:34069/', 'http://127.0.0.1:43375/']
[rosmaster.master][INFO] 2025-11-18 22:07:41,010: +PUB [/gazebo/world_odometry/parameter_descriptions] /gazebo http://127.0.0.1:43375/
[rosmaster.master][INFO] 2025-11-18 22:07:41,012: +PUB [/gazebo/world_odometry/parameter_updates] /gazebo http://127.0.0.1:43375/
[rosmaster.master][INFO] 2025-11-18 22:07:41,014: +SERVICE [/gazebo/world_odometry/set_parameters] /gazebo http://127.0.0.1:43375/
[rosmaster.master][INFO] 2025-11-18 22:07:41,016: +PUB [/floating_base_pose_simulated] /gazebo http://127.0.0.1:43375/
[rosmaster.master][INFO] 2025-11-18 22:07:41,017: +PUB [/introspection_data/full] /gazebo http://127.0.0.1:43375/
[rosmaster.master][INFO] 2025-11-18 22:07:41,018: +PUB [/introspection_data/names] /gazebo http://127.0.0.1:43375/
[rosmaster.master][INFO] 2025-11-18 22:07:41,019: +PUB [/introspection_data/values] /gazebo http://127.0.0.1:43375/
[rosmaster.master][INFO] 2025-11-18 22:07:41,023: publisherUpdate[/tf] -> http://127.0.0.1:33749/ ['http://127.0.0.1:34069/', 'http://127.0.0.1:43375/']
[rosmaster.master][INFO] 2025-11-18 22:07:41,024: +PUB [/tfs_14594000000] /tf_lookup http://127.0.0.1:46537/
[rosmaster.master][INFO] 2025-11-18 22:07:41,024: publisherUpdate[/tf] -> http://127.0.0.1:33749/ ['http://127.0.0.1:34069/', 'http://127.0.0.1:43375/']: sec=0.00, result=[1, '', 0]
[rosmaster.master][INFO] 2025-11-18 22:07:41,026: publisherUpdate[/tf] -> http://127.0.0.1:46537/ ['http://127.0.0.1:34069/', 'http://127.0.0.1:43375/']
[rosmaster.master][INFO] 2025-11-18 22:07:41,034: publisherUpdate[/tf] -> http://127.0.0.1:46537/ ['http://127.0.0.1:34069/', 'http://127.0.0.1:43375/']: sec=0.01, result=[1, '', 0]
[rosmaster.master][INFO] 2025-11-18 22:07:41,034: publisherUpdate[/tf] -> http://127.0.0.1:34371/ ['http://127.0.0.1:34069/', 'http://127.0.0.1:43375/']
[rosmaster.master][INFO] 2025-11-18 22:07:41,035: +CACHEDPARAM [/rosout_disable_topics_generation] by /bringup_controllers_spawner_imu
[rosmaster.master][INFO] 2025-11-18 22:07:41,038: publisherUpdate[/tf] -> http://127.0.0.1:39457/ ['http://127.0.0.1:34069/', 'http://127.0.0.1:43375/']: sec=0.03, result=[1, '', 0]
[rosmaster.master][INFO] 2025-11-18 22:07:41,039: +SUB [/tfs_14594000000] /dynamic_footprint_publisher http://127.0.0.1:35081/
[rosmaster.master][INFO] 2025-11-18 22:07:41,042: +CACHEDPARAM [/rosout_disable_topics_generation] by /bringup_controllers_spawner_ft
[rosmaster.master][INFO] 2025-11-18 22:07:41,047: +CACHEDPARAM [/rosout_disable_topics_generation] by /default_controllers_spawner
[rosmaster.master][INFO] 2025-11-18 22:07:41,052: +SERVICE [/throttle_filtering_points/set_parameters] /throttle_filtering_points http://127.0.0.1:46789/
[rosmaster.master][INFO] 2025-11-18 22:07:41,065: +PUB [/throttle_filtering_points/parameter_descriptions] /throttle_filtering_points http://127.0.0.1:46789/
[rosmaster.master][INFO] 2025-11-18 22:07:41,069: +SUB [/move_group/status] /play_motion http://127.0.0.1:33749/
[rosmaster.master][INFO] 2025-11-18 22:07:41,075: +SUB [/arm_controller/follow_joint_trajectory/status] /move_group http://127.0.0.1:34371/
[rosmaster.master][INFO] 2025-11-18 22:07:41,076: +PUB [/throttle_filtering_points/parameter_updates] /throttle_filtering_points http://127.0.0.1:46789/
[rosmaster.master][INFO] 2025-11-18 22:07:41,082: +CACHEDPARAM [/rosout_disable_topics_generation] by /default_controllers_spawner
[rosmaster.master][INFO] 2025-11-18 22:07:41,083: +CACHEDPARAM [/rosout_disable_topics_generation] by /bringup_controllers_spawner_imu
[rosmaster.master][INFO] 2025-11-18 22:07:41,086: +PARAM [/throttle_filtering_points/throttle_node_rate] by /throttle_filtering_points
[rosmaster.master][INFO] 2025-11-18 22:07:41,092: +CACHEDPARAM [/rosout_disable_topics_generation] by /bringup_controllers_spawner_ft
[rosmaster.master][INFO] 2025-11-18 22:07:41,094: +PARAM [/throttle_filtering_points/downsampling_size] by /throttle_filtering_points
[rosmaster.master][INFO] 2025-11-18 22:07:41,104: +CACHEDPARAM [/rosout_disable_topics_generation] by /default_controllers_spawner
[rosmaster.master][INFO] 2025-11-18 22:07:41,105: +SUB [/arm_controller/follow_joint_trajectory/feedback] /move_group http://127.0.0.1:34371/
[rosmaster.master][INFO] 2025-11-18 22:07:41,113: publisherUpdate[/tf] -> http://127.0.0.1:34371/ ['http://127.0.0.1:34069/', 'http://127.0.0.1:43375/']: sec=0.08, result=[1, '', 0]
[rosmaster.master][INFO] 2025-11-18 22:07:41,114: +CACHEDPARAM [/rosout_disable_topics_generation] by /bringup_controllers_spawner_imu
[rosmaster.master][INFO] 2025-11-18 22:07:41,114: +CACHEDPARAM [/rosout_disable_topics_generation] by /throttle_filtering_points
[rosmaster.master][INFO] 2025-11-18 22:07:41,115: +SUB [/move_group/feedback] /play_motion http://127.0.0.1:33749/
[rosmaster.master][INFO] 2025-11-18 22:07:41,121: +CACHEDPARAM [/rosout_disable_topics_generation] by /bringup_controllers_spawner_ft
[rosmaster.master][INFO] 2025-11-18 22:07:41,127: +SUB [/arm_controller/follow_joint_trajectory/result] /move_group http://127.0.0.1:34371/
[rosmaster.master][INFO] 2025-11-18 22:07:41,132: +PUB [/throttle_filtering_points/filtered_points] /throttle_filtering_points http://127.0.0.1:46789/
[rosmaster.master][INFO] 2025-11-18 22:07:41,136: +PARAM [/throttle_filtering_points/throttle_node_rate] by /throttle_filtering_points
[rosmaster.master][INFO] 2025-11-18 22:07:41,137: +PUB [/arm_controller/follow_joint_trajectory/goal] /move_group http://127.0.0.1:34371/
[rosmaster.master][INFO] 2025-11-18 22:07:41,145: +PUB [/arm_controller/follow_joint_trajectory/cancel] /move_group http://127.0.0.1:34371/
[rosmaster.master][INFO] 2025-11-18 22:07:41,147: +SUB [/move_group/result] /play_motion http://127.0.0.1:33749/
[rosmaster.master][INFO] 2025-11-18 22:07:41,149: +PARAM [/throttle_filtering_points/downsampling_size] by /throttle_filtering_points
[rosmaster.master][INFO] 2025-11-18 22:07:41,149: +PUB [/move_group/goal] /play_motion http://127.0.0.1:33749/
[rosmaster.master][INFO] 2025-11-18 22:07:41,152: +PUB [/joint_states] /gazebo http://127.0.0.1:43375/
[rosmaster.master][INFO] 2025-11-18 22:07:41,153: +PUB [/move_group/cancel] /play_motion http://127.0.0.1:33749/
[rosmaster.master][INFO] 2025-11-18 22:07:41,156: +CACHEDPARAM [/rosout_disable_topics_generation] by /default_controllers_spawner
[rosmaster.master][INFO] 2025-11-18 22:07:41,167: +PUB [/base_imu] /gazebo http://127.0.0.1:43375/
[rosmaster.master][INFO] 2025-11-18 22:07:41,172: +CACHEDPARAM [/rosout_disable_topics_generation] by /bringup_controllers_spawner_imu
[rosmaster.master][INFO] 2025-11-18 22:07:41,176: publisherUpdate[/joint_states] -> http://127.0.0.1:33749/ ['http://127.0.0.1:43375/']
[rosmaster.master][INFO] 2025-11-18 22:07:41,186: +PUB [/wrist_ft] /gazebo http://127.0.0.1:43375/
[rosmaster.master][INFO] 2025-11-18 22:07:41,189: +PUB [/wrist_ft_temperature] /gazebo http://127.0.0.1:43375/
[rosmaster.master][INFO] 2025-11-18 22:07:41,193: +CACHEDPARAM [/rosout_disable_topics_generation] by /bringup_controllers_spawner_ft
[rosmaster.master][INFO] 2025-11-18 22:07:41,213: publisherUpdate[/joint_states] -> http://127.0.0.1:33749/ ['http://127.0.0.1:43375/']: sec=0.03, result=[1, '', 0]
[rosmaster.master][INFO] 2025-11-18 22:07:41,213: publisherUpdate[/joint_states] -> http://127.0.0.1:34069/ ['http://127.0.0.1:43375/']
[rosmaster.master][INFO] 2025-11-18 22:07:41,216: publisherUpdate[/joint_states] -> http://127.0.0.1:34371/ ['http://127.0.0.1:43375/']
[rosmaster.master][INFO] 2025-11-18 22:07:41,222: publisherUpdate[/joint_states] -> http://127.0.0.1:34371/ ['http://127.0.0.1:43375/']: sec=0.01, result=[1, '', 0]
[rosmaster.master][INFO] 2025-11-18 22:07:41,222: publisherUpdate[/joint_states] -> http://127.0.0.1:38227/ ['http://127.0.0.1:43375/']
[rosmaster.master][INFO] 2025-11-18 22:07:41,236: publisherUpdate[/joint_states] -> http://127.0.0.1:38227/ ['http://127.0.0.1:43375/']: sec=0.01, result=[1, '', 0]
[rosmaster.master][INFO] 2025-11-18 22:07:41,239: +CACHEDPARAM [/rosout_disable_topics_generation] by /gripper_controllers_spawner
[rosmaster.master][INFO] 2025-11-18 22:07:41,247: publisherUpdate[/joint_states] -> http://127.0.0.1:34069/ ['http://127.0.0.1:43375/']: sec=0.03, result=[1, '', 0]
[rosmaster.master][INFO] 2025-11-18 22:07:41,254: +CACHEDPARAM [/rosout_disable_topics_generation] by /gripper_controllers_spawner
[rosmaster.master][INFO] 2025-11-18 22:07:41,260: +SUB [/torso_controller/command] /gazebo http://127.0.0.1:43375/
[rosmaster.master][INFO] 2025-11-18 22:07:41,261: +PUB [/torso_controller/state] /gazebo http://127.0.0.1:43375/
[rosmaster.master][INFO] 2025-11-18 22:07:41,264: +PUB [/torso_controller/follow_joint_trajectory/result] /gazebo http://127.0.0.1:43375/
[rosmaster.master][INFO] 2025-11-18 22:07:41,265: +CACHEDPARAM [/rosout_disable_topics_generation] by /gripper_controllers_spawner
[rosmaster.master][INFO] 2025-11-18 22:07:41,265: +PUB [/torso_controller/follow_joint_trajectory/feedback] /gazebo http://127.0.0.1:43375/
[rosmaster.master][INFO] 2025-11-18 22:07:41,269: +PUB [/torso_controller/follow_joint_trajectory/status] /gazebo http://127.0.0.1:43375/
[rosmaster.master][INFO] 2025-11-18 22:07:41,288: +SUB [/torso_controller/follow_joint_trajectory/goal] /gazebo http://127.0.0.1:43375/
[rosmaster.master][INFO] 2025-11-18 22:07:41,291: +SUB [/torso_controller/follow_joint_trajectory/cancel] /gazebo http://127.0.0.1:43375/
[rosmaster.master][INFO] 2025-11-18 22:07:41,292: +SERVICE [/torso_controller/query_state] /gazebo http://127.0.0.1:43375/
[rosmaster.master][INFO] 2025-11-18 22:07:41,298: +CACHEDPARAM [/rosout_disable_topics_generation] by /bringup_controllers_spawner_imu
[rosmaster.master][INFO] 2025-11-18 22:07:41,299: +CACHEDPARAM [/rosout_disable_topics_generation] by /default_controllers_spawner
[rosmaster.master][INFO] 2025-11-18 22:07:41,303: +CACHEDPARAM [/rosout_disable_topics_generation] by /bringup_controllers_spawner_ft
[rosmaster.master][INFO] 2025-11-18 22:07:41,330: +SUB [/gripper_controller/command] /gazebo http://127.0.0.1:43375/
[rosmaster.master][INFO] 2025-11-18 22:07:41,332: +PUB [/gripper_controller/state] /gazebo http://127.0.0.1:43375/
[rosmaster.master][INFO] 2025-11-18 22:07:41,334: +PUB [/gripper_controller/follow_joint_trajectory/result] /gazebo http://127.0.0.1:43375/
[rosmaster.master][INFO] 2025-11-18 22:07:41,334: +PUB [/gripper_controller/follow_joint_trajectory/feedback] /gazebo http://127.0.0.1:43375/
[rosmaster.master][INFO] 2025-11-18 22:07:41,335: +PUB [/gripper_controller/follow_joint_trajectory/status] /gazebo http://127.0.0.1:43375/
[rosmaster.master][INFO] 2025-11-18 22:07:41,337: publisherUpdate[/gripper_controller/follow_joint_trajectory/result] -> http://127.0.0.1:39071/ ['http://127.0.0.1:43375/']
[rosmaster.master][INFO] 2025-11-18 22:07:41,341: publisherUpdate[/gripper_controller/follow_joint_trajectory/result] -> http://127.0.0.1:39071/ ['http://127.0.0.1:43375/']: sec=0.00, result=[1, '', 0]
[rosmaster.master][INFO] 2025-11-18 22:07:41,342: publisherUpdate[/gripper_controller/follow_joint_trajectory/feedback] -> http://127.0.0.1:39071/ ['http://127.0.0.1:43375/']
[rosmaster.master][INFO] 2025-11-18 22:07:41,346: publisherUpdate[/gripper_controller/follow_joint_trajectory/feedback] -> http://127.0.0.1:39071/ ['http://127.0.0.1:43375/']: sec=0.00, result=[1, '', 0]
[rosmaster.master][INFO] 2025-11-18 22:07:41,346: publisherUpdate[/gripper_controller/follow_joint_trajectory/status] -> http://127.0.0.1:39071/ ['http://127.0.0.1:43375/']
[rosmaster.master][INFO] 2025-11-18 22:07:41,349: +SUB [/gripper_controller/follow_joint_trajectory/goal] /gazebo http://127.0.0.1:43375/
[rosmaster.master][INFO] 2025-11-18 22:07:41,350: publisherUpdate[/gripper_controller/follow_joint_trajectory/status] -> http://127.0.0.1:39071/ ['http://127.0.0.1:43375/']: sec=0.00, result=[1, '', 0]
[rosmaster.master][INFO] 2025-11-18 22:07:41,354: +SUB [/gripper_controller/follow_joint_trajectory/cancel] /gazebo http://127.0.0.1:43375/
[rosmaster.master][INFO] 2025-11-18 22:07:41,355: +SERVICE [/gripper_controller/query_state] /gazebo http://127.0.0.1:43375/
[rosmaster.master][INFO] 2025-11-18 22:07:41,363: +CACHEDPARAM [/rosout_disable_topics_generation] by /gripper_controllers_spawner
[rosmaster.master][INFO] 2025-11-18 22:07:41,383: +SUB [/head_controller/command] /gazebo http://127.0.0.1:43375/
[rosmaster.master][INFO] 2025-11-18 22:07:41,387: +PUB [/head_controller/state] /gazebo http://127.0.0.1:43375/
[rosmaster.master][INFO] 2025-11-18 22:07:41,390: +PUB [/head_controller/follow_joint_trajectory/result] /gazebo http://127.0.0.1:43375/
[rosmaster.master][INFO] 2025-11-18 22:07:41,392: +PUB [/head_controller/follow_joint_trajectory/feedback] /gazebo http://127.0.0.1:43375/
[rosmaster.master][INFO] 2025-11-18 22:07:41,393: +PUB [/head_controller/follow_joint_trajectory/status] /gazebo http://127.0.0.1:43375/
[rosmaster.master][INFO] 2025-11-18 22:07:41,403: +SUB [/head_controller/follow_joint_trajectory/goal] /gazebo http://127.0.0.1:43375/
[rosmaster.master][INFO] 2025-11-18 22:07:41,413: +SUB [/head_controller/follow_joint_trajectory/cancel] /gazebo http://127.0.0.1:43375/
[rosmaster.master][INFO] 2025-11-18 22:07:41,414: +SERVICE [/head_controller/query_state] /gazebo http://127.0.0.1:43375/
[rosmaster.master][INFO] 2025-11-18 22:07:41,418: +CACHEDPARAM [/rosout_disable_topics_generation] by /default_controllers_spawner
[rosmaster.master][INFO] 2025-11-18 22:07:41,421: +CACHEDPARAM [/rosout_disable_topics_generation] by /gripper_controllers_spawner
[rosmaster.master][INFO] 2025-11-18 22:07:41,444: publisherUpdate[/head_controller/state] -> http://127.0.0.1:39457/ ['http://127.0.0.1:43375/']
[rosmaster.master][INFO] 2025-11-18 22:07:41,452: publisherUpdate[/head_controller/state] -> http://127.0.0.1:39457/ ['http://127.0.0.1:43375/']: sec=0.01, result=[1, '', 0]
[rosmaster.master][INFO] 2025-11-18 22:07:41,479: +SUB [/arm_controller/command] /gazebo http://127.0.0.1:43375/
[rosmaster.master][INFO] 2025-11-18 22:07:41,480: +PUB [/arm_controller/state] /gazebo http://127.0.0.1:43375/
[rosmaster.master][INFO] 2025-11-18 22:07:41,484: +PUB [/arm_controller/follow_joint_trajectory/result] /gazebo http://127.0.0.1:43375/
[rosmaster.master][INFO] 2025-11-18 22:07:41,486: +PUB [/arm_controller/follow_joint_trajectory/feedback] /gazebo http://127.0.0.1:43375/
[rosmaster.master][INFO] 2025-11-18 22:07:41,487: +PUB [/arm_controller/follow_joint_trajectory/status] /gazebo http://127.0.0.1:43375/
[rosmaster.master][INFO] 2025-11-18 22:07:41,499: +SUB [/arm_controller/follow_joint_trajectory/goal] /gazebo http://127.0.0.1:43375/
[rosmaster.master][INFO] 2025-11-18 22:07:41,501: +SUB [/arm_controller/follow_joint_trajectory/cancel] /gazebo http://127.0.0.1:43375/
[rosmaster.master][INFO] 2025-11-18 22:07:41,503: +SERVICE [/arm_controller/query_state] /gazebo http://127.0.0.1:43375/
[rosmaster.master][INFO] 2025-11-18 22:07:41,506: +CACHEDPARAM [/rosout_disable_topics_generation] by /default_controllers_spawner
[rosmaster.master][INFO] 2025-11-18 22:07:41,540: +CACHEDPARAM [/rosout_disable_topics_generation] by /home_gripper
[rosmaster.master][INFO] 2025-11-18 22:07:41,544: +SUB [/joint_states] /home_gripper http://127.0.0.1:39071/
[rosmaster.master][INFO] 2025-11-18 22:07:41,550: publisherUpdate[/arm_controller/follow_joint_trajectory/result] -> http://127.0.0.1:34371/ ['http://127.0.0.1:43375/']
[rosmaster.master][INFO] 2025-11-18 22:07:41,589: publisherUpdate[/arm_controller/follow_joint_trajectory/result] -> http://127.0.0.1:34371/ ['http://127.0.0.1:43375/']: sec=0.04, result=[1, '', 0]
[rosmaster.master][INFO] 2025-11-18 22:07:41,589: publisherUpdate[/arm_controller/follow_joint_trajectory/feedback] -> http://127.0.0.1:34371/ ['http://127.0.0.1:43375/']
[rosmaster.master][INFO] 2025-11-18 22:07:41,593: publisherUpdate[/arm_controller/follow_joint_trajectory/feedback] -> http://127.0.0.1:34371/ ['http://127.0.0.1:43375/']: sec=0.00, result=[1, '', 0]
[rosmaster.master][INFO] 2025-11-18 22:07:41,593: publisherUpdate[/arm_controller/follow_joint_trajectory/status] -> http://127.0.0.1:34371/ ['http://127.0.0.1:43375/']
[rosmaster.master][INFO] 2025-11-18 22:07:41,595: publisherUpdate[/arm_controller/follow_joint_trajectory/status] -> http://127.0.0.1:34371/ ['http://127.0.0.1:43375/']: sec=0.00, result=[1, '', 0]
[rosmaster.master][INFO] 2025-11-18 22:07:41,650: +SERVICE [/mobile_base_controller/set_parameters] /gazebo http://127.0.0.1:43375/
[rosmaster.master][INFO] 2025-11-18 22:07:41,651: +PUB [/mobile_base_controller/parameter_descriptions] /gazebo http://127.0.0.1:43375/
[rosmaster.master][INFO] 2025-11-18 22:07:41,653: +PUB [/mobile_base_controller/parameter_updates] /gazebo http://127.0.0.1:43375/
[rosmaster.master][INFO] 2025-11-18 22:07:41,657: +PARAM [/mobile_base_controller/wheel_separation_multiplier] by /gazebo
[rosmaster.master][INFO] 2025-11-18 22:07:41,658: +PARAM [/mobile_base_controller/axis_separation_multiplier] by /gazebo
[rosmaster.master][INFO] 2025-11-18 22:07:41,659: +PARAM [/mobile_base_controller/wheel_radius_multiplier] by /gazebo
[rosmaster.master][INFO] 2025-11-18 22:07:41,660: +PARAM [/mobile_base_controller/publish_rate] by /gazebo
[rosmaster.master][INFO] 2025-11-18 22:07:41,662: +PARAM [/mobile_base_controller/enable_odom_tf] by /gazebo
[rosmaster.master][INFO] 2025-11-18 22:07:41,664: +PARAM [/mobile_base_controller/wheel_separation_multiplier] by /gazebo
[rosmaster.master][INFO] 2025-11-18 22:07:41,665: +PARAM [/mobile_base_controller/axis_separation_multiplier] by /gazebo
[rosmaster.master][INFO] 2025-11-18 22:07:41,665: +PARAM [/mobile_base_controller/wheel_radius_multiplier] by /gazebo
[rosmaster.master][INFO] 2025-11-18 22:07:41,666: +PARAM [/mobile_base_controller/publish_rate] by /gazebo
[rosmaster.master][INFO] 2025-11-18 22:07:41,667: +PARAM [/mobile_base_controller/enable_odom_tf] by /gazebo
[rosmaster.master][INFO] 2025-11-18 22:07:41,672: +PARAM [/mobile_base_controller/wheel_separation_multiplier] by /gazebo
[rosmaster.master][INFO] 2025-11-18 22:07:41,673: +PARAM [/mobile_base_controller/axis_separation_multiplier] by /gazebo
[rosmaster.master][INFO] 2025-11-18 22:07:41,673: +PARAM [/mobile_base_controller/wheel_radius_multiplier] by /gazebo
[rosmaster.master][INFO] 2025-11-18 22:07:41,674: +PARAM [/mobile_base_controller/publish_rate] by /gazebo
[rosmaster.master][INFO] 2025-11-18 22:07:41,675: +PARAM [/mobile_base_controller/enable_odom_tf] by /gazebo
[rosmaster.master][INFO] 2025-11-18 22:07:41,679: +CACHEDPARAM [/rosout_disable_topics_generation] by /default_controllers_spawner
[rosmaster.master][INFO] 2025-11-18 22:07:41,694: +CACHEDPARAM [/rosout_disable_topics_generation] by /default_controllers_spawner
[rosmaster.master][INFO] 2025-11-18 22:07:41,733: -SUB [/joint_states] /home_gripper http://127.0.0.1:39071/
[rosmaster.master][INFO] 2025-11-18 22:07:41,737: +CACHEDPARAM [/rosout_disable_topics_generation] by /home_gripper
[rosmaster.master][INFO] 2025-11-18 22:07:41,813: +PUB [/xtion/rgb/image_rect_color] /image_raw_to_rect_color_relay http://127.0.0.1:36733/
[rosmaster.master][INFO] 2025-11-18 22:07:41,814: +CACHEDPARAM [/rosout_disable_topics_generation] by /image_raw_to_rect_color_relay
[rosmaster.master][INFO] 2025-11-18 22:07:41,838: +SUB [/torso_controller/follow_joint_trajectory/status] /move_group http://127.0.0.1:34371/
[rosmaster.master][INFO] 2025-11-18 22:07:41,841: +SUB [/torso_controller/follow_joint_trajectory/feedback] /move_group http://127.0.0.1:34371/
[rosmaster.master][INFO] 2025-11-18 22:07:41,848: +SUB [/torso_controller/follow_joint_trajectory/result] /move_group http://127.0.0.1:34371/
[rosmaster.master][INFO] 2025-11-18 22:07:41,850: +PUB [/torso_controller/follow_joint_trajectory/goal] /move_group http://127.0.0.1:34371/
[rosmaster.master][INFO] 2025-11-18 22:07:41,851: +PUB [/torso_controller/follow_joint_trajectory/cancel] /move_group http://127.0.0.1:34371/
[rosmaster.master][INFO] 2025-11-18 22:07:41,853: publisherUpdate[/torso_controller/follow_joint_trajectory/goal] -> http://127.0.0.1:43375/ ['http://127.0.0.1:34371/']
[rosmaster.master][INFO] 2025-11-18 22:07:41,958: publisherUpdate[/torso_controller/follow_joint_trajectory/goal] -> http://127.0.0.1:43375/ ['http://127.0.0.1:34371/']: sec=0.10, result=[1, '', 0]
[rosmaster.master][INFO] 2025-11-18 22:07:41,958: publisherUpdate[/torso_controller/follow_joint_trajectory/cancel] -> http://127.0.0.1:43375/ ['http://127.0.0.1:34371/']
[rosmaster.master][INFO] 2025-11-18 22:07:41,959: publisherUpdate[/torso_controller/follow_joint_trajectory/cancel] -> http://127.0.0.1:43375/ ['http://127.0.0.1:34371/']: sec=0.00, result=[1, '', 0]
[rosmaster.master][INFO] 2025-11-18 22:07:42,167: +SUB [/head_controller/follow_joint_trajectory/status] /move_group http://127.0.0.1:34371/
[rosmaster.master][INFO] 2025-11-18 22:07:42,171: +SUB [/head_controller/follow_joint_trajectory/feedback] /move_group http://127.0.0.1:34371/
[rosmaster.master][INFO] 2025-11-18 22:07:42,175: +SUB [/head_controller/follow_joint_trajectory/result] /move_group http://127.0.0.1:34371/
[rosmaster.master][INFO] 2025-11-18 22:07:42,177: +PUB [/head_controller/follow_joint_trajectory/goal] /move_group http://127.0.0.1:34371/
[rosmaster.master][INFO] 2025-11-18 22:07:42,177: +PUB [/head_controller/follow_joint_trajectory/cancel] /move_group http://127.0.0.1:34371/
[rosmaster.master][INFO] 2025-11-18 22:07:42,204: publisherUpdate[/head_controller/follow_joint_trajectory/goal] -> http://127.0.0.1:43375/ ['http://127.0.0.1:34371/']
[rosmaster.master][INFO] 2025-11-18 22:07:42,256: publisherUpdate[/head_controller/follow_joint_trajectory/goal] -> http://127.0.0.1:43375/ ['http://127.0.0.1:34371/']: sec=0.05, result=[1, '', 0]
[rosmaster.master][INFO] 2025-11-18 22:07:42,257: publisherUpdate[/head_controller/follow_joint_trajectory/cancel] -> http://127.0.0.1:43375/ ['http://127.0.0.1:34371/']
[rosmaster.master][INFO] 2025-11-18 22:07:42,258: publisherUpdate[/head_controller/follow_joint_trajectory/cancel] -> http://127.0.0.1:43375/ ['http://127.0.0.1:34371/']: sec=0.00, result=[1, '', 0]
[rosmaster.master][INFO] 2025-11-18 22:07:42,483: +SUB [/gripper_controller/follow_joint_trajectory/status] /move_group http://127.0.0.1:34371/
[rosmaster.master][INFO] 2025-11-18 22:07:42,488: +SUB [/gripper_controller/follow_joint_trajectory/feedback] /move_group http://127.0.0.1:34371/
[rosmaster.master][INFO] 2025-11-18 22:07:42,492: +SUB [/gripper_controller/follow_joint_trajectory/result] /move_group http://127.0.0.1:34371/
[rosmaster.master][INFO] 2025-11-18 22:07:42,493: +PUB [/gripper_controller/follow_joint_trajectory/goal] /move_group http://127.0.0.1:34371/
[rosmaster.master][INFO] 2025-11-18 22:07:42,494: +PUB [/gripper_controller/follow_joint_trajectory/cancel] /move_group http://127.0.0.1:34371/
[rosmaster.master][INFO] 2025-11-18 22:07:42,563: publisherUpdate[/gripper_controller/follow_joint_trajectory/goal] -> http://127.0.0.1:43375/ ['http://127.0.0.1:39071/', 'http://127.0.0.1:34371/']
[rosmaster.master][INFO] 2025-11-18 22:07:42,571: publisherUpdate[/gripper_controller/follow_joint_trajectory/goal] -> http://127.0.0.1:43375/ ['http://127.0.0.1:39071/', 'http://127.0.0.1:34371/']: sec=0.01, result=[1, '', 0]
[rosmaster.master][INFO] 2025-11-18 22:07:42,571: publisherUpdate[/gripper_controller/follow_joint_trajectory/cancel] -> http://127.0.0.1:43375/ ['http://127.0.0.1:39071/', 'http://127.0.0.1:34371/']
[rosmaster.master][INFO] 2025-11-18 22:07:42,573: publisherUpdate[/gripper_controller/follow_joint_trajectory/cancel] -> http://127.0.0.1:43375/ ['http://127.0.0.1:39071/', 'http://127.0.0.1:34371/']: sec=0.00, result=[1, '', 0]
[rosmaster.master][INFO] 2025-11-18 22:07:42,835: +SUB [/trajectory_execution_event] /move_group http://127.0.0.1:34371/
[rosmaster.master][INFO] 2025-11-18 22:07:42,837: +SERVICE [/move_group/trajectory_execution/set_parameters] /move_group http://127.0.0.1:34371/
[rosmaster.master][INFO] 2025-11-18 22:07:42,838: +PUB [/move_group/trajectory_execution/parameter_descriptions] /move_group http://127.0.0.1:34371/
[rosmaster.master][INFO] 2025-11-18 22:07:42,839: +PUB [/move_group/trajectory_execution/parameter_updates] /move_group http://127.0.0.1:34371/
[rosmaster.master][INFO] 2025-11-18 22:07:42,848: +PARAM [/move_group/trajectory_execution/execution_duration_monitoring] by /move_group
[rosmaster.master][INFO] 2025-11-18 22:07:42,851: +PARAM [/move_group/trajectory_execution/allowed_execution_duration_scaling] by /move_group
[rosmaster.master][INFO] 2025-11-18 22:07:42,853: +PARAM [/move_group/trajectory_execution/allowed_goal_duration_margin] by /move_group
[rosmaster.master][INFO] 2025-11-18 22:07:42,854: +PARAM [/move_group/trajectory_execution/execution_velocity_scaling] by /move_group
[rosmaster.master][INFO] 2025-11-18 22:07:42,857: +PARAM [/move_group/trajectory_execution/allowed_start_tolerance] by /move_group
[rosmaster.master][INFO] 2025-11-18 22:07:42,859: +PARAM [/move_group/trajectory_execution/wait_for_trajectory_completion] by /move_group
[rosmaster.master][INFO] 2025-11-18 22:07:42,860: +PARAM [/move_group/trajectory_execution/execution_duration_monitoring] by /move_group
[rosmaster.master][INFO] 2025-11-18 22:07:42,862: +PARAM [/move_group/trajectory_execution/allowed_execution_duration_scaling] by /move_group
[rosmaster.master][INFO] 2025-11-18 22:07:42,863: +PARAM [/move_group/trajectory_execution/allowed_goal_duration_margin] by /move_group
[rosmaster.master][INFO] 2025-11-18 22:07:42,864: +PARAM [/move_group/trajectory_execution/execution_velocity_scaling] by /move_group
[rosmaster.master][INFO] 2025-11-18 22:07:42,864: +PARAM [/move_group/trajectory_execution/allowed_start_tolerance] by /move_group
[rosmaster.master][INFO] 2025-11-18 22:07:42,865: +PARAM [/move_group/trajectory_execution/wait_for_trajectory_completion] by /move_group
[rosmaster.master][INFO] 2025-11-18 22:07:42,874: +SERVICE [/move_group/plan_execution/set_parameters] /move_group http://127.0.0.1:34371/
[rosmaster.master][INFO] 2025-11-18 22:07:42,875: +PUB [/move_group/plan_execution/parameter_descriptions] /move_group http://127.0.0.1:34371/
[rosmaster.master][INFO] 2025-11-18 22:07:42,876: +PUB [/move_group/plan_execution/parameter_updates] /move_group http://127.0.0.1:34371/
[rosmaster.master][INFO] 2025-11-18 22:07:42,878: +PARAM [/move_group/plan_execution/max_replan_attempts] by /move_group
[rosmaster.master][INFO] 2025-11-18 22:07:42,879: +PARAM [/move_group/plan_execution/record_trajectory_state_frequency] by /move_group
[rosmaster.master][INFO] 2025-11-18 22:07:42,880: +PARAM [/move_group/plan_execution/max_replan_attempts] by /move_group
[rosmaster.master][INFO] 2025-11-18 22:07:42,881: +PARAM [/move_group/plan_execution/record_trajectory_state_frequency] by /move_group
[rosmaster.master][INFO] 2025-11-18 22:07:42,884: +SERVICE [/move_group/sense_for_plan/set_parameters] /move_group http://127.0.0.1:34371/
[rosmaster.master][INFO] 2025-11-18 22:07:42,886: +PUB [/move_group/sense_for_plan/parameter_descriptions] /move_group http://127.0.0.1:34371/
[rosmaster.master][INFO] 2025-11-18 22:07:42,887: +PUB [/move_group/sense_for_plan/parameter_updates] /move_group http://127.0.0.1:34371/
[rosmaster.master][INFO] 2025-11-18 22:07:42,889: +PARAM [/move_group/sense_for_plan/max_safe_path_cost] by /move_group
[rosmaster.master][INFO] 2025-11-18 22:07:42,890: +PARAM [/move_group/sense_for_plan/max_look_attempts] by /move_group
[rosmaster.master][INFO] 2025-11-18 22:07:42,891: +PARAM [/move_group/sense_for_plan/max_cost_sources] by /move_group
[rosmaster.master][INFO] 2025-11-18 22:07:42,891: +PARAM [/move_group/sense_for_plan/discard_overlapping_cost_sources] by /move_group
[rosmaster.master][INFO] 2025-11-18 22:07:42,893: +PARAM [/move_group/sense_for_plan/max_safe_path_cost] by /move_group
[rosmaster.master][INFO] 2025-11-18 22:07:42,893: +PARAM [/move_group/sense_for_plan/max_look_attempts] by /move_group
[rosmaster.master][INFO] 2025-11-18 22:07:42,895: +PARAM [/move_group/sense_for_plan/max_cost_sources] by /move_group
[rosmaster.master][INFO] 2025-11-18 22:07:42,896: +PARAM [/move_group/sense_for_plan/discard_overlapping_cost_sources] by /move_group
[rosmaster.master][INFO] 2025-11-18 22:07:42,929: +SERVICE [/apply_planning_scene] /move_group http://127.0.0.1:34371/
[rosmaster.master][INFO] 2025-11-18 22:07:42,946: +SERVICE [/load_move_group_capabilities] /move_group http://127.0.0.1:34371/
[rosmaster.master][INFO] 2025-11-18 22:07:42,948: +SERVICE [/clear_octomap] /move_group http://127.0.0.1:34371/
[rosmaster.master][INFO] 2025-11-18 22:07:42,950: +SERVICE [/compute_cartesian_path] /move_group http://127.0.0.1:34371/
[rosmaster.master][INFO] 2025-11-18 22:07:42,961: +PUB [/execute_trajectory/result] /move_group http://127.0.0.1:34371/
[rosmaster.master][INFO] 2025-11-18 22:07:42,962: +PUB [/execute_trajectory/feedback] /move_group http://127.0.0.1:34371/
[rosmaster.master][INFO] 2025-11-18 22:07:42,964: +PUB [/execute_trajectory/status] /move_group http://127.0.0.1:34371/
[rosmaster.master][INFO] 2025-11-18 22:07:42,971: +SUB [/execute_trajectory/goal] /move_group http://127.0.0.1:34371/
[rosmaster.master][INFO] 2025-11-18 22:07:42,974: +SUB [/execute_trajectory/cancel] /move_group http://127.0.0.1:34371/
[rosmaster.master][INFO] 2025-11-18 22:07:42,985: +SERVICE [/get_planning_scene] /move_group http://127.0.0.1:34371/
[rosmaster.master][INFO] 2025-11-18 22:07:42,990: +SERVICE [/compute_fk] /move_group http://127.0.0.1:34371/
[rosmaster.master][INFO] 2025-11-18 22:07:42,992: +SERVICE [/compute_ik] /move_group http://127.0.0.1:34371/
[rosmaster.master][INFO] 2025-11-18 22:07:43,005: +PUB [/move_group/result] /move_group http://127.0.0.1:34371/
[rosmaster.master][INFO] 2025-11-18 22:07:43,009: +PUB [/move_group/feedback] /move_group http://127.0.0.1:34371/
[rosmaster.master][INFO] 2025-11-18 22:07:43,010: +PUB [/move_group/status] /move_group http://127.0.0.1:34371/
[rosmaster.master][INFO] 2025-11-18 22:07:43,016: +SUB [/move_group/goal] /move_group http://127.0.0.1:34371/
[rosmaster.master][INFO] 2025-11-18 22:07:43,021: +SUB [/move_group/cancel] /move_group http://127.0.0.1:34371/
[rosmaster.master][INFO] 2025-11-18 22:07:43,046: +PUB [/pickup/result] /move_group http://127.0.0.1:34371/
[rosmaster.master][INFO] 2025-11-18 22:07:43,049: +PUB [/pickup/feedback] /move_group http://127.0.0.1:34371/
[rosmaster.master][INFO] 2025-11-18 22:07:43,050: +PUB [/pickup/status] /move_group http://127.0.0.1:34371/
[rosmaster.master][INFO] 2025-11-18 22:07:43,066: publisherUpdate[/move_group/result] -> http://127.0.0.1:33749/ ['http://127.0.0.1:34371/']
[rosmaster.master][INFO] 2025-11-18 22:07:43,076: +SUB [/pickup/goal] /move_group http://127.0.0.1:34371/
[rosmaster.master][INFO] 2025-11-18 22:07:43,081: +SUB [/pickup/cancel] /move_group http://127.0.0.1:34371/
[rosmaster.master][INFO] 2025-11-18 22:07:43,088: publisherUpdate[/move_group/result] -> http://127.0.0.1:33749/ ['http://127.0.0.1:34371/']: sec=0.02, result=[1, '', 0]
[rosmaster.master][INFO] 2025-11-18 22:07:43,088: publisherUpdate[/move_group/feedback] -> http://127.0.0.1:33749/ ['http://127.0.0.1:34371/']
[rosmaster.master][INFO] 2025-11-18 22:07:43,091: publisherUpdate[/move_group/feedback] -> http://127.0.0.1:33749/ ['http://127.0.0.1:34371/']: sec=0.00, result=[1, '', 0]
[rosmaster.master][INFO] 2025-11-18 22:07:43,092: +PUB [/place/result] /move_group http://127.0.0.1:34371/
[rosmaster.master][INFO] 2025-11-18 22:07:43,093: publisherUpdate[/move_group/status] -> http://127.0.0.1:33749/ ['http://127.0.0.1:34371/']
[rosmaster.master][INFO] 2025-11-18 22:07:43,095: +PUB [/place/feedback] /move_group http://127.0.0.1:34371/
[rosmaster.master][INFO] 2025-11-18 22:07:43,095: publisherUpdate[/move_group/status] -> http://127.0.0.1:33749/ ['http://127.0.0.1:34371/']: sec=0.00, result=[1, '', 0]
[rosmaster.master][INFO] 2025-11-18 22:07:43,096: +PUB [/place/status] /move_group http://127.0.0.1:34371/
[rosmaster.master][INFO] 2025-11-18 22:07:43,108: +SUB [/place/goal] /move_group http://127.0.0.1:34371/
[rosmaster.master][INFO] 2025-11-18 22:07:43,121: +SUB [/place/cancel] /move_group http://127.0.0.1:34371/
[rosmaster.master][INFO] 2025-11-18 22:07:43,127: +SERVICE [/plan_kinematic_path] /move_group http://127.0.0.1:34371/
[rosmaster.master][INFO] 2025-11-18 22:07:43,130: +SERVICE [/query_planner_interface] /move_group http://127.0.0.1:34371/
[rosmaster.master][INFO] 2025-11-18 22:07:43,131: +SERVICE [/get_planner_params] /move_group http://127.0.0.1:34371/
[rosmaster.master][INFO] 2025-11-18 22:07:43,133: +SERVICE [/set_planner_params] /move_group http://127.0.0.1:34371/
[rosmaster.master][INFO] 2025-11-18 22:07:43,135: +SERVICE [/check_state_validity] /move_group http://127.0.0.1:34371/
[rosmaster.master][INFO] 2025-11-18 22:07:43,336: +SUB [/pickup/status] /play_motion http://127.0.0.1:33749/
[rosmaster.master][INFO] 2025-11-18 22:07:43,341: +SUB [/pickup/feedback] /play_motion http://127.0.0.1:33749/
[rosmaster.master][INFO] 2025-11-18 22:07:43,350: +SUB [/pickup/result] /play_motion http://127.0.0.1:33749/
[rosmaster.master][INFO] 2025-11-18 22:07:43,358: +PUB [/pickup/goal] /play_motion http://127.0.0.1:33749/
[rosmaster.master][INFO] 2025-11-18 22:07:43,359: +PUB [/pickup/cancel] /play_motion http://127.0.0.1:33749/
[rosmaster.master][INFO] 2025-11-18 22:07:43,371: publisherUpdate[/pickup/goal] -> http://127.0.0.1:34371/ ['http://127.0.0.1:33749/']
[rosmaster.master][INFO] 2025-11-18 22:07:43,420: publisherUpdate[/pickup/goal] -> http://127.0.0.1:34371/ ['http://127.0.0.1:33749/']: sec=0.04, result=[1, '', 0]
[rosmaster.master][INFO] 2025-11-18 22:07:43,420: publisherUpdate[/pickup/cancel] -> http://127.0.0.1:34371/ ['http://127.0.0.1:33749/']
[rosmaster.master][INFO] 2025-11-18 22:07:43,465: publisherUpdate[/pickup/cancel] -> http://127.0.0.1:34371/ ['http://127.0.0.1:33749/']: sec=0.04, result=[1, '', 0]
[rosmaster.master][INFO] 2025-11-18 22:07:43,681: +SUB [/place/status] /play_motion http://127.0.0.1:33749/
[rosmaster.master][INFO] 2025-11-18 22:07:43,687: +SUB [/place/feedback] /play_motion http://127.0.0.1:33749/
[rosmaster.master][INFO] 2025-11-18 22:07:43,701: +SUB [/place/result] /play_motion http://127.0.0.1:33749/
[rosmaster.master][INFO] 2025-11-18 22:07:43,705: +PUB [/place/goal] /play_motion http://127.0.0.1:33749/
[rosmaster.master][INFO] 2025-11-18 22:07:43,708: +PUB [/place/cancel] /play_motion http://127.0.0.1:33749/
[rosmaster.master][INFO] 2025-11-18 22:07:43,773: publisherUpdate[/place/goal] -> http://127.0.0.1:34371/ ['http://127.0.0.1:33749/']
[rosmaster.master][INFO] 2025-11-18 22:07:43,796: publisherUpdate[/place/goal] -> http://127.0.0.1:34371/ ['http://127.0.0.1:33749/']: sec=0.02, result=[1, '', 0]
[rosmaster.master][INFO] 2025-11-18 22:07:43,796: publisherUpdate[/place/cancel] -> http://127.0.0.1:34371/ ['http://127.0.0.1:33749/']
[rosmaster.master][INFO] 2025-11-18 22:07:43,797: publisherUpdate[/place/cancel] -> http://127.0.0.1:34371/ ['http://127.0.0.1:33749/']: sec=0.00, result=[1, '', 0]
[rosmaster.master][INFO] 2025-11-18 22:07:44,022: +SUB [/execute_trajectory/status] /play_motion http://127.0.0.1:33749/
[rosmaster.master][INFO] 2025-11-18 22:07:44,034: +SUB [/execute_trajectory/feedback] /play_motion http://127.0.0.1:33749/
[rosmaster.master][INFO] 2025-11-18 22:07:44,048: +SUB [/execute_trajectory/result] /play_motion http://127.0.0.1:33749/
[rosmaster.master][INFO] 2025-11-18 22:07:44,049: +PUB [/execute_trajectory/goal] /play_motion http://127.0.0.1:33749/
[rosmaster.master][INFO] 2025-11-18 22:07:44,050: +PUB [/execute_trajectory/cancel] /play_motion http://127.0.0.1:33749/
[rosmaster.master][INFO] 2025-11-18 22:07:44,090: publisherUpdate[/execute_trajectory/goal] -> http://127.0.0.1:34371/ ['http://127.0.0.1:33749/']
[rosmaster.master][INFO] 2025-11-18 22:07:44,170: publisherUpdate[/execute_trajectory/goal] -> http://127.0.0.1:34371/ ['http://127.0.0.1:33749/']: sec=0.08, result=[1, '', 0]
[rosmaster.master][INFO] 2025-11-18 22:07:44,170: publisherUpdate[/execute_trajectory/cancel] -> http://127.0.0.1:34371/ ['http://127.0.0.1:33749/']
[rosmaster.master][INFO] 2025-11-18 22:07:44,185: publisherUpdate[/execute_trajectory/cancel] -> http://127.0.0.1:34371/ ['http://127.0.0.1:33749/']: sec=0.01, result=[1, '', 0]
[rosmaster.master][INFO] 2025-11-18 22:07:44,955: +PUB [/play_motion/result] /play_motion http://127.0.0.1:33749/
[rosmaster.master][INFO] 2025-11-18 22:07:44,956: +PUB [/play_motion/feedback] /play_motion http://127.0.0.1:33749/
[rosmaster.master][INFO] 2025-11-18 22:07:44,959: +PUB [/play_motion/status] /play_motion http://127.0.0.1:33749/
[rosmaster.master][INFO] 2025-11-18 22:07:44,981: +SUB [/play_motion/goal] /play_motion http://127.0.0.1:33749/
[rosmaster.master][INFO] 2025-11-18 22:07:44,991: publisherUpdate[/play_motion/result] -> http://127.0.0.1:40805/ ['http://127.0.0.1:33749/']
[rosmaster.master][INFO] 2025-11-18 22:07:45,004: publisherUpdate[/play_motion/result] -> http://127.0.0.1:40805/ ['http://127.0.0.1:33749/']: sec=0.01, result=[1, '', 0]
[rosmaster.master][INFO] 2025-11-18 22:07:45,013: publisherUpdate[/play_motion/feedback] -> http://127.0.0.1:40805/ ['http://127.0.0.1:33749/']
[rosmaster.master][INFO] 2025-11-18 22:07:45,017: +SUB [/play_motion/cancel] /play_motion http://127.0.0.1:33749/
[rosmaster.master][INFO] 2025-11-18 22:07:45,025: publisherUpdate[/play_motion/feedback] -> http://127.0.0.1:40805/ ['http://127.0.0.1:33749/']: sec=0.01, result=[1, '', 0]
[rosmaster.master][INFO] 2025-11-18 22:07:45,026: publisherUpdate[/play_motion/status] -> http://127.0.0.1:40805/ ['http://127.0.0.1:33749/']
[rosmaster.master][INFO] 2025-11-18 22:07:45,026: +SERVICE [/play_motion/list_motions] /play_motion http://127.0.0.1:33749/
[rosmaster.master][INFO] 2025-11-18 22:07:45,030: publisherUpdate[/play_motion/status] -> http://127.0.0.1:40805/ ['http://127.0.0.1:33749/']: sec=0.00, result=[1, '', 0]
[rosmaster.master][INFO] 2025-11-18 22:07:45,039: +PUB [/diagnostics] /play_motion http://127.0.0.1:33749/
[rosmaster.master][INFO] 2025-11-18 22:07:45,050: +SUB [/arm_controller/follow_joint_trajectory/status] /play_motion http://127.0.0.1:33749/
[rosmaster.master][INFO] 2025-11-18 22:07:45,072: +SUB [/arm_controller/follow_joint_trajectory/feedback] /play_motion http://127.0.0.1:33749/
[rosmaster.master][INFO] 2025-11-18 22:07:45,091: +SUB [/arm_controller/follow_joint_trajectory/result] /play_motion http://127.0.0.1:33749/
[rosmaster.master][INFO] 2025-11-18 22:07:45,093: +PUB [/arm_controller/follow_joint_trajectory/goal] /play_motion http://127.0.0.1:33749/
[rosmaster.master][INFO] 2025-11-18 22:07:45,096: +PUB [/arm_controller/follow_joint_trajectory/cancel] /play_motion http://127.0.0.1:33749/
[rosmaster.master][INFO] 2025-11-18 22:07:45,113: publisherUpdate[/arm_controller/follow_joint_trajectory/goal] -> http://127.0.0.1:43375/ ['http://127.0.0.1:34371/', 'http://127.0.0.1:33749/']
[rosmaster.master][INFO] 2025-11-18 22:07:45,129: +SUB [/gripper_controller/follow_joint_trajectory/status] /play_motion http://127.0.0.1:33749/
[rosmaster.master][INFO] 2025-11-18 22:07:45,145: +SUB [/gripper_controller/follow_joint_trajectory/feedback] /play_motion http://127.0.0.1:33749/
[rosmaster.master][INFO] 2025-11-18 22:07:45,160: +SUB [/gripper_controller/follow_joint_trajectory/result] /play_motion http://127.0.0.1:33749/
[rosmaster.master][INFO] 2025-11-18 22:07:45,161: +PUB [/gripper_controller/follow_joint_trajectory/goal] /play_motion http://127.0.0.1:33749/
[rosmaster.master][INFO] 2025-11-18 22:07:45,163: +PUB [/gripper_controller/follow_joint_trajectory/cancel] /play_motion http://127.0.0.1:33749/
[rosmaster.master][INFO] 2025-11-18 22:07:45,196: +SUB [/head_controller/follow_joint_trajectory/status] /play_motion http://127.0.0.1:33749/
[rosmaster.master][INFO] 2025-11-18 22:07:45,198: publisherUpdate[/arm_controller/follow_joint_trajectory/goal] -> http://127.0.0.1:43375/ ['http://127.0.0.1:34371/', 'http://127.0.0.1:33749/']: sec=0.08, result=[1, '', 0]
[rosmaster.master][INFO] 2025-11-18 22:07:45,204: publisherUpdate[/arm_controller/follow_joint_trajectory/cancel] -> http://127.0.0.1:43375/ ['http://127.0.0.1:34371/', 'http://127.0.0.1:33749/']
[rosmaster.master][INFO] 2025-11-18 22:07:45,226: +SUB [/head_controller/follow_joint_trajectory/feedback] /play_motion http://127.0.0.1:33749/
[rosmaster.master][INFO] 2025-11-18 22:07:45,250: +SUB [/head_controller/follow_joint_trajectory/result] /play_motion http://127.0.0.1:33749/
[rosmaster.master][INFO] 2025-11-18 22:07:45,253: +PUB [/head_controller/follow_joint_trajectory/goal] /play_motion http://127.0.0.1:33749/
[rosmaster.master][INFO] 2025-11-18 22:07:45,258: +PUB [/head_controller/follow_joint_trajectory/cancel] /play_motion http://127.0.0.1:33749/
[rosmaster.master][INFO] 2025-11-18 22:07:45,283: +SUB [/torso_controller/follow_joint_trajectory/status] /play_motion http://127.0.0.1:33749/
[rosmaster.master][INFO] 2025-11-18 22:07:45,296: +CACHEDPARAM [/rosout_disable_topics_generation] by /tuck_arm
[rosmaster.master][INFO] 2025-11-18 22:07:45,304: publisherUpdate[/arm_controller/follow_joint_trajectory/cancel] -> http://127.0.0.1:43375/ ['http://127.0.0.1:34371/', 'http://127.0.0.1:33749/']: sec=0.10, result=[1, '', 0]
[rosmaster.master][INFO] 2025-11-18 22:07:45,306: publisherUpdate[/gripper_controller/follow_joint_trajectory/goal] -> http://127.0.0.1:43375/ ['http://127.0.0.1:39071/', 'http://127.0.0.1:34371/', 'http://127.0.0.1:33749/']
[rosmaster.master][INFO] 2025-11-18 22:07:45,307: +SUB [/joint_states] /tuck_arm http://127.0.0.1:40805/
[rosmaster.master][INFO] 2025-11-18 22:07:45,322: +SUB [/torso_controller/follow_joint_trajectory/feedback] /play_motion http://127.0.0.1:33749/
[rosmaster.master][INFO] 2025-11-18 22:07:45,347: +SUB [/torso_controller/follow_joint_trajectory/result] /play_motion http://127.0.0.1:33749/
[rosmaster.master][INFO] 2025-11-18 22:07:45,349: +PUB [/torso_controller/follow_joint_trajectory/goal] /play_motion http://127.0.0.1:33749/
[rosmaster.master][INFO] 2025-11-18 22:07:45,349: +PUB [/torso_controller/follow_joint_trajectory/cancel] /play_motion http://127.0.0.1:33749/
[rosmaster.master][INFO] 2025-11-18 22:07:45,380: publisherUpdate[/gripper_controller/follow_joint_trajectory/goal] -> http://127.0.0.1:43375/ ['http://127.0.0.1:39071/', 'http://127.0.0.1:34371/', 'http://127.0.0.1:33749/']: sec=0.06, result=[1, '', 0]
[rosmaster.master][INFO] 2025-11-18 22:07:45,380: publisherUpdate[/gripper_controller/follow_joint_trajectory/cancel] -> http://127.0.0.1:43375/ ['http://127.0.0.1:39071/', 'http://127.0.0.1:34371/', 'http://127.0.0.1:33749/']
[rosmaster.master][INFO] 2025-11-18 22:07:45,488: publisherUpdate[/gripper_controller/follow_joint_trajectory/cancel] -> http://127.0.0.1:43375/ ['http://127.0.0.1:39071/', 'http://127.0.0.1:34371/', 'http://127.0.0.1:33749/']: sec=0.11, result=[1, '', 0]
[rosmaster.master][INFO] 2025-11-18 22:07:45,488: publisherUpdate[/head_controller/follow_joint_trajectory/goal] -> http://127.0.0.1:43375/ ['http://127.0.0.1:34371/', 'http://127.0.0.1:33749/']
[rosmaster.master][INFO] 2025-11-18 22:07:45,590: publisherUpdate[/head_controller/follow_joint_trajectory/goal] -> http://127.0.0.1:43375/ ['http://127.0.0.1:34371/', 'http://127.0.0.1:33749/']: sec=0.10, result=[1, '', 0]
[rosmaster.master][INFO] 2025-11-18 22:07:45,591: publisherUpdate[/head_controller/follow_joint_trajectory/cancel] -> http://127.0.0.1:43375/ ['http://127.0.0.1:34371/', 'http://127.0.0.1:33749/']
[rosmaster.master][INFO] 2025-11-18 22:07:45,685: publisherUpdate[/head_controller/follow_joint_trajectory/cancel] -> http://127.0.0.1:43375/ ['http://127.0.0.1:34371/', 'http://127.0.0.1:33749/']: sec=0.09, result=[1, '', 0]
[rosmaster.master][INFO] 2025-11-18 22:07:45,685: publisherUpdate[/torso_controller/follow_joint_trajectory/goal] -> http://127.0.0.1:43375/ ['http://127.0.0.1:34371/', 'http://127.0.0.1:33749/']
[rosmaster.master][INFO] 2025-11-18 22:07:45,687: publisherUpdate[/torso_controller/follow_joint_trajectory/goal] -> http://127.0.0.1:43375/ ['http://127.0.0.1:34371/', 'http://127.0.0.1:33749/']: sec=0.00, result=[1, '', 0]
[rosmaster.master][INFO] 2025-11-18 22:07:45,688: publisherUpdate[/torso_controller/follow_joint_trajectory/cancel] -> http://127.0.0.1:43375/ ['http://127.0.0.1:34371/', 'http://127.0.0.1:33749/']
[rosmaster.master][INFO] 2025-11-18 22:07:45,697: publisherUpdate[/torso_controller/follow_joint_trajectory/cancel] -> http://127.0.0.1:43375/ ['http://127.0.0.1:34371/', 'http://127.0.0.1:33749/']: sec=0.01, result=[1, '', 0]
[rosmaster.master][INFO] 2025-11-18 22:07:45,712: -SUB [/joint_states] /tuck_arm http://127.0.0.1:40805/
[rosmaster.master][INFO] 2025-11-18 22:07:46,090: +CACHEDPARAM [/rosout_disable_topics_generation] by /home_gripper
[rosmaster.master][INFO] 2025-11-18 22:07:46,102: -SUB [/clock] /home_gripper http://127.0.0.1:39071/
[rosmaster.master][INFO] 2025-11-18 22:07:46,103: -SUB [/gripper_controller/follow_joint_trajectory/status] /home_gripper http://127.0.0.1:39071/
[rosmaster.master][INFO] 2025-11-18 22:07:46,103: -SUB [/gripper_controller/follow_joint_trajectory/result] /home_gripper http://127.0.0.1:39071/
[rosmaster.master][INFO] 2025-11-18 22:07:46,103: -SUB [/gripper_controller/follow_joint_trajectory/feedback] /home_gripper http://127.0.0.1:39071/
[rosmaster.master][INFO] 2025-11-18 22:07:46,103: -PUB [/rosout] /home_gripper http://127.0.0.1:39071/
[rosmaster.master][INFO] 2025-11-18 22:07:46,103: -PUB [/gripper_controller/follow_joint_trajectory/goal] /home_gripper http://127.0.0.1:39071/
[rosmaster.master][INFO] 2025-11-18 22:07:46,104: -PUB [/gripper_controller/follow_joint_trajectory/cancel] /home_gripper http://127.0.0.1:39071/
[rosmaster.master][INFO] 2025-11-18 22:07:46,104: -SERVICE [/home_gripper/get_loggers] /home_gripper rosrpc://127.0.0.1:45589
[rosmaster.master][INFO] 2025-11-18 22:07:46,104: -SERVICE [/home_gripper/set_logger_level] /home_gripper rosrpc://127.0.0.1:45589
[rosmaster.master][INFO] 2025-11-18 22:07:46,106: publisherUpdate[/rosout] -> http://127.0.0.1:33309/ ['http://127.0.0.1:39457/', 'http://127.0.0.1:34069/', 'http://127.0.0.1:33749/', 'http://127.0.0.1:46537/', 'http://127.0.0.1:32949/', 'http://127.0.0.1:45191/', 'http://127.0.0.1:34371/', 'http://127.0.0.1:36733/', 'http://127.0.0.1:46789/', 'http://127.0.0.1:44653/', 'http://127.0.0.1:38227/', 'http://127.0.0.1:36797/', 'http://127.0.0.1:35081/', 'http://127.0.0.1:40805/', 'http://127.0.0.1:43375/', 'http://127.0.0.1:42463/', 'http://127.0.0.1:44233/', 'http://127.0.0.1:42117/', 'http://127.0.0.1:34721/']
[rosmaster.master][INFO] 2025-11-18 22:07:46,110: publisherUpdate[/gripper_controller/follow_joint_trajectory/goal] -> http://127.0.0.1:43375/ ['http://127.0.0.1:34371/', 'http://127.0.0.1:33749/']
[rosmaster.master][INFO] 2025-11-18 22:07:46,113: publisherUpdate[/rosout] -> http://127.0.0.1:33309/ ['http://127.0.0.1:39457/', 'http://127.0.0.1:34069/', 'http://127.0.0.1:33749/', 'http://127.0.0.1:46537/', 'http://127.0.0.1:32949/', 'http://127.0.0.1:45191/', 'http://127.0.0.1:34371/', 'http://127.0.0.1:36733/', 'http://127.0.0.1:46789/', 'http://127.0.0.1:44653/', 'http://127.0.0.1:38227/', 'http://127.0.0.1:36797/', 'http://127.0.0.1:35081/', 'http://127.0.0.1:40805/', 'http://127.0.0.1:43375/', 'http://127.0.0.1:42463/', 'http://127.0.0.1:44233/', 'http://127.0.0.1:42117/', 'http://127.0.0.1:34721/']: sec=0.01, result=[1, '', 0]
[rosmaster.master][INFO] 2025-11-18 22:07:46,116: publisherUpdate[/gripper_controller/follow_joint_trajectory/goal] -> http://127.0.0.1:43375/ ['http://127.0.0.1:34371/', 'http://127.0.0.1:33749/']: sec=0.01, result=[1, '', 0]
[rosmaster.master][INFO] 2025-11-18 22:07:46,121: publisherUpdate[/gripper_controller/follow_joint_trajectory/cancel] -> http://127.0.0.1:43375/ ['http://127.0.0.1:34371/', 'http://127.0.0.1:33749/']
[rosmaster.master][INFO] 2025-11-18 22:07:46,125: publisherUpdate[/gripper_controller/follow_joint_trajectory/cancel] -> http://127.0.0.1:43375/ ['http://127.0.0.1:34371/', 'http://127.0.0.1:33749/']: sec=0.00, result=[1, '', 0]
[rosmaster.master][INFO] 2025-11-18 22:07:51,974: +CACHEDPARAM [/rosout_disable_topics_generation] by /tuck_arm
[rosmaster.master][INFO] 2025-11-18 22:07:51,980: +CACHEDPARAM [/play_motion/motions/home] by /play_motion
[rosmaster.master][INFO] 2025-11-18 22:08:03,456: +CACHEDPARAM [/rosout_disable_topics_generation] by /tuck_arm
[rosmaster.master][INFO] 2025-11-18 22:08:03,459: -SUB [/clock] /tuck_arm http://127.0.0.1:40805/
[rosmaster.master][INFO] 2025-11-18 22:08:03,459: -SUB [/play_motion/status] /tuck_arm http://127.0.0.1:40805/
[rosmaster.master][INFO] 2025-11-18 22:08:03,459: -SUB [/play_motion/result] /tuck_arm http://127.0.0.1:40805/
[rosmaster.master][INFO] 2025-11-18 22:08:03,459: -SUB [/play_motion/feedback] /tuck_arm http://127.0.0.1:40805/
[rosmaster.master][INFO] 2025-11-18 22:08:03,459: -PUB [/rosout] /tuck_arm http://127.0.0.1:40805/
[rosmaster.master][INFO] 2025-11-18 22:08:03,459: -PUB [/play_motion/goal] /tuck_arm http://127.0.0.1:40805/
[rosmaster.master][INFO] 2025-11-18 22:08:03,460: -PUB [/play_motion/cancel] /tuck_arm http://127.0.0.1:40805/
[rosmaster.master][INFO] 2025-11-18 22:08:03,460: -SERVICE [/tuck_arm/get_loggers] /tuck_arm rosrpc://127.0.0.1:36785
[rosmaster.master][INFO] 2025-11-18 22:08:03,460: -SERVICE [/tuck_arm/set_logger_level] /tuck_arm rosrpc://127.0.0.1:36785
[rosmaster.master][INFO] 2025-11-18 22:08:03,480: publisherUpdate[/rosout] -> http://127.0.0.1:33309/ ['http://127.0.0.1:39457/', 'http://127.0.0.1:34069/', 'http://127.0.0.1:33749/', 'http://127.0.0.1:46537/', 'http://127.0.0.1:32949/', 'http://127.0.0.1:45191/', 'http://127.0.0.1:34371/', 'http://127.0.0.1:36733/', 'http://127.0.0.1:46789/', 'http://127.0.0.1:44653/', 'http://127.0.0.1:38227/', 'http://127.0.0.1:36797/', 'http://127.0.0.1:35081/', 'http://127.0.0.1:43375/', 'http://127.0.0.1:42463/', 'http://127.0.0.1:44233/', 'http://127.0.0.1:42117/', 'http://127.0.0.1:34721/']
[rosmaster.master][INFO] 2025-11-18 22:08:03,482: publisherUpdate[/rosout] -> http://127.0.0.1:33309/ ['http://127.0.0.1:39457/', 'http://127.0.0.1:34069/', 'http://127.0.0.1:33749/', 'http://127.0.0.1:46537/', 'http://127.0.0.1:32949/', 'http://127.0.0.1:45191/', 'http://127.0.0.1:34371/', 'http://127.0.0.1:36733/', 'http://127.0.0.1:46789/', 'http://127.0.0.1:44653/', 'http://127.0.0.1:38227/', 'http://127.0.0.1:36797/', 'http://127.0.0.1:35081/', 'http://127.0.0.1:43375/', 'http://127.0.0.1:42463/', 'http://127.0.0.1:44233/', 'http://127.0.0.1:42117/', 'http://127.0.0.1:34721/']: sec=0.00, result=[1, '', 0]
[rosmaster.master][INFO] 2025-11-18 22:08:03,482: publisherUpdate[/play_motion/goal] -> http://127.0.0.1:33749/ []
[rosmaster.master][INFO] 2025-11-18 22:08:03,516: publisherUpdate[/play_motion/goal] -> http://127.0.0.1:33749/ []: sec=0.03, result=[1, '', 0]
[rosmaster.master][INFO] 2025-11-18 22:08:03,517: publisherUpdate[/play_motion/cancel] -> http://127.0.0.1:33749/ []
[rosmaster.master][INFO] 2025-11-18 22:08:03,518: publisherUpdate[/play_motion/cancel] -> http://127.0.0.1:33749/ []: sec=0.00, result=[1, '', 0]
[rosmaster.master][INFO] 2025-11-18 22:08:24,980: +PUB [/rosout] /move_group_commander_wrappers_1763500104970873857 http://127.0.0.1:36547/
[rosmaster.master][INFO] 2025-11-18 22:08:24,981: +SERVICE [/move_group_commander_wrappers_1763500104970873857/get_loggers] /move_group_commander_wrappers_1763500104970873857 http://127.0.0.1:36547/
[rosmaster.master][INFO] 2025-11-18 22:08:24,981: +SERVICE [/move_group_commander_wrappers_1763500104970873857/set_logger_level] /move_group_commander_wrappers_1763500104970873857 http://127.0.0.1:36547/
[rosmaster.master][INFO] 2025-11-18 22:08:24,991: +SUB [/clock] /move_group_commander_wrappers_1763500104970873857 http://127.0.0.1:36547/
[rosmaster.master][INFO] 2025-11-18 22:08:25,038: publisherUpdate[/rosout] -> http://127.0.0.1:33309/ ['http://127.0.0.1:39457/', 'http://127.0.0.1:34069/', 'http://127.0.0.1:33749/', 'http://127.0.0.1:46537/', 'http://127.0.0.1:32949/', 'http://127.0.0.1:45191/', 'http://127.0.0.1:34371/', 'http://127.0.0.1:36733/', 'http://127.0.0.1:46789/', 'http://127.0.0.1:44653/', 'http://127.0.0.1:38227/', 'http://127.0.0.1:36797/', 'http://127.0.0.1:35081/', 'http://127.0.0.1:43375/', 'http://127.0.0.1:42463/', 'http://127.0.0.1:44233/', 'http://127.0.0.1:42117/', 'http://127.0.0.1:34721/', 'http://127.0.0.1:36547/']
[rosmaster.master][INFO] 2025-11-18 22:08:25,039: publisherUpdate[/rosout] -> http://127.0.0.1:33309/ ['http://127.0.0.1:39457/', 'http://127.0.0.1:34069/', 'http://127.0.0.1:33749/', 'http://127.0.0.1:46537/', 'http://127.0.0.1:32949/', 'http://127.0.0.1:45191/', 'http://127.0.0.1:34371/', 'http://127.0.0.1:36733/', 'http://127.0.0.1:46789/', 'http://127.0.0.1:44653/', 'http://127.0.0.1:38227/', 'http://127.0.0.1:36797/', 'http://127.0.0.1:35081/', 'http://127.0.0.1:43375/', 'http://127.0.0.1:42463/', 'http://127.0.0.1:44233/', 'http://127.0.0.1:42117/', 'http://127.0.0.1:34721/', 'http://127.0.0.1:36547/']: sec=0.00, result=[1, '', 0]
[rosmaster.master][INFO] 2025-11-18 22:08:25,237: +PUB [/rosout] /deplacement_tiago_arm_1023_1763500104993 http://127.0.0.1:37461/
[rosmaster.master][INFO] 2025-11-18 22:08:25,239: publisherUpdate[/rosout] -> http://127.0.0.1:33309/ ['http://127.0.0.1:39457/', 'http://127.0.0.1:34069/', 'http://127.0.0.1:33749/', 'http://127.0.0.1:46537/', 'http://127.0.0.1:32949/', 'http://127.0.0.1:45191/', 'http://127.0.0.1:34371/', 'http://127.0.0.1:36733/', 'http://127.0.0.1:46789/', 'http://127.0.0.1:44653/', 'http://127.0.0.1:38227/', 'http://127.0.0.1:36797/', 'http://127.0.0.1:35081/', 'http://127.0.0.1:43375/', 'http://127.0.0.1:42463/', 'http://127.0.0.1:44233/', 'http://127.0.0.1:42117/', 'http://127.0.0.1:34721/', 'http://127.0.0.1:36547/', 'http://127.0.0.1:37461/']
[rosmaster.master][INFO] 2025-11-18 22:08:25,240: publisherUpdate[/rosout] -> http://127.0.0.1:33309/ ['http://127.0.0.1:39457/', 'http://127.0.0.1:34069/', 'http://127.0.0.1:33749/', 'http://127.0.0.1:46537/', 'http://127.0.0.1:32949/', 'http://127.0.0.1:45191/', 'http://127.0.0.1:34371/', 'http://127.0.0.1:36733/', 'http://127.0.0.1:46789/', 'http://127.0.0.1:44653/', 'http://127.0.0.1:38227/', 'http://127.0.0.1:36797/', 'http://127.0.0.1:35081/', 'http://127.0.0.1:43375/', 'http://127.0.0.1:42463/', 'http://127.0.0.1:44233/', 'http://127.0.0.1:42117/', 'http://127.0.0.1:34721/', 'http://127.0.0.1:36547/', 'http://127.0.0.1:37461/']: sec=0.00, result=[1, '', 0]
[rosmaster.master][INFO] 2025-11-18 22:08:25,244: +SUB [/clock] /deplacement_tiago_arm_1023_1763500104993 http://127.0.0.1:37461/
[rosmaster.master][INFO] 2025-11-18 22:08:25,247: +SERVICE [/deplacement_tiago_arm_1023_1763500104993/get_loggers] /deplacement_tiago_arm_1023_1763500104993 http://127.0.0.1:37461/
[rosmaster.master][INFO] 2025-11-18 22:08:25,248: +SERVICE [/deplacement_tiago_arm_1023_1763500104993/set_logger_level] /deplacement_tiago_arm_1023_1763500104993 http://127.0.0.1:37461/
[rosmaster.master][INFO] 2025-11-18 22:08:25,268: +CACHEDPARAM [/rosout_disable_topics_generation] by /move_group_commander_wrappers_1763500104970873857
[rosmaster.master][INFO] 2025-11-18 22:08:25,587: +SUB [/tf] /move_group_commander_wrappers_1763500104970873857 http://127.0.0.1:36547/
[rosmaster.master][INFO] 2025-11-18 22:08:25,592: +SUB [/tf_static] /move_group_commander_wrappers_1763500104970873857 http://127.0.0.1:36547/
[rosmaster.master][INFO] 2025-11-18 22:08:25,594: +PUB [/planning_scene] /move_group_commander_wrappers_1763500104970873857 http://127.0.0.1:36547/
[rosmaster.master][INFO] 2025-11-18 22:08:25,608: +PUB [/collision_object] /deplacement_tiago_arm_1023_1763500104993 http://127.0.0.1:37461/
[rosmaster.master][INFO] 2025-11-18 22:08:25,612: +PUB [/attached_collision_object] /deplacement_tiago_arm_1023_1763500104993 http://127.0.0.1:37461/
[rosmaster.master][INFO] 2025-11-18 22:08:25,616: +PUB [/trajectory_execution_event] /move_group_commander_wrappers_1763500104970873857 http://127.0.0.1:36547/
[rosmaster.master][INFO] 2025-11-18 22:08:25,618: +PUB [/attached_collision_object] /move_group_commander_wrappers_1763500104970873857 http://127.0.0.1:36547/
[rosmaster.master][INFO] 2025-11-18 22:08:25,625: +SUB [/move_group/status] /move_group_commander_wrappers_1763500104970873857 http://127.0.0.1:36547/
[rosmaster.master][INFO] 2025-11-18 22:08:25,636: +SUB [/move_group/feedback] /move_group_commander_wrappers_1763500104970873857 http://127.0.0.1:36547/
[rosmaster.master][INFO] 2025-11-18 22:08:25,644: +SUB [/move_group/result] /move_group_commander_wrappers_1763500104970873857 http://127.0.0.1:36547/
[rosmaster.master][INFO] 2025-11-18 22:08:25,645: +PUB [/move_group/goal] /move_group_commander_wrappers_1763500104970873857 http://127.0.0.1:36547/
[rosmaster.master][INFO] 2025-11-18 22:08:25,646: publisherUpdate[/planning_scene] -> http://127.0.0.1:34371/ ['http://127.0.0.1:36547/']
[rosmaster.master][INFO] 2025-11-18 22:08:25,654: +PUB [/move_group/cancel] /move_group_commander_wrappers_1763500104970873857 http://127.0.0.1:36547/
[rosmaster.master][INFO] 2025-11-18 22:08:25,719: publisherUpdate[/planning_scene] -> http://127.0.0.1:34371/ ['http://127.0.0.1:36547/']: sec=0.06, result=[1, '', 0]
[rosmaster.master][INFO] 2025-11-18 22:08:25,720: publisherUpdate[/collision_object] -> http://127.0.0.1:34371/ ['http://127.0.0.1:37461/']
[rosmaster.master][INFO] 2025-11-18 22:08:25,721: publisherUpdate[/collision_object] -> http://127.0.0.1:34371/ ['http://127.0.0.1:37461/']: sec=0.00, result=[1, '', 0]
[rosmaster.master][INFO] 2025-11-18 22:08:25,722: publisherUpdate[/attached_collision_object] -> http://127.0.0.1:34371/ ['http://127.0.0.1:33749/', 'http://127.0.0.1:37461/']
[rosmaster.master][INFO] 2025-11-18 22:08:25,724: publisherUpdate[/attached_collision_object] -> http://127.0.0.1:34371/ ['http://127.0.0.1:33749/', 'http://127.0.0.1:37461/']: sec=0.00, result=[1, '', 0]
[rosmaster.master][INFO] 2025-11-18 22:08:25,724: publisherUpdate[/trajectory_execution_event] -> http://127.0.0.1:34371/ ['http://127.0.0.1:33749/', 'http://127.0.0.1:36547/']
[rosmaster.master][INFO] 2025-11-18 22:08:25,726: publisherUpdate[/trajectory_execution_event] -> http://127.0.0.1:34371/ ['http://127.0.0.1:33749/', 'http://127.0.0.1:36547/']: sec=0.00, result=[1, '', 0]
[rosmaster.master][INFO] 2025-11-18 22:08:25,726: publisherUpdate[/attached_collision_object] -> http://127.0.0.1:34371/ ['http://127.0.0.1:33749/', 'http://127.0.0.1:37461/', 'http://127.0.0.1:36547/']
[rosmaster.master][INFO] 2025-11-18 22:08:25,727: publisherUpdate[/attached_collision_object] -> http://127.0.0.1:34371/ ['http://127.0.0.1:33749/', 'http://127.0.0.1:37461/', 'http://127.0.0.1:36547/']: sec=0.00, result=[1, '', 0]
[rosmaster.master][INFO] 2025-11-18 22:08:25,727: publisherUpdate[/move_group/goal] -> http://127.0.0.1:34371/ ['http://127.0.0.1:33749/', 'http://127.0.0.1:36547/']
[rosmaster.master][INFO] 2025-11-18 22:08:25,728: publisherUpdate[/move_group/goal] -> http://127.0.0.1:34371/ ['http://127.0.0.1:33749/', 'http://127.0.0.1:36547/']: sec=0.00, result=[1, '', 0]
[rosmaster.master][INFO] 2025-11-18 22:08:25,729: publisherUpdate[/move_group/cancel] -> http://127.0.0.1:34371/ ['http://127.0.0.1:33749/', 'http://127.0.0.1:36547/']
[rosmaster.master][INFO] 2025-11-18 22:08:25,730: publisherUpdate[/move_group/cancel] -> http://127.0.0.1:34371/ ['http://127.0.0.1:33749/', 'http://127.0.0.1:36547/']: sec=0.00, result=[1, '', 0]
[rosmaster.master][INFO] 2025-11-18 22:08:25,980: +SUB [/pickup/status] /move_group_commander_wrappers_1763500104970873857 http://127.0.0.1:36547/
[rosmaster.master][INFO] 2025-11-18 22:08:25,984: +SUB [/pickup/feedback] /move_group_commander_wrappers_1763500104970873857 http://127.0.0.1:36547/
[rosmaster.master][INFO] 2025-11-18 22:08:25,987: +SUB [/pickup/result] /move_group_commander_wrappers_1763500104970873857 http://127.0.0.1:36547/
[rosmaster.master][INFO] 2025-11-18 22:08:25,988: +PUB [/pickup/goal] /move_group_commander_wrappers_1763500104970873857 http://127.0.0.1:36547/
[rosmaster.master][INFO] 2025-11-18 22:08:25,989: +PUB [/pickup/cancel] /move_group_commander_wrappers_1763500104970873857 http://127.0.0.1:36547/
[rosmaster.master][INFO] 2025-11-18 22:08:26,030: publisherUpdate[/pickup/goal] -> http://127.0.0.1:34371/ ['http://127.0.0.1:33749/', 'http://127.0.0.1:36547/']
[rosmaster.master][INFO] 2025-11-18 22:08:26,066: publisherUpdate[/pickup/goal] -> http://127.0.0.1:34371/ ['http://127.0.0.1:33749/', 'http://127.0.0.1:36547/']: sec=0.04, result=[1, '', 0]
[rosmaster.master][INFO] 2025-11-18 22:08:26,067: publisherUpdate[/pickup/cancel] -> http://127.0.0.1:34371/ ['http://127.0.0.1:33749/', 'http://127.0.0.1:36547/']
[rosmaster.master][INFO] 2025-11-18 22:08:26,068: publisherUpdate[/pickup/cancel] -> http://127.0.0.1:34371/ ['http://127.0.0.1:33749/', 'http://127.0.0.1:36547/']: sec=0.00, result=[1, '', 0]
[rosmaster.master][INFO] 2025-11-18 22:08:26,225: +SUB [/place/status] /move_group_commander_wrappers_1763500104970873857 http://127.0.0.1:36547/
[rosmaster.master][INFO] 2025-11-18 22:08:26,228: +SUB [/place/feedback] /move_group_commander_wrappers_1763500104970873857 http://127.0.0.1:36547/
[rosmaster.master][INFO] 2025-11-18 22:08:26,232: +SUB [/place/result] /move_group_commander_wrappers_1763500104970873857 http://127.0.0.1:36547/
[rosmaster.master][INFO] 2025-11-18 22:08:26,233: +PUB [/place/goal] /move_group_commander_wrappers_1763500104970873857 http://127.0.0.1:36547/
[rosmaster.master][INFO] 2025-11-18 22:08:26,233: +PUB [/place/cancel] /move_group_commander_wrappers_1763500104970873857 http://127.0.0.1:36547/
[rosmaster.master][INFO] 2025-11-18 22:08:26,254: publisherUpdate[/place/goal] -> http://127.0.0.1:34371/ ['http://127.0.0.1:33749/', 'http://127.0.0.1:36547/']
[rosmaster.master][INFO] 2025-11-18 22:08:26,289: publisherUpdate[/place/goal] -> http://127.0.0.1:34371/ ['http://127.0.0.1:33749/', 'http://127.0.0.1:36547/']: sec=0.03, result=[1, '', 0]
[rosmaster.master][INFO] 2025-11-18 22:08:26,291: publisherUpdate[/place/cancel] -> http://127.0.0.1:34371/ ['http://127.0.0.1:33749/', 'http://127.0.0.1:36547/']
[rosmaster.master][INFO] 2025-11-18 22:08:26,334: publisherUpdate[/place/cancel] -> http://127.0.0.1:34371/ ['http://127.0.0.1:33749/', 'http://127.0.0.1:36547/']: sec=0.04, result=[1, '', 0]
[rosmaster.master][INFO] 2025-11-18 22:08:26,567: +SUB [/execute_trajectory/status] /move_group_commander_wrappers_1763500104970873857 http://127.0.0.1:36547/
[rosmaster.master][INFO] 2025-11-18 22:08:26,570: +SUB [/execute_trajectory/feedback] /move_group_commander_wrappers_1763500104970873857 http://127.0.0.1:36547/
[rosmaster.master][INFO] 2025-11-18 22:08:26,573: +SUB [/execute_trajectory/result] /move_group_commander_wrappers_1763500104970873857 http://127.0.0.1:36547/
[rosmaster.master][INFO] 2025-11-18 22:08:26,574: +PUB [/execute_trajectory/goal] /move_group_commander_wrappers_1763500104970873857 http://127.0.0.1:36547/
[rosmaster.master][INFO] 2025-11-18 22:08:26,575: +PUB [/execute_trajectory/cancel] /move_group_commander_wrappers_1763500104970873857 http://127.0.0.1:36547/
[rosmaster.master][INFO] 2025-11-18 22:08:26,580: publisherUpdate[/execute_trajectory/goal] -> http://127.0.0.1:34371/ ['http://127.0.0.1:33749/', 'http://127.0.0.1:36547/']
[rosmaster.master][INFO] 2025-11-18 22:08:26,631: publisherUpdate[/execute_trajectory/goal] -> http://127.0.0.1:34371/ ['http://127.0.0.1:33749/', 'http://127.0.0.1:36547/']: sec=0.05, result=[1, '', 0]
[rosmaster.master][INFO] 2025-11-18 22:08:26,631: publisherUpdate[/execute_trajectory/cancel] -> http://127.0.0.1:34371/ ['http://127.0.0.1:33749/', 'http://127.0.0.1:36547/']
[rosmaster.master][INFO] 2025-11-18 22:08:26,665: publisherUpdate[/execute_trajectory/cancel] -> http://127.0.0.1:34371/ ['http://127.0.0.1:33749/', 'http://127.0.0.1:36547/']: sec=0.03, result=[1, '', 0]
[rosmaster.master][INFO] 2025-11-18 22:08:31,341: +CACHEDPARAM [/rosout_disable_topics_generation] by /deplacement_tiago_arm_1023_1763500104993
[rosmaster.master][INFO] 2025-11-18 22:08:31,344: +SUB [/wrist_cam/image_raw] /deplacement_tiago_arm_1023_1763500104993 http://127.0.0.1:37461/
[rosmaster.master][INFO] 2025-11-18 22:08:32,482: +CACHEDPARAM [/rosout_disable_topics_generation] by /deplacement_tiago_arm_1023_1763500104993
[rosmaster.master][INFO] 2025-11-18 22:08:32,485: -SUB [/clock] /deplacement_tiago_arm_1023_1763500104993 http://127.0.0.1:37461/
[rosmaster.master][INFO] 2025-11-18 22:08:32,486: -SUB [/wrist_cam/image_raw] /deplacement_tiago_arm_1023_1763500104993 http://127.0.0.1:37461/
[rosmaster.master][INFO] 2025-11-18 22:08:32,486: -PUB [/rosout] /deplacement_tiago_arm_1023_1763500104993 http://127.0.0.1:37461/
[rosmaster.master][INFO] 2025-11-18 22:08:32,487: -PUB [/collision_object] /deplacement_tiago_arm_1023_1763500104993 http://127.0.0.1:37461/
[rosmaster.master][INFO] 2025-11-18 22:08:32,487: -PUB [/attached_collision_object] /deplacement_tiago_arm_1023_1763500104993 http://127.0.0.1:37461/
[rosmaster.master][INFO] 2025-11-18 22:08:32,487: -SERVICE [/deplacement_tiago_arm_1023_1763500104993/get_loggers] /deplacement_tiago_arm_1023_1763500104993 rosrpc://127.0.0.1:42945
[rosmaster.master][INFO] 2025-11-18 22:08:32,487: -SERVICE [/deplacement_tiago_arm_1023_1763500104993/set_logger_level] /deplacement_tiago_arm_1023_1763500104993 rosrpc://127.0.0.1:42945
[rosmaster.master][INFO] 2025-11-18 22:08:32,554: publisherUpdate[/rosout] -> http://127.0.0.1:33309/ ['http://127.0.0.1:39457/', 'http://127.0.0.1:34069/', 'http://127.0.0.1:33749/', 'http://127.0.0.1:46537/', 'http://127.0.0.1:32949/', 'http://127.0.0.1:45191/', 'http://127.0.0.1:34371/', 'http://127.0.0.1:36733/', 'http://127.0.0.1:46789/', 'http://127.0.0.1:44653/', 'http://127.0.0.1:38227/', 'http://127.0.0.1:36797/', 'http://127.0.0.1:35081/', 'http://127.0.0.1:43375/', 'http://127.0.0.1:42463/', 'http://127.0.0.1:44233/', 'http://127.0.0.1:42117/', 'http://127.0.0.1:34721/', 'http://127.0.0.1:36547/']
[rosmaster.master][INFO] 2025-11-18 22:08:32,555: publisherUpdate[/rosout] -> http://127.0.0.1:33309/ ['http://127.0.0.1:39457/', 'http://127.0.0.1:34069/', 'http://127.0.0.1:33749/', 'http://127.0.0.1:46537/', 'http://127.0.0.1:32949/', 'http://127.0.0.1:45191/', 'http://127.0.0.1:34371/', 'http://127.0.0.1:36733/', 'http://127.0.0.1:46789/', 'http://127.0.0.1:44653/', 'http://127.0.0.1:38227/', 'http://127.0.0.1:36797/', 'http://127.0.0.1:35081/', 'http://127.0.0.1:43375/', 'http://127.0.0.1:42463/', 'http://127.0.0.1:44233/', 'http://127.0.0.1:42117/', 'http://127.0.0.1:34721/', 'http://127.0.0.1:36547/']: sec=0.00, result=[1, '', 0]
[rosmaster.master][INFO] 2025-11-18 22:08:32,555: publisherUpdate[/collision_object] -> http://127.0.0.1:34371/ []
[rosmaster.master][INFO] 2025-11-18 22:08:32,556: publisherUpdate[/collision_object] -> http://127.0.0.1:34371/ []: sec=0.00, result=[1, '', 0]
[rosmaster.master][INFO] 2025-11-18 22:08:32,556: publisherUpdate[/attached_collision_object] -> http://127.0.0.1:34371/ ['http://127.0.0.1:33749/', 'http://127.0.0.1:36547/']
[rosmaster.master][INFO] 2025-11-18 22:08:32,557: publisherUpdate[/attached_collision_object] -> http://127.0.0.1:34371/ ['http://127.0.0.1:33749/', 'http://127.0.0.1:36547/']: sec=0.00, result=[1, '', 0]
[rosmaster.master][INFO] 2025-11-18 22:08:33,133: -PUB [/planning_scene] /move_group_commander_wrappers_1763500104970873857 http://127.0.0.1:36547/
[rosmaster.master][INFO] 2025-11-18 22:08:33,134: -PUB [/attached_collision_object] /move_group_commander_wrappers_1763500104970873857 http://127.0.0.1:36547/
[rosmaster.master][INFO] 2025-11-18 22:08:33,135: -PUB [/trajectory_execution_event] /move_group_commander_wrappers_1763500104970873857 http://127.0.0.1:36547/
[rosmaster.master][INFO] 2025-11-18 22:08:33,135: -SUB [/place/status] /move_group_commander_wrappers_1763500104970873857 http://127.0.0.1:36547/
[rosmaster.master][INFO] 2025-11-18 22:08:33,136: -PUB [/place/cancel] /move_group_commander_wrappers_1763500104970873857 http://127.0.0.1:36547/
[rosmaster.master][INFO] 2025-11-18 22:08:33,137: -PUB [/place/goal] /move_group_commander_wrappers_1763500104970873857 http://127.0.0.1:36547/
[rosmaster.master][INFO] 2025-11-18 22:08:33,137: -SUB [/place/feedback] /move_group_commander_wrappers_1763500104970873857 http://127.0.0.1:36547/
[rosmaster.master][INFO] 2025-11-18 22:08:33,138: -SUB [/place/result] /move_group_commander_wrappers_1763500104970873857 http://127.0.0.1:36547/
[rosmaster.master][INFO] 2025-11-18 22:08:33,139: -SUB [/pickup/status] /move_group_commander_wrappers_1763500104970873857 http://127.0.0.1:36547/
[rosmaster.master][INFO] 2025-11-18 22:08:33,140: -PUB [/pickup/cancel] /move_group_commander_wrappers_1763500104970873857 http://127.0.0.1:36547/
[rosmaster.master][INFO] 2025-11-18 22:08:33,141: -PUB [/pickup/goal] /move_group_commander_wrappers_1763500104970873857 http://127.0.0.1:36547/
[rosmaster.master][INFO] 2025-11-18 22:08:33,142: -SUB [/pickup/feedback] /move_group_commander_wrappers_1763500104970873857 http://127.0.0.1:36547/
[rosmaster.master][INFO] 2025-11-18 22:08:33,142: -SUB [/pickup/result] /move_group_commander_wrappers_1763500104970873857 http://127.0.0.1:36547/
[rosmaster.master][INFO] 2025-11-18 22:08:33,143: -SUB [/execute_trajectory/status] /move_group_commander_wrappers_1763500104970873857 http://127.0.0.1:36547/
[rosmaster.master][INFO] 2025-11-18 22:08:33,143: -PUB [/execute_trajectory/cancel] /move_group_commander_wrappers_1763500104970873857 http://127.0.0.1:36547/
[rosmaster.master][INFO] 2025-11-18 22:08:33,144: -PUB [/execute_trajectory/goal] /move_group_commander_wrappers_1763500104970873857 http://127.0.0.1:36547/
[rosmaster.master][INFO] 2025-11-18 22:08:33,145: -SUB [/execute_trajectory/feedback] /move_group_commander_wrappers_1763500104970873857 http://127.0.0.1:36547/
[rosmaster.master][INFO] 2025-11-18 22:08:33,146: -SUB [/execute_trajectory/result] /move_group_commander_wrappers_1763500104970873857 http://127.0.0.1:36547/
[rosmaster.master][INFO] 2025-11-18 22:08:33,151: -SUB [/move_group/status] /move_group_commander_wrappers_1763500104970873857 http://127.0.0.1:36547/
[rosmaster.master][INFO] 2025-11-18 22:08:33,153: -PUB [/move_group/cancel] /move_group_commander_wrappers_1763500104970873857 http://127.0.0.1:36547/
[rosmaster.master][INFO] 2025-11-18 22:08:33,153: -PUB [/move_group/goal] /move_group_commander_wrappers_1763500104970873857 http://127.0.0.1:36547/
[rosmaster.master][INFO] 2025-11-18 22:08:33,154: -SUB [/move_group/feedback] /move_group_commander_wrappers_1763500104970873857 http://127.0.0.1:36547/
[rosmaster.master][INFO] 2025-11-18 22:08:33,155: -SUB [/move_group/result] /move_group_commander_wrappers_1763500104970873857 http://127.0.0.1:36547/
[rosmaster.master][INFO] 2025-11-18 22:08:33,159: publisherUpdate[/planning_scene] -> http://127.0.0.1:34371/ []
[rosmaster.master][INFO] 2025-11-18 22:08:33,159: publisherUpdate[/planning_scene] -> http://127.0.0.1:34371/ []: sec=0.00, result=[1, '', 0]
[rosmaster.master][INFO] 2025-11-18 22:08:33,160: publisherUpdate[/attached_collision_object] -> http://127.0.0.1:34371/ ['http://127.0.0.1:33749/']
[rosmaster.master][INFO] 2025-11-18 22:08:33,160: publisherUpdate[/attached_collision_object] -> http://127.0.0.1:34371/ ['http://127.0.0.1:33749/']: sec=0.00, result=[1, '', 0]
[rosmaster.master][INFO] 2025-11-18 22:08:33,160: publisherUpdate[/trajectory_execution_event] -> http://127.0.0.1:34371/ ['http://127.0.0.1:33749/']
[rosmaster.master][INFO] 2025-11-18 22:08:33,161: publisherUpdate[/trajectory_execution_event] -> http://127.0.0.1:34371/ ['http://127.0.0.1:33749/']: sec=0.00, result=[1, '', 0]
[rosmaster.master][INFO] 2025-11-18 22:08:33,161: publisherUpdate[/place/cancel] -> http://127.0.0.1:34371/ ['http://127.0.0.1:33749/']
[rosmaster.master][INFO] 2025-11-18 22:08:33,162: publisherUpdate[/place/cancel] -> http://127.0.0.1:34371/ ['http://127.0.0.1:33749/']: sec=0.00, result=[1, '', 0]
[rosmaster.master][INFO] 2025-11-18 22:08:33,162: publisherUpdate[/place/goal] -> http://127.0.0.1:34371/ ['http://127.0.0.1:33749/']
[rosmaster.master][INFO] 2025-11-18 22:08:33,163: publisherUpdate[/place/goal] -> http://127.0.0.1:34371/ ['http://127.0.0.1:33749/']: sec=0.00, result=[1, '', 0]
[rosmaster.master][INFO] 2025-11-18 22:08:33,163: publisherUpdate[/pickup/cancel] -> http://127.0.0.1:34371/ ['http://127.0.0.1:33749/']
[rosmaster.master][INFO] 2025-11-18 22:08:33,163: publisherUpdate[/pickup/cancel] -> http://127.0.0.1:34371/ ['http://127.0.0.1:33749/']: sec=0.00, result=[1, '', 0]
[rosmaster.master][INFO] 2025-11-18 22:08:33,164: publisherUpdate[/pickup/goal] -> http://127.0.0.1:34371/ ['http://127.0.0.1:33749/']
[rosmaster.master][INFO] 2025-11-18 22:08:33,164: publisherUpdate[/pickup/goal] -> http://127.0.0.1:34371/ ['http://127.0.0.1:33749/']: sec=0.00, result=[1, '', 0]
[rosmaster.master][INFO] 2025-11-18 22:08:33,164: publisherUpdate[/execute_trajectory/cancel] -> http://127.0.0.1:34371/ ['http://127.0.0.1:33749/']
[rosmaster.master][INFO] 2025-11-18 22:08:33,167: -SUB [/tf_static] /move_group_commander_wrappers_1763500104970873857 http://127.0.0.1:36547/
[rosmaster.master][INFO] 2025-11-18 22:08:33,168: publisherUpdate[/execute_trajectory/cancel] -> http://127.0.0.1:34371/ ['http://127.0.0.1:33749/']: sec=0.00, result=[1, '', 0]
[rosmaster.master][INFO] 2025-11-18 22:08:33,169: publisherUpdate[/execute_trajectory/goal] -> http://127.0.0.1:34371/ ['http://127.0.0.1:33749/']
[rosmaster.master][INFO] 2025-11-18 22:08:33,169: -SUB [/tf] /move_group_commander_wrappers_1763500104970873857 http://127.0.0.1:36547/
[rosmaster.master][INFO] 2025-11-18 22:08:33,170: publisherUpdate[/execute_trajectory/goal] -> http://127.0.0.1:34371/ ['http://127.0.0.1:33749/']: sec=0.00, result=[1, '', 0]
[rosmaster.master][INFO] 2025-11-18 22:08:33,170: publisherUpdate[/move_group/cancel] -> http://127.0.0.1:34371/ ['http://127.0.0.1:33749/']
[rosmaster.master][INFO] 2025-11-18 22:08:33,171: publisherUpdate[/move_group/cancel] -> http://127.0.0.1:34371/ ['http://127.0.0.1:33749/']: sec=0.00, result=[1, '', 0]
[rosmaster.master][INFO] 2025-11-18 22:08:33,171: publisherUpdate[/move_group/goal] -> http://127.0.0.1:34371/ ['http://127.0.0.1:33749/']
[rosmaster.master][INFO] 2025-11-18 22:08:33,171: publisherUpdate[/move_group/goal] -> http://127.0.0.1:34371/ ['http://127.0.0.1:33749/']: sec=0.00, result=[1, '', 0]
[rosmaster.master][INFO] 2025-11-18 22:09:58,495: +PUB [/rosout] /move_group_commander_wrappers_1763500198480601897 http://127.0.0.1:46071/
[rosmaster.master][INFO] 2025-11-18 22:09:58,497: +SERVICE [/move_group_commander_wrappers_1763500198480601897/get_loggers] /move_group_commander_wrappers_1763500198480601897 http://127.0.0.1:46071/
[rosmaster.master][INFO] 2025-11-18 22:09:58,497: +SERVICE [/move_group_commander_wrappers_1763500198480601897/set_logger_level] /move_group_commander_wrappers_1763500198480601897 http://127.0.0.1:46071/
[rosmaster.master][INFO] 2025-11-18 22:09:58,501: +SUB [/clock] /move_group_commander_wrappers_1763500198480601897 http://127.0.0.1:46071/
[rosmaster.master][INFO] 2025-11-18 22:09:58,509: publisherUpdate[/rosout] -> http://127.0.0.1:33309/ ['http://127.0.0.1:39457/', 'http://127.0.0.1:34069/', 'http://127.0.0.1:33749/', 'http://127.0.0.1:46537/', 'http://127.0.0.1:32949/', 'http://127.0.0.1:45191/', 'http://127.0.0.1:34371/', 'http://127.0.0.1:36733/', 'http://127.0.0.1:46789/', 'http://127.0.0.1:44653/', 'http://127.0.0.1:38227/', 'http://127.0.0.1:36797/', 'http://127.0.0.1:35081/', 'http://127.0.0.1:43375/', 'http://127.0.0.1:42463/', 'http://127.0.0.1:44233/', 'http://127.0.0.1:42117/', 'http://127.0.0.1:34721/', 'http://127.0.0.1:36547/', 'http://127.0.0.1:46071/']
[rosmaster.master][INFO] 2025-11-18 22:09:58,511: publisherUpdate[/rosout] -> http://127.0.0.1:33309/ ['http://127.0.0.1:39457/', 'http://127.0.0.1:34069/', 'http://127.0.0.1:33749/', 'http://127.0.0.1:46537/', 'http://127.0.0.1:32949/', 'http://127.0.0.1:45191/', 'http://127.0.0.1:34371/', 'http://127.0.0.1:36733/', 'http://127.0.0.1:46789/', 'http://127.0.0.1:44653/', 'http://127.0.0.1:38227/', 'http://127.0.0.1:36797/', 'http://127.0.0.1:35081/', 'http://127.0.0.1:43375/', 'http://127.0.0.1:42463/', 'http://127.0.0.1:44233/', 'http://127.0.0.1:42117/', 'http://127.0.0.1:34721/', 'http://127.0.0.1:36547/', 'http://127.0.0.1:46071/']: sec=0.00, result=[1, '', 0]
[rosmaster.master][INFO] 2025-11-18 22:09:58,738: +PUB [/rosout] /deplacement_tiago_arm_1214_1763500198502 http://127.0.0.1:43527/
[rosmaster.master][INFO] 2025-11-18 22:09:58,742: +SUB [/clock] /deplacement_tiago_arm_1214_1763500198502 http://127.0.0.1:43527/
[rosmaster.master][INFO] 2025-11-18 22:09:58,749: +SERVICE [/deplacement_tiago_arm_1214_1763500198502/get_loggers] /deplacement_tiago_arm_1214_1763500198502 http://127.0.0.1:43527/
[rosmaster.master][INFO] 2025-11-18 22:09:58,756: +SERVICE [/deplacement_tiago_arm_1214_1763500198502/set_logger_level] /deplacement_tiago_arm_1214_1763500198502 http://127.0.0.1:43527/
[rosmaster.master][INFO] 2025-11-18 22:09:58,774: +CACHEDPARAM [/rosout_disable_topics_generation] by /move_group_commander_wrappers_1763500198480601897
[rosmaster.master][INFO] 2025-11-18 22:09:58,812: publisherUpdate[/rosout] -> http://127.0.0.1:33309/ ['http://127.0.0.1:39457/', 'http://127.0.0.1:34069/', 'http://127.0.0.1:33749/', 'http://127.0.0.1:46537/', 'http://127.0.0.1:32949/', 'http://127.0.0.1:45191/', 'http://127.0.0.1:34371/', 'http://127.0.0.1:36733/', 'http://127.0.0.1:46789/', 'http://127.0.0.1:44653/', 'http://127.0.0.1:38227/', 'http://127.0.0.1:36797/', 'http://127.0.0.1:35081/', 'http://127.0.0.1:43375/', 'http://127.0.0.1:42463/', 'http://127.0.0.1:44233/', 'http://127.0.0.1:42117/', 'http://127.0.0.1:34721/', 'http://127.0.0.1:36547/', 'http://127.0.0.1:46071/', 'http://127.0.0.1:43527/']
[rosmaster.master][INFO] 2025-11-18 22:09:58,814: publisherUpdate[/rosout] -> http://127.0.0.1:33309/ ['http://127.0.0.1:39457/', 'http://127.0.0.1:34069/', 'http://127.0.0.1:33749/', 'http://127.0.0.1:46537/', 'http://127.0.0.1:32949/', 'http://127.0.0.1:45191/', 'http://127.0.0.1:34371/', 'http://127.0.0.1:36733/', 'http://127.0.0.1:46789/', 'http://127.0.0.1:44653/', 'http://127.0.0.1:38227/', 'http://127.0.0.1:36797/', 'http://127.0.0.1:35081/', 'http://127.0.0.1:43375/', 'http://127.0.0.1:42463/', 'http://127.0.0.1:44233/', 'http://127.0.0.1:42117/', 'http://127.0.0.1:34721/', 'http://127.0.0.1:36547/', 'http://127.0.0.1:46071/', 'http://127.0.0.1:43527/']: sec=0.00, result=[1, '', 0]
[rosmaster.master][INFO] 2025-11-18 22:09:59,070: +SUB [/tf] /move_group_commander_wrappers_1763500198480601897 http://127.0.0.1:46071/
[rosmaster.master][INFO] 2025-11-18 22:09:59,077: +SUB [/tf_static] /move_group_commander_wrappers_1763500198480601897 http://127.0.0.1:46071/
[rosmaster.master][INFO] 2025-11-18 22:09:59,079: +PUB [/planning_scene] /move_group_commander_wrappers_1763500198480601897 http://127.0.0.1:46071/
[rosmaster.master][INFO] 2025-11-18 22:09:59,085: +PUB [/collision_object] /deplacement_tiago_arm_1214_1763500198502 http://127.0.0.1:43527/
[rosmaster.master][INFO] 2025-11-18 22:09:59,087: +PUB [/attached_collision_object] /deplacement_tiago_arm_1214_1763500198502 http://127.0.0.1:43527/
[rosmaster.master][INFO] 2025-11-18 22:09:59,089: +PUB [/trajectory_execution_event] /move_group_commander_wrappers_1763500198480601897 http://127.0.0.1:46071/
[rosmaster.master][INFO] 2025-11-18 22:09:59,090: +PUB [/attached_collision_object] /move_group_commander_wrappers_1763500198480601897 http://127.0.0.1:46071/
[rosmaster.master][INFO] 2025-11-18 22:09:59,095: +SUB [/move_group/status] /move_group_commander_wrappers_1763500198480601897 http://127.0.0.1:46071/
[rosmaster.master][INFO] 2025-11-18 22:09:59,100: +SUB [/move_group/feedback] /move_group_commander_wrappers_1763500198480601897 http://127.0.0.1:46071/
[rosmaster.master][INFO] 2025-11-18 22:09:59,112: +SUB [/move_group/result] /move_group_commander_wrappers_1763500198480601897 http://127.0.0.1:46071/
[rosmaster.master][INFO] 2025-11-18 22:09:59,113: +PUB [/move_group/goal] /move_group_commander_wrappers_1763500198480601897 http://127.0.0.1:46071/
[rosmaster.master][INFO] 2025-11-18 22:09:59,115: +PUB [/move_group/cancel] /move_group_commander_wrappers_1763500198480601897 http://127.0.0.1:46071/
[rosmaster.master][INFO] 2025-11-18 22:09:59,119: publisherUpdate[/planning_scene] -> http://127.0.0.1:34371/ ['http://127.0.0.1:46071/']
[rosmaster.master][INFO] 2025-11-18 22:09:59,163: publisherUpdate[/planning_scene] -> http://127.0.0.1:34371/ ['http://127.0.0.1:46071/']: sec=0.04, result=[1, '', 0]
[rosmaster.master][INFO] 2025-11-18 22:09:59,163: publisherUpdate[/collision_object] -> http://127.0.0.1:34371/ ['http://127.0.0.1:43527/']
[rosmaster.master][INFO] 2025-11-18 22:09:59,191: publisherUpdate[/collision_object] -> http://127.0.0.1:34371/ ['http://127.0.0.1:43527/']: sec=0.03, result=[1, '', 0]
[rosmaster.master][INFO] 2025-11-18 22:09:59,192: publisherUpdate[/attached_collision_object] -> http://127.0.0.1:34371/ ['http://127.0.0.1:33749/', 'http://127.0.0.1:43527/']
[rosmaster.master][INFO] 2025-11-18 22:09:59,192: publisherUpdate[/attached_collision_object] -> http://127.0.0.1:34371/ ['http://127.0.0.1:33749/', 'http://127.0.0.1:43527/']: sec=0.00, result=[1, '', 0]
[rosmaster.master][INFO] 2025-11-18 22:09:59,192: publisherUpdate[/trajectory_execution_event] -> http://127.0.0.1:34371/ ['http://127.0.0.1:33749/', 'http://127.0.0.1:46071/']
[rosmaster.master][INFO] 2025-11-18 22:09:59,193: publisherUpdate[/trajectory_execution_event] -> http://127.0.0.1:34371/ ['http://127.0.0.1:33749/', 'http://127.0.0.1:46071/']: sec=0.00, result=[1, '', 0]
[rosmaster.master][INFO] 2025-11-18 22:09:59,194: publisherUpdate[/attached_collision_object] -> http://127.0.0.1:34371/ ['http://127.0.0.1:33749/', 'http://127.0.0.1:43527/', 'http://127.0.0.1:46071/']
[rosmaster.master][INFO] 2025-11-18 22:09:59,197: publisherUpdate[/attached_collision_object] -> http://127.0.0.1:34371/ ['http://127.0.0.1:33749/', 'http://127.0.0.1:43527/', 'http://127.0.0.1:46071/']: sec=0.00, result=[1, '', 0]
[rosmaster.master][INFO] 2025-11-18 22:09:59,198: publisherUpdate[/move_group/goal] -> http://127.0.0.1:34371/ ['http://127.0.0.1:33749/', 'http://127.0.0.1:46071/']
[rosmaster.master][INFO] 2025-11-18 22:09:59,201: publisherUpdate[/move_group/goal] -> http://127.0.0.1:34371/ ['http://127.0.0.1:33749/', 'http://127.0.0.1:46071/']: sec=0.00, result=[1, '', 0]
[rosmaster.master][INFO] 2025-11-18 22:09:59,201: publisherUpdate[/move_group/cancel] -> http://127.0.0.1:34371/ ['http://127.0.0.1:33749/', 'http://127.0.0.1:46071/']
[rosmaster.master][INFO] 2025-11-18 22:09:59,203: publisherUpdate[/move_group/cancel] -> http://127.0.0.1:34371/ ['http://127.0.0.1:33749/', 'http://127.0.0.1:46071/']: sec=0.00, result=[1, '', 0]
[rosmaster.master][INFO] 2025-11-18 22:09:59,438: +SUB [/pickup/status] /move_group_commander_wrappers_1763500198480601897 http://127.0.0.1:46071/
[rosmaster.master][INFO] 2025-11-18 22:09:59,444: +SUB [/pickup/feedback] /move_group_commander_wrappers_1763500198480601897 http://127.0.0.1:46071/
[rosmaster.master][INFO] 2025-11-18 22:09:59,446: +SUB [/pickup/result] /move_group_commander_wrappers_1763500198480601897 http://127.0.0.1:46071/
[rosmaster.master][INFO] 2025-11-18 22:09:59,447: +PUB [/pickup/goal] /move_group_commander_wrappers_1763500198480601897 http://127.0.0.1:46071/
[rosmaster.master][INFO] 2025-11-18 22:09:59,448: +PUB [/pickup/cancel] /move_group_commander_wrappers_1763500198480601897 http://127.0.0.1:46071/
[rosmaster.master][INFO] 2025-11-18 22:09:59,504: publisherUpdate[/pickup/goal] -> http://127.0.0.1:34371/ ['http://127.0.0.1:33749/', 'http://127.0.0.1:46071/']
[rosmaster.master][INFO] 2025-11-18 22:09:59,533: publisherUpdate[/pickup/goal] -> http://127.0.0.1:34371/ ['http://127.0.0.1:33749/', 'http://127.0.0.1:46071/']: sec=0.03, result=[1, '', 0]
[rosmaster.master][INFO] 2025-11-18 22:09:59,533: publisherUpdate[/pickup/cancel] -> http://127.0.0.1:34371/ ['http://127.0.0.1:33749/', 'http://127.0.0.1:46071/']
[rosmaster.master][INFO] 2025-11-18 22:09:59,536: publisherUpdate[/pickup/cancel] -> http://127.0.0.1:34371/ ['http://127.0.0.1:33749/', 'http://127.0.0.1:46071/']: sec=0.00, result=[1, '', 0]
[rosmaster.master][INFO] 2025-11-18 22:09:59,747: +SUB [/place/status] /move_group_commander_wrappers_1763500198480601897 http://127.0.0.1:46071/
[rosmaster.master][INFO] 2025-11-18 22:09:59,752: +SUB [/place/feedback] /move_group_commander_wrappers_1763500198480601897 http://127.0.0.1:46071/
[rosmaster.master][INFO] 2025-11-18 22:09:59,755: +SUB [/place/result] /move_group_commander_wrappers_1763500198480601897 http://127.0.0.1:46071/
[rosmaster.master][INFO] 2025-11-18 22:09:59,757: +PUB [/place/goal] /move_group_commander_wrappers_1763500198480601897 http://127.0.0.1:46071/
[rosmaster.master][INFO] 2025-11-18 22:09:59,759: +PUB [/place/cancel] /move_group_commander_wrappers_1763500198480601897 http://127.0.0.1:46071/
[rosmaster.master][INFO] 2025-11-18 22:09:59,837: publisherUpdate[/place/goal] -> http://127.0.0.1:34371/ ['http://127.0.0.1:33749/', 'http://127.0.0.1:46071/']
[rosmaster.master][INFO] 2025-11-18 22:09:59,840: publisherUpdate[/place/goal] -> http://127.0.0.1:34371/ ['http://127.0.0.1:33749/', 'http://127.0.0.1:46071/']: sec=0.00, result=[1, '', 0]
[rosmaster.master][INFO] 2025-11-18 22:09:59,841: publisherUpdate[/place/cancel] -> http://127.0.0.1:34371/ ['http://127.0.0.1:33749/', 'http://127.0.0.1:46071/']
[rosmaster.master][INFO] 2025-11-18 22:09:59,843: publisherUpdate[/place/cancel] -> http://127.0.0.1:34371/ ['http://127.0.0.1:33749/', 'http://127.0.0.1:46071/']: sec=0.00, result=[1, '', 0]
[rosmaster.master][INFO] 2025-11-18 22:10:00,012: +SUB [/execute_trajectory/status] /move_group_commander_wrappers_1763500198480601897 http://127.0.0.1:46071/
[rosmaster.master][INFO] 2025-11-18 22:10:00,023: +SUB [/execute_trajectory/feedback] /move_group_commander_wrappers_1763500198480601897 http://127.0.0.1:46071/
[rosmaster.master][INFO] 2025-11-18 22:10:00,028: +SUB [/execute_trajectory/result] /move_group_commander_wrappers_1763500198480601897 http://127.0.0.1:46071/
[rosmaster.master][INFO] 2025-11-18 22:10:00,030: +PUB [/execute_trajectory/goal] /move_group_commander_wrappers_1763500198480601897 http://127.0.0.1:46071/
[rosmaster.master][INFO] 2025-11-18 22:10:00,032: +PUB [/execute_trajectory/cancel] /move_group_commander_wrappers_1763500198480601897 http://127.0.0.1:46071/
[rosmaster.master][INFO] 2025-11-18 22:10:00,038: publisherUpdate[/execute_trajectory/goal] -> http://127.0.0.1:34371/ ['http://127.0.0.1:33749/', 'http://127.0.0.1:46071/']
[rosmaster.master][INFO] 2025-11-18 22:10:00,081: publisherUpdate[/execute_trajectory/goal] -> http://127.0.0.1:34371/ ['http://127.0.0.1:33749/', 'http://127.0.0.1:46071/']: sec=0.04, result=[1, '', 0]
[rosmaster.master][INFO] 2025-11-18 22:10:00,081: publisherUpdate[/execute_trajectory/cancel] -> http://127.0.0.1:34371/ ['http://127.0.0.1:33749/', 'http://127.0.0.1:46071/']
[rosmaster.master][INFO] 2025-11-18 22:10:00,115: publisherUpdate[/execute_trajectory/cancel] -> http://127.0.0.1:34371/ ['http://127.0.0.1:33749/', 'http://127.0.0.1:46071/']: sec=0.03, result=[1, '', 0]
[rosmaster.master][INFO] 2025-11-18 22:10:05,401: +CACHEDPARAM [/rosout_disable_topics_generation] by /deplacement_tiago_arm_1214_1763500198502
[rosmaster.master][INFO] 2025-11-18 22:10:05,419: +SUB [/wrist_cam/image_raw] /deplacement_tiago_arm_1214_1763500198502 http://127.0.0.1:43527/
[rosmaster.master][INFO] 2025-11-18 22:10:08,414: +CACHEDPARAM [/rosout_disable_topics_generation] by /deplacement_tiago_arm_1214_1763500198502
[rosmaster.master][INFO] 2025-11-18 22:10:08,441: -SUB [/clock] /deplacement_tiago_arm_1214_1763500198502 http://127.0.0.1:43527/
[rosmaster.master][INFO] 2025-11-18 22:10:08,443: -SUB [/wrist_cam/image_raw] /deplacement_tiago_arm_1214_1763500198502 http://127.0.0.1:43527/
[rosmaster.master][INFO] 2025-11-18 22:10:08,445: -PUB [/rosout] /deplacement_tiago_arm_1214_1763500198502 http://127.0.0.1:43527/
[rosmaster.master][INFO] 2025-11-18 22:10:08,446: -PUB [/collision_object] /deplacement_tiago_arm_1214_1763500198502 http://127.0.0.1:43527/
[rosmaster.master][INFO] 2025-11-18 22:10:08,446: -PUB [/attached_collision_object] /deplacement_tiago_arm_1214_1763500198502 http://127.0.0.1:43527/
[rosmaster.master][INFO] 2025-11-18 22:10:08,446: -SERVICE [/deplacement_tiago_arm_1214_1763500198502/get_loggers] /deplacement_tiago_arm_1214_1763500198502 rosrpc://127.0.0.1:43251
[rosmaster.master][INFO] 2025-11-18 22:10:08,447: -SERVICE [/deplacement_tiago_arm_1214_1763500198502/set_logger_level] /deplacement_tiago_arm_1214_1763500198502 rosrpc://127.0.0.1:43251
[rosmaster.master][INFO] 2025-11-18 22:10:08,466: publisherUpdate[/rosout] -> http://127.0.0.1:33309/ ['http://127.0.0.1:39457/', 'http://127.0.0.1:34069/', 'http://127.0.0.1:33749/', 'http://127.0.0.1:46537/', 'http://127.0.0.1:32949/', 'http://127.0.0.1:45191/', 'http://127.0.0.1:34371/', 'http://127.0.0.1:36733/', 'http://127.0.0.1:46789/', 'http://127.0.0.1:44653/', 'http://127.0.0.1:38227/', 'http://127.0.0.1:36797/', 'http://127.0.0.1:35081/', 'http://127.0.0.1:43375/', 'http://127.0.0.1:42463/', 'http://127.0.0.1:44233/', 'http://127.0.0.1:42117/', 'http://127.0.0.1:34721/', 'http://127.0.0.1:36547/', 'http://127.0.0.1:46071/']
[rosmaster.master][INFO] 2025-11-18 22:10:08,469: publisherUpdate[/rosout] -> http://127.0.0.1:33309/ ['http://127.0.0.1:39457/', 'http://127.0.0.1:34069/', 'http://127.0.0.1:33749/', 'http://127.0.0.1:46537/', 'http://127.0.0.1:32949/', 'http://127.0.0.1:45191/', 'http://127.0.0.1:34371/', 'http://127.0.0.1:36733/', 'http://127.0.0.1:46789/', 'http://127.0.0.1:44653/', 'http://127.0.0.1:38227/', 'http://127.0.0.1:36797/', 'http://127.0.0.1:35081/', 'http://127.0.0.1:43375/', 'http://127.0.0.1:42463/', 'http://127.0.0.1:44233/', 'http://127.0.0.1:42117/', 'http://127.0.0.1:34721/', 'http://127.0.0.1:36547/', 'http://127.0.0.1:46071/']: sec=0.00, result=[1, '', 0]
[rosmaster.master][INFO] 2025-11-18 22:10:08,470: publisherUpdate[/collision_object] -> http://127.0.0.1:34371/ []
[rosmaster.master][INFO] 2025-11-18 22:10:08,475: publisherUpdate[/collision_object] -> http://127.0.0.1:34371/ []: sec=0.00, result=[1, '', 0]
[rosmaster.master][INFO] 2025-11-18 22:10:08,477: publisherUpdate[/attached_collision_object] -> http://127.0.0.1:34371/ ['http://127.0.0.1:33749/', 'http://127.0.0.1:46071/']
[rosmaster.master][INFO] 2025-11-18 22:10:08,480: publisherUpdate[/attached_collision_object] -> http://127.0.0.1:34371/ ['http://127.0.0.1:33749/', 'http://127.0.0.1:46071/']: sec=0.00, result=[1, '', 0]
[rosmaster.master][INFO] 2025-11-18 22:10:09,223: -PUB [/planning_scene] /move_group_commander_wrappers_1763500198480601897 http://127.0.0.1:46071/
[rosmaster.master][INFO] 2025-11-18 22:10:09,235: -PUB [/attached_collision_object] /move_group_commander_wrappers_1763500198480601897 http://127.0.0.1:46071/
[rosmaster.master][INFO] 2025-11-18 22:10:09,240: -PUB [/trajectory_execution_event] /move_group_commander_wrappers_1763500198480601897 http://127.0.0.1:46071/
[rosmaster.master][INFO] 2025-11-18 22:10:09,241: -SUB [/place/status] /move_group_commander_wrappers_1763500198480601897 http://127.0.0.1:46071/
[rosmaster.master][INFO] 2025-11-18 22:10:09,242: -PUB [/place/cancel] /move_group_commander_wrappers_1763500198480601897 http://127.0.0.1:46071/
[rosmaster.master][INFO] 2025-11-18 22:10:09,243: -PUB [/place/goal] /move_group_commander_wrappers_1763500198480601897 http://127.0.0.1:46071/
[rosmaster.master][INFO] 2025-11-18 22:10:09,244: -SUB [/place/feedback] /move_group_commander_wrappers_1763500198480601897 http://127.0.0.1:46071/
[rosmaster.master][INFO] 2025-11-18 22:10:09,245: -SUB [/place/result] /move_group_commander_wrappers_1763500198480601897 http://127.0.0.1:46071/
[rosmaster.master][INFO] 2025-11-18 22:10:09,246: -SUB [/pickup/status] /move_group_commander_wrappers_1763500198480601897 http://127.0.0.1:46071/
[rosmaster.master][INFO] 2025-11-18 22:10:09,251: -PUB [/pickup/cancel] /move_group_commander_wrappers_1763500198480601897 http://127.0.0.1:46071/
[rosmaster.master][INFO] 2025-11-18 22:10:09,260: -PUB [/pickup/goal] /move_group_commander_wrappers_1763500198480601897 http://127.0.0.1:46071/
[rosmaster.master][INFO] 2025-11-18 22:10:09,263: -SUB [/pickup/feedback] /move_group_commander_wrappers_1763500198480601897 http://127.0.0.1:46071/
[rosmaster.master][INFO] 2025-11-18 22:10:09,264: -SUB [/pickup/result] /move_group_commander_wrappers_1763500198480601897 http://127.0.0.1:46071/
[rosmaster.master][INFO] 2025-11-18 22:10:09,264: -SUB [/execute_trajectory/status] /move_group_commander_wrappers_1763500198480601897 http://127.0.0.1:46071/
[rosmaster.master][INFO] 2025-11-18 22:10:09,267: -PUB [/execute_trajectory/cancel] /move_group_commander_wrappers_1763500198480601897 http://127.0.0.1:46071/
[rosmaster.master][INFO] 2025-11-18 22:10:09,274: -PUB [/execute_trajectory/goal] /move_group_commander_wrappers_1763500198480601897 http://127.0.0.1:46071/
[rosmaster.master][INFO] 2025-11-18 22:10:09,279: -SUB [/execute_trajectory/feedback] /move_group_commander_wrappers_1763500198480601897 http://127.0.0.1:46071/
[rosmaster.master][INFO] 2025-11-18 22:10:09,281: -SUB [/execute_trajectory/result] /move_group_commander_wrappers_1763500198480601897 http://127.0.0.1:46071/
[rosmaster.master][INFO] 2025-11-18 22:10:09,282: -SUB [/move_group/status] /move_group_commander_wrappers_1763500198480601897 http://127.0.0.1:46071/
[rosmaster.master][INFO] 2025-11-18 22:10:09,283: -PUB [/move_group/cancel] /move_group_commander_wrappers_1763500198480601897 http://127.0.0.1:46071/
[rosmaster.master][INFO] 2025-11-18 22:10:09,284: -PUB [/move_group/goal] /move_group_commander_wrappers_1763500198480601897 http://127.0.0.1:46071/
[rosmaster.master][INFO] 2025-11-18 22:10:09,290: -SUB [/move_group/feedback] /move_group_commander_wrappers_1763500198480601897 http://127.0.0.1:46071/
[rosmaster.master][INFO] 2025-11-18 22:10:09,293: -SUB [/move_group/result] /move_group_commander_wrappers_1763500198480601897 http://127.0.0.1:46071/
[rosmaster.master][INFO] 2025-11-18 22:10:09,295: publisherUpdate[/planning_scene] -> http://127.0.0.1:34371/ []
[rosmaster.master][INFO] 2025-11-18 22:10:09,313: publisherUpdate[/planning_scene] -> http://127.0.0.1:34371/ []: sec=0.00, result=[1, '', 0]
[rosmaster.master][INFO] 2025-11-18 22:10:09,315: -SUB [/tf_static] /move_group_commander_wrappers_1763500198480601897 http://127.0.0.1:46071/
[rosmaster.master][INFO] 2025-11-18 22:10:09,316: publisherUpdate[/attached_collision_object] -> http://127.0.0.1:34371/ ['http://127.0.0.1:33749/']
[rosmaster.master][INFO] 2025-11-18 22:10:09,323: -SUB [/tf] /move_group_commander_wrappers_1763500198480601897 http://127.0.0.1:46071/
[rosmaster.master][INFO] 2025-11-18 22:10:09,332: publisherUpdate[/attached_collision_object] -> http://127.0.0.1:34371/ ['http://127.0.0.1:33749/']: sec=0.01, result=[1, '', 0]
[rosmaster.master][INFO] 2025-11-18 22:10:09,332: publisherUpdate[/trajectory_execution_event] -> http://127.0.0.1:34371/ ['http://127.0.0.1:33749/']
[rosmaster.master][INFO] 2025-11-18 22:10:09,333: publisherUpdate[/trajectory_execution_event] -> http://127.0.0.1:34371/ ['http://127.0.0.1:33749/']: sec=0.00, result=[1, '', 0]
[rosmaster.master][INFO] 2025-11-18 22:10:09,333: publisherUpdate[/place/cancel] -> http://127.0.0.1:34371/ ['http://127.0.0.1:33749/']
[rosmaster.master][INFO] 2025-11-18 22:10:09,334: publisherUpdate[/place/cancel] -> http://127.0.0.1:34371/ ['http://127.0.0.1:33749/']: sec=0.00, result=[1, '', 0]
[rosmaster.master][INFO] 2025-11-18 22:10:09,335: publisherUpdate[/place/goal] -> http://127.0.0.1:34371/ ['http://127.0.0.1:33749/']
[rosmaster.master][INFO] 2025-11-18 22:10:09,341: publisherUpdate[/place/goal] -> http://127.0.0.1:34371/ ['http://127.0.0.1:33749/']: sec=0.01, result=[1, '', 0]
[rosmaster.master][INFO] 2025-11-18 22:10:09,345: publisherUpdate[/pickup/cancel] -> http://127.0.0.1:34371/ ['http://127.0.0.1:33749/']
[rosmaster.master][INFO] 2025-11-18 22:10:09,354: publisherUpdate[/pickup/cancel] -> http://127.0.0.1:34371/ ['http://127.0.0.1:33749/']: sec=0.01, result=[1, '', 0]
[rosmaster.master][INFO] 2025-11-18 22:10:09,354: publisherUpdate[/pickup/goal] -> http://127.0.0.1:34371/ ['http://127.0.0.1:33749/']
[rosmaster.master][INFO] 2025-11-18 22:10:09,362: publisherUpdate[/pickup/goal] -> http://127.0.0.1:34371/ ['http://127.0.0.1:33749/']: sec=0.01, result=[1, '', 0]
[rosmaster.master][INFO] 2025-11-18 22:10:09,363: publisherUpdate[/execute_trajectory/cancel] -> http://127.0.0.1:34371/ ['http://127.0.0.1:33749/']
[rosmaster.master][INFO] 2025-11-18 22:10:09,370: publisherUpdate[/execute_trajectory/cancel] -> http://127.0.0.1:34371/ ['http://127.0.0.1:33749/']: sec=0.01, result=[1, '', 0]
[rosmaster.master][INFO] 2025-11-18 22:10:09,371: publisherUpdate[/execute_trajectory/goal] -> http://127.0.0.1:34371/ ['http://127.0.0.1:33749/']
[rosmaster.master][INFO] 2025-11-18 22:10:09,372: publisherUpdate[/execute_trajectory/goal] -> http://127.0.0.1:34371/ ['http://127.0.0.1:33749/']: sec=0.00, result=[1, '', 0]
[rosmaster.master][INFO] 2025-11-18 22:10:09,372: publisherUpdate[/move_group/cancel] -> http://127.0.0.1:34371/ ['http://127.0.0.1:33749/']
[rosmaster.master][INFO] 2025-11-18 22:10:09,373: publisherUpdate[/move_group/cancel] -> http://127.0.0.1:34371/ ['http://127.0.0.1:33749/']: sec=0.00, result=[1, '', 0]
[rosmaster.master][INFO] 2025-11-18 22:10:09,373: publisherUpdate[/move_group/goal] -> http://127.0.0.1:34371/ ['http://127.0.0.1:33749/']
[rosmaster.master][INFO] 2025-11-18 22:10:09,374: publisherUpdate[/move_group/goal] -> http://127.0.0.1:34371/ ['http://127.0.0.1:33749/']: sec=0.00, result=[1, '', 0]
[rosmaster.master][INFO] 2025-11-18 22:10:51,459: +PUB [/rosout] /move_group_commander_wrappers_1763500251419152048 http://127.0.0.1:46071/
[rosmaster.master][INFO] 2025-11-18 22:10:51,472: +SERVICE [/move_group_commander_wrappers_1763500251419152048/get_loggers] /move_group_commander_wrappers_1763500251419152048 http://127.0.0.1:46071/
[rosmaster.master][INFO] 2025-11-18 22:10:51,474: +SERVICE [/move_group_commander_wrappers_1763500251419152048/set_logger_level] /move_group_commander_wrappers_1763500251419152048 http://127.0.0.1:46071/
[rosmaster.master][INFO] 2025-11-18 22:10:51,478: publisherUpdate[/rosout] -> http://127.0.0.1:33309/ ['http://127.0.0.1:39457/', 'http://127.0.0.1:34069/', 'http://127.0.0.1:33749/', 'http://127.0.0.1:46537/', 'http://127.0.0.1:32949/', 'http://127.0.0.1:45191/', 'http://127.0.0.1:34371/', 'http://127.0.0.1:36733/', 'http://127.0.0.1:46789/', 'http://127.0.0.1:44653/', 'http://127.0.0.1:38227/', 'http://127.0.0.1:36797/', 'http://127.0.0.1:35081/', 'http://127.0.0.1:43375/', 'http://127.0.0.1:42463/', 'http://127.0.0.1:44233/', 'http://127.0.0.1:42117/', 'http://127.0.0.1:34721/', 'http://127.0.0.1:36547/', 'http://127.0.0.1:46071/', 'http://127.0.0.1:46071/']
[rosmaster.master][INFO] 2025-11-18 22:10:51,487: publisherUpdate[/rosout] -> http://127.0.0.1:33309/ ['http://127.0.0.1:39457/', 'http://127.0.0.1:34069/', 'http://127.0.0.1:33749/', 'http://127.0.0.1:46537/', 'http://127.0.0.1:32949/', 'http://127.0.0.1:45191/', 'http://127.0.0.1:34371/', 'http://127.0.0.1:36733/', 'http://127.0.0.1:46789/', 'http://127.0.0.1:44653/', 'http://127.0.0.1:38227/', 'http://127.0.0.1:36797/', 'http://127.0.0.1:35081/', 'http://127.0.0.1:43375/', 'http://127.0.0.1:42463/', 'http://127.0.0.1:44233/', 'http://127.0.0.1:42117/', 'http://127.0.0.1:34721/', 'http://127.0.0.1:36547/', 'http://127.0.0.1:46071/', 'http://127.0.0.1:46071/']: sec=0.01, result=[1, '', 0]
[rosmaster.master][INFO] 2025-11-18 22:10:51,492: +SUB [/clock] /move_group_commander_wrappers_1763500251419152048 http://127.0.0.1:46071/
[rosmaster.master][INFO] 2025-11-18 22:10:51,993: +PUB [/rosout] /deplacement_tiago_arm_1236_1763500251495 http://127.0.0.1:46081/
[rosmaster.master][INFO] 2025-11-18 22:10:51,995: publisherUpdate[/rosout] -> http://127.0.0.1:33309/ ['http://127.0.0.1:39457/', 'http://127.0.0.1:34069/', 'http://127.0.0.1:33749/', 'http://127.0.0.1:46537/', 'http://127.0.0.1:32949/', 'http://127.0.0.1:45191/', 'http://127.0.0.1:34371/', 'http://127.0.0.1:36733/', 'http://127.0.0.1:46789/', 'http://127.0.0.1:44653/', 'http://127.0.0.1:38227/', 'http://127.0.0.1:36797/', 'http://127.0.0.1:35081/', 'http://127.0.0.1:43375/', 'http://127.0.0.1:42463/', 'http://127.0.0.1:44233/', 'http://127.0.0.1:42117/', 'http://127.0.0.1:34721/', 'http://127.0.0.1:36547/', 'http://127.0.0.1:46071/', 'http://127.0.0.1:46071/', 'http://127.0.0.1:46081/']
[rosmaster.master][INFO] 2025-11-18 22:10:52,001: publisherUpdate[/rosout] -> http://127.0.0.1:33309/ ['http://127.0.0.1:39457/', 'http://127.0.0.1:34069/', 'http://127.0.0.1:33749/', 'http://127.0.0.1:46537/', 'http://127.0.0.1:32949/', 'http://127.0.0.1:45191/', 'http://127.0.0.1:34371/', 'http://127.0.0.1:36733/', 'http://127.0.0.1:46789/', 'http://127.0.0.1:44653/', 'http://127.0.0.1:38227/', 'http://127.0.0.1:36797/', 'http://127.0.0.1:35081/', 'http://127.0.0.1:43375/', 'http://127.0.0.1:42463/', 'http://127.0.0.1:44233/', 'http://127.0.0.1:42117/', 'http://127.0.0.1:34721/', 'http://127.0.0.1:36547/', 'http://127.0.0.1:46071/', 'http://127.0.0.1:46071/', 'http://127.0.0.1:46081/']: sec=0.01, result=[1, '', 0]
[rosmaster.master][INFO] 2025-11-18 22:10:52,006: +SUB [/clock] /deplacement_tiago_arm_1236_1763500251495 http://127.0.0.1:46081/
[rosmaster.master][INFO] 2025-11-18 22:10:52,022: +SERVICE [/deplacement_tiago_arm_1236_1763500251495/get_loggers] /deplacement_tiago_arm_1236_1763500251495 http://127.0.0.1:46081/
[rosmaster.master][INFO] 2025-11-18 22:10:52,025: +SERVICE [/deplacement_tiago_arm_1236_1763500251495/set_logger_level] /deplacement_tiago_arm_1236_1763500251495 http://127.0.0.1:46081/
[rosmaster.master][INFO] 2025-11-18 22:10:52,083: +CACHEDPARAM [/rosout_disable_topics_generation] by /move_group_commander_wrappers_1763500251419152048
[rosmaster.master][INFO] 2025-11-18 22:10:53,025: +SUB [/tf] /move_group_commander_wrappers_1763500251419152048 http://127.0.0.1:46071/
[rosmaster.master][INFO] 2025-11-18 22:10:53,031: +SUB [/tf_static] /move_group_commander_wrappers_1763500251419152048 http://127.0.0.1:46071/
[rosmaster.master][INFO] 2025-11-18 22:10:53,049: +PUB [/planning_scene] /move_group_commander_wrappers_1763500251419152048 http://127.0.0.1:46071/
[rosmaster.master][INFO] 2025-11-18 22:10:53,070: +PUB [/collision_object] /deplacement_tiago_arm_1236_1763500251495 http://127.0.0.1:46081/
[rosmaster.master][INFO] 2025-11-18 22:10:53,081: +PUB [/attached_collision_object] /deplacement_tiago_arm_1236_1763500251495 http://127.0.0.1:46081/
[rosmaster.master][INFO] 2025-11-18 22:10:53,092: +PUB [/trajectory_execution_event] /move_group_commander_wrappers_1763500251419152048 http://127.0.0.1:46071/
[rosmaster.master][INFO] 2025-11-18 22:10:53,093: +PUB [/attached_collision_object] /move_group_commander_wrappers_1763500251419152048 http://127.0.0.1:46071/
[rosmaster.master][INFO] 2025-11-18 22:10:53,114: +SUB [/move_group/status] /move_group_commander_wrappers_1763500251419152048 http://127.0.0.1:46071/
[rosmaster.master][INFO] 2025-11-18 22:10:53,120: publisherUpdate[/planning_scene] -> http://127.0.0.1:34371/ ['http://127.0.0.1:46071/']
[rosmaster.master][INFO] 2025-11-18 22:10:53,137: +SUB [/move_group/feedback] /move_group_commander_wrappers_1763500251419152048 http://127.0.0.1:46071/
[rosmaster.master][INFO] 2025-11-18 22:10:53,149: +SUB [/move_group/result] /move_group_commander_wrappers_1763500251419152048 http://127.0.0.1:46071/
[rosmaster.master][INFO] 2025-11-18 22:10:53,153: +PUB [/move_group/goal] /move_group_commander_wrappers_1763500251419152048 http://127.0.0.1:46071/
[rosmaster.master][INFO] 2025-11-18 22:10:53,157: +PUB [/move_group/cancel] /move_group_commander_wrappers_1763500251419152048 http://127.0.0.1:46071/
[rosmaster.master][INFO] 2025-11-18 22:10:53,198: publisherUpdate[/planning_scene] -> http://127.0.0.1:34371/ ['http://127.0.0.1:46071/']: sec=0.08, result=[1, '', 0]
[rosmaster.master][INFO] 2025-11-18 22:10:53,200: publisherUpdate[/collision_object] -> http://127.0.0.1:34371/ ['http://127.0.0.1:46081/']
[rosmaster.master][INFO] 2025-11-18 22:10:53,246: publisherUpdate[/collision_object] -> http://127.0.0.1:34371/ ['http://127.0.0.1:46081/']: sec=0.05, result=[1, '', 0]
[rosmaster.master][INFO] 2025-11-18 22:10:53,246: publisherUpdate[/attached_collision_object] -> http://127.0.0.1:34371/ ['http://127.0.0.1:33749/', 'http://127.0.0.1:46081/']
[rosmaster.master][INFO] 2025-11-18 22:10:53,247: publisherUpdate[/attached_collision_object] -> http://127.0.0.1:34371/ ['http://127.0.0.1:33749/', 'http://127.0.0.1:46081/']: sec=0.00, result=[1, '', 0]
[rosmaster.master][INFO] 2025-11-18 22:10:53,247: publisherUpdate[/trajectory_execution_event] -> http://127.0.0.1:34371/ ['http://127.0.0.1:33749/', 'http://127.0.0.1:46071/']
[rosmaster.master][INFO] 2025-11-18 22:10:53,251: publisherUpdate[/trajectory_execution_event] -> http://127.0.0.1:34371/ ['http://127.0.0.1:33749/', 'http://127.0.0.1:46071/']: sec=0.00, result=[1, '', 0]
[rosmaster.master][INFO] 2025-11-18 22:10:53,252: publisherUpdate[/attached_collision_object] -> http://127.0.0.1:34371/ ['http://127.0.0.1:33749/', 'http://127.0.0.1:46081/', 'http://127.0.0.1:46071/']
[rosmaster.master][INFO] 2025-11-18 22:10:53,257: publisherUpdate[/attached_collision_object] -> http://127.0.0.1:34371/ ['http://127.0.0.1:33749/', 'http://127.0.0.1:46081/', 'http://127.0.0.1:46071/']: sec=0.00, result=[1, '', 0]
[rosmaster.master][INFO] 2025-11-18 22:10:53,258: publisherUpdate[/move_group/goal] -> http://127.0.0.1:34371/ ['http://127.0.0.1:33749/', 'http://127.0.0.1:46071/']
[rosmaster.master][INFO] 2025-11-18 22:10:53,262: publisherUpdate[/move_group/goal] -> http://127.0.0.1:34371/ ['http://127.0.0.1:33749/', 'http://127.0.0.1:46071/']: sec=0.00, result=[1, '', 0]
[rosmaster.master][INFO] 2025-11-18 22:10:53,263: publisherUpdate[/move_group/cancel] -> http://127.0.0.1:34371/ ['http://127.0.0.1:33749/', 'http://127.0.0.1:46071/']
[rosmaster.master][INFO] 2025-11-18 22:10:53,264: publisherUpdate[/move_group/cancel] -> http://127.0.0.1:34371/ ['http://127.0.0.1:33749/', 'http://127.0.0.1:46071/']: sec=0.00, result=[1, '', 0]
[rosmaster.master][INFO] 2025-11-18 22:10:53,571: +SUB [/pickup/status] /move_group_commander_wrappers_1763500251419152048 http://127.0.0.1:46071/
[rosmaster.master][INFO] 2025-11-18 22:10:53,587: +SUB [/pickup/feedback] /move_group_commander_wrappers_1763500251419152048 http://127.0.0.1:46071/
[rosmaster.master][INFO] 2025-11-18 22:10:53,603: +SUB [/pickup/result] /move_group_commander_wrappers_1763500251419152048 http://127.0.0.1:46071/
[rosmaster.master][INFO] 2025-11-18 22:10:53,608: +PUB [/pickup/goal] /move_group_commander_wrappers_1763500251419152048 http://127.0.0.1:46071/
[rosmaster.master][INFO] 2025-11-18 22:10:53,614: +PUB [/pickup/cancel] /move_group_commander_wrappers_1763500251419152048 http://127.0.0.1:46071/
[rosmaster.master][INFO] 2025-11-18 22:10:53,638: publisherUpdate[/pickup/goal] -> http://127.0.0.1:34371/ ['http://127.0.0.1:33749/', 'http://127.0.0.1:46071/']
[rosmaster.master][INFO] 2025-11-18 22:10:53,703: publisherUpdate[/pickup/goal] -> http://127.0.0.1:34371/ ['http://127.0.0.1:33749/', 'http://127.0.0.1:46071/']: sec=0.06, result=[1, '', 0]
[rosmaster.master][INFO] 2025-11-18 22:10:53,704: publisherUpdate[/pickup/cancel] -> http://127.0.0.1:34371/ ['http://127.0.0.1:33749/', 'http://127.0.0.1:46071/']
[rosmaster.master][INFO] 2025-11-18 22:10:53,706: publisherUpdate[/pickup/cancel] -> http://127.0.0.1:34371/ ['http://127.0.0.1:33749/', 'http://127.0.0.1:46071/']: sec=0.00, result=[1, '', 0]
[rosmaster.master][INFO] 2025-11-18 22:10:53,921: +SUB [/place/status] /move_group_commander_wrappers_1763500251419152048 http://127.0.0.1:46071/
[rosmaster.master][INFO] 2025-11-18 22:10:53,945: +SUB [/place/feedback] /move_group_commander_wrappers_1763500251419152048 http://127.0.0.1:46071/
[rosmaster.master][INFO] 2025-11-18 22:10:53,965: +SUB [/place/result] /move_group_commander_wrappers_1763500251419152048 http://127.0.0.1:46071/
[rosmaster.master][INFO] 2025-11-18 22:10:53,969: +PUB [/place/goal] /move_group_commander_wrappers_1763500251419152048 http://127.0.0.1:46071/
[rosmaster.master][INFO] 2025-11-18 22:10:53,974: publisherUpdate[/place/goal] -> http://127.0.0.1:34371/ ['http://127.0.0.1:33749/', 'http://127.0.0.1:46071/']
[rosmaster.master][INFO] 2025-11-18 22:10:53,978: +PUB [/place/cancel] /move_group_commander_wrappers_1763500251419152048 http://127.0.0.1:46071/
[rosmaster.master][INFO] 2025-11-18 22:10:54,028: publisherUpdate[/place/goal] -> http://127.0.0.1:34371/ ['http://127.0.0.1:33749/', 'http://127.0.0.1:46071/']: sec=0.05, result=[1, '', 0]
[rosmaster.master][INFO] 2025-11-18 22:10:54,030: publisherUpdate[/place/cancel] -> http://127.0.0.1:34371/ ['http://127.0.0.1:33749/', 'http://127.0.0.1:46071/']
[rosmaster.master][INFO] 2025-11-18 22:10:54,074: publisherUpdate[/place/cancel] -> http://127.0.0.1:34371/ ['http://127.0.0.1:33749/', 'http://127.0.0.1:46071/']: sec=0.04, result=[1, '', 0]
[rosmaster.master][INFO] 2025-11-18 22:10:54,256: +SUB [/execute_trajectory/status] /move_group_commander_wrappers_1763500251419152048 http://127.0.0.1:46071/
[rosmaster.master][INFO] 2025-11-18 22:10:54,268: +SUB [/execute_trajectory/feedback] /move_group_commander_wrappers_1763500251419152048 http://127.0.0.1:46071/
[rosmaster.master][INFO] 2025-11-18 22:10:54,271: +SUB [/execute_trajectory/result] /move_group_commander_wrappers_1763500251419152048 http://127.0.0.1:46071/
[rosmaster.master][INFO] 2025-11-18 22:10:54,279: +PUB [/execute_trajectory/goal] /move_group_commander_wrappers_1763500251419152048 http://127.0.0.1:46071/
[rosmaster.master][INFO] 2025-11-18 22:10:54,279: publisherUpdate[/execute_trajectory/goal] -> http://127.0.0.1:34371/ ['http://127.0.0.1:33749/', 'http://127.0.0.1:46071/']
[rosmaster.master][INFO] 2025-11-18 22:10:54,284: +PUB [/execute_trajectory/cancel] /move_group_commander_wrappers_1763500251419152048 http://127.0.0.1:46071/
[rosmaster.master][INFO] 2025-11-18 22:10:54,339: publisherUpdate[/execute_trajectory/goal] -> http://127.0.0.1:34371/ ['http://127.0.0.1:33749/', 'http://127.0.0.1:46071/']: sec=0.06, result=[1, '', 0]
[rosmaster.master][INFO] 2025-11-18 22:10:54,339: publisherUpdate[/execute_trajectory/cancel] -> http://127.0.0.1:34371/ ['http://127.0.0.1:33749/', 'http://127.0.0.1:46071/']
[rosmaster.master][INFO] 2025-11-18 22:10:54,391: publisherUpdate[/execute_trajectory/cancel] -> http://127.0.0.1:34371/ ['http://127.0.0.1:33749/', 'http://127.0.0.1:46071/']: sec=0.05, result=[1, '', 0]
[rosmaster.master][INFO] 2025-11-18 22:10:58,206: +CACHEDPARAM [/rosout_disable_topics_generation] by /deplacement_tiago_arm_1236_1763500251495
[rosmaster.master][INFO] 2025-11-18 22:10:58,222: +SUB [/wrist_cam/image_raw] /deplacement_tiago_arm_1236_1763500251495 http://127.0.0.1:46081/
[rosmaster.master][INFO] 2025-11-18 22:11:00,727: +CACHEDPARAM [/rosout_disable_topics_generation] by /deplacement_tiago_arm_1236_1763500251495
[rosmaster.master][INFO] 2025-11-18 22:11:00,743: -SUB [/clock] /deplacement_tiago_arm_1236_1763500251495 http://127.0.0.1:46081/
[rosmaster.master][INFO] 2025-11-18 22:11:00,743: -SUB [/wrist_cam/image_raw] /deplacement_tiago_arm_1236_1763500251495 http://127.0.0.1:46081/
[rosmaster.master][INFO] 2025-11-18 22:11:00,743: -PUB [/rosout] /deplacement_tiago_arm_1236_1763500251495 http://127.0.0.1:46081/
[rosmaster.master][INFO] 2025-11-18 22:11:00,743: -PUB [/collision_object] /deplacement_tiago_arm_1236_1763500251495 http://127.0.0.1:46081/
[rosmaster.master][INFO] 2025-11-18 22:11:00,744: -PUB [/attached_collision_object] /deplacement_tiago_arm_1236_1763500251495 http://127.0.0.1:46081/
[rosmaster.master][INFO] 2025-11-18 22:11:00,745: -SERVICE [/deplacement_tiago_arm_1236_1763500251495/get_loggers] /deplacement_tiago_arm_1236_1763500251495 rosrpc://127.0.0.1:45629
[rosmaster.master][INFO] 2025-11-18 22:11:00,747: -SERVICE [/deplacement_tiago_arm_1236_1763500251495/set_logger_level] /deplacement_tiago_arm_1236_1763500251495 rosrpc://127.0.0.1:45629
[rosmaster.master][INFO] 2025-11-18 22:11:00,776: publisherUpdate[/rosout] -> http://127.0.0.1:33309/ ['http://127.0.0.1:39457/', 'http://127.0.0.1:34069/', 'http://127.0.0.1:33749/', 'http://127.0.0.1:46537/', 'http://127.0.0.1:32949/', 'http://127.0.0.1:45191/', 'http://127.0.0.1:34371/', 'http://127.0.0.1:36733/', 'http://127.0.0.1:46789/', 'http://127.0.0.1:44653/', 'http://127.0.0.1:38227/', 'http://127.0.0.1:36797/', 'http://127.0.0.1:35081/', 'http://127.0.0.1:43375/', 'http://127.0.0.1:42463/', 'http://127.0.0.1:44233/', 'http://127.0.0.1:42117/', 'http://127.0.0.1:34721/', 'http://127.0.0.1:36547/', 'http://127.0.0.1:46071/', 'http://127.0.0.1:46071/']
[rosmaster.master][INFO] 2025-11-18 22:11:00,785: publisherUpdate[/rosout] -> http://127.0.0.1:33309/ ['http://127.0.0.1:39457/', 'http://127.0.0.1:34069/', 'http://127.0.0.1:33749/', 'http://127.0.0.1:46537/', 'http://127.0.0.1:32949/', 'http://127.0.0.1:45191/', 'http://127.0.0.1:34371/', 'http://127.0.0.1:36733/', 'http://127.0.0.1:46789/', 'http://127.0.0.1:44653/', 'http://127.0.0.1:38227/', 'http://127.0.0.1:36797/', 'http://127.0.0.1:35081/', 'http://127.0.0.1:43375/', 'http://127.0.0.1:42463/', 'http://127.0.0.1:44233/', 'http://127.0.0.1:42117/', 'http://127.0.0.1:34721/', 'http://127.0.0.1:36547/', 'http://127.0.0.1:46071/', 'http://127.0.0.1:46071/']: sec=0.00, result=[1, '', 0]
[rosmaster.master][INFO] 2025-11-18 22:11:00,786: publisherUpdate[/collision_object] -> http://127.0.0.1:34371/ []
[rosmaster.master][INFO] 2025-11-18 22:11:00,786: publisherUpdate[/collision_object] -> http://127.0.0.1:34371/ []: sec=0.00, result=[1, '', 0]
[rosmaster.master][INFO] 2025-11-18 22:11:00,787: publisherUpdate[/attached_collision_object] -> http://127.0.0.1:34371/ ['http://127.0.0.1:33749/', 'http://127.0.0.1:46071/']
[rosmaster.master][INFO] 2025-11-18 22:11:00,787: publisherUpdate[/attached_collision_object] -> http://127.0.0.1:34371/ ['http://127.0.0.1:33749/', 'http://127.0.0.1:46071/']: sec=0.00, result=[1, '', 0]
[rosmaster.master][INFO] 2025-11-18 22:11:01,564: -PUB [/planning_scene] /move_group_commander_wrappers_1763500251419152048 http://127.0.0.1:46071/
[rosmaster.master][INFO] 2025-11-18 22:11:01,572: -PUB [/attached_collision_object] /move_group_commander_wrappers_1763500251419152048 http://127.0.0.1:46071/
[rosmaster.master][INFO] 2025-11-18 22:11:01,578: -PUB [/trajectory_execution_event] /move_group_commander_wrappers_1763500251419152048 http://127.0.0.1:46071/
[rosmaster.master][INFO] 2025-11-18 22:11:01,583: -SUB [/place/status] /move_group_commander_wrappers_1763500251419152048 http://127.0.0.1:46071/
[rosmaster.master][INFO] 2025-11-18 22:11:01,588: -PUB [/place/cancel] /move_group_commander_wrappers_1763500251419152048 http://127.0.0.1:46071/
[rosmaster.master][INFO] 2025-11-18 22:11:01,589: -PUB [/place/goal] /move_group_commander_wrappers_1763500251419152048 http://127.0.0.1:46071/
[rosmaster.master][INFO] 2025-11-18 22:11:01,592: -SUB [/place/feedback] /move_group_commander_wrappers_1763500251419152048 http://127.0.0.1:46071/
[rosmaster.master][INFO] 2025-11-18 22:11:01,595: publisherUpdate[/planning_scene] -> http://127.0.0.1:34371/ []
[rosmaster.master][INFO] 2025-11-18 22:11:01,598: -SUB [/place/result] /move_group_commander_wrappers_1763500251419152048 http://127.0.0.1:46071/
[rosmaster.master][INFO] 2025-11-18 22:11:01,603: publisherUpdate[/planning_scene] -> http://127.0.0.1:34371/ []: sec=0.00, result=[1, '', 0]
[rosmaster.master][INFO] 2025-11-18 22:11:01,604: -SUB [/pickup/status] /move_group_commander_wrappers_1763500251419152048 http://127.0.0.1:46071/
[rosmaster.master][INFO] 2025-11-18 22:11:01,604: publisherUpdate[/attached_collision_object] -> http://127.0.0.1:34371/ ['http://127.0.0.1:33749/']
[rosmaster.master][INFO] 2025-11-18 22:11:01,606: publisherUpdate[/attached_collision_object] -> http://127.0.0.1:34371/ ['http://127.0.0.1:33749/']: sec=0.00, result=[1, '', 0]
[rosmaster.master][INFO] 2025-11-18 22:11:01,609: publisherUpdate[/trajectory_execution_event] -> http://127.0.0.1:34371/ ['http://127.0.0.1:33749/']
[rosmaster.master][INFO] 2025-11-18 22:11:01,608: -PUB [/pickup/cancel] /move_group_commander_wrappers_1763500251419152048 http://127.0.0.1:46071/
[rosmaster.master][INFO] 2025-11-18 22:11:01,615: publisherUpdate[/trajectory_execution_event] -> http://127.0.0.1:34371/ ['http://127.0.0.1:33749/']: sec=0.01, result=[1, '', 0]
[rosmaster.master][INFO] 2025-11-18 22:11:01,617: publisherUpdate[/place/cancel] -> http://127.0.0.1:34371/ ['http://127.0.0.1:33749/']
[rosmaster.master][INFO] 2025-11-18 22:11:01,620: -PUB [/pickup/goal] /move_group_commander_wrappers_1763500251419152048 http://127.0.0.1:46071/
[rosmaster.master][INFO] 2025-11-18 22:11:01,621: publisherUpdate[/place/cancel] -> http://127.0.0.1:34371/ ['http://127.0.0.1:33749/']: sec=0.00, result=[1, '', 0]
[rosmaster.master][INFO] 2025-11-18 22:11:01,625: publisherUpdate[/place/goal] -> http://127.0.0.1:34371/ ['http://127.0.0.1:33749/']
[rosmaster.master][INFO] 2025-11-18 22:11:01,624: -SUB [/pickup/feedback] /move_group_commander_wrappers_1763500251419152048 http://127.0.0.1:46071/
[rosmaster.master][INFO] 2025-11-18 22:11:01,636: publisherUpdate[/place/goal] -> http://127.0.0.1:34371/ ['http://127.0.0.1:33749/']: sec=0.01, result=[1, '', 0]
[rosmaster.master][INFO] 2025-11-18 22:11:01,636: publisherUpdate[/pickup/cancel] -> http://127.0.0.1:34371/ ['http://127.0.0.1:33749/']
[rosmaster.master][INFO] 2025-11-18 22:11:01,637: -SUB [/pickup/result] /move_group_commander_wrappers_1763500251419152048 http://127.0.0.1:46071/
[rosmaster.master][INFO] 2025-11-18 22:11:01,638: -SUB [/execute_trajectory/status] /move_group_commander_wrappers_1763500251419152048 http://127.0.0.1:46071/
[rosmaster.master][INFO] 2025-11-18 22:11:01,638: publisherUpdate[/pickup/cancel] -> http://127.0.0.1:34371/ ['http://127.0.0.1:33749/']: sec=0.00, result=[1, '', 0]
[rosmaster.master][INFO] 2025-11-18 22:11:01,639: publisherUpdate[/pickup/goal] -> http://127.0.0.1:34371/ ['http://127.0.0.1:33749/']
[rosmaster.master][INFO] 2025-11-18 22:11:01,639: -PUB [/execute_trajectory/cancel] /move_group_commander_wrappers_1763500251419152048 http://127.0.0.1:46071/
[rosmaster.master][INFO] 2025-11-18 22:11:01,640: publisherUpdate[/pickup/goal] -> http://127.0.0.1:34371/ ['http://127.0.0.1:33749/']: sec=0.00, result=[1, '', 0]
[rosmaster.master][INFO] 2025-11-18 22:11:01,641: publisherUpdate[/execute_trajectory/cancel] -> http://127.0.0.1:34371/ ['http://127.0.0.1:33749/']
[rosmaster.master][INFO] 2025-11-18 22:11:01,640: -PUB [/execute_trajectory/goal] /move_group_commander_wrappers_1763500251419152048 http://127.0.0.1:46071/
[rosmaster.master][INFO] 2025-11-18 22:11:01,644: publisherUpdate[/execute_trajectory/cancel] -> http://127.0.0.1:34371/ ['http://127.0.0.1:33749/']: sec=0.00, result=[1, '', 0]
[rosmaster.master][INFO] 2025-11-18 22:11:01,649: publisherUpdate[/execute_trajectory/goal] -> http://127.0.0.1:34371/ ['http://127.0.0.1:33749/']
[rosmaster.master][INFO] 2025-11-18 22:11:01,649: -SUB [/execute_trajectory/feedback] /move_group_commander_wrappers_1763500251419152048 http://127.0.0.1:46071/
[rosmaster.master][INFO] 2025-11-18 22:11:01,654: publisherUpdate[/execute_trajectory/goal] -> http://127.0.0.1:34371/ ['http://127.0.0.1:33749/']: sec=0.00, result=[1, '', 0]
[rosmaster.master][INFO] 2025-11-18 22:11:01,659: -SUB [/execute_trajectory/result] /move_group_commander_wrappers_1763500251419152048 http://127.0.0.1:46071/
[rosmaster.master][INFO] 2025-11-18 22:11:01,664: -SUB [/move_group/status] /move_group_commander_wrappers_1763500251419152048 http://127.0.0.1:46071/
[rosmaster.master][INFO] 2025-11-18 22:11:01,668: -PUB [/move_group/cancel] /move_group_commander_wrappers_1763500251419152048 http://127.0.0.1:46071/
[rosmaster.master][INFO] 2025-11-18 22:11:01,672: -PUB [/move_group/goal] /move_group_commander_wrappers_1763500251419152048 http://127.0.0.1:46071/
[rosmaster.master][INFO] 2025-11-18 22:11:01,676: -SUB [/move_group/feedback] /move_group_commander_wrappers_1763500251419152048 http://127.0.0.1:46071/
[rosmaster.master][INFO] 2025-11-18 22:11:01,679: -SUB [/move_group/result] /move_group_commander_wrappers_1763500251419152048 http://127.0.0.1:46071/
[rosmaster.master][INFO] 2025-11-18 22:11:01,695: -SUB [/tf_static] /move_group_commander_wrappers_1763500251419152048 http://127.0.0.1:46071/
[rosmaster.master][INFO] 2025-11-18 22:11:01,696: -SUB [/tf] /move_group_commander_wrappers_1763500251419152048 http://127.0.0.1:46071/
[rosmaster.master][INFO] 2025-11-18 22:11:01,708: publisherUpdate[/move_group/cancel] -> http://127.0.0.1:34371/ ['http://127.0.0.1:33749/']
[rosmaster.master][INFO] 2025-11-18 22:11:01,713: publisherUpdate[/move_group/cancel] -> http://127.0.0.1:34371/ ['http://127.0.0.1:33749/']: sec=0.00, result=[1, '', 0]
[rosmaster.master][INFO] 2025-11-18 22:11:01,714: publisherUpdate[/move_group/goal] -> http://127.0.0.1:34371/ ['http://127.0.0.1:33749/']
[rosmaster.master][INFO] 2025-11-18 22:11:01,722: publisherUpdate[/move_group/goal] -> http://127.0.0.1:34371/ ['http://127.0.0.1:33749/']: sec=0.01, result=[1, '', 0]
[rosmaster.master][INFO] 2025-11-18 22:13:05,523: +PUB [/rosout] /move_group_commander_wrappers_1763500385486595039 http://127.0.0.1:42857/
[rosmaster.master][INFO] 2025-11-18 22:13:05,530: publisherUpdate[/rosout] -> http://127.0.0.1:33309/ ['http://127.0.0.1:39457/', 'http://127.0.0.1:34069/', 'http://127.0.0.1:33749/', 'http://127.0.0.1:46537/', 'http://127.0.0.1:32949/', 'http://127.0.0.1:45191/', 'http://127.0.0.1:34371/', 'http://127.0.0.1:36733/', 'http://127.0.0.1:46789/', 'http://127.0.0.1:44653/', 'http://127.0.0.1:38227/', 'http://127.0.0.1:36797/', 'http://127.0.0.1:35081/', 'http://127.0.0.1:43375/', 'http://127.0.0.1:42463/', 'http://127.0.0.1:44233/', 'http://127.0.0.1:42117/', 'http://127.0.0.1:34721/', 'http://127.0.0.1:36547/', 'http://127.0.0.1:46071/', 'http://127.0.0.1:46071/', 'http://127.0.0.1:42857/']
[rosmaster.master][INFO] 2025-11-18 22:13:05,533: +SERVICE [/move_group_commander_wrappers_1763500385486595039/get_loggers] /move_group_commander_wrappers_1763500385486595039 http://127.0.0.1:42857/
[rosmaster.master][INFO] 2025-11-18 22:13:05,537: +SERVICE [/move_group_commander_wrappers_1763500385486595039/set_logger_level] /move_group_commander_wrappers_1763500385486595039 http://127.0.0.1:42857/
[rosmaster.master][INFO] 2025-11-18 22:13:05,541: publisherUpdate[/rosout] -> http://127.0.0.1:33309/ ['http://127.0.0.1:39457/', 'http://127.0.0.1:34069/', 'http://127.0.0.1:33749/', 'http://127.0.0.1:46537/', 'http://127.0.0.1:32949/', 'http://127.0.0.1:45191/', 'http://127.0.0.1:34371/', 'http://127.0.0.1:36733/', 'http://127.0.0.1:46789/', 'http://127.0.0.1:44653/', 'http://127.0.0.1:38227/', 'http://127.0.0.1:36797/', 'http://127.0.0.1:35081/', 'http://127.0.0.1:43375/', 'http://127.0.0.1:42463/', 'http://127.0.0.1:44233/', 'http://127.0.0.1:42117/', 'http://127.0.0.1:34721/', 'http://127.0.0.1:36547/', 'http://127.0.0.1:46071/', 'http://127.0.0.1:46071/', 'http://127.0.0.1:42857/']: sec=0.01, result=[1, '', 0]
[rosmaster.master][INFO] 2025-11-18 22:13:05,594: +SUB [/clock] /move_group_commander_wrappers_1763500385486595039 http://127.0.0.1:42857/
[rosmaster.master][INFO] 2025-11-18 22:13:06,220: +PUB [/rosout] /deplacement_tiago_arm_1259_1763500385598 http://127.0.0.1:43085/
[rosmaster.master][INFO] 2025-11-18 22:13:06,240: publisherUpdate[/rosout] -> http://127.0.0.1:33309/ ['http://127.0.0.1:39457/', 'http://127.0.0.1:34069/', 'http://127.0.0.1:33749/', 'http://127.0.0.1:46537/', 'http://127.0.0.1:32949/', 'http://127.0.0.1:45191/', 'http://127.0.0.1:34371/', 'http://127.0.0.1:36733/', 'http://127.0.0.1:46789/', 'http://127.0.0.1:44653/', 'http://127.0.0.1:38227/', 'http://127.0.0.1:36797/', 'http://127.0.0.1:35081/', 'http://127.0.0.1:43375/', 'http://127.0.0.1:42463/', 'http://127.0.0.1:44233/', 'http://127.0.0.1:42117/', 'http://127.0.0.1:34721/', 'http://127.0.0.1:36547/', 'http://127.0.0.1:46071/', 'http://127.0.0.1:46071/', 'http://127.0.0.1:42857/', 'http://127.0.0.1:43085/']
[rosmaster.master][INFO] 2025-11-18 22:13:06,248: publisherUpdate[/rosout] -> http://127.0.0.1:33309/ ['http://127.0.0.1:39457/', 'http://127.0.0.1:34069/', 'http://127.0.0.1:33749/', 'http://127.0.0.1:46537/', 'http://127.0.0.1:32949/', 'http://127.0.0.1:45191/', 'http://127.0.0.1:34371/', 'http://127.0.0.1:36733/', 'http://127.0.0.1:46789/', 'http://127.0.0.1:44653/', 'http://127.0.0.1:38227/', 'http://127.0.0.1:36797/', 'http://127.0.0.1:35081/', 'http://127.0.0.1:43375/', 'http://127.0.0.1:42463/', 'http://127.0.0.1:44233/', 'http://127.0.0.1:42117/', 'http://127.0.0.1:34721/', 'http://127.0.0.1:36547/', 'http://127.0.0.1:46071/', 'http://127.0.0.1:46071/', 'http://127.0.0.1:42857/', 'http://127.0.0.1:43085/']: sec=0.01, result=[1, '', 0]
[rosmaster.master][INFO] 2025-11-18 22:13:06,252: +SUB [/clock] /deplacement_tiago_arm_1259_1763500385598 http://127.0.0.1:43085/
[rosmaster.master][INFO] 2025-11-18 22:13:06,280: +SERVICE [/deplacement_tiago_arm_1259_1763500385598/get_loggers] /deplacement_tiago_arm_1259_1763500385598 http://127.0.0.1:43085/
[rosmaster.master][INFO] 2025-11-18 22:13:06,297: +SERVICE [/deplacement_tiago_arm_1259_1763500385598/set_logger_level] /deplacement_tiago_arm_1259_1763500385598 http://127.0.0.1:43085/
[rosmaster.master][INFO] 2025-11-18 22:13:06,356: +CACHEDPARAM [/rosout_disable_topics_generation] by /move_group_commander_wrappers_1763500385486595039
[rosmaster.master][INFO] 2025-11-18 22:13:07,392: +SUB [/tf] /move_group_commander_wrappers_1763500385486595039 http://127.0.0.1:42857/
[rosmaster.master][INFO] 2025-11-18 22:13:07,436: +SUB [/tf_static] /move_group_commander_wrappers_1763500385486595039 http://127.0.0.1:42857/
[rosmaster.master][INFO] 2025-11-18 22:13:07,446: +PUB [/planning_scene] /move_group_commander_wrappers_1763500385486595039 http://127.0.0.1:42857/
[rosmaster.master][INFO] 2025-11-18 22:13:07,470: publisherUpdate[/planning_scene] -> http://127.0.0.1:34371/ ['http://127.0.0.1:42857/']
[rosmaster.master][INFO] 2025-11-18 22:13:07,474: publisherUpdate[/planning_scene] -> http://127.0.0.1:34371/ ['http://127.0.0.1:42857/']: sec=0.00, result=[1, '', 0]
[rosmaster.master][INFO] 2025-11-18 22:13:07,495: +PUB [/collision_object] /deplacement_tiago_arm_1259_1763500385598 http://127.0.0.1:43085/
[rosmaster.master][INFO] 2025-11-18 22:13:07,508: +PUB [/attached_collision_object] /deplacement_tiago_arm_1259_1763500385598 http://127.0.0.1:43085/
[rosmaster.master][INFO] 2025-11-18 22:13:07,525: +PUB [/trajectory_execution_event] /move_group_commander_wrappers_1763500385486595039 http://127.0.0.1:42857/
[rosmaster.master][INFO] 2025-11-18 22:13:07,538: +PUB [/attached_collision_object] /move_group_commander_wrappers_1763500385486595039 http://127.0.0.1:42857/
[rosmaster.master][INFO] 2025-11-18 22:13:07,543: publisherUpdate[/collision_object] -> http://127.0.0.1:34371/ ['http://127.0.0.1:43085/']
[rosmaster.master][INFO] 2025-11-18 22:13:07,547: publisherUpdate[/collision_object] -> http://127.0.0.1:34371/ ['http://127.0.0.1:43085/']: sec=0.00, result=[1, '', 0]
[rosmaster.master][INFO] 2025-11-18 22:13:07,547: publisherUpdate[/attached_collision_object] -> http://127.0.0.1:34371/ ['http://127.0.0.1:33749/', 'http://127.0.0.1:43085/']
[rosmaster.master][INFO] 2025-11-18 22:13:07,549: publisherUpdate[/attached_collision_object] -> http://127.0.0.1:34371/ ['http://127.0.0.1:33749/', 'http://127.0.0.1:43085/']: sec=0.00, result=[1, '', 0]
[rosmaster.master][INFO] 2025-11-18 22:13:07,550: publisherUpdate[/trajectory_execution_event] -> http://127.0.0.1:34371/ ['http://127.0.0.1:33749/', 'http://127.0.0.1:42857/']
[rosmaster.master][INFO] 2025-11-18 22:13:07,587: publisherUpdate[/trajectory_execution_event] -> http://127.0.0.1:34371/ ['http://127.0.0.1:33749/', 'http://127.0.0.1:42857/']: sec=0.03, result=[1, '', 0]
[rosmaster.master][INFO] 2025-11-18 22:13:07,596: publisherUpdate[/attached_collision_object] -> http://127.0.0.1:34371/ ['http://127.0.0.1:33749/', 'http://127.0.0.1:43085/', 'http://127.0.0.1:42857/']
[rosmaster.master][INFO] 2025-11-18 22:13:07,599: +SUB [/move_group/status] /move_group_commander_wrappers_1763500385486595039 http://127.0.0.1:42857/
[rosmaster.master][INFO] 2025-11-18 22:13:07,631: publisherUpdate[/attached_collision_object] -> http://127.0.0.1:34371/ ['http://127.0.0.1:33749/', 'http://127.0.0.1:43085/', 'http://127.0.0.1:42857/']: sec=0.03, result=[1, '', 0]
[rosmaster.master][INFO] 2025-11-18 22:13:07,679: +SUB [/move_group/feedback] /move_group_commander_wrappers_1763500385486595039 http://127.0.0.1:42857/
[rosmaster.master][INFO] 2025-11-18 22:13:07,686: +SUB [/move_group/result] /move_group_commander_wrappers_1763500385486595039 http://127.0.0.1:42857/
[rosmaster.master][INFO] 2025-11-18 22:13:07,695: +PUB [/move_group/goal] /move_group_commander_wrappers_1763500385486595039 http://127.0.0.1:42857/
[rosmaster.master][INFO] 2025-11-18 22:13:07,699: +PUB [/move_group/cancel] /move_group_commander_wrappers_1763500385486595039 http://127.0.0.1:42857/
[rosmaster.master][INFO] 2025-11-18 22:13:07,734: publisherUpdate[/move_group/goal] -> http://127.0.0.1:34371/ ['http://127.0.0.1:33749/', 'http://127.0.0.1:42857/']
[rosmaster.master][INFO] 2025-11-18 22:13:07,805: publisherUpdate[/move_group/goal] -> http://127.0.0.1:34371/ ['http://127.0.0.1:33749/', 'http://127.0.0.1:42857/']: sec=0.07, result=[1, '', 0]
[rosmaster.master][INFO] 2025-11-18 22:13:07,807: publisherUpdate[/move_group/cancel] -> http://127.0.0.1:34371/ ['http://127.0.0.1:33749/', 'http://127.0.0.1:42857/']
[rosmaster.master][INFO] 2025-11-18 22:13:07,811: publisherUpdate[/move_group/cancel] -> http://127.0.0.1:34371/ ['http://127.0.0.1:33749/', 'http://127.0.0.1:42857/']: sec=0.00, result=[1, '', 0]
[rosmaster.master][INFO] 2025-11-18 22:13:08,051: +SUB [/pickup/status] /move_group_commander_wrappers_1763500385486595039 http://127.0.0.1:42857/
[rosmaster.master][INFO] 2025-11-18 22:13:08,072: +SUB [/pickup/feedback] /move_group_commander_wrappers_1763500385486595039 http://127.0.0.1:42857/
[rosmaster.master][INFO] 2025-11-18 22:13:08,084: +SUB [/pickup/result] /move_group_commander_wrappers_1763500385486595039 http://127.0.0.1:42857/
[rosmaster.master][INFO] 2025-11-18 22:13:08,090: +PUB [/pickup/goal] /move_group_commander_wrappers_1763500385486595039 http://127.0.0.1:42857/
[rosmaster.master][INFO] 2025-11-18 22:13:08,092: +PUB [/pickup/cancel] /move_group_commander_wrappers_1763500385486595039 http://127.0.0.1:42857/
[rosmaster.master][INFO] 2025-11-18 22:13:08,095: publisherUpdate[/pickup/goal] -> http://127.0.0.1:34371/ ['http://127.0.0.1:33749/', 'http://127.0.0.1:42857/']
[rosmaster.master][INFO] 2025-11-18 22:13:08,165: publisherUpdate[/pickup/goal] -> http://127.0.0.1:34371/ ['http://127.0.0.1:33749/', 'http://127.0.0.1:42857/']: sec=0.07, result=[1, '', 0]
[rosmaster.master][INFO] 2025-11-18 22:13:08,173: publisherUpdate[/pickup/cancel] -> http://127.0.0.1:34371/ ['http://127.0.0.1:33749/', 'http://127.0.0.1:42857/']
[rosmaster.master][INFO] 2025-11-18 22:13:08,221: publisherUpdate[/pickup/cancel] -> http://127.0.0.1:34371/ ['http://127.0.0.1:33749/', 'http://127.0.0.1:42857/']: sec=0.05, result=[1, '', 0]
[rosmaster.master][INFO] 2025-11-18 22:13:08,399: +SUB [/place/status] /move_group_commander_wrappers_1763500385486595039 http://127.0.0.1:42857/
[rosmaster.master][INFO] 2025-11-18 22:13:08,417: +SUB [/place/feedback] /move_group_commander_wrappers_1763500385486595039 http://127.0.0.1:42857/
[rosmaster.master][INFO] 2025-11-18 22:13:08,429: +SUB [/place/result] /move_group_commander_wrappers_1763500385486595039 http://127.0.0.1:42857/
[rosmaster.master][INFO] 2025-11-18 22:13:08,433: +PUB [/place/goal] /move_group_commander_wrappers_1763500385486595039 http://127.0.0.1:42857/
[rosmaster.master][INFO] 2025-11-18 22:13:08,437: +PUB [/place/cancel] /move_group_commander_wrappers_1763500385486595039 http://127.0.0.1:42857/
[rosmaster.master][INFO] 2025-11-18 22:13:08,443: publisherUpdate[/place/goal] -> http://127.0.0.1:34371/ ['http://127.0.0.1:33749/', 'http://127.0.0.1:42857/']
[rosmaster.master][INFO] 2025-11-18 22:13:08,511: publisherUpdate[/place/goal] -> http://127.0.0.1:34371/ ['http://127.0.0.1:33749/', 'http://127.0.0.1:42857/']: sec=0.07, result=[1, '', 0]
[rosmaster.master][INFO] 2025-11-18 22:13:08,512: publisherUpdate[/place/cancel] -> http://127.0.0.1:34371/ ['http://127.0.0.1:33749/', 'http://127.0.0.1:42857/']
[rosmaster.master][INFO] 2025-11-18 22:13:08,572: publisherUpdate[/place/cancel] -> http://127.0.0.1:34371/ ['http://127.0.0.1:33749/', 'http://127.0.0.1:42857/']: sec=0.06, result=[1, '', 0]
[rosmaster.master][INFO] 2025-11-18 22:13:08,763: +SUB [/execute_trajectory/status] /move_group_commander_wrappers_1763500385486595039 http://127.0.0.1:42857/
[rosmaster.master][INFO] 2025-11-18 22:13:08,776: +SUB [/execute_trajectory/feedback] /move_group_commander_wrappers_1763500385486595039 http://127.0.0.1:42857/
[rosmaster.master][INFO] 2025-11-18 22:13:08,812: +SUB [/execute_trajectory/result] /move_group_commander_wrappers_1763500385486595039 http://127.0.0.1:42857/
[rosmaster.master][INFO] 2025-11-18 22:13:08,818: +PUB [/execute_trajectory/goal] /move_group_commander_wrappers_1763500385486595039 http://127.0.0.1:42857/
[rosmaster.master][INFO] 2025-11-18 22:13:08,821: publisherUpdate[/execute_trajectory/goal] -> http://127.0.0.1:34371/ ['http://127.0.0.1:33749/', 'http://127.0.0.1:42857/']
[rosmaster.master][INFO] 2025-11-18 22:13:08,828: +PUB [/execute_trajectory/cancel] /move_group_commander_wrappers_1763500385486595039 http://127.0.0.1:42857/
[rosmaster.master][INFO] 2025-11-18 22:13:08,919: publisherUpdate[/execute_trajectory/goal] -> http://127.0.0.1:34371/ ['http://127.0.0.1:33749/', 'http://127.0.0.1:42857/']: sec=0.10, result=[1, '', 0]
[rosmaster.master][INFO] 2025-11-18 22:13:08,919: publisherUpdate[/execute_trajectory/cancel] -> http://127.0.0.1:34371/ ['http://127.0.0.1:33749/', 'http://127.0.0.1:42857/']
[rosmaster.master][INFO] 2025-11-18 22:13:08,929: publisherUpdate[/execute_trajectory/cancel] -> http://127.0.0.1:34371/ ['http://127.0.0.1:33749/', 'http://127.0.0.1:42857/']: sec=0.01, result=[1, '', 0]
[rosmaster.master][INFO] 2025-11-18 22:13:15,341: +CACHEDPARAM [/rosout_disable_topics_generation] by /deplacement_tiago_arm_1259_1763500385598
[rosmaster.master][INFO] 2025-11-18 22:13:15,365: +SUB [/wrist_cam/image_raw] /deplacement_tiago_arm_1259_1763500385598 http://127.0.0.1:43085/
[rosmaster.master][INFO] 2025-11-18 22:13:18,725: +CACHEDPARAM [/rosout_disable_topics_generation] by /deplacement_tiago_arm_1259_1763500385598
[rosmaster.master][INFO] 2025-11-18 22:13:18,738: -SUB [/clock] /deplacement_tiago_arm_1259_1763500385598 http://127.0.0.1:43085/
[rosmaster.master][INFO] 2025-11-18 22:13:18,739: -SUB [/wrist_cam/image_raw] /deplacement_tiago_arm_1259_1763500385598 http://127.0.0.1:43085/
[rosmaster.master][INFO] 2025-11-18 22:13:18,739: -PUB [/rosout] /deplacement_tiago_arm_1259_1763500385598 http://127.0.0.1:43085/
[rosmaster.master][INFO] 2025-11-18 22:13:18,754: -PUB [/collision_object] /deplacement_tiago_arm_1259_1763500385598 http://127.0.0.1:43085/
[rosmaster.master][INFO] 2025-11-18 22:13:18,759: -PUB [/attached_collision_object] /deplacement_tiago_arm_1259_1763500385598 http://127.0.0.1:43085/
[rosmaster.master][INFO] 2025-11-18 22:13:18,759: publisherUpdate[/rosout] -> http://127.0.0.1:33309/ ['http://127.0.0.1:39457/', 'http://127.0.0.1:34069/', 'http://127.0.0.1:33749/', 'http://127.0.0.1:46537/', 'http://127.0.0.1:32949/', 'http://127.0.0.1:45191/', 'http://127.0.0.1:34371/', 'http://127.0.0.1:36733/', 'http://127.0.0.1:46789/', 'http://127.0.0.1:44653/', 'http://127.0.0.1:38227/', 'http://127.0.0.1:36797/', 'http://127.0.0.1:35081/', 'http://127.0.0.1:43375/', 'http://127.0.0.1:42463/', 'http://127.0.0.1:44233/', 'http://127.0.0.1:42117/', 'http://127.0.0.1:34721/', 'http://127.0.0.1:36547/', 'http://127.0.0.1:46071/', 'http://127.0.0.1:46071/', 'http://127.0.0.1:42857/']
[rosmaster.master][INFO] 2025-11-18 22:13:18,762: -SERVICE [/deplacement_tiago_arm_1259_1763500385598/get_loggers] /deplacement_tiago_arm_1259_1763500385598 rosrpc://127.0.0.1:44013
[rosmaster.master][INFO] 2025-11-18 22:13:18,769: -SERVICE [/deplacement_tiago_arm_1259_1763500385598/set_logger_level] /deplacement_tiago_arm_1259_1763500385598 rosrpc://127.0.0.1:44013
[rosmaster.master][INFO] 2025-11-18 22:13:18,776: publisherUpdate[/rosout] -> http://127.0.0.1:33309/ ['http://127.0.0.1:39457/', 'http://127.0.0.1:34069/', 'http://127.0.0.1:33749/', 'http://127.0.0.1:46537/', 'http://127.0.0.1:32949/', 'http://127.0.0.1:45191/', 'http://127.0.0.1:34371/', 'http://127.0.0.1:36733/', 'http://127.0.0.1:46789/', 'http://127.0.0.1:44653/', 'http://127.0.0.1:38227/', 'http://127.0.0.1:36797/', 'http://127.0.0.1:35081/', 'http://127.0.0.1:43375/', 'http://127.0.0.1:42463/', 'http://127.0.0.1:44233/', 'http://127.0.0.1:42117/', 'http://127.0.0.1:34721/', 'http://127.0.0.1:36547/', 'http://127.0.0.1:46071/', 'http://127.0.0.1:46071/', 'http://127.0.0.1:42857/']: sec=0.01, result=[1, '', 0]
[rosmaster.master][INFO] 2025-11-18 22:13:18,777: publisherUpdate[/collision_object] -> http://127.0.0.1:34371/ []
[rosmaster.master][INFO] 2025-11-18 22:13:18,779: publisherUpdate[/collision_object] -> http://127.0.0.1:34371/ []: sec=0.00, result=[1, '', 0]
[rosmaster.master][INFO] 2025-11-18 22:13:18,780: publisherUpdate[/attached_collision_object] -> http://127.0.0.1:34371/ ['http://127.0.0.1:33749/', 'http://127.0.0.1:42857/']
[rosmaster.master][INFO] 2025-11-18 22:13:18,788: publisherUpdate[/attached_collision_object] -> http://127.0.0.1:34371/ ['http://127.0.0.1:33749/', 'http://127.0.0.1:42857/']: sec=0.01, result=[1, '', 0]
[rosmaster.master][INFO] 2025-11-18 22:13:19,528: -PUB [/planning_scene] /move_group_commander_wrappers_1763500385486595039 http://127.0.0.1:42857/
[rosmaster.master][INFO] 2025-11-18 22:13:19,537: -PUB [/attached_collision_object] /move_group_commander_wrappers_1763500385486595039 http://127.0.0.1:42857/
[rosmaster.master][INFO] 2025-11-18 22:13:19,541: -PUB [/trajectory_execution_event] /move_group_commander_wrappers_1763500385486595039 http://127.0.0.1:42857/
[rosmaster.master][INFO] 2025-11-18 22:13:19,546: -SUB [/place/status] /move_group_commander_wrappers_1763500385486595039 http://127.0.0.1:42857/
[rosmaster.master][INFO] 2025-11-18 22:13:19,547: -PUB [/place/cancel] /move_group_commander_wrappers_1763500385486595039 http://127.0.0.1:42857/
[rosmaster.master][INFO] 2025-11-18 22:13:19,548: -PUB [/place/goal] /move_group_commander_wrappers_1763500385486595039 http://127.0.0.1:42857/
[rosmaster.master][INFO] 2025-11-18 22:13:19,554: -SUB [/place/feedback] /move_group_commander_wrappers_1763500385486595039 http://127.0.0.1:42857/
[rosmaster.master][INFO] 2025-11-18 22:13:19,556: -SUB [/place/result] /move_group_commander_wrappers_1763500385486595039 http://127.0.0.1:42857/
[rosmaster.master][INFO] 2025-11-18 22:13:19,557: -SUB [/pickup/status] /move_group_commander_wrappers_1763500385486595039 http://127.0.0.1:42857/
[rosmaster.master][INFO] 2025-11-18 22:13:19,559: -PUB [/pickup/cancel] /move_group_commander_wrappers_1763500385486595039 http://127.0.0.1:42857/
[rosmaster.master][INFO] 2025-11-18 22:13:19,560: -PUB [/pickup/goal] /move_group_commander_wrappers_1763500385486595039 http://127.0.0.1:42857/
[rosmaster.master][INFO] 2025-11-18 22:13:19,562: -SUB [/pickup/feedback] /move_group_commander_wrappers_1763500385486595039 http://127.0.0.1:42857/
[rosmaster.master][INFO] 2025-11-18 22:13:19,563: -SUB [/pickup/result] /move_group_commander_wrappers_1763500385486595039 http://127.0.0.1:42857/
[rosmaster.master][INFO] 2025-11-18 22:13:19,564: -SUB [/execute_trajectory/status] /move_group_commander_wrappers_1763500385486595039 http://127.0.0.1:42857/
[rosmaster.master][INFO] 2025-11-18 22:13:19,566: -PUB [/execute_trajectory/cancel] /move_group_commander_wrappers_1763500385486595039 http://127.0.0.1:42857/
[rosmaster.master][INFO] 2025-11-18 22:13:19,573: -PUB [/execute_trajectory/goal] /move_group_commander_wrappers_1763500385486595039 http://127.0.0.1:42857/
[rosmaster.master][INFO] 2025-11-18 22:13:19,578: -SUB [/execute_trajectory/feedback] /move_group_commander_wrappers_1763500385486595039 http://127.0.0.1:42857/
[rosmaster.master][INFO] 2025-11-18 22:13:19,581: -SUB [/execute_trajectory/result] /move_group_commander_wrappers_1763500385486595039 http://127.0.0.1:42857/
[rosmaster.master][INFO] 2025-11-18 22:13:19,582: -SUB [/move_group/status] /move_group_commander_wrappers_1763500385486595039 http://127.0.0.1:42857/
[rosmaster.master][INFO] 2025-11-18 22:13:19,583: publisherUpdate[/planning_scene] -> http://127.0.0.1:34371/ []
[rosmaster.master][INFO] 2025-11-18 22:13:19,584: -PUB [/move_group/cancel] /move_group_commander_wrappers_1763500385486595039 http://127.0.0.1:42857/
[rosmaster.master][INFO] 2025-11-18 22:13:19,597: publisherUpdate[/planning_scene] -> http://127.0.0.1:34371/ []: sec=0.01, result=[1, '', 0]
[rosmaster.master][INFO] 2025-11-18 22:13:19,591: -PUB [/move_group/goal] /move_group_commander_wrappers_1763500385486595039 http://127.0.0.1:42857/
[rosmaster.master][INFO] 2025-11-18 22:13:19,602: publisherUpdate[/attached_collision_object] -> http://127.0.0.1:34371/ ['http://127.0.0.1:33749/']
[rosmaster.master][INFO] 2025-11-18 22:13:19,615: -SUB [/move_group/feedback] /move_group_commander_wrappers_1763500385486595039 http://127.0.0.1:42857/
[rosmaster.master][INFO] 2025-11-18 22:13:19,621: -SUB [/move_group/result] /move_group_commander_wrappers_1763500385486595039 http://127.0.0.1:42857/
[rosmaster.master][INFO] 2025-11-18 22:13:19,621: publisherUpdate[/attached_collision_object] -> http://127.0.0.1:34371/ ['http://127.0.0.1:33749/']: sec=0.02, result=[1, '', 0]
[rosmaster.master][INFO] 2025-11-18 22:13:19,622: publisherUpdate[/trajectory_execution_event] -> http://127.0.0.1:34371/ ['http://127.0.0.1:33749/']
[rosmaster.master][INFO] 2025-11-18 22:13:19,624: -SUB [/tf_static] /move_group_commander_wrappers_1763500385486595039 http://127.0.0.1:42857/
[rosmaster.master][INFO] 2025-11-18 22:13:19,624: publisherUpdate[/trajectory_execution_event] -> http://127.0.0.1:34371/ ['http://127.0.0.1:33749/']: sec=0.00, result=[1, '', 0]
[rosmaster.master][INFO] 2025-11-18 22:13:19,625: publisherUpdate[/place/cancel] -> http://127.0.0.1:34371/ ['http://127.0.0.1:33749/']
[rosmaster.master][INFO] 2025-11-18 22:13:19,627: -SUB [/tf] /move_group_commander_wrappers_1763500385486595039 http://127.0.0.1:42857/
[rosmaster.master][INFO] 2025-11-18 22:13:19,627: publisherUpdate[/place/cancel] -> http://127.0.0.1:34371/ ['http://127.0.0.1:33749/']: sec=0.00, result=[1, '', 0]
[rosmaster.master][INFO] 2025-11-18 22:13:19,628: publisherUpdate[/place/goal] -> http://127.0.0.1:34371/ ['http://127.0.0.1:33749/']
[rosmaster.master][INFO] 2025-11-18 22:13:19,630: publisherUpdate[/place/goal] -> http://127.0.0.1:34371/ ['http://127.0.0.1:33749/']: sec=0.00, result=[1, '', 0]
[rosmaster.master][INFO] 2025-11-18 22:13:19,630: publisherUpdate[/pickup/cancel] -> http://127.0.0.1:34371/ ['http://127.0.0.1:33749/']
[rosmaster.master][INFO] 2025-11-18 22:13:19,632: publisherUpdate[/pickup/cancel] -> http://127.0.0.1:34371/ ['http://127.0.0.1:33749/']: sec=0.00, result=[1, '', 0]
[rosmaster.master][INFO] 2025-11-18 22:13:19,633: publisherUpdate[/pickup/goal] -> http://127.0.0.1:34371/ ['http://127.0.0.1:33749/']
[rosmaster.master][INFO] 2025-11-18 22:13:19,639: publisherUpdate[/pickup/goal] -> http://127.0.0.1:34371/ ['http://127.0.0.1:33749/']: sec=0.00, result=[1, '', 0]
[rosmaster.master][INFO] 2025-11-18 22:13:19,640: publisherUpdate[/execute_trajectory/cancel] -> http://127.0.0.1:34371/ ['http://127.0.0.1:33749/']
[rosmaster.master][INFO] 2025-11-18 22:13:19,646: publisherUpdate[/execute_trajectory/cancel] -> http://127.0.0.1:34371/ ['http://127.0.0.1:33749/']: sec=0.00, result=[1, '', 0]
[rosmaster.master][INFO] 2025-11-18 22:13:19,647: publisherUpdate[/execute_trajectory/goal] -> http://127.0.0.1:34371/ ['http://127.0.0.1:33749/']
[rosmaster.master][INFO] 2025-11-18 22:13:19,652: publisherUpdate[/execute_trajectory/goal] -> http://127.0.0.1:34371/ ['http://127.0.0.1:33749/']: sec=0.00, result=[1, '', 0]
[rosmaster.master][INFO] 2025-11-18 22:13:19,653: publisherUpdate[/move_group/cancel] -> http://127.0.0.1:34371/ ['http://127.0.0.1:33749/']
[rosmaster.master][INFO] 2025-11-18 22:13:19,655: publisherUpdate[/move_group/cancel] -> http://127.0.0.1:34371/ ['http://127.0.0.1:33749/']: sec=0.00, result=[1, '', 0]
[rosmaster.master][INFO] 2025-11-18 22:13:19,655: publisherUpdate[/move_group/goal] -> http://127.0.0.1:34371/ ['http://127.0.0.1:33749/']
[rosmaster.master][INFO] 2025-11-18 22:13:19,656: publisherUpdate[/move_group/goal] -> http://127.0.0.1:34371/ ['http://127.0.0.1:33749/']: sec=0.00, result=[1, '', 0]
